timestamp,actual,prediction,error,absolute_error,squared_error
2001-06-10 09:00:00,25718.0,25437.88580212079,280.11419787921113,280.11419787921113,78463.96385351385
2001-06-10 10:00:00,27213.0,26862.59692321393,350.4030767860713,350.4030767860713,122782.31622114539
2001-06-10 11:00:00,28267.0,28089.805119204837,177.19488079516304,177.19488079516304,31398.02578001204
2001-06-10 12:00:00,28845.0,28735.99230732632,109.00769267368014,109.00769267368014,11882.677062039498
2001-06-10 13:00:00,29061.0,29058.15212111013,2.847878889868298,2.847878889868298,8.110414171357489
2001-06-10 14:00:00,29329.0,29064.886319548554,264.11368045144627,264.11368045144627,69756.03620160867
2001-06-10 15:00:00,29576.0,29483.002437177995,92.99756282200542,92.99756282200542,8648.546690832845
2001-06-10 16:00:00,29926.0,29826.58739248034,99.4126075196582,99.4126075196582,9882.866533857601
2001-06-10 17:00:00,30384.0,30099.2290356153,284.7709643847011,284.7709643847011,81094.50215659269
2001-06-10 18:00:00,30328.0,29990.422859992796,337.57714000720443,337.57714000720443,113958.3254554437
2001-06-10 19:00:00,29944.0,30079.39860970902,-135.3986097090201,135.3986097090201,18332.78351113555
2001-06-10 20:00:00,30358.0,30044.960893865842,313.0391061341579,313.0391061341579,97993.48196927259
2001-06-10 21:00:00,30961.0,30365.865305190207,595.1346948097926,595.1346948097926,354185.30496634496
2001-06-10 22:00:00,29177.0,29349.09427588702,-172.09427588701874,172.09427588701874,29616.43979307732
2001-06-10 23:00:00,26590.0,26891.056435840415,-301.05643584041536,301.05643584041536,90634.97756093413
2001-06-11 00:00:00,24371.0,24262.043468523745,108.9565314762549,108.9565314762549,11871.525751336123
2001-06-11 01:00:00,23054.0,23102.86338342245,-48.86338342244926,48.86338342244926,2387.630239489289
2001-06-11 02:00:00,22322.0,22102.446779291306,219.55322070869443,219.55322070869443,48203.616723560684
2001-06-11 03:00:00,22122.0,21865.81496181714,256.185038182859,256.185038182859,65630.77378875292
2001-06-11 04:00:00,22387.0,22263.2767206891,123.72327931089967,123.72327931089967,15307.449843442895
2001-06-11 05:00:00,23702.0,23819.150917104187,-117.1509171041871,117.1509171041871,13724.337378352118
2001-06-11 06:00:00,26620.0,26596.99638280844,23.003617191559897,23.003617191559897,529.1664038958301
2001-06-11 07:00:00,30130.0,29741.877931574665,388.1220684253349,388.1220684253349,150638.7399987603
2001-06-11 08:00:00,32315.0,32090.4539076856,224.54609231439827,224.54609231439827,50420.947573666264
2001-06-11 09:00:00,34143.0,33972.37550288172,170.6244971182823,170.6244971182823,29112.719016866726
2001-06-11 10:00:00,35710.0,35790.33021149605,-80.33021149605338,80.33021149605338,6452.942879000667
2001-06-11 11:00:00,36771.0,36775.79399271849,-4.793992718492518,4.793992718492518,22.982366184959286
2001-06-11 12:00:00,37442.0,37561.287849657,-119.28784965699742,119.28784965699742,14229.59107579042
2001-06-11 13:00:00,38125.0,38193.88022673718,-68.88022673717933,68.88022673717933,4744.485635365234
2001-06-11 14:00:00,38713.0,38673.588220828016,39.41177917198365,39.41177917198365,1553.2883375012045
2001-06-11 15:00:00,39141.0,39330.6884079273,-189.68840792730043,189.68840792730043,35981.69210199393
2001-06-11 16:00:00,39406.0,39449.099720461556,-43.09972046155599,43.09972046155599,1857.585903864268
2001-06-11 17:00:00,39133.0,39205.29092310625,-72.29092310625128,72.29092310625128,5225.977563553936
2001-06-11 18:00:00,38113.0,38089.97673524591,23.023264754090633,23.023264754090633,530.0707199369521
2001-06-11 19:00:00,37280.0,37037.354925597516,242.64507440248417,242.64507440248417,58876.632131787075
2001-06-11 20:00:00,37357.0,36770.8481591907,586.1518408093034,586.1518408093034,343573.9804841349
2001-06-11 21:00:00,37476.0,36753.443220643385,722.5567793566152,722.5567793566152,522088.2993942042
2001-06-11 22:00:00,34581.0,34452.170757378946,128.8292426210537,128.8292426210537,16596.97375431432
2001-06-11 23:00:00,30864.0,31146.296761786878,-282.29676178687805,282.29676178687805,79691.46171535738
2001-06-12 00:00:00,28083.0,27838.305459193853,244.69454080614742,244.69454080614742,59875.418300331345
2001-06-12 01:00:00,26556.0,26302.188620507102,253.8113794928977,253.8113794928977,64420.216360087725
2001-06-12 02:00:00,25464.0,25654.342651330448,-190.34265133044755,190.34265133044755,36230.32491550433
2001-06-12 03:00:00,24844.0,24959.76355794074,-115.7635579407397,115.7635579407397,13401.201347098999
2001-06-12 04:00:00,24824.0,24784.288839158966,39.71116084103414,39.71116084103414,1576.9762953424836
2001-06-12 05:00:00,26008.0,25821.917361184715,186.08263881528546,186.08263881528546,34626.748468459984
2001-06-12 06:00:00,28990.0,28780.09615899062,209.90384100938172,209.90384100938172,44059.6224704918
2001-06-12 07:00:00,32354.0,32162.41314842655,191.58685157345099,191.58685157345099,36705.52169582754
2001-06-12 08:00:00,34684.0,34827.013808681106,-143.01380868110573,143.01380868110573,20452.949473475914
2001-06-12 09:00:00,36603.0,36273.894538515175,329.10546148482536,329.10546148482536,108310.40477913986
2001-06-12 10:00:00,38263.0,38334.38242849617,-71.38242849616654,71.38242849616654,5095.451098010329
2001-06-12 11:00:00,39492.0,39605.06336353444,-113.06336353444203,113.06336353444203,12783.324173721396
2001-06-12 12:00:00,40402.0,40472.75400880644,-70.75400880644156,70.75400880644156,5006.12976218201
2001-06-12 13:00:00,41298.0,41177.923188161716,120.0768118382839,120.0768118382839,14418.440741246637
2001-06-12 14:00:00,42266.0,42005.28741107328,260.71258892671904,260.71258892671904,67971.05402487238
2001-06-12 15:00:00,42985.0,42770.1950923251,214.8049076749012,214.8049076749012,46141.148361222826
2001-06-12 16:00:00,43512.0,43544.99605172811,-32.99605172810698,32.99605172810698,1088.7394296439113
2001-06-12 17:00:00,43320.0,43175.62729218831,144.37270781169354,144.37270781169354,20843.478760880636
2001-06-12 18:00:00,42225.0,41977.00192585268,247.99807414731913,247.99807414731913,61503.0447807792
2001-06-12 19:00:00,40823.0,40955.69244976404,-132.69244976404298,132.69244976404298,17607.286224383068
2001-06-12 20:00:00,40675.0,40241.66531706964,433.33468293036276,433.33468293036276,187778.94743035804
2001-06-12 21:00:00,40031.0,40029.54031567567,1.4596843243270996,1.4596843243270996,2.1306783266862612
2001-06-12 22:00:00,36772.0,36847.1330708037,-75.1330708036985,75.1330708036985,5644.978328393572
2001-06-12 23:00:00,33119.0,33125.27938448945,-6.279384489447693,6.279384489447693,39.43066956631627
2001-06-13 00:00:00,30150.0,30002.81378107008,147.18621892992087,147.18621892992087,21663.783042886596
2001-06-13 01:00:00,28621.0,28315.922485749557,305.0775142504426,305.0775142504426,93072.28970122902
2001-06-13 02:00:00,27401.0,27471.833991581545,-70.83399158154498,70.83399158154498,5017.454363374385
2001-06-13 03:00:00,26570.0,26694.13634471054,-124.13634471053956,124.13634471053956,15409.832078093903
2001-06-13 04:00:00,26502.0,26612.876488710794,-110.87648871079364,110.87648871079364,12293.595748834749
2001-06-13 05:00:00,27668.0,27830.500868064515,-162.5008680645151,162.5008680645151,26406.53212172094
2001-06-13 06:00:00,30643.0,30436.17863857515,206.82136142484887,206.82136142484887,42775.075541627964
2001-06-13 07:00:00,34392.0,33926.73591973844,465.26408026155696,465.26408026155696,216470.66438163252
2001-06-13 08:00:00,36996.0,36941.43776780201,54.56223219798994,54.56223219798994,2977.03718242737
2001-06-13 09:00:00,39126.0,38999.547089221785,126.45291077821457,126.45291077821457,15990.338644283096
2001-06-13 10:00:00,41222.0,40964.72132173101,257.2786782689873,257.2786782689873,66192.31829183707
2001-06-13 11:00:00,42839.0,42529.63051266489,309.36948733511235,309.36948733511235,95709.47969399024
2001-06-13 12:00:00,43855.0,43833.35390200483,21.646097995173477,21.646097995173477,468.55355841665323
2001-06-13 13:00:00,44834.0,44610.33768510558,223.66231489441998,223.66231489441998,50024.83110393068
2001-06-13 14:00:00,45827.0,45408.90351494748,418.0964850525197,418.0964850525197,174804.67081327183
2001-06-13 15:00:00,46438.0,46145.49398522668,292.50601477331656,292.50601477331656,85559.76867856769
2001-06-13 16:00:00,46937.0,46553.11998987478,383.88001012522,383.88001012522,147363.862173739
2001-06-13 17:00:00,46663.0,46613.283314454035,49.71668554596545,49.71668554596545,2471.7488216764095
2001-06-13 18:00:00,45416.0,44961.68626492912,454.31373507087847,454.31373507087847,206400.96987405236
2001-06-13 19:00:00,43834.0,43768.46628399229,65.53371600771061,65.53371600771061,4294.667933779266
2001-06-13 20:00:00,43064.0,43437.27265239617,-373.27265239616827,373.27265239616827,139332.47302687066
2001-06-13 21:00:00,42599.0,41838.78402326571,760.2159767342891,760.2159767342891,577928.3312820692
2001-06-13 22:00:00,39090.0,39144.8258036636,-54.82580366360344,54.82580366360344,3005.868747359992
2001-06-13 23:00:00,35104.0,35083.82837938572,20.171620614280982,20.171620614280982,406.89427820648547
2001-06-14 00:00:00,31839.0,31624.501127222637,214.49887277736343,214.49887277736343,46009.766422759545
2001-06-14 01:00:00,29922.0,29753.78933900601,168.21066099399104,168.21066099399104,28294.82647203538
2001-06-14 02:00:00,28578.0,28605.32007764551,-27.320077645508718,27.320077645508718,746.3866425566251
2001-06-14 03:00:00,27807.0,27794.46491300225,12.535086997748294,12.535086997748294,157.12840604111835
2001-06-14 04:00:00,27827.0,27574.147340981985,252.8526590180154,252.8526590180154,63934.46717248076
2001-06-14 05:00:00,29136.0,28717.191172359737,418.8088276402632,418.8088276402632,175400.8341094117
2001-06-14 06:00:00,31828.0,31649.524155475196,178.47584452480442,178.47584452480442,31853.627078842157
2001-06-14 07:00:00,35061.0,34819.36734100929,241.6326589907112,241.6326589907112,58386.34189092133
2001-06-14 08:00:00,36950.0,37542.60753670441,-592.6075367044104,592.6075367044104,351183.6925588692
2001-06-14 09:00:00,38278.0,38481.121453576256,-203.1214535762556,203.1214535762556,41258.32490293095
2001-06-14 10:00:00,39628.0,39844.38489689669,-216.38489689669223,216.38489689669223,46822.423604992124
2001-06-14 11:00:00,40682.0,40813.64940052547,-131.64940052547172,131.64940052547172,17331.564658716074
2001-06-14 12:00:00,41719.0,41614.41999867396,104.58000132603775,104.58000132603775,10936.976677354056
2001-06-14 13:00:00,42964.0,42379.60839565915,584.3916043408535,584.3916043408535,341513.5472240767
2001-06-14 14:00:00,44132.0,43274.49587223923,857.504127760767,857.504127760767,735313.3291267538
2001-06-14 15:00:00,45200.0,44185.94281096268,1014.0571890373176,1014.0571890373176,1028311.982638266
2001-06-14 16:00:00,45682.0,45095.64840486042,586.3515951395821,586.3515951395821,343808.19312273234
2001-06-14 17:00:00,45515.0,44949.71874245991,565.2812575400894,565.2812575400894,319542.9001261049
2001-06-14 18:00:00,44342.0,43988.39430441031,353.6056955896929,353.6056955896929,125036.98795347057
2001-06-14 19:00:00,42730.0,42799.60626657785,-69.60626657785178,69.60626657785178,4845.032346906966
2001-06-14 20:00:00,41733.0,42118.350428701786,-385.35042870178586,385.35042870178586,148494.95290065015
2001-06-14 21:00:00,41405.0,40757.76748183571,647.2325181642882,647.2325181642882,418909.9325692856
2001-06-14 22:00:00,38316.0,38035.9251294789,280.0748705211008,280.0748705211008,78441.93309741138
2001-06-14 23:00:00,34426.0,34829.27229688563,-403.2722968856324,403.2722968856324,162628.54543541363
2001-06-15 00:00:00,31259.0,31384.186445780033,-125.18644578003295,125.18644578003295,15671.64620703713
2001-06-15 01:00:00,29637.0,29380.632889813507,256.36711018649294,256.36711018649294,65724.09518537342
2001-06-15 02:00:00,28533.0,28417.859533318046,115.14046668195442,115.14046668195442,13257.327067738257
2001-06-15 03:00:00,27606.0,27705.82684154029,-99.82684154028902,99.82684154028902,9965.398291909974
2001-06-15 04:00:00,27783.0,27413.157938536322,369.84206146367796,369.84206146367796,136783.15042770296
2001-06-15 05:00:00,29013.0,28939.96801862478,73.03198137522122,73.03198137522122,5333.670303590659
2001-06-15 06:00:00,31766.0,31582.19996311311,183.80003688688885,183.80003688688885,33782.4535596217
2001-06-15 07:00:00,35000.0,34802.29328574107,197.70671425892942,197.70671425892942,39087.944863061966
2001-06-15 08:00:00,37030.0,37511.2997377346,-481.2997377345964,481.2997377345964,231649.4375433913
2001-06-15 09:00:00,38440.0,38645.414835809344,-205.41483580934437,205.41483580934437,42195.25477057991
2001-06-15 10:00:00,39817.0,39929.52717687115,-112.52717687114637,112.52717687114637,12662.365534590257
2001-06-15 11:00:00,41047.0,41030.312597656346,16.687402343653957,16.687402343653957,278.46939697898756
2001-06-15 12:00:00,42101.0,41764.51149807381,336.48850192619284,336.48850192619284,113224.51192853348
2001-06-15 13:00:00,43171.0,42905.80829212282,265.1917078771803,265.1917078771803,70326.64192681573
2001-06-15 14:00:00,43724.0,43817.80702798822,-93.80702798822313,93.80702798822313,8799.758499983276
2001-06-15 15:00:00,43949.0,43918.89872017035,30.101279829650593,30.101279829650593,906.0870473829297
2001-06-15 16:00:00,43939.0,43901.08970292063,37.91029707936832,37.91029707936832,1437.190624645962
2001-06-15 17:00:00,43263.0,43305.37984356735,-42.37984356735251,42.37984356735251,1796.05114079327
2001-06-15 18:00:00,41847.0,41520.305949829664,326.6940501703357,326.6940501703357,106729.00241669781
2001-06-15 19:00:00,40253.0,40336.0633864567,-83.06338645669894,83.06338645669894,6899.526169654916
2001-06-15 20:00:00,39324.0,39462.2207960234,-138.2207960234009,138.2207960234009,19104.9884533426
2001-06-15 21:00:00,39304.0,38769.078532383566,534.9214676164338,534.9214676164338,286140.97651691944
2001-06-15 22:00:00,36886.0,36216.701460141616,669.2985398583842,669.2985398583842,447960.5354565651
2001-06-15 23:00:00,33817.0,33898.819848529274,-81.81984852927417,81.81984852927417,6694.487613353368
2001-06-16 00:00:00,31044.0,30966.660968654036,77.33903134596403,77.33903134596403,5981.325769532007
2001-06-16 01:00:00,29117.0,29118.088493502517,-1.0884935025169398,1.0884935025169398,1.1848181050215951
2001-06-16 02:00:00,27835.0,27759.170626903808,75.82937309619228,75.82937309619228,5750.09382416153
2001-06-16 03:00:00,26956.0,26699.126995201073,256.87300479892656,256.87300479892656,65983.74059442934
2001-06-16 04:00:00,26606.0,26831.84041103193,-225.84041103193158,225.84041103193158,51003.8912550718
2001-06-16 05:00:00,26824.0,27069.429750507847,-245.42975050784662,245.42975050784662,60235.76243434384
2001-06-16 06:00:00,27332.0,28049.16002793493,-717.1600279349295,717.1600279349295,514318.5056676289
2001-06-16 07:00:00,29283.0,29111.516396738793,171.48360326120746,171.48360326120746,29406.626187447204
2001-06-16 08:00:00,31917.0,31902.598941122145,14.401058877854666,14.401058877854666,207.3904968034367
2001-06-16 09:00:00,34427.0,34240.24633362472,186.7536663752835,186.7536663752835,34876.9319046107
2001-06-16 10:00:00,35912.0,36062.824498895636,-150.82449889563577,150.82449889563577,22748.029467119635
2001-06-16 11:00:00,36626.0,36789.226922886395,-163.2269228863952,163.2269228863952,26643.0283549612
2001-06-16 12:00:00,37043.0,37103.9071692466,-60.90716924660228,60.90716924660228,3709.6832656342544
2001-06-16 13:00:00,36905.0,37006.52391156958,-101.52391156958038,101.52391156958038,10307.104620387976
2001-06-16 14:00:00,36595.0,36736.79347223077,-141.7934722307691,141.7934722307691,20105.38876725789
2001-06-16 15:00:00,36212.0,36347.77003046581,-135.77003046580649,135.77003046580649,18433.50117268602
2001-06-16 16:00:00,35784.0,36057.40444715122,-273.404447151217,273.404447151217,74749.99172206262
2001-06-16 17:00:00,35324.0,35368.96195889282,-44.961958892818075,44.961958892818075,2021.5777474794625
2001-06-16 18:00:00,34767.0,34453.224180495716,313.7758195042843,313.7758195042843,98455.2649055852
2001-06-16 19:00:00,34245.0,33569.85204937888,675.1479506211181,675.1479506211181,455824.7552278957
2001-06-16 20:00:00,34511.0,33779.184630695345,731.8153693046552,731.8153693046552,535553.7347505088
2001-06-16 21:00:00,34522.0,34570.456537068276,-48.45653706827579,48.45653706827579,2348.035984649186
2001-06-16 22:00:00,32780.0,32498.759809905067,281.2401900949335,281.2401900949335,79096.04452463433
2001-06-16 23:00:00,30256.0,30152.322771124167,103.67722887583295,103.67722887583295,10748.96778737185
2001-06-17 00:00:00,28092.0,27701.50274781714,390.4972521828604,390.4972521828604,152488.10396236446
2001-06-17 01:00:00,26514.0,26440.96688936245,73.03311063754882,73.03311063754882,5333.835249396446
2001-06-17 02:00:00,25415.0,25600.68043189376,-185.68043189376112,185.68043189376112,34477.22278825366
2001-06-17 03:00:00,24346.0,24737.475401104228,-391.4754011042278,391.4754011042278,153252.98966971601
2001-06-17 04:00:00,23864.0,24113.32703346598,-249.32703346597918,249.32703346597918,62163.969616945506
2001-06-17 05:00:00,23423.0,23888.12824437911,-465.1282443791097,465.1282443791097,216344.28371919278
2001-06-17 06:00:00,23239.0,23565.711896357374,-326.7118963573739,326.7118963573739,106740.66322143143
2001-06-17 07:00:00,24390.0,24278.238238104357,111.76176189564285,111.76176189564285,12490.691422018366
2001-06-17 08:00:00,26584.0,26848.910217633962,-264.910217633962,264.910217633962,70177.42340687312
2001-06-17 09:00:00,28490.0,28924.106685977276,-434.10668597727636,434.10668597727636,188448.61481017363
2001-06-17 10:00:00,30079.0,30689.416197444567,-610.4161974445669,610.4161974445669,372607.93410268455
2001-06-17 11:00:00,30945.0,31512.2743321076,-567.2743321076014,567.2743321076014,321800.1678681252
2001-06-17 12:00:00,31352.0,31723.252698292483,-371.2526982924828,371.2526982924828,137828.56598944927
2001-06-17 13:00:00,31749.0,31692.71229026655,56.28770973344945,56.28770973344945,3168.3062670370596
2001-06-17 14:00:00,32101.0,32193.244010795577,-92.2440107955772,92.2440107955772,8508.957527654562
2001-06-17 15:00:00,32745.0,32542.316618054116,202.68338194588432,202.68338194588432,41080.55331702123
2001-06-17 16:00:00,33744.0,33334.48598729551,409.51401270448696,409.51401270448696,167701.7266013307
2001-06-17 17:00:00,34389.0,34387.588739146995,1.4112608530049329,1.4112608530049329,1.9916571952242108
2001-06-17 18:00:00,34366.0,34303.00991135563,62.99008864437201,62.99008864437201,3967.7512674258433
2001-06-17 19:00:00,33649.0,34000.87388810463,-351.87388810463017,351.87388810463017,123815.2331298698
2001-06-17 20:00:00,33407.0,33733.5526644221,-326.5526644221027,326.5526644221027,106636.6426411744
2001-06-17 21:00:00,34349.0,33548.50219967503,800.4978003249707,800.4978003249707,640796.7283251167
2001-06-17 22:00:00,32732.0,32931.12894980375,-199.1289498037513,199.1289498037513,39652.33864994491
2001-06-17 23:00:00,29670.0,30680.36166217847,-1010.3616621784713,1010.3616621784713,1020830.6884000434
2001-06-18 00:00:00,27053.0,27637.32661581738,-584.3266158173792,584.3266158173792,341437.59395259107
2001-06-18 01:00:00,25251.0,25818.99599381888,-567.9959938188804,567.9959938188804,322619.4489942976
2001-06-18 02:00:00,24264.0,24556.74372829725,-292.7437282972496,292.7437282972496,85698.89045737391
2001-06-18 03:00:00,23710.0,23884.360695728115,-174.3606957281154,174.3606957281154,30401.652214792437
2001-06-18 04:00:00,23851.0,24153.40620564506,-302.40620564506025,302.40620564506025,91449.51321264247
2001-06-18 05:00:00,24854.0,25089.835910314276,-235.83591031427568,235.83591031427568,55618.57659376308
2001-06-18 06:00:00,27407.0,26813.7821265298,593.2178734701993,593.2178734701993,351907.44540450536
2001-06-18 07:00:00,31134.0,30474.933054080044,659.0669459199562,659.0669459199562,434369.2392042585
2001-06-18 08:00:00,33878.0,34057.529147474335,-179.52914747433533,179.52914747433533,32230.714792861643
2001-06-18 09:00:00,35729.0,36007.87981231142,-278.8798123114175,278.8798123114175,77773.94971485143
2001-06-18 10:00:00,37337.0,37554.89054399849,-217.89054399848828,217.89054399848828,47476.28916395716
2001-06-18 11:00:00,38466.0,38959.713119161315,-493.71311916131526,493.71311916131526,243752.6440319951
2001-06-18 12:00:00,39313.0,39558.05764791652,-245.05764791651745,245.05764791651745,60053.25080237583
2001-06-18 13:00:00,40185.0,40151.92601546892,33.073984531081805,33.073984531081805,1093.8884527622386
2001-06-18 14:00:00,40992.0,40931.90327756795,60.09672243204841,60.09672243204841,3611.6160470746704
2001-06-18 15:00:00,41689.0,41383.75811857639,305.241881423608,305.241881423608,93172.60617502396
2001-06-18 16:00:00,42316.0,41932.01026651693,383.98973348306754,383.98973348306754,147448.11542039723
2001-06-18 17:00:00,42329.0,41834.39089378489,494.60910621510993,494.60910621510993,244638.1679509099
2001-06-18 18:00:00,41547.0,41327.998048850546,219.00195114945382,219.00195114945382,47961.85460726776
2001-06-18 19:00:00,39821.0,40443.96199615615,-622.9619961561475,622.9619961561475,388081.64865485195
2001-06-18 20:00:00,38664.0,39423.117372739245,-759.1173727392452,759.1173727392452,576259.1855945342
2001-06-18 21:00:00,38480.0,38183.405676720526,296.59432327947434,296.59432327947434,87968.19260160933
2001-06-18 22:00:00,35372.0,35516.82629139101,-144.82629139100754,144.82629139100754,20974.654678073024
2001-06-18 23:00:00,31801.0,31932.433722899113,-131.4337228991135,131.4337228991135,17274.82351512095
2001-06-19 00:00:00,28725.0,28907.887100631397,-182.8871006313966,182.8871006313966,33447.691577358586
2001-06-19 01:00:00,26638.0,26946.170603218663,-308.170603218663,308.170603218663,94969.12068815464
2001-06-19 02:00:00,25485.0,25769.173551034546,-284.1735510345461,284.1735510345461,80754.60710758378
2001-06-19 03:00:00,24719.0,24910.45206329811,-191.45206329811117,191.45206329811117,36653.89254110397
2001-06-19 04:00:00,24778.0,24489.47558715582,288.5244128441809,288.5244128441809,83246.33680707935
2001-06-19 05:00:00,26049.0,25643.373993410358,405.6260065896422,405.6260065896422,164532.45722186047
2001-06-19 06:00:00,28608.0,28447.589154267687,160.41084573231274,160.41084573231274,25731.639428555834
2001-06-19 07:00:00,32392.0,31657.453222205884,734.5467777941158,734.5467777941158,539558.9687677181
2001-06-19 08:00:00,35480.0,35083.2328276603,396.76717233969975,396.76717233969975,157424.189046441
2001-06-19 09:00:00,37770.0,37698.637052825325,71.36294717467536,71.36294717467536,5092.670229455505
2001-06-19 10:00:00,39850.0,40018.83679699687,-168.83679699686763,168.83679699686763,28505.86402016149
2001-06-19 11:00:00,41529.0,41687.222192648915,-158.22219264891464,158.22219264891464,25034.26224663026
2001-06-19 12:00:00,42658.0,42746.391722114255,-88.39172211425466,88.39172211425466,7813.096538323617
2001-06-19 13:00:00,43917.0,43646.072902067535,270.9270979324647,270.9270979324647,73401.4923941073
2001-06-19 14:00:00,44791.0,44793.678602327345,-2.6786023273452884,2.6786023273452884,7.1749104280595954
2001-06-19 15:00:00,45511.0,45352.49370868768,158.50629131231835,158.50629131231835,25124.244385585527
2001-06-19 16:00:00,46165.0,45402.79707062222,762.2029293777814,762.2029293777814,580953.3055520712
2001-06-19 17:00:00,46128.0,46196.66252675125,-68.66252675124997,68.66252675124997,4714.542579866118
2001-06-19 18:00:00,44782.0,44976.30800662408,-194.30800662408,194.30800662408,37755.60143822352
2001-06-19 19:00:00,42894.0,43171.17982701011,-277.1798270101135,277.1798270101135,76828.65650135645
2001-06-19 20:00:00,41775.0,42157.32966231965,-382.3296623196511,382.3296623196511,146175.97068945845
2001-06-19 21:00:00,41396.0,41355.66171641269,40.33828358731262,40.33828358731262,1627.1771227704544
2001-06-19 22:00:00,37564.0,38355.54223459813,-791.5422345981278,791.5422345981278,626539.1091525976
2001-06-19 23:00:00,33660.0,34234.432380324215,-574.432380324215,574.432380324215,329972.55956494366
2001-06-20 00:00:00,30336.0,30628.599946422022,-292.5999464220222,292.5999464220222,85614.72864617026
2001-06-20 01:00:00,28454.0,28495.77528400654,-41.77528400654046,41.77528400654046,1745.174353827115
2001-06-20 02:00:00,27110.0,27180.53817473126,-70.53817473126037,70.53817473126037,4975.634094417819
2001-06-20 03:00:00,26411.0,26247.416353977624,163.58364602237634,163.58364602237634,26759.609245974123
2001-06-20 04:00:00,26298.0,26181.039675236207,116.96032476379332,116.96032476379332,13679.717568852006
2001-06-20 05:00:00,27481.0,27336.482822364716,144.5171776352836,144.5171776352836,20885.21463166811
2001-06-20 06:00:00,29978.0,29645.279933568036,332.72006643196437,332.72006643196437,110702.64260649079
2001-06-20 07:00:00,33698.0,32801.995895138105,896.004104861895,896.004104861895,802823.3559293657
2001-06-20 08:00:00,36732.0,36011.74250850598,720.2574914940196,720.2574914940196,518770.8540532578
2001-06-20 09:00:00,39293.0,38620.23364235892,672.7663576410778,672.7663576410778,452614.57197364257
2001-06-20 10:00:00,41554.0,41344.48136532899,209.51863467101066,209.51863467101066,43898.05827440443
2001-06-20 11:00:00,43506.0,43223.196303143224,282.8036968567758,282.8036968567758,79977.93095585913
2001-06-20 12:00:00,45219.0,44320.16173031852,898.8382696814806,898.8382696814806,807910.235043998
2001-06-20 13:00:00,47012.0,45981.61268546385,1030.3873145361504,1030.3873145361504,1061698.0179570196
2001-06-20 14:00:00,47399.0,47173.18667579226,225.81332420773833,225.81332420773833,50991.65738974914
2001-06-20 15:00:00,48042.0,47082.90189546348,959.0981045365188,959.0981045365188,919869.1741255431
2001-06-20 16:00:00,48410.0,48030.20168057134,379.7983194286571,379.7983194286571,144246.76344083226
2001-06-20 17:00:00,47728.0,47809.77854203619,-81.77854203619063,81.77854203619063,6687.729937564998
2001-06-20 18:00:00,46289.0,47075.67403517315,-786.6740351731496,786.6740351731496,618856.0376156059
2001-06-20 19:00:00,43677.0,44702.97341002993,-1025.973410029932,1025.973410029932,1052621.4380884469
2001-06-20 20:00:00,42039.0,43175.15755025898,-1136.1575502589767,1136.1575502589767,1290853.979010479
2001-06-20 21:00:00,40800.0,41377.94382928474,-577.9438292847408,577.9438292847408,334019.0698083096
2001-06-20 22:00:00,37511.0,37449.981510971535,61.01848902846541,61.01848902846541,3723.256003316954
2001-06-20 23:00:00,33842.0,34307.56564530156,-465.56564530156174,465.56564530156174,216751.3700850596
2001-06-21 00:00:00,30894.0,30843.087643983137,50.91235601686276,50.91235601686276,2592.0679951877814
2001-06-21 01:00:00,28748.0,29151.229519527733,-403.2295195277329,403.2295195277329,162594.04541856635
2001-06-21 02:00:00,27538.0,27645.075687518973,-107.0756875189727,107.0756875189727,11465.202857660686
2001-06-21 03:00:00,26756.0,26599.51683836572,156.48316163428171,156.48316163428171,24486.979875060737
2001-06-21 04:00:00,26737.0,26535.289452307068,201.71054769293187,201.71054769293187,40687.14505058254
2001-06-21 05:00:00,27821.0,27857.306449889864,-36.30644988986387,36.30644988986387,1318.1583036051964
2001-06-21 06:00:00,30475.0,29925.32267431002,549.6773256899796,549.6773256899796,302145.1623776879
2001-06-21 07:00:00,33895.0,33348.76109123342,546.2389087665797,546.2389087665797,298376.9454505038
2001-06-21 08:00:00,35973.0,36386.93793781298,-413.93793781298154,413.93793781298154,171344.6163608638
2001-06-21 09:00:00,37892.0,37545.2712165437,346.72878345630306,346.72878345630306,120220.8492770879
2001-06-21 10:00:00,39632.0,39553.514708712224,78.48529128777591,78.48529128777591,6159.940948527033
2001-06-21 11:00:00,40819.0,40893.113925431244,-74.11392543124384,74.11392543124384,5492.873942827973
2001-06-21 12:00:00,40969.0,41433.1843856641,-464.18438566409895,464.18438566409895,215467.14389435697
2001-06-21 13:00:00,42254.0,41683.64692586961,570.3530741303912,570.3530741303912,325302.6291699875
2001-06-21 14:00:00,42712.0,42731.323209410395,-19.323209410395066,19.323209410395066,373.38642191798044
2001-06-21 15:00:00,42718.0,43015.150663105065,-297.1506631050652,297.1506631050652,88298.51658377994
2001-06-21 16:00:00,42287.0,42839.251229103655,-552.2512291036546,552.2512291036546,304981.42004649725
2001-06-21 17:00:00,41466.0,41596.41267144476,-130.41267144476296,130.41267144476296,17007.464873359695
2001-06-21 18:00:00,40039.0,39751.473488592936,287.5265114070644,287.5265114070644,82671.49476191674
2001-06-21 19:00:00,38597.0,38714.046644529284,-117.0466445292841,117.0466445292841,13699.91699556459
2001-06-21 20:00:00,38216.0,38259.34518488233,-43.34518488233152,43.34518488233152,1878.8050524835012
2001-06-21 21:00:00,37961.0,38273.283043121315,-312.28304312131513,312.28304312131513,97520.69902110916
2001-06-21 22:00:00,35202.0,35014.382180629815,187.61781937018532,187.61781937018532,35200.44614522348
2001-06-21 23:00:00,31964.0,31873.329007764194,90.6709922358059,90.6709922358059,8221.228833025574
2001-06-22 00:00:00,29400.0,29144.09130207782,255.90869792217927,255.90869792217927,65489.2616722252
2001-06-22 01:00:00,27715.0,27625.39548643078,89.6045135692184,89.6045135692184,8028.968851976244
2001-06-22 02:00:00,26812.0,26605.12761571503,206.87238428496858,206.87238428496858,42796.183379747716
2001-06-22 03:00:00,26152.0,26094.775249266397,57.22475073360329,57.22475073360329,3274.6720965230297
2001-06-22 04:00:00,26328.0,26066.87695683677,261.12304316322843,261.12304316322843,68185.24367082526
2001-06-22 05:00:00,27534.0,27653.46956938429,-119.46956938429139,119.46956938429139,14272.978008868015
2001-06-22 06:00:00,29974.0,30080.755967849243,-106.75596784924346,106.75596784924346,11396.836671428704
2001-06-22 07:00:00,33472.0,32778.82624419192,693.1737558080786,693.1737558080786,480489.85574107774
2001-06-22 08:00:00,36132.0,35888.624823076396,243.37517692360416,243.37517692360416,59231.47674259562
2001-06-22 09:00:00,37957.0,38033.32036760155,-76.32036760154733,76.32036760154733,5824.798510835316
2001-06-22 10:00:00,39702.0,39617.9775570538,84.02244294620323,84.02244294620323,7059.770918647977
2001-06-22 11:00:00,41055.0,40568.572509808,486.4274901919998,486.4274901919998,236611.70321448808
2001-06-22 12:00:00,41849.0,41698.181856221534,150.81814377846604,150.81814377846604,22746.112492782053
2001-06-22 13:00:00,42723.0,42559.64648002203,163.3535199779726,163.3535199779726,26684.3724891939
2001-06-22 14:00:00,43193.0,42855.88314871275,337.1168512872464,337.1168512872464,113647.7714218274
2001-06-22 15:00:00,43186.0,43391.11738117103,-205.11738117103232,205.11738117103232,42073.140058462566
2001-06-22 16:00:00,42857.0,43303.037746249174,-446.03774624917423,446.03774624917423,198949.67107904275
2001-06-22 17:00:00,41970.0,42129.99628954983,-159.996289549832,159.996289549832,25598.81266971368
2001-06-22 18:00:00,40145.0,40358.983057615966,-213.98305761596566,213.98305761596566,45788.74894667768
2001-06-22 19:00:00,38532.0,38421.136559000304,110.86344099969574,110.86344099969574,12290.70255029302
2001-06-22 20:00:00,37459.0,38210.3205954194,-751.3205954193982,751.3205954193982,564482.637101359
2001-06-22 21:00:00,36854.0,36785.559522061034,68.44047793896607,68.44047793896607,4684.0990205141015
2001-06-22 22:00:00,34534.0,34510.92661377107,23.07338622892712,23.07338622892712,532.3811520692436
2001-06-22 23:00:00,31566.0,31622.85017434796,-56.850174347961,56.850174347961,3231.942323393563
2001-06-23 00:00:00,28858.0,28793.533916643635,64.46608335636483,64.46608335636483,4155.8759033097795
2001-06-23 01:00:00,27219.0,27029.28080615451,189.71919384548892,189.71919384548892,35993.3725133822
2001-06-23 02:00:00,25992.0,25930.63662881058,61.36337118942174,61.36337118942174,3765.4633237307544
2001-06-23 03:00:00,25192.0,25045.932863804854,146.0671361951463,146.0671361951463,21335.60827625142
2001-06-23 04:00:00,25056.0,24560.855062973038,495.144937026962,495.144937026962,245168.50866343416
2001-06-23 05:00:00,25332.0,25568.574670893613,-236.57467089361307,236.57467089361307,55967.57490842134
2001-06-23 06:00:00,25931.0,25825.160209528207,105.8397904717931,105.8397904717931,11202.061247113064
2001-06-23 07:00:00,27740.0,27480.642183880704,259.35781611929633,259.35781611929633,67266.47678217072
2001-06-23 08:00:00,30327.0,30203.525494093978,123.47450590602239,123.47450590602239,15245.953608736358
2001-06-23 09:00:00,32705.0,32818.60455635634,-113.60455635633843,113.60455635633843,12905.995224920476
2001-06-23 10:00:00,34325.0,34150.196565137776,174.8034348622241,174.8034348622241,30556.24083963182
2001-06-23 11:00:00,35417.0,35482.9971054969,-65.99710549689917,65.99710549689917,4355.617933968838
2001-06-23 12:00:00,35887.0,35854.51385515682,32.48614484317659,32.48614484317659,1055.3496067718488
2001-06-23 13:00:00,35641.0,36070.3010544425,-429.30105444249784,429.30105444249784,184299.39534544048
2001-06-23 14:00:00,34667.0,35753.49556399202,-1086.4955639920227,1086.4955639920227,1180472.6105743435
2001-06-23 15:00:00,33835.0,34561.52506171973,-726.5250617197307,726.5250617197307,527838.6653068586
2001-06-23 16:00:00,33398.0,33727.313760102894,-329.31376010289387,329.31376010289387,108447.55259310633
2001-06-23 17:00:00,33149.0,32909.30504775644,239.6949522435607,239.6949522435607,57453.67013104284
2001-06-23 18:00:00,32822.0,32185.464763963708,636.5352360362922,636.5352360362922,405177.10671577824
2001-06-23 19:00:00,32229.0,31788.78209005268,440.21790994732146,440.21790994732146,193791.80823838804
2001-06-23 20:00:00,31856.0,32344.093929496266,-488.09392949626636,488.09392949626636,238235.68401110623
2001-06-23 21:00:00,32108.0,31518.551060551392,589.4489394486081,589.4489394486081,347450.05221708893
2001-06-23 22:00:00,30458.0,30446.734083242114,11.265916757885861,11.265916757885861,126.92088039561348
2001-06-23 23:00:00,27925.0,28125.950045238205,-200.95004523820535,200.95004523820535,40380.92068123678
2001-06-24 00:00:00,25682.0,25564.274817943933,117.72518205606684,117.72518205606684,13859.218490134082
2001-06-24 01:00:00,23884.0,24031.313797360857,-147.31379736085728,147.31379736085728,21701.354892875723
2001-06-24 02:00:00,22770.0,22967.764703606757,-197.7647036067574,197.7647036067574,39110.877992668604
2001-06-24 03:00:00,21914.0,22130.64814512122,-216.6481451212203,216.6481451212203,46936.41878446533
2001-06-24 04:00:00,21576.0,21731.83896538858,-155.8389653885788,155.8389653885788,24285.78313338266
2001-06-24 05:00:00,21441.0,21710.994316563992,-269.99431656399247,269.99431656399247,72896.93097685737
2001-06-24 06:00:00,21238.0,21603.349779819502,-365.34977981950215,365.34977981950215,133480.4616141587
2001-06-24 07:00:00,22653.0,22368.141249329332,284.8587506706681,284.8587506706681,81144.50783365384
2001-06-24 08:00:00,24909.0,24808.082503716203,100.91749628379694,100.91749628379694,10184.34105619017
2001-06-24 09:00:00,26850.0,27224.443565454683,-374.44356545468327,374.44356545468327,140207.98371041566
2001-06-24 10:00:00,28526.0,28465.65802894092,60.34197105907879,60.34197105907879,3641.153471294702
2001-06-24 11:00:00,29541.0,29689.53523119472,-148.53523119472084,148.53523119472084,22062.71490606917
2001-06-24 12:00:00,30320.0,30173.825445584098,146.1745544159021,146.1745544159021,21367.00035868752
2001-06-24 13:00:00,30860.0,30779.453155124767,80.54684487523264,80.54684487523264,6487.79421935479
2001-06-24 14:00:00,31200.0,31129.16864176327,70.83135823673001,70.83135823673001,5017.08130965998
2001-06-24 15:00:00,31471.0,31630.853179282425,-159.85317928242512,159.85317928242512,25553.038926699148
2001-06-24 16:00:00,31905.0,31975.761136880166,-70.7611368801663,70.7611368801663,5007.138492573632
2001-06-24 17:00:00,32369.0,32147.177428255716,221.82257174428378,221.82257174428378,49205.25333524792
2001-06-24 18:00:00,32065.0,31992.64116684946,72.35883315054161,72.35883315054161,5235.80073490792
2001-06-24 19:00:00,31447.0,31385.689281135543,61.31071886445716,61.31071886445716,3759.004247676503
2001-06-24 20:00:00,31360.0,31722.689815869162,-362.689815869162,362.689815869162,131543.9025352066
2001-06-24 21:00:00,32162.0,31562.122058305664,599.8779416943362,599.8779416943362,359853.5449314334
2001-06-24 22:00:00,30489.0,30863.151356355982,-374.151356355982,374.151356355982,139989.237463021
2001-06-24 23:00:00,27594.0,28187.31124322664,-593.3112432266389,593.3112432266389,352018.23133913986
2001-06-25 00:00:00,25348.0,25351.766944688596,-3.766944688595686,3.766944688595686,14.189872286939249
2001-06-25 01:00:00,23814.0,23998.99116897438,-184.99116897437852,184.99116897437852,34221.73259850707
2001-06-25 02:00:00,23021.0,23109.32799521547,-88.32799521546985,88.32799521546985,7801.834738784066
2001-06-25 03:00:00,22588.0,22664.71606973588,-76.71606973588132,76.71606973588132,5885.355355720606
2001-06-25 04:00:00,22859.0,22899.05893847284,-40.058938472840964,40.058938472840964,1604.718551570858
2001-06-25 05:00:00,24158.0,24227.815818633317,-69.81581863331667,69.81581863331667,4874.2485314401665
2001-06-25 06:00:00,26625.0,26544.313474316798,80.68652568320249,80.68652568320249,6510.315426826095
2001-06-25 07:00:00,30197.0,29585.856747168284,611.1432528317164,611.1432528317164,373496.0754817312
2001-06-25 08:00:00,32921.0,32831.59982969122,89.40017030877789,89.40017030877789,7992.390451238492
2001-06-25 09:00:00,35058.0,34942.103475774245,115.89652422575455,115.89652422575455,13432.00432761091
2001-06-25 10:00:00,36839.0,36808.86448734312,30.135512656881474,30.135512656881474,908.1491230930635
2001-06-25 11:00:00,38110.0,38328.722928330724,-218.72292833072424,218.72292833072424,47839.71937756713
2001-06-25 12:00:00,38926.0,39096.59639670158,-170.59639670157776,170.59639670157776,29103.13056756209
2001-06-25 13:00:00,39782.0,39694.87340864972,87.12659135027934,87.12659135027934,7591.042920318571
2001-06-25 14:00:00,40551.0,40689.12024483502,-138.1202448350232,138.1202448350232,19077.20203328675
2001-06-25 15:00:00,40953.0,40837.97930496604,115.02069503396342,115.02069503396342,13229.760286096018
2001-06-25 16:00:00,41254.0,41436.84581999915,-182.845819999151,182.845819999151,33432.59389116192
2001-06-25 17:00:00,41376.0,40846.41440406543,529.5855959345718,529.5855959345718,280460.9034213755
2001-06-25 18:00:00,40435.0,40330.418067705745,104.58193229425524,104.58193229425524,10937.380562400187
2001-06-25 19:00:00,38953.0,39262.889085276234,-309.88908527623425,309.88908527623425,96031.24517334119
2001-06-25 20:00:00,37910.0,38835.64253764161,-925.6425376416082,925.6425376416082,856814.1074915961
2001-06-25 21:00:00,37865.0,37348.79283161751,516.2071683824906,516.2071683824906,266469.840689469
2001-06-25 22:00:00,35100.0,35093.98970076401,6.010299235989805,6.010299235989805,36.123696906139635
2001-06-25 23:00:00,31167.0,31753.954125386903,-586.9541253869029,586.9541253869029,344515.1453087041
2001-06-26 00:00:00,28222.0,28336.818478216952,-114.81847821695192,114.81847821695192,13183.282940056662
2001-06-26 01:00:00,26381.0,26583.40829928857,-202.40829928857056,202.40829928857056,40969.11962089156
2001-06-26 02:00:00,25318.0,25274.976220365814,43.02377963418621,43.02377963418621,1851.0456140110164
2001-06-26 03:00:00,24569.0,24666.025388162114,-97.02538816211381,97.02538816211381,9413.925948008855
2001-06-26 04:00:00,24691.0,24529.566483756153,161.4335162438474,161.4335162438474,26060.780166852546
2001-06-26 05:00:00,25746.0,25582.30116599726,163.6988340027383,163.6988340027383,26797.308253856067
2001-06-26 06:00:00,28289.0,28311.52519082972,-22.525190829721396,22.525190829721396,507.3842219153649
2001-06-26 07:00:00,31915.0,31133.899282801445,781.1007171985548,781.1007171985548,610118.3304080967
2001-06-26 08:00:00,34900.0,34640.60867725685,259.3913227431476,259.3913227431476,67283.85831443977
2001-06-26 09:00:00,37267.0,37073.890354001305,193.10964599869476,193.10964599869476,37291.335377741205
2001-06-26 10:00:00,39653.0,39469.014079350614,183.98592064938566,183.98592064938566,33850.818997202034
2001-06-26 11:00:00,41174.0,41231.19428875046,-57.194288750462874,57.194288750462874,3271.186665671324
2001-06-26 12:00:00,42324.0,42357.44166797733,-33.4416679773276,33.4416679773276,1118.345157105818
2001-06-26 13:00:00,43265.0,43378.30109960396,-113.3010996039593,113.3010996039593,12837.139171466306
2001-06-26 14:00:00,43833.0,43857.831671932014,-24.831671932013705,24.831671932013705,616.6119309391572
2001-06-26 15:00:00,44612.0,44151.12886805843,460.871131941567,460.871131941567,212402.20025710127
2001-06-26 16:00:00,45134.0,44862.713753726726,271.2862462732737,271.2862462732737,73596.22741704332
2001-06-26 17:00:00,45193.0,44883.478228269545,309.52177173045493,309.52177173045493,95803.72717515985
2001-06-26 18:00:00,44373.0,44076.70096730935,296.2990326906511,296.2990326906511,87793.11677341552
2001-06-26 19:00:00,42755.0,42494.363361771095,260.6366382289052,260.6366382289052,67931.45718726522
2001-06-26 20:00:00,41478.0,42048.12554470417,-570.1255447041694,570.1255447041694,325043.1367242259
2001-06-26 21:00:00,41367.0,40448.15590638472,918.8440936152765,918.8440936152765,844274.468371679
2001-06-26 22:00:00,38273.0,38321.135623977025,-48.13562397702481,48.13562397702481,2317.0382956575254
2001-06-26 23:00:00,34168.0,34642.81767244179,-474.81767244179355,474.81767244179355,225451.82206304235
2001-06-27 00:00:00,30934.0,30956.178425967933,-22.178425967933435,22.178425967933435,491.88257841510415
2001-06-27 01:00:00,28791.0,28880.82344619533,-89.82344619532887,89.82344619532887,8068.251486405141
2001-06-27 02:00:00,27561.0,27449.82685062648,111.17314937352057,111.17314937352057,12359.469141627118
2001-06-27 03:00:00,26728.0,26709.017036785674,18.982963214326446,18.982963214326446,360.352892396471
2001-06-27 04:00:00,26532.0,26413.969658670456,118.03034132954417,118.03034132954417,13931.161474368702
2001-06-27 05:00:00,27721.0,27372.479703308585,348.52029669141484,348.52029669141484,121466.39720587182
2001-06-27 06:00:00,30259.0,29792.056597215276,466.94340278472373,466.94340278472373,218036.14140417674
2001-06-27 07:00:00,34195.0,33340.585297965685,854.4147020343153,854.4147020343153,730024.4830523877
2001-06-27 08:00:00,37538.0,36719.88025047296,818.119749527039,818.119749527039,669319.924566185
2001-06-27 09:00:00,40115.0,39508.19667780412,606.8033221958831,606.8033221958831,368210.2718279607
2001-06-27 10:00:00,42695.0,41883.88964590342,811.1103540965778,811.1103540965778,657900.0065226759
2001-06-27 11:00:00,44435.0,44178.890266745504,256.10973325449595,256.10973325449595,65592.19546768907
2001-06-27 12:00:00,45459.0,45274.58436598592,184.41563401408348,184.41563401408348,34009.12606881638
2001-06-27 13:00:00,46686.0,46033.70645839374,652.293541606261,652.293541606261,425486.86442123895
2001-06-27 14:00:00,47561.0,47068.20694222246,492.7930577775405,492.7930577775405,242844.99779373838
2001-06-27 15:00:00,48339.0,48459.500857107065,-120.5008571070648,120.5008571070648,14520.45656353725
2001-06-27 16:00:00,48881.0,48146.70900825209,734.2909917479119,734.2909917479119,539183.260562132
2001-06-27 17:00:00,48758.0,48194.18237607742,563.8176239225795,563.8176239225795,317890.3130457033
2001-06-27 18:00:00,47667.0,47091.52242005682,575.4775799431809,575.4775799431809,331174.44501726015
2001-06-27 19:00:00,46005.0,46894.23632916795,-889.2363291679503,889.2363291679503,790741.2491120913
2001-06-27 20:00:00,44925.0,45216.38248392098,-291.3824839209774,291.3824839209774,84903.75193595864
2001-06-27 21:00:00,44417.0,44169.26066031236,247.73933968764322,247.73933968764322,61374.780428869475
2001-06-27 22:00:00,41024.0,41555.704005185355,-531.7040051853546,531.7040051853546,282709.1491301476
2001-06-27 23:00:00,36924.0,37580.53524564744,-656.5352456474429,656.5352456474429,431038.5287773482
2001-06-28 00:00:00,33575.0,33555.69625978257,19.30374021743046,19.30374021743046,372.6343863820421
2001-06-28 01:00:00,31535.0,31218.273479810778,316.72652018922236,316.72652018922236,100315.68859117388
2001-06-28 02:00:00,30067.0,30159.68260976364,-92.68260976364036,92.68260976364036,8590.066152599244
2001-06-28 03:00:00,29150.0,29363.05493227829,-213.05493227828993,213.05493227828993,45392.4041681067
2001-06-28 04:00:00,28991.0,29124.806238575537,-133.80623857553655,133.80623857553655,17904.109481733405
2001-06-28 05:00:00,29989.0,29796.385827960232,192.61417203976816,192.61417203976816,37100.21927056541
2001-06-28 06:00:00,32549.0,32355.967439746564,193.0325602534358,193.0325602534358,37261.56931799633
2001-06-28 07:00:00,36261.0,36042.20666375832,218.79333624168066,218.79333624168066,47870.52398376513
2001-06-28 08:00:00,39589.0,39485.029513084184,103.97048691581585,103.97048691581585,10809.862149511835
2001-06-28 09:00:00,42162.0,42015.90737119795,146.09262880204915,146.09262880204915,21343.05619029332
2001-06-28 10:00:00,44664.0,44162.65911232653,501.3408876734684,501.3408876734684,251342.68565322124
2001-06-28 11:00:00,46402.0,46312.559794488676,89.44020551132417,89.44020551132417,7999.550361907902
2001-06-28 12:00:00,47730.0,47122.210696917624,607.7893030823761,607.7893030823761,369407.8369413605
2001-06-28 13:00:00,48833.0,48861.59510555686,-28.59510555685847,28.59510555685847,817.6800618078781
2001-06-28 14:00:00,49539.0,48691.2990206077,847.7009793922989,847.7009793922989,718596.9504626627
2001-06-28 15:00:00,49843.0,48714.658169038754,1128.3418309612462,1128.3418309612462,1273155.2874969775
2001-06-28 16:00:00,50157.0,48716.178111665955,1440.821888334045,1440.821888334045,2075967.7139024835
2001-06-28 17:00:00,49840.0,47909.876895748006,1930.123104251994,1930.123104251994,3725375.1975673535
2001-06-28 18:00:00,48773.0,46943.25308448257,1829.746915517433,1829.746915517433,3347973.7748455605
2001-06-28 19:00:00,47082.0,46831.64598682163,250.35401317836659,250.35401317836659,62677.13191451375
2001-06-28 20:00:00,45858.0,45928.015089114284,-70.01508911428391,70.01508911428391,4902.112703681118
2001-06-28 21:00:00,45261.0,44724.27456829353,536.7254317064726,536.7254317064726,288074.1890404994
2001-06-28 22:00:00,41822.0,42157.604295699035,-335.604295699035,335.604295699035,112630.24329164531
2001-06-28 23:00:00,37482.0,38172.2902996422,-690.2902996421981,690.2902996421981,476500.6977801156
2001-06-29 00:00:00,34165.0,34099.69080638067,65.30919361933047,65.30919361933047,4265.290771207196
2001-06-29 01:00:00,32066.0,31843.79815070434,222.20184929565949,222.20184929565949,49373.66183041097
2001-06-29 02:00:00,30633.0,30738.902650561995,-105.90265056199496,105.90265056199496,11215.37139605601
2001-06-29 03:00:00,29479.0,29893.2927356494,-414.29273564940013,414.29273564940013,171638.47081186375
2001-06-29 04:00:00,29384.0,29130.828505258967,253.1714947410328,253.1714947410328,64095.8057494088
2001-06-29 05:00:00,30387.0,30213.090939821675,173.90906017832458,173.90906017832458,30244.36121210812
2001-06-29 06:00:00,32628.0,32539.220287588472,88.77971241152773,88.77971241152773,7881.83733587357
2001-06-29 07:00:00,36203.0,35677.51043368324,525.4895663167626,525.4895663167626,276139.2843077793
2001-06-29 08:00:00,39302.0,38793.76323173098,508.23676826901647,508.23676826901647,258304.61262053394
2001-06-29 09:00:00,41868.0,41249.888216947336,618.1117830526637,618.1117830526637,382062.17634854314
2001-06-29 10:00:00,44081.0,43592.53750236282,488.4624976371779,488.4624976371779,238595.61159795
2001-06-29 11:00:00,45783.0,44888.19270846387,894.8072915361336,894.8072915361336,800680.0889862311
2001-06-29 12:00:00,46887.0,46202.2027357963,684.7972642036984,684.7972642036984,468947.29306086997
2001-06-29 13:00:00,47922.0,47605.25999965897,316.7400003410294,316.7400003410294,100324.22781603529
2001-06-29 14:00:00,48397.0,48453.73194120407,-56.73194120406697,56.73194120406697,3218.5131527817116
2001-06-29 15:00:00,48415.0,48426.22394444179,-11.223944441786443,11.223944441786443,125.9769288323088
2001-06-29 16:00:00,48199.0,48481.605964657116,-282.6059646571157,282.6059646571157,79866.13125977892
2001-06-29 17:00:00,47449.0,47943.11379234473,-494.11379234473134,494.11379234473134,244148.43978529228
2001-06-29 18:00:00,45932.0,46992.385301014256,-1060.3853010142557,1060.3853010142557,1124416.9866070936
2001-06-29 19:00:00,44229.0,43950.35211134963,278.64788865036826,278.64788865036826,77644.64584930803
2001-06-29 20:00:00,43073.0,43092.985133638045,-19.985133638045227,19.985133638045227,399.4055665305268
2001-06-29 21:00:00,42579.0,41776.33953052622,802.6604694737835,802.6604694737835,644263.8292558745
2001-06-29 22:00:00,40001.0,39364.99385157717,636.0061484228281,636.0061484228281,404503.82083164045
2001-06-29 23:00:00,36869.0,36192.06281524536,676.9371847546427,676.9371847546427,458243.95210354123
2001-06-30 00:00:00,34004.0,33717.43087818191,286.5691218180873,286.5691218180873,82121.86157958975
2001-06-30 01:00:00,31711.0,31798.92830246699,-87.92830246698941,87.92830246698941,7731.386374726376
2001-06-30 02:00:00,30321.0,30068.94790857468,252.05209142532112,252.05209142532112,63530.25679187844
2001-06-30 03:00:00,29299.0,29433.365232117747,-134.36523211774693,134.36523211774693,18054.01560205601
2001-06-30 04:00:00,28779.0,28989.683191222262,-210.6831912222624,210.6831912222624,44387.40706359638
2001-06-30 05:00:00,28647.0,28899.093825421955,-252.09382542195453,252.09382542195453,63551.29681587489
2001-06-30 06:00:00,29123.0,29177.115415302833,-54.115415302832844,54.115415302832844,2928.4781733980753
2001-06-30 07:00:00,31786.0,30659.911420463373,1126.0885795366266,1126.0885795366266,1268075.4889628175
2001-06-30 08:00:00,35923.0,35021.24957607134,901.7504239286573,901.7504239286573,813153.827055513
2001-06-30 09:00:00,39541.0,38553.09474300082,987.9052569991836,987.9052569991836,975956.796806623
2001-06-30 10:00:00,42404.0,41674.102029324684,729.8979706753162,729.8979706753162,532751.0475959447
2001-06-30 11:00:00,44584.0,43556.890778281086,1027.1092217189143,1027.1092217189143,1054953.353340034
2001-06-30 12:00:00,45563.0,45067.13763598923,495.86236401076894,495.86236401076894,245879.4840423483
2001-06-30 13:00:00,45903.0,46001.76870665758,-98.76870665758179,98.76870665758179,9755.257414811442
2001-06-30 14:00:00,46032.0,45965.924969624786,66.07503037521383,66.07503037521383,4365.90963908543
2001-06-30 15:00:00,45934.0,45849.32567714842,84.67432285157702,84.67432285157702,7169.740950373098
2001-06-30 16:00:00,45698.0,45291.80794711608,406.1920528839182,406.1920528839182,164991.98382605182
2001-06-30 17:00:00,44899.0,45150.124296211245,-251.12429621124465,251.12429621124465,63063.41214759295
2001-06-30 18:00:00,43592.0,43245.33166998559,346.6683300144068,346.6683300144068,120178.93103497768
2001-06-30 19:00:00,42234.0,41483.522366193436,750.477633806564,750.477633806564,563216.6788438992
2001-06-30 20:00:00,41494.0,41416.21267451404,77.78732548595872,77.78732548595872,6050.868006258483
2001-06-30 21:00:00,41069.0,40620.20390449249,448.7960955075105,448.7960955075105,201417.93534278646
2001-06-30 22:00:00,38596.0,38361.89218470753,234.10781529246742,234.10781529246742,54806.46918101204
2001-06-30 23:00:00,35760.0,35396.8795751969,363.120424803099,363.120424803099,131856.4429091831
2001-07-01 00:00:00,32664.0,32700.851858490325,-36.85185849032496,36.85185849032496,1358.0594741909356
2001-07-01 01:00:00,30571.0,30549.255883768918,21.744116231082444,21.744116231082444,472.80659067082297
2001-07-01 02:00:00,29179.0,29124.294195929142,54.705804070857994,54.705804070857994,2992.724999039103
2001-07-01 03:00:00,28221.0,28235.921716526987,-14.921716526987439,14.921716526987439,222.65762411177008
2001-07-01 04:00:00,27587.0,27644.563391588712,-57.563391588711966,57.563391588711966,3313.5440511953957
2001-07-01 05:00:00,27080.0,27325.930106869077,-245.93010686907655,245.93010686907655,60481.61746463541
2001-07-01 06:00:00,27173.0,27502.554170831292,-329.55417083129214,329.55417083129214,108605.95151230048
2001-07-01 07:00:00,29054.0,28922.908914410807,131.09108558919252,131.09108558919252,17184.872720952997
2001-07-01 08:00:00,32184.0,32147.912680458903,36.087319541096804,36.087319541096804,1302.2946316612272
2001-07-01 09:00:00,35351.0,35332.99024643211,18.009753567886946,18.009753567886946,324.3512235760166
2001-07-01 10:00:00,37778.0,38031.36011535936,-253.36011535936268,253.36011535936268,64191.34805490956
2001-07-01 11:00:00,39361.0,39888.900411892006,-527.9004118920056,527.9004118920056,278678.8448757492
2001-07-01 12:00:00,40609.0,40398.56616300456,210.4338369954421,210.4338369954421,44282.3997526243
2001-07-01 13:00:00,41391.0,41096.068318304824,294.93168169517594,294.93168169517594,86984.69686754458
2001-07-01 14:00:00,41616.0,42070.57300799261,-454.573007992607,454.573007992607,206636.61959544677
2001-07-01 15:00:00,41494.0,41952.7660549006,-458.7660549006032,458.7660549006032,210466.29312906327
2001-07-01 16:00:00,40428.0,41748.549020134764,-1320.5490201347639,1320.5490201347639,1743849.714578885
2001-07-01 17:00:00,39076.0,40081.88068729001,-1005.8806872900095,1005.8806872900095,1011795.957063022
2001-07-01 18:00:00,36527.0,38112.670841415005,-1585.6708414150053,1585.6708414150053,2514352.017313771
2001-07-01 19:00:00,34534.0,35195.51706309714,-661.5170630971406,661.5170630971406,437604.82476866635
2001-07-01 20:00:00,33911.0,34589.25678924825,-678.2567892482475,678.2567892482475,460032.2721613416
2001-07-01 21:00:00,33781.0,34015.37490323729,-234.37490323728707,234.37490323728707,54931.595267487675
2001-07-01 22:00:00,31910.0,31923.393684333863,-13.393684333863348,13.393684333863348,179.39078003517648
2001-07-01 23:00:00,29180.0,29798.843593116115,-618.8435931161148,618.8435931161148,382967.39274086343
2001-07-02 00:00:00,26775.0,26888.449177093837,-113.44917709383662,113.44917709383662,12870.715783268704
2001-07-02 01:00:00,25183.0,25488.8001555034,-305.80015550339886,305.80015550339886,93513.73510590292
2001-07-02 02:00:00,23479.0,24265.24817788373,-786.2481778837282,786.2481778837282,618186.1972254827
2001-07-02 03:00:00,22654.0,22983.496808645494,-329.49680864549373,329.49680864549373,108568.14690756511
2001-07-02 04:00:00,22915.0,22813.423077833442,101.57692216655778,101.57692216655778,10317.871116830936
2001-07-02 05:00:00,23432.0,24063.93527052644,-631.9352705264391,631.9352705264391,399342.1861353238
2001-07-02 06:00:00,25059.0,25439.70494162374,-380.7049416237387,380.7049416237387,144936.2525767343
2001-07-02 07:00:00,27787.0,28216.611118783254,-429.6111187832539,429.6111187832539,184565.71338219912
2001-07-02 08:00:00,29572.0,30559.68137883636,-987.6813788363615,987.6813788363615,975514.5061000964
2001-07-02 09:00:00,30698.0,31802.977695257225,-1104.9776952572247,1104.9776952572247,1220975.7070159682
2001-07-02 10:00:00,31582.0,32203.99724453392,-621.997244533919,621.997244533919,386880.57220778783
2001-07-02 11:00:00,32055.0,32416.826578372336,-361.82657837233637,361.82657837233637,130918.47281663248
2001-07-02 12:00:00,32152.0,32491.122618499514,-339.1226184995139,339.1226184995139,115004.15037796686
2001-07-02 13:00:00,32348.0,32240.978720999774,107.02127900022606,107.02127900022606,11453.554158844227
2001-07-02 14:00:00,32620.0,32293.637465926295,326.3625340737053,326.3625340737053,106512.50364701047
2001-07-02 15:00:00,32690.0,32625.57337143839,64.42662856161041,64.42662856161041,4150.790467815715
2001-07-02 16:00:00,32934.0,32701.55774423009,232.44225576991084,232.44225576991084,54029.40226740465
2001-07-02 17:00:00,32881.0,32456.51746543103,424.48253456897146,424.48253456897146,180185.42215409805
2001-07-02 18:00:00,32145.0,32167.411595238864,-22.41159523886381,22.41159523886381,502.27960115066304
2001-07-02 19:00:00,31040.0,31352.83728300014,-312.837283000139,312.837283000139,97867.16563490905
2001-07-02 20:00:00,30469.0,31135.2254644982,-666.2254644981986,666.2254644981986,443856.3695458404
2001-07-02 21:00:00,30817.0,30173.76829460654,643.2317053934603,643.2317053934603,413747.0268233793
2001-07-02 22:00:00,28316.0,29112.239850481365,-796.2398504813646,796.2398504813646,633997.8994945858
2001-07-02 23:00:00,25448.0,25967.4034462693,-519.4034462693016,519.4034462693016,269779.93999642733
2001-07-03 00:00:00,23122.0,23178.643565937222,-56.643565937221865,56.643565937221865,3208.493562084401
2001-07-03 01:00:00,21859.0,21855.599987382604,3.400012617395987,3.400012617395987,11.56008579845191
2001-07-03 02:00:00,21123.0,21363.0473745672,-240.04737456719886,240.04737456719886,57622.74203660507
2001-07-03 03:00:00,20820.0,20716.759890932753,103.24010906724652,103.24010906724652,10658.520120216957
2001-07-03 04:00:00,21173.0,20933.51497506168,239.48502493831984,239.48502493831984,57353.07716970768
2001-07-03 05:00:00,22197.0,22397.04811222062,-200.04811222061835,200.04811222061835,40019.24720303311
2001-07-03 06:00:00,24356.0,24724.30227409079,-368.3022740907909,368.3022740907909,135646.56510044806
2001-07-03 07:00:00,27237.0,27193.169988963175,43.830011036825454,43.830011036825454,1921.069867488241
2001-07-03 08:00:00,29482.0,29440.58497547842,41.415024521578744,41.415024521578744,1715.2042561229687
2001-07-03 09:00:00,31031.0,30866.077900006723,164.9220999932768,164.9220999932768,27199.299066192387
2001-07-03 10:00:00,32065.0,32008.20064783704,56.79935216296144,56.79935216296144,3226.1664061321126
2001-07-03 11:00:00,32882.0,32846.01317565409,35.98682434591319,35.98682434591319,1295.0515265036104
2001-07-03 12:00:00,33246.0,33318.34804191688,-72.34804191687726,72.34804191687726,5234.239169206229
2001-07-03 13:00:00,33737.0,33525.63330659275,211.36669340725348,211.36669340725348,44675.87908191589
2001-07-03 14:00:00,33895.0,34198.2936140942,-303.2936140941965,303.2936140941965,91987.0163503194
2001-07-03 15:00:00,33850.0,33932.564767263066,-82.56476726306573,82.56476726306573,6816.940793204211
2001-07-03 16:00:00,33753.0,33806.13562513754,-53.135625137540046,53.135625137540046,2823.3946587571777
2001-07-03 17:00:00,33492.0,33338.582702844506,153.41729715549445,153.41729715549445,23536.867066497285
2001-07-03 18:00:00,32455.0,32543.237867442105,-88.2378674421052,88.2378674421052,7785.921250730528
2001-07-03 19:00:00,31343.0,31647.039886843908,-304.0398868439079,304.0398868439079,92440.2527920563
2001-07-03 20:00:00,30995.0,31587.323963226758,-592.3239632267578,592.3239632267578,350847.6774126535
2001-07-03 21:00:00,31541.0,30667.228498354863,873.7715016451366,873.7715016451366,763476.6370871969
2001-07-03 22:00:00,29627.0,29606.348305756313,20.651694243686507,20.651694243686507,426.49247513471437
2001-07-03 23:00:00,27072.0,26979.248895525547,92.75110447445331,92.75110447445331,8602.767381230953
2001-07-04 00:00:00,25058.0,24518.61300029309,539.3869997069087,539.3869997069087,290938.3354528207
2001-07-04 01:00:00,23603.0,23569.768642272065,33.231357727934665,33.231357727934665,1104.323136441963
2001-07-04 02:00:00,22753.0,22564.325840334262,188.67415966573753,188.67415966573753,35597.93852557222
2001-07-04 03:00:00,22242.0,22143.036686618136,98.96331338186428,98.96331338186428,9793.737395517079
2001-07-04 04:00:00,22046.0,22495.683566372983,-449.6835663729835,449.6835663729835,202215.30986592543
2001-07-04 05:00:00,22331.0,22534.438695454646,-203.43869545464622,203.43869545464622,41387.302808288296
2001-07-04 06:00:00,22560.0,23549.032998883184,-989.0329988831836,989.0329988831836,978186.2728798635
2001-07-04 07:00:00,23365.0,23986.52383013771,-621.5238301377103,621.5238301377103,386291.8714290494
2001-07-04 08:00:00,25507.0,25722.66403683932,-215.66403683932003,215.66403683932003,46510.97678583159
2001-07-04 09:00:00,27960.0,28137.277603817973,-177.2776038179727,177.2776038179727,31427.34881544209
2001-07-04 10:00:00,29817.0,29797.01402839987,19.985971600130142,19.985971600130142,399.4390608012086
2001-07-04 11:00:00,31218.0,30692.00589905272,525.9941009472786,525.9941009472786,276669.7942313359
2001-07-04 12:00:00,32018.0,31686.374894006567,331.62510599343295,331.62510599343295,109975.21092515564
2001-07-04 13:00:00,32624.0,32449.766846476017,174.23315352398276,174.23315352398276,30357.191786911746
2001-07-04 14:00:00,33284.0,32832.297316553864,451.7026834461358,451.7026834461358,204035.31423243994
2001-07-04 15:00:00,33779.0,33571.0639855562,207.9360144438033,207.9360144438033,43237.38610277357
2001-07-04 16:00:00,34316.0,34146.579629676824,169.42037032317603,169.42037032317603,28703.261880442104
2001-07-04 17:00:00,34110.0,34252.700679865484,-142.70067986548383,142.70067986548383,20363.484034071305
2001-07-04 18:00:00,33157.0,33301.670744844545,-144.67074484454497,144.67074484454497,20929.624413875434
2001-07-04 19:00:00,32282.0,32183.204542764677,98.79545723532283,98.79545723532283,9760.542370336501
2001-07-04 20:00:00,32303.0,32093.579363128574,209.4206368714258,209.4206368714258,43857.00314763359
2001-07-04 21:00:00,32240.0,32245.869901061687,-5.869901061687415,5.869901061687415,34.45573847399904
2001-07-04 22:00:00,31055.0,30583.813953265446,471.1860467345541,471.1860467345541,222016.2906373374
2001-07-04 23:00:00,28791.0,28898.90097473484,-107.90097473483911,107.90097473483911,11642.620348728387
2001-07-05 00:00:00,26575.0,26528.60965533475,46.39034466525118,46.39034466525118,2152.0640781607985
2001-07-05 01:00:00,24934.0,25051.481557843952,-117.48155784395203,117.48155784395203,13801.916433441847
2001-07-05 02:00:00,23986.0,23979.365969559916,6.634030440083734,6.634030440083734,44.01035987995758
2001-07-05 03:00:00,23404.0,23576.964869739382,-172.96486973938227,172.96486973938227,29916.846163961476
2001-07-05 04:00:00,23460.0,23647.036619046852,-187.03661904685214,187.03661904685214,34982.69686447729
2001-07-05 05:00:00,24460.0,24455.727046574128,4.272953425872402,4.272953425872402,18.258130979674693
2001-07-05 06:00:00,26600.0,26390.731068150264,209.26893184973596,209.26893184973596,43793.485837529435
2001-07-05 07:00:00,30277.0,29306.22889089543,970.7711091045712,970.7711091045712,942396.5462721193
2001-07-05 08:00:00,33418.0,32448.45802115082,969.5419788491818,969.5419788491818,940011.6487507873
2001-07-05 09:00:00,35697.0,35077.19835464468,619.8016453553209,619.8016453553209,384154.07958516304
2001-07-05 10:00:00,37804.0,37398.25042296167,405.74957703833206,405.74957703833206,164632.71926678537
2001-07-05 11:00:00,39017.0,39149.28513485537,-132.28513485536678,132.28513485536678,17499.356903702574
2001-07-05 12:00:00,39933.0,40032.75068184523,-99.75068184523116,99.75068184523116,9950.19852858853
2001-07-05 13:00:00,40460.0,40588.862034795755,-128.86203479575488,128.86203479575488,16605.42401170234
2001-07-05 14:00:00,40541.0,40963.56833362687,-422.5683336268703,422.5683336268703,178563.99658418997
2001-07-05 15:00:00,40285.0,40719.84814585759,-434.8481458575916,434.8481458575916,189092.90995578526
2001-07-05 16:00:00,39917.0,40682.47807600865,-765.4780760086505,765.4780760086505,585956.6848499053
2001-07-05 17:00:00,39086.0,39600.77600881461,-514.7760088146097,514.7760088146097,264994.3392510991
2001-07-05 18:00:00,37690.0,37983.21455854198,-293.2145585419785,293.2145585419785,85974.77734096732
2001-07-05 19:00:00,36136.0,36508.289615622125,-372.289615622125,372.289615622125,138599.55790006957
2001-07-05 20:00:00,35026.0,35617.81523430495,-591.8152343049514,591.8152343049514,350245.27155542455
2001-07-05 21:00:00,34262.0,34572.78606845444,-310.786068454443,310.786068454443,96587.98034536974
2001-07-05 22:00:00,31613.0,31738.65830463789,-125.65830463789098,125.65830463789098,15790.009524469013
2001-07-05 23:00:00,28589.0,28642.223217972467,-53.223217972466955,53.223217972466955,2832.7109313447295
2001-07-06 00:00:00,25967.0,26014.821359694513,-47.821359694513376,47.821359694513376,2286.8824430320283
2001-07-06 01:00:00,24476.0,24353.395838113265,122.6041618867348,122.6041618867348,15031.780511948675
2001-07-06 02:00:00,23522.0,23556.870271858388,-34.87027185838815,34.87027185838815,1215.9358594778967
2001-07-06 03:00:00,22834.0,22888.812754003447,-54.81275400344748,54.81275400344748,3004.438001442448
2001-07-06 04:00:00,22753.0,22830.07053071547,-77.07053071547125,77.07053071547125,5939.866704764398
2001-07-06 05:00:00,23432.0,23963.387917623102,-531.3879176231021,531.3879176231021,282373.11899581674
2001-07-06 06:00:00,25220.0,25448.572202549745,-228.57220254974527,228.57220254974527,52245.25177844178
2001-07-06 07:00:00,28207.0,28014.482223961313,192.51777603868686,192.51777603868686,37063.09409088199
2001-07-06 08:00:00,30569.0,30421.67886388868,147.3211361113208,147.3211361113208,21703.517145130314
2001-07-06 09:00:00,32080.0,32743.350415216726,-663.3504152167261,663.3504152167261,440033.7733682029
2001-07-06 10:00:00,33016.0,33551.91210124883,-535.9121012488322,535.9121012488322,287201.78026493854
2001-07-06 11:00:00,33523.0,33826.5548117852,-303.5548117852013,303.5548117852013,92145.52375794899
2001-07-06 12:00:00,33658.0,33803.56225929073,-145.56225929073116,145.56225929073116,21188.37132982205
2001-07-06 13:00:00,33980.0,34021.53752780484,-41.53752780483774,41.53752780483774,1725.366216137668
2001-07-06 14:00:00,34023.0,34101.117810510674,-78.11781051067373,78.11781051067373,6102.392318981528
2001-07-06 15:00:00,34038.0,33865.112487856415,172.8875121435849,172.8875121435849,29890.091855198218
2001-07-06 16:00:00,34073.0,33883.244276291465,189.7557237085348,189.7557237085348,36007.23468014979
2001-07-06 17:00:00,33775.0,33629.857964678595,145.14203532140527,145.14203532140527,21066.210417240058
2001-07-06 18:00:00,32926.0,32816.247514672505,109.75248532749538,109.75248532749538,12045.608035562089
2001-07-06 19:00:00,31521.0,31708.21891156811,-187.21891156811034,187.21891156811034,35050.92084874792
2001-07-06 20:00:00,30596.0,31791.68164140454,-1195.6816414045388,1195.6816414045388,1429654.587591852
2001-07-06 21:00:00,30726.0,30207.49424898683,518.5057510131701,518.5057510131701,268848.21383373154
2001-07-06 22:00:00,28692.0,28789.8876681297,-97.88766812970061,97.88766812970061,9581.995571870406
2001-07-06 23:00:00,26202.0,26256.850475147723,-54.850475147723046,54.850475147723046,3008.5746239309833
2001-07-07 00:00:00,23644.0,24041.97079812984,-397.97079812984157,397.97079812984157,158380.7561641031
2001-07-07 01:00:00,22307.0,22183.037242018283,123.962757981717,123.962757981717,15366.765366433743
2001-07-07 02:00:00,21275.0,21487.8703378524,-212.87033785240055,212.87033785240055,45313.78073739516
2001-07-07 03:00:00,20767.0,20670.803656131797,96.19634386820326,96.19634386820326,9253.736573609607
2001-07-07 04:00:00,20601.0,20544.26072639485,56.73927360515154,56.73927360515154,3219.345169240246
2001-07-07 05:00:00,20907.0,20768.808518180827,138.19148181917262,138.19148181917262,19096.885647378716
2001-07-07 06:00:00,21442.0,21522.763948691318,-80.76394869131764,80.76394869131764,6522.815408213788
2001-07-07 07:00:00,23045.0,23080.21084734844,-35.21084734844044,35.21084734844044,1239.803770995175
2001-07-07 08:00:00,25671.0,25424.91246300168,246.08753699831868,246.08753699831868,60559.07586589886
2001-07-07 09:00:00,27937.0,27549.41318418693,387.5868158130688,387.5868158130688,150223.53979211373
2001-07-07 10:00:00,29723.0,29100.616492016703,622.383507983297,622.383507983297,387361.23100959475
2001-07-07 11:00:00,30499.0,30355.602463177805,143.39753682219452,143.39753682219452,20562.853566672635
2001-07-07 12:00:00,30986.0,30597.60255775291,388.3974422470892,388.3974422470892,150852.573144081
2001-07-07 13:00:00,31093.0,31153.438109923634,-60.43810992363433,60.43810992363433,3652.7651311413065
2001-07-07 14:00:00,31439.0,30958.823026142374,480.17697385762585,480.17697385762585,230569.9262230671
2001-07-07 15:00:00,31720.0,31672.629570630317,47.370429369682824,47.370429369682824,2243.957578668109
2001-07-07 16:00:00,32233.0,32101.22192531323,131.77807468676838,131.77807468676838,17365.460968151503
2001-07-07 17:00:00,32616.0,31840.30677908729,775.6932209127117,775.6932209127117,601699.9729699369
2001-07-07 18:00:00,32182.0,31698.606222251532,483.393777748468,483.393777748468,233669.54436593526
2001-07-07 19:00:00,31289.0,31019.706230222815,269.29376977718493,269.29376977718493,72519.13444080748
2001-07-07 20:00:00,31008.0,31007.177896493715,0.8221035062852025,0.8221035062852025,0.6758541750464239
2001-07-07 21:00:00,31293.0,30714.038493775646,578.9615062243538,578.9615062243538,335196.42568957247
2001-07-07 22:00:00,29721.0,29523.745716183577,197.25428381642269,197.25428381642269,38909.252483929835
2001-07-07 23:00:00,27754.0,27371.62368004628,382.37631995372067,382.37631995372067,146211.65006135017
2001-07-08 00:00:00,25581.0,25425.8221719749,155.17782802509828,155.17782802509828,24080.158310586976
2001-07-08 01:00:00,24020.0,23876.202633400437,143.79736659956325,143.79736659956325,20677.68264096919
2001-07-08 02:00:00,23115.0,22942.98967158947,172.01032841053166,172.01032841053166,29587.553079898953
2001-07-08 03:00:00,22546.0,22389.611285208768,156.3887147912319,156.3887147912319,24457.430114053277
2001-07-08 04:00:00,22272.0,22295.692214453265,-23.69221445326548,23.69221445326548,561.3210256995217
2001-07-08 05:00:00,22338.0,22517.642130272896,-179.64213027289588,179.64213027289588,32271.294968984097
2001-07-08 06:00:00,22473.0,22591.946740603697,-118.94674060369653,118.94674060369653,14148.327100243068
2001-07-08 07:00:00,23249.0,23414.227483863375,-165.2274838633748,165.2274838633748,27300.12142382178
2001-07-08 08:00:00,24842.0,24907.882131097056,-65.88213109705612,65.88213109705612,4340.455197889689
2001-07-08 09:00:00,26559.0,26857.010074827416,-298.01007482741625,298.01007482741625,88810.00469864222
2001-07-08 10:00:00,28220.0,28127.94629585317,92.05370414683057,92.05370414683057,8473.884447152212
2001-07-08 11:00:00,29384.0,29316.80932526876,67.19067473123869,67.19067473123869,4514.586770839117
2001-07-08 12:00:00,30112.0,29930.74998049815,181.25001950185106,181.25001950185106,32851.56956942139
2001-07-08 13:00:00,30686.0,30230.24226480528,455.7577351947184,455.7577351947184,207715.11318981907
2001-07-08 14:00:00,31053.0,30812.06811394381,240.9318860561907,240.9318860561907,58048.17371859326
2001-07-08 15:00:00,31473.0,31151.87192506185,321.12807493815126,321.12807493815126,103123.24051348289
2001-07-08 16:00:00,32073.0,31709.842121893005,363.15787810699476,363.15787810699476,131883.64443117485
2001-07-08 17:00:00,32686.0,32035.983320323794,650.016679676206,650.016679676206,422521.68385727936
2001-07-08 18:00:00,32932.0,32280.58559116863,651.4144088313697,651.4144088313697,424340.7320331228
2001-07-08 19:00:00,32728.0,32189.170718497102,538.8292815028981,538.8292815028981,290336.9946049294
2001-07-08 20:00:00,33141.0,32656.68440875029,484.31559124970954,484.31559124970954,234561.59192755574
2001-07-08 21:00:00,33757.0,32973.818569932635,783.181430067365,783.181430067365,613373.1524023629
2001-07-08 22:00:00,32327.0,32318.288578237643,8.711421762356622,8.711421762356622,75.88886912166055
2001-07-08 23:00:00,29768.0,29811.392170472845,-43.392170472845464,43.392170472845464,1882.8804583444817
2001-07-09 00:00:00,27692.0,27446.74482603095,245.2551739690498,245.2551739690498,60150.100358588876
2001-07-09 01:00:00,26096.0,26546.616269594142,-450.61626959414207,450.61626959414207,203055.02242294053
2001-07-09 02:00:00,25355.0,25396.789621060423,-41.78962106042309,41.78962106042309,1746.3724283737567
2001-07-09 03:00:00,24791.0,25078.85009213527,-287.85009213527155,287.85009213527155,82857.67554228433
2001-07-09 04:00:00,24910.0,24930.63354318596,-20.633543185958843,20.633543185958843,425.7431044068286
2001-07-09 05:00:00,26253.0,26284.16858921067,-31.16858921066887,31.16858921066887,971.4809533834239
2001-07-09 06:00:00,28646.0,28975.825905433525,-329.8259054335249,329.8259054335249,108785.12789504451
2001-07-09 07:00:00,32163.0,31843.913358492387,319.0866415076125,319.0866415076125,101816.28478860762
2001-07-09 08:00:00,35325.0,34763.287950644895,561.7120493551047,561.7120493551047,315520.42639071157
2001-07-09 09:00:00,37903.0,37311.42468432759,591.5753156724095,591.5753156724095,349961.3541129109
2001-07-09 10:00:00,39781.0,39733.56806419948,47.431935800523206,47.431935800523206,2249.788533784955
2001-07-09 11:00:00,41195.0,41468.54765156295,-273.5476515629489,273.5476515629489,74828.31767560448
2001-07-09 12:00:00,42467.0,42618.27762947556,-151.2776294755604,151.2776294755604,22884.92117974494
2001-07-09 13:00:00,43617.0,43655.96216515019,-38.9621651501875,38.9621651501875,1518.0503131904854
2001-07-09 14:00:00,44460.0,44378.23117044987,81.76882955012843,81.76882955012843,6686.141485997957
2001-07-09 15:00:00,45157.0,44795.93728458753,361.0627154124668,361.0627154124668,130366.28446102398
2001-07-09 16:00:00,45789.0,45344.46204391094,444.53795608905784,444.53795608905784,197613.99440383713
2001-07-09 17:00:00,46006.0,45630.16829108613,375.8317089138727,375.8317089138727,141249.47342512195
2001-07-09 18:00:00,45320.0,44976.39258221478,343.6074177852206,343.6074177852206,118066.05755702713
2001-07-09 19:00:00,43698.0,43825.27578128828,-127.27578128827736,127.27578128827736,16199.124502541414
2001-07-09 20:00:00,42305.0,43006.741170560716,-701.7411705607155,701.7411705607155,492440.6704599233
2001-07-09 21:00:00,41884.0,41414.06559604508,469.9344039549178,469.9344039549178,220838.34402046385
2001-07-09 22:00:00,38539.0,39007.96821265546,-468.9682126554617,468.9682126554617,219931.18448125833
2001-07-09 23:00:00,34702.0,34596.82609756287,105.17390243712725,105.17390243712725,11061.549753854362
2001-07-10 00:00:00,31625.0,31443.576615839644,181.42338416035636,181.42338416035636,32914.44432019624
2001-07-10 01:00:00,29443.0,29530.854450366707,-87.85445036670717,87.85445036670717,7718.404449236214
2001-07-10 02:00:00,28084.0,28000.898280433343,83.10171956665727,83.10171956665727,6905.895794935347
2001-07-10 03:00:00,27227.0,27185.05027275429,41.949727245708345,41.949727245708345,1759.779615989325
2001-07-10 04:00:00,26992.0,27293.807084133066,-301.8070841330664,301.8070841330664,91087.5160329038
2001-07-10 05:00:00,28151.0,27957.44251895008,193.55748104992017,193.55748104992017,37464.49847039021
2001-07-10 06:00:00,30368.0,30595.34306329303,-227.34306329302854,227.34306329302854,51684.86842745798
2001-07-10 07:00:00,34210.0,33357.30711501314,852.6928849868564,852.6928849868564,727085.1561072082
2001-07-10 08:00:00,37241.0,36973.48246973565,267.51753026434744,267.51753026434744,71565.62899873605
2001-07-10 09:00:00,40007.0,39290.825435556195,716.1745644438051,716.1745644438051,512906.006756274
2001-07-10 10:00:00,42623.0,42173.97762320386,449.02237679614336,449.02237679614336,201621.09486365775
2001-07-10 11:00:00,44625.0,44532.78273630927,92.21726369072712,92.21726369072712,8504.0237226051
2001-07-10 12:00:00,45556.0,46072.1720699077,-516.1720699076977,516.1720699076977,266433.6057527972
2001-07-10 13:00:00,46690.0,46850.83594032162,-160.83594032161636,160.83594032161636,25868.19969913854
2001-07-10 14:00:00,47157.0,47383.33807820936,-226.33807820935908,226.33807820935908,51228.92564750595
2001-07-10 15:00:00,46773.0,47397.26593454777,-624.2659345477732,624.2659345477732,389707.95703680464
2001-07-10 16:00:00,46449.0,46083.05712644478,365.942873555221,365.942873555221,133914.18670585248
2001-07-10 17:00:00,45174.0,46149.107287649495,-975.1072876494945,975.1072876494945,950834.2224271541
2001-07-10 18:00:00,43266.0,44182.65490588517,-916.654905885167,916.654905885167,840256.2164833443
2001-07-10 19:00:00,41340.0,42064.34593644603,-724.3459364460286,724.3459364460286,524677.0356458742
2001-07-10 20:00:00,40372.0,41189.93450862658,-817.9345086265821,817.9345086265821,669016.8604022083
2001-07-10 21:00:00,39654.0,40048.01816277317,-394.01816277317266,394.01816277317266,155250.3125951464
2001-07-10 22:00:00,36319.0,36224.88746346758,94.11253653241874,94.11253653241874,8857.169532565853
2001-07-10 23:00:00,33207.0,32878.81668611512,328.1833138848815,328.1833138848815,107704.28751246266
2001-07-11 00:00:00,30057.0,30238.765986867376,-181.76598686737634,181.76598686737634,33038.87398187123
2001-07-11 01:00:00,28214.0,28289.605920532653,-75.60592053265282,75.60592053265282,5716.255219589812
2001-07-11 02:00:00,27018.0,26976.60773910422,41.392260895780055,41.392260895780055,1713.3192620643226
2001-07-11 03:00:00,26399.0,26205.55152183508,193.44847816491892,193.44847816491892,37422.31370432311
2001-07-11 04:00:00,26461.0,26252.20938005425,208.79061994575022,208.79061994575022,43593.52297733071
2001-07-11 05:00:00,27703.0,27656.98980077135,46.01019922865089,46.01019922865089,2116.938433060147
2001-07-11 06:00:00,30045.0,30085.15618708187,-40.156187081869575,40.156187081869575,1612.519360954109
2001-07-11 07:00:00,33062.0,32881.78746798987,180.21253201013315,180.21253201013315,32476.556693503262
2001-07-11 08:00:00,35382.0,35135.6845905401,246.31540945990128,246.31540945990128,60671.28093739882
2001-07-11 09:00:00,37343.0,36824.74577204056,518.2542279594418,518.2542279594418,268587.44479783706
2001-07-11 10:00:00,38960.0,38700.69962609538,259.300373904618,259.300373904618,67236.68390707471
2001-07-11 11:00:00,40176.0,40021.68116018956,154.31883981043939,154.31883981043939,23814.304320440053
2001-07-11 12:00:00,40918.0,40860.27375342509,57.726246574908146,57.726246574908146,3332.3195436270944
2001-07-11 13:00:00,41444.0,41941.175814507194,-497.17581450719445,497.17581450719445,247183.7905308922
2001-07-11 14:00:00,41745.0,41977.45589214646,-232.45589214646316,232.45589214646316,54035.74179360811
2001-07-11 15:00:00,41735.0,41786.30990737767,-51.309907377668424,51.309907377668424,2632.7065951049126
2001-07-11 16:00:00,41775.0,41802.693094512884,-27.693094512884272,27.693094512884272,766.907483699541
2001-07-11 17:00:00,41253.0,41571.04206147015,-318.04206147015066,318.04206147015066,101150.75286418309
2001-07-11 18:00:00,39836.0,39583.619390824526,252.3806091754741,252.3806091754741,63695.971887783395
2001-07-11 19:00:00,37706.0,38646.927824695245,-940.9278246952454,940.9278246952454,885345.1712857264
2001-07-11 20:00:00,36438.0,37128.39362036925,-690.3936203692501,690.3936203692501,476643.3510465603
2001-07-11 21:00:00,36258.0,35340.304619082875,917.6953809171246,917.6953809171246,842164.8121566264
2001-07-11 22:00:00,33361.0,33271.58268525402,89.41731474598055,89.41731474598055,7995.45617638175
2001-07-11 23:00:00,29965.0,30273.49659574843,-308.496595748431,308.496595748431,95170.14958837086
2001-07-12 00:00:00,27074.0,27125.79550085899,-51.79550085898882,51.79550085898882,2682.7739092335114
2001-07-12 01:00:00,25425.0,25227.18987560193,197.8101243980709,197.8101243980709,39128.84531438029
2001-07-12 02:00:00,24315.0,24361.922832400098,-46.92283240009783,46.92283240009783,2201.752200447671
2001-07-12 03:00:00,23677.0,23742.01074775009,-65.01074775008965,65.01074775008965,4226.397323025786
2001-07-12 04:00:00,23771.0,23892.073952985214,-121.07395298521442,121.07395298521442,14658.902091465912
2001-07-12 05:00:00,24894.0,24962.136665580187,-68.13666558018667,68.13666558018667,4642.6051963861955
2001-07-12 06:00:00,26714.0,27217.828537971254,-503.82853797125426,503.82853797125426,253843.1956742516
2001-07-12 07:00:00,30221.0,29629.525777416053,591.4742225839473,591.4742225839473,349841.7559812848
2001-07-12 08:00:00,32684.0,32921.81377512515,-237.81377512514882,237.81377512514882,56555.39163927485
2001-07-12 09:00:00,34134.0,34355.6809242777,-221.6809242777017,221.6809242777017,49142.43218861612
2001-07-12 10:00:00,35652.0,35451.656550526684,200.34344947331556,200.34344947331556,40137.497746866946
2001-07-12 11:00:00,36463.0,36791.06978844423,-328.069788444227,328.069788444227,107629.78608983986
2001-07-12 12:00:00,36879.0,37162.405404208555,-283.4054042085554,283.4054042085554,80318.62313461468
2001-07-12 13:00:00,37272.0,37558.61155326038,-286.6115532603799,286.6115532603799,82146.18246232758
2001-07-12 14:00:00,37431.0,37760.99562855828,-329.99562855828117,329.99562855828117,108897.11486757507
2001-07-12 15:00:00,37551.0,37573.90385324942,-22.903853249423264,22.903853249423264,524.5864936711166
2001-07-12 16:00:00,37628.0,37730.134042666505,-102.13404266650468,102.13404266650468,10431.3626714034
2001-07-12 17:00:00,37322.0,37590.277408500035,-268.27740850003465,268.27740850003465,71972.76791149446
2001-07-12 18:00:00,36282.0,36497.553018413484,-215.5530184134841,215.5530184134841,46463.10374716381
2001-07-12 19:00:00,34905.0,34976.39756688433,-71.3975668843268,71.3975668843268,5097.61255700192
2001-07-12 20:00:00,34448.0,34622.03722118984,-174.03722118984297,174.03722118984297,30288.954359482326
2001-07-12 21:00:00,34358.0,33927.52691018372,430.4730898162816,430.4730898162816,185307.08105597642
2001-07-12 22:00:00,31838.0,31948.99596363436,-110.99596363435921,110.99596363435921,12320.103943119993
2001-07-12 23:00:00,28718.0,28929.421731502644,-211.42173150264352,211.42173150264352,44699.14855157589
2001-07-13 00:00:00,26266.0,26020.539826955373,245.46017304462657,245.46017304462657,60250.69655109802
2001-07-13 01:00:00,24383.0,24569.22319209314,-186.22319209314082,186.22319209314082,34679.077273358824
2001-07-13 02:00:00,23372.0,23496.749036191948,-124.74903619194811,124.74903619194811,15562.322030819978
2001-07-13 03:00:00,22903.0,22757.251870698485,145.7481293015153,145.7481293015153,21242.51719489122
2001-07-13 04:00:00,23096.0,22920.23419545509,175.76580454490977,175.76580454490977,30893.618047319425
2001-07-13 05:00:00,24150.0,24319.75317581395,-169.75317581394847,169.75317581394847,28816.140698921303
2001-07-13 06:00:00,25871.0,26580.79967500534,-709.7996750053389,709.7996750053389,503815.57863768475
2001-07-13 07:00:00,29370.0,28651.063374441368,718.9366255586319,718.9366255586319,516869.87156963255
2001-07-13 08:00:00,31770.0,31788.838621141556,-18.83862114155636,18.83862114155636,354.89364651509425
2001-07-13 09:00:00,33555.0,33599.2938740336,-44.29387403360306,44.29387403360306,1961.9472769046954
2001-07-13 10:00:00,34988.0,34835.92015378406,152.0798462159364,152.0798462159364,23128.27962506287
2001-07-13 11:00:00,35800.0,35927.7634697314,-127.7634697313988,127.7634697313988,16323.504197806058
2001-07-13 12:00:00,36202.0,36208.834478142904,-6.834478142904118,6.834478142904118,46.71009148583412
2001-07-13 13:00:00,36456.0,36550.6186169663,-94.61861696629785,94.61861696629785,8952.682676614988
2001-07-13 14:00:00,36494.0,36746.85785119125,-252.8578511912492,252.8578511912492,63937.09290905593
2001-07-13 15:00:00,36311.0,36402.163881988214,-91.16388198821369,91.16388198821369,8310.853379160952
2001-07-13 16:00:00,36062.0,35981.76429338976,80.23570661024132,80.23570661024132,6437.768615244723
2001-07-13 17:00:00,35521.0,35577.914689711164,-56.9146897111641,56.9146897111641,3239.281904918089
2001-07-13 18:00:00,34484.0,34205.04156040264,278.95843959735794,278.95843959735794,77817.8110225928
2001-07-13 19:00:00,33143.0,33078.62138653438,64.3786134656184,64.3786134656184,4144.605871755502
2001-07-13 20:00:00,32504.0,32934.69984560434,-430.6998456043366,430.6998456043366,185502.35700359938
2001-07-13 21:00:00,32476.0,31924.1229067038,551.8770932961997,551.8770932961997,304568.3261050624
2001-07-13 22:00:00,30281.0,30325.850559126375,-44.85055912637472,44.85055912637472,2011.5726539484347
2001-07-13 23:00:00,27544.0,27564.107313914203,-20.107313914202678,20.107313914202678,404.3040728442886
2001-07-14 00:00:00,25229.0,24876.885157693698,352.1148423063023,352.1148423063023,123984.86217239214
2001-07-14 01:00:00,23572.0,23554.18757171442,17.81242828557879,17.81242828557879,317.28260142888735
2001-07-14 02:00:00,22534.0,22586.297947420615,-52.297947420614946,52.297947420614946,2735.0753044094054
2001-07-14 03:00:00,21988.0,21717.608136266463,270.3918637335373,270.3918637335373,73111.75997329582
2001-07-14 04:00:00,21740.0,21617.77172524628,122.22827475372105,122.22827475372105,14939.751149271124
2001-07-14 05:00:00,21911.0,21954.378498259863,-43.37849825986268,43.37849825986268,1881.6941112809097
2001-07-14 06:00:00,22299.0,22487.589987423384,-188.58998742338372,188.58998742338372,35566.18335635203
2001-07-14 07:00:00,24095.0,24007.3216644278,87.67833557220001,87.67833557220001,7687.490528711314
2001-07-14 08:00:00,26767.0,26556.344265075444,210.65573492455587,210.65573492455587,44375.83865660475
2001-07-14 09:00:00,28995.0,28739.36792043317,255.6320795668289,255.6320795668289,65347.760103661545
2001-07-14 10:00:00,30477.0,30492.268956982618,-15.268956982617965,15.268956982617965,233.14104733703792
2001-07-14 11:00:00,31227.0,31370.46538960914,-143.4653896091404,143.4653896091404,20582.31801570245
2001-07-14 12:00:00,31573.0,31644.98900380471,-71.98900380470877,71.98900380470877,5182.416668794374
2001-07-14 13:00:00,31531.0,31748.280914798408,-217.28091479840805,217.28091479840805,47210.99593563306
2001-07-14 14:00:00,31500.0,31563.574358180835,-63.57435818083468,63.57435818083468,4041.6990181050614
2001-07-14 15:00:00,31580.0,31649.919196293158,-69.91919629315817,69.91919629315817,4888.694010281182
2001-07-14 16:00:00,31742.0,31621.78482107662,120.21517892337943,120.21517892337943,14451.68924358013
2001-07-14 17:00:00,31871.0,31853.87133356147,17.128666438529763,17.128666438529763,293.39121396241586
2001-07-14 18:00:00,31358.0,31144.340213898427,213.65978610157254,213.65978610157254,45650.50419696973
2001-07-14 19:00:00,30548.0,30572.54502143304,-24.545021433041256,24.545021433041256,602.4580771484547
2001-07-14 20:00:00,30367.0,30436.210504805123,-69.21050480512349,69.21050480512349,4790.093975380022
2001-07-14 21:00:00,30727.0,29950.672998269507,776.3270017304931,776.3270017304931,602683.613615857
2001-07-14 22:00:00,28948.0,29041.60955198926,-93.60955198925876,93.60955198925876,8762.748223629738
2001-07-14 23:00:00,26751.0,26632.63316251678,118.36683748321957,118.36683748321957,14010.708215778914
2001-07-15 00:00:00,24498.0,24678.982724732585,-180.98272473258476,180.98272473258476,32754.746651630547
2001-07-15 01:00:00,23036.0,22950.622394783994,85.37760521600649,85.37760521600649,7289.335472420258
2001-07-15 02:00:00,22005.0,22007.465605253587,-2.4656052535865456,2.4656052535865456,6.0792092665135735
2001-07-15 03:00:00,21308.0,21276.075955184086,31.924044815914385,31.924044815914385,1019.1446374085101
2001-07-15 04:00:00,21066.0,20748.82599934444,317.1740006555592,317.1740006555592,100599.34669185267
2001-07-15 05:00:00,20792.0,21012.486041885037,-220.48604188503668,220.48604188503668,48614.09466613015
2001-07-15 06:00:00,20931.0,20877.7034573592,53.29654264080091,53.29654264080091,2840.5214574627093
2001-07-15 07:00:00,22445.0,22202.1635184317,242.83648156830168,242.83648156830168,58969.55678047212
2001-07-15 08:00:00,24864.0,24791.729876662263,72.27012333773746,72.27012333773746,5222.970727251784
2001-07-15 09:00:00,27002.0,27005.66443721012,-3.6644372101181943,3.6644372101181943,13.428100066898816
2001-07-15 10:00:00,28690.0,28892.416928263956,-202.41692826395592,202.41692826395592,40972.61284781548
2001-07-15 11:00:00,30100.0,29927.073600406784,172.92639959321605,172.92639959321605,29903.53967627263
2001-07-15 12:00:00,31066.0,30835.904171282742,230.09582871725797,230.09582871725797,52944.09039308172
2001-07-15 13:00:00,31611.0,31486.21864752019,124.78135247981118,124.78135247981118,15570.385926690878
2001-07-15 14:00:00,32081.0,32136.69991863181,-55.69991863180985,55.69991863180985,3102.480935590238
2001-07-15 15:00:00,32732.0,32579.208506955667,152.79149304433304,152.79149304433304,23345.24034671647
2001-07-15 16:00:00,33395.0,33268.989548046404,126.0104519535962,126.0104519535962,15878.634001549577
2001-07-15 17:00:00,33743.0,33635.51069600278,107.48930399722303,107.48930399722303,11553.950473807427
2001-07-15 18:00:00,33393.0,33487.71613513817,-94.71613513817283,94.71613513817283,8971.146255512618
2001-07-15 19:00:00,32711.0,32472.730397367763,238.26960263223737,238.26960263223737,56772.4035385243
2001-07-15 20:00:00,32789.0,32662.86361390512,126.13638609488044,126.13638609488044,15910.387897076747
2001-07-15 21:00:00,33342.0,32956.55067439684,385.44932560315647,385.44932560315647,148571.18260792815
2001-07-15 22:00:00,31504.0,32104.55251504705,-600.5525150470494,600.5525150470494,360663.3233293365
2001-07-15 23:00:00,28724.0,29374.826095778924,-650.8260957789244,650.8260957789244,423574.6069468376
2001-07-16 00:00:00,26394.0,26306.328209435236,87.6717905647638,87.6717905647638,7686.342860831806
2001-07-16 01:00:00,24940.0,24776.44113904801,163.55886095199094,163.55886095199094,26751.500995912706
2001-07-16 02:00:00,24095.0,24001.63535314504,93.36464685495957,93.36464685495957,8716.957282351312
2001-07-16 03:00:00,23600.0,23596.130196114013,3.869803885987494,3.869803885987494,14.97538211600391
2001-07-16 04:00:00,23804.0,23888.05023162003,-84.05023162002908,84.05023162002908,7064.441435380536
2001-07-16 05:00:00,24996.0,24840.59774613556,155.40225386443853,155.40225386443853,24149.8605061474
2001-07-16 06:00:00,27109.0,27317.677910344737,-208.67791034473703,208.67791034473703,43546.4702658461
2001-07-16 07:00:00,30638.0,30108.6300702212,529.3699297788007,529.3699297788007,280232.5225540124
2001-07-16 08:00:00,33634.0,33428.29749071104,205.70250928895985,205.70250928895985,42313.52232777461
2001-07-16 09:00:00,35965.0,35745.55430279281,219.445697207193,219.445697207193,48156.414022751036
2001-07-16 10:00:00,38073.0,37827.03259974647,245.9674002535321,245.9674002535321,60499.96198748126
2001-07-16 11:00:00,39563.0,39800.93198806849,-237.9319880684925,237.9319880684925,56611.63094622526
2001-07-16 12:00:00,40660.0,40809.89943012872,-149.89943012871663,149.89943012871663,22469.839152914
2001-07-16 13:00:00,41719.0,41552.46461200049,166.5353879995091,166.5353879995091,27734.035456147045
2001-07-16 14:00:00,42369.0,42274.58393142358,94.41606857642182,94.41606857642182,8914.394005427588
2001-07-16 15:00:00,42689.0,42473.62408277545,215.37591722454817,215.37591722454817,46386.78572031543
2001-07-16 16:00:00,42773.0,42679.56917448136,93.43082551864063,93.43082551864063,8729.31915709467
2001-07-16 17:00:00,42423.0,42407.09600206507,15.903997934932704,15.903997934932704,252.9371503143437
2001-07-16 18:00:00,41486.0,40991.95548464995,494.04451535004773,494.04451535004773,244079.98314746356
2001-07-16 19:00:00,40210.0,40000.222708869216,209.77729113078385,209.77729113078385,44006.51187416964
2001-07-16 20:00:00,39790.0,39766.924198243585,23.075801756414876,23.075801756414876,532.4926267013599
2001-07-16 21:00:00,39480.0,39557.436269062666,-77.43626906266581,77.43626906266581,5996.375766345574
2001-07-16 22:00:00,36432.0,36210.75098986946,221.2490101305375,221.2490101305375,48951.124483742686
2001-07-16 23:00:00,32989.0,33136.097027839496,-147.09702783949615,147.09702783949615,21637.535599213505
2001-07-17 00:00:00,30270.0,29842.086955218376,427.9130447816242,427.9130447816242,183109.5738942803
2001-07-17 01:00:00,28489.0,28282.460120537013,206.5398794629873,206.5398794629873,42658.721808585324
2001-07-17 02:00:00,27302.0,27245.805697625678,56.19430237432243,56.19430237432243,3157.79961933678
2001-07-17 03:00:00,26594.0,26336.705528165985,257.294471834015,257.294471834015,66200.44523634473
2001-07-17 04:00:00,26656.0,26553.496813911224,102.50318608877569,102.50318608877569,10506.903158350178
2001-07-17 05:00:00,28002.0,27746.077262516283,255.92273748371736,255.92273748371736,65496.44756115971
2001-07-17 06:00:00,30259.0,30481.223050935347,-222.2230509353467,222.2230509353467,49383.08436701369
2001-07-17 07:00:00,33475.0,33246.99509388799,228.00490611200803,228.00490611200803,51986.2372111456
2001-07-17 08:00:00,36170.0,36078.89468621069,91.10531378931046,91.10531378931046,8300.178200648723
2001-07-17 09:00:00,38365.0,38491.97227360879,-126.97227360879333,126.97227360879333,16121.958265386274
2001-07-17 10:00:00,40548.0,40314.38253121949,233.61746878051053,233.61746878051053,54577.12171941281
2001-07-17 11:00:00,42652.0,41978.97864631931,673.0213536806914,673.0213536806914,452957.7425101903
2001-07-17 12:00:00,43931.0,43859.91051762358,71.08948237641744,71.08948237641744,5053.714504546965
2001-07-17 13:00:00,45032.0,45152.217554047034,-120.21755404703435,120.21755404703435,14452.260301051627
2001-07-17 14:00:00,45986.0,45654.52159417349,331.4784058265068,331.4784058265068,109877.93352928232
2001-07-17 15:00:00,46552.0,46401.0877228796,150.91227712039836,150.91227712039836,22774.515385663908
2001-07-17 16:00:00,46845.0,46646.39426222009,198.60573777990794,198.60573777990794,39444.23907910155
2001-07-17 17:00:00,46442.0,46931.23862537675,-489.2386253767472,489.2386253767472,239354.4325605292
2001-07-17 18:00:00,45230.0,45315.86095603136,-85.86095603136346,85.86095603136346,7372.1037706197285
2001-07-17 19:00:00,43566.0,44103.04172403126,-537.04172403126,537.04172403126,288413.81335046794
2001-07-17 20:00:00,42983.0,42854.88025278937,128.1197472106287,128.1197472106287,16414.6696253154
2001-07-17 21:00:00,41884.0,41895.83030005771,-11.830300057707063,11.830300057707063,139.95599945538376
2001-07-17 22:00:00,38308.0,38862.47567528909,-554.4756752890898,554.4756752890898,307443.2744872922
2001-07-17 23:00:00,34642.0,34631.513340988255,10.48665901174536,10.48665901174536,109.97001722862016
2001-07-18 00:00:00,31607.0,31472.001012317374,134.99898768262574,134.99898768262574,18224.726675333735
2001-07-18 01:00:00,29735.0,29621.696971414705,113.30302858529467,113.30302858529467,12837.5762866001
2001-07-18 02:00:00,28289.0,28439.23296548757,-150.23296548756844,150.23296548756844,22569.94391918893
2001-07-18 03:00:00,27532.0,27389.793795313577,142.206204686423,142.206204686423,20222.604651316837
2001-07-18 04:00:00,27496.0,27305.84243411612,190.15756588388103,190.15756588388103,36159.89986288256
2001-07-18 05:00:00,28774.0,28459.188666750546,314.81133324945404,314.81133324945404,99106.1755422988
2001-07-18 06:00:00,31071.0,31170.321780310842,-99.32178031084186,99.32178031084186,9864.816044115134
2001-07-18 07:00:00,33813.0,33810.67871414458,2.3212858554179547,2.3212858554179547,5.388368022563466
2001-07-18 08:00:00,35922.0,36163.23647978862,-241.23647978861845,241.23647978861845,58195.03918080452
2001-07-18 09:00:00,36820.0,37827.158691517994,-1007.1586915179942,1007.1586915179942,1014368.6299002381
2001-07-18 10:00:00,38049.0,38598.98541524004,-549.9854152400367,549.9854152400367,302483.9569767556
2001-07-18 11:00:00,38872.0,39105.50921453795,-233.50921453795308,233.50921453795308,54526.5532741318
2001-07-18 12:00:00,39291.0,39601.49647779284,-310.49647779283987,310.49647779283987,96408.0627217595
2001-07-18 13:00:00,39808.0,40022.151094490706,-214.15109449070587,214.15109449070587,45860.69127156724
2001-07-18 14:00:00,40256.0,40370.50629849975,-114.50629849974939,114.50629849974939,13111.692396113709
2001-07-18 15:00:00,40497.0,40489.842235801705,7.157764198294899,7.157764198294899,51.233588318392215
2001-07-18 16:00:00,40619.0,40554.143281657845,64.85671834215464,64.85671834215464,4206.393914113578
2001-07-18 17:00:00,40387.0,39882.53626493341,504.4637350665871,504.4637350665871,254483.6599973318
2001-07-18 18:00:00,39316.0,38918.2277289682,397.7722710317976,397.7722710317976,158222.77960179382
2001-07-18 19:00:00,37892.0,38100.784348541994,-208.7843485419944,208.7843485419944,43590.904196105
2001-07-18 20:00:00,37566.0,37045.578064402,520.4219355980022,520.4219355980022,270838.9910515711
2001-07-18 21:00:00,37290.0,36857.35960987675,432.6403901232479,432.6403901232479,187177.70716599617
2001-07-18 22:00:00,34659.0,34538.24413507253,120.75586492747243,120.75586492747243,14581.978914381965
2001-07-18 23:00:00,31462.0,31486.575432643916,-24.57543264391643,24.57543264391643,603.9518896356732
2001-07-19 00:00:00,28801.0,28821.572122168436,-20.57212216843618,20.57212216843618,423.2122105130633
2001-07-19 01:00:00,27073.0,27156.17024176643,-83.17024176643099,83.17024176643099,6917.289115486582
2001-07-19 02:00:00,26061.0,26105.936150255246,-44.93615025524559,44.93615025524559,2019.2575997620086
2001-07-19 03:00:00,25447.0,25394.142492267223,52.85750773277687,52.85750773277687,2793.9161237205662
2001-07-19 04:00:00,25560.0,25642.273975870063,-82.27397587006271,82.27397587006271,6769.007105467662
2001-07-19 05:00:00,26923.0,26978.90521607959,-55.9052160795909,55.9052160795909,3125.393184905749
2001-07-19 06:00:00,29167.0,29901.636755121668,-734.6367551216681,734.6367551216681,539691.1619756938
2001-07-19 07:00:00,32011.0,32167.245130530435,-156.24513053043484,156.24513053043484,24412.54081447262
2001-07-19 08:00:00,34023.0,34432.200469945616,-409.2004699456156,409.2004699456156,167445.02460371266
2001-07-19 09:00:00,35188.0,35470.758945345304,-282.7589453453038,282.7589453453038,79952.6211727885
2001-07-19 10:00:00,36551.0,36103.202895845585,447.79710415441514,447.79710415441514,200522.2464890801
2001-07-19 11:00:00,37441.0,37585.006777342045,-144.0067773420451,144.0067773420451,20737.951920441352
2001-07-19 12:00:00,38102.0,37824.891064481264,277.10893551873596,277.10893551873596,76789.36214432697
2001-07-19 13:00:00,38813.0,38582.835252439305,230.1647475606951,230.1647475606951,52975.811019678506
2001-07-19 14:00:00,39288.0,39081.493285582954,206.50671441704617,206.50671441704617,42645.023099323465
2001-07-19 15:00:00,39789.0,39459.01960195599,329.98039804401196,329.98039804401196,108887.06309328457
2001-07-19 16:00:00,39960.0,40122.17939253703,-162.17939253702934,162.17939253702934,26302.15536367985
2001-07-19 17:00:00,39690.0,39565.8406459138,124.15935408620135,124.15935408620135,15415.545207102723
2001-07-19 18:00:00,38421.0,38505.982156923514,-84.98215692351368,84.98215692351368,7221.966995372705
2001-07-19 19:00:00,36738.0,37030.41349549068,-292.4134954906767,292.4134954906767,85505.65234507601
2001-07-19 20:00:00,36209.0,36225.566072427646,-16.56607242764585,16.56607242764585,274.43475567800806
2001-07-19 21:00:00,35986.0,35215.57280519397,770.4271948060268,770.4271948060268,593558.0624966836
2001-07-19 22:00:00,33280.0,33527.793602611506,-247.79360261150578,247.79360261150578,61401.66949518884
2001-07-19 23:00:00,30351.0,30084.411594286514,266.5884057134863,266.5884057134863,71069.37806085836
2001-07-20 00:00:00,27461.0,27659.91151106179,-198.9115110617895,198.9115110617895,39565.7892328844
2001-07-20 01:00:00,25807.0,25713.378041833486,93.62195816651365,93.62195816651365,8765.071050932433
2001-07-20 02:00:00,24642.0,24742.27451509525,-100.27451509525054,100.27451509525054,10054.978377587628
2001-07-20 03:00:00,24072.0,24039.037950344115,32.962049655885494,32.962049655885494,1086.496717517061
2001-07-20 04:00:00,24075.0,23971.05404198752,103.94595801247851,103.94595801247851,10804.762187131946
2001-07-20 05:00:00,25286.0,25150.647482724093,135.3525172759073,135.3525172759073,18320.303932924784
2001-07-20 06:00:00,27259.0,27595.728600285875,-336.72860028587456,336.72860028587456,113386.15025048428
2001-07-20 07:00:00,30418.0,30170.96744771084,247.03255228916169,247.03255228916169,61025.0818904974
2001-07-20 08:00:00,32686.0,32705.997137469636,-19.997137469636073,19.997137469636073,399.885506979523
2001-07-20 09:00:00,34478.0,34504.10270404135,-26.102704041346442,26.102704041346442,681.3511582701238
2001-07-20 10:00:00,36329.0,35964.273931778785,364.7260682212145,364.7260682212145,133025.10484010604
2001-07-20 11:00:00,37210.0,37412.5954197635,-202.5954197635001,202.5954197635001,41044.90410914881
2001-07-20 12:00:00,37759.0,37825.196047338075,-66.196047338075,66.196047338075,4381.916683184667
2001-07-20 13:00:00,38185.0,38280.25376163413,-95.25376163412875,95.25376163412875,9073.279105451418
2001-07-20 14:00:00,38682.0,38334.606861570275,347.3931384297248,347.3931384297248,120681.99262805392
2001-07-20 15:00:00,38863.0,38684.56015311975,178.43984688024648,178.43984688024648,31840.778954645808
2001-07-20 16:00:00,39037.0,38872.53111199289,164.46888800711167,164.46888800711167,27050.01512229584
2001-07-20 17:00:00,38702.0,38904.2619043759,-202.26190437589685,202.26190437589685,40909.87796176444
2001-07-20 18:00:00,37500.0,37408.87412373121,91.12587626878667,91.12587626878667,8303.925325754217
2001-07-20 19:00:00,35872.0,35523.506941318876,348.49305868112424,348.49305868112424,121447.4119489255
2001-07-20 20:00:00,34697.0,35298.339590312156,-601.3395903121564,601.3395903121564,361609.30287679203
2001-07-20 21:00:00,34348.0,34169.53613518026,178.46386481974332,178.46386481974332,31849.351046399617
2001-07-20 22:00:00,31922.0,32125.60832098673,-203.60832098672836,203.60832098672836,41456.348375034606
2001-07-20 23:00:00,28879.0,29291.035541739653,-412.0355417396531,412.0355417396531,169773.28765668944
2001-07-21 00:00:00,26404.0,26263.82500273807,140.1749972619291,140.1749972619291,19649.02985738183
2001-07-21 01:00:00,24422.0,24681.909511472066,-259.9095114720658,259.9095114720658,67552.9541536479
2001-07-21 02:00:00,23405.0,23414.872554693728,-9.87255469372758,9.87255469372758,97.46733618064246
2001-07-21 03:00:00,22635.0,22671.475078750696,-36.47507875069641,36.47507875069641,1330.4313698695048
2001-07-21 04:00:00,22323.0,22297.7159090225,25.284090977500455,25.284090977500455,639.2852565585199
2001-07-21 05:00:00,22404.0,22563.604557092032,-159.60455709203234,159.60455709203234,25473.61464454381
2001-07-21 06:00:00,22674.0,22769.761258384027,-95.76125838402731,95.76125838402731,9170.218607292441
2001-07-21 07:00:00,24646.0,23892.899900512748,753.100099487252,753.100099487252,567159.7598477089
2001-07-21 08:00:00,27408.0,27516.695042775715,-108.69504277571468,108.69504277571468,11814.612324014444
2001-07-21 09:00:00,29966.0,29640.423155387856,325.57684461214376,325.57684461214376,106000.2817476
2001-07-21 10:00:00,31825.0,31729.711098528427,95.2889014715729,95.2889014715729,9079.974743659128
2001-07-21 11:00:00,33224.0,33124.50053733947,99.49946266053303,99.49946266053303,9900.143069734806
2001-07-21 12:00:00,33961.0,34068.19907610737,-107.19907610736846,107.19907610736846,11491.641918273375
2001-07-21 13:00:00,34445.0,34409.820600595805,35.179399404194555,35.179399404194555,1237.5901424398442
2001-07-21 14:00:00,34978.0,34624.658228645094,353.3417713549061,353.3417713549061,124850.40738422274
2001-07-21 15:00:00,35566.0,35532.37429055601,33.6257094439934,33.6257094439934,1130.688335611867
2001-07-21 16:00:00,36011.0,35818.383356016755,192.616643983245,192.616643983245,37101.17153936816
2001-07-21 17:00:00,36088.0,35954.77053325433,133.22946674567356,133.22946674567356,17750.090809336536
2001-07-21 18:00:00,35466.0,35146.84017773845,319.1598222615503,319.1598222615503,101862.99214602438
2001-07-21 19:00:00,34232.0,34325.1899698984,-93.18996989839798,93.18996989839798,8684.370489664321
2001-07-21 20:00:00,33645.0,34460.027795774484,-815.0277957744838,815.0277957744838,664270.3078850138
2001-07-21 21:00:00,33589.0,33344.644176436865,244.35582356313535,244.35582356313535,59709.76850921813
2001-07-21 22:00:00,31510.0,31970.92173450221,-460.9217345022116,460.9217345022116,212448.84533652727
2001-07-21 23:00:00,28860.0,29138.709582290256,-278.70958229025564,278.70958229025564,77679.03126040878
2001-07-22 00:00:00,26328.0,26496.94750827117,-168.94750827116877,168.94750827116877,28543.26055103664
2001-07-22 01:00:00,24433.0,24653.178849855398,-220.17884985539786,220.17884985539786,48478.725923645834
2001-07-22 02:00:00,23251.0,23380.84627698512,-129.84627698512122,129.84627698512122,16860.05564689682
2001-07-22 03:00:00,22566.0,22428.184757910854,137.8152420891456,137.8152420891456,18993.040952089814
2001-07-22 04:00:00,22057.0,22135.28557453496,-78.28557453495887,78.28557453495887,6128.6311802686005
2001-07-22 05:00:00,22003.0,21920.54026112073,82.45973887927175,82.45973887927175,6799.608536037682
2001-07-22 06:00:00,21908.0,21876.077617532475,31.922382467524585,31.922382467524585,1019.038502402921
2001-07-22 07:00:00,23210.0,22865.472414112668,344.52758588733195,344.52758588733195,118699.25743735289
2001-07-22 08:00:00,25858.0,25424.514655125673,433.485344874327,433.485344874327,187909.5442208142
2001-07-22 09:00:00,28274.0,28313.947040577434,-39.947040577433654,39.947040577433654,1595.766050895131
2001-07-22 10:00:00,30462.0,30341.369076788094,120.63092321190561,120.63092321190561,14551.819634956668
2001-07-22 11:00:00,32120.0,31892.238330295517,227.7616697044832,227.7616697044832,51875.378186574104
2001-07-22 12:00:00,33129.0,33532.3648174155,-403.36481741550233,403.36481741550233,162703.17592864152
2001-07-22 13:00:00,34190.0,34032.02441091878,157.975589081223,157.975589081223,24956.286745559424
2001-07-22 14:00:00,35056.0,35065.73178893048,-9.731788930483162,9.731788930483162,94.70771578747461
2001-07-22 15:00:00,35782.0,35903.331699188966,-121.33169918896601,121.33169918896601,14721.381228081736
2001-07-22 16:00:00,36434.0,36362.92356312173,71.0764368782693,71.0764368782693,5051.859879310601
2001-07-22 17:00:00,36752.0,36554.24336850206,197.75663149794127,197.75663149794127,39107.68530141254
2001-07-22 18:00:00,36268.0,36016.01589441561,251.98410558439355,251.98410558439355,63495.98946716679
2001-07-22 19:00:00,35294.0,35150.337709822474,143.6622901775263,143.6622901775263,20638.85361905177
2001-07-22 20:00:00,34810.0,35651.877844089344,-841.8778440893439,841.8778440893439,708758.3043685216
2001-07-22 21:00:00,35273.0,34707.45057594577,565.5494240542321,565.5494240542321,319846.1510480736
2001-07-22 22:00:00,33241.0,33629.06808743266,-388.0680874326572,388.0680874326572,150596.84048364047
2001-07-22 23:00:00,30638.0,30867.569493415864,-229.5694934158637,229.5694934158637,52702.15230721628
2001-07-23 00:00:00,28206.0,28245.51921341828,-39.51921341827983,39.51921341827983,1561.7682291995488
2001-07-23 01:00:00,26582.0,26727.36461784984,-145.3646178498384,145.3646178498384,21130.872122629557
2001-07-23 02:00:00,25679.0,25469.632875530322,209.36712446967795,209.36712446967795,43834.592808701615
2001-07-23 03:00:00,25308.0,25092.627860303834,215.3721396961664,215.3721396961664,46385.15855730502
2001-07-23 04:00:00,25354.0,25354.014043293693,-0.014043293693248415,0.014043293693248415,0.0001972140977548307
2001-07-23 05:00:00,26669.0,26398.204485032493,270.7955149675072,270.7955149675072,73330.21092651741
2001-07-23 06:00:00,29020.0,29065.933912639084,-45.933912639084156,45.933912639084156,2109.924330335015
2001-07-23 07:00:00,32396.0,32067.623365303527,328.37663469647305,328.37663469647305,107831.2142145809
2001-07-23 08:00:00,35539.0,35186.39782126395,352.6021787360514,352.6021787360514,124328.29644941035
2001-07-23 09:00:00,38242.0,37522.36606210205,719.6339378979465,719.6339378979465,517873.00457450544
2001-07-23 10:00:00,40929.0,40194.92286191502,734.0771380849765,734.0771380849765,538869.2446590296
2001-07-23 11:00:00,43170.0,43035.306947888566,134.69305211143364,134.69305211143364,18142.21828709338
2001-07-23 12:00:00,44712.0,44661.12874137491,50.871258625091286,50.871258625091286,2587.8849541009245
2001-07-23 13:00:00,46320.0,45906.72790884904,413.2720911509605,413.2720911509605,170793.8213242878
2001-07-23 14:00:00,47067.0,46918.360508737154,148.6394912628457,148.6394912628457,22093.69836287758
2001-07-23 15:00:00,47839.0,47322.92561649874,516.0743835012618,516.0743835012618,266332.7693062074
2001-07-23 16:00:00,48428.0,47830.75983549228,597.2401645077189,597.2401645077189,356695.8141012071
2001-07-23 17:00:00,48332.0,47741.18913501241,590.8108649875867,590.8108649875867,349057.47818738036
2001-07-23 18:00:00,47327.0,46941.68272605424,385.31727394575864,385.31727394575864,148469.40160099082
2001-07-23 19:00:00,45700.0,45146.70168372895,553.2983162710516,553.2983162710516,306139.02678838064
2001-07-23 20:00:00,44738.0,44868.156869544895,-130.15686954489502,130.15686954489502,16940.81068972682
2001-07-23 21:00:00,44236.0,44268.528938221854,-32.52893822185433,32.52893822185433,1058.1318218412157
2001-07-23 22:00:00,40789.0,41891.18778682001,-1102.18778682001,1102.18778682001,1214817.9174151917
2001-07-23 23:00:00,37011.0,37338.10922154451,-327.10922154450964,327.10922154450964,107000.44281945509
2001-07-24 00:00:00,33898.0,33757.26729968426,140.73270031574066,140.73270031574066,19805.69293816007
2001-07-24 01:00:00,31936.0,31567.128495625915,368.8715043740849,368.8715043740849,136066.18673920055
2001-07-24 02:00:00,30660.0,30775.839828499727,-115.83982849972745,115.83982849972745,13418.865866846267
2001-07-24 03:00:00,29790.0,29711.43492349402,78.56507650597996,78.56507650597996,6172.471246390484
2001-07-24 04:00:00,29754.0,29662.750725083588,91.2492749164121,91.2492749164121,8326.430172770955
2001-07-24 05:00:00,31027.0,30583.361305843133,443.63869415686713,443.63869415686713,196815.2909532103
2001-07-24 06:00:00,33470.0,33246.41531646894,223.58468353105854,223.58468353105854,49990.1107096836
2001-07-24 07:00:00,36828.0,36687.16924383526,140.83075616473798,140.83075616473798,19833.301881931882
2001-07-24 08:00:00,39517.0,40020.424568353345,-503.4245683533445,503.4245683533445,253436.29602175124
2001-07-24 09:00:00,41974.0,41994.88822366079,-20.888223660789663,20.888223660789663,436.3178877031731
2001-07-24 10:00:00,44690.0,44101.70730232175,588.2926976782474,588.2926976782474,346088.29814154975
2001-07-24 11:00:00,46912.0,46690.01851967455,221.9814803254485,221.9814803254485,49275.77760747748
2001-07-24 12:00:00,48486.0,48152.05455297061,333.9454470293931,333.9454470293931,111519.5615916612
2001-07-24 13:00:00,49564.0,49072.61485387489,491.3851461251106,491.3851461251106,241459.36183239633
2001-07-24 14:00:00,50410.0,49223.909126707855,1186.0908732921453,1186.0908732921453,1406811.5597069238
2001-07-24 15:00:00,51104.0,49466.464703606776,1637.5352963932237,1637.5352963932237,2681521.846933643
2001-07-24 16:00:00,51550.0,49244.59095616476,2305.409043835243,2305.409043835243,5314910.85939733
2001-07-24 17:00:00,51508.0,48923.46284259832,2584.5371574016826,2584.5371574016826,6679832.31798997
2001-07-24 18:00:00,50482.0,47545.17363375846,2936.826366241541,2936.826366241541,8624949.105451494
2001-07-24 19:00:00,49002.0,47452.30013999881,1549.6998600011866,1549.6998600011866,2401569.6560876975
2001-07-24 20:00:00,48570.0,47640.10217610997,929.8978238900308,929.8978238900308,864709.9628754149
2001-07-24 21:00:00,47952.0,47423.90196611022,528.0980338897789,528.0980338897789,278887.53339825006
2001-07-24 22:00:00,44315.0,45551.73220545546,-1236.7322054554606,1236.7322054554606,1529506.5480107276
2001-07-24 23:00:00,40438.0,41240.05709342788,-802.0570934278803,802.0570934278803,643295.5811179795
2001-07-25 00:00:00,37386.0,37032.3470674416,353.6529325583979,353.6529325583979,125070.39670715472
2001-07-25 01:00:00,35120.0,34710.4735216067,409.52647839330166,409.52647839330166,167711.93650521938
2001-07-25 02:00:00,34081.0,33284.34248624956,796.6575137504406,796.6575137504406,634663.1942150334
2001-07-25 03:00:00,33230.0,33058.923571024505,171.07642897549522,171.07642897549522,29267.14455100766
2001-07-25 04:00:00,33230.0,32945.65369804028,284.3463019597184,284.3463019597184,80852.81943816735
2001-07-25 05:00:00,34212.0,33460.944143595334,751.055856404666,751.055856404666,564084.8994397463
2001-07-25 06:00:00,36335.0,36452.30465229632,-117.30465229631955,117.30465229631955,13760.381450360426
2001-07-25 07:00:00,39759.0,39342.7236540577,416.2763459423004,416.2763459423004,173285.99619107376
2001-07-25 08:00:00,42732.0,41995.398146086736,736.6018539132638,736.6018539132638,542582.2911884572
2001-07-25 09:00:00,45413.0,44493.87468968362,919.1253103163835,919.1253103163835,844791.3360641884
2001-07-25 10:00:00,47775.0,46829.27475598931,945.7252440106895,945.7252440106895,894396.2371590782
2001-07-25 11:00:00,49761.0,49111.96822497458,649.031775025418,649.031775025418,421242.2449926448
2001-07-25 12:00:00,50807.0,49287.96304715698,1519.0369528430165,1519.0369528430165,2307473.264102597
2001-07-25 13:00:00,51686.0,49589.63098472418,2096.369015275821,2096.369015275821,4394763.048208515
2001-07-25 14:00:00,52132.0,49414.717413174454,2717.282586825546,2717.282586825546,7383624.65666533
2001-07-25 15:00:00,51959.0,49384.51317704329,2574.4868229567073,2574.4868229567073,6627982.40157772
2001-07-25 16:00:00,52024.0,49036.96849746979,2987.0315025302116,2987.0315025302116,8922357.197107892
2001-07-25 17:00:00,51477.0,48639.53151370637,2837.4684862936265,2837.4684862936265,8051227.410709444
2001-07-25 18:00:00,50398.0,47923.41182223022,2474.5881777697796,2474.5881777697796,6123586.649557958
2001-07-25 19:00:00,48930.0,47878.26728944023,1051.7327105597724,1051.7327105597724,1106141.694461406
2001-07-25 20:00:00,48362.0,47748.17996482269,613.8200351773121,613.8200351773121,376775.03558507666
2001-07-25 21:00:00,47017.0,48083.94585461271,-1066.9458546127134,1066.9458546127134,1138373.4566752536
2001-07-25 22:00:00,43487.0,45225.41154169984,-1738.4115416998393,1738.4115416998393,3022074.6883152123
2001-07-25 23:00:00,39599.0,40135.070026715046,-536.070026715046,536.070026715046,287371.0735422701
2001-07-26 00:00:00,36472.0,35638.983392956696,833.0166070433042,833.0166070433042,693916.6676099388
2001-07-26 01:00:00,34674.0,33613.93949307839,1060.0605069216108,1060.0605069216108,1123728.2783349024
2001-07-26 02:00:00,33251.0,33765.81377793432,-514.8137779343233,514.8137779343233,265033.22595101077
2001-07-26 03:00:00,32287.0,32286.61305168498,0.38694831501925364,0.38694831501925364,0.14972899849623955
2001-07-26 04:00:00,32192.0,32252.962231870108,-60.962231870107644,60.962231870107644,3716.393714584768
2001-07-26 05:00:00,33286.0,33093.522809145165,192.4771908548355,192.4771908548355,37047.46899936877
2001-07-26 06:00:00,35488.0,35394.77201295794,93.2279870420607,93.2279870420607,8691.457567914638
2001-07-26 07:00:00,38241.0,38293.00381207163,-52.00381207162718,52.00381207162718,2704.3964699811168
2001-07-26 08:00:00,40295.0,40676.312044505314,-381.3120445053137,381.3120445053137,145398.8752848223
2001-07-26 09:00:00,41562.0,41782.68953741757,-220.68953741757286,220.68953741757286,48703.871925582294
2001-07-26 10:00:00,42376.0,42948.42744491648,-572.4274449164805,572.4274449164805,327673.1796936103
2001-07-26 11:00:00,42624.0,43469.344562307335,-845.3445623073349,845.3445623073349,714607.4290225796
2001-07-26 12:00:00,42584.0,43659.59662774966,-1075.5966277496627,1075.5966277496627,1156908.1056264464
2001-07-26 13:00:00,42285.0,43598.08899648927,-1313.0889964892704,1313.0889964892704,1724202.712701199
2001-07-26 14:00:00,41695.0,43285.2889943469,-1590.288994346898,1590.288994346898,2529019.0855408683
2001-07-26 15:00:00,40597.0,42221.40808313981,-1624.4080831398096,1624.4080831398096,2638701.6205699504
2001-07-26 16:00:00,39887.0,41006.663150098975,-1119.6631500989752,1119.6631500989752,1253645.5696895602
2001-07-26 17:00:00,39006.0,39980.06687356713,-974.0668735671279,974.0668735671279,948806.2741808392
2001-07-26 18:00:00,37808.0,38192.676884340945,-384.6768843409445,384.6768843409445,147976.3053462564
2001-07-26 19:00:00,36404.0,36700.16675476675,-296.166754766753,296.166754766753,87714.74662907001
2001-07-26 20:00:00,36157.0,35805.5737480551,351.42625194489665,351.42625194489665,123500.41055603797
2001-07-26 21:00:00,36129.0,35334.243700994746,794.7562990052538,794.7562990052538,631637.5748085284
2001-07-26 22:00:00,34289.0,34067.89842137807,221.10157862192864,221.10157862192864,48885.90806910889
2001-07-26 23:00:00,32440.0,31558.552146552025,881.4478534479749,881.4478534479749,776950.3183480427
2001-07-27 00:00:00,30611.0,30113.877336896003,497.1226631039972,497.1226631039972,247130.94217161028
2001-07-27 01:00:00,26213.0,28907.568460563543,-2694.5684605635433,2694.5684605635433,7260699.1886637835
2001-07-27 02:00:00,24980.0,25097.057145713614,-117.05714571361386,117.05714571361386,13702.375362618228
2001-07-27 03:00:00,24139.0,24612.84685974271,-473.84685974270906,473.84685974270906,224530.84648802658
2001-07-27 04:00:00,24217.0,24347.15568448805,-130.1556844880506,130.1556844880506,16940.502204552977
2001-07-27 05:00:00,25080.0,25316.007052420522,-236.0070524205221,236.0070524205221,55699.32879222306
2001-07-27 06:00:00,26963.0,27071.9770300367,-108.97703003670176,108.97703003670176,11875.993075620197
2001-07-27 07:00:00,29602.0,29790.43228928676,-188.43228928676035,188.43228928676035,35506.72764584934
2001-07-27 08:00:00,31805.0,31702.00060930161,102.99939069839093,102.99939069839093,10608.87448423978
2001-07-27 09:00:00,33207.0,33901.27877000212,-694.2787700021217,694.2787700021217,482023.01047565904
2001-07-27 10:00:00,34375.0,34402.336151293355,-27.336151293355215,27.336151293355215,747.265167533206
2001-07-27 11:00:00,35029.0,35138.09780380321,-109.09780380321172,109.09780380321172,11902.330794684078
2001-07-27 12:00:00,35422.0,35161.86060599344,260.1393940065609,260.1393940065609,67672.50431410073
2001-07-27 13:00:00,35776.0,35716.43542554278,59.56457445721753,59.56457445721753,3547.9385302694113
2001-07-27 14:00:00,36064.0,35868.49422196545,195.50577803455235,195.50577803455235,38222.50924489565
2001-07-27 15:00:00,36149.0,36381.676718249226,-232.67671824922581,232.67671824922581,54138.45521522962
2001-07-27 16:00:00,36323.0,36258.759742743976,64.24025725602405,64.24025725602405,4126.81065232015
2001-07-27 17:00:00,35897.0,35915.847003760035,-18.847003760034568,18.847003760034568,355.20955073075714
2001-07-27 18:00:00,34552.0,34886.97809768017,-334.9780976801703,334.9780976801703,112210.32592542573
2001-07-27 19:00:00,32860.0,33083.05264128741,-223.05264128740964,223.05264128740964,49752.48078528984
2001-07-27 20:00:00,32567.0,32393.990880937006,173.0091190629937,173.0091190629937,29932.15527895313
2001-07-27 21:00:00,32347.0,31833.287680680918,513.7123193190819,513.7123193190819,263900.3470201903
2001-07-27 22:00:00,30010.0,30308.20305090219,-298.2030509021897,298.2030509021897,88925.05956737394
2001-07-27 23:00:00,27428.0,27367.613800625622,60.38619937437761,60.38619937437761,3646.493074882083
2001-07-28 00:00:00,25145.0,24748.109491703457,396.890508296543,396.890508296543,157522.07557588824
2001-07-28 01:00:00,23559.0,23418.337101153178,140.66289884682192,140.66289884682192,19786.051111991255
2001-07-28 02:00:00,22564.0,22509.459679931377,54.54032006862326,54.54032006862326,2974.646513187869
2001-07-28 03:00:00,21894.0,21707.650598715307,186.34940128469316,186.34940128469316,34726.0993591636
2001-07-28 04:00:00,21752.0,21740.370881486408,11.629118513592402,11.629118513592402,135.23639740317756
2001-07-28 05:00:00,21968.0,21817.398144937393,150.60185506260677,150.60185506260677,22680.918748298416
2001-07-28 06:00:00,22517.0,22111.971519923627,405.02848007637294,405.02848007637294,164048.06967297682
2001-07-28 07:00:00,23868.0,23927.871767174125,-59.871767174125125,59.871767174125125,3584.628504552647
2001-07-28 08:00:00,26437.0,25890.309720078123,546.6902799218769,546.6902799218769,298870.2621610602
2001-07-28 09:00:00,28654.0,28248.0185788259,405.9814211740995,405.9814211740995,164820.9143385416
2001-07-28 10:00:00,30260.0,29976.54359162786,283.4564083721416,283.4564083721416,80347.5354472343
2001-07-28 11:00:00,31210.0,30980.287468130933,229.71253186906688,229.71253186906688,52767.847297697066
2001-07-28 12:00:00,31452.0,31696.677091572074,-244.67709157207355,244.67709157207355,59866.879140168865
2001-07-28 13:00:00,31572.0,31554.4688774159,17.53112258409965,17.53112258409965,307.34025905872875
2001-07-28 14:00:00,31568.0,31458.900864094576,109.09913590542419,109.09913590542419,11902.621455310218
2001-07-28 15:00:00,31513.0,31536.802025641424,-23.802025641423825,23.802025641423825,566.5364246349973
2001-07-28 16:00:00,31712.0,31524.734341399297,187.26565860070332,187.26565860070332,35068.42689115517
2001-07-28 17:00:00,31707.0,31718.30975324886,-11.309753248860943,11.309753248860943,127.91051855012066
2001-07-28 18:00:00,31106.0,31131.525496298204,-25.525496298203507,25.525496298203507,651.550961269601
2001-07-28 19:00:00,30081.0,30253.143851502176,-172.1438515021764,172.1438515021764,29633.50561000336
2001-07-28 20:00:00,30223.0,30181.66628991092,41.33371008907852,41.33371008907852,1708.4755897279915
2001-07-28 21:00:00,30345.0,30213.222296537973,131.7777034620267,131.7777034620267,17365.363129725843
2001-07-28 22:00:00,28593.0,28862.646476937225,-269.6464769372251,269.6464769372251,72709.22252465747
2001-07-28 23:00:00,26417.0,26380.45181781989,36.548182180111326,36.548182180111326,1335.769620670607
2001-07-29 00:00:00,24553.0,24359.61735140198,193.38264859802075,193.38264859802075,37396.84877878558
2001-07-29 01:00:00,23075.0,23090.782653878952,-15.78265387895226,15.78265387895226,249.0921634628068
2001-07-29 02:00:00,22144.0,22127.395097864246,16.604902135753946,16.604902135753946,275.72277493796594
2001-07-29 03:00:00,21612.0,21401.449792071355,210.55020792864525,210.55020792864525,44331.39005879575
2001-07-29 04:00:00,21319.0,21251.32399320357,67.67600679643147,67.67600679643147,4580.041895910638
2001-07-29 05:00:00,21445.0,21115.713116574774,329.2868834252258,329.2868834252258,108429.85159589826
2001-07-29 06:00:00,21429.0,21606.60312415508,-177.60312415508088,177.60312415508088,31542.869709645074
2001-07-29 07:00:00,22326.0,22636.483164864458,-310.48316486445765,310.48316486445765,96399.79566424999
2001-07-29 08:00:00,24110.0,24561.827953959822,-451.8279539598225,451.8279539598225,204148.49997951946
2001-07-29 09:00:00,25848.0,26176.628911230306,-328.6289112303057,328.6289112303057,107996.96129641612
2001-07-29 10:00:00,27200.0,27456.267901764677,-256.26790176467694,256.26790176467694,65673.23747487011
2001-07-29 11:00:00,28011.0,28281.818644681,-270.81864468099957,270.81864468099957,73342.7383068535
2001-07-29 12:00:00,28359.0,28560.314077221592,-201.31407722159202,201.31407722159202,40527.35768758111
2001-07-29 13:00:00,28416.0,28563.87281360972,-147.87281360971974,147.87281360971974,21866.369004854918
2001-07-29 14:00:00,28239.0,28482.128539933463,-243.1285399334629,243.1285399334629,59111.48693017746
2001-07-29 15:00:00,28048.0,28274.98984426615,-226.9898442661506,226.9898442661506,51524.38939997131
2001-07-29 16:00:00,28080.0,28436.630905811588,-356.6309058115876,356.6309058115876,127185.60297999345
2001-07-29 17:00:00,28263.0,28355.02476448315,-92.02476448315065,92.02476448315065,8468.557278179345
2001-07-29 18:00:00,28044.0,28268.92159409198,-224.92159409197848,224.92159409197848,50589.72348887673
2001-07-29 19:00:00,27954.0,28035.803422226185,-81.80342222618492,81.80342222618492,6691.799887915485
2001-07-29 20:00:00,28830.0,28120.51037882843,709.4896211715713,709.4896211715713,503375.5225501798
2001-07-29 21:00:00,28925.0,29144.30210837453,-219.30210837452978,219.30210837452978,48093.414737514
2001-07-29 22:00:00,27311.0,27421.196763946755,-110.1967639467548,110.1967639467548,12143.326784336798
2001-07-29 23:00:00,25419.0,25388.980650359892,30.019349640107976,30.019349640107976,901.1613528150508
2001-07-30 00:00:00,23842.0,23524.37510984167,317.62489015833125,317.62489015833125,100885.570848092
2001-07-30 01:00:00,22712.0,22708.96871108765,3.0312889123488276,3.0312889123488276,9.188712470128937
2001-07-30 02:00:00,22237.0,22232.007591205052,4.992408794947551,4.992408794947551,24.924145575869655
2001-07-30 03:00:00,22074.0,22235.371158528505,-161.37115852850548,161.37115852850548,26040.650804832047
2001-07-30 04:00:00,22584.0,22485.35668196168,98.64331803832101,98.64331803832101,9730.504193609348
2001-07-30 05:00:00,24029.0,24070.685154446615,-41.68515444661534,41.68515444661534,1737.652101238175
2001-07-30 06:00:00,26408.0,26880.998525073974,-472.9985250739737,472.9985250739737,223727.60472215456
2001-07-30 07:00:00,29319.0,29422.103131591935,-103.10313159193538,103.10313159193538,10630.255744063943
2001-07-30 08:00:00,31694.0,31518.139904394022,175.86009560597813,175.86009560597813,30926.77322654377
2001-07-30 09:00:00,33341.0,33563.38796385679,-222.3879638567887,222.3879638567887,49456.40646836836
2001-07-30 10:00:00,34557.0,34793.343522111056,-236.3435221110558,236.3435221110558,55858.260443859115
2001-07-30 11:00:00,35385.0,35342.627279832835,42.372720167164516,42.372720167164516,1795.4474143648306
2001-07-30 12:00:00,35727.0,35704.521879175394,22.478120824605867,22.478120824605867,505.26591580557994
2001-07-30 13:00:00,36077.0,36115.4195876731,-38.4195876731028,38.4195876731028,1476.0647169712324
2001-07-30 14:00:00,36273.0,36230.871289409566,42.12871059043391,42.12871059043391,1774.8282560125383
2001-07-30 15:00:00,36185.0,36168.01652929267,16.983470707331435,16.983470707331435,288.4382772667849
2001-07-30 16:00:00,36220.0,35947.019109941735,272.9808900582648,272.9808900582648,74518.56633700244
2001-07-30 17:00:00,35856.0,35597.82950895169,258.1704910483095,258.1704910483095,66652.00244812525
2001-07-30 18:00:00,35045.0,34778.15013586748,266.84986413252045,266.84986413252045,71208.84998754463
2001-07-30 19:00:00,33848.0,34026.26036215977,-178.26036215976637,178.26036215976637,31776.756717331067
2001-07-30 20:00:00,33908.0,33788.05412737767,119.94587262233108,119.94587262233108,14387.012359132472
2001-07-30 21:00:00,33878.0,33394.42790050163,483.57209949837124,483.57209949837124,233841.97541326267
2001-07-30 22:00:00,31239.0,31255.789578349275,-16.78957834927496,16.78957834927496,281.88994114644254
2001-07-30 23:00:00,28369.0,28295.235355618723,73.76464438127732,73.76464438127732,5441.222760696308
2001-07-31 00:00:00,25903.0,25964.698526362467,-61.69852636246651,61.69852636246651,3806.708155299975
2001-07-31 01:00:00,24342.0,24395.625201624458,-53.625201624457986,53.625201624457986,2875.6622492637716
2001-07-31 02:00:00,23591.0,23704.79805078644,-113.79805078644131,113.79805078644131,12949.996362793476
2001-07-31 03:00:00,23083.0,22961.643071686864,121.35692831313645,121.35692831313645,14727.50404959974
2001-07-31 04:00:00,23362.0,23189.530269117335,172.46973088266532,172.46973088266532,29745.808070739
2001-07-31 05:00:00,24760.0,24616.452872988455,143.54712701154494,143.54712701154494,20605.777673268618
2001-07-31 06:00:00,26941.0,27426.002349446244,-485.0023494462439,485.0023494462439,235227.2789683765
2001-07-31 07:00:00,29812.0,30035.280579516748,-223.28057951674782,223.28057951674782,49854.21718933475
2001-07-31 08:00:00,32109.0,32076.81451902098,32.18548097902021,32.18548097902021,1035.905185850872
2001-07-31 09:00:00,33833.0,33550.0394471704,282.9605528296015,282.9605528296015,80066.67445763371
2001-07-31 10:00:00,35239.0,35509.21901541808,-270.2190154180789,270.2190154180789,73018.31629351598
2001-07-31 11:00:00,36574.0,36325.10429060553,248.89570939447003,248.89570939447003,61949.07415497648
2001-07-31 12:00:00,37275.0,37302.056735658945,-27.0567356589454,27.0567356589454,732.0669445180475
2001-07-31 13:00:00,38216.0,38081.956840321574,134.04315967842558,134.04315967842558,17967.5686565759
2001-07-31 14:00:00,38723.0,38735.563200054006,-12.563200054006302,12.563200054006302,157.83399559698395
2001-07-31 15:00:00,39211.0,38870.60453297701,340.39546702298685,340.39546702298685,115869.07396979733
2001-07-31 16:00:00,39486.0,39334.48053230768,151.51946769232018,151.51946769232018,22958.149089764058
2001-07-31 17:00:00,39273.0,39202.33823526064,70.66176473935775,70.66176473935775,4993.0849960803425
2001-07-31 18:00:00,38116.0,38031.013330807466,84.98666919253446,84.98666919253446,7222.733940441287
2001-07-31 19:00:00,36536.0,36634.668780972104,-98.66878097210429,98.66878097210429,9735.52833852109
2001-07-31 20:00:00,36210.0,36196.04996321554,13.950036784459371,13.950036784459371,194.60352628776954
2001-07-31 21:00:00,35701.0,35690.19743130374,10.802568696257367,10.802568696257367,116.6954904373596
2001-07-31 22:00:00,32842.0,33046.97727614456,-204.97727614455653,204.97727614455653,42015.68373564178
2001-07-31 23:00:00,29553.0,29733.309369891605,-180.30936989160546,180.30936989160546,32511.468870707795
2001-08-01 00:00:00,26928.0,26868.92518915417,59.074810845828324,59.074810845828324,3489.833276470396
2001-08-01 01:00:00,25303.0,25278.711994782636,24.288005217364116,24.288005217364116,589.9071974387065
2001-08-01 02:00:00,24293.0,24266.122187296638,26.877812703361997,26.877812703361997,722.4168157170076
2001-08-01 03:00:00,23789.0,23476.012407510538,312.98759248946226,312.98759248946226,97961.2330523497
2001-08-01 04:00:00,24002.0,23924.73921722377,77.26078277622946,77.26078277622946,5969.228555195715
2001-08-01 05:00:00,25209.0,25162.75311479045,46.24688520955169,46.24688520955169,2138.774391585451
2001-08-01 06:00:00,27414.0,27554.033631601098,-140.03363160109802,140.03363160109802,19609.417979392038
2001-08-01 07:00:00,30366.0,30173.784484468764,192.21551553123572,192.21551553123572,36946.80441093872
2001-08-01 08:00:00,33161.0,32525.238593238388,635.7614067616123,635.7614067616123,404192.56632750423
2001-08-01 09:00:00,35346.0,34904.28097127076,441.71902872923965,441.71902872923965,195115.70034150284
2001-08-01 10:00:00,37121.0,36990.08600337192,130.91399662807817,130.91399662807817,17138.47451313646
2001-08-01 11:00:00,39268.0,38249.162308923274,1018.8376910767256,1018.8376910767256,1038030.2407585534
2001-08-01 12:00:00,40325.0,40376.05374177886,-51.05374177885824,51.05374177885824,2606.484549622335
2001-08-01 13:00:00,41589.0,41172.12915934834,416.8708406516598,416.8708406516598,173781.29778562154
2001-08-01 14:00:00,42385.0,42400.99654780683,-15.996547806833405,15.996547806833405,255.88954173630663
2001-08-01 15:00:00,42848.0,42665.46707110149,182.53292889850854,182.53292889850854,33318.27013226798
2001-08-01 16:00:00,43358.0,43093.258858837406,264.74114116259443,264.74114116259443,70087.87182407275
2001-08-01 17:00:00,43391.0,42784.073307820545,606.9266921794551,606.9266921794551,368360.00967989507
2001-08-01 18:00:00,42312.0,41829.41668011181,482.58331988818827,482.58331988818827,232886.66063430544
2001-08-01 19:00:00,40609.0,41007.101465683314,-398.101465683314,398.101465683314,158484.77697920284
2001-08-01 20:00:00,40072.0,39820.25975872064,251.7402412793599,251.7402412793599,63373.14907939034
2001-08-01 21:00:00,39171.0,39045.85719250621,125.14280749378668,125.14280749378668,15660.72226742695
2001-08-01 22:00:00,35878.0,35653.65443838263,224.3455616173669,224.3455616173669,50330.93101741177
2001-08-01 23:00:00,32497.0,32551.534912096,-54.53491209600179,54.53491209600179,2974.0566373186425
2001-08-02 00:00:00,29115.0,29304.04347978402,-189.04347978402075,189.04347978402075,35737.437248851464
2001-08-02 01:00:00,27367.0,27179.288579850516,187.71142014948418,187.71142014948418,35235.577254536176
2001-08-02 02:00:00,26103.0,26049.407082736565,53.59291726343508,53.59291726343508,2872.200780805398
2001-08-02 03:00:00,25356.0,25510.54101618615,-154.54101618615096,154.54101618615096,23882.92568384817
2001-08-02 04:00:00,25492.0,25234.11813591401,257.88186408598995,257.88186408598995,66503.05582446499
2001-08-02 05:00:00,26579.0,26365.193820330645,213.8061796693546,213.8061796693546,45713.08246480434
2001-08-02 06:00:00,28541.0,29088.388421486685,-547.3884214866848,547.3884214866848,299634.0839776845
2001-08-02 07:00:00,31570.0,30993.432479243493,576.5675207565073,576.5675207565073,332430.1059913055
2001-08-02 08:00:00,34344.0,34206.21311832391,137.78688167608925,137.78688167608925,18985.22476202062
2001-08-02 09:00:00,36879.0,36511.69944550378,367.3005544962216,367.3005544962216,134909.69733323186
2001-08-02 10:00:00,39060.0,38910.602241017645,149.3977589823553,149.3977589823553,22319.690388949923
2001-08-02 11:00:00,40891.0,40825.05969759895,65.94030240105349,65.94030240105349,4348.12348074238
2001-08-02 12:00:00,42272.0,42052.05272755827,219.94727244172827,219.94727244172827,48376.80265455584
2001-08-02 13:00:00,43522.0,43481.792702143444,40.20729785655567,40.20729785655567,1616.626800925786
2001-08-02 14:00:00,44393.0,44116.274416390974,276.7255836090262,276.7255836090262,76577.04862375616
2001-08-02 15:00:00,45330.0,44859.80409855013,470.1959014498716,470.1959014498716,221084.18574025735
2001-08-02 16:00:00,45820.0,45560.4796588728,259.5203411272014,259.5203411272014,67350.80745877897
2001-08-02 17:00:00,45681.0,45518.83577118139,162.16422881861217,162.16422881861217,26297.237108335208
2001-08-02 18:00:00,44183.0,44812.191820380736,-629.1918203807363,629.1918203807363,395882.34683402476
2001-08-02 19:00:00,42105.0,42761.61116379982,-656.6111637998183,656.6111637998183,431138.2204265518
2001-08-02 20:00:00,41337.0,41817.7547601962,-480.75476019619964,480.75476019619964,231125.1394513054
2001-08-02 21:00:00,40392.0,40180.32548107883,211.67451892117242,211.67451892117242,44806.10196050978
2001-08-02 22:00:00,36954.0,36792.5664409148,161.4335590851988,161.4335590851988,26060.79399891437
2001-08-02 23:00:00,33299.0,33555.90897789129,-256.9089778912894,256.9089778912894,66002.22292114703
2001-08-03 00:00:00,30226.0,30514.74561026836,-288.7456102683609,288.7456102683609,83374.02744924817
2001-08-03 01:00:00,28566.0,28300.55661616798,265.4433838320183,265.4433838320183,70460.1900201922
2001-08-03 02:00:00,27334.0,27389.8915827166,-55.89158271659835,55.89158271659835,3123.8690185663554
2001-08-03 03:00:00,26570.0,26428.407896522356,141.59210347764383,141.59210347764383,20048.3237672238
2001-08-03 04:00:00,26662.0,26342.240842385094,319.75915761490614,319.75915761490614,102245.91887859438
2001-08-03 05:00:00,27899.0,27498.457487354197,400.5425126458031,400.5425126458031,160434.3044366133
2001-08-03 06:00:00,30085.0,30457.126803140076,-372.12680314007594,372.12680314007594,138478.35761525284
2001-08-03 07:00:00,32794.0,32858.796477074866,-64.79647707486583,64.79647707486583,4198.583441313614
2001-08-03 08:00:00,35304.0,35106.67158994189,197.3284100581077,197.3284100581077,38938.501416060695
2001-08-03 09:00:00,37448.0,37228.73061905934,219.2693809406628,219.2693809406628,48079.061418101504
2001-08-03 10:00:00,39289.0,39084.644183135424,204.3558168645759,204.3558168645759,41761.299886388086
2001-08-03 11:00:00,40983.0,40700.41243236736,282.58756763263955,282.58756763263955,79855.73338053163
2001-08-03 12:00:00,42165.0,42099.43472880146,65.56527119853854,65.56527119853854,4298.804787337907
2001-08-03 13:00:00,43322.0,43095.522216415055,226.47778358494543,226.47778358494543,51292.186457549375
2001-08-03 14:00:00,44137.0,43947.10792714344,189.8920728565572,189.8920728565572,36058.99933376003
2001-08-03 15:00:00,44573.0,44247.675119238804,325.32488076119625,325.32488076119625,105836.27804228656
2001-08-03 16:00:00,44391.0,44742.07227670899,-351.0722767089901,351.0722767089901,123251.74347363372
2001-08-03 17:00:00,44061.0,43721.149305234336,339.85069476566423,339.85069476566423,115498.49473270468
2001-08-03 18:00:00,42548.0,42480.95344314118,67.0465568588188,67.0465568588188,4495.240786622823
2001-08-03 19:00:00,40796.0,41118.35640974221,-322.35640974221315,322.35640974221315,103913.6549018896
2001-08-03 20:00:00,40462.0,40041.74625329133,420.25374670867313,420.25374670867313,176613.2116226776
2001-08-03 21:00:00,39515.0,39336.92782981539,178.07217018461233,178.07217018461233,31709.697794257536
2001-08-03 22:00:00,36721.0,36105.76632427236,615.2336757276425,615.2336757276425,378512.475749346
2001-08-03 23:00:00,33698.0,33654.15040456864,43.849595431362104,43.849595431362104,1922.7870194941322
2001-08-04 00:00:00,30952.0,30718.624848427884,233.375151572116,233.375151572116,54463.96137130812
2001-08-04 01:00:00,29139.0,29173.151276936213,-34.151276936212525,34.151276936212525,1166.3097163738817
2001-08-04 02:00:00,27799.0,27802.36574412503,-3.3657441250288684,3.3657441250288684,11.328233515166342
2001-08-04 03:00:00,26898.0,26766.99491652923,131.00508347076902,131.00508347076902,17162.33189518316
2001-08-04 04:00:00,26500.0,26469.872595402478,30.1274045975224,30.1274045975224,907.6605077828139
2001-08-04 05:00:00,26890.0,26823.822386508822,66.17761349117791,66.17761349117791,4379.476527387732
2001-08-04 06:00:00,27358.0,28012.002967090153,-654.0029670901531,654.0029670901531,427719.88096272387
2001-08-04 07:00:00,28590.0,28771.981068409194,-181.98106840919354,181.98106840919354,33117.10925935158
2001-08-04 08:00:00,31238.0,30647.764952562986,590.2350474370141,590.2350474370141,348377.41122297436
2001-08-04 09:00:00,33773.0,33675.530606544846,97.4693934551542,97.4693934551542,9500.282660515657
2001-08-04 10:00:00,35789.0,35577.73595208048,211.2640479195179,211.2640479195179,44632.49794334036
2001-08-04 11:00:00,37035.0,36993.89280027946,41.107199720543576,41.107199720543576,1689.801868864658
2001-08-04 12:00:00,38041.0,37826.3027896305,214.69721036950068,214.69721036950068,46094.892140445634
2001-08-04 13:00:00,38804.0,38462.01384621339,341.98615378660907,341.98615378660907,116954.52938175823
2001-08-04 14:00:00,39306.0,39035.94764502751,270.0523549724894,270.0523549724894,72928.27442618743
2001-08-04 15:00:00,39147.0,39676.948541854326,-529.9485418543263,529.9485418543263,280845.45701352664
2001-08-04 16:00:00,38815.0,39066.60889832196,-251.6088983219597,251.6088983219597,63307.03771479026
2001-08-04 17:00:00,38034.0,38493.08613077582,-459.08613077581686,459.08613077581686,210760.0754707104
2001-08-04 18:00:00,36966.0,37009.81907320867,-43.81907320867322,43.81907320867322,1920.1111768670628
2001-08-04 19:00:00,35927.0,35695.589885877955,231.41011412204534,231.41011412204534,53550.640917978046
2001-08-04 20:00:00,35929.0,35880.999285182006,48.00071481799387,48.00071481799387,2304.068623038376
2001-08-04 21:00:00,35506.0,35592.92761087645,-86.9276108764534,86.9276108764534,7556.4095326881
2001-08-04 22:00:00,33515.0,33012.11623315863,502.8837668413689,502.8837668413689,252892.0829525643
2001-08-04 23:00:00,31106.0,30920.912083043786,185.08791695621403,185.08791695621403,34257.53700319038
2001-08-05 00:00:00,28706.0,28707.669136618544,-1.6691366185441439,1.6691366185441439,2.7860170513649787
2001-08-05 01:00:00,27116.0,27023.222083565062,92.77791643493765,92.77791643493765,8607.741778008274
2001-08-05 02:00:00,25930.0,26028.09706252889,-98.09706252889009,98.09706252889009,9623.033676796973
2001-08-05 03:00:00,25103.0,25208.376094090127,-105.37609409012657,105.37609409012657,11104.121205691208
2001-08-05 04:00:00,24658.0,24667.43310835889,-9.433108358891332,9.433108358891332,88.98353331058551
2001-08-05 05:00:00,24658.0,24516.24349734923,141.7565026507691,141.7565026507691,20094.906043777508
2001-08-05 06:00:00,24613.0,24851.655589997663,-238.6555899976629,238.6555899976629,56956.49063713258
2001-08-05 07:00:00,25778.0,25786.785641994113,-8.785641994112666,8.785641994112666,77.18750524871598
2001-08-05 08:00:00,28322.0,28041.102251584107,280.89774841589315,280.89774841589315,78903.54506511841
2001-08-05 09:00:00,31009.0,30842.530988147246,166.4690118527542,166.4690118527542,27711.931907232414
2001-08-05 10:00:00,33676.0,33120.84436894349,555.1556310565065,555.1556310565065,308197.774693748
2001-08-05 11:00:00,35949.0,35548.772907027436,400.2270929725637,400.2270929725637,160181.72594926914
2001-08-05 12:00:00,38173.0,37441.35330323028,731.6466967697197,731.6466967697197,535306.8888940422
2001-08-05 13:00:00,39634.0,39070.97565498286,563.0243450171401,563.0243450171401,316996.41308197967
2001-08-05 14:00:00,40718.0,40446.41484079907,271.5851592009276,271.5851592009276,73758.49869819319
2001-08-05 15:00:00,41496.0,41637.965882073266,-141.96588207326567,141.96588207326567,20154.311672840377
2001-08-05 16:00:00,42239.0,42256.76720439233,-17.767204392330314,17.767204392330314,315.6735519188416
2001-08-05 17:00:00,42546.0,41968.4489969936,577.5510030064033,577.5510030064033,333565.1610737025
2001-08-05 18:00:00,41781.0,41925.54938649565,-144.54938649565156,144.54938649565156,20894.525136269254
2001-08-05 19:00:00,40564.0,41126.13443242162,-562.1344324216188,562.1344324216188,315995.12011397554
2001-08-05 20:00:00,40825.0,40275.40683872585,549.5931612741479,549.5931612741479,302052.6429193115
2001-08-05 21:00:00,40486.0,40079.63880094399,406.36119905600935,406.36119905600935,165129.42409823765
2001-08-05 22:00:00,37997.0,37811.81185039542,185.18814960458258,185.18814960458258,34294.65075396926
2001-08-05 23:00:00,34760.0,35170.572033397104,-410.57203339710395,410.57203339710395,168569.39460783266
2001-08-06 00:00:00,32050.0,32056.634185285664,-6.634185285663989,6.634185285663989,44.012414404520584
2001-08-06 01:00:00,30370.0,30108.29153427992,261.7084657200794,261.7084657200794,68491.32102955798
2001-08-06 02:00:00,29142.0,28950.291701407707,191.70829859229343,191.70829859229343,36752.07174915194
2001-08-06 03:00:00,28533.0,28325.862486356476,207.13751364352356,207.13751364352356,42905.94955842091
2001-08-06 04:00:00,28691.0,28629.341488680097,61.65851131990348,61.65851131990348,3801.7720181866657
2001-08-06 05:00:00,29881.0,29792.460569055223,88.53943094477654,88.53943094477654,7839.230832024854
2001-08-06 06:00:00,32056.0,31957.231939554516,98.76806044548357,98.76806044548357,9755.129764162697
2001-08-06 07:00:00,35399.0,34922.237589701894,476.76241029810626,476.76241029810626,227302.3958732598
2001-08-06 08:00:00,38917.0,38424.93238137164,492.0676186283599,492.0676186283599,242130.54130258507
2001-08-06 09:00:00,42116.0,41108.54052280476,1007.4594771952397,1007.4594771952397,1014974.5981905058
2001-08-06 10:00:00,45127.0,44294.24274803584,832.7572519641617,832.7572519641617,693484.6406989023
2001-08-06 11:00:00,47571.0,46650.632625165905,920.3673748340952,920.3673748340952,847076.104659004
2001-08-06 12:00:00,49200.0,48874.00445440762,325.9955455923773,325.9955455923773,106273.09574607175
2001-08-06 13:00:00,50355.0,49263.537027025566,1091.4629729744338,1091.4629729744338,1191291.4213741897
2001-08-06 14:00:00,51164.0,49159.11399912618,2004.8860008738193,2004.8860008738193,4019567.8764998163
2001-08-06 15:00:00,51490.0,49048.6762569707,2441.323743029301,2441.323743029301,5960061.6182785975
2001-08-06 16:00:00,51660.0,48840.22476734859,2819.775232651409,2819.775232651409,7951132.362674309
2001-08-06 17:00:00,51349.0,48153.62440021741,3195.3755997825865,3195.3755997825865,10210425.223685924
2001-08-06 18:00:00,50378.0,47007.49514156636,3370.50485843364,3370.50485843364,11360303.000724772
2001-08-06 19:00:00,49011.0,46968.92941917067,2042.0705808293278,2042.0705808293278,4170052.257088628
2001-08-06 20:00:00,48781.0,47489.20195202164,1291.7980479783582,1291.7980479783582,1668742.1967606966
2001-08-06 21:00:00,47438.0,46936.35735705913,501.6426429408675,501.6426429408675,251645.3412166987
2001-08-06 22:00:00,43531.0,45546.12938175906,-2015.129381759063,2015.129381759063,4060746.4252286637
2001-08-06 23:00:00,39474.0,40399.056192098906,-925.0561920989057,925.0561920989057,855728.9585405276
2001-08-07 00:00:00,36295.0,36020.42445013432,274.57554986567993,274.57554986567993,75391.73258404048
2001-08-07 01:00:00,34462.0,33421.80789078525,1040.1921092147531,1040.1921092147531,1081999.624072637
2001-08-07 02:00:00,32919.0,32675.003614597128,243.99638540287197,243.99638540287197,59534.23608966683
2001-08-07 03:00:00,31924.0,32090.25762733572,-166.257627335719,166.257627335719,27641.59864730282
2001-08-07 04:00:00,31720.0,32020.112737308013,-300.1127373080126,300.1127373080126,90067.65509450817
2001-08-07 05:00:00,32931.0,32497.397099652404,433.602900347596,433.602900347596,188011.47518984726
2001-08-07 06:00:00,34803.0,34956.49595191805,-153.49595191804838,153.49595191804838,23561.007255227818
2001-08-07 07:00:00,38172.0,37701.26193130174,470.73806869825785,470.73806869825785,221594.32932176572
2001-08-07 08:00:00,41100.0,40617.00175062423,482.9982493757707,482.9982493757707,233287.30890005917
2001-08-07 09:00:00,44240.0,43281.792002030415,958.2079979695845,958.2079979695845,918162.5673728794
2001-08-07 10:00:00,46948.0,46194.212450687024,753.7875493129759,753.7875493129759,568195.6694992621
2001-08-07 11:00:00,48884.0,48029.092058037626,854.907941962374,854.907941962374,730867.5892303418
2001-08-07 12:00:00,50155.0,48919.30159425882,1235.6984057411828,1235.6984057411828,1526950.5499513007
2001-08-07 13:00:00,51407.0,48911.41432646934,2495.585673530659,2495.585673530659,6227947.853931472
2001-08-07 14:00:00,52394.0,49084.19900074845,3309.800999251551,3309.800999251551,10954782.654646564
2001-08-07 15:00:00,53076.0,49023.068887875765,4052.9311121242354,4052.9311121242354,16426250.599624591
2001-08-07 16:00:00,53253.0,48766.23910883345,4486.760891166552,4486.760891166552,20131023.294501673
2001-08-07 17:00:00,52964.0,48630.588947551696,4333.411052448304,4333.411052448304,18778451.349481117
2001-08-07 18:00:00,52019.0,48002.474004938784,4016.5259950612162,4016.5259950612162,16132481.069002492
2001-08-07 19:00:00,50606.0,48085.883176631236,2520.116823368764,2520.116823368764,6350988.80342627
2001-08-07 20:00:00,50382.0,47784.035960387606,2597.964039612394,2597.964039612394,6749417.151119149
2001-08-07 21:00:00,48918.0,47355.21772980943,1562.782270190568,1562.782270190568,2442288.4240219854
2001-08-07 22:00:00,45123.0,46231.392820315275,-1108.3928203152755,1108.3928203152755,1228534.6441264504
2001-08-07 23:00:00,41378.0,42484.529576645305,-1106.5295766453055,1106.5295766453055,1224407.703990839
2001-08-08 00:00:00,37867.0,37791.598821245454,75.40117875454598,75.40117875454598,5685.337757574996
2001-08-08 01:00:00,35938.0,35027.35243364326,910.6475663567398,910.6475663567398,829278.9901114529
2001-08-08 02:00:00,34450.0,33738.02503390632,711.9749660936795,711.9749660936795,506908.3523440961
2001-08-08 03:00:00,33379.0,33112.76753839019,266.23246160981216,266.23246160981216,70879.7236148201
2001-08-08 04:00:00,33292.0,32934.84128708309,357.1587129169129,357.1587129169129,127562.34621246583
2001-08-08 05:00:00,34346.0,33399.99896923708,946.00103076292,946.00103076292,894917.9502045071
2001-08-08 06:00:00,36465.0,36203.97744238781,261.0225576121884,261.0225576121884,68132.77558240821
2001-08-08 07:00:00,39673.0,39054.00007914397,618.999920856033,618.999920856033,383160.9020197751
2001-08-08 08:00:00,42910.0,41454.65801616999,1455.3419838300106,1455.3419838300106,2118020.2898982707
2001-08-08 09:00:00,45912.0,44004.95442213287,1907.0455778671312,1907.0455778671312,3636822.8360625803
2001-08-08 10:00:00,48768.0,46860.604157417125,1907.395842582875,1907.395842582875,3638158.9003024357
2001-08-08 11:00:00,50772.0,49066.14827936302,1705.8517206369797,1705.8517206369797,2909930.0928001446
2001-08-08 12:00:00,52033.0,48642.42242124112,3390.577578758879,3390.577578758879,11496016.317582423
2001-08-08 13:00:00,52815.0,48720.70320260997,4094.2967973900304,4094.2967973900304,16763266.26511826
2001-08-08 14:00:00,53427.0,48827.07172418571,4599.928275814287,4599.928275814287,21159340.1426358
2001-08-08 15:00:00,53604.0,48806.23515281301,4797.764847186991,4797.764847186991,23018547.52890321
2001-08-08 16:00:00,53789.0,48529.171539852905,5259.828460147095,5259.828460147095,27665795.43017336
2001-08-08 17:00:00,53356.0,48252.70310344473,5103.296896555272,5103.296896555272,26043639.21439067
2001-08-08 18:00:00,52307.0,47548.04452252603,4758.955477473974,4758.955477473974,22647657.236579537
2001-08-08 19:00:00,51468.0,47466.74065900302,4001.2593409969777,4001.2593409969777,16010076.313915567
2001-08-08 20:00:00,51036.0,47250.097252394335,3785.9027476056654,3785.9027476056654,14333059.614328125
2001-08-08 21:00:00,49396.0,47035.04205933749,2360.9579406625126,2360.9579406625126,5574122.397577372
2001-08-08 22:00:00,45586.0,45953.666617671224,-367.66661767122423,367.66661767122423,135178.74174979818
2001-08-08 23:00:00,41424.0,43192.13775967806,-1768.1377596780585,1768.1377596780585,3126311.1371993436
2001-08-09 00:00:00,38326.0,37602.9238936515,723.076106348497,723.076106348497,522839.0555721029
2001-08-09 01:00:00,36169.0,35000.59207664501,1168.4079233549928,1168.4079233549928,1365177.0753587268
2001-08-09 02:00:00,34679.0,34180.64335538116,498.35664461884153,498.35664461884153,248359.3452357503
2001-08-09 03:00:00,33636.0,33522.11896207008,113.88103792991751,113.88103792991751,12968.890799995312
2001-08-09 04:00:00,33335.0,33005.32485616628,329.67514383372327,329.67514383372327,108685.70046178612
2001-08-09 05:00:00,34362.0,33288.8793566728,1073.1206433272018,1073.1206433272018,1151587.9151349876
2001-08-09 06:00:00,36291.0,36056.60765874617,234.3923412538279,234.3923412538279,54939.76963845092
2001-08-09 07:00:00,39526.0,38454.224012923194,1071.775987076806,1071.775987076806,1148703.7664744616
2001-08-09 08:00:00,43024.0,41091.52288494266,1932.4771150573433,1932.4771150573433,3734467.8002203526
2001-08-09 09:00:00,46245.0,43918.46844663806,2326.531553361943,2326.531553361943,5412749.068788736
2001-08-09 10:00:00,49193.0,47135.18208717152,2057.817912828483,2057.817912828483,4234614.562357773
2001-08-09 11:00:00,51544.0,48595.52034266851,2948.479657331489,2948.479657331489,8693532.289697614
2001-08-09 12:00:00,52527.0,48457.138143589225,4069.8618564107746,4069.8618564107746,16563775.530267356
2001-08-09 13:00:00,53654.0,48818.82423126318,4835.175768736823,4835.175768736823,23378924.714579724
2001-08-09 14:00:00,54030.0,48898.04992926044,5131.950070739556,5131.950070739556,26336911.528563738
2001-08-09 15:00:00,53631.0,49043.73047054462,4587.269529455378,4587.269529455378,21043041.73586976
2001-08-09 16:00:00,53618.0,49042.41114355534,4575.588856444658,4575.588856444658,20936013.38322053
2001-08-09 17:00:00,53455.0,48764.827932220236,4690.172067779764,4690.172067779764,21997714.025381505
2001-08-09 18:00:00,52868.0,48046.186443267674,4821.813556732326,4821.813556732326,23249885.975887645
2001-08-09 19:00:00,51947.0,47717.92166074777,4229.078339252228,4229.078339252228,17885103.599532384
2001-08-09 20:00:00,52344.0,47450.63817457516,4893.361825424843,4893.361825424843,23944989.954525154
2001-08-09 21:00:00,51163.0,47133.76347373854,4029.236526261462,4029.236526261462,16234746.984559534
2001-08-09 22:00:00,47650.0,46031.18549643514,1618.8145035648631,1618.8145035648631,2620560.3969519543
2001-08-09 23:00:00,44058.0,45828.108369862246,-1770.108369862246,1770.108369862246,3133283.641056378
2001-08-10 00:00:00,40662.0,41382.72279684912,-720.7227968491206,720.7227968491206,519441.3498980188
2001-08-10 01:00:00,38621.0,37019.793723979725,1601.2062760202753,1601.2062760202753,2563861.5383667178
2001-08-10 02:00:00,36988.0,35858.140116134615,1129.8598838653852,1129.8598838653852,1276583.3571683017
2001-08-10 03:00:00,35966.0,36045.6244487868,-79.62444878680253,79.62444878680253,6340.052844602139
2001-08-10 04:00:00,35613.0,35437.712214402134,175.28778559786588,175.28778559786588,30725.807779803396
2001-08-10 05:00:00,36622.0,35708.48952394365,913.5104760563481,913.5104760563481,834501.3898646957
2001-08-10 06:00:00,38472.0,38115.55041975575,356.44958024424704,356.44958024424704,127056.30325629991
2001-08-10 07:00:00,41347.0,40291.8262453513,1055.1737546486984,1055.1737546486984,1113391.6524994315
2001-08-10 08:00:00,44482.0,42921.094342649165,1560.905657350835,1560.905657350835,2436426.4711498427
2001-08-10 09:00:00,47163.0,45349.57331328047,1813.4266867195329,1813.4266867195329,3288516.3481065826
2001-08-10 10:00:00,49410.0,48177.067523267964,1232.9324767320359,1232.9324767320359,1520122.4921805921
2001-08-10 11:00:00,51109.0,49012.202119801055,2096.7978801989448,2096.7978801989448,4396561.350406788
2001-08-10 12:00:00,51907.0,48930.000240894085,2976.9997591059146,2976.9997591059146,8862527.565716673
2001-08-10 13:00:00,52122.0,49264.262034847976,2857.737965152024,2857.737965152024,8166666.277471231
2001-08-10 14:00:00,50703.0,49188.00081097603,1514.999189023969,1514.999189023969,2295222.542743284
2001-08-10 15:00:00,48723.0,49281.13731359989,-558.1373135998874,558.1373135998874,311517.2608324991
2001-08-10 16:00:00,47538.0,49073.16884763732,-1535.1688476373165,1535.1688476373165,2356743.3907560864
2001-08-10 17:00:00,46509.0,48900.95643220008,-2391.9564322000806,2391.9564322000806,5721455.573543339
2001-08-10 18:00:00,45206.0,45627.01770090014,-421.0177009001418,421.0177009001418,177255.90447124126
2001-08-10 19:00:00,43753.0,43977.56760847264,-224.5676084726365,224.5676084726365,50430.610775119356
2001-08-10 20:00:00,43541.0,43019.03985352006,521.9601464799416,521.9601464799416,272442.3945133621
2001-08-10 21:00:00,42027.0,41593.860547339056,433.1394526609438,433.1394526609438,187609.78545142198
2001-08-10 22:00:00,39761.0,38980.56259746411,780.437402535892,780.437402535892,609082.53927697
2001-08-10 23:00:00,37034.0,36145.92999663097,888.07000336903,888.07000336903,788668.330883869
2001-08-11 00:00:00,34088.0,34503.85061645866,-415.8506164586579,415.8506164586579,172931.7352090458
2001-08-11 01:00:00,32229.0,32573.630502206513,-344.6305022065135,344.6305022065135,118770.1830511137
2001-08-11 02:00:00,31143.0,31468.596860389,-325.59686038899963,325.59686038899963,106013.31549517372
2001-08-11 03:00:00,30221.0,30111.943215906693,109.05678409330721,109.05678409330721,11893.382156774225
2001-08-11 04:00:00,29777.0,30668.245876135265,-891.2458761352646,891.2458761352646,794319.2117281153
2001-08-11 05:00:00,29952.0,30008.820327460304,-56.820327460303815,56.820327460303815,3228.5496126961557
2001-08-11 06:00:00,30561.0,30623.789787413207,-62.789787413206795,62.789787413206795,3942.5574033957023
2001-08-11 07:00:00,31596.0,31721.835640436417,-125.83564043641672,125.83564043641672,15834.608404043156
2001-08-11 08:00:00,33825.0,33476.81274454608,348.18725545392226,348.18725545392226,121234.36486053492
2001-08-11 09:00:00,36054.0,35617.24845889818,436.75154110181757,436.75154110181757,190751.90865481264
2001-08-11 10:00:00,37533.0,37603.581976176676,-70.58197617667611,70.58197617667611,4981.815361004874
2001-08-11 11:00:00,38286.0,38431.69203147667,-145.6920314766685,145.6920314766685,21226.16803579856
2001-08-11 12:00:00,38385.0,38696.91600336486,-311.9160033648586,311.9160033648586,97291.5931551065
2001-08-11 13:00:00,37929.0,38692.22373386577,-763.2237338657724,763.2237338657724,582510.4679360114
2001-08-11 14:00:00,37320.0,37802.79817702955,-482.7981770295519,482.7981770295519,233094.0797430585
2001-08-11 15:00:00,36471.0,37053.17939766186,-582.1793976618574,582.1793976618574,338932.8510619231
2001-08-11 16:00:00,35705.0,35705.34604187945,-0.34604187944933074,0.34604187944933074,0.11974498233282514
2001-08-11 17:00:00,35167.0,34943.98593146936,223.01406853063963,223.01406853063963,49735.27476258883
2001-08-11 18:00:00,34820.0,34318.32605686443,501.67394313556724,501.67394313556724,251676.74522118835
2001-08-11 19:00:00,34539.0,33756.257921888464,782.7420781115361,782.7420781115361,612685.1608463661
2001-08-11 20:00:00,35091.0,34309.66150975007,781.338490249931,781.338490249931,610489.8363460416
2001-08-11 21:00:00,34617.0,34571.5657014731,45.43429852690315,45.43429852690315,2064.2754826317537
2001-08-11 22:00:00,32964.0,32647.43193094072,316.5680690592817,316.5680690592817,100215.34234792215
2001-08-11 23:00:00,30961.0,30443.738012309434,517.2619876905665,517.2619876905665,267559.96390959574
2001-08-12 00:00:00,28855.0,28668.294438636476,186.70556136352388,186.70556136352388,34858.96664406858
2001-08-12 01:00:00,27333.0,27003.16190860565,329.83809139435107,329.83809139435107,108793.16653466829
2001-08-12 02:00:00,26362.0,25971.235341687552,390.76465831244786,390.76465831244786,152697.01818604412
2001-08-12 03:00:00,26009.0,25707.07045374322,301.92954625677885,301.92954625677885,91161.45090282436
2001-08-12 04:00:00,25674.0,25966.452592425478,-292.45259242547763,292.45259242547763,85528.51881638254
2001-08-12 05:00:00,25782.0,25780.255546569642,1.7444534303576802,1.7444534303576802,3.0431177706866777
2001-08-12 06:00:00,26176.0,26098.13678154517,77.86321845482962,77.86321845482962,6062.68078814452
2001-08-12 07:00:00,27045.0,27172.964328644288,-127.96432864428789,127.96432864428789,16374.869405383319
2001-08-12 08:00:00,29009.0,28547.80864742938,461.1913525706186,461.1913525706186,212697.46368591665
2001-08-12 09:00:00,31266.0,30870.88867594616,395.1113240538398,395.1113240538398,156112.9583955784
2001-08-12 10:00:00,32945.0,32805.15684346711,139.8431565328865,139.8431565328865,19556.108429081396
2001-08-12 11:00:00,34109.0,33765.84458772352,343.1554122764792,343.1554122764792,117755.6369746404
2001-08-12 12:00:00,34768.0,34846.44833527154,-78.44833527153969,78.44833527153969,6154.141306875898
2001-08-12 13:00:00,35160.0,34903.16944098132,256.8305590186792,256.8305590186792,65961.93604584725
2001-08-12 14:00:00,35207.0,35176.70843818943,30.291561810568965,30.291561810568965,917.5787169235201
2001-08-12 15:00:00,35425.0,35155.486971871236,269.51302812876384,269.51302812876384,72637.27233113584
2001-08-12 16:00:00,35788.0,35372.86957643374,415.130423566261,415.130423566261,172333.26857030328
2001-08-12 17:00:00,35972.0,35616.20680337185,355.7931966281467,355.7931966281467,126588.79876687506
2001-08-12 18:00:00,35989.0,35213.42556864407,775.5744313559335,775.5744313559335,601515.6985730795
2001-08-12 19:00:00,35896.0,35323.75139874311,572.2486012568916,572.2486012568916,327468.46164046886
2001-08-12 20:00:00,36413.0,35495.56790729522,917.4320927047811,917.4320927047811,841681.644724674
2001-08-12 21:00:00,35823.0,35405.989847518744,417.0101524812562,417.0101524812562,173897.46727244058
2001-08-12 22:00:00,33901.0,33601.149134945466,299.85086505453364,299.85086505453364,89910.54127395214
2001-08-12 23:00:00,31519.0,31238.607730945732,280.3922690542677,280.3922690542677,78619.82454540083
2001-08-13 00:00:00,29479.0,29033.904576784884,445.09542321511617,445.09542321511617,198109.93576704338
2001-08-13 01:00:00,28036.0,27851.491765662457,184.5082343375434,184.5082343375434,34043.28853835783
2001-08-13 02:00:00,27292.0,26923.10177826399,368.8982217360099,368.8982217360099,136085.8979999903
2001-08-13 03:00:00,26888.0,26839.36193386948,48.63806613051929,48.63806613051929,2365.6614769167677
2001-08-13 04:00:00,27136.0,27204.890896446723,-68.89089644672276,68.89089644672276,4745.955613233079
2001-08-13 05:00:00,28661.0,28364.643765029676,296.3562349703243,296.3562349703243,87827.01800578607
2001-08-13 06:00:00,31150.0,31086.282335799504,63.717664200496074,63.717664200496074,4059.940731167179
2001-08-13 07:00:00,33960.0,33812.91151643868,147.08848356131784,147.08848356131784,21635.02199636807
2001-08-13 08:00:00,36558.0,36344.79568702364,213.20431297636242,213.20431297636242,45456.0790717227
2001-08-13 09:00:00,38591.0,37967.075791785624,623.9242082143755,623.9242082143755,389281.41759593546
2001-08-13 10:00:00,40371.0,39827.48015556826,543.519844431743,543.519844431743,295413.82129110605
2001-08-13 11:00:00,41737.0,41272.775794445624,464.22420555437566,464.22420555437566,215504.11302259122
2001-08-13 12:00:00,42704.0,42326.540688900044,377.4593110999558,377.4593110999558,142475.53153605323
2001-08-13 13:00:00,43480.0,43291.39313657731,188.60686342269037,188.60686342269037,35572.54893014538
2001-08-13 14:00:00,43872.0,43694.800086821306,177.19991317869426,177.19991317869426,31399.809230536783
2001-08-13 15:00:00,44076.0,44012.538045787966,63.46195421203447,63.46195421203447,4027.4196324103596
2001-08-13 16:00:00,43938.0,43643.73063834163,294.26936165837105,294.26936165837105,86594.45721082517
2001-08-13 17:00:00,43441.0,43087.121875078556,353.8781249214444,353.8781249214444,125229.7272979174
2001-08-13 18:00:00,42086.0,41712.861856076874,373.13814392312634,373.13814392312634,139232.07445039574
2001-08-13 19:00:00,40802.0,40767.26930421141,34.73069578858849,34.73069578858849,1206.2212299594783
2001-08-13 20:00:00,40859.0,39888.972490980974,970.0275090190262,970.0275090190262,940953.3682536569
2001-08-13 21:00:00,39271.0,39162.468566788644,108.53143321135576,108.53143321135576,11779.071994910977
2001-08-13 22:00:00,36085.0,35834.68949579737,250.3105042026291,250.3105042026291,62655.348514174395
2001-08-13 23:00:00,32832.0,32868.371889272865,-36.37188927286479,36.37188927286479,1322.9143292775368
2001-08-14 00:00:00,30104.0,29954.698990704885,149.30100929511536,149.30100929511536,22290.791376540124
2001-08-14 01:00:00,28374.0,28336.02653115192,37.97346884807848,37.97346884807848,1441.984336355987
2001-08-14 02:00:00,27116.0,27018.251915064808,97.74808493519231,97.74808493519231,9554.68810849757
2001-08-14 03:00:00,26479.0,26227.9102463027,251.08975369729887,251.08975369729887,63046.06441177021
2001-08-14 04:00:00,26634.0,26257.51920360268,376.4807963973217,376.4807963973217,141737.79005596158
2001-08-14 05:00:00,27949.0,27923.027508510266,25.97249148973424,25.97249148973424,674.5703141843175
2001-08-14 06:00:00,30226.0,30510.558289444303,-284.5582894443032,284.5582894443032,80973.42009146785
2001-08-14 07:00:00,32655.0,33201.74619631515,-546.7461963151509,546.7461963151509,298931.4031850855
2001-08-14 08:00:00,35092.0,35016.86134908696,75.13865091303887,75.13865091303887,5645.816861031518
2001-08-14 09:00:00,37326.0,36802.428267620424,523.5717323795761,523.5717323795761,274127.35894695047
2001-08-14 10:00:00,39199.0,39065.080027020194,133.9199729798056,133.9199729798056,17934.559162911864
2001-08-14 11:00:00,41075.0,40494.88731166501,580.1126883349934,580.1126883349934,336530.7311672532
2001-08-14 12:00:00,42122.0,42172.97474449634,-50.97474449634319,50.97474449634319,2598.4245764674706
2001-08-14 13:00:00,43033.0,43104.67632820878,-71.6763282087777,71.6763282087777,5137.496025492423
2001-08-14 14:00:00,43658.0,43788.56391042919,-130.5639104291913,130.5639104291913,17046.934706561893
2001-08-14 15:00:00,44083.0,44142.69614005443,-59.69614005443145,59.69614005443145,3563.6291373982954
2001-08-14 16:00:00,44273.0,44136.52170059203,136.47829940797237,136.47829940797237,18626.32620929215
2001-08-14 17:00:00,43877.0,43903.574970082846,-26.57497008284554,26.57497008284554,706.2290349041355
2001-08-14 18:00:00,42955.0,42461.120516487535,493.8794835124645,493.8794835124645,243916.9442345387
2001-08-14 19:00:00,42548.0,41418.53159085566,1129.4684091443414,1129.4684091443414,1275698.8872550495
2001-08-14 20:00:00,40755.0,42059.54227621717,-1304.542276217173,1304.542276217173,1701830.5504378828
2001-08-14 21:00:00,38957.0,39278.70108498793,-321.7010849879298,321.7010849879298,103491.58808241122
2001-08-14 22:00:00,35776.0,35383.7811939321,392.21880606789637,392.21880606789637,153835.5918333261
2001-08-14 23:00:00,32352.0,32469.79486994987,-117.79486994987019,117.79486994987019,13875.631386506831
2001-08-15 00:00:00,29645.0,29344.98421671432,300.0157832856785,300.0157832856785,90009.4702205192
2001-08-15 01:00:00,27706.0,27950.297674603913,-244.29767460391304,244.29767460391304,59681.353816879375
2001-08-15 02:00:00,26564.0,26354.792423603278,209.2075763967223,209.2075763967223,43767.81002179039
2001-08-15 03:00:00,26001.0,25813.347377057857,187.65262294214335,187.65262294214335,35213.506897066225
2001-08-15 04:00:00,26013.0,25899.864514138502,113.13548586149773,113.13548586149773,12799.638161117153
2001-08-15 05:00:00,27291.0,27094.775343163023,196.22465683697737,196.22465683697737,38504.11595078953
2001-08-15 06:00:00,29671.0,29516.84469349875,154.15530650124856,154.15530650124856,23763.858522493887
2001-08-15 07:00:00,32272.0,32317.09480974351,-45.09480974351027,45.09480974351027,2033.5418658033886
2001-08-15 08:00:00,34680.0,34352.193980795135,327.80601920486515,327.80601920486515,107456.78622694041
2001-08-15 09:00:00,36844.0,36205.336106342205,638.6638936577947,638.6638936577947,407891.5690621349
2001-08-15 10:00:00,38770.0,38464.527124538545,305.47287546145526,305.47287546145526,93313.67764268976
2001-08-15 11:00:00,40208.0,40267.49293962385,-59.49293962385127,59.49293962385127,3539.4098650872124
2001-08-15 12:00:00,41183.0,41064.89820683679,118.10179316320864,118.10179316320864,13948.033548365314
2001-08-15 13:00:00,42377.0,42108.42088811304,268.57911188696016,268.57911188696016,72134.73934198827
2001-08-15 14:00:00,42996.0,43117.53172136218,-121.531721362182,121.531721362182,14769.959297255044
2001-08-15 15:00:00,43368.0,43500.52625703218,-132.52625703217927,132.52625703217927,17563.208802959245
2001-08-15 16:00:00,43638.0,43575.55549736442,62.44450263558247,62.44450263558247,3899.3159094052658
2001-08-15 17:00:00,43070.0,43450.791244128006,-380.7912441280059,380.7912441280059,145001.97160455462
2001-08-15 18:00:00,41673.0,41475.034389323955,197.9656106760449,197.9656106760449,39190.38301033938
2001-08-15 19:00:00,39896.0,39952.61670634075,-56.61670634074835,56.61670634074835,3205.4514368745345
2001-08-15 20:00:00,39973.0,39330.86771108684,642.1322889131625,642.1322889131625,412333.8764648572
2001-08-15 21:00:00,38458.0,39058.02554209023,-600.0255420902322,600.0255420902322,360030.651160677
2001-08-15 22:00:00,35068.0,35113.02995454986,-45.029954549856484,45.029954549856484,2027.6968067621406
2001-08-15 23:00:00,31792.0,31815.823756276994,-23.823756276993663,23.823756276993663,567.571363145595
2001-08-16 00:00:00,29082.0,28873.74860962414,208.25139037585905,208.25139037585905,43368.64159347844
2001-08-16 01:00:00,27126.0,27294.06227333336,-168.06227333335846,168.06227333335846,28244.92771797649
2001-08-16 02:00:00,25916.0,25928.831531610173,-12.831531610172533,12.831531610172533,164.6482034628569
2001-08-16 03:00:00,25266.0,25202.455892554543,63.544107445457485,63.544107445457485,4037.8535910398455
2001-08-16 04:00:00,25306.0,25137.11766034903,168.8823396509688,168.8823396509688,28521.244645985185
2001-08-16 05:00:00,26766.0,26360.045181727965,405.9548182720355,405.9548182720355,164799.31447828136
2001-08-16 06:00:00,29094.0,29297.906906114164,-203.90690611416358,203.90690611416358,41578.02636105032
2001-08-16 07:00:00,32040.0,31839.543941549156,200.45605845084356,200.45605845084356,40182.63136964801
2001-08-16 08:00:00,34399.0,34607.33581513981,-208.33581513981335,208.33581513981335,43403.81186997048
2001-08-16 09:00:00,36617.0,35890.449538345565,726.5504616544349,726.5504616544349,527875.5733302725
2001-08-16 10:00:00,38629.0,38290.263467715486,338.7365322845144,338.7365322845144,114742.43830413786
2001-08-16 11:00:00,40293.0,39992.82927262128,300.17072737871786,300.17072737871786,90102.46557506856
2001-08-16 12:00:00,41586.0,41319.85845662892,266.141543371079,266.141543371079,70831.32110793993
2001-08-16 13:00:00,42989.0,42632.01706468159,356.98293531841045,356.98293531841045,127436.81610854842
2001-08-16 14:00:00,43729.0,44004.38126430418,-275.38126430418197,275.38126430418197,75834.84072976973
2001-08-16 15:00:00,44261.0,44333.06475984456,-72.06475984455756,72.06475984455756,5193.329611453755
2001-08-16 16:00:00,44523.0,44433.775043727575,89.2249562724246,89.2249562724246,7961.092821816083
2001-08-16 17:00:00,44100.0,44049.081706349985,50.918293650014675,50.918293650014675,2592.6726282291247
2001-08-16 18:00:00,42505.0,42732.552653927756,-227.55265392775618,227.55265392775618,51780.21030956517
2001-08-16 19:00:00,40819.0,41177.3035248689,-358.3035248688975,358.3035248688975,128381.41593347666
2001-08-16 20:00:00,40995.0,40257.16648405542,737.8335159445778,737.8335159445778,544398.2972511376
2001-08-16 21:00:00,39572.0,39686.15757243915,-114.15757243915141,114.15757243915141,13031.951345200101
2001-08-16 22:00:00,36589.0,36032.28428089747,556.7157191025326,556.7157191025326,309932.39189584996
2001-08-16 23:00:00,33435.0,33112.54400364608,322.45599635392136,322.45599635392136,103977.86958460015
2001-08-17 00:00:00,30843.0,30398.81700535966,444.18299464034135,444.18299464034135,197298.5327276615
2001-08-17 01:00:00,29055.0,28773.302026034424,281.69797396557624,281.69797396557624,79353.74853631046
2001-08-17 02:00:00,28036.0,27673.2571247579,362.7428752421001,362.7428752421001,131582.3935389058
2001-08-17 03:00:00,27582.0,27064.85548246962,517.1445175303816,517.1445175303816,267438.4520117311
2001-08-17 04:00:00,27746.0,27345.73069480292,400.2693051970782,400.2693051970782,160215.51668295174
2001-08-17 05:00:00,29021.0,28379.025638124567,641.9743618754328,641.9743618754328,412131.08130536915
2001-08-17 06:00:00,31602.0,31159.007915008762,442.9920849912378,442.9920849912378,196241.98736488406
2001-08-17 07:00:00,34095.0,34342.42017195153,-247.42017195153312,247.42017195153312,61216.74148852622
2001-08-17 08:00:00,36734.0,36513.76846972797,220.2315302720308,220.2315302720308,48501.92692596042
2001-08-17 09:00:00,38673.0,38439.54071680036,233.4592831996415,233.4592831996415,54503.23691209041
2001-08-17 10:00:00,40368.0,40344.96455881049,23.035441189509584,23.035441189509584,530.6315507953547
2001-08-17 11:00:00,41184.0,41504.28744157018,-320.2874415701808,320.2874415701808,102584.04522757199
2001-08-17 12:00:00,41984.0,41892.412851824534,91.5871481754657,91.5871481754657,8388.20571091471
2001-08-17 13:00:00,43103.0,42792.47459865523,310.5254013447702,310.5254013447702,96426.02488033062
2001-08-17 14:00:00,44133.0,43724.31051117054,408.6894888294628,408.6894888294628,167027.09827968758
2001-08-17 15:00:00,45029.0,44306.86331577281,722.1366842271891,722.1366842271891,521481.39070663904
2001-08-17 16:00:00,45399.0,44990.791012067944,408.2089879320556,408.2089879320556,166634.5778285131
2001-08-17 17:00:00,44890.0,44711.20693124723,178.7930687527696,178.7930687527696,31966.9614340326
2001-08-17 18:00:00,43417.0,43581.74922816298,-164.74922816298204,164.74922816298204,27142.308180298314
2001-08-17 19:00:00,41648.0,41842.07045339526,-194.0704533952594,194.0704533952594,37663.34088104155
2001-08-17 20:00:00,41440.0,41275.173959415566,164.82604058443394,164.82604058443394,27167.623654741463
2001-08-17 21:00:00,40101.0,40253.08315846809,-152.08315846809273,152.08315846809273,23129.287089631005
2001-08-17 22:00:00,36881.0,36858.95321702859,22.04678297141072,22.04678297141072,486.06063938848575
2001-08-17 23:00:00,33407.0,34191.19601333962,-784.1960133396205,784.1960133396205,614963.3873377544
2001-08-18 00:00:00,30339.0,30813.13561782103,-474.1356178210299,474.1356178210299,224804.5840865297
2001-08-18 01:00:00,28204.0,28576.869443638607,-372.86944363860675,372.86944363860675,139031.62199936414
2001-08-18 02:00:00,26784.0,27013.565080240016,-229.56508024001596,229.56508024001596,52700.12606560496
2001-08-18 03:00:00,25566.0,25607.056693283273,-41.05669328327349,41.05669328327349,1685.6520633567945
2001-08-18 04:00:00,25074.0,25256.145660196365,-182.1456601963655,182.1456601963655,33177.041528369846
2001-08-18 05:00:00,25126.0,25513.25256457295,-387.2525645729511,387.2525645729511,149964.54876832766
2001-08-18 06:00:00,25427.0,25540.404767892116,-113.40476789211607,113.40476789211607,12860.64138066472
2001-08-18 07:00:00,26896.0,26556.115609497698,339.88439050230227,339.88439050230227,115521.3989071215
2001-08-18 08:00:00,30040.0,28748.82854871892,1291.1714512810795,1291.1714512810795,1667123.7166032891
2001-08-18 09:00:00,32968.0,32549.032364761362,418.96763523863774,418.96763523863774,175533.8793774562
2001-08-18 10:00:00,35125.0,34680.58017381342,444.4198261865822,444.4198261865822,197508.98190771195
2001-08-18 11:00:00,36553.0,36463.21196148056,89.78803851943667,89.78803851943667,8061.891861167843
2001-08-18 12:00:00,37301.0,37176.04135339314,124.95864660685766,124.95864660685766,15614.663361817538
2001-08-18 13:00:00,37713.0,37750.279207488165,-37.27920748816541,37.27920748816541,1389.7393109456882
2001-08-18 14:00:00,37826.0,38045.98538654514,-219.98538654513686,219.98538654513686,48393.57029341328
2001-08-18 15:00:00,37986.0,38332.13007659285,-346.1300765928536,346.1300765928536,119806.02992217468
2001-08-18 16:00:00,37912.0,38120.6794474699,-208.67944746989815,208.67944746989815,43547.11179634198
2001-08-18 17:00:00,37417.0,37712.837372127266,-295.83737212726555,295.83737212726555,87519.7507471662
2001-08-18 18:00:00,36509.0,36496.71445235819,12.285547641811718,12.285547641811718,150.93468085922547
2001-08-18 19:00:00,35865.0,35255.05694488164,609.9430551183614,609.9430551183614,372030.53048712044
2001-08-18 20:00:00,36432.0,35628.259038072865,803.7409619271348,803.7409619271348,645999.5338795559
2001-08-18 21:00:00,35471.0,36098.92719996313,-627.927199963131,627.927199963131,394292.5684535379
2001-08-18 22:00:00,33333.0,33294.75390528218,38.24609471781878,38.24609471781878,1462.7637611643654
2001-08-18 23:00:00,30868.0,31211.834774632793,-343.8347746327927,343.8347746327927,118222.35224678334
2001-08-19 00:00:00,28556.0,28453.14025633709,102.85974366290975,102.85974366290975,10580.126866399503
2001-08-19 01:00:00,26753.0,26838.033371877515,-85.03337187751458,85.03337187751458,7230.674332859688
2001-08-19 02:00:00,25635.0,25700.44296646673,-65.44296646672956,65.44296646672956,4282.781859965489
2001-08-19 03:00:00,24701.0,24903.46763048613,-202.46763048613138,202.46763048613138,40993.14139466864
2001-08-19 04:00:00,24295.0,24191.530545899608,103.46945410039189,103.46945410039189,10705.927931833103
2001-08-19 05:00:00,24241.0,24195.81950509886,45.180494901138445,45.180494901138445,2041.277119511797
2001-08-19 06:00:00,24268.0,24377.883542307856,-109.88354230785626,109.88354230785626,12074.392870122436
2001-08-19 07:00:00,25164.0,25043.961661069978,120.03833893002229,120.03833893002229,14409.202813078906
2001-08-19 08:00:00,27625.0,27108.26929461965,516.7307053803488,516.7307053803488,267010.62188287283
2001-08-19 09:00:00,30187.0,30249.474267630823,-62.474267630823306,62.474267630823306,3903.034116007737
2001-08-19 10:00:00,32466.0,32653.71010929546,-187.71010929546173,187.71010929546173,35235.08513171419
2001-08-19 11:00:00,34039.0,34005.68930309371,33.310696906286466,33.310696906286466,1109.6025283824827
2001-08-19 12:00:00,34878.0,35061.20972960637,-183.209729606373,183.209729606373,33565.805022440305
2001-08-19 13:00:00,35238.0,35451.917370455754,-213.91737045575428,213.91737045575428,45760.641382704416
2001-08-19 14:00:00,35473.0,35761.89863372143,-288.8986337214301,288.8986337214301,83462.42056610902
2001-08-19 15:00:00,35638.0,35764.93913172749,-126.93913172749308,126.93913172749308,16113.543163729839
2001-08-19 16:00:00,36120.0,35906.66304080774,213.3369591922601,213.3369591922601,45512.65815740005
2001-08-19 17:00:00,36162.0,36446.52600325417,-284.52600325417006,284.52600325417006,80955.04652779199
2001-08-19 18:00:00,35770.0,35559.064017883364,210.9359821166363,210.9359821166363,44493.98855150991
2001-08-19 19:00:00,35471.0,35012.0506214293,458.9493785707018,458.9493785707018,210634.53209043338
2001-08-19 20:00:00,36615.0,35972.47853431824,642.5214656817625,642.5214656817625,412833.8338618403
2001-08-19 21:00:00,35893.0,36541.0490544118,-648.0490544118002,648.0490544118002,419967.57692402834
2001-08-19 22:00:00,33710.0,33978.11938502387,-268.11938502387056,268.11938502387056,71888.00462557854
2001-08-19 23:00:00,31480.0,31227.274806135094,252.72519386490603,252.72519386490603,63870.023614054335
2001-08-20 00:00:00,29433.0,29379.13136734375,53.86863265624925,53.86863265624925,2901.829584253923
2001-08-20 01:00:00,28000.0,27782.726655289745,217.2733447102546,217.2733447102546,47207.70632158112
2001-08-20 02:00:00,27071.0,26996.212626768007,74.78737323199312,74.78737323199312,5593.151194941441
2001-08-20 03:00:00,26783.0,26768.218215617697,14.781784382303158,14.781784382303158,218.50114952490156
2001-08-20 04:00:00,26935.0,27016.482128168558,-81.48212816855812,81.48212816855812,6639.337210877333
2001-08-20 05:00:00,28506.0,28445.172440094495,60.82755990550504,60.82755990550504,3699.9920440578044
2001-08-20 06:00:00,31266.0,31087.72082259535,178.2791774046491,178.2791774046491,31783.465096078344
2001-08-20 07:00:00,33968.0,34218.18063177581,-250.18063177580916,250.18063177580916,62590.34851574301
2001-08-20 08:00:00,36589.0,36306.18789569904,282.8121043009596,282.8121043009596,79982.68633913687
2001-08-20 09:00:00,38913.0,38278.15275487817,634.8472451218331,634.8472451218331,403031.02463878086
2001-08-20 10:00:00,41136.0,40416.29786359318,719.7021364068205,719.7021364068205,517971.1651485417
2001-08-20 11:00:00,42669.0,42799.068927831155,-130.06892783115472,130.06892783115472,16917.925987146136
2001-08-20 12:00:00,43686.0,43741.17768857581,-55.17768857580813,55.17768857580813,3044.5773165688674
2001-08-20 13:00:00,44588.0,44741.51056022273,-153.51056022272678,153.51056022272678,23565.492099895426
2001-08-20 14:00:00,45238.0,45379.917021747955,-141.917021747955,141.917021747955,20140.441061809535
2001-08-20 15:00:00,45587.0,45434.13542779381,152.86457220619195,152.86457220619195,23367.577435782074
2001-08-20 16:00:00,45676.0,45450.50760510642,225.49239489358297,225.49239489358297,50846.82015484356
2001-08-20 17:00:00,45317.0,45326.3590783054,-9.359078305402363,9.359078305402363,87.59234672665318
2001-08-20 18:00:00,43762.0,44232.91740956334,-470.9174095633425,470.9174095633425,221763.20662984886
2001-08-20 19:00:00,42221.0,42717.11010133123,-496.1101013312291,496.1101013312291,246125.2326428824
2001-08-20 20:00:00,42005.0,41705.33289407139,299.6671059286091,299.6671059286091,89800.37437562822
2001-08-20 21:00:00,40339.0,40751.60103667885,-412.60103667884687,412.60103667884687,170239.61546845915
2001-08-20 22:00:00,36642.0,36795.89370723511,-153.89370723511092,153.89370723511092,23683.273126566033
2001-08-20 23:00:00,32986.0,33413.20051902479,-427.20051902478735,427.20051902478735,182500.2834550477
2001-08-21 00:00:00,30279.0,30317.015028184967,-38.01502818496738,38.01502818496738,1445.1423679038642
2001-08-21 01:00:00,28489.0,28578.66614778762,-89.66614778761868,89.66614778761868,8040.018059071075
2001-08-21 02:00:00,27230.0,27305.05492462978,-75.05492462978145,75.05492462978145,5633.241711182175
2001-08-21 03:00:00,26450.0,26240.65317542311,209.34682457688905,209.34682457688905,43826.09296042676
2001-08-21 04:00:00,26335.0,26147.28499356291,187.71500643709078,187.71500643709078,35236.92364167703
2001-08-21 05:00:00,27631.0,27687.8526891607,-56.85268916069981,56.85268916069981,3232.2282648031537
2001-08-21 06:00:00,29808.0,29962.121395031627,-154.1213950316269,154.1213950316269,23753.404406494785
2001-08-21 07:00:00,32345.0,32355.07018480021,-10.070184800209972,10.070184800209972,101.40862191037996
2001-08-21 08:00:00,34647.0,34977.23276381411,-330.2327638141069,330.2327638141069,109053.6782963037
2001-08-21 09:00:00,36540.0,36645.4458184204,-105.4458184203977,105.4458184203977,11118.820622347483
2001-08-21 10:00:00,38304.0,38523.837142692755,-219.83714269275515,219.83714269275515,48328.36930731479
2001-08-21 11:00:00,39582.0,39739.770618759605,-157.770618759605,157.770618759605,24891.56814378862
2001-08-21 12:00:00,40465.0,40634.16822573844,-169.1682257384382,169.1682257384382,28617.888599491183
2001-08-21 13:00:00,41104.0,41418.7531931309,-314.7531931308986,314.7531931308986,99069.57258609674
2001-08-21 14:00:00,41534.0,41976.95426317245,-442.9542631724471,442.9542631724471,196208.47926264553
2001-08-21 15:00:00,41786.0,42127.093474058245,-341.0934740582452,341.0934740582452,116344.75804512278
2001-08-21 16:00:00,41967.0,42418.048181735016,-451.04818173501553,451.04818173501553,203444.4622464636
2001-08-21 17:00:00,41658.0,41752.071354068845,-94.07135406884481,94.07135406884481,8849.419656345965
2001-08-21 18:00:00,40442.0,40277.8606042156,164.1393957843975,164.1393957843975,26941.741248467086
2001-08-21 19:00:00,38774.0,39181.215586968196,-407.21558696819557,407.21558696819557,165824.53426985204
2001-08-21 20:00:00,39150.0,38337.31336379354,812.6866362064611,812.6866362064611,660459.5686685729
2001-08-21 21:00:00,37616.0,38437.47896102038,-821.4789610203807,821.4789610203807,674827.6833991241
2001-08-21 22:00:00,34503.0,34786.52172759451,-283.5217275945106,283.5217275945106,80384.57001817587
2001-08-21 23:00:00,31249.0,31648.28108678532,-399.2810867853186,399.2810867853186,159425.38626446514
2001-08-22 00:00:00,28729.0,28502.528956941125,226.47104305887478,226.47104305887478,51289.13334417472
2001-08-22 01:00:00,26863.0,27148.55303037233,-285.5530303723317,285.5530303723317,81540.5331548218
2001-08-22 02:00:00,25767.0,25860.87828417764,-93.87828417764104,93.87828417764104,8813.132240137928
2001-08-22 03:00:00,25207.0,25287.95013716089,-80.95013716088943,80.95013716088943,6552.924706366811
2001-08-22 04:00:00,25261.0,25026.091628626567,234.9083713734326,234.9083713734326,55181.94294131853
2001-08-22 05:00:00,26643.0,26458.607187993617,184.39281200638288,184.39281200638288,34000.70911962126
2001-08-22 06:00:00,28889.0,29335.79052259974,-446.7905225997383,446.7905225997383,199621.77108494728
2001-08-22 07:00:00,31452.0,31596.036511018774,-144.03651101877404,144.03651101877404,20746.516506461416
2001-08-22 08:00:00,34178.0,34068.82165112369,109.17834887631034,109.17834887631034,11919.911863357334
2001-08-22 09:00:00,36615.0,35917.01349147962,697.9865085203783,697.9865085203783,487185.1660764681
2001-08-22 10:00:00,38499.0,38335.048805968785,163.95119403121498,163.95119403121498,26879.994024261105
2001-08-22 11:00:00,40051.0,39988.16003877164,62.83996122836106,62.83996122836106,3948.8607271819214
2001-08-22 12:00:00,41048.0,41061.77891594492,-13.778915944916662,13.778915944916662,189.85852461707861
2001-08-22 13:00:00,41979.0,41995.226615939246,-16.226615939245676,16.226615939245676,263.3030648397818
2001-08-22 14:00:00,42629.0,42844.85527953398,-215.85527953397832,215.85527953397832,46593.501702691916
2001-08-22 15:00:00,43142.0,43007.98818642587,134.0118135741286,134.0118135741286,17959.166177427
2001-08-22 16:00:00,43516.0,43622.799581053165,-106.79958105316473,106.79958105316473,11406.150513131503
2001-08-22 17:00:00,43083.0,43202.70487125099,-119.70487125099316,119.70487125099316,14329.25620121685
2001-08-22 18:00:00,41666.0,41780.9397934997,-114.93979349970323,114.93979349970323,13211.156129754421
2001-08-22 19:00:00,39966.0,40234.62638554019,-268.62638554019213,268.62638554019213,72160.13500838795
2001-08-22 20:00:00,40112.0,39885.7807888716,226.2192111284021,226.2192111284021,51175.131483556564
2001-08-22 21:00:00,38494.0,39537.8218169008,-1043.8218169008032,1043.8218169008032,1089563.985438094
2001-08-22 22:00:00,35172.0,35584.097436131146,-412.0974361311455,412.0974361311455,169824.29686586355
2001-08-22 23:00:00,31919.0,32021.794381935764,-102.79438193576425,102.79438193576425,10566.684957555775
2001-08-23 00:00:00,29573.0,29310.864373660883,262.13562633911715,262.13562633911715,68715.08659620125
2001-08-23 01:00:00,27714.0,27809.915162816513,-95.91516281651275,95.91516281651275,9199.71845811815
2001-08-23 02:00:00,26549.0,26543.74136761814,5.258632381861389,5.258632381861389,27.653214527561186
2001-08-23 03:00:00,25846.0,26079.36648378806,-233.36648378806058,233.36648378806058,54459.91575560314
2001-08-23 04:00:00,26004.0,25752.847337126375,251.15266287362465,251.15266287362465,63077.66006851256
2001-08-23 05:00:00,27340.0,27191.167271520826,148.83272847917397,148.83272847917397,22151.18106655552
2001-08-23 06:00:00,29727.0,29808.011316772732,-81.01131677273224,81.01131677273224,6562.833445251968
2001-08-23 07:00:00,32596.0,32435.97262925092,160.02737074908146,160.02737074908146,25608.75938886397
2001-08-23 08:00:00,34614.0,35106.25856124756,-492.25856124755956,492.25856124755956,242318.49112151735
2001-08-23 09:00:00,36532.0,36157.76282109575,374.2371789042518,374.2371789042518,140053.46607421295
2001-08-23 10:00:00,38553.0,38290.82791957328,262.172080426717,262.172080426717,68734.19975527297
2001-08-23 11:00:00,40021.0,39955.50784726779,65.49215273220761,65.49215273220761,4289.222069498809
2001-08-23 12:00:00,40797.0,40988.05036689711,-191.05036689710687,191.05036689710687,36500.242691519146
2001-08-23 13:00:00,41242.0,41608.17372384808,-366.1737238480782,366.1737238480782,134083.19603676864
2001-08-23 14:00:00,41343.0,41595.948254328105,-252.94825432810467,252.94825432810467,63982.81936763552
2001-08-23 15:00:00,41100.0,41639.05780589067,-539.0578058906685,539.0578058906685,290583.31809166167
2001-08-23 16:00:00,40739.0,41326.584111789874,-587.5841117898744,587.5841117898744,345255.0884278957
2001-08-23 17:00:00,40172.0,40085.615548404865,86.38445159513503,86.38445159513503,7462.2734773922275
2001-08-23 18:00:00,39194.0,38973.43882010129,220.56117989870836,220.56117989870836,48647.234078310394
2001-08-23 19:00:00,38881.0,37813.40649208326,1067.5935079167393,1067.5935079167393,1139755.898145969
2001-08-23 20:00:00,38923.0,38573.340935207714,349.6590647922858,349.6590647922858,122261.46159141591
2001-08-23 21:00:00,37353.0,38029.71469436295,-676.7146943629486,676.7146943629486,457942.777566739
2001-08-23 22:00:00,34435.0,34597.05185156291,-162.05185156290827,162.05185156290827,26260.802594966855
2001-08-23 23:00:00,31561.0,31526.057401940805,34.94259805919501,34.94259805919501,1220.9851591264587
2001-08-24 00:00:00,29063.0,29040.77850009674,22.22149990325852,22.22149990325852,493.79505795051836
2001-08-24 01:00:00,27384.0,27363.429130171287,20.570869828712603,20.570869828712603,423.16068550983846
2001-08-24 02:00:00,26166.0,26510.819393751655,-344.8193937516553,344.8193937516553,118900.4143072591
2001-08-24 03:00:00,25573.0,25627.245894722702,-54.24589472270236,54.24589472270236,2942.6170942665076
2001-08-24 04:00:00,25777.0,25603.32961469655,173.6703853034487,173.6703853034487,30161.402731448336
2001-08-24 05:00:00,27049.0,27082.71142905584,-33.71142905583838,33.71142905583838,1136.460448986824
2001-08-24 06:00:00,29400.0,29722.7662479894,-322.76624798939883,322.76624798939883,104178.05084115411
2001-08-24 07:00:00,31835.0,32171.478353211052,-336.4783532110523,336.4783532110523,113217.68217962167
2001-08-24 08:00:00,34108.0,34448.58024600981,-340.580246009813,340.580246009813,115994.90397210473
2001-08-24 09:00:00,36151.0,35963.655349318215,187.34465068178542,187.34465068178542,35098.0181390802
2001-08-24 10:00:00,38165.0,37764.66932266989,400.3306773301083,400.3306773301083,160264.6512115833
2001-08-24 11:00:00,39456.0,39274.602099346186,181.39790065381385,181.39790065381385,32905.19836161092
2001-08-24 12:00:00,40444.0,39879.08164324007,564.9183567599321,564.9183567599321,319132.7498043419
2001-08-24 13:00:00,41579.0,41043.46122904954,535.5387709504575,535.5387709504575,286801.7751911266
2001-08-24 14:00:00,42296.0,42137.271197619324,158.72880238067592,158.72880238067592,25194.83270520367
2001-08-24 15:00:00,42541.0,42555.63047851754,-14.630478517537995,14.630478517537995,214.05090165214077
2001-08-24 16:00:00,42580.0,42756.02512288015,-176.02512288014987,176.02512288014987,30984.84388497186
2001-08-24 17:00:00,42096.0,42105.949224176846,-9.949224176845746,9.949224176845746,98.98706172113191
2001-08-24 18:00:00,40461.0,40510.74280134182,-49.74280134181754,49.74280134181754,2474.346285331525
2001-08-24 19:00:00,38845.0,38788.70058443232,56.29941556767881,56.29941556767881,3169.6241932621947
2001-08-24 20:00:00,38852.0,38213.17657236155,638.8234276384464,638.8234276384464,408095.3716997334
2001-08-24 21:00:00,37221.0,38063.16574306999,-842.1657430699925,842.1657430699925,709243.1388006326
2001-08-24 22:00:00,34347.0,34790.34215012324,-443.34215012323693,443.34215012323693,196552.26207589475
2001-08-24 23:00:00,31447.0,31507.12703480668,-60.12703480667915,60.12703480667915,3615.260314643606
2001-08-25 00:00:00,28815.0,28931.044957193193,-116.04495719319311,116.04495719319311,13466.432089970021
2001-08-25 01:00:00,26907.0,26966.20836739873,-59.208367398729024,59.208367398729024,3505.630770022878
2001-08-25 02:00:00,25659.0,25643.42359332249,15.576406677508203,15.576406677508203,242.62444498312212
2001-08-25 03:00:00,24889.0,24737.319960220142,151.6800397798579,151.6800397798579,23006.834467619276
2001-08-25 04:00:00,24389.0,24153.447554859104,235.55244514089645,235.55244514089645,55484.95441185503
2001-08-25 05:00:00,24688.0,24374.361532602477,313.6384673975226,313.6384673975226,98369.08823146686
2001-08-25 06:00:00,25122.0,25100.12139091093,21.878609089071688,21.878609089071688,478.67353567241025
2001-08-25 07:00:00,26447.0,26580.26687456512,-133.26687456512082,133.26687456512082,17760.059856355645
2001-08-25 08:00:00,29169.0,28836.865057082443,332.13494291755705,332.13494291755705,110313.62030684888
2001-08-25 09:00:00,31649.0,32125.66843591526,-476.6684359152605,476.6684359152605,227212.7977979008
2001-08-25 10:00:00,33626.0,33803.27558517304,-177.27558517303987,177.27558517303987,31426.633098443715
2001-08-25 11:00:00,34620.0,34815.085613619514,-195.08561361951433,195.08561361951433,38058.39664130244
2001-08-25 12:00:00,35190.0,35029.00657485716,160.99342514284217,160.99342514284217,25918.882939223924
2001-08-25 13:00:00,35270.0,35464.44060810516,-194.44060810515657,194.44060810515657,37807.15008030308
2001-08-25 14:00:00,35548.0,35553.103721014195,-5.103721014194889,5.103721014194889,26.047968190734505
2001-08-25 15:00:00,35640.0,35598.30386176163,41.696138238366984,41.696138238366984,1738.5679439930093
2001-08-25 16:00:00,35883.0,35948.455531114094,-65.4555311140939,65.4555311140939,4284.426553428115
2001-08-25 17:00:00,35611.0,35823.794906064315,-212.794906064315,212.794906064315,45281.67204692065
2001-08-25 18:00:00,34407.0,34702.93325191713,-295.9332519171294,295.9332519171294,87576.48959024716
2001-08-25 19:00:00,33125.0,33463.27439563909,-338.2743956390914,338.2743956390914,114429.56674499252
2001-08-25 20:00:00,33447.0,33263.69686482833,183.30313517167087,183.30313517167087,33600.03936376384
2001-08-25 21:00:00,32193.0,32728.303770413295,-535.3037704132948,535.3037704132948,286550.12661868945
2001-08-25 22:00:00,30074.0,30232.12142683503,-158.12142683503043,158.12142683503043,25002.385624345883
2001-08-25 23:00:00,27759.0,27821.543826136312,-62.54382613631242,62.54382613631242,3911.730187769276
2001-08-26 00:00:00,25580.0,25586.003669379657,-6.003669379657367,6.003669379657367,36.04404602023548
2001-08-26 01:00:00,24000.0,24065.538414155268,-65.53841415526767,65.53841415526767,4295.28372998739
2001-08-26 02:00:00,22920.0,23123.519207273068,-203.51920727306788,203.51920727306788,41420.06772905796
2001-08-26 03:00:00,22179.0,22172.353919484834,6.646080515165522,6.646080515165522,44.170386214062816
2001-08-26 04:00:00,21909.0,21613.661506163993,295.3384938360068,295.3384938360068,87224.82594132103
2001-08-26 05:00:00,21915.0,21981.850247353246,-66.85024735324623,66.85024735324623,4468.955571190205
2001-08-26 06:00:00,22059.0,22194.71187606108,-135.71187606107924,135.71187606107924,18417.713304017732
2001-08-26 07:00:00,22676.0,22809.444656499287,-133.4446564992868,133.4446564992868,17807.476348212644
2001-08-26 08:00:00,25257.0,24964.811954675828,292.188045324172,292.188045324172,85373.85383036039
2001-08-26 09:00:00,27449.0,27413.145273482176,35.85472651782402,35.85472651782402,1285.561413667953
2001-08-26 10:00:00,29474.0,29070.910646782042,403.089353217958,403.089353217958,162481.0266776717
2001-08-26 11:00:00,31125.0,30662.444294635276,462.5557053647244,462.5557053647244,213957.78056545774
2001-08-26 12:00:00,32389.0,32161.823556255535,227.17644374446536,227.17644374446536,51609.13659238224
2001-08-26 13:00:00,33513.0,33296.629786173755,216.37021382624516,216.37021382624516,46816.06943121505
2001-08-26 14:00:00,34233.0,34137.04159877202,95.95840122798108,95.95840122798108,9208.014766230202
2001-08-26 15:00:00,35042.0,34910.977771543825,131.02222845617507,131.02222845617507,17166.824349622133
2001-08-26 16:00:00,35721.0,35677.5311412484,43.46885875159933,43.46885875159933,1889.5416811664934
2001-08-26 17:00:00,35945.0,36050.24061744088,-105.24061744088249,105.24061744088249,11075.587559338179
2001-08-26 18:00:00,35361.0,35673.752038885796,-312.7520388857956,312.7520388857956,97813.83782722222
2001-08-26 19:00:00,34788.0,34568.81648792817,219.1835120718315,219.1835120718315,48041.4119641427
2001-08-26 20:00:00,35967.0,34863.026047582556,1103.9739524174438,1103.9739524174438,1218758.4876161925
2001-08-26 21:00:00,34973.0,35595.74661101447,-622.7466110144669,622.7466110144669,387813.34153000376
2001-08-26 22:00:00,32641.0,33161.80776999885,-520.8077699988498,520.8077699988498,271240.73329117487
2001-08-26 23:00:00,30033.0,30178.98406473465,-145.98406473465002,145.98406473465002,21311.347156450487
2001-08-27 00:00:00,28114.0,27622.231709701402,491.768290298598,491.768290298598,241836.05134320617
2001-08-27 01:00:00,26701.0,26570.533120204902,130.46687979509807,130.46687979509807,17021.60672346857
2001-08-27 02:00:00,25980.0,25598.938208277606,381.06179172239354,381.06179172239354,145208.08911068083
2001-08-27 03:00:00,25585.0,25299.510405221787,285.48959477821336,285.48959477821336,81504.30872662847
2001-08-27 04:00:00,25911.0,25677.218867296207,233.78113270379254,233.78113270379254,54653.618008268255
2001-08-27 05:00:00,27552.0,27087.172594645534,464.82740535446646,464.82740535446646,216064.5167685655
2001-08-27 06:00:00,30399.0,30367.414886335933,31.58511366406674,31.58511366406674,997.6194051720154
2001-08-27 07:00:00,33045.0,33092.39309282465,-47.39309282464819,47.39309282464819,2246.10524748572
2001-08-27 08:00:00,35783.0,35200.420198971035,582.5798010289654,582.5798010289654,339399.22456694895
2001-08-27 09:00:00,38179.0,37485.95877762517,693.0412223748281,693.0412223748281,480306.1359107959
2001-08-27 10:00:00,40504.0,39928.18719396257,575.8128060374293,575.8128060374293,331560.3875966981
2001-08-27 11:00:00,42404.0,41918.87687003659,485.12312996340916,485.12312996340916,235344.45122549476
2001-08-27 12:00:00,43701.0,43601.06963927592,99.93036072407995,99.93036072407995,9986.07699444474
2001-08-27 13:00:00,44871.0,44890.981046818786,-19.981046818786126,19.981046818786126,399.2422319745232
2001-08-27 14:00:00,45588.0,45332.82327597862,255.17672402138123,255.17672402138123,65115.16048228416
2001-08-27 15:00:00,45526.0,45974.772888332154,-448.77288833215425,448.77288833215425,201397.10530198418
2001-08-27 16:00:00,45231.0,45022.338385735384,208.66161426461622,208.66161426461622,43539.66926751549
2001-08-27 17:00:00,44605.0,44783.389980378946,-178.38998037894635,178.38998037894635,31822.985099600864
2001-08-27 18:00:00,43211.0,43566.869845867644,-355.8698458676445,355.8698458676445,126643.34719786103
2001-08-27 19:00:00,42272.0,41757.558903266945,514.441096733055,514.441096733055,264649.6420079085
2001-08-27 20:00:00,42653.0,41685.881383237036,967.1186167629639,967.1186167629639,935318.4188895087
2001-08-27 21:00:00,40497.0,41227.91802679449,-730.9180267944903,730.9180267944903,534241.1618931512
2001-08-27 22:00:00,36782.0,36749.892521631824,32.10747836817609,32.10747836817609,1030.8901671628955
2001-08-27 23:00:00,33420.0,33491.013304532906,-71.01330453290575,71.01330453290575,5042.889420683212
2001-08-28 00:00:00,30723.0,30558.656574097462,164.343425902538,164.343425902538,27008.761637383
2001-08-28 01:00:00,28891.0,28913.207747944267,-22.207747944266885,22.207747944266885,493.18406875609
2001-08-28 02:00:00,27885.0,27579.884202977937,305.1157970220629,305.1157970220629,93095.64959240869
2001-08-28 03:00:00,27209.0,27075.831899549336,133.1681004506645,133.1681004506645,17733.74297763827
2001-08-28 04:00:00,27270.0,27170.52266726096,99.47733273903941,99.47733273903941,9895.739728873563
2001-08-28 05:00:00,28767.0,28242.47131731208,524.5286826879201,524.5286826879201,275130.3389623248
2001-08-28 06:00:00,31562.0,31271.436679684877,290.56332031512284,290.56332031512284,84427.04311254868
2001-08-28 07:00:00,33907.0,34326.245909612546,-419.2459096125458,419.2459096125458,175767.13272685092
2001-08-28 08:00:00,35986.0,36010.83212059084,-24.83212059084326,24.83212059084326,616.6342130381819
2001-08-28 09:00:00,38026.0,37981.005325574515,44.994674425484845,44.994674425484845,2024.52072665538
2001-08-28 10:00:00,40341.0,39976.46716788656,364.5328321134366,364.5328321134366,132884.18568864296
2001-08-28 11:00:00,42366.0,41790.46149246832,575.5385075316808,575.5385075316808,331244.5736517946
2001-08-28 12:00:00,43616.0,43733.645702362504,-117.64570236250438,117.64570236250438,13840.511284366969
2001-08-28 13:00:00,44710.0,44584.17085583469,125.82914416531275,125.82914416531275,15832.973521375061
2001-08-28 14:00:00,45616.0,45458.55606948954,157.44393051046063,157.44393051046063,24788.591254582756
2001-08-28 15:00:00,46073.0,46162.42474104664,-89.42474104664143,89.42474104664143,7996.784311258876
2001-08-28 16:00:00,46301.0,46082.77952493027,218.2204750697274,218.2204750697274,47620.17573965752
2001-08-28 17:00:00,45760.0,46235.96197640203,-475.9619764020317,475.9619764020317,226539.8029805282
2001-08-28 18:00:00,43880.0,44808.50591014871,-928.5059101487132,928.5059101487132,862123.2251810902
2001-08-28 19:00:00,42374.0,43045.790820921036,-671.7908209210364,671.7908209210364,451302.90707375994
2001-08-28 20:00:00,42604.0,42115.71617956123,488.28382043877355,488.28382043877355,238421.08930228444
2001-08-28 21:00:00,40539.0,41611.95616256395,-1072.9561625639471,1072.9561625639471,1151234.9267839515
2001-08-28 22:00:00,37026.0,36810.30934367997,215.69065632003185,215.69065632003185,46522.4592237661
2001-08-28 23:00:00,33408.0,33848.08351395087,-440.08351395087084,440.08351395087084,193673.49925134634
2001-08-29 00:00:00,30613.0,30778.61566959498,-165.6156695949794,165.6156695949794,27428.550015393386
2001-08-29 01:00:00,28707.0,28900.57640032963,-193.57640032963172,193.57640032963172,37471.822764577846
2001-08-29 02:00:00,27473.0,27495.054962258113,-22.054962258112937,22.054962258112937,486.4213602067861
2001-08-29 03:00:00,26809.0,26445.539893342197,363.4601066578034,363.4601066578034,132103.24913170183
2001-08-29 04:00:00,26673.0,26521.097732014812,151.9022679851878,151.9022679851878,23074.299019043807
2001-08-29 05:00:00,28121.0,27848.814705889807,272.18529411019335,272.18529411019335,74084.83432985246
2001-08-29 06:00:00,30840.0,30394.751448621806,445.24855137819395,445.24855137819395,198246.2725043802
2001-08-29 07:00:00,33251.0,33236.31645948812,14.68354051188362,14.68354051188362,215.6063619641275
2001-08-29 08:00:00,35512.0,35250.68016846605,261.31983153394685,261.31983153394685,68288.05435293037
2001-08-29 09:00:00,37573.0,37304.23078505728,268.76921494271664,268.76921494271664,72236.89090092422
2001-08-29 10:00:00,39314.0,39423.66918766496,-109.66918766495655,109.66918766495655,12027.330723091458
2001-08-29 11:00:00,40667.0,40603.97007819723,63.02992180277215,63.02992180277215,3972.771042463572
2001-08-29 12:00:00,41567.0,41805.17744275264,-238.17744275263976,238.17744275263976,56728.49423618699
2001-08-29 13:00:00,42527.0,42620.207594762745,-93.20759476274543,93.20759476274543,8687.655721456169
2001-08-29 14:00:00,42882.0,43285.23933411209,-403.23933411209146,403.23933411209146,162601.96057516293
2001-08-29 15:00:00,43244.0,42979.62475814619,264.37524185381335,264.37524185381335,69894.2685052623
2001-08-29 16:00:00,43401.0,43167.26716962395,233.73283037605142,233.73283037605142,54631.035995600025
2001-08-29 17:00:00,42989.0,42699.651275525066,289.348724474934,289.348724474934,83722.68435527127
2001-08-29 18:00:00,41400.0,41437.47337144469,-37.47337144469202,37.47337144469202,1404.2535674318592
2001-08-29 19:00:00,40125.0,39872.05953975845,252.9404602415525,252.9404602415525,63978.8764272084
2001-08-29 20:00:00,40574.0,39839.52665559419,734.4733444058074,734.4733444058074,539451.0936426518
2001-08-29 21:00:00,38529.0,39569.71959435758,-1040.719594357579,1040.719594357579,1083097.2740798036
2001-08-29 22:00:00,34826.0,35274.39570982787,-448.3957098278697,448.3957098278697,201058.71259203914
2001-08-29 23:00:00,31731.0,31657.709187249762,73.29081275023782,73.29081275023782,5371.5432335904225
2001-08-30 00:00:00,29033.0,28917.547754084775,115.45224591522492,115.45224591522492,13329.22108686957
2001-08-30 01:00:00,27457.0,27377.584610735976,79.41538926402427,79.41538926402427,6306.804051956501
2001-08-30 02:00:00,26350.0,26260.91084017259,89.08915982741019,89.08915982741019,7936.878398753836
2001-08-30 03:00:00,25913.0,25710.136201389912,202.86379861008754,202.86379861008754,41153.72078651415
2001-08-30 04:00:00,26103.0,25895.080780144184,207.91921985581575,207.91921985581575,43230.40198545105
2001-08-30 05:00:00,27801.0,27359.985986843505,441.0140131564949,441.0140131564949,194493.35980039707
2001-08-30 06:00:00,30865.0,30277.162707318763,587.8372926812372,587.8372926812372,345552.6826668065
2001-08-30 07:00:00,33170.0,33428.75282587865,-258.75282587864785,258.75282587864785,66953.02490018586
2001-08-30 08:00:00,35065.0,35293.88050097114,-228.8805009711432,228.8805009711432,52386.28372480148
2001-08-30 09:00:00,36518.0,36755.46662219091,-237.4666221909065,237.4666221909065,56390.396654758726
2001-08-30 10:00:00,37906.0,38063.25230205544,-157.25230205544358,157.25230205544358,24728.286501736464
2001-08-30 11:00:00,39520.0,39194.579914589805,325.4200854101946,325.4200854101946,105898.23198837833
2001-08-30 12:00:00,40518.0,40366.85780828501,151.1421917149928,151.1421917149928,22843.96211641164
2001-08-30 13:00:00,41370.0,41243.32917842948,126.6708215705221,126.6708215705221,16045.497037351046
2001-08-30 14:00:00,41799.0,41873.225098361676,-74.22509836167592,74.22509836167592,5509.365226800465
2001-08-30 15:00:00,42073.0,42285.699684795116,-212.6996847951159,212.6996847951159,45241.155911941656
2001-08-30 16:00:00,42093.0,42342.46131121068,-249.46131121068174,249.46131121068174,62230.94579095261
2001-08-30 17:00:00,41289.0,41495.731817600914,-206.73181760091393,206.73181760091393,42738.044408577545
2001-08-30 18:00:00,39943.0,39763.324294326114,179.6757056738861,179.6757056738861,32283.35920940895
2001-08-30 19:00:00,39433.0,38688.00129600428,744.9987039957196,744.9987039957196,555023.0689553018
2001-08-30 20:00:00,40054.0,39016.35062402119,1037.6493759788136,1037.6493759788136,1076716.2274692212
2001-08-30 21:00:00,38297.0,39291.56264147792,-994.5626414779181,994.5626414779181,989154.8478235338
2001-08-30 22:00:00,35357.0,35243.692978508036,113.3070214919644,113.3070214919644,12838.481119380484
2001-08-30 23:00:00,32467.0,32025.459674278656,441.54032572134383,441.54032572134383,194957.8592381104
2001-08-31 00:00:00,29899.0,29630.732681812293,268.26731818770713,268.26731818770713,71967.3540076245
2001-08-31 01:00:00,28347.0,28112.387984769324,234.61201523067575,234.61201523067575,55042.79769059883
2001-08-31 02:00:00,27395.0,27220.60502598395,174.39497401604967,174.39497401604967,30413.606962058642
2001-08-31 03:00:00,26917.0,26666.619671730055,250.38032826994458,250.38032826994458,62690.30878456521
2001-08-31 04:00:00,27191.0,26899.776930159016,291.22306984098395,291.22306984098395,84810.87640760661
2001-08-31 05:00:00,28635.0,28326.7857804189,308.2142195810993,308.2142195810993,94996.0051519861
2001-08-31 06:00:00,31494.0,31313.044123947635,180.95587605236506,180.95587605236506,32745.029077878906
2001-08-31 07:00:00,34066.0,34397.90305046493,-331.9030504649272,331.9030504649272,110159.63490792402
2001-08-31 08:00:00,36339.0,36265.26642245455,73.7335775454485,73.7335775454485,5436.640457650667
2001-08-31 09:00:00,38481.0,38079.47803933971,401.52196066029137,401.52196066029137,161219.88489248458
2001-08-31 10:00:00,40476.0,40294.6330372695,181.36696273049893,181.36696273049893,32893.97517008619
2001-08-31 11:00:00,42312.0,41706.14600647697,605.8539935230292,605.8539935230292,367059.06146780273
2001-08-31 12:00:00,43564.0,43102.643686847536,461.3563131524643,461.3563131524643,212849.6476856347
2001-08-31 13:00:00,44637.0,44061.38795847322,575.6120415267796,575.6120415267796,331329.2223506271
2001-08-31 14:00:00,45347.0,45270.92483499753,76.07516500246857,76.07516500246857,5787.430730152818
2001-08-31 15:00:00,45505.0,45371.64554714584,133.35445285416063,133.35445285416063,17783.41009603255
2001-08-31 16:00:00,45459.0,45338.59786810991,120.40213189009228,120.40213189009228,14496.673363679176
2001-08-31 17:00:00,44539.0,44725.99126957732,-186.99126957731642,186.99126957731642,34965.73489813662
2001-08-31 18:00:00,42732.0,42832.787904023004,-100.78790402300365,100.78790402300365,10158.201597350195
2001-08-31 19:00:00,41620.0,41299.3481182126,320.6518817874021,320.6518817874021,102817.62929380208
2001-08-31 20:00:00,41372.0,41167.092386144686,204.90761385531368,204.90761385531368,41987.130215878344
2001-08-31 21:00:00,39392.0,40010.44494038888,-618.4449403888793,618.4449403888793,382474.1442926045
2001-08-31 22:00:00,36455.0,36356.78500982988,98.21499017011956,98.21499017011956,9646.184294116683
2001-08-31 23:00:00,33489.0,33539.769063048436,-50.76906304843578,50.76906304843578,2577.4977628160477
2001-09-01 00:00:00,30773.0,30827.739280966947,-54.73928096694726,54.73928096694726,2996.3888807783947
2001-09-01 01:00:00,28977.0,28946.03572026308,30.964279736919707,30.964279736919707,958.7866196262164
2001-09-01 02:00:00,27609.0,27645.2563949404,-36.25639494039933,36.25639494039933,1314.5261740742142
2001-09-01 03:00:00,26620.0,26471.04328080034,148.95671919966117,148.95671919966117,22188.104194726704
2001-09-01 04:00:00,26143.0,26025.279493658887,117.72050634111292,117.72050634111292,13858.117613208007
2001-09-01 05:00:00,26219.0,26498.63660744662,-279.6366074466205,279.6366074466205,78196.63222425531
2001-09-01 06:00:00,26700.0,26872.377533209805,-172.37753320980482,172.37753320980482,29714.013955497365
2001-09-01 07:00:00,27327.0,27802.270974513223,-475.27097451322334,475.27097451322334,225882.499214749
2001-09-01 08:00:00,29476.0,28857.748560604916,618.2514393950842,618.2514393950842,382234.84231409343
2001-09-01 09:00:00,31103.0,31427.83872810587,-324.83872810587127,324.83872810587127,105520.19927744016
2001-09-01 10:00:00,32197.0,32939.90462634924,-742.9046263492419,742.9046263492419,551907.2838511067
2001-09-01 11:00:00,32676.0,32662.732012907287,13.267987092713156,13.267987092713156,176.0394814924029
2001-09-01 12:00:00,32866.0,32732.34873633285,133.6512636671505,133.6512636671505,17862.66027982618
2001-09-01 13:00:00,33061.0,32706.44576203206,354.5542379679391,354.5542379679391,125708.707661026
2001-09-01 14:00:00,33191.0,32558.66778529349,632.3322147065082,632.3322147065082,399844.02975563763
2001-09-01 15:00:00,33366.0,33054.48615620975,311.51384379024967,311.51384379024967,97040.87487297607
2001-09-01 16:00:00,33609.0,33480.115419518195,128.88458048180473,128.88458048180473,16611.235085970802
2001-09-01 17:00:00,33442.0,33504.79707337697,-62.79707337696891,62.79707337696891,3943.4724247124177
2001-09-01 18:00:00,32280.0,32524.916168423722,-244.9161684237224,244.9161684237224,59983.929555357165
2001-09-01 19:00:00,31306.0,31425.146694796334,-119.14669479633449,119.14669479633449,14195.93488089088
2001-09-01 20:00:00,31687.0,31280.22943212441,406.7705678755883,406.7705678755883,165462.2948898286
2001-09-01 21:00:00,30174.0,31290.833282022442,-1116.8332820224423,1116.8332820224423,1247316.5798330202
2001-09-01 22:00:00,28026.0,28381.4927707008,-355.49277070079916,355.49277070079916,126375.11002053096
2001-09-01 23:00:00,25711.0,25882.031807866144,-171.03180786614394,171.03180786614394,29251.879301961573
2001-09-02 00:00:00,24431.0,23975.601844358287,455.39815564171295,455.39815564171295,207387.4801618738
2001-09-02 01:00:00,22106.0,22967.632960772113,-861.6329607721127,861.6329607721127,742411.3590889171
2001-09-02 02:00:00,21079.0,21479.95861583712,-400.9586158371203,400.9586158371203,160767.81161401942
2001-09-02 03:00:00,20391.0,20732.64555319576,-341.64555319576175,341.64555319576175,116721.68401843807
2001-09-02 04:00:00,20113.0,20528.271991850685,-415.27199185068457,415.27199185068457,172450.82721563504
2001-09-02 05:00:00,20187.0,20457.84307144659,-270.84307144659033,270.84307144659033,73355.96935062284
2001-09-02 06:00:00,20231.0,20568.14551144191,-337.14551144191137,337.14551144191137,113667.09588542799
2001-09-02 07:00:00,20985.0,21392.182244499003,-407.182244499003,407.182244499003,165797.38023524586
2001-09-02 08:00:00,23039.0,23041.992260522948,-2.9922605229476176,2.9922605229476176,8.95362303719075
2001-09-02 09:00:00,24825.0,24760.809586330666,64.1904136693338,64.1904136693338,4120.409207040195
2001-09-02 10:00:00,26015.0,25923.15829835398,91.84170164601892,91.84170164601892,8434.898161236355
2001-09-02 11:00:00,27161.0,26704.689023500905,456.310976499095,456.310976499095,208219.7072735576
2001-09-02 12:00:00,27338.0,27674.94765803135,-336.9476580313494,336.9476580313494,113533.7242528112
2001-09-02 13:00:00,27580.0,27318.53254532841,261.46745467159053,261.46745467159053,68365.22985244024
2001-09-02 14:00:00,27728.0,27702.587626568962,25.41237343103785,25.41237343103785,645.7887233985184
2001-09-02 15:00:00,27960.0,27728.545591921284,231.45440807871637,231.45440807871637,53571.143019068964
2001-09-02 16:00:00,28275.0,28450.23107895204,-175.23107895204157,175.23107895204157,30705.931030696625
2001-09-02 17:00:00,28473.0,28602.077772057663,-129.07777205766251,129.07777205766251,16661.07123936988
2001-09-02 18:00:00,27921.0,28329.323981015998,-408.32398101599756,408.32398101599756,166728.47347275272
2001-09-02 19:00:00,27565.0,28364.615390872277,-799.6153908722772,799.6153908722772,639384.7733198246
2001-09-02 20:00:00,28412.0,28037.910311661064,374.08968833893596,374.08968833893596,139943.09492152225
2001-09-02 21:00:00,27381.0,28397.501538568227,-1016.5015385682273,1016.5015385682273,1033275.3779115732
2001-09-02 22:00:00,25801.0,25938.858653050305,-137.8586530503053,137.8586530503053,19005.008220844447
2001-09-02 23:00:00,23922.0,23778.553723137513,143.44627686248714,143.44627686248714,20576.834345709314
2001-09-03 00:00:00,22115.0,22093.044055015893,21.95594498410719,21.95594498410719,482.0635201451417
2001-09-03 01:00:00,20967.0,21010.90887780931,-43.90887780931007,43.90887780931007,1927.9895504729222
2001-09-03 02:00:00,20210.0,20301.91347361112,-91.91347361111912,91.91347361111912,8448.086631261891
2001-09-03 03:00:00,19757.0,19837.28237413112,-80.28237413111856,80.28237413111856,6445.259596128894
2001-09-03 04:00:00,19651.0,19981.403241223987,-330.4032412239867,330.4032412239867,109166.30181131595
2001-09-03 05:00:00,19976.0,20084.001885027446,-108.0018850274464,108.0018850274464,11664.407169481752
2001-09-03 06:00:00,20373.0,21175.627631863903,-802.6276318639029,802.6276318639029,644211.115431457
2001-09-03 07:00:00,21027.0,21565.96376532665,-538.9637653266509,538.9637653266509,290481.94033508125
2001-09-03 08:00:00,23303.0,23156.811188812575,146.18881118742502,146.18881118742502,21371.1685163926
2001-09-03 09:00:00,25804.0,25596.794096173297,207.20590382670343,207.20590382670343,42934.28658064107
2001-09-03 10:00:00,27687.0,26889.49905318703,797.5009468129683,797.5009468129683,636007.7601675809
2001-09-03 11:00:00,28758.0,28675.300082911843,82.69991708815724,82.69991708815724,6839.276286388081
2001-09-03 12:00:00,29202.0,29350.929655294858,-148.9296552948581,148.9296552948581,22180.042226245252
2001-09-03 13:00:00,29585.0,29571.8710447254,13.128955274598411,13.128955274598411,172.36946660240545
2001-09-03 14:00:00,30060.0,29699.00590725575,360.99409274425125,360.99409274425125,130316.73499624507
2001-09-03 15:00:00,30172.0,30425.486336661008,-253.48633666100795,253.48633666100795,64255.322873817866
2001-09-03 16:00:00,30691.0,30831.881218402752,-140.88121840275198,140.88121840275198,19847.517698643904
2001-09-03 17:00:00,30888.0,31065.346816326153,-177.3468163261532,177.3468163261532,31451.89326102232
2001-09-03 18:00:00,30299.0,30486.432011997727,-187.4320119977274,187.4320119977274,35130.759121516225
2001-09-03 19:00:00,30558.0,30468.177150705684,89.82284929431626,89.82284929431626,8068.144255349451
2001-09-03 20:00:00,32037.0,30897.133058211457,1139.866941788543,1139.866941788543,1299296.644982366
2001-09-03 21:00:00,30958.0,31110.541848761077,-152.54184876107684,152.54184876107684,23269.015623447238
2001-09-03 22:00:00,28211.0,28832.358056809822,-621.3580568098223,621.3580568098223,386085.83476247836
2001-09-03 23:00:00,25910.0,25813.576906826012,96.42309317398758,96.42309317398758,9297.41289723949
2001-09-04 00:00:00,23985.0,23835.942976010803,149.05702398919675,149.05702398919675,22217.996400515975
2001-09-04 01:00:00,23001.0,22631.169409767946,369.8305902320535,369.8305902320535,136774.66547138907
2001-09-04 02:00:00,22406.0,21941.894497712106,464.1055022878936,464.1055022878936,215393.91725389802
2001-09-04 03:00:00,22232.0,21807.13212521745,424.86787478255064,424.86787478255064,180512.71102224113
2001-09-04 04:00:00,22600.0,22617.021255751537,-17.021255751536955,17.021255751536955,289.72314735922987
2001-09-04 05:00:00,24388.0,24033.559317993855,354.4406820061449,354.4406820061449,125628.19706098115
2001-09-04 06:00:00,27953.0,27175.13606174758,777.8639382524198,777.8639382524198,605072.3064335643
2001-09-04 07:00:00,30606.0,30457.096331417863,148.90366858213747,148.90366858213747,22172.302517219032
2001-09-04 08:00:00,32733.0,31644.776940328513,1088.2230596714871,1088.2230596714871,1184229.427600773
2001-09-04 09:00:00,34668.0,34039.29214825063,628.7078517493719,628.7078517493719,395273.5628513102
2001-09-04 10:00:00,36064.0,35593.37444821707,470.6255517829268,470.6255517829268,221488.4099909843
2001-09-04 11:00:00,37397.0,36946.0359840362,450.9640159638002,450.9640159638002,203368.54369419863
2001-09-04 12:00:00,38688.0,38221.39165855958,466.6083414404202,466.6083414404202,217723.34430177975
2001-09-04 13:00:00,39458.0,39944.18587646525,-486.18587646524975,486.18587646524975,236376.7064742831
2001-09-04 14:00:00,39678.0,40135.230422080116,-457.2304220801161,457.2304220801161,209059.65887556114
2001-09-04 15:00:00,40352.0,39989.30393152989,362.69606847011164,362.69606847011164,131548.43808367592
2001-09-04 16:00:00,40518.0,41023.621804357,-505.621804356997,505.621804356997,255653.40904122536
2001-09-04 17:00:00,40232.0,40182.516929274905,49.483070725094876,49.483070725094876,2448.5742883847415
2001-09-04 18:00:00,39061.0,39057.22306405706,3.7769359429366887,3.7769359429366887,14.265245117047053
2001-09-04 19:00:00,38475.0,38536.85634235867,-61.85634235866746,61.85634235866746,3826.2070899926784
2001-09-04 20:00:00,39123.0,38185.13736543816,937.8626345618395,937.8626345618395,879586.3213072745
2001-09-04 21:00:00,37139.0,37784.414457026345,-645.4144570263452,645.4144570263452,416559.821338612
2001-09-04 22:00:00,33533.0,33786.50400272814,-253.50400272814295,253.50400272814295,64264.27939919031
2001-09-04 23:00:00,30074.0,30118.505446337524,-44.50544633752361,44.50544633752361,1980.7347537021935
2001-09-05 00:00:00,27670.0,27397.718163535625,272.2818364643754,272.2818364643754,74137.39846841285
2001-09-05 01:00:00,26023.0,26160.52251226418,-137.52251226417866,137.52251226417866,18912.44137945117
2001-09-05 02:00:00,24937.0,25109.260547893176,-172.2605478931764,172.2605478931764,29673.696360457325
2001-09-05 03:00:00,24201.0,24419.098688734095,-218.09868873409505,218.09868873409505,47567.03802753168
2001-09-05 04:00:00,24219.0,24222.96998437066,-3.9699843706584943,3.9699843706584943,15.760775903272721
2001-09-05 05:00:00,25752.0,25441.87663893009,310.12336106990915,310.12336106990915,96176.49908129724
2001-09-05 06:00:00,28971.0,28841.496793693856,129.50320630614442,129.50320630614442,16771.080443571806
2001-09-05 07:00:00,30892.0,31617.93913661823,-725.9391366182317,725.9391366182317,526987.6300740237
2001-09-05 08:00:00,32463.0,32916.41942793408,-453.4194279340809,453.4194279340809,205589.17762806918
2001-09-05 09:00:00,33861.0,33810.291586968015,50.7084130319854,50.7084130319854,2571.343152222427
2001-09-05 10:00:00,34723.0,35068.0094530758,-345.0094530757997,345.0094530757997,119031.52271166243
2001-09-05 11:00:00,35404.0,35538.38222893887,-134.38222893886996,134.38222893886996,18058.583454578857
2001-09-05 12:00:00,35918.0,35864.802605004035,53.197394995964714,53.197394995964714,2829.9628343566915
2001-09-05 13:00:00,36538.0,36214.19253963711,323.807460362892,323.807460362892,104851.27138666589
2001-09-05 14:00:00,36941.0,36967.19078346773,-26.190783467733127,26.190783467733127,685.9571386536828
2001-09-05 15:00:00,37185.0,37094.963634812986,90.03636518701387,90.03636518701387,8106.547056089324
2001-09-05 16:00:00,37436.0,37297.339703441554,138.66029655844613,138.66029655844613,19226.677841676228
2001-09-05 17:00:00,37113.0,37411.99369865904,-298.9936986590401,298.9936986590401,89397.23183781287
2001-09-05 18:00:00,35836.0,36188.66471468745,-352.66471468745294,352.66471468745294,124372.40098558259
2001-09-05 19:00:00,35080.0,35143.58294080309,-63.58294080309133,63.58294080309133,4042.790361169417
2001-09-05 20:00:00,35452.0,35386.78520972532,65.21479027468013,65.21479027468013,4252.968870570514
2001-09-05 21:00:00,33393.0,34203.14012601739,-810.140126017388,810.140126017388,656327.0237834692
2001-09-05 22:00:00,29938.0,30614.34312527355,-676.34312527355,676.34312527355,457440.02310479287
2001-09-05 23:00:00,26827.0,27121.24869858824,-294.24869858823877,294.24869858823877,86582.29662087219
2001-09-06 00:00:00,24510.0,24450.16361354943,59.83638645056999,59.83638645056999,3580.393143461956
2001-09-06 01:00:00,23190.0,23193.458818202933,-3.458818202932889,3.458818202932889,11.9634233609399
2001-09-06 02:00:00,22482.0,22396.876945507043,85.12305449295673,85.12305449295673,7245.93440621088
2001-09-06 03:00:00,22084.0,21980.375617326932,103.62438267306788,103.62438267306788,10738.012684374411
2001-09-06 04:00:00,22474.0,22251.411375886717,222.588624113283,222.588624113283,49545.69558464439
2001-09-06 05:00:00,23997.0,24149.12106254984,-152.12106254983883,152.12106254983883,23140.817671291978
2001-09-06 06:00:00,27210.0,27084.322224767475,125.67777523252516,125.67777523252516,15794.903187397116
2001-09-06 07:00:00,29290.0,29602.497302473097,-312.4973024730971,312.4973024730971,97654.56405296232
2001-09-06 08:00:00,30850.0,30829.045382547243,20.954617452756793,20.954617452756793,439.09599259137957
2001-09-06 09:00:00,32196.0,32022.189116633363,173.81088336663743,173.81088336663743,30210.223176690837
2001-09-06 10:00:00,33493.0,33054.31369281851,438.6863071814878,438.6863071814878,192445.67610853066
2001-09-06 11:00:00,34305.0,34107.469943094,197.5300569059982,197.5300569059982,39018.12338128689
2001-09-06 12:00:00,34851.0,34334.02872947223,516.9712705277707,516.9712705277707,267259.29455109744
2001-09-06 13:00:00,35611.0,35100.814920831785,510.18507916821545,510.18507916821545,260288.81500587828
2001-09-06 14:00:00,36075.0,35787.7527402408,287.24725975919864,287.24725975919864,82510.98823916854
2001-09-06 15:00:00,36608.0,36130.703032794176,477.29696720582433,477.29696720582433,227812.39490387775
2001-09-06 16:00:00,36914.0,36707.48719299542,206.512807004583,206.512807004583,42647.53945691215
2001-09-06 17:00:00,36759.0,36425.49650805501,333.50349194498995,333.50349194498995,111224.57913950198
2001-09-06 18:00:00,35541.0,35526.26797355333,14.732026446668897,14.732026446668897,217.0326032253518
2001-09-06 19:00:00,35121.0,34978.78399212624,142.21600787375792,142.21600787375792,20225.392895548775
2001-09-06 20:00:00,35511.0,34956.54586486888,554.45413513112,554.45413513112,307419.38796399825
2001-09-06 21:00:00,33347.0,34175.16316942705,-828.1631694270473,828.1631694270473,685854.2351954521
2001-09-06 22:00:00,30206.0,30596.097414033946,-390.0974140339458,390.0974140339458,152175.99243597174
2001-09-06 23:00:00,27240.0,27296.90653822457,-56.906538224571705,56.906538224571705,3238.3540927046406
2001-09-07 00:00:00,24966.0,24802.72477173395,163.27522826605127,163.27522826605127,26658.800165331148
2001-09-07 01:00:00,23635.0,23548.13710837424,86.8628916257585,86.8628916257585,7545.161941588265
2001-09-07 02:00:00,22710.0,22854.878214825472,-144.87821482547224,144.87821482547224,20989.697131015684
2001-09-07 03:00:00,22446.0,22106.641530151042,339.3584698489576,339.3584698489576,115164.17105822587
2001-09-07 04:00:00,22762.0,22667.61094629115,94.38905370884822,94.38905370884822,8909.293460051835
2001-09-07 05:00:00,24337.0,24310.04353716127,26.95646283873066,26.95646283873066,726.650888775867
2001-09-07 06:00:00,27569.0,27345.14028350038,223.85971649962084,223.85971649962084,50113.17267129062
2001-09-07 07:00:00,29892.0,29928.492813634526,-36.4928136345261,36.4928136345261,1331.7254469642542
2001-09-07 08:00:00,31636.0,31720.68965213548,-84.68965213547926,84.68965213547926,7172.337178828488
2001-09-07 09:00:00,33201.0,32890.75028586966,310.24971413033927,310.24971413033927,96254.88511795724
2001-09-07 10:00:00,34738.0,34211.55624812168,526.4437518783234,526.4437518783234,277143.0238917257
2001-09-07 11:00:00,35745.0,35439.9040869157,305.0959130842966,305.0959130842966,93083.51618074068
2001-09-07 12:00:00,36484.0,36064.67903735551,419.32096264448774,419.32096264448774,175830.0697130999
2001-09-07 13:00:00,37495.0,36833.187833039075,661.8121669609245,661.8121669609245,437995.3443375146
2001-09-07 14:00:00,38095.0,37677.65853194725,417.3414680527494,417.3414680527494,174173.90095642404
2001-09-07 15:00:00,38516.0,38038.72460565377,477.2753943462303,477.2753943462303,227791.80204834967
2001-09-07 16:00:00,38639.0,38402.47819580057,236.52180419943033,236.52180419943033,55942.56386175366
2001-09-07 17:00:00,38138.0,37968.053171261585,169.9468287384152,169.9468287384152,28881.92459824423
2001-09-07 18:00:00,36656.0,36605.14399929646,50.85600070354121,50.85600070354121,2586.332807558584
2001-09-07 19:00:00,35843.0,35698.94957914786,144.0504208521379,144.0504208521379,20750.523747678046
2001-09-07 20:00:00,35880.0,35153.20345968711,726.796540312891,726.796540312891,528233.2110107878
2001-09-07 21:00:00,33974.0,34442.913243238596,-468.9132432385959,468.9132432385959,219879.6296845386
2001-09-07 22:00:00,31332.0,31064.205587208995,267.794412791005,267.794412791005,71713.84752207919
2001-09-07 23:00:00,28662.0,28456.21311098916,205.78688901084024,205.78688901084024,42348.24368875988
2001-09-08 00:00:00,26399.0,26101.198241442253,297.80175855774723,297.80175855774723,88685.88740008678
2001-09-08 01:00:00,24939.0,24706.176787296426,232.82321270357352,232.82321270357352,54206.64837361344
2001-09-08 02:00:00,23757.0,23922.62590891059,-165.62590891059153,165.62590891059153,27431.941702459564
2001-09-08 03:00:00,23064.0,23074.21859938222,-10.218599382220418,10.218599382220418,104.41977333431551
2001-09-08 04:00:00,22798.0,22771.311441807255,26.688558192745404,26.688558192745404,712.2791384075579
2001-09-08 05:00:00,23216.0,23319.639018493508,-103.63901849350805,103.63901849350805,10741.046154297703
2001-09-08 06:00:00,23868.0,24312.437899147233,-444.4378991472331,444.4378991472331,197525.04619840614
2001-09-08 07:00:00,24904.0,25202.99113957792,-298.99113957791997,298.99113957791997,89395.70154610321
2001-09-08 08:00:00,27777.0,27158.760620132154,618.2393798678459,618.2393798678459,382219.9308193786
2001-09-08 09:00:00,30164.0,29824.851779456912,339.1482205430875,339.1482205430875,115021.51549754273
2001-09-08 10:00:00,31978.0,31794.376053134845,183.62394686515472,183.62394686515472,33717.753862337166
2001-09-08 11:00:00,33141.0,33055.0777808728,85.92221912719833,85.92221912719833,7382.627739742287
2001-09-08 12:00:00,34040.0,33693.96583735273,346.03416264727275,346.03416264727275,119739.6417189992
2001-09-08 13:00:00,34775.0,34444.39912838338,330.60087161661795,330.60087161661795,109296.93631366751
2001-09-08 14:00:00,35268.0,35330.26338855462,-62.26338855461654,62.26338855461654,3876.729554303154
2001-09-08 15:00:00,35815.0,35604.85764821151,210.1423517884905,210.1423517884905,44159.80801519769
2001-09-08 16:00:00,35964.0,35850.08621436592,113.91378563408216,113.91378563408216,12976.350557487624
2001-09-08 17:00:00,35860.0,35887.921496969284,-27.921496969283908,27.921496969283908,779.6099930057304
2001-09-08 18:00:00,34817.0,34724.81973695519,92.18026304480736,92.18026304480736,8497.200895009877
2001-09-08 19:00:00,34601.0,34365.38122160473,235.61877839527006,235.61877839527006,55516.208732479376
2001-09-08 20:00:00,35189.0,34767.061243632015,421.93875636798475,421.93875636798475,178032.3141253616
2001-09-08 21:00:00,33642.0,34402.89377450007,-760.893774500073,760.893774500073,578959.336072968
2001-09-08 22:00:00,31450.0,31314.106733299708,135.89326670029186,135.89326670029186,18466.979934476654
2001-09-08 23:00:00,29340.0,29070.31950722877,269.6804927712292,269.6804927712292,72727.568181333
2001-09-09 00:00:00,26689.0,26923.745091572775,-234.74509157277498,234.74509157277498,55105.25801751051
2001-09-09 01:00:00,24976.0,25171.221018055956,-195.22101805595594,195.22101805595594,38111.245890803875
2001-09-09 02:00:00,23974.0,23968.714562083427,5.285437916572846,5.285437916572846,27.935853969945907
2001-09-09 03:00:00,23169.0,23338.544598486704,-169.54459848670376,169.54459848670376,28745.37087601759
2001-09-09 04:00:00,22734.0,22896.697930912604,-162.69793091260362,162.69793091260362,26470.616723242343
2001-09-09 05:00:00,22855.0,22755.97707566249,99.02292433751063,99.02292433751063,9805.539544352356
2001-09-09 06:00:00,23142.0,23385.957103971068,-243.95710397106814,243.95710397106814,59515.06857795055
2001-09-09 07:00:00,23926.0,24041.79887686943,-115.79887686943039,115.79887686943039,13409.3798842215
2001-09-09 08:00:00,26365.0,25892.878435104572,472.1215648954276,472.1215648954276,222898.77203930743
2001-09-09 09:00:00,29072.0,28687.107450819785,384.8925491802147,384.8925491802147,148142.274414444
2001-09-09 10:00:00,31246.0,30907.58461196615,338.415388033849,338.415388033849,114524.9748581006
2001-09-09 11:00:00,32966.0,32568.630868446424,397.36913155357615,397.36913155357615,157902.2267116433
2001-09-09 12:00:00,34456.0,34105.025954464,350.97404553600063,350.97404553600063,123182.78063990665
2001-09-09 13:00:00,35282.0,35129.19296143494,152.80703856505716,152.80703856505716,23349.991035022864
2001-09-09 14:00:00,35937.0,35642.88150301966,294.1184969803435,294.1184969803435,86505.69026597631
2001-09-09 15:00:00,36420.0,36253.783728651055,166.21627134894516,166.21627134894516,27627.848861146165
2001-09-09 16:00:00,37065.0,36813.18964855663,251.81035144336784,251.81035144336784,63408.45309403242
2001-09-09 17:00:00,37087.0,37238.74315367158,-151.74315367158124,151.74315367158124,23025.98468619712
2001-09-09 18:00:00,36186.0,36185.82656408699,0.17343591301323613,0.17343591301323613,0.03008001592273481
2001-09-09 19:00:00,36270.0,35829.47527094714,440.52472905285686,440.52472905285686,194062.03690709296
2001-09-09 20:00:00,37248.0,36437.773535150816,810.2264648491837,810.2264648491837,656466.9243420055
2001-09-09 21:00:00,35632.0,36714.554714249476,-1082.554714249476,1082.554714249476,1171924.709343765
2001-09-09 22:00:00,32938.0,32773.60777711378,164.39222288622113,164.39222288622113,27024.802945473006
2001-09-09 23:00:00,30277.0,30302.229564099256,-25.229564099256095,25.229564099256095,636.530904638472
2001-09-10 00:00:00,27998.0,27862.760565903467,135.23943409653293,135.23943409653293,18289.704534750475
2001-09-10 01:00:00,26745.0,26554.95709723236,190.04290276764004,190.04290276764004,36116.30489235069
2001-09-10 02:00:00,26059.0,25981.62746165207,77.37253834792864,77.37253834792864,5986.509690401688
2001-09-10 03:00:00,25795.0,25605.237485829213,189.76251417078674,189.76251417078674,36009.81178441804
2001-09-10 04:00:00,26207.0,25956.001659590376,250.99834040962378,250.99834040962378,63000.16688838538
2001-09-10 05:00:00,28098.0,27623.54947970799,474.4505202920118,474.4505202920118,225103.29620536068
2001-09-10 06:00:00,32016.0,31210.428502338913,805.571497661087,805.571497661087,648945.4378439268
2001-09-10 07:00:00,34930.0,34724.861714185834,205.138285814166,205.138285814166,42081.71630677446
2001-09-10 08:00:00,36925.0,36450.80584212287,474.1941578771293,474.1941578771293,224860.09936479985
2001-09-10 09:00:00,38546.0,38340.03852950469,205.96147049531282,205.96147049531282,42420.12732859162
2001-09-10 10:00:00,40000.0,39855.46125184391,144.53874815609015,144.53874815609015,20891.449718529653
2001-09-10 11:00:00,41021.0,41366.23149195121,-345.2314919512064,345.2314919512064,119184.7830348559
2001-09-10 12:00:00,41994.0,42037.31375849248,-43.313758492477064,43.313758492477064,1876.081674744629
2001-09-10 13:00:00,42394.0,42824.24266298297,-430.2426629829715,430.2426629829715,185108.7490506788
2001-09-10 14:00:00,43012.0,42920.67623091538,91.32376908462174,91.32376908462174,8340.030799821314
2001-09-10 15:00:00,43184.0,43649.776934414076,-465.7769344140761,465.7769344140761,216948.15263217455
2001-09-10 16:00:00,42998.0,43670.701417735545,-672.701417735545,672.701417735545,452527.1974234122
2001-09-10 17:00:00,42158.0,42873.231696199415,-715.2316961994147,715.2316961994147,511556.3792482919
2001-09-10 18:00:00,41109.0,41318.20511640716,-209.20511640715995,209.20511640715995,43766.780730933344
2001-09-10 19:00:00,40518.0,40512.25927453875,5.740725461248076,5.740725461248076,32.95592882142193
2001-09-10 20:00:00,40375.0,40158.82342066602,216.17657933398004,216.17657933398004,46732.31345254057
2001-09-10 21:00:00,37644.0,38674.02101195029,-1030.021011950288,1030.021011950288,1060943.2850590956
2001-09-10 22:00:00,33927.0,34419.56679977854,-492.5667997785422,492.5667997785422,242622.05224407447
2001-09-10 23:00:00,30510.0,30978.032039757694,-468.0320397576943,468.0320397576943,219053.99023974792
2001-09-11 00:00:00,27611.0,28200.51504501018,-589.5150450101792,589.5150450101792,347527.9882933536
2001-09-11 01:00:00,25944.0,26194.33624501727,-250.33624501727172,250.33624501727172,62668.235569347504
2001-09-11 02:00:00,24850.0,25133.140439176284,-283.1404391762844,283.1404391762844,80168.50829693921
2001-09-11 03:00:00,24296.0,24151.994034184027,144.00596581597347,144.00596581597347,20737.71819059132
2001-09-11 04:00:00,24414.0,24327.78151642322,86.21848357678027,86.21848357678027,7433.6269102795295
2001-09-11 05:00:00,25843.0,25763.782956292845,79.21704370715452,79.21704370715452,6275.340013701229
2001-09-11 06:00:00,29166.0,28985.33639771716,180.66360228283884,180.66360228283884,32639.33718981177
2001-09-11 07:00:00,31269.0,31923.805715041588,-654.805715041588,654.805715041588,428770.5244511253
2001-09-11 08:00:00,32704.0,33309.67953265351,-605.6795326535066,605.6795326535066,366847.6962753702
2001-09-11 09:00:00,33887.0,34011.42606282455,-124.42606282454653,124.42606282454653,15481.845110018001
2001-09-11 10:00:00,34796.0,34794.32134883143,1.6786511685713776,1.6786511685713776,2.8178697457460515
2001-09-11 11:00:00,35451.0,35534.37075013837,-83.37075013836875,83.37075013836875,6950.681978634313
2001-09-11 12:00:00,35790.0,35929.780435642635,-139.78043564263498,139.78043564263498,19538.57018844482
2001-09-11 13:00:00,36476.0,36124.81715241129,351.1828475887087,351.1828475887087,123329.39244051419
2001-09-11 14:00:00,36914.0,36928.984465634705,-14.984465634704975,14.984465634704975,224.53421035765436
2001-09-11 15:00:00,37122.0,37199.91010343499,-77.91010343498783,77.91010343498783,6069.984217250503
2001-09-11 16:00:00,37187.0,36985.42725292063,201.57274707937177,201.57274707937177,40631.572365124375
2001-09-11 17:00:00,36762.0,36992.942517587086,-230.9425175870856,230.9425175870856,53334.44642946134
2001-09-11 18:00:00,35460.0,35812.96673328502,-352.9667332850222,352.9667332850222,124585.5148059
2001-09-11 19:00:00,34865.0,34923.825998090164,-58.82599809016392,58.82599809016392,3460.498051303969
2001-09-11 20:00:00,35178.0,34925.86182589791,252.13817410208867,252.13817410208867,63573.65883953518
2001-09-11 21:00:00,32949.0,33675.03882345717,-726.0388234571728,726.0388234571728,527132.3731670758
2001-09-11 22:00:00,29931.0,29983.07343667817,-52.073436678168946,52.073436678168946,2711.6428074752707
2001-09-11 23:00:00,27052.0,27131.155388247953,-79.15538824795294,79.15538824795294,6265.575488684167
2001-09-12 00:00:00,24763.0,24602.67198049041,160.32801950959038,160.32801950959038,25705.073839867593
2001-09-12 01:00:00,23567.0,23385.1639907584,181.83600924160055,181.83600924160055,33064.33425691144
2001-09-12 02:00:00,22835.0,22727.397077013746,107.60292298625427,107.60292298625427,11578.389035185768
2001-09-12 03:00:00,22472.0,22293.607050922816,178.3929490771843,178.3929490771843,31824.044280454877
2001-09-12 04:00:00,22684.0,22809.000760530555,-125.00076053055454,125.00076053055454,15625.190133217042
2001-09-12 05:00:00,24144.0,24106.50577067182,37.494229328178335,37.494229328178335,1405.8172329140284
2001-09-12 06:00:00,27346.0,27314.276232720935,31.723767279065214,31.723767279065214,1006.3974103762887
2001-09-12 07:00:00,29368.0,29647.549623944702,-279.54962394470203,279.54962394470203,78147.99224762432
2001-09-12 08:00:00,31077.0,30793.155009852107,283.84499014789253,283.84499014789253,80567.9784320572
2001-09-12 09:00:00,32759.0,32153.270496567948,605.7295034320523,605.7295034320523,366908.23132804065
2001-09-12 10:00:00,34121.0,33925.92729109795,195.0727089020511,195.0727089020511,38053.361758384366
2001-09-12 11:00:00,34818.0,34935.90591187537,-117.90591187537211,117.90591187537211,13901.804055163015
2001-09-12 12:00:00,35315.0,35154.416921613134,160.58307838686596,160.58307838686596,25786.92506420234
2001-09-12 13:00:00,35997.0,35757.49854121552,239.50145878447802,239.50145878447802,57360.94875989302
2001-09-12 14:00:00,36576.0,36436.40466802483,139.59533197517158,139.59533197517158,19486.856709258358
2001-09-12 15:00:00,37033.0,36795.293199425694,237.70680057430582,237.70680057430582,56504.5230392728
2001-09-12 16:00:00,37292.0,37154.548069003795,137.4519309962052,137.4519309962052,18893.033334585554
2001-09-12 17:00:00,36954.0,37073.27081974609,-119.27081974608882,119.27081974608882,14225.528442904011
2001-09-12 18:00:00,35519.0,36006.79818462559,-487.7981846255934,487.7981846255934,237947.06892402453
2001-09-12 19:00:00,35045.0,35029.024396446235,15.975603553764813,15.975603553764813,255.21990890706292
2001-09-12 20:00:00,35351.0,34851.094854355564,499.90514564443583,499.90514564443583,249905.1546417846
2001-09-12 21:00:00,33164.0,34173.48446781774,-1009.4844678177396,1009.4844678177396,1019058.890765265
2001-09-12 22:00:00,29691.0,30446.96192665184,-755.9619266518384,755.9619266518384,571478.4345471596
2001-09-12 23:00:00,26871.0,26902.429135859376,-31.4291358593764,31.4291358593764,987.7905808671396
2001-09-13 00:00:00,24604.0,24578.361718087857,25.638281912142702,25.638281912142702,657.3214994065037
2001-09-13 01:00:00,23204.0,23406.48625391789,-202.48625391789028,202.48625391789028,41000.68302570034
2001-09-13 02:00:00,22583.0,22439.195531245736,143.80446875426424,143.80446875426424,20679.725233696157
2001-09-13 03:00:00,22328.0,21940.104066647746,387.89593335225436,387.89593335225436,150463.25511121657
2001-09-13 04:00:00,22556.0,22590.710933895254,-34.71093389525413,34.71093389525413,1204.848931880702
2001-09-13 05:00:00,24240.0,23932.882932787947,307.11706721205337,307.11706721205337,94320.89297293291
2001-09-13 06:00:00,27618.0,27344.757269514233,273.2427304857665,273.2427304857665,74661.58976331724
2001-09-13 07:00:00,29690.0,29938.731076705273,-248.73107670527315,248.73107670527315,61867.14851896447
2001-09-13 08:00:00,31294.0,31221.58933131584,72.41066868415874,72.41066868415874,5243.304939287007
2001-09-13 09:00:00,32908.0,32492.42850298369,415.5714970163099,415.5714970163099,172699.66913237685
2001-09-13 10:00:00,34482.0,33995.10983043203,486.89016956796695,486.89016956796695,237062.03722192362
2001-09-13 11:00:00,35468.0,35282.23044469683,185.76955530317355,185.76955530317355,34510.32767753886
2001-09-13 12:00:00,36392.0,36125.69946293824,266.30053706176113,266.30053706176113,70915.97603938241
2001-09-13 13:00:00,37387.0,37238.55455251325,148.44544748675253,148.44544748675253,22036.050879542203
2001-09-13 14:00:00,38293.0,37933.63594662216,359.364053377838,359.364053377838,129142.52286014959
2001-09-13 15:00:00,39121.0,38708.913447726874,412.08655227312556,412.08655227312556,169815.32656435145
2001-09-13 16:00:00,39551.0,39190.37719197089,360.6228080291112,360.6228080291112,130048.80967080117
2001-09-13 17:00:00,39198.0,39330.74416245279,-132.7441624527928,132.7441624527928,17621.01266529345
2001-09-13 18:00:00,37754.0,38065.446422619614,-311.44642261961417,311.44642261961417,96998.87416255532
2001-09-13 19:00:00,37771.0,37349.78633106068,421.2136689393228,421.2136689393228,177420.95490132543
2001-09-13 20:00:00,38008.0,37300.29328669249,707.7067133075107,707.7067133075107,500848.7920605191
2001-09-13 21:00:00,35718.0,36610.66233405524,-892.6623340552396,892.6623340552396,796846.0426409482
2001-09-13 22:00:00,32145.0,32932.15180340926,-787.1518034092587,787.1518034092587,619607.9616104483
2001-09-13 23:00:00,28992.0,29335.235019647374,-343.23501964737443,343.23501964737443,117810.27871233351
2001-09-14 00:00:00,26558.0,26570.894761664356,-12.894761664356338,12.894761664356338,166.27487838055384
2001-09-14 01:00:00,24930.0,25085.278043529834,-155.27804352983367,155.27804352983367,24111.27080245292
2001-09-14 02:00:00,23970.0,24075.607946609107,-105.60794660910688,105.60794660910688,11153.038386991968
2001-09-14 03:00:00,23383.0,23465.630859976915,-82.63085997691451,82.63085997691451,6827.859020524452
2001-09-14 04:00:00,23310.0,23500.180259201752,-190.18025920175205,190.18025920175205,36168.5309900456
2001-09-14 05:00:00,24731.0,24455.643698682317,275.35630131768266,275.35630131768266,75821.09267535445
2001-09-14 06:00:00,28018.0,27452.93648957409,565.063510425909,565.063510425909,319296.7708148514
2001-09-14 07:00:00,30307.0,30561.71337944666,-254.71337944666084,254.71337944666084,64878.90566913862
2001-09-14 08:00:00,31170.0,32368.095368049737,-1198.0953680497369,1198.0953680497369,1435432.5109422344
2001-09-14 09:00:00,31713.0,33002.89441774299,-1289.8944177429876,1289.8944177429876,1663827.608924521
2001-09-14 10:00:00,32078.0,32808.03113296135,-730.0311329613469,730.0311329613469,532945.4550928278
2001-09-14 11:00:00,31824.0,32508.79558600116,-684.7955860011607,684.7955860011607,468944.9946066731
2001-09-14 12:00:00,31303.0,31593.152073223977,-290.1520732239769,290.1520732239769,84188.22559617207
2001-09-14 13:00:00,31276.0,31095.815301552862,180.18469844713763,180.18469844713763,32466.525554485925
2001-09-14 14:00:00,31040.0,31170.281110465883,-130.2811104658831,130.2811104658831,16973.167744223636
2001-09-14 15:00:00,30548.0,30900.27014475853,-352.2701447585314,352.2701447585314,124094.25488819666
2001-09-14 16:00:00,30279.0,30836.402090119434,-557.4020901194344,557.4020901194344,310697.0900695141
2001-09-14 17:00:00,29774.0,30342.064256384565,-568.0642563845649,568.0642563845649,322696.9993817487
2001-09-14 18:00:00,28972.0,29279.07927465441,-307.07927465441026,307.07927465441026,94297.68092227873
2001-09-14 19:00:00,29318.0,29270.348875901294,47.65112409870562,47.65112409870562,2270.629627870244
2001-09-14 20:00:00,29759.0,29909.945055774177,-150.94505577417658,150.94505577417658,22784.40986266928
2001-09-14 21:00:00,28253.0,28914.932716626918,-661.9327166269177,661.9327166269177,438154.9213410913
2001-09-14 22:00:00,26265.0,26163.195708372677,101.80429162732253,101.80429162732253,10364.113793740931
2001-09-14 23:00:00,23923.0,24055.58565020879,-132.58565020879178,132.58565020879178,17578.954641288088
2001-09-15 00:00:00,22120.0,21893.872229196648,226.12777080335218,226.12777080335218,51133.76872849337
2001-09-15 01:00:00,20923.0,20888.471024226546,34.52897577345357,34.52897577345357,1192.2501679637433
2001-09-15 02:00:00,20330.0,20167.47428021996,162.52571978003834,162.52571978003834,26414.609590019547
2001-09-15 03:00:00,19914.0,20009.219093355616,-95.21909335561577,95.21909335561577,9066.67573946547
2001-09-15 04:00:00,19919.0,20127.239175113238,-208.23917511323816,208.23917511323816,43363.55405184187
2001-09-15 05:00:00,20400.0,20598.37374835761,-198.37374835761148,198.37374835761148,39352.14403744896
2001-09-15 06:00:00,21314.0,21395.450226682835,-81.45022668283491,81.45022668283491,6634.139426685192
2001-09-15 07:00:00,22309.0,22419.69579518112,-110.69579518112005,110.69579518112005,12253.55907078048
2001-09-15 08:00:00,24491.0,24524.507014633764,-33.5070146337639,33.5070146337639,1122.7200296672684
2001-09-15 09:00:00,26010.0,26191.487078804566,-181.4870788045664,181.4870788045664,32937.559773014895
2001-09-15 10:00:00,26950.0,26882.649569200723,67.35043079927709,67.35043079927709,4536.080528848212
2001-09-15 11:00:00,26982.0,27258.15629603466,-276.15629603466004,276.15629603466004,76262.29983958279
2001-09-15 12:00:00,26826.0,26778.885263737964,47.114736262035876,47.114736262035876,2219.7983730411984
2001-09-15 13:00:00,26563.0,26369.124072508952,193.87592749104806,193.87592749104806,37587.87526051413
2001-09-15 14:00:00,26214.0,26156.679438015555,57.320561984444794,57.320561984444794,3285.6468262125777
2001-09-15 15:00:00,25964.0,25942.82790011025,21.172099889750825,21.172099889750825,448.2578137415869
2001-09-15 16:00:00,26111.0,26289.359352427662,-178.3593524276621,178.3593524276621,31812.05859841497
2001-09-15 17:00:00,26084.0,26096.264255271406,-12.264255271406,12.264255271406,150.41195736220988
2001-09-15 18:00:00,26044.0,25962.38953116708,81.61046883292147,81.61046883292147,6660.268623129246
2001-09-15 19:00:00,26894.0,26358.424854427823,535.5751455721766,535.5751455721766,286840.7365546581
2001-09-15 20:00:00,27510.0,27421.17871599738,88.82128400262081,88.82128400262081,7889.2204918742245
2001-09-15 21:00:00,26461.0,26582.40262163333,-121.40262163332955,121.40262163332955,14738.596539445374
2001-09-15 22:00:00,24726.0,24667.413840494995,58.586159505004616,58.586159505004616,3432.3380855458427
2001-09-15 23:00:00,22853.0,22714.204933275243,138.7950667247569,138.7950667247569,19264.070547129722
2001-09-16 00:00:00,21098.0,21029.111799855964,68.88820014403609,68.88820014403609,4745.584119084774
2001-09-16 01:00:00,19939.0,19956.31580872289,-17.315808722891234,17.315808722891234,299.83723172775615
2001-09-16 02:00:00,19414.0,19360.48733330846,53.51266669153847,53.51266669153847,2863.605496439691
2001-09-16 03:00:00,19023.0,19038.66208904677,-15.662089046771143,15.662089046771143,245.30103330898862
2001-09-16 04:00:00,19056.0,19001.083469677673,54.91653032232716,54.91653032232716,3015.8253026430784
2001-09-16 05:00:00,19211.0,19401.13825469255,-190.1382546925488,190.1382546925488,36152.55589752855
2001-09-16 06:00:00,19814.0,19745.812651735112,68.18734826488799,68.18734826488799,4649.514463397123
2001-09-16 07:00:00,20493.0,20235.917609130538,257.08239086946196,257.08239086946196,66091.35569515883
2001-09-16 08:00:00,22376.0,22238.4000440292,137.59995597079978,137.59995597079978,18933.747883166037
2001-09-16 09:00:00,24018.0,24151.363099131573,-133.3630991315731,133.3630991315731,17785.716209977796
2001-09-16 10:00:00,24889.0,24857.352642582595,31.647357417405146,31.647357417405146,1001.5552315049886
2001-09-16 11:00:00,25412.0,25378.72728168597,33.2727183140305,33.2727183140305,1107.0737840048205
2001-09-16 12:00:00,25804.0,25792.19902773239,11.800972267610632,11.800972267610632,139.26294646091523
2001-09-16 13:00:00,25974.0,25818.12686032067,155.87313967933005,155.87313967933005,24296.43567349194
2001-09-16 14:00:00,25934.0,25983.651148262157,-49.65114826215722,49.65114826215722,2465.236523750718
2001-09-16 15:00:00,26193.0,25827.08402317643,365.9159768235695,365.9159768235695,133894.50209474706
2001-09-16 16:00:00,26514.0,26589.658292521963,-75.65829252196272,75.65829252196272,5724.177227338881
2001-09-16 17:00:00,26910.0,26849.477297190366,60.52270280963421,60.52270280963421,3662.9975553833046
2001-09-16 18:00:00,26927.0,26915.716078358615,11.28392164138495,11.28392164138495,127.32688760891563
2001-09-16 19:00:00,28132.0,27825.797162510145,306.2028374898546,306.2028374898546,93760.17768683829
2001-09-16 20:00:00,28879.0,28509.166270644546,369.8337293554541,369.8337293554541,136776.98736896328
2001-09-16 21:00:00,27368.0,27889.6600488092,-521.6600488092008,521.6600488092008,272129.2065236178
2001-09-16 22:00:00,25153.0,25410.703463249527,-257.703463249527,257.703463249527,66411.0749708003
2001-09-16 23:00:00,23096.0,23128.613030779332,-32.61303077933189,32.61303077933189,1063.6097766136495
2001-09-17 00:00:00,21498.0,21534.343719144632,-36.343719144631905,36.343719144631905,1320.8659212638836
2001-09-17 01:00:00,20585.0,20619.848893732993,-34.84889373299302,34.84889373299302,1214.4453944134402
2001-09-17 02:00:00,20077.0,20214.61571703001,-137.61571703001027,137.61571703001027,18938.08557368386
2001-09-17 03:00:00,20056.0,19932.380357371352,123.61964262864785,123.61964262864785,15281.81604363461
2001-09-17 04:00:00,20562.0,20449.875526510797,112.1244734892025,112.1244734892025,12571.897555230875
2001-09-17 05:00:00,22345.0,22363.635687163984,-18.635687163983675,18.635687163983675,347.2888360738659
2001-09-17 06:00:00,25868.0,25590.06244079541,277.9375592045908,277.9375592045908,77249.28681660541
2001-09-17 07:00:00,28243.0,28444.04056636428,-201.0405663642814,201.0405663642814,40417.30932407104
2001-09-17 08:00:00,29461.0,29582.319103450194,-121.31910345019423,121.31910345019423,14718.32486195893
2001-09-17 09:00:00,30552.0,30436.744009562306,115.25599043769398,115.25599043769398,13283.943331773806
2001-09-17 10:00:00,31624.0,31575.849295353444,48.15070464655582,48.15070464655582,2318.4903579598526
2001-09-17 11:00:00,32236.0,32146.59480423645,89.40519576354927,89.40519576354927,7993.289029518569
2001-09-17 12:00:00,32559.0,32230.099517612292,328.9004823877076,328.9004823877076,108175.52731486676
2001-09-17 13:00:00,33003.0,32930.00762731975,72.99237268025172,72.99237268025172,5327.886469492758
2001-09-17 14:00:00,33184.0,32969.75930993641,214.2406900635906,214.2406900635906,45899.07327892348
2001-09-17 15:00:00,33292.0,33090.88757552024,201.1124244797611,201.1124244797611,40446.207280127615
2001-09-17 16:00:00,33306.0,33463.49354664003,-157.4935466400275,157.4935466400275,24804.217233254512
2001-09-17 17:00:00,32955.0,33214.6414229344,-259.6414229344009,259.6414229344009,67413.66850340045
2001-09-17 18:00:00,32192.0,32494.652190301487,-302.6521903014873,302.6521903014873,91598.34829428767
2001-09-17 19:00:00,32826.0,32313.659771089628,512.3402289103724,512.3402289103724,262492.5101599328
2001-09-17 20:00:00,32841.0,32749.723432986844,91.27656701315573,91.27656701315573,8331.411685707108
2001-09-17 21:00:00,30716.0,31074.90087424377,-358.90087424376907,358.90087424376907,128809.83753294173
2001-09-17 22:00:00,27795.0,27836.46575838826,-41.46575838826175,41.46575838826175,1719.4091187136994
2001-09-17 23:00:00,24975.0,24908.42318088977,66.57681911022883,66.57681911022883,4432.47284283613
2001-09-18 00:00:00,23088.0,22989.762133429344,98.23786657065648,98.23786657065648,9650.678428354106
2001-09-18 01:00:00,22009.0,21917.169959281095,91.83004071890537,91.83004071890537,8432.756378435817
2001-09-18 02:00:00,21482.0,21400.96229159196,81.03770840803918,81.03770840803918,6567.110184026384
2001-09-18 03:00:00,21138.0,21259.900140740003,-121.90014074000283,121.90014074000283,14859.644312432496
2001-09-18 04:00:00,21422.0,21405.741094631627,16.258905368373235,16.258905368373235,264.352003777716
2001-09-18 05:00:00,23173.0,23156.537094727017,16.462905272983335,16.462905272983335,271.02725002722246
2001-09-18 06:00:00,26363.0,26760.396994974417,-397.3969949744169,397.3969949744169,157924.37161469672
2001-09-18 07:00:00,28368.0,29170.355437985683,-802.3554379856832,802.3554379856832,643774.2488651975
2001-09-18 08:00:00,29886.0,29964.726264824774,-78.72626482477426,78.72626482477426,6197.82477326049
2001-09-18 09:00:00,30971.0,30797.118656715684,173.88134328431624,173.88134328431624,30234.72154235823
2001-09-18 10:00:00,32059.0,31966.426322747655,92.57367725234508,92.57367725234508,8569.885720021353
2001-09-18 11:00:00,32754.0,32780.67755544735,-26.677555447349732,26.677555447349732,711.6919646464194
2001-09-18 12:00:00,33129.0,33311.97881459742,-182.97881459742348,182.97881459742348,33481.24659147827
2001-09-18 13:00:00,33607.0,33572.56956491022,34.430435089780076,34.430435089780076,1185.4548604715592
2001-09-18 14:00:00,33759.0,33912.380118550675,-153.38011855067452,153.38011855067452,23525.46076661897
2001-09-18 15:00:00,33419.0,33989.89524684722,-570.8952468472198,570.8952468472198,325921.3828727481
2001-09-18 16:00:00,33312.0,33477.99557658296,-165.99557658295817,165.99557658295817,27554.53144510873
2001-09-18 17:00:00,32865.0,33295.598337748546,-430.5983377485463,430.5983377485463,185414.92847181117
2001-09-18 18:00:00,32181.0,32274.6177182082,-93.61771820819922,93.61771820819922,8764.277162509796
2001-09-18 19:00:00,32963.0,32291.212076256044,671.7879237439556,671.7879237439556,451299.01448821474
2001-09-18 20:00:00,33181.0,32970.953335524835,210.04666447516502,210.04666447516502,44119.60125714255
2001-09-18 21:00:00,31268.0,31668.56457523645,-400.56457523645076,400.56457523645076,160451.97893435822
2001-09-18 22:00:00,28251.0,28405.638993292407,-154.63899329240667,154.63899329240667,23913.218246488996
2001-09-18 23:00:00,25495.0,25572.494988252998,-77.49498825299816,77.49498825299816,6005.473204332322
2001-09-19 00:00:00,23575.0,23509.813707391448,65.18629260855232,65.18629260855232,4249.252744047803
2001-09-19 01:00:00,22504.0,22312.937621406465,191.06237859353496,191.06237859353496,36504.83251381929
2001-09-19 02:00:00,21755.0,21849.059385923014,-94.0593859230139,94.0593859230139,8847.168080214467
2001-09-19 03:00:00,21498.0,21428.167899355292,69.83210064470768,69.83210064470768,4876.522280452583
2001-09-19 04:00:00,21924.0,21764.033343876814,159.9666561231861,159.9666561231861,25589.331071233675
2001-09-19 05:00:00,23566.0,23681.67043047856,-115.67043047855987,115.67043047855987,13379.648487095352
2001-09-19 06:00:00,27070.0,27199.07672045795,-129.0767204579497,129.0767204579497,16660.79976417969
2001-09-19 07:00:00,29005.0,29711.65183329193,-706.6518332919295,706.6518332919295,499356.81349484494
2001-09-19 08:00:00,30242.0,30412.08913812791,-170.0891381279107,170.0891381279107,28930.314909095487
2001-09-19 09:00:00,31552.0,31248.838696907693,303.1613030923072,303.1613030923072,91906.77569262576
2001-09-19 10:00:00,32905.0,32632.803176709844,272.1968232901563,272.1968232901563,74091.11060925259
2001-09-19 11:00:00,33688.0,33504.35992114757,183.64007885243336,183.64007885243336,33723.67856092794
2001-09-19 12:00:00,33967.0,34020.32484132814,-53.32484132813988,53.32484132813988,2843.538702671295
2001-09-19 13:00:00,34368.0,34475.28919845909,-107.28919845908968,107.28919845908968,11510.972105993931
2001-09-19 14:00:00,34719.0,34665.46936339751,53.53063660248881,53.53063660248881,2865.529055067715
2001-09-19 15:00:00,34601.0,34796.10337936929,-195.10337936929136,195.10337936929136,38065.328641317625
2001-09-19 16:00:00,34522.0,34589.607051271014,-67.60705127101392,67.60705127101392,4570.713381561504
2001-09-19 17:00:00,33806.0,34412.485252759645,-606.4852527596449,606.4852527596449,367824.3618149304
2001-09-19 18:00:00,32949.0,33066.76605420092,-117.766054200918,117.766054200918,13868.843522053558
2001-09-19 19:00:00,33929.0,32747.97861906096,1181.0213809390407,1181.0213809390407,1394811.5022351586
2001-09-19 20:00:00,33894.0,33875.6254809487,18.374519051300013,18.374519051300013,337.62295036658713
2001-09-19 21:00:00,31978.0,32202.60568657189,-224.60568657188924,224.60568657188924,50447.71444042974
2001-09-19 22:00:00,29072.0,29398.08718583676,-326.0871858367609,326.0871858367609,106332.85276693825
2001-09-19 23:00:00,26541.0,26220.691178122037,320.30882187796306,320.30882187796306,102597.74137284866
2001-09-20 00:00:00,24546.0,24301.414328111165,244.58567188883535,244.58567188883535,59822.150893313024
2001-09-20 01:00:00,23490.0,23286.055978696935,203.9440213030648,203.9440213030648,41593.16382526495
2001-09-20 02:00:00,22902.0,22707.696498602552,194.3035013974477,194.3035013974477,37753.85065530796
2001-09-20 03:00:00,22608.0,22670.32160034883,-62.32160034883054,62.32160034883054,3883.9818700393553
2001-09-20 04:00:00,23091.0,22861.802546731808,229.19745326819248,229.19745326819248,52531.47258462528
2001-09-20 05:00:00,25043.0,24920.257409136615,122.74259086338498,122.74259086338498,15065.743611856316
2001-09-20 06:00:00,28919.0,28592.10422889663,326.89577110336904,326.89577110336904,106860.84516526625
2001-09-20 07:00:00,31293.0,31218.59228654026,74.40771345973917,74.40771345973917,5536.507822306649
2001-09-20 08:00:00,32596.0,32378.88021934745,217.1197806525488,217.1197806525488,47140.9991506109
2001-09-20 09:00:00,33480.0,33524.40097617415,-44.40097617414722,44.40097617414722,1971.4466852171888
2001-09-20 10:00:00,34156.0,34434.42839420573,-278.42839420573,278.42839420573,77522.37069998139
2001-09-20 11:00:00,34400.0,34721.030656986404,-321.0306569864042,321.0306569864042,103060.68272512231
2001-09-20 12:00:00,34155.0,34532.30165985189,-377.30165985188796,377.30165985188796,142356.54252698977
2001-09-20 13:00:00,34110.0,34312.61137831673,-202.61137831673113,202.61137831673113,41051.37062340555
2001-09-20 14:00:00,33897.0,34039.705240296986,-142.70524029698572,142.70524029698572,20364.785608220438
2001-09-20 15:00:00,33681.0,33785.35500291389,-104.35500291389326,104.35500291389326,10889.96663315867
2001-09-20 16:00:00,33688.0,33696.664788571965,-8.664788571964891,8.664788571964891,75.07856099685338
2001-09-20 17:00:00,33564.0,33699.05713004891,-135.05713004891004,135.05713004891004,18240.4283770482
2001-09-20 18:00:00,33378.0,33744.674286692076,-366.67428669207584,366.67428669207584,134450.03252114262
2001-09-20 19:00:00,34309.0,33463.324475478876,845.6755245211243,845.6755245211243,715167.0927740787
2001-09-20 20:00:00,34119.0,34186.91548357273,-67.91548357273132,67.91548357273132,4612.512908917937
2001-09-20 21:00:00,32027.0,32258.718202047156,-231.7182020471555,231.7182020471555,53693.32515996638
2001-09-20 22:00:00,29719.0,29375.878970457372,343.1210295426281,343.1210295426281,117732.04091439306
2001-09-20 23:00:00,26931.0,26941.26466484258,-10.264664842579805,10.264664842579805,105.36334433049389
2001-09-21 00:00:00,24888.0,24591.434299927212,296.5657000727879,296.5657000727879,87951.21445966278
2001-09-21 01:00:00,23714.0,23572.774279262136,141.22572073786432,141.22572073786432,19944.70419792924
2001-09-21 02:00:00,23005.0,22978.54146031457,26.45853968543088,26.45853968543088,700.0543222855207
2001-09-21 03:00:00,22819.0,22665.155563180204,153.8444368197961,153.8444368197961,23668.110740400236
2001-09-21 04:00:00,23194.0,23091.54912152167,102.45087847832838,102.45087847832838,10496.18250098121
2001-09-21 05:00:00,24858.0,25019.123857975563,-161.12385797556271,161.12385797556271,25960.897608929303
2001-09-21 06:00:00,28487.0,28147.45825881804,339.5417411819617,339.5417411819617,115288.59400487826
2001-09-21 07:00:00,31004.0,30663.902663464833,340.0973365351674,340.0973365351674,115666.19831831491
2001-09-21 08:00:00,32284.0,32530.410238834604,-246.41023883460366,246.41023883460366,60718.005802526415
2001-09-21 09:00:00,33395.0,33218.08607531909,176.91392468091362,176.91392468091362,31298.536746003978
2001-09-21 10:00:00,34468.0,34266.91203081358,201.08796918641747,201.08796918641747,40436.371351517584
2001-09-21 11:00:00,35143.0,34856.13768002523,286.86231997476716,286.86231997476716,82289.9906213057
2001-09-21 12:00:00,35646.0,35372.33038779706,273.6696122029389,273.6696122029389,74895.05664330695
2001-09-21 13:00:00,36122.0,36080.38460318756,41.61539681244176,41.61539681244176,1731.8412518569878
2001-09-21 14:00:00,36400.0,36231.90488055096,168.0951194490408,168.0951194490408,28255.969182587294
2001-09-21 15:00:00,36305.0,36455.25192152365,-150.25192152365344,150.25192152365344,22575.63992155011
2001-09-21 16:00:00,36026.0,36053.63380861751,-27.633808617509203,27.633808617509203,763.6273787091259
2001-09-21 17:00:00,35241.0,35651.71075466505,-410.71075466505135,410.71075466505135,168683.323997536
2001-09-21 18:00:00,34327.0,34708.84330860787,-381.84330860787304,381.84330860787304,145804.31232860737
2001-09-21 19:00:00,34614.0,34125.437310572415,488.5626894275847,488.5626894275847,238693.50150071457
2001-09-21 20:00:00,34089.0,34075.88271191521,13.117288084788015,13.117288084788015,172.06324669932164
2001-09-21 21:00:00,32368.0,32678.250118942888,-310.25011894288764,310.25011894288764,96255.13630407593
2001-09-21 22:00:00,30151.0,29734.880350786225,416.1196492137751,416.1196492137751,173155.56246179526
2001-09-21 23:00:00,27706.0,27512.443531304794,193.5564686952057,193.5564686952057,37464.106573758145
2001-09-22 00:00:00,25214.0,25453.784847082316,-239.78484708231554,239.78484708231554,57496.772890289445
2001-09-22 01:00:00,23818.0,23768.83349581121,49.166504188789986,49.166504188789986,2417.3451341463033
2001-09-22 02:00:00,22863.0,23080.625239256642,-217.6252392566421,217.6252392566421,47360.744761510716
2001-09-22 03:00:00,22364.0,22154.792850579754,209.20714942024642,209.20714942024642,43767.63136854531
2001-09-22 04:00:00,22202.0,22199.490474797185,2.5095252028149844,2.5095252028149844,6.297716743563589
2001-09-22 05:00:00,22660.0,22985.947084845237,-325.94708484523653,325.94708484523653,106241.50211910783
2001-09-22 06:00:00,23690.0,24076.852589527993,-386.8525895279927,386.8525895279927,149654.92602451358
2001-09-22 07:00:00,24840.0,25252.09055764082,-412.0905576408186,412.0905576408186,169818.62769672083
2001-09-22 08:00:00,27007.0,26965.430387913893,41.569612086106645,41.569612086106645,1728.0326489893837
2001-09-22 09:00:00,29116.0,28872.115251481504,243.88474851849605,243.88474851849605,59479.77055993006
2001-09-22 10:00:00,30627.0,30370.617050154455,256.3829498455452,256.3829498455452,65732.21697150335
2001-09-22 11:00:00,31654.0,31291.3487567441,362.6512432558993,362.6512432558993,131515.92423504946
2001-09-22 12:00:00,32359.0,32066.492891644684,292.5071083553157,292.5071083553157,85560.40843838842
2001-09-22 13:00:00,32752.0,32536.45986814436,215.54013185563963,215.54013185563963,46457.548440346516
2001-09-22 14:00:00,32867.0,33014.339987931206,-147.33998793120554,147.33998793120554,21709.072043567794
2001-09-22 15:00:00,32938.0,33073.89488492318,-135.89488492318196,135.89488492318196,18467.41974828487
2001-09-22 16:00:00,32757.0,33155.109855429444,-398.109855429444,398.109855429444,158491.4569900528
2001-09-22 17:00:00,32313.0,32926.164594365844,-613.1645943658441,613.1645943658441,375970.81978383014
2001-09-22 18:00:00,31634.0,31874.48986346544,-240.48986346543825,240.48986346543825,57835.37442962513
2001-09-22 19:00:00,32572.0,31747.21416036132,824.78583963868,824.78583963868,680271.6812684825
2001-09-22 20:00:00,32259.0,32676.30551702111,-417.30551702110824,417.30551702110824,174143.89453625446
2001-09-22 21:00:00,30865.0,31092.055695466548,-227.05569546654806,227.05569546654806,51554.28884379781
2001-09-22 22:00:00,28723.0,28723.122202322684,-0.12220232268373366,0.12220232268373366,0.014933407669299365
2001-09-22 23:00:00,26537.0,26438.49105321837,98.50894678162877,98.50894678162877,9704.012596025768
2001-09-23 00:00:00,24274.0,24517.077676459598,-243.07767645959757,243.07767645959757,59086.75679299679
2001-09-23 01:00:00,23158.0,22839.165876785337,318.8341232146631,318.8341232146631,101655.19812606298
2001-09-23 02:00:00,21982.0,22161.44559065106,-179.44559065105932,179.44559065105932,32200.72000410755
2001-09-23 03:00:00,21472.0,21325.283045012704,146.71695498729605,146.71695498729605,21525.864880744255
2001-09-23 04:00:00,21160.0,21181.966974300423,-21.966974300423317,21.966974300423317,482.5479599154585
2001-09-23 05:00:00,21314.0,21271.446610696985,42.55338930301514,42.55338930301514,1810.7909411739631
2001-09-23 06:00:00,21743.0,21702.262473038958,40.73752696104202,40.73752696104202,1659.5461029016255
2001-09-23 07:00:00,22282.0,22856.799900352933,-574.799900352933,574.799900352933,330394.92544574174
2001-09-23 08:00:00,24316.0,24615.802762339965,-299.80276233996483,299.80276233996483,89881.69630667343
2001-09-23 09:00:00,26394.0,26455.877314504956,-61.8773145049563,61.8773145049563,3828.802050345276
2001-09-23 10:00:00,27881.0,28117.268517434746,-236.26851743474617,236.26851743474617,55822.81233081296
2001-09-23 11:00:00,29194.0,28990.295078903535,203.7049210964651,203.7049210964651,41495.69487891708
2001-09-23 12:00:00,30159.0,29917.90370017882,241.09629982117985,241.09629982117985,58127.42578746425
2001-09-23 13:00:00,30820.0,30533.83905847189,286.1609415281091,286.1609415281091,81888.08445625388
2001-09-23 14:00:00,31141.0,31209.446246517273,-68.44624651727281,68.44624651727281,4684.88866230328
2001-09-23 15:00:00,31339.0,31421.174526852705,-82.17452685270473,82.17452685270473,6752.652863465891
2001-09-23 16:00:00,31578.0,31627.101569209834,-49.10156920983354,49.10156920983354,2410.9640988680735
2001-09-23 17:00:00,31609.0,31724.12030721727,-115.12030721726842,115.12030721726842,13252.685133798263
2001-09-23 18:00:00,31337.0,31402.01703391593,-65.01703391593037,65.01703391593037,4227.21469922524
2001-09-23 19:00:00,32566.0,31384.441938970256,1181.5580610297438,1181.5580610297438,1396079.4515843678
2001-09-23 20:00:00,32553.0,32674.966461528922,-121.96646152892208,121.96646152892208,14875.817737886031
2001-09-23 21:00:00,30992.0,31732.081978712453,-740.0819787124528,740.0819787124528,547721.3352149396
2001-09-23 22:00:00,28527.0,28979.53426356067,-452.5342635606685,452.5342635606685,204787.25969639656
2001-09-23 23:00:00,26189.0,26169.59279326502,19.40720673498072,19.40720673498072,376.639673254281
2001-09-24 00:00:00,24419.0,24148.215831836565,270.7841681634345,270.7841681634345,73324.06572796319
2001-09-24 01:00:00,23461.0,23168.66962037332,292.33037962668095,292.33037962668095,85457.0508526794
2001-09-24 02:00:00,22875.0,22665.790279406236,209.20972059376436,209.20972059376436,43768.70719092095
2001-09-24 03:00:00,22718.0,22706.13027257253,11.869727427470934,11.869727427470934,140.89042920245578
2001-09-24 04:00:00,23225.0,23021.726181769813,203.27381823018732,203.27381823018732,41320.24517787923
2001-09-24 05:00:00,25032.0,25069.036730213233,-37.03673021323266,37.03673021323266,1371.719384887781
2001-09-24 06:00:00,29256.0,28545.397134852687,710.6028651473134,710.6028651473134,504956.4319555709
2001-09-24 07:00:00,31870.0,32197.648391981405,-327.64839198140544,327.64839198140544,107353.4687680007
2001-09-24 08:00:00,33019.0,33009.89118610691,9.108813893093611,9.108813893093611,82.97049053901519
2001-09-24 09:00:00,34405.0,34194.97560434585,210.0243956541526,210.0243956541526,44110.24676989204
2001-09-24 10:00:00,35511.0,35532.26968968372,-21.26968968372239,21.26968968372239,452.3996992418467
2001-09-24 11:00:00,36100.0,36230.03106595834,-130.03106595834106,130.03106595834106,16908.078114262444
2001-09-24 12:00:00,36531.0,36423.75063214415,107.24936785585305,107.24936785585305,11502.426905480086
2001-09-24 13:00:00,37177.0,36927.35418454288,249.6458154571228,249.6458154571228,62323.03317525182
2001-09-24 14:00:00,37238.0,37356.28046859764,-118.28046859763708,118.28046859763708,13990.269251676611
2001-09-24 15:00:00,37075.0,37580.69192663558,-505.6919266355835,505.6919266355835,255724.32466440837
2001-09-24 16:00:00,36920.0,37133.40174849484,-213.40174849484174,213.40174849484174,45540.30626065569
2001-09-24 17:00:00,36634.0,36867.875685555766,-233.8756855557658,233.8756855557658,54697.83629417945
2001-09-24 18:00:00,36446.0,36074.53927727259,371.46072272741003,371.46072272741003,137983.0685291698
2001-09-24 19:00:00,37175.0,36046.07439442718,1128.9256055728183,1128.9256055728183,1274473.0229179545
2001-09-24 20:00:00,36110.0,36453.036062561594,-343.036062561594,343.036062561594,117673.74021776184
2001-09-24 21:00:00,34011.0,34290.16332563758,-279.16332563757896,279.16332563757896,77932.16238103295
2001-09-24 22:00:00,30961.0,31035.70210326001,-74.70210326000961,74.70210326000961,5580.404231469138
2001-09-24 23:00:00,28139.0,28235.211552534896,-96.21155253489633,96.21155253489633,9256.662841175115
2001-09-25 00:00:00,26026.0,25625.929159813146,400.0708401868542,400.0708401868542,160056.67716781542
2001-09-25 01:00:00,24842.0,24664.02532592761,177.97467407238946,177.97467407238946,31674.98461117326
2001-09-25 02:00:00,23934.0,23934.13113220365,-0.131132203649031,0.131132203649031,0.017195654833850937
2001-09-25 03:00:00,23527.0,23350.2701579923,176.7298420076986,176.7298420076986,31233.437056066112
2001-09-25 04:00:00,23631.0,23741.711344324143,-110.71134432414328,110.71134432414328,12257.001762059013
2001-09-25 05:00:00,25258.0,25149.589905839504,108.41009416049565,108.41009416049565,11752.748515887532
2001-09-25 06:00:00,29085.0,28793.085478891935,291.91452110806495,291.91452110806495,85214.0876337509
2001-09-25 07:00:00,31370.0,31454.998677898628,-84.99867789862765,84.99867789862765,7224.7752445146525
2001-09-25 08:00:00,32018.0,33130.91032775969,-1112.9103277596878,1112.9103277596878,1238569.3976341756
2001-09-25 09:00:00,32587.0,32769.21345792218,-182.213457922182,182.213457922182,33201.744247958784
2001-09-25 10:00:00,33007.0,33327.9783951928,-320.9783951927966,320.9783951927966,103027.13018054311
2001-09-25 11:00:00,33279.0,33434.60931329141,-155.60931329141022,155.60931329141022,24214.258383024255
2001-09-25 12:00:00,33152.0,33334.46268586067,-182.46268586067163,182.46268586067163,33292.63173149014
2001-09-25 13:00:00,33534.0,33456.88598990406,77.11401009593828,77.11401009593828,5946.570553076472
2001-09-25 14:00:00,33317.0,33668.85786882211,-351.8578688221096,351.8578688221096,123803.95985203689
2001-09-25 15:00:00,32513.0,33501.84248608011,-988.8424860801097,988.8424860801097,977809.4622770919
2001-09-25 16:00:00,32295.0,32660.255724384067,-365.25572438406743,365.25572438406743,133411.74419532984
2001-09-25 17:00:00,31941.0,32737.982352317886,-796.9823523178857,796.9823523178857,635180.8699061504
2001-09-25 18:00:00,31258.0,32086.30766478308,-828.3076647830785,828.3076647830785,686093.5875383967
2001-09-25 19:00:00,32359.0,32093.72366667726,265.27633332274127,265.27633332274127,70371.53302115813
2001-09-25 20:00:00,31724.0,32932.60246349017,-1208.6024634901696,1208.6024634901696,1460719.9147545067
2001-09-25 21:00:00,29751.0,30393.20886176651,-642.2088617665104,642.2088617665104,412432.22213143687
2001-09-25 22:00:00,27134.0,27252.724809866573,-118.7248098665732,118.7248098665732,14095.580477853957
2001-09-25 23:00:00,24195.0,24659.008127211902,-464.0081272119023,464.0081272119023,215303.54211869693
2001-09-26 00:00:00,22414.0,22226.755787833226,187.24421216677365,187.24421216677365,35060.39498995575
2001-09-26 01:00:00,21452.0,21385.66300121897,66.33699878102925,66.33699878102925,4400.5974072742765
2001-09-26 02:00:00,20857.0,21023.418452197533,-166.41845219753304,166.41845219753304,27695.10123182259
2001-09-26 03:00:00,20647.0,20701.56062044155,-54.56062044154896,54.56062044154896,2976.8613029667704
2001-09-26 04:00:00,21109.0,21193.386094147514,-84.38609414751409,84.38609414751409,7121.012885473111
2001-09-26 05:00:00,22833.0,22710.756080943193,122.2439190568075,122.2439190568075,14943.575746367304
2001-09-26 06:00:00,26790.0,26345.716821090806,444.28317890919425,444.28317890919425,197387.54306165912
2001-09-26 07:00:00,28733.0,29213.67256592528,-480.67256592528065,480.67256592528065,231046.1156331933
2001-09-26 08:00:00,29301.0,29822.014297416954,-521.0142974169539,521.0142974169539,271455.8981128821
2001-09-26 09:00:00,30280.0,29805.338661018144,474.6613389818558,474.6613389818558,225303.38672404824
2001-09-26 10:00:00,30323.0,30931.147655627035,-608.1476556270354,608.1476556270354,369843.57104465924
2001-09-26 11:00:00,30579.0,30534.91308901235,44.08691098765121,44.08691098765121,1943.655720433081
2001-09-26 12:00:00,30557.0,30675.193388009706,-118.19338800970581,118.19338800970581,13969.67696921287
2001-09-26 13:00:00,30499.0,30870.48024353914,-371.48024353913934,371.48024353913934,137997.57133989828
2001-09-26 14:00:00,30423.0,30409.631441908507,13.368558091493469,13.368558091493469,178.7183454456355
2001-09-26 15:00:00,30279.0,30188.74789668531,90.25210331469134,90.25210331469134,8145.442152725719
2001-09-26 16:00:00,30236.0,30208.772161522185,27.227838477814657,27.227838477814657,741.3551881739644
2001-09-26 17:00:00,29983.0,29966.339246857337,16.660753142663452,16.660753142663452,277.5806952807701
2001-09-26 18:00:00,29913.0,29667.035455423105,245.9645445768947,245.9645445768947,60498.557188919214
2001-09-26 19:00:00,31423.0,30158.011854002958,1264.988145997042,1264.988145997042,1600195.0095130338
2001-09-26 20:00:00,30870.0,31514.39071501737,-644.3907150173691,644.3907150173691,415239.3936005962
2001-09-26 21:00:00,29241.0,29086.908824142556,154.0911758574439,154.0911758574439,23744.0904771297
2001-09-26 22:00:00,26567.0,26605.667482547236,-38.66748254723643,38.66748254723643,1495.1742065408341
2001-09-26 23:00:00,24201.0,24052.29056712409,148.70943287590853,148.70943287590853,22114.495426274345
2001-09-27 00:00:00,22382.0,22177.63086249134,204.36913750866006,204.36913750866006,41766.74436603361
2001-09-27 01:00:00,21407.0,21311.285650681955,95.7143493180447,95.7143493180447,9161.236665376684
2001-09-27 02:00:00,20786.0,21027.938560097547,-241.93856009754745,241.93856009754745,58534.26686207458
2001-09-27 03:00:00,20761.0,20630.4083589421,130.59164105790114,130.59164105790114,17054.17671419569
2001-09-27 04:00:00,21107.0,21083.496205504493,23.503794495507464,23.503794495507464,552.428355687047
2001-09-27 05:00:00,22721.0,22773.743626631684,-52.74362663168358,52.74362663168358,2781.8901502624417
2001-09-27 06:00:00,26225.0,26101.211091097248,123.78890890275215,123.78890890275215,15323.693967333871
2001-09-27 07:00:00,28172.0,28684.524777328952,-512.524777328952,512.524777328952,262681.64737609186
2001-09-27 08:00:00,29125.0,29411.886498820575,-286.88649882057507,286.88649882057507,82303.86320552783
2001-09-27 09:00:00,29897.0,29784.59776326117,112.40223673883156,112.40223673883156,12634.262823892335
2001-09-27 10:00:00,30467.0,30541.225509240652,-74.22550924065217,74.22550924065217,5509.426222034141
2001-09-27 11:00:00,30750.0,30761.99081403478,-11.99081403477976,11.99081403477976,143.77962121667127
2001-09-27 12:00:00,30660.0,30692.300952720507,-32.30095272050676,32.30095272050676,1043.351546652413
2001-09-27 13:00:00,30807.0,30681.21388172672,125.78611827328132,125.78611827328132,15822.147550259917
2001-09-27 14:00:00,30330.0,30674.627528634617,-344.6275286346172,344.6275286346172,118768.1334928039
2001-09-27 15:00:00,30096.0,30112.46276988691,-16.4627698869117,16.4627698869117,271.0227923494067
2001-09-27 16:00:00,29910.0,30068.210463493877,-158.2104634938769,158.2104634938769,25030.550758947353
2001-09-27 17:00:00,29742.0,29614.538384855616,127.46161514438427,127.46161514438427,16246.463335215129
2001-09-27 18:00:00,30127.0,29558.535364367293,568.4646356327066,568.4646356327066,323152.04196502594
2001-09-27 19:00:00,31610.0,30918.849227050243,691.1507729497571,691.1507729497571,477689.39094904665
2001-09-27 20:00:00,30901.0,31324.8782958025,-423.87829580250036,423.87829580250036,179672.80965243198
2001-09-27 21:00:00,29206.0,29356.312951999756,-150.31295199975648,150.31295199975648,22593.983538881093
2001-09-27 22:00:00,26567.0,26687.892452449414,-120.89245244941412,120.89245244941412,14614.985059233855
2001-09-27 23:00:00,24032.0,24065.605467226334,-33.60546722633444,33.60546722633444,1129.3274275002382
2001-09-28 00:00:00,22301.0,22081.46555408681,219.5344459131884,219.5344459131884,48195.37294241064
2001-09-28 01:00:00,21362.0,21343.56158766156,18.438412338440685,18.438412338440685,339.9750495623617
2001-09-28 02:00:00,20814.0,20864.191550129806,-50.191550129806274,50.191550129806274,2519.191704432856
2001-09-28 03:00:00,20733.0,20640.53109802945,92.46890197055109,92.46890197055109,8550.497831639386
2001-09-28 04:00:00,20927.0,21036.646665201923,-109.64666520192259,109.64666520192259,12022.391189902502
2001-09-28 05:00:00,22895.0,22502.177000670963,392.822999329037,392.822999329037,154309.90880186058
2001-09-28 06:00:00,26600.0,26376.31972581934,223.6802741806605,223.6802741806605,50032.865057535455
2001-09-28 07:00:00,28608.0,28909.411729420448,-301.41172942044795,301.41172942044795,90849.03063222533
2001-09-28 08:00:00,29277.0,29575.809353744702,-298.8093537447021,298.8093537447021,89287.02988532651
2001-09-28 09:00:00,29912.0,29924.613896646504,-12.613896646504145,12.613896646504145,159.1103886086885
2001-09-28 10:00:00,30445.0,30477.095516472647,-32.09551647264743,32.09551647264743,1030.1221776459827
2001-09-28 11:00:00,30516.0,30748.22040252408,-232.22040252407896,232.22040252407896,53926.315348445256
2001-09-28 12:00:00,30231.0,30470.321935793072,-239.32193579307204,239.32193579307204,57274.9889517433
2001-09-28 13:00:00,30194.0,30276.51428809103,-82.51428809103163,82.51428809103163,6808.6077391697645
2001-09-28 14:00:00,29950.0,30187.479408583775,-237.47940858377478,237.47940858377478,56396.46950129944
2001-09-28 15:00:00,29497.0,29698.42734675586,-201.42734675585962,201.42734675585962,40572.97602110531
2001-09-28 16:00:00,29292.0,29509.600194179744,-217.600194179744,217.600194179744,47349.84450706229
2001-09-28 17:00:00,28911.0,29136.509690258838,-225.5096902588375,225.5096902588375,50854.620400636835
2001-09-28 18:00:00,28961.0,29041.08220219859,-80.0822021985914,80.0822021985914,6413.159108976078
2001-09-28 19:00:00,30039.0,29559.158403485508,479.84159651449227,479.84159651449227,230247.9577455768
2001-09-28 20:00:00,29551.0,30111.550356582957,-560.5503565829567,560.5503565829567,314216.70226527995
2001-09-28 21:00:00,28070.0,28402.09039709626,-332.09039709626086,332.09039709626086,110284.03184355222
2001-09-28 22:00:00,26114.0,25866.515205069034,247.48479493096602,247.48479493096602,61248.7237220223
2001-09-28 23:00:00,23945.0,23761.604379041462,183.39562095853762,183.39562095853762,33633.953786767604
2001-09-29 00:00:00,22154.0,21873.85534822682,280.14465177317834,280.14465177317834,78481.02591711536
2001-09-29 01:00:00,21015.0,20860.49048709667,154.50951290332887,154.50951290332887,23873.18957762395
2001-09-29 02:00:00,20288.0,20353.653593134946,-65.65359313494628,65.65359313494628,4310.3942915290645
2001-09-29 03:00:00,19975.0,19841.580420513557,133.41957948644267,133.41957948644267,17800.784190339193
2001-09-29 04:00:00,19992.0,20022.218941446692,-30.218941446692043,30.218941446692043,913.1844221586022
2001-09-29 05:00:00,20588.0,20824.77248573052,-236.77248573051838,236.77248573051838,56061.20999900853
2001-09-29 06:00:00,21727.0,21586.086926372976,140.91307362702355,140.91307362702355,19856.49431901496
2001-09-29 07:00:00,22869.0,23066.17346766582,-197.17346766581977,197.17346766581977,38877.37635136407
2001-09-29 08:00:00,24828.0,24774.6106234271,53.3893765729008,53.3893765729008,2850.425530843009
2001-09-29 09:00:00,26189.0,26404.222226104233,-215.2222261042334,215.2222261042334,46320.60660926177
2001-09-29 10:00:00,26845.0,27027.70193137445,-182.7019313744495,182.7019313744495,33379.99572795405
2001-09-29 11:00:00,26715.0,27038.727060654175,-323.72706065417515,323.72706065417515,104799.20979979199
2001-09-29 12:00:00,26305.0,26413.841787576825,-108.84178757682457,108.84178757682457,11846.534722918605
2001-09-29 13:00:00,25887.0,25941.950611861364,-54.95061186136445,54.95061186136445,3019.5697439383275
2001-09-29 14:00:00,25391.0,25492.12914372265,-101.12914372265004,101.12914372265004,10227.103710076408
2001-09-29 15:00:00,25080.0,25122.83537449492,-42.83537449491996,42.83537449491996,1834.8693081200395
2001-09-29 16:00:00,25117.0,25238.93068580734,-121.93068580733961,121.93068580733961,14867.09214144817
2001-09-29 17:00:00,25182.0,25504.695220644895,-322.695220644895,322.695220644895,104132.20542705747
2001-09-29 18:00:00,25692.0,25626.149706038497,65.85029396150276,65.85029396150276,4336.261214816326
2001-09-29 19:00:00,27250.0,26514.344962691917,735.6550373080827,735.6550373080827,541188.3339167566
2001-09-29 20:00:00,26982.0,27608.035864878173,-626.035864878173,626.035864878173,391920.9041137621
2001-09-29 21:00:00,25956.0,25767.95346806993,188.04653193007107,188.04653193007107,35361.49817092724
2001-09-29 22:00:00,24609.0,24398.175889216258,210.82411078374207,210.82411078374207,44446.80568775555
2001-09-29 23:00:00,22841.0,22760.22566023349,80.77433976651082,80.77433976651082,6524.493964715732
2001-09-30 00:00:00,21091.0,21138.10879112692,-47.10879112692055,47.10879112692055,2219.2382014398286
2001-09-30 01:00:00,20137.0,20072.325719741446,64.67428025855406,64.67428025855406,4182.762526961996
2001-09-30 02:00:00,19497.0,19464.395441388984,32.60455861101582,32.60455861101582,1063.0572422191658
2001-09-30 03:00:00,19238.0,19240.14750250487,-2.147502504871227,2.147502504871227,4.611767008428194
2001-09-30 04:00:00,19188.0,19168.843304711034,19.156695288966148,19.156695288966148,366.9789743942978
2001-09-30 05:00:00,19491.0,19502.766399648168,-11.766399648167862,11.766399648167862,138.44816068040478
2001-09-30 06:00:00,20166.0,20127.94750034085,38.05249965914845,38.05249965914845,1447.992730309493
2001-09-30 07:00:00,21036.0,21073.83401126247,-37.834011262468266,37.834011262468266,1431.4124082085757
2001-09-30 08:00:00,22876.0,22791.66322940159,84.3367705984092,84.3367705984092,7112.690874968699
2001-09-30 09:00:00,24337.0,24484.961237548112,-147.96123754811197,147.96123754811197,21892.52781676882
2001-09-30 10:00:00,24924.0,25244.763310533617,-320.7633105336172,320.7633105336172,102889.10138448574
2001-09-30 11:00:00,25150.0,25283.700411508577,-133.7004115085765,133.7004115085765,17875.800037562698
2001-09-30 12:00:00,24913.0,25279.60786527317,-366.6078652731703,366.6078652731703,134401.326880151
2001-09-30 13:00:00,24755.0,24837.386193450773,-82.38619345077313,82.38619345077313,6787.484871308214
2001-09-30 14:00:00,24884.0,24561.999620391627,322.0003796083729,322.0003796083729,103684.24446793625
2001-09-30 15:00:00,24936.0,24759.975714299853,176.02428570014672,176.02428570014672,30984.549156246878
2001-09-30 16:00:00,25316.0,25394.343939635553,-78.3439396355534,78.3439396355534,6137.772877619234
2001-09-30 17:00:00,25934.0,26079.752551350688,-145.752551350688,145.752551350688,21243.806225234945
2001-09-30 18:00:00,26888.0,26459.053754743174,428.94624525682593,428.94624525682593,183994.88131992906
2001-09-30 19:00:00,28295.0,27662.314456102387,632.6855438976127,632.6855438976127,400290.99745701795
2001-09-30 20:00:00,28159.0,28078.28756032653,80.71243967346891,80.71243967346891,6514.4979180433575
2001-09-30 21:00:00,26859.0,26803.46147611648,55.53852388351879,55.53852388351879,3084.5276351601874
2001-09-30 22:00:00,24941.0,24982.490919665586,-41.49091966558626,41.49091966558626,1721.4964146961327
2001-09-30 23:00:00,22827.0,22978.219020405933,-151.2190204059334,151.2190204059334,22867.192132530105
2001-10-01 00:00:00,21478.0,21449.548081759647,28.451918240352825,28.451918240352825,809.5116515557218
2001-10-01 01:00:00,20543.0,20627.833306063396,-84.83330606339587,84.83330606339587,7196.689817645798
2001-10-01 02:00:00,20205.0,20157.400645545076,47.59935445492374,47.59935445492374,2265.6985445254686
2001-10-01 03:00:00,20163.0,20012.001037809518,150.99896219048242,150.99896219048242,22800.68658260274
2001-10-01 04:00:00,20709.0,20725.799607217654,-16.79960721765383,16.79960721765383,282.22680266744663
2001-10-01 05:00:00,22578.0,22462.854572779193,115.1454272208066,115.1454272208066,13258.46940986207
2001-10-01 06:00:00,26532.0,26227.565714460685,304.43428553931517,304.43428553931517,92680.23421183327
2001-10-01 07:00:00,29016.0,29020.87030977396,-4.870309773959889,4.870309773959889,23.719917294329225
2001-10-01 08:00:00,29812.0,29642.980708052008,169.01929194799231,169.01929194799231,28567.52105060066
2001-10-01 09:00:00,30368.0,30110.578915151294,257.4210848487055,257.4210848487055,66265.61492468444
2001-10-01 10:00:00,30753.0,30856.80616277114,-103.8061627711395,103.8061627711395,10775.719429268307
2001-10-01 11:00:00,30843.0,30810.910259151282,32.089740848718066,32.089740848718066,1029.751467737885
2001-10-01 12:00:00,30630.0,30574.0265828052,55.97341719480028,55.97341719480028,3133.0234324631633
2001-10-01 13:00:00,30558.0,30581.5997132958,-23.59971329580003,23.59971329580003,556.9464676439607
2001-10-01 14:00:00,30230.0,30410.895599758143,-180.89559975814336,180.89559975814336,32723.218011858396
2001-10-01 15:00:00,30007.0,29998.142929014513,8.857070985486644,8.857070985486644,78.44770644194935
2001-10-01 16:00:00,29963.0,30142.21416644616,-179.21416644615965,179.21416644615965,32117.717454991816
2001-10-01 17:00:00,29996.0,30336.881415361375,-340.8814153613748,340.8814153613748,116200.13933877414
2001-10-01 18:00:00,30180.0,30456.599721440274,-276.59972144027415,276.59972144027415,76507.40590083726
2001-10-01 19:00:00,31855.0,30919.630200138632,935.3697998613679,935.3697998613679,874916.6624926955
2001-10-01 20:00:00,31334.0,31338.906658852105,-4.9066588521054655,4.9066588521054655,24.075301090944926
2001-10-01 21:00:00,29586.0,29484.878511086754,101.12148891324614,101.12148891324614,10225.555520031761
2001-10-01 22:00:00,26926.0,26746.295828642833,179.70417135716707,179.70417135716707,32293.589203166066
2001-10-01 23:00:00,24364.0,24285.046094476784,78.95390552321624,78.95390552321624,6233.719197368955
2001-10-02 00:00:00,22531.0,22550.0233836091,-19.023383609099255,19.023383609099255,361.8891239389462
2001-10-02 01:00:00,21507.0,21570.980190048424,-63.98019004842354,63.98019004842354,4093.464718632394
2001-10-02 02:00:00,21124.0,21089.87243293389,34.127567066108895,34.127567066108895,1164.6908338517605
2001-10-02 03:00:00,20908.0,20862.508761818986,45.491238181013614,45.491238181013614,2069.4527512417108
2001-10-02 04:00:00,21387.0,21345.05971236017,41.940287639830785,41.940287639830785,1758.987727311743
2001-10-02 05:00:00,23255.0,23425.700085188157,-170.70008518815666,170.70008518815666,29138.51908324394
2001-10-02 06:00:00,27250.0,27128.938826825586,121.06117317441385,121.06117317441385,14655.80765036542
2001-10-02 07:00:00,29130.0,29624.28310149497,-494.28310149496974,494.28310149496974,244315.78442348656
2001-10-02 08:00:00,29697.0,29896.800835096157,-199.80083509615724,199.80083509615724,39920.37370512182
2001-10-02 09:00:00,30037.0,30042.77885117854,-5.778851178540208,5.778851178540208,33.39512094371555
2001-10-02 10:00:00,30835.0,30358.109624214183,476.890375785817,476.890375785817,227424.43051713778
2001-10-02 11:00:00,31175.0,31028.2102798081,146.78972019190041,146.78972019190041,21547.221954016415
2001-10-02 12:00:00,31238.0,31240.2298248508,-2.2298248508013785,2.2298248508013785,4.97211886525139
2001-10-02 13:00:00,31599.0,31294.628666701326,304.37133329867356,304.37133329867356,92641.90853401223
2001-10-02 14:00:00,31731.0,31613.009646812596,117.99035318740425,117.99035318740425,13921.723445288397
2001-10-02 15:00:00,31537.0,31698.271011190835,-161.27101119083454,161.27101119083454,26008.33905051428
2001-10-02 16:00:00,31483.0,31592.745664432205,-109.74566443220465,109.74566443220465,12044.110861666068
2001-10-02 17:00:00,31198.0,31476.07310361171,-278.0731036117104,278.0731036117104,77324.65095224902
2001-10-02 18:00:00,31079.0,31473.552852464305,-394.55285246430503,394.55285246430503,155671.95338771967
2001-10-02 19:00:00,32559.0,31515.23504803013,1043.7649519698716,1043.7649519698716,1089445.2749606683
2001-10-02 20:00:00,31943.0,32348.180180215753,-405.18018021575335,405.18018021575335,164170.97843967038
2001-10-02 21:00:00,30100.0,30325.445981602563,-225.44598160256282,225.44598160256282,50825.89062074309
2001-10-02 22:00:00,27145.0,27398.942332964765,-253.94233296476523,253.94233296476523,64486.70847158769
2001-10-02 23:00:00,24521.0,24566.779986907757,-45.77998690775712,45.77998690775712,2095.8072012744133
2001-10-03 00:00:00,22634.0,22761.650198128165,-127.65019812816536,127.65019812816536,16294.57308215987
2001-10-03 01:00:00,21663.0,21764.169003157105,-101.16900315710518,101.16900315710518,10235.167199802358
2001-10-03 02:00:00,21134.0,21259.006317453506,-125.0063174535062,125.0063174535062,15626.579403286769
2001-10-03 03:00:00,20854.0,20910.513663213846,-56.513663213845575,56.513663213845575,3193.7941298479627
2001-10-03 04:00:00,21146.0,21206.107812472037,-60.10781247203704,60.10781247203704,3612.9491201735714
2001-10-03 05:00:00,22987.0,22869.65873420918,117.3412657908193,117.3412657908193,13768.972657391701
2001-10-03 06:00:00,26883.0,26769.358179803825,113.6418201961751,113.6418201961751,12914.463297499791
2001-10-03 07:00:00,28985.0,29362.26601541009,-377.2660154100886,377.2660154100886,142329.6463834052
2001-10-03 08:00:00,29749.0,29819.060586743624,-70.0605867436243,70.0605867436243,4908.485814860905
2001-10-03 09:00:00,30439.0,30136.53695834149,302.4630416585096,302.4630416585096,91483.89156931732
2001-10-03 10:00:00,31482.0,30991.50814914112,490.49185085888166,490.49185085888166,240582.2557589714
2001-10-03 11:00:00,32389.0,31843.179335122753,545.8206648772466,545.8206648772466,297920.19820703956
2001-10-03 12:00:00,32759.0,32593.26911132382,165.73088867617844,165.73088867617844,27466.72746139585
2001-10-03 13:00:00,33339.0,33211.360898413375,127.63910158662475,127.63910158662475,16291.740253840711
2001-10-03 14:00:00,33490.0,33633.70838652583,-143.70838652583188,143.70838652583188,20652.1003578579
2001-10-03 15:00:00,33537.0,33444.34162528188,92.6583747181212,92.6583747181212,8585.57440540376
2001-10-03 16:00:00,33451.0,33563.86852481597,-112.86852481596725,112.86852481596725,12739.303894132614
2001-10-03 17:00:00,32921.0,33235.34614945897,-314.3461494589719,314.3461494589719,98813.50167968232
2001-10-03 18:00:00,32446.0,32634.21108770806,-188.2110877080595,188.2110877080595,35423.41353625086
2001-10-03 19:00:00,34004.0,32566.359115403946,1437.640884596054,1437.640884596054,2066811.313062125
2001-10-03 20:00:00,33262.0,33923.628541555416,-661.6285415554157,661.6285415554157,437752.32700074645
2001-10-03 21:00:00,31263.0,31598.97437678269,-335.97437678269125,335.97437678269125,112878.78185451779
2001-10-03 22:00:00,28369.0,28550.144410865996,-181.14441086599618,181.14441086599618,32813.29758798883
2001-10-03 23:00:00,25512.0,25727.09895082253,-215.09895082252842,215.09895082252842,46267.5586449525
2001-10-04 00:00:00,23518.0,23514.565490805857,3.4345091941431747,3.4345091941431747,11.795853404653998
2001-10-04 01:00:00,22258.0,22283.584786866923,-25.584786866922514,25.584786866922514,654.5813190258507
2001-10-04 02:00:00,21679.0,21787.72279900871,-108.72279900870853,108.72279900870853,11820.647024288033
2001-10-04 03:00:00,21448.0,21417.352242675162,30.647757324837585,30.647757324837585,939.2850290421359
2001-10-04 04:00:00,21701.0,21796.571574346108,-95.57157434610781,95.57157434610781,9133.925822993613
2001-10-04 05:00:00,23513.0,23535.125720467637,-22.12572046763671,22.12572046763671,489.5475062119981
2001-10-04 06:00:00,27353.0,27183.824997171374,169.17500282862602,169.17500282862602,28620.181582065623
2001-10-04 07:00:00,29389.0,29985.628275378476,-596.6282753784762,596.6282753784762,355965.2989810949
2001-10-04 08:00:00,30133.0,30517.266279400283,-384.26627940028266,384.26627940028266,147660.57348413608
2001-10-04 09:00:00,31331.0,30798.942894161275,532.057105838725,532.057105838725,283084.7638734802
2001-10-04 10:00:00,32637.0,32061.555720738517,575.4442792614827,575.4442792614827,331136.1185347673
2001-10-04 11:00:00,33541.0,33006.81889055472,534.1811094452787,534.1811094452787,285349.4576881888
2001-10-04 12:00:00,33694.0,33996.80889376823,-302.80889376823325,302.80889376823325,91693.22614514116
2001-10-04 13:00:00,34171.0,34048.090136364066,122.90986363593402,122.90986363593402,15106.834579003895
2001-10-04 14:00:00,34123.0,34521.46092025644,-398.46092025643884,398.46092025643884,158771.10497160812
2001-10-04 15:00:00,34133.0,34236.88294767653,-103.88294767653133,103.88294767653133,10791.666817964946
2001-10-04 16:00:00,34023.0,34140.26734636481,-117.26734636480978,117.26734636480978,13751.630523444266
2001-10-04 17:00:00,33367.0,33757.43179313195,-390.4317931319529,390.4317931319529,152436.98508823203
2001-10-04 18:00:00,32867.0,33349.09929626012,-482.0992962601231,482.0992962601231,232419.73145450593
2001-10-04 19:00:00,34055.0,33057.00874238616,997.9912576138377,997.9912576138377,995986.5502736493
2001-10-04 20:00:00,33177.0,33858.65210096057,-681.6521009605713,681.6521009605713,464649.58674396086
2001-10-04 21:00:00,31094.0,31470.798700560543,-376.7987005605428,376.7987005605428,141977.2607441136
2001-10-04 22:00:00,28224.0,28521.274828961676,-297.27482896167567,297.27482896167567,88372.32393419353
2001-10-04 23:00:00,25291.0,25694.172508016796,-403.1725080167962,403.1725080167962,162548.0712205536
2001-10-05 00:00:00,23327.0,23292.735785021952,34.264214978047676,34.264214978047676,1174.0364280618667
2001-10-05 01:00:00,22028.0,22294.549249366657,-266.549249366657,266.549249366657,71048.50233792831
2001-10-05 02:00:00,21551.0,21418.67205336085,132.32794663915047,132.32794663915047,17510.685461733854
2001-10-05 03:00:00,21234.0,21271.85111562856,-37.851115628560365,37.851115628560365,1432.7069543266466
2001-10-05 04:00:00,21299.0,21534.912866596806,-235.91286659680554,235.91286659680554,55654.88062592217
2001-10-05 05:00:00,23030.0,22661.12157599164,368.8784240083587,368.8784240083587,136071.29169889048
2001-10-05 06:00:00,26755.0,26439.146796619218,315.85320338078236,315.85320338078236,99763.24608590186
2001-10-05 07:00:00,28728.0,29300.417850048467,-572.4178500484668,572.4178500484668,327662.19505410903
2001-10-05 08:00:00,29675.0,30031.28551012719,-356.2855101271889,356.2855101271889,126939.36472659123
2001-10-05 09:00:00,30624.0,30446.926363166825,177.07363683317453,177.07363683317453,31355.072861326986
2001-10-05 10:00:00,31865.0,31400.948444496495,464.05155550350537,464.05155550350537,215343.84616522293
2001-10-05 11:00:00,32649.0,32319.267956526543,329.73204347345745,329.73204347345745,108723.22049318203
2001-10-05 12:00:00,32834.0,32895.41777498459,-61.41777498459123,61.41777498459123,3772.1430840578805
2001-10-05 13:00:00,33275.0,33154.33292872542,120.66707127458358,120.66707127458358,14560.542089985433
2001-10-05 14:00:00,33400.0,33217.90736713693,182.09263286306668,182.09263286306668,33157.726943003596
2001-10-05 15:00:00,33313.0,33408.468841144735,-95.46884114473505,95.46884114473505,9114.299629518657
2001-10-05 16:00:00,33034.0,33045.75086380992,-11.750863809917064,11.750863809917064,138.0828002792186
2001-10-05 17:00:00,32097.0,32715.26067671358,-618.2606767135803,618.2606767135803,382246.2643703343
2001-10-05 18:00:00,31493.0,31793.681398918005,-300.68139891800456,300.68139891800456,90409.3036552882
2001-10-05 19:00:00,32341.0,31566.966255954663,774.0337440453368,774.0337440453368,599128.236920842
2001-10-05 20:00:00,31298.0,32111.50794761317,-813.5079476131687,813.5079476131687,661795.18082979
2001-10-05 21:00:00,29861.0,29633.96940492683,227.03059507317084,227.03059507317084,51542.891099278066
2001-10-05 22:00:00,27562.0,27487.96676701888,74.03323298112082,74.03323298112082,5480.919585636915
2001-10-05 23:00:00,25221.0,25147.66438626014,73.33561373985867,73.33561373985867,5378.112242601748
2001-10-06 00:00:00,23372.0,23103.71606472117,268.2839352788287,268.2839352788287,71976.26992869476
2001-10-06 01:00:00,22183.0,21970.65560002456,212.34439997544177,212.34439997544177,45090.144200930394
2001-10-06 02:00:00,21396.0,21266.612599288725,129.3874007112754,129.3874007112754,16741.09946282015
2001-10-06 03:00:00,21013.0,21046.01802382036,-33.01802382036112,33.01802382036112,1090.1898970019345
2001-10-06 04:00:00,20936.0,20928.74933638549,7.250663614511723,7.250663614511723,52.5721228508042
2001-10-06 05:00:00,21541.0,21509.722381777174,31.277618222826277,31.277618222826277,978.2894016928744
2001-10-06 06:00:00,22656.0,22770.496417852693,-114.49641785269341,114.49641785269341,13109.42970109857
2001-10-06 07:00:00,24052.0,24249.439603500425,-197.4396035004247,197.4396035004247,38982.39703040492
2001-10-06 08:00:00,26039.0,26043.046964219764,-4.04696421976405,4.04696421976405,16.377919396050444
2001-10-06 09:00:00,27510.0,27534.358106876265,-24.358106876265083,24.358106876265083,593.3173705955523
2001-10-06 10:00:00,27889.0,28389.184689786296,-500.1846897862961,500.1846897862961,250184.72389661323
2001-10-06 11:00:00,27458.0,27979.790955751727,-521.7909557517269,521.7909557517269,272265.8015043006
2001-10-06 12:00:00,26824.0,27007.469873710234,-183.46987371023351,183.46987371023351,33661.19455924904
2001-10-06 13:00:00,26170.0,26235.561721641763,-65.56172164176314,65.56172164176314,4298.339344632033
2001-10-06 14:00:00,25582.0,25691.528887475484,-109.52888747548423,109.52888747548423,11996.577191617285
2001-10-06 15:00:00,25264.0,25089.292501261312,174.70749873868772,174.70749873868772,30522.71011552857
2001-10-06 16:00:00,25272.0,25463.81527607073,-191.81527607073076,191.81527607073076,36793.10013409066
2001-10-06 17:00:00,25161.0,25777.926249896984,-616.9262498969838,616.9262498969838,380597.9978119557
2001-10-06 18:00:00,25724.0,26103.25007926288,-379.2500792628816,379.2500792628816,143830.622620902
2001-10-06 19:00:00,27207.0,26871.381362678574,335.6186373214259,335.6186373214259,112639.86971749083
2001-10-06 20:00:00,26870.0,27546.418967070305,-676.4189670703054,676.4189670703054,457542.6190124589
2001-10-06 21:00:00,25839.0,25796.184591710626,42.81540828937432,42.81540828937432,1833.159186985823
2001-10-06 22:00:00,24484.0,24373.553313637443,110.44668636255665,110.44668636255665,12198.470528468957
2001-10-06 23:00:00,22756.0,22739.745010999686,16.2549890003138,16.2549890003138,264.2246674003226
2001-10-07 00:00:00,21361.0,21193.305106666467,167.6948933335334,167.6948933335334,28121.577250145147
2001-10-07 01:00:00,20248.0,20315.012002417334,-67.01200241733386,67.01200241733386,4490.608467980759
2001-10-07 02:00:00,19612.0,19696.08272913645,-84.08272913645123,84.08272913645123,7069.905339033826
2001-10-07 03:00:00,19309.0,19369.082875649474,-60.08287564947386,60.08287564947386,3609.951946310139
2001-10-07 04:00:00,19299.0,19192.379069847553,106.62093015244682,106.62093015244682,11368.022746572942
2001-10-07 05:00:00,19708.0,19621.45115214854,86.54884785145987,86.54884785145987,7490.703064415149
2001-10-07 06:00:00,20598.0,20226.0598749075,371.94012509250024,371.94012509250024,138339.45665382472
2001-10-07 07:00:00,21487.0,21645.214063243657,-158.2140632436567,158.2140632436567,25031.689808067804
2001-10-07 08:00:00,23176.0,23151.8248066805,24.175193319500977,24.175193319500977,584.4399720352446
2001-10-07 09:00:00,24339.0,24677.765046282162,-338.7650462821621,338.7650462821621,114761.75658255542
2001-10-07 10:00:00,24832.0,25303.854433292454,-471.8544332924539,471.8544332924539,222646.60621774284
2001-10-07 11:00:00,24898.0,24918.095766346298,-20.09576634629775,20.09576634629775,403.83982504499323
2001-10-07 12:00:00,24713.0,24964.4333182319,-251.43331823189874,251.43331823189874,63218.713517103264
2001-10-07 13:00:00,24456.0,24497.984127703992,-41.98412770399227,41.98412770399227,1762.6669790651313
2001-10-07 14:00:00,24154.0,24021.953453622078,132.0465463779219,132.0465463779219,17436.29041033668
2001-10-07 15:00:00,24071.0,23873.52163717661,197.47836282338903,197.47836282338903,38997.70378340608
2001-10-07 16:00:00,24425.0,24422.754651711715,2.245348288284731,2.245348288284731,5.041588935703172
2001-10-07 17:00:00,25016.0,25292.02936748188,-276.0293674818786,276.0293674818786,76192.21171244596
2001-10-07 18:00:00,26063.0,26083.323171301072,-20.323171301071852,20.323171301071852,413.03129173271054
2001-10-07 19:00:00,28118.0,27122.75214895024,995.2478510497604,995.2478510497604,990518.285019166
2001-10-07 20:00:00,28015.0,27916.40156614212,98.59843385787826,98.59843385787826,9721.651159226394
2001-10-07 21:00:00,26918.0,26630.997158292103,287.00284170789746,287.00284170789746,82370.63114840844
2001-10-07 22:00:00,25348.0,25034.53697481562,313.46302518438097,313.46302518438097,98259.06815774385
2001-10-07 23:00:00,23631.0,23357.85742413525,273.14257586474923,273.14257586474923,74606.86675003028
2001-10-08 00:00:00,22242.0,21803.42556328397,438.5744367160296,438.5744367160296,192347.53654078266
2001-10-08 01:00:00,21466.0,21234.120682055447,231.8793179445529,231.8793179445529,53768.01809043105
2001-10-08 02:00:00,21242.0,20848.80537990712,393.19462009287963,393.19462009287963,154602.00926998394
2001-10-08 03:00:00,21299.0,21002.45085535989,296.54914464011017,296.54914464011017,87941.39518678098
2001-10-08 04:00:00,21881.0,21647.85210283425,233.14789716574887,233.14789716574887,54357.94195281061
2001-10-08 05:00:00,23620.0,23380.23131072377,239.76868927622854,239.76868927622854,57489.02435724063
2001-10-08 06:00:00,27193.0,26759.475409427152,433.52459057284796,433.52459057284796,187943.57063135545
2001-10-08 07:00:00,29376.0,29298.842762603108,77.15723739689201,77.15723739689201,5953.239282720351
2001-10-08 08:00:00,30277.0,30057.879531424926,219.12046857507448,219.12046857507448,48013.779748560206
2001-10-08 09:00:00,30711.0,30674.80181370039,36.198186299610825,36.198186299610825,1310.308691381333
2001-10-08 10:00:00,30954.0,30858.593804368677,95.4061956313235,95.4061956313235,9102.342164842372
2001-10-08 11:00:00,30688.0,30767.601466024782,-79.60146602478198,79.60146602478198,6336.393393294521
2001-10-08 12:00:00,30177.0,30232.404989771352,-55.40498977135212,55.40498977135212,3069.712891563633
2001-10-08 13:00:00,29800.0,30006.802686018033,-206.80268601803255,206.80268601803255,42767.350944272956
2001-10-08 14:00:00,29428.0,29450.46696844707,-22.46696844706821,22.46696844706821,504.7646712015586
2001-10-08 15:00:00,28995.0,29232.962114010683,-237.96211401068285,237.96211401068285,56625.96770443323
2001-10-08 16:00:00,29013.0,29136.226818178868,-123.22681817886769,123.22681817886769,15184.848718487716
2001-10-08 17:00:00,29211.0,29505.06573788426,-294.06573788425885,294.06573788425885,86474.65819741364
2001-10-08 18:00:00,30284.0,30109.711248793497,174.28875120650264,174.28875120650264,30376.568797122174
2001-10-08 19:00:00,32070.0,31378.148556513774,691.8514434862263,691.8514434862263,478658.41985397507
2001-10-08 20:00:00,31600.0,31611.563657417628,-11.563657417627837,11.563657417627837,133.71817287225932
2001-10-08 21:00:00,30188.0,29949.744436536883,238.25556346311714,238.25556346311714,56765.713521127436
2001-10-08 22:00:00,27764.0,27619.394696700394,144.60530329960602,144.60530329960602,20910.693742371048
2001-10-08 23:00:00,25600.0,25376.173417764483,223.82658223551698,223.82658223551698,50098.33891523265
2001-10-09 00:00:00,23991.0,23573.043939320705,417.95606067929475,417.95606067929475,174687.26865855433
2001-10-09 01:00:00,23267.0,22949.642006967984,317.35799303201566,317.35799303201566,100716.09574130889
2001-10-09 02:00:00,22992.0,22636.045497817144,355.95450218285623,355.95450218285623,126703.607624245
2001-10-09 03:00:00,23084.0,22910.535676373864,173.46432362613632,173.46432362613632,30089.871571072956
2001-10-09 04:00:00,23671.0,23858.822023542383,-187.82202354238325,187.82202354238325,35277.11252755557
2001-10-09 05:00:00,25794.0,25815.628657365764,-21.6286573657635,21.6286573657635,467.79881944559577
2001-10-09 06:00:00,29937.0,29612.318550197033,324.6814498029671,324.6814498029671,105418.04384615665
2001-10-09 07:00:00,31921.0,32021.91684046398,-100.91684046397859,100.91684046397859,10184.208689232106
2001-10-09 08:00:00,31981.0,31998.57547696506,-17.57547696505935,17.57547696505935,308.8973905493319
2001-10-09 09:00:00,31600.0,31789.015482915085,-189.01548291508516,189.01548291508516,35726.85278162285
2001-10-09 10:00:00,31365.0,31517.618290243907,-152.6182902439068,152.6182902439068,23292.342516973382
2001-10-09 11:00:00,30944.0,31056.215267185555,-112.2152671855547,112.2152671855547,12592.266189525428
2001-10-09 12:00:00,30503.0,30628.46420912662,-125.46420912662143,125.46420912662143,15741.267771768595
2001-10-09 13:00:00,30342.0,30359.853282941483,-17.853282941483485,17.853282941483485,318.7397117886652
2001-10-09 14:00:00,29905.0,30102.375782926312,-197.37578292631224,197.37578292631224,38957.19968577473
2001-10-09 15:00:00,29663.0,29653.90788278512,9.092117214881,9.092117214881,82.66659544913543
2001-10-09 16:00:00,29663.0,29828.95100156672,-165.95100156671833,165.95100156671833,27539.73492099695
2001-10-09 17:00:00,29772.0,30034.55493599769,-262.55493599769034,262.55493599769034,68935.09441675126
2001-10-09 18:00:00,30544.0,30834.392679646466,-290.3926796464657,290.3926796464657,84327.90839225485
2001-10-09 19:00:00,32153.0,31904.34683998907,248.65316001093015,248.65316001093015,61828.393983421236
2001-10-09 20:00:00,31482.0,31924.313026878703,-442.31302687870266,442.31302687870266,195640.81374659995
2001-10-09 21:00:00,29869.0,29910.410248284115,-41.41024828411537,41.41024828411537,1714.8086629520799
2001-10-09 22:00:00,27275.0,27378.52699057784,-103.52699057784048,103.52699057784048,10717.837778104271
2001-10-09 23:00:00,25090.0,24701.306596440314,388.693403559686,388.693403559686,151082.5619708129
2001-10-10 00:00:00,23293.0,23223.2716103523,69.72838964769835,69.72838964769835,4862.048322861247
2001-10-10 01:00:00,22531.0,22401.358680441102,129.64131955889752,129.64131955889752,16806.871736972185
2001-10-10 02:00:00,22236.0,22118.962805783252,117.0371942167476,117.0371942167476,13697.704830128696
2001-10-10 03:00:00,22191.0,22149.486616468028,41.51338353197207,41.51338353197207,1723.3610122726097
2001-10-10 04:00:00,22714.0,22533.203934169873,180.7960658301272,180.7960658301272,32687.217419651686
2001-10-10 05:00:00,24690.0,24636.305105222338,53.69489477766183,53.69489477766183,2883.141725184176
2001-10-10 06:00:00,28676.0,28482.745649806402,193.25435019359793,193.25435019359793,37347.243868749785
2001-10-10 07:00:00,30644.0,30803.595812338262,-159.59581233826248,159.59581233826248,25470.823315909893
2001-10-10 08:00:00,30660.0,30928.489105791385,-268.48910579138465,268.48910579138465,72086.39992865734
2001-10-10 09:00:00,30511.0,30577.069124235928,-66.06912423592803,66.06912423592803,4365.129177302492
2001-10-10 10:00:00,30618.0,30663.400900385193,-45.40090038519338,45.40090038519338,2061.2417557862527
2001-10-10 11:00:00,30591.0,30471.32549381264,119.67450618735893,119.67450618735893,14321.98743118821
2001-10-10 12:00:00,30350.0,30255.159682874324,94.84031712567594,94.84031712567594,8994.68575249878
2001-10-10 13:00:00,30467.0,30193.885825011253,273.1141749887465,273.1141749887465,74591.35257978366
2001-10-10 14:00:00,30304.0,30250.68454122291,53.31545877709141,53.31545877709141,2842.538144611733
2001-10-10 15:00:00,30089.0,30049.38303819547,39.616961804531456,39.616961804531456,1569.5036626217043
2001-10-10 16:00:00,30080.0,30024.118475153675,55.88152484632519,55.88152484632519,3122.74481915046
2001-10-10 17:00:00,29989.0,29995.12243066498,-6.12243066497831,6.12243066497831,37.484157247466754
2001-10-10 18:00:00,30747.0,30682.678530939276,64.32146906072376,64.32146906072376,4137.251382129643
2001-10-10 19:00:00,32189.0,31315.11600966941,873.8839903305889,873.8839903305889,763673.2285561127
2001-10-10 20:00:00,31447.0,31316.949272741385,130.05072725861464,130.05072725861464,16913.191660494573
2001-10-10 21:00:00,29680.0,29893.880357357666,-213.88035735766607,213.88035735766607,45744.80726344294
2001-10-10 22:00:00,26995.0,27136.094115246517,-141.0941152465166,141.0941152465166,19907.549357197306
2001-10-10 23:00:00,24662.0,24427.78226330715,234.21773669285176,234.21773669285176,54857.948181522035
2001-10-11 00:00:00,22950.0,22761.489913179954,188.51008682004613,188.51008682004613,35536.052832901325
2001-10-11 01:00:00,21872.0,22131.30896663606,-259.3089666360611,259.3089666360611,67241.14017786185
2001-10-11 02:00:00,21364.0,21587.557085548277,-223.55708554827652,223.55708554827652,49977.770498839425
2001-10-11 03:00:00,21201.0,21253.32466467286,-52.32466467285849,52.32466467285849,2737.8705331270853
2001-10-11 04:00:00,21712.0,21751.813813062396,-39.81381306239564,39.81381306239564,1585.1397105673855
2001-10-11 05:00:00,23558.0,23612.98151149684,-54.98151149684054,54.98151149684054,3022.9666064772086
2001-10-11 06:00:00,27389.0,27619.89991291638,-230.89991291637853,230.89991291637853,53314.769784791184
2001-10-11 07:00:00,29604.0,29843.09619472737,-239.09619472737177,239.09619472737177,57166.99033310928
2001-10-11 08:00:00,29915.0,30050.96082044311,-135.9608204431097,135.9608204431097,18485.344695563515
2001-10-11 09:00:00,30311.0,30065.833607332224,245.16639266777565,245.16639266777565,60106.56009372996
2001-10-11 10:00:00,30983.0,30623.972857153552,359.02714284644753,359.02714284644753,128900.48930048344
2001-10-11 11:00:00,31208.0,31133.46024836545,74.53975163455107,74.53975163455107,5556.174573740558
2001-10-11 12:00:00,31216.0,31182.97511345083,33.02488654917033,33.02488654917033,1090.6431315855716
2001-10-11 13:00:00,31437.0,31207.543319557124,229.45668044287595,229.45668044287595,52650.36819986409
2001-10-11 14:00:00,31441.0,31447.451820256367,-6.451820256366773,6.451820256366773,41.62598462046461
2001-10-11 15:00:00,31385.0,31280.815093965044,104.18490603495593,104.18490603495593,10854.494645512597
2001-10-11 16:00:00,31134.0,31311.094494748453,-177.09449474845314,177.09449474845314,31362.460070209898
2001-10-11 17:00:00,30898.0,30921.47493333013,-23.474933330129716,23.474933330129716,551.072494854035
2001-10-11 18:00:00,31272.0,31289.728150573384,-17.728150573384482,17.728150573384482,314.28732275259256
2001-10-11 19:00:00,32667.0,31814.892087816817,852.1079121831826,852.1079121831826,726087.8940051824
2001-10-11 20:00:00,31765.0,32115.298366671224,-350.29836667122436,350.29836667122436,122708.94569252754
2001-10-11 21:00:00,30026.0,30124.886908128272,-98.8869081282719,98.8869081282719,9778.620599169286
2001-10-11 22:00:00,27331.0,27319.897686360116,11.102313639883505,11.102313639883505,123.26136815834332
2001-10-11 23:00:00,24779.0,24804.202467892734,-25.202467892733694,25.202467892733694,635.1643878842727
2001-10-12 00:00:00,22828.0,22908.043398059934,-80.04339805993368,80.04339805993368,6406.945572980994
2001-10-12 01:00:00,21601.0,21926.507585295418,-325.5075852954178,325.5075852954178,105955.1880848537
2001-10-12 02:00:00,21064.0,21268.254208769347,-204.25420876934731,204.25420876934731,41719.78179999212
2001-10-12 03:00:00,20765.0,20903.243088661977,-138.2430886619768,138.2430886619768,19111.151562803178
2001-10-12 04:00:00,21118.0,21132.47301789245,-14.473017892451026,14.473017892451026,209.46824691520752
2001-10-12 05:00:00,22991.0,22615.331317534263,375.6686824657372,375.6686824657372,141126.9589855429
2001-10-12 06:00:00,26712.0,26646.778211665434,65.22178833456564,65.22178833456564,4253.881673558883
2001-10-12 07:00:00,28839.0,29155.16431603194,-316.16431603193996,316.16431603193996,99959.87473194441
2001-10-12 08:00:00,29426.0,29743.672705246343,-317.67270524634296,317.67270524634296,100915.9476585299
2001-10-12 09:00:00,30127.0,29834.195908335943,292.8040916640566,292.8040916640566,85734.23609521327
2001-10-12 10:00:00,30920.0,30730.55745618044,189.44254381956125,189.44254381956125,35888.47740882639
2001-10-12 11:00:00,31247.0,31064.338230611495,182.6617693885055,182.6617693885055,33365.32199613956
2001-10-12 12:00:00,31617.0,31025.68159321393,591.3184067860711,591.3184067860711,349657.4582040175
2001-10-12 13:00:00,31740.0,31672.456875358715,67.54312464128452,67.54312464128452,4562.0736863080965
2001-10-12 14:00:00,31578.0,31659.104634423027,-81.10463442302716,81.10463442302716,6577.961724892883
2001-10-12 15:00:00,31197.0,31287.17962082916,-90.17962082915983,90.17962082915983,8132.364012891037
2001-10-12 16:00:00,30760.0,31063.239589895045,-303.23958989504536,303.23958989504536,91954.24887971529
2001-10-12 17:00:00,30185.0,30324.625067393274,-139.62506739327364,139.62506739327364,19495.159444576206
2001-10-12 18:00:00,30726.0,30737.922165934517,-11.92216593451667,11.92216593451667,142.13804057014974
2001-10-12 19:00:00,31232.0,31510.15557021097,-278.155570210969,278.155570210969,77370.52123938932
2001-10-12 20:00:00,30180.0,30682.36775936361,-502.36775936360937,502.36775936360937,252373.36564801334
2001-10-12 21:00:00,28735.0,28923.97347504018,-188.97347504018035,188.97347504018035,35710.97426876167
2001-10-12 22:00:00,26578.0,26574.8019028988,3.1980971012017108,3.1980971012017108,10.227825068714786
2001-10-12 23:00:00,24492.0,24305.02562625155,186.97437374844958,186.97437374844958,34959.41643862491
2001-10-13 00:00:00,22403.0,22515.39632358242,-112.39632358241943,112.39632358241943,12632.933554843934
2001-10-13 01:00:00,21236.0,21177.77730273497,58.22269726503146,58.22269726503146,3389.8824768155014
2001-10-13 02:00:00,20547.0,20573.344168240317,-26.34416824031723,26.34416824031723,694.015200274139
2001-10-13 03:00:00,20038.0,20186.291939738436,-148.29193973843576,148.29193973843576,21990.49939138786
2001-10-13 04:00:00,20036.0,20067.150520516418,-31.1505205164176,31.1505205164176,970.3549284437538
2001-10-13 05:00:00,20508.0,20739.469693852283,-231.46969385228294,231.46969385228294,53578.21917206959
2001-10-13 06:00:00,21665.0,21526.351195393094,138.6488046069062,138.6488046069062,19223.491018924055
2001-10-13 07:00:00,22829.0,22968.361084662047,-139.36108466204678,139.36108466204678,19421.51191818217
2001-10-13 08:00:00,24714.0,24707.366856978973,6.633143021026626,6.633143021026626,43.99858633739424
2001-10-13 09:00:00,26359.0,26218.65858109886,140.34141890113824,140.34141890113824,19695.71385918476
2001-10-13 10:00:00,27308.0,27032.139521479392,275.860478520608,275.860478520608,76099.00360961884
2001-10-13 11:00:00,27670.0,27414.482278004623,255.51772199537663,255.51772199537663,65289.30625370658
2001-10-13 12:00:00,27718.0,27618.09257776731,99.90742223268899,99.90742223268899,9981.493017180797
2001-10-13 13:00:00,27773.0,27314.601936510775,458.398063489225,458.398063489225,210128.78461067157
2001-10-13 14:00:00,27514.0,27445.092077713973,68.90792228602731,68.90792228602731,4748.30175377718
2001-10-13 15:00:00,27337.0,27222.256186179387,114.74381382061256,114.74381382061256,13166.142810099398
2001-10-13 16:00:00,27229.0,27535.345279375495,-306.345279375495,306.345279375495,93847.43019565009
2001-10-13 17:00:00,27279.0,27885.466277582214,-606.4662775822144,606.4662775822144,367801.34584442753
2001-10-13 18:00:00,28157.0,28335.420244432196,-178.42024443219634,178.42024443219634,31833.78362324469
2001-10-13 19:00:00,29175.0,28549.77441229945,625.2255877005482,625.2255877005482,390907.03551549587
2001-10-13 20:00:00,28382.0,28612.881641021064,-230.88164102106384,230.88164102106384,53306.33216057939
2001-10-13 21:00:00,27014.0,27106.591418612614,-92.59141861261378,92.59141861261378,8573.170800696282
2001-10-13 22:00:00,25282.0,25548.710638555487,-266.7106385554871,266.7106385554871,71134.56471867568
2001-10-13 23:00:00,23545.0,23456.69772316447,88.30227683552948,88.30227683552948,7797.292094338487
2001-10-14 00:00:00,21796.0,21740.92119131874,55.07880868126085,55.07880868126085,3033.675165746936
2001-10-14 01:00:00,20556.0,20662.432482082033,-106.43248208203295,106.43248208203295,11327.873242142265
2001-10-14 02:00:00,19859.0,20025.49517615881,-166.49517615880904,166.49517615880904,27720.643684152856
2001-10-14 03:00:00,19382.0,19559.656047814944,-177.65604781494403,177.65604781494403,31561.67132522568
2001-10-14 04:00:00,19227.0,19234.99966173904,-7.9996617390388565,7.9996617390388565,63.994587939042184
2001-10-14 05:00:00,19610.0,19360.21979198196,249.78020801804087,249.78020801804087,62390.152317535765
2001-10-14 06:00:00,20256.0,20244.318127231887,11.681872768112953,11.681872768112953,136.46615137037898
2001-10-14 07:00:00,21131.0,21389.226336969474,-258.2263369694738,258.2263369694738,66680.84110467222
2001-10-14 08:00:00,22559.0,22717.036265527804,-158.03626552780406,158.03626552780406,24975.46122197459
2001-10-14 09:00:00,24200.0,24015.670172730297,184.32982726970295,184.32982726970295,33977.485221278526
2001-10-14 10:00:00,25132.0,24985.759894559975,146.24010544002522,146.24010544002522,21386.168439109693
2001-10-14 11:00:00,25590.0,25302.413585386174,287.5864146138265,287.5864146138265,82705.94587043571
2001-10-14 12:00:00,25871.0,25733.211386647912,137.78861335208785,137.78861335208785,18985.70196949116
2001-10-14 13:00:00,25881.0,25701.69379655958,179.3062034404211,179.3062034404211,32150.714592217675
2001-10-14 14:00:00,25688.0,25673.041163457066,14.958836542933568,14.958836542933568,223.7667907182047
2001-10-14 15:00:00,25729.0,25490.387856666326,238.61214333367388,238.61214333367388,56935.75494628973
2001-10-14 16:00:00,26123.0,26263.04246479426,-140.04246479426,140.04246479426,19611.891945651554
2001-10-14 17:00:00,26800.0,27002.19074139966,-202.1907413996596,202.1907413996596,40881.09590774402
2001-10-14 18:00:00,28474.0,27456.034305065594,1017.9656949344062,1017.9656949344062,1036254.1560632886
2001-10-14 19:00:00,29442.0,28999.271480770338,442.7285192296622,442.7285192296622,196008.54173928936
2001-10-14 20:00:00,28755.0,28962.846496335107,-207.84649633510708,207.84649633510708,43200.16603877968
2001-10-14 21:00:00,27397.0,27540.82745291531,-143.82745291530955,143.82745291530955,20686.336212105587
2001-10-14 22:00:00,25467.0,25489.341524711785,-22.341524711784587,22.341524711784587,499.1437264472814
2001-10-14 23:00:00,23303.0,23577.413271493435,-274.4132714934349,274.4132714934349,75302.6435717296
2001-10-15 00:00:00,21834.0,21740.838567927338,93.16143207266214,93.16143207266214,8679.05242582924
2001-10-15 01:00:00,20747.0,20864.68962148204,-117.68962148204082,117.68962148204082,13850.847004586045
2001-10-15 02:00:00,20256.0,20403.247892823656,-147.247892823656,147.247892823656,21681.941941006884
2001-10-15 03:00:00,20106.0,20195.469353963537,-89.46935396353729,89.46935396353729,8004.7652986527255
2001-10-15 04:00:00,20455.0,20577.68412202906,-122.68412202905893,122.68412202905893,15051.393798041021
2001-10-15 05:00:00,22409.0,22265.81227545317,143.1877245468313,143.1877245468313,20502.724460899237
2001-10-15 06:00:00,26346.0,26161.317085249648,184.6829147503522,184.6829147503522,34107.77900068586
2001-10-15 07:00:00,28682.0,29111.609277922274,-429.6092779222745,429.6092779222745,184564.13167689808
2001-10-15 08:00:00,29388.0,29476.881905982915,-88.88190598291476,88.88190598291476,7899.993211155698
2001-10-15 09:00:00,30197.0,29930.963770879604,266.03622912039646,266.03622912039646,70775.27520460008
2001-10-15 10:00:00,30724.0,30913.54950065623,-189.54950065623052,189.54950065623052,35929.01319902633
2001-10-15 11:00:00,30907.0,30939.016891129526,-32.0168911295259,32.0168911295259,1025.0813175999144
2001-10-15 12:00:00,30993.0,30716.03403762445,276.9659623755506,276.9659623755506,76710.14431461491
2001-10-15 13:00:00,30901.0,30980.743853401433,-79.74385340143272,79.74385340143272,6359.082155309192
2001-10-15 14:00:00,30849.0,30661.233094316056,187.76690568394406,187.76690568394406,35256.410870123145
2001-10-15 15:00:00,30644.0,30645.03854487592,-1.0385448759188876,1.0385448759188876,1.0785754592973775
2001-10-15 16:00:00,30527.0,30782.0423074841,-255.04230748409827,255.04230748409827,65046.57860681333
2001-10-15 17:00:00,30390.0,31110.465442764253,-720.4654427642527,720.4654427642527,519070.4542174906
2001-10-15 18:00:00,31081.0,30976.23229004453,104.76770995547122,104.76770995547122,10976.273049313742
2001-10-15 19:00:00,32262.0,31921.924976693856,340.07502330614443,340.07502330614443,115651.02147667468
2001-10-15 20:00:00,31225.0,31681.91537492991,-456.9153749299112,456.9153749299112,208771.65984734133
2001-10-15 21:00:00,29394.0,29547.847075587117,-153.8470755871167,153.8470755871167,23668.922666708
2001-10-15 22:00:00,26555.0,26743.299460310114,-188.29946031011423,188.29946031011423,35456.686753080285
2001-10-15 23:00:00,24272.0,24138.22541531317,133.77458468683108,133.77458468683108,17895.63950813414
2001-10-16 00:00:00,22522.0,22467.898857978853,54.1011420211471,54.1011420211471,2926.9335679923283
2001-10-16 01:00:00,21464.0,21541.148578511416,-77.14857851141642,77.14857851141642,5951.903166332183
2001-10-16 02:00:00,21049.0,21060.470715322695,-11.470715322695469,11.470715322695469,131.5773100143206
2001-10-16 03:00:00,20901.0,20863.513609503596,37.486390496404056,37.486390496404056,1405.2294724488922
2001-10-16 04:00:00,21421.0,21301.189643619717,119.81035638028334,119.81035638028334,14354.5214959705
2001-10-16 05:00:00,23422.0,23428.746284662055,-6.746284662054677,6.746284662054677,45.512356741474186
2001-10-16 06:00:00,27601.0,27301.065061870133,299.9349381298671,299.9349381298671,89960.96711096719
2001-10-16 07:00:00,29751.0,29866.567086154784,-115.56708615478419,115.56708615478419,13355.751402307313
2001-10-16 08:00:00,30035.0,30105.643294082136,-70.64329408213598,70.64329408213598,4990.474998775148
2001-10-16 09:00:00,30165.0,30228.158965083,-63.1589650829992,63.1589650829992,3989.0548703555123
2001-10-16 10:00:00,30737.0,30487.81634260913,249.18365739086948,249.18365739086948,62092.49511069022
2001-10-16 11:00:00,30900.0,30936.15255394991,-36.152553949908906,36.152553949908906,1307.007157101074
2001-10-16 12:00:00,30725.0,30828.007473124875,-103.0074731248751,103.0074731248751,10610.539519571867
2001-10-16 13:00:00,30717.0,30687.385146571985,29.614853428014612,29.614853428014612,877.0395435627888
2001-10-16 14:00:00,30613.0,30565.48897331925,47.51102668074964,47.51102668074964,2257.2976562589038
2001-10-16 15:00:00,30565.0,30424.183155596278,140.81684440372192,140.81684440372192,19829.38366782203
2001-10-16 16:00:00,30342.0,30721.940150613606,-379.9401506136055,379.9401506136055,144354.51804828923
2001-10-16 17:00:00,30729.0,30321.44381289809,407.556187101909,407.556187101909,166102.04564504628
2001-10-16 18:00:00,31848.0,31696.458069577882,151.54193042211773,151.54193042211773,22964.95667606197
2001-10-16 19:00:00,32357.0,32225.148572417842,131.85142758215807,131.85142758215807,17384.798955453072
2001-10-16 20:00:00,31319.0,31536.47648076947,-217.47648076947007,217.47648076947007,47296.01968787369
2001-10-16 21:00:00,29453.0,29525.62911221844,-72.62911221844115,72.62911221844115,5274.987941638918
2001-10-16 22:00:00,26729.0,26718.639061525766,10.36093847423399,10.36093847423399,107.34904606686216
2001-10-16 23:00:00,24265.0,24237.775775492806,27.224224507193867,27.224224507193867,741.1584000180951
2001-10-17 00:00:00,22658.0,22423.536126461793,234.46387353820683,234.46387353820683,54973.30799454024
2001-10-17 01:00:00,21618.0,21763.775893458176,-145.77589345817614,145.77589345817614,21250.61111352952
2001-10-17 02:00:00,21228.0,21261.638593014937,-33.638593014937214,33.638593014937214,1131.5549400245827
2001-10-17 03:00:00,21146.0,21059.217983882336,86.78201611766417,86.78201611766417,7531.118321446524
2001-10-17 04:00:00,21764.0,21596.31139443658,167.68860556342042,167.68860556342042,28119.468435804396
2001-10-17 05:00:00,23626.0,23704.750262203917,-78.75026220391737,78.75026220391737,6201.603797185737
2001-10-17 06:00:00,27746.0,27543.038473647375,202.9615263526248,202.9615263526248,41193.38117938721
2001-10-17 07:00:00,30189.0,29925.05319052007,263.9468094799304,263.9468094799304,69667.91823463466
2001-10-17 08:00:00,30350.0,30722.92223018669,-372.9222301866903,372.9222301866903,139070.9897674148
2001-10-17 09:00:00,30452.0,30602.65465620989,-150.65465620988834,150.65465620988834,22696.82543771965
2001-10-17 10:00:00,30691.0,30634.55606884916,56.44393115083949,56.44393115083949,3185.9173637607087
2001-10-17 11:00:00,30505.0,30686.319358928013,-181.31935892801266,181.31935892801266,32876.709922065485
2001-10-17 12:00:00,30335.0,30408.58490536552,-73.58490536551835,73.58490536551835,5414.738297652291
2001-10-17 13:00:00,30114.0,30361.27327725528,-247.27327725528085,247.27327725528085,61144.07364456699
2001-10-17 14:00:00,29854.0,29958.208619565004,-104.20861956500448,104.20861956500448,10859.436391643834
2001-10-17 15:00:00,29914.0,29711.54484407922,202.45515592077936,202.45515592077936,40988.090158907085
2001-10-17 16:00:00,29835.0,29918.849852977717,-83.84985297771709,83.84985297771709,7030.797844384771
2001-10-17 17:00:00,30102.0,30160.992816533253,-58.99281653325306,58.99281653325306,3480.152402526056
2001-10-17 18:00:00,31408.0,31308.516268275467,99.48373172453284,99.48373172453284,9897.012877838823
2001-10-17 19:00:00,32405.0,32272.528108428764,132.47189157123648,132.47189157123648,17548.802056461434
2001-10-17 20:00:00,31584.0,31334.344747007137,249.6552529928631,249.6552529928631,62327.74534693048
2001-10-17 21:00:00,29962.0,29876.677867380688,85.32213261931247,85.32213261931247,7279.866314707545
2001-10-17 22:00:00,27801.0,27336.62980084012,464.3701991598791,464.3701991598791,215639.6818677858
2001-10-17 23:00:00,25351.0,25251.020223450152,99.97977654984788,99.97977654984788,9995.955718957513
2001-10-18 00:00:00,23558.0,23319.147629018375,238.85237098162543,238.85237098162543,57050.45512354402
2001-10-18 01:00:00,22697.0,22422.01175501823,274.98824498177055,274.98824498177055,75618.53487815426
2001-10-18 02:00:00,22403.0,22118.140438928796,284.85956107120364,284.85956107120364,81144.9695336788
2001-10-18 03:00:00,22353.0,22141.28619906416,211.71380093583866,211.71380093583866,44822.73350669992
2001-10-18 04:00:00,22947.0,22972.23467040768,-25.234670407680824,25.234670407680824,636.7885905842822
2001-10-18 05:00:00,24943.0,24953.63348102144,-10.633481021439366,10.633481021439366,113.07091863331118
2001-10-18 06:00:00,29323.0,28790.507917688337,532.4920823116627,532.4920823116627,283547.8177246105
2001-10-18 07:00:00,31170.0,31257.546950047938,-87.54695004793757,87.54695004793757,7664.468462696076
2001-10-18 08:00:00,31356.0,31288.481656853975,67.51834314602456,67.51834314602456,4558.726661184322
2001-10-18 09:00:00,31237.0,31283.014698356306,-46.014698356306326,46.014698356306326,2117.35246482186
2001-10-18 10:00:00,30908.0,31270.13302925179,-362.1330292517887,362.1330292517887,131140.33087507685
2001-10-18 11:00:00,30672.0,30660.098020691836,11.9019793081643,11.9019793081643,141.65711145197116
2001-10-18 12:00:00,30511.0,30322.002573897167,188.99742610283283,188.99742610283283,35720.02707349576
2001-10-18 13:00:00,30302.0,30348.693990456977,-46.69399045697719,46.69399045697719,2180.328744796277
2001-10-18 14:00:00,29952.0,30045.818522511243,-93.81852251124292,93.81852251124292,8801.915166192593
2001-10-18 15:00:00,29434.0,29637.855262860245,-203.8552628602447,203.8552628602447,41556.968195819456
2001-10-18 16:00:00,29506.0,29394.69258931342,111.3074106865788,111.3074106865788,12389.339673750717
2001-10-18 17:00:00,29722.0,30014.563239333267,-292.5632393332671,292.5632393332671,85593.24900917454
2001-10-18 18:00:00,31075.0,30886.58885132198,188.41114867802025,188.41114867802025,35498.76094617105
2001-10-18 19:00:00,32384.0,31579.796646645013,804.2033533549875,804.2033533549875,646743.0335474069
2001-10-18 20:00:00,31660.0,31397.013079054304,262.9869209456956,262.9869209456956,69162.12058849755
2001-10-18 21:00:00,30284.0,30036.590468229613,247.40953177038682,247.40953177038682,61211.47641084204
2001-10-18 22:00:00,27823.0,27668.386376191032,154.61362380896753,154.61362380896753,23905.372667340933
2001-10-18 23:00:00,25551.0,25305.312188458767,245.6878115412328,245.6878115412328,60362.500739920324
2001-10-19 00:00:00,23911.0,23660.584113083947,250.41588691605284,250.41588691605284,62708.11641995337
2001-10-19 01:00:00,22889.0,22964.017882163895,-75.01788216389468,75.01788216389468,5627.682644355988
2001-10-19 02:00:00,22603.0,22473.140138639843,129.85986136015708,129.85986136015708,16863.58359247922
2001-10-19 03:00:00,22647.0,22369.717442393216,277.2825576067844,277.2825576067844,76885.6167529597
2001-10-19 04:00:00,23198.0,23209.861355283196,-11.861355283195735,11.861355283195735,140.69174915419538
2001-10-19 05:00:00,25107.0,25075.798548235474,31.2014517645257,31.2014517645257,973.530592214024
2001-10-19 06:00:00,29065.0,28848.83421331209,216.16578668791044,216.16578668791044,46727.6473344032
2001-10-19 07:00:00,31338.0,30971.49832485945,366.5016751405492,366.5016751405492,134323.47788082866
2001-10-19 08:00:00,31420.0,31399.698217668327,20.301782331673166,20.301782331673166,412.16236584263675
2001-10-19 09:00:00,31212.0,31326.227913640418,-114.22791364041768,114.22791364041768,13048.01625464272
2001-10-19 10:00:00,31200.0,31189.37590859662,10.62409140338059,10.62409140338059,112.87131814738534
2001-10-19 11:00:00,30895.0,31022.98227287465,-127.98227287465124,127.98227287465124,16379.46217016169
2001-10-19 12:00:00,30356.0,30442.292651657957,-86.29265165795732,86.29265165795732,7446.4217301615645
2001-10-19 13:00:00,29979.0,30031.650722490034,-52.65072249003424,52.65072249003424,2772.0985787225973
2001-10-19 14:00:00,29614.0,29538.82781359586,75.17218640413921,75.17218640413921,5650.857608778652
2001-10-19 15:00:00,29137.0,29108.73321122714,28.26678877286031,28.26678877286031,799.0113475295016
2001-10-19 16:00:00,28835.0,28861.952563617888,-26.95256361788779,26.95256361788779,726.4406855762886
2001-10-19 17:00:00,28651.0,29044.416819609327,-393.4168196093269,393.4168196093269,154776.79395151767
2001-10-19 18:00:00,29988.0,29598.891010562358,389.10898943764187,389.10898943764187,151405.80566118288
2001-10-19 19:00:00,30514.0,31177.803428959116,-663.803428959116,663.803428959116,440634.9922978802
2001-10-19 20:00:00,29645.0,29691.10287416958,-46.1028741695809,46.1028741695809,2125.4750066962097
2001-10-19 21:00:00,28371.0,28552.589970493886,-181.58997049388563,181.58997049388563,32974.917383970256
2001-10-19 22:00:00,26469.0,26435.225023722225,33.77497627777484,33.77497627777484,1140.7490225642532
2001-10-19 23:00:00,24327.0,24295.192964721988,31.807035278012336,31.807035278012336,1011.6874931767213
2001-10-20 00:00:00,22385.0,22433.330417225745,-48.330417225744895,48.330417225744895,2335.829229214579
2001-10-20 01:00:00,21388.0,21265.250251243106,122.7497487568944,122.7497487568944,15067.500819880699
2001-10-20 02:00:00,20872.0,20917.809342229855,-45.80934222985525,45.80934222985525,2098.495835531999
2001-10-20 03:00:00,20652.0,20578.262647596897,73.7373524031027,73.7373524031027,5437.197139419356
2001-10-20 04:00:00,20747.0,20854.350867579327,-107.35086757932731,107.35086757932731,11524.208770034269
2001-10-20 05:00:00,21293.0,21356.1441795481,-63.14417954810051,63.14417954810051,3987.1874108027546
2001-10-20 06:00:00,22627.0,22329.498654395942,297.50134560405786,297.50134560405786,88507.05063622507
2001-10-20 07:00:00,23931.0,23924.61321094343,6.386789056570706,6.386789056570706,40.79107445313132
2001-10-20 08:00:00,25577.0,25352.457360252778,224.54263974722198,224.54263974722198,50419.397064650715
2001-10-20 09:00:00,26605.0,26932.26217719281,-327.26217719280976,327.26217719280976,107100.53262097802
2001-10-20 10:00:00,26887.0,26857.231599061146,29.76840093885403,29.76840093885403,886.1576944563654
2001-10-20 11:00:00,26729.0,26605.763201013837,123.2367989861632,123.2367989861632,15187.308624355994
2001-10-20 12:00:00,26392.0,26197.903891399397,194.09610860060275,194.09610860060275,37673.299373896974
2001-10-20 13:00:00,25830.0,25954.181560012432,-124.18156001243187,124.18156001243187,15421.05984712122
2001-10-20 14:00:00,25287.0,25330.692158092505,-43.69215809250454,43.69215809250454,1909.0046787804101
2001-10-20 15:00:00,24984.0,24933.350401024978,50.649598975021945,50.649598975021945,2565.381876330544
2001-10-20 16:00:00,24937.0,25125.726205689603,-188.72620568960338,188.72620568960338,35617.58071399448
2001-10-20 17:00:00,25161.0,25766.041678987272,-605.0416789872725,605.0416789872725,366075.43331173767
2001-10-20 18:00:00,26603.0,26436.578631092827,166.42136890717302,166.42136890717302,27696.072028937375
2001-10-20 19:00:00,27604.0,27370.043432172977,233.9565678270228,233.9565678270228,54735.67562940032
2001-10-20 20:00:00,26823.0,27273.570093131,-450.57009313099843,450.57009313099843,203013.40882407659
2001-10-20 21:00:00,25707.0,25781.3063725216,-74.30637252160159,74.30637252160159,5521.436997319028
2001-10-20 22:00:00,24247.0,24225.06249634998,21.937503650020517,21.937503650020517,481.2540663946635
2001-10-20 23:00:00,22632.0,22545.831162652295,86.16883734770454,86.16883734770454,7425.068529855161
2001-10-21 00:00:00,21137.0,21122.379998415716,14.620001584284182,14.620001584284182,213.744446324472
2001-10-21 01:00:00,20035.0,20218.482005290163,-183.48200529016322,183.48200529016322,33665.64626529948
2001-10-21 02:00:00,19423.0,19606.674448222955,-183.6744482229551,183.6744482229551,33736.30293000702
2001-10-21 03:00:00,19274.0,19168.5918244889,105.40817551110013,105.40817551110013,11110.883464578888
2001-10-21 04:00:00,19121.0,19198.37007766298,-77.3700776629812,77.3700776629812,5986.128917575743
2001-10-21 05:00:00,19618.0,19554.85730767127,63.14269232872903,63.14269232872903,3986.9995945205355
2001-10-21 06:00:00,20573.0,20277.562738023236,295.4372619767637,295.4372619767637,87283.17576432691
2001-10-21 07:00:00,21453.0,21552.344348308536,-99.3443483085357,99.3443483085357,9869.29954084766
2001-10-21 08:00:00,22957.0,23051.317273854915,-94.31727385491467,94.31727385491467,8895.748147422972
2001-10-21 09:00:00,24008.0,24163.891805672698,-155.89180567269796,155.89180567269796,24302.255075894223
2001-10-21 10:00:00,24348.0,24729.602295152865,-381.6022951528648,381.6022951528648,145620.31166593416
2001-10-21 11:00:00,24622.0,24756.046553866647,-134.04655386664672,134.04655386664672,17968.47860352382
2001-10-21 12:00:00,24750.0,24720.60775081375,29.39224918625041,29.39224918625041,863.9043122266379
2001-10-21 13:00:00,24631.0,24701.13178518157,-70.13178518156928,70.13178518156928,4918.467292753781
2001-10-21 14:00:00,24449.0,24447.52794206055,1.4720579394488595,1.4720579394488595,2.166954577094422
2001-10-21 15:00:00,24439.0,24286.082648971533,152.91735102846724,152.91735102846724,23383.71624556347
2001-10-21 16:00:00,24909.0,24984.367147786714,-75.36714778671376,75.36714778671376,5680.206965504352
2001-10-21 17:00:00,25757.0,26243.70836075809,-486.70836075808984,486.70836075808984,236885.0284318269
2001-10-21 18:00:00,27549.0,27086.51679958077,462.4832004192285,462.4832004192285,213890.7106700123
2001-10-21 19:00:00,28977.0,28347.606597181064,629.393402818936,629.393402818936,396136.05551199947
2001-10-21 20:00:00,28293.0,28348.887879040685,-55.88787904068522,55.88787904068522,3123.455023666262
2001-10-21 21:00:00,26884.0,26907.825264481125,-23.825264481125487,23.825264481125487,567.6432275955797
2001-10-21 22:00:00,24967.0,25052.506241902698,-85.5062419026981,85.5062419026981,7311.317404322724
2001-10-21 23:00:00,22883.0,23142.79546548601,-259.7954654860114,259.7954654860114,67493.68388709333
2001-10-22 00:00:00,21427.0,21455.70528276324,-28.705282763239666,28.705282763239666,823.9932585175443
2001-10-22 01:00:00,20502.0,20685.93663924957,-183.93663924956854,183.93663924956854,33832.68725842592
2001-10-22 02:00:00,20116.0,20211.468585541435,-95.46858554143546,95.46858554143546,9114.250825282379
2001-10-22 03:00:00,19974.0,20118.49650364796,-144.4965036479589,144.4965036479589,20879.239566484597
2001-10-22 04:00:00,20632.0,20754.384551730513,-122.38455173051261,122.38455173051261,14977.978502278518
2001-10-22 05:00:00,22472.0,22593.666050433156,-121.66605043315576,121.66605043315576,14802.6278280032
2001-10-22 06:00:00,26347.0,26256.684692593135,90.31530740686503,90.31530740686503,8156.85475199653
2001-10-22 07:00:00,29009.0,29033.774918712632,-24.774918712631916,24.774918712631916,613.7965972175191
2001-10-22 08:00:00,29660.0,29671.130082836688,-11.130082836687507,11.130082836687507,123.87874395152582
2001-10-22 09:00:00,30252.0,29996.20798376827,255.7920162317314,255.7920162317314,65429.555567894335
2001-10-22 10:00:00,31169.0,30654.83693949622,514.163060503779,514.163060503779,264363.6527866127
2001-10-22 11:00:00,31534.0,31340.74811023844,193.25188976155914,193.25188976155914,37346.292896413805
2001-10-22 12:00:00,31734.0,31365.63935448953,368.36064551047093,368.36064551047093,135689.56516089084
2001-10-22 13:00:00,32060.0,31830.086449432227,229.9135505677732,229.9135505677732,52860.24073468
2001-10-22 14:00:00,32007.0,31857.776761709447,149.22323829055313,149.22323829055313,22267.5748459192
2001-10-22 15:00:00,31883.0,31609.23872797085,273.76127202915086,273.76127202915086,74945.23406301874
2001-10-22 16:00:00,31811.0,32017.386397522976,-206.38639752297604,206.38639752297604,42595.34508251189
2001-10-22 17:00:00,31857.0,31954.60757214218,-97.60757214218029,97.60757214218029,9527.23813949093
2001-10-22 18:00:00,32891.0,32018.637740523372,872.3622594766275,872.3622594766275,761015.9117591667
2001-10-22 19:00:00,33334.0,33048.85210521006,285.1478947899377,285.1478947899377,81309.32190313339
2001-10-22 20:00:00,32141.0,32748.930665565906,-607.9306655659057,607.9306655659057,369579.694135405
2001-10-22 21:00:00,30410.0,30376.548220023175,33.45177997682549,33.45177997682549,1119.021583617943
2001-10-22 22:00:00,27341.0,27725.75406273377,-384.7540627337694,384.7540627337694,148035.68879014134
2001-10-22 23:00:00,24708.0,24772.610201905238,-64.61020190523777,64.61020190523777,4174.478190235591
2001-10-23 00:00:00,22820.0,22851.414733143152,-31.41473314315226,31.41473314315226,986.8854584554691
2001-10-23 01:00:00,21756.0,21829.007474346825,-73.00747434682489,73.00747434682489,5330.091310502295
2001-10-23 02:00:00,21208.0,21232.67138795129,-24.671387951289944,24.671387951289944,608.6773834430546
2001-10-23 03:00:00,20987.0,21003.689869360303,-16.68986936030342,16.68986936030342,278.5517392639949
2001-10-23 04:00:00,21394.0,21320.316983732107,73.68301626789253,73.68301626789253,5429.186886334514
2001-10-23 05:00:00,23232.0,23379.331270569255,-147.33127056925514,147.33127056925514,21706.503287551066
2001-10-23 06:00:00,27107.0,27134.75889613476,-27.758896134761017,27.758896134761017,770.55631462045
2001-10-23 07:00:00,29650.0,29726.130100297174,-76.13010029717407,76.13010029717407,5795.792171257783
2001-10-23 08:00:00,30107.0,30460.063297186483,-353.0632971864834,353.0632971864834,124653.69182019109
2001-10-23 09:00:00,30643.0,30594.487454192997,48.512545807003335,48.512545807003335,2353.4671006765966
2001-10-23 10:00:00,31191.0,31097.195830322464,93.80416967753627,93.80416967753627,8799.222248892014
2001-10-23 11:00:00,31435.0,31507.524654467903,-72.52465446790302,72.52465446790302,5259.825505688726
2001-10-23 12:00:00,31564.0,31569.781466114047,-5.781466114047362,5.781466114047362,33.4253504278779
2001-10-23 13:00:00,31682.0,31656.95568535405,25.04431464595109,25.04431464595109,627.2176960854002
2001-10-23 14:00:00,31572.0,31736.308969592308,-164.30896959230813,164.30896959230813,26997.437488486037
2001-10-23 15:00:00,31740.0,31503.124171636515,236.8758283634852,236.8758283634852,56110.1580628873
2001-10-23 16:00:00,31623.0,32155.17723542823,-532.1772354282293,532.1772354282293,283212.60990803305
2001-10-23 17:00:00,31556.0,31845.77796798713,-289.777967987131,289.777967987131,83971.27073075071
2001-10-23 18:00:00,32973.0,32100.09053998072,872.9094600192802,872.9094600192802,761970.9253911513
2001-10-23 19:00:00,33387.0,32999.75219570156,387.2478042984367,387.2478042984367,149960.86193396032
2001-10-23 20:00:00,32444.0,32838.5220162396,-394.5220162395999,394.5220162395999,155647.62129775912
2001-10-23 21:00:00,30558.0,30820.271471489035,-262.2714714890353,262.2714714890353,68786.32475702386
2001-10-23 22:00:00,27604.0,27870.669829693466,-266.66982969346645,266.66982969346645,71112.7980687424
2001-10-23 23:00:00,25145.0,25008.736585168972,136.26341483102806,136.26341483102806,18567.718221412837
2001-10-24 00:00:00,23459.0,23232.037029808736,226.9629701912636,226.9629701912636,51512.18983804041
2001-10-24 01:00:00,22258.0,22290.21238454311,-32.21238454310878,32.21238454310878,1037.6377179531137
2001-10-24 02:00:00,21762.0,21820.233322567747,-58.233322567746654,58.233322567746654,3391.119857279232
2001-10-24 03:00:00,21522.0,21493.262018941874,28.737981058126024,28.737981058126024,825.8715552972102
2001-10-24 04:00:00,21851.0,21844.00116475497,6.998835245030932,6.998835245030932,48.98369478708719
2001-10-24 05:00:00,23831.0,23740.65625292564,90.34374707435927,90.34374707435927,8161.9926354357995
2001-10-24 06:00:00,27686.0,27728.64418601653,-42.64418601652869,42.64418601652869,1818.5266010123012
2001-10-24 07:00:00,30267.0,30168.92913612546,98.07086387453819,98.07086387453819,9617.8943410982
2001-10-24 08:00:00,30738.0,30918.981430622625,-180.98143062262534,180.98143062262534,32754.27823021215
2001-10-24 09:00:00,31432.0,31085.764877486818,346.23512251318243,346.23512251318243,119878.76006171845
2001-10-24 10:00:00,32379.0,31884.9922503274,494.00774967260077,494.00774967260077,244043.65673658697
2001-10-24 11:00:00,32851.0,32403.95834424022,447.0416557597782,447.0416557597782,199846.24198444406
2001-10-24 12:00:00,33179.0,32933.030495691055,245.96950430894503,245.96950430894503,60500.99704998813
2001-10-24 13:00:00,33667.0,33471.71825250398,195.2817474960175,195.2817474960175,38134.960905098334
2001-10-24 14:00:00,33943.0,33901.941782880975,41.05821711902536,41.05821711902536,1685.777192993027
2001-10-24 15:00:00,33888.0,33964.029978215905,-76.02997821590543,76.02997821590543,5780.557587511054
2001-10-24 16:00:00,33805.0,33754.93352399016,50.06647600983706,50.06647600983706,2506.65202004359
2001-10-24 17:00:00,33351.0,34006.43630455587,-655.4363045558712,655.4363045558712,429596.7493298567
2001-10-24 18:00:00,34403.0,33358.65192837683,1044.3480716231716,1044.3480716231716,1090662.894703037
2001-10-24 19:00:00,34789.0,34382.21414086528,406.7858591347176,406.7858591347176,165474.7351919703
2001-10-24 20:00:00,33626.0,34317.819949296914,-691.8199492969143,691.8199492969143,478614.84224518505
2001-10-24 21:00:00,31734.0,31652.694058712485,81.30594128751545,81.30594128751545,6610.65608864891
2001-10-24 22:00:00,28837.0,29181.877310534543,-344.87731053454263,344.87731053454263,118940.35932153935
2001-10-24 23:00:00,25994.0,26153.36266912355,-159.3626691235513,159.3626691235513,25396.460310182494
2001-10-25 00:00:00,24002.0,23964.64734421403,37.352655785969546,37.352655785969546,1395.2208942651241
2001-10-25 01:00:00,22907.0,22960.50355981693,-53.50355981693065,53.50355981693065,2862.630913083876
2001-10-25 02:00:00,22211.0,22301.44703461162,-90.44703461162135,90.44703461162135,8180.66607003583
2001-10-25 03:00:00,21915.0,22036.53502789331,-121.53502789331105,121.53502789331105,14770.763005027895
2001-10-25 04:00:00,22360.0,22277.118944900907,82.88105509909292,82.88105509909292,6869.2692943388765
2001-10-25 05:00:00,24291.0,24122.932261908183,168.06773809181686,168.06773809181686,28246.76458729955
2001-10-25 06:00:00,28380.0,28027.403662871464,352.5963371285361,352.5963371285361,124324.17695646029
2001-10-25 07:00:00,30806.0,30653.503948147736,152.49605185226392,152.49605185226392,23255.045830528365
2001-10-25 08:00:00,31372.0,31748.590501070616,-376.5905010706156,376.5905010706156,141820.4054966173
2001-10-25 09:00:00,32198.0,31776.67578568404,421.32421431595867,421.32421431595867,177514.09356895988
2001-10-25 10:00:00,33025.0,32548.901101474577,476.09889852542256,476.09889852542256,226670.1611771206
2001-10-25 11:00:00,32992.0,33315.30415798578,-323.3041579857818,323.3041579857818,104525.57857089535
2001-10-25 12:00:00,32370.0,32825.86736430814,-455.867364308142,455.867364308142,207815.05384125226
2001-10-25 13:00:00,32286.0,32186.567927888158,99.43207211184199,99.43207211184199,9886.736964454545
2001-10-25 14:00:00,31800.0,32153.231063118805,-353.23106311880474,353.23106311880474,124772.18395204101
2001-10-25 15:00:00,31396.0,31564.84406283799,-168.84406283799035,168.84406283799035,28508.317555639234
2001-10-25 16:00:00,31053.0,31193.59376328439,-140.59376328438884,140.59376328438884,19766.606274466765
2001-10-25 17:00:00,30720.0,31529.899344427788,-809.8993444277876,809.8993444277876,655936.9481045601
2001-10-25 18:00:00,31731.0,30975.604243594258,755.3957564057418,755.3957564057418,570622.7487958028
2001-10-25 19:00:00,32365.0,32872.983138493575,-507.9831384935751,507.9831384935751,258046.8689937827
2001-10-25 20:00:00,31138.0,31946.952009812307,-808.9520098123066,808.9520098123066,654403.3541793702
2001-10-25 21:00:00,29491.0,29379.15594510074,111.84405489925848,111.84405489925848,12509.092616308346
2001-10-25 22:00:00,26839.0,27229.425038109002,-390.42503810900234,390.42503810900234,152431.71038241594
2001-10-25 23:00:00,24379.0,24498.38723215293,-119.38723215293066,119.38723215293066,14253.311201137762
2001-10-26 00:00:00,22512.0,22507.970360533334,4.029639466665685,4.029639466665685,16.237994231309706
2001-10-26 01:00:00,21506.0,21606.945606084602,-100.94560608460233,100.94560608460233,10190.015387787704
2001-10-26 02:00:00,20923.0,21105.992967256658,-182.99296725665772,182.99296725665772,33486.426065396205
2001-10-26 03:00:00,20868.0,20719.87120629843,148.12879370156952,148.12879370156952,21942.139523482143
2001-10-26 04:00:00,21348.0,21289.359640400664,58.64035959933608,58.64035959933608,3438.691773939447
2001-10-26 05:00:00,23000.0,22993.93227427038,6.067725729619269,6.067725729619269,36.817295529883694
2001-10-26 06:00:00,26845.0,26657.72173746344,187.27826253656167,187.27826253656167,35073.147618713316
2001-10-26 07:00:00,29597.0,29194.2303597662,402.7696402338006,402.7696402338006,162223.38309406518
2001-10-26 08:00:00,30123.0,30137.74806210383,-14.748062103830307,14.748062103830307,217.5053358184356
2001-10-26 09:00:00,30356.0,30653.83191668136,-297.83191668135987,297.83191668135987,88703.8505940925
2001-10-26 10:00:00,30670.0,30869.789541618735,-199.7895416187348,199.7895416187348,39915.860940224164
2001-10-26 11:00:00,30286.0,30536.543122453175,-250.54312245317487,250.54312245317487,62771.85620858658
2001-10-26 12:00:00,29882.0,29967.028535863417,-85.02853586341735,85.02853586341735,7229.85191107645
2001-10-26 13:00:00,29708.0,29869.920224879654,-161.9202248796537,161.9202248796537,26218.15922507762
2001-10-26 14:00:00,29469.0,29426.616892375492,42.38310762450783,42.38310762450783,1796.3278119106137
2001-10-26 15:00:00,29037.0,29047.752280499953,-10.752280499953486,10.752280499953486,115.61153594967998
2001-10-26 16:00:00,28859.0,28704.628392010836,154.37160798916375,154.37160798916375,23830.593353160046
2001-10-26 17:00:00,29337.0,28706.387343044073,630.6126569559274,630.6126569559274,397672.32311301416
2001-10-26 18:00:00,30858.0,29960.595306400464,897.4046935995357,897.4046935995357,805335.1840944765
2001-10-26 19:00:00,31204.0,31010.64430429122,193.3556957087785,193.3556957087785,37386.42506302575
2001-10-26 20:00:00,30324.0,30191.91209897279,132.08790102721105,132.08790102721105,17447.213597774302
2001-10-26 21:00:00,29235.0,28947.7332162848,287.2667837152003,287.2667837152003,82522.20502607567
2001-10-26 22:00:00,27402.0,26907.491300415564,494.5086995844358,494.5086995844358,244538.8539646898
2001-10-26 23:00:00,25469.0,25055.184972748077,413.8150272519233,413.8150272519233,171242.87677951003
2001-10-27 00:00:00,23470.0,23243.16528970687,226.83471029312932,226.83471029312932,51453.98579376791
2001-10-27 01:00:00,22519.0,22108.860844568557,410.1391554314432,410.1391554314432,168214.12681801754
2001-10-27 02:00:00,21854.0,21760.88648061158,93.11351938841835,93.11351938841835,8670.12749289736
2001-10-27 03:00:00,21670.0,21530.116304813444,139.883695186556,139.883695186556,19567.44817904531
2001-10-27 04:00:00,21638.0,21540.630754488873,97.36924551112679,97.36924551112679,9480.769971406085
2001-10-27 05:00:00,22243.0,22401.264396419087,-158.26439641908655,158.26439641908655,25047.619173897776
2001-10-27 06:00:00,23558.0,23985.22519034265,-427.22519034265133,427.22519034265133,182521.36326331465
2001-10-27 07:00:00,24919.0,24967.72043096787,-48.720430967870925,48.720430967870925,2373.6803936950764
2001-10-27 08:00:00,26468.0,26704.469180030886,-236.4691800308865,236.4691800308865,55917.67310447981
2001-10-27 09:00:00,27531.0,27642.040817619105,-111.04081761910493,111.04081761910493,12330.063177519323
2001-10-27 10:00:00,27910.0,28125.4510068856,-215.45100688559978,215.45100688559978,46419.136368018764
2001-10-27 11:00:00,27625.0,27853.69100726467,-228.6910072646715,228.6910072646715,52299.57680373003
2001-10-27 12:00:00,26992.0,27156.695851049793,-164.69585104979342,164.69585104979342,27124.72335301574
2001-10-27 13:00:00,26589.0,26542.76593834615,46.234061653849494,46.234061653849494,2137.588457011956
2001-10-27 14:00:00,26154.0,26001.735879826734,152.26412017326584,152.26412017326584,23184.36229213874
2001-10-27 15:00:00,26158.0,25717.612817006222,440.38718299377797,440.38718299377797,193940.8709451953
2001-10-27 16:00:00,26475.0,26338.102484017458,136.89751598254225,136.89751598254225,18740.92988219041
2001-10-27 17:00:00,27260.0,27236.504990932637,23.495009067362844,23.495009067362844,552.0154510754622
2001-10-27 18:00:00,28837.0,28461.52887814017,375.4711218598313,375.4711218598313,140978.5633506803
2001-10-27 19:00:00,29082.0,29035.561087328788,46.438912671212165,46.438912671212165,2156.57261008447
2001-10-27 20:00:00,28336.0,28446.880318516276,-110.88031851627602,110.88031851627602,12294.445034270822
2001-10-27 21:00:00,27445.0,27276.001331148098,168.99866885190204,168.99866885190204,28560.550073714843
2001-10-27 22:00:00,26214.0,25760.260852651114,453.73914734888604,453.73914734888604,205879.2138368941
2001-10-27 23:00:00,24708.0,24271.290028318985,436.7099716810153,436.7099716810153,190715.59936563318
2001-10-28 00:00:00,23017.0,22827.04459146348,189.95540853651983,189.95540853651983,36083.05723227615
2001-10-28 01:00:00,22176.5,21895.787756412115,280.7122435878846,280.7122435878846,78799.36370014385
2001-10-28 02:00:00,21336.0,21358.9932186754,-22.993218675401295,22.993218675401295,528.6881050548228
2001-10-28 03:00:00,21265.0,20873.76347378203,391.2365262179701,391.2365262179701,153066.0194471044
2001-10-28 04:00:00,21519.0,21092.165600725213,426.83439927478685,426.83439927478685,182187.60440426815
2001-10-28 05:00:00,22169.0,21889.40201099064,279.59798900935857,279.59798900935857,78175.0354580774
2001-10-28 06:00:00,23124.0,23195.996210364887,-71.99621036488679,71.99621036488679,5183.454306905032
2001-10-28 07:00:00,24510.0,24247.236715834282,262.7632841657178,262.7632841657178,69044.54350555375
2001-10-28 08:00:00,25849.0,26008.089493254523,-159.0894932545234,159.0894932545234,25309.466863981048
2001-10-28 09:00:00,26447.0,26698.834013725438,-251.83401372543813,251.83401372543813,63420.37046906416
2001-10-28 10:00:00,26446.0,26987.265038098503,-541.2650380985033,541.2650380985033,292967.8414677742
2001-10-28 11:00:00,26084.0,26227.56918367265,-143.56918367265098,143.56918367265098,20612.110500431394
2001-10-28 12:00:00,25652.0,25869.1050661767,-217.10506617670035,217.10506617670035,47134.60975958944
2001-10-28 13:00:00,25211.0,25259.020171163836,-48.020171163836494,48.020171163836494,2305.9368386041538
2001-10-28 14:00:00,24883.0,24743.980297967944,139.01970203205565,139.01970203205565,19326.47755308154
2001-10-28 15:00:00,24912.0,24554.61286856435,357.3871314356511,357.3871314356511,127725.56171580336
2001-10-28 16:00:00,25864.0,25709.158089471734,154.84191052826645,154.84191052826645,23976.017256043673
2001-10-28 17:00:00,28754.0,27361.528305019627,1392.4716949803733,1392.4716949803733,1938977.4213215138
2001-10-28 18:00:00,30121.0,29759.615236506863,361.38476349313714,361.38476349313714,130598.94728499067
2001-10-28 19:00:00,29601.0,30429.984310653443,-828.9843106534427,828.9843106534427,687214.9873095636
2001-10-28 20:00:00,29127.0,29092.91327841931,34.08672158069021,34.08672158069021,1161.9045881194916
2001-10-28 21:00:00,27800.0,28027.961276636943,-227.96127663694278,227.96127663694278,51966.343645944755
2001-10-28 22:00:00,26017.0,25937.233375402644,79.76662459735599,79.76662459735599,6362.714399655517
2001-10-28 23:00:00,24427.0,23990.050959821503,436.94904017849694,436.94904017849694,190924.46371290972
2001-10-29 00:00:00,23503.0,22735.781244900627,767.2187550993731,767.2187550993731,588624.6181762319
2001-10-29 01:00:00,23024.0,22436.37383310494,587.626166895061,587.626166895061,345304.5120197821
2001-10-29 02:00:00,22998.0,22655.215477739584,342.78452226041554,342.78452226041554,117501.22870130131
2001-10-29 03:00:00,23275.0,23077.6932256721,197.3067743278989,197.3067743278989,38929.96319568042
2001-10-29 04:00:00,24193.0,24525.907825672424,-332.9078256724242,332.9078256724242,110827.6203939412
2001-10-29 05:00:00,26443.0,26620.165011387984,-177.16501138798412,177.16501138798412,31387.441260104544
2001-10-29 06:00:00,30517.0,30336.068219863853,180.9317801361467,180.9317801361467,32736.30906323493
2001-10-29 07:00:00,32120.0,32320.645680352012,-200.64568035201228,200.64568035201228,40258.689043921884
2001-10-29 08:00:00,32079.0,32273.55357472578,-194.5535747257818,194.5535747257818,37851.09343858036
2001-10-29 09:00:00,31784.0,32090.0280427898,-306.02804278979966,306.02804278979966,93653.16297375545
2001-10-29 10:00:00,31511.0,31730.70242139902,-219.70242139901893,219.70242139901893,48269.153968592094
2001-10-29 11:00:00,31124.0,31287.122038185556,-163.12203818555645,163.12203818555645,26608.799341810136
2001-10-29 12:00:00,30619.0,30675.73987506987,-56.73987506987032,56.73987506987032,3219.4134229444917
2001-10-29 13:00:00,30411.0,30334.663276651187,76.3367233488134,76.3367233488134,5827.295331633272
2001-10-29 14:00:00,30094.0,30149.126411639238,-55.12641163923763,55.12641163923763,3038.921260218674
2001-10-29 15:00:00,29783.0,29986.603041189166,-203.6030411891661,203.6030411891661,41454.19838147727
2001-10-29 16:00:00,30324.0,30148.649414902175,175.3505850978254,175.3505850978254,30747.827694149702
2001-10-29 17:00:00,32912.0,31923.332575642897,988.6674243571033,988.6674243571033,977463.2759849086
2001-10-29 18:00:00,33678.0,34189.5932114839,-511.59321148390154,511.59321148390154,261727.614036412
2001-10-29 19:00:00,32902.0,33411.83616339025,-509.8361633902532,509.8361633902532,259932.91350049296
2001-10-29 20:00:00,31774.0,31850.594181632965,-76.59418163296505,76.59418163296505,5866.66866002364
2001-10-29 21:00:00,29948.0,29982.296438700072,-34.29643870007203,34.29643870007203,1176.2457075077984
2001-10-29 22:00:00,27264.0,27346.863432089463,-82.86343208946346,82.86343208946346,6866.348377645122
2001-10-29 23:00:00,24921.0,24888.84685703298,32.15314296702127,32.15314296702127,1033.8246026577092
2001-10-30 00:00:00,23229.0,23173.88129865955,55.11870134044875,55.11870134044875,3038.071237457587
2001-10-30 01:00:00,22494.0,22257.84474934788,236.1552506521184,236.1552506521184,55769.30241056487
2001-10-30 02:00:00,22290.0,22064.968060906318,225.031939093682,225.031939093682,50639.373612262614
2001-10-30 03:00:00,22214.0,22088.040341524567,125.95965847543266,125.95965847543266,15865.835563247636
2001-10-30 04:00:00,22868.0,23181.172075540107,-313.17207554010747,313.17207554010747,98076.74889809878
2001-10-30 05:00:00,24977.0,24748.23770173059,228.76229826940835,228.76229826940835,52332.18910950175
2001-10-30 06:00:00,28675.0,28791.846546661032,-116.84654666103233,116.84654666103233,13653.115466608806
2001-10-30 07:00:00,30656.0,30805.450393720785,-149.45039372078463,149.45039372078463,22335.42018329754
2001-10-30 08:00:00,30619.0,30997.76315696615,-378.76315696614984,378.76315696614984,143461.52907496426
2001-10-30 09:00:00,30608.0,30555.06798945578,52.93201054422025,52.93201054422025,2801.7977402534434
2001-10-30 10:00:00,30666.0,30626.429463035296,39.57053696470393,39.57053696470393,1565.8273956750004
2001-10-30 11:00:00,30728.0,30496.82097486857,231.17902513143054,231.17902513143054,53443.74166071859
2001-10-30 12:00:00,30258.0,30503.52771085152,-245.52771085151835,245.52771085151835,60283.8567959868
2001-10-30 13:00:00,30145.0,30048.067124918314,96.93287508168578,96.93287508168578,9395.9822716017
2001-10-30 14:00:00,29864.0,29904.940946370752,-40.9409463707525,40.9409463707525,1676.1610897328321
2001-10-30 15:00:00,29590.0,29491.828095083947,98.17190491605288,98.17190491605288,9637.722914846529
2001-10-30 16:00:00,30010.0,29935.58957553021,74.41042446978827,74.41042446978827,5536.911269774065
2001-10-30 17:00:00,32565.0,31417.16844716195,1147.8315528380517,1147.8315528380517,1317517.2736906132
2001-10-30 18:00:00,33175.0,33133.97259295314,41.02740704685857,41.02740704685857,1683.2481289886202
2001-10-30 19:00:00,32435.0,32745.245468845864,-310.2454688458638,310.2454688458638,96252.25093938985
2001-10-30 20:00:00,31523.0,31667.371040659527,-144.37104065952735,144.37104065952735,20842.9973811149
2001-10-30 21:00:00,29764.0,29770.511303354022,-6.511303354021948,6.511303354021948,42.397071368097464
2001-10-30 22:00:00,27259.0,27148.524027143554,110.47597285644588,110.47597285644588,12204.940578578167
2001-10-30 23:00:00,25035.0,24757.003808324822,277.9961916751781,277.9961916751781,77281.88258590238
2001-10-31 00:00:00,23350.0,23157.067009230024,192.93299076997573,192.93299076997573,37223.138927447544
2001-10-31 01:00:00,22610.0,22370.226223075933,239.77377692406662,239.77377692406662,57491.464100432066
2001-10-31 02:00:00,22345.0,22145.490231889344,199.5097681106563,199.5097681106563,39804.147571567846
2001-10-31 03:00:00,22379.0,22137.927173640324,241.07282635967567,241.07282635967567,58116.10760904234
2001-10-31 04:00:00,23050.0,22932.03492519912,117.96507480087894,117.96507480087894,13915.758872776963
2001-10-31 05:00:00,25278.0,25132.149600174766,145.8503998252345,145.8503998252345,21272.33912918076
2001-10-31 06:00:00,29107.0,29097.160710551412,9.839289448587806,9.839289448587806,96.81161685309134
2001-10-31 07:00:00,31171.0,30927.780151369956,243.219848630044,243.219848630044,59155.89476762152
2001-10-31 08:00:00,31338.0,31326.105681262685,11.894318737315189,11.894318737315189,141.47481822484718
2001-10-31 09:00:00,31242.0,31209.02732503373,32.97267496626955,32.97267496626955,1087.1972944312588
2001-10-31 10:00:00,31453.0,31180.936446483498,272.063553516502,272.063553516502,74018.57715202654
2001-10-31 11:00:00,31205.0,31382.768812618797,-177.7688126187968,177.7688126187968,31601.75073989689
2001-10-31 12:00:00,30928.0,30868.92227470206,59.07772529793874,59.07772529793874,3490.177626378711
2001-10-31 13:00:00,30614.0,30656.122801434994,-42.12280143499447,42.12280143499447,1774.3304007319723
2001-10-31 14:00:00,29906.0,30306.70303060966,-400.70303060966035,400.70303060966035,160562.9187397664
2001-10-31 15:00:00,29813.0,29494.366773145983,318.63322685401727,318.63322685401727,101527.13325540363
2001-10-31 16:00:00,30320.0,30059.306387171633,260.6936128283669,260.6936128283669,67961.15976950646
2001-10-31 17:00:00,32387.0,31773.715950121736,613.2840498782643,613.2840498782643,376117.3258350854
2001-10-31 18:00:00,32095.0,32758.31321707722,-663.3132170772187,663.3132170772187,439984.4239493295
2001-10-31 19:00:00,31083.0,31438.933017955886,-355.9330179558856,355.9330179558856,126688.31327118477
2001-10-31 20:00:00,30575.0,30129.409980011555,445.5900199884454,445.5900199884454,198550.4659133032
2001-10-31 21:00:00,29333.0,29076.175751981453,256.8242480185472,256.8242480185472,65958.69437029226
2001-10-31 22:00:00,26808.0,26806.68762332129,1.3123766787102795,1.3123766787102795,1.7223325468226243
2001-10-31 23:00:00,24262.0,24431.374505400716,-169.37450540071586,169.37450540071586,28687.723079737127
2001-11-01 00:00:00,22595.0,22596.67588309774,-1.6758830977414618,1.6758830977414618,2.808584157295518
2001-11-01 01:00:00,21778.0,21836.342379637852,-58.34237963785199,58.34237963785199,3403.833261807247
2001-11-01 02:00:00,21498.0,21414.829195266226,83.17080473377428,83.17080473377428,6917.38276006361
2001-11-01 03:00:00,21547.0,21442.262622154467,104.73737784553305,104.73737784553305,10969.918317957956
2001-11-01 04:00:00,22187.0,22178.265284837005,8.73471516299469,8.73471516299469,76.29524897864934
2001-11-01 05:00:00,24296.0,24173.20984495136,122.79015504863855,122.79015504863855,15077.422176868697
2001-11-01 06:00:00,27937.0,28022.195910174774,-85.19591017477433,85.19591017477433,7258.343110508215
2001-11-01 07:00:00,29680.0,29878.13507234809,-198.13507234809003,198.13507234809003,39257.506894382874
2001-11-01 08:00:00,30091.0,29842.14261567802,248.85738432197832,248.85738432197832,61929.99773157682
2001-11-01 09:00:00,30233.0,30272.190419744813,-39.19041974481297,39.19041974481297,1535.8889997746264
2001-11-01 10:00:00,30505.0,30366.06398299443,138.93601700556974,138.93601700556974,19303.216821371963
2001-11-01 11:00:00,30507.0,30534.487612352114,-27.4876123521135,27.4876123521135,755.5688328200628
2001-11-01 12:00:00,30479.0,30326.63000134909,152.3699986509091,152.3699986509091,23216.616488878044
2001-11-01 13:00:00,30548.0,30357.973515128127,190.02648487187253,190.02648487187253,36110.064952759996
2001-11-01 14:00:00,30242.0,30304.706866777517,-62.70686677751655,62.70686677751655,3932.151141053209
2001-11-01 15:00:00,29924.0,29932.61192611981,-8.61192611981096,8.61192611981096,74.16527149308226
2001-11-01 16:00:00,30439.0,30339.603540553093,99.3964594469071,99.3964594469071,9879.656150580648
2001-11-01 17:00:00,32783.0,32362.40390437324,420.59609562675905,420.59609562675905,176901.07565647384
2001-11-01 18:00:00,33080.0,32955.2699002395,124.73009976049798,124.73009976049798,15557.597786263777
2001-11-01 19:00:00,32485.0,32328.667755675924,156.33224432407587,156.33224432407587,24439.770615402555
2001-11-01 20:00:00,31420.0,31492.200102944433,-72.20010294443273,72.20010294443273,5212.854865186683
2001-11-01 21:00:00,29491.0,30003.576857675842,-512.5768576758419,512.5768576758419,262735.03502484027
2001-11-01 22:00:00,26810.0,27123.9337873342,-313.93378733420104,313.93378733420104,98554.42282999537
2001-11-01 23:00:00,24560.0,24367.448247503155,192.55175249684544,192.55175249684544,37076.177389606426
2001-11-02 00:00:00,22628.0,22801.166048205196,-173.1660482051957,173.1660482051957,29986.48025100416
2001-11-02 01:00:00,21610.0,21787.476323623578,-177.47632362357763,177.47632362357763,31497.845446940857
2001-11-02 02:00:00,21184.0,21375.684813013173,-191.68481301317297,191.68481301317297,36743.067539895084
2001-11-02 03:00:00,21099.0,21163.63604172513,-64.63604172513078,64.63604172513078,4177.817889892847
2001-11-02 04:00:00,21613.0,21418.486399977573,194.51360002242654,194.51360002242654,37835.540593684535
2001-11-02 05:00:00,23525.0,23612.563138035315,-87.5631380353152,87.5631380353152,7667.303142591664
2001-11-02 06:00:00,27190.0,27129.385029065685,60.61497093431535,60.61497093431535,3674.174701367895
2001-11-02 07:00:00,29179.0,29513.172387758113,-334.1723877581135,334.1723877581135,111671.18473995895
2001-11-02 08:00:00,30111.0,30074.43963295422,36.56036704577855,36.56036704577855,1336.66043852205
2001-11-02 09:00:00,30505.0,30420.308775462447,84.69122453755335,84.69122453755335,7172.603513670279
2001-11-02 10:00:00,30991.0,30744.71576892469,246.28423107531125,246.28423107531125,60655.92247635731
2001-11-02 11:00:00,31400.0,31024.95943155796,375.04056844204024,375.04056844204024,140655.42797732868
2001-11-02 12:00:00,31171.0,31376.919407694495,-205.91940769449502,205.91940769449502,42402.802465251654
2001-11-02 13:00:00,31033.0,31095.451819852766,-62.451819852765766,62.451819852765766,3900.2298029223084
2001-11-02 14:00:00,30966.0,30715.084784472412,250.91521552758786,250.91521552758786,62958.44538325587
2001-11-02 15:00:00,30503.0,30944.886756699965,-441.8867566999652,441.8867566999652,195263.90574681424
2001-11-02 16:00:00,30604.0,31150.33141045183,-546.3314104518286,546.3314104518286,298478.01004628435
2001-11-02 17:00:00,32521.0,31926.983635228447,594.0163647715526,594.0163647715526,352855.4416164103
2001-11-02 18:00:00,32385.0,32874.977880304556,-489.9778803045556,489.9778803045556,240078.3231877454
2001-11-02 19:00:00,31103.0,31738.79743414307,-635.7974341430709,635.7974341430709,404238.3772629125
2001-11-02 20:00:00,29704.0,30195.33543078239,-491.3354307823902,491.3354307823902,241410.50554211694
2001-11-02 21:00:00,27949.0,28577.06838190516,-628.0683819051592,628.0683819051592,394469.8923489649
2001-11-02 22:00:00,25987.0,26053.051597033624,-66.0515970336237,66.0515970336237,4362.8134706922065
2001-11-02 23:00:00,23983.0,24055.452693505256,-72.45269350525632,72.45269350525632,5249.392796166611
2001-11-03 00:00:00,22243.0,22335.458059653112,-92.45805965311229,92.45805965311229,8548.49279481847
2001-11-03 01:00:00,21250.0,21182.48421914697,67.51578085303117,67.51578085303117,4558.380664194531
2001-11-03 02:00:00,20584.0,20676.90829507099,-92.90829507098897,92.90829507098897,8631.951292997954
2001-11-03 03:00:00,20133.0,20369.92222585451,-236.92222585450872,236.92222585450872,56132.14110385484
2001-11-03 04:00:00,20066.0,20108.67404365118,-42.67404365117909,42.67404365117909,1821.0740015427384
2001-11-03 05:00:00,20809.0,20811.39335058472,-2.393350584719883,2.393350584719883,5.728127021379006
2001-11-03 06:00:00,21883.0,22152.824192327666,-269.8241923276655,269.8241923276655,72805.09476527703
2001-11-03 07:00:00,23177.0,23233.43395884569,-56.43395884568963,56.43395884568963,3184.791710996991
2001-11-03 08:00:00,25404.0,24881.5865342124,522.4134657875984,522.4134657875984,272915.82923621027
2001-11-03 09:00:00,26893.0,26666.583622726514,226.41637727348643,226.41637727348643,51264.37589764974
2001-11-03 10:00:00,27377.0,27147.189824563564,229.8101754364361,229.8101754364361,52812.71673412554
2001-11-03 11:00:00,27355.0,27479.90142500788,-124.90142500787988,124.90142500787988,15600.365968999042
2001-11-03 12:00:00,26887.0,26976.498046104596,-89.49804610459614,89.49804610459614,8009.900256540417
2001-11-03 13:00:00,26140.0,26230.659308660557,-90.65930866055714,90.65930866055714,8219.11024681017
2001-11-03 14:00:00,25587.0,25592.83962458532,-5.839624585318234,5.839624585318234,34.10121529745315
2001-11-03 15:00:00,25295.0,25300.362487679686,-5.362487679685728,5.362487679685728,28.75627411478122
2001-11-03 16:00:00,25642.0,25915.7929086162,-273.7929086162003,273.7929086162003,74962.556808519
2001-11-03 17:00:00,28077.0,27517.004992553793,559.9950074462067,559.9950074462067,313594.4083646771
2001-11-03 18:00:00,28503.0,28793.489546713132,-290.48954671313186,290.48954671313186,84384.17674960081
2001-11-03 19:00:00,27694.0,27875.409741609023,-181.4097416090226,181.4097416090226,32909.49435065235
2001-11-03 20:00:00,26823.0,26947.47510109238,-124.47510109237919,124.47510109237919,15494.05079195802
2001-11-03 21:00:00,25745.0,25888.10685469415,-143.10685469414966,143.10685469414966,20479.571860452466
2001-11-03 22:00:00,24276.0,24471.61842352132,-195.61842352131862,195.61842352131862,38266.56762096598
2001-11-03 23:00:00,22344.0,22732.531587981997,-388.5315879819973,388.5315879819973,150956.7948598125
2001-11-04 00:00:00,20901.0,21029.01993224652,-128.0199322465196,128.0199322465196,16389.10305240347
2001-11-04 01:00:00,19895.0,20043.18890162701,-148.18890162701064,148.18890162701064,21959.950565419836
2001-11-04 02:00:00,19543.0,19427.065879822843,115.93412017715673,115.93412017715673,13440.720221251418
2001-11-04 03:00:00,19204.0,19296.26431769483,-92.26431769482951,92.26431769482951,8512.704319692431
2001-11-04 04:00:00,19544.0,19218.050006770754,325.9499932292456,325.9499932292456,106243.39808614524
2001-11-04 05:00:00,19922.0,19971.717323106244,-49.717323106244294,49.717323106244294,2471.812216850693
2001-11-04 06:00:00,20600.0,20669.629757436884,-69.62975743688366,69.62975743688366,4848.303120719256
2001-11-04 07:00:00,21780.0,21527.706658916362,252.29334108363764,252.29334108363764,63651.92995514472
2001-11-04 08:00:00,23312.0,23322.619304597145,-10.619304597144946,10.619304597144946,112.7696301269438
2001-11-04 09:00:00,24319.0,24536.620976225964,-217.6209762259641,217.6209762259641,47358.88929354164
2001-11-04 10:00:00,24622.0,24968.527096973958,-346.52709697395767,346.52709697395767,120081.02893719866
2001-11-04 11:00:00,24734.0,24716.990753614828,17.009246385172446,17.009246385172446,289.3144625915019
2001-11-04 12:00:00,24722.0,24729.251436268183,-7.25143626818317,7.25143626818317,52.58332795152226
2001-11-04 13:00:00,24427.0,24580.904278419755,-153.90427841975543,153.90427841975543,23686.526915905597
2001-11-04 14:00:00,24207.0,24208.905038574318,-1.9050385743175866,1.9050385743175866,3.629171969637983
2001-11-04 15:00:00,24197.0,24238.997147255937,-41.99714725593731,41.99714725593731,1763.7603776368824
2001-11-04 16:00:00,25158.0,25471.437468783522,-313.4374687835225,313.4374687835225,98243.04683742163
2001-11-04 17:00:00,28225.0,27310.948765856247,914.0512341437534,914.0512341437534,835489.6586397187
2001-11-04 18:00:00,28886.0,28580.29108747533,305.7089125246712,305.7089125246712,93457.93919701705
2001-11-04 19:00:00,28312.0,28148.31831253985,163.68168746015,163.68168746015,26791.694809802222
2001-11-04 20:00:00,27516.0,27619.375236036525,-103.37523603652517,103.37523603652517,10686.439425607292
2001-11-04 21:00:00,26247.0,26222.46090788676,24.53909211323844,24.53909211323844,602.167041742001
2001-11-04 22:00:00,24392.0,24630.14375925057,-238.14375925057175,238.14375925057175,56712.45006999428
2001-11-04 23:00:00,22716.0,22748.130824449923,-32.13082444992324,32.13082444992324,1032.389879831785
2001-11-05 00:00:00,21426.0,21380.459267760238,45.54073223976229,45.54073223976229,2073.958292933725
2001-11-05 01:00:00,20367.0,20748.74860282569,-381.7486028256899,381.7486028256899,145731.9957593663
2001-11-05 02:00:00,20412.0,20151.03022310226,260.9697768977385,260.9697768977385,68105.2244540554
2001-11-05 03:00:00,20384.0,20447.38524180908,-63.38524180907916,63.38524180907916,4017.688879195437
2001-11-05 04:00:00,21213.0,21094.6787892744,118.3212107256004,118.3212107256004,13999.908907571933
2001-11-05 05:00:00,23463.0,23414.428479094175,48.57152090582531,48.57152090582531,2359.192643105025
2001-11-05 06:00:00,27234.0,27086.18103088274,147.81896911725926,147.81896911725926,21850.447630889244
2001-11-05 07:00:00,29381.0,29458.320868471874,-77.32086847187384,77.32086847187384,5978.516701244814
2001-11-05 08:00:00,30099.0,29628.938999401616,470.06100059838354,470.06100059838354,220957.34428355354
2001-11-05 09:00:00,30501.0,30460.165474426394,40.83452557360579,40.83452557360579,1667.4584788214652
2001-11-05 10:00:00,30874.0,30809.570595186575,64.42940481342521,64.42940481342521,4151.148204612219
2001-11-05 11:00:00,30789.0,30735.16525266418,53.834747335818975,53.834747335818975,2898.1800207114684
2001-11-05 12:00:00,30536.0,30467.959007245652,68.04099275434783,68.04099275434783,4629.576694997213
2001-11-05 13:00:00,30456.0,30487.04707942354,-31.04707942354071,31.04707942354071,963.9211407316449
2001-11-05 14:00:00,30121.0,30256.653417544367,-135.65341754436668,135.65341754436668,18401.84969146629
2001-11-05 15:00:00,30049.0,30104.621308372898,-55.621308372898056,55.621308372898056,3093.7299451130193
2001-11-05 16:00:00,30981.0,31136.23885032927,-155.23885032927137,155.23885032927137,24099.10065155392
2001-11-05 17:00:00,33590.0,32944.07906203401,645.9209379659878,645.9209379659878,417213.8581028615
2001-11-05 18:00:00,34003.0,33445.727366486986,557.2726335130137,557.2726335130137,310552.7880625297
2001-11-05 19:00:00,33139.0,33173.6805700114,-34.68057001139823,34.68057001139823,1202.7419363154943
2001-11-05 20:00:00,32097.0,32127.71370829687,-30.7137082968693,30.7137082968693,943.331877345178
2001-11-05 21:00:00,30317.0,30451.70753082734,-134.70753082734154,134.70753082734154,18146.11886159917
2001-11-05 22:00:00,27679.0,27824.841099276393,-145.84109927639292,145.84109927639292,21269.626238146695
2001-11-05 23:00:00,25216.0,25314.434186591025,-98.43418659102463,98.43418659102463,9689.289089836653
2001-11-06 00:00:00,23570.0,23450.580188021882,119.41981197811765,119.41981197811765,14261.091492888972
2001-11-06 01:00:00,22845.0,22532.793388877424,312.20661112257585,312.20661112257585,97472.9680286433
2001-11-06 02:00:00,22409.0,22378.151619043874,30.848380956125766,30.848380956125766,951.6226076142628
2001-11-06 03:00:00,22402.0,22178.55784075765,223.4421592423496,223.4421592423496,49926.39852688351
2001-11-06 04:00:00,23101.0,22908.085217584492,192.91478241550794,192.91478241550794,37216.11327442277
2001-11-06 05:00:00,25247.0,25278.092310132794,-31.0923101327935,31.0923101327935,966.7317493938134
2001-11-06 06:00:00,29037.0,29027.175596767443,9.824403232556506,9.824403232556506,96.51889887586673
2001-11-06 07:00:00,30658.0,31159.65901732285,-501.65901732285056,501.65901732285056,251661.7696613281
2001-11-06 08:00:00,30784.0,31083.352400190008,-299.35240019000776,299.35240019000776,89611.85949951856
2001-11-06 09:00:00,30722.0,30841.272170000375,-119.2721700003749,119.2721700003749,14225.85053659833
2001-11-06 10:00:00,30633.0,30779.670952016015,-146.67095201601478,146.67095201601478,21512.36816528411
2001-11-06 11:00:00,30301.0,30476.953552486146,-175.95355248614578,175.95355248614578,30959.652632494857
2001-11-06 12:00:00,29904.0,30078.72240647186,-174.72240647186118,174.72240647186118,30527.919323318278
2001-11-06 13:00:00,29798.0,29743.701259001504,54.298740998496214,54.298740998496214,2948.353274021774
2001-11-06 14:00:00,29438.0,29518.683676162687,-80.68367616268733,80.68367616268733,6509.855599125401
2001-11-06 15:00:00,29227.0,29438.509704557473,-211.50970455747301,211.50970455747301,44736.35512198952
2001-11-06 16:00:00,29927.0,30471.591141584187,-544.5911415841874,544.5911415841874,296579.5114919685
2001-11-06 17:00:00,32887.0,32756.100690954157,130.89930904584253,130.89930904584253,17134.629108678993
2001-11-06 18:00:00,33269.0,33321.129924679335,-52.12992467933509,52.12992467933509,2717.5290470731497
2001-11-06 19:00:00,32625.0,32559.32911049965,65.67088950035031,65.67088950035031,4312.665727767221
2001-11-06 20:00:00,31798.0,31799.64943943439,-1.649439434389933,1.649439434389933,2.720650447720582
2001-11-06 21:00:00,30357.0,30131.944869600145,225.05513039985453,225.05513039985453,50649.811719295525
2001-11-06 22:00:00,27341.0,27990.589351164723,-649.5893511647228,649.5893511647228,421966.3251466055
2001-11-06 23:00:00,25096.0,24909.157840185577,186.8421598144232,186.8421598144232,34909.992684118464
2001-11-07 00:00:00,23316.0,23406.711422348897,-90.71142234889703,90.71142234889703,8228.562144559975
2001-11-07 01:00:00,22373.0,22564.113929678093,-191.11392967809297,191.11392967809297,36524.534117003066
2001-11-07 02:00:00,22009.0,22077.09953612193,-68.0995361219284,68.0995361219284,4637.54682002183
2001-11-07 03:00:00,21953.0,21914.30451762136,38.69548237864001,38.69548237864001,1497.3403565156393
2001-11-07 04:00:00,22693.0,22504.751608516603,188.24839148339743,188.24839148339743,35437.456896086456
2001-11-07 05:00:00,24619.0,24731.838674756706,-112.83867475670559,112.83867475670559,12732.566520849587
2001-11-07 06:00:00,28253.0,28379.280081368834,-126.28008136883363,126.28008136883363,15946.658950519244
2001-11-07 07:00:00,29856.0,30479.57497236043,-623.5749723604313,623.5749723604313,388845.7461543126
2001-11-07 08:00:00,30062.0,30579.53447550691,-517.5344755069091,517.5344755069091,267841.93333821144
2001-11-07 09:00:00,30133.0,30332.892662294318,-199.89266229431814,199.89266229431814,39957.076439110315
2001-11-07 10:00:00,30104.0,30302.7911545274,-198.79115452740007,198.79115452740007,39517.92311833665
2001-11-07 11:00:00,30071.0,30032.967473041437,38.03252695856281,38.03252695856281,1446.4731068538072
2001-11-07 12:00:00,29721.0,29859.730865130434,-138.7308651304338,138.7308651304338,19246.252939838618
2001-11-07 13:00:00,29653.0,29541.19012365686,111.80987634314079,111.80987634314079,12501.448447868434
2001-11-07 14:00:00,29444.0,29421.807559082463,22.19244091753717,22.19244091753717,492.504433878378
2001-11-07 15:00:00,29248.0,29336.640210500704,-88.64021050070369,88.64021050070369,7857.08691760906
2001-11-07 16:00:00,29692.0,30125.433572334354,-433.4335723343538,433.4335723343538,187864.66162651952
2001-11-07 17:00:00,32360.0,31852.1024544097,507.89754559029825,507.89754559029825,257959.91681664909
2001-11-07 18:00:00,32444.0,32041.65323086298,402.3467691370206,402.3467691370206,161882.92263499895
2001-11-07 19:00:00,31501.0,31698.93364457465,-197.9336445746485,197.9336445746485,39177.72765460328
2001-11-07 20:00:00,30560.0,30863.999992569414,-303.99999256941373,303.99999256941373,92415.99548220361
2001-11-07 21:00:00,28887.0,29139.93920887266,-252.93920887265995,252.93920887265995,63978.2433851271
2001-11-07 22:00:00,26197.0,26624.782031374147,-427.78203137414675,427.78203137414675,182997.46636659148
2001-11-07 23:00:00,23759.0,24105.796304654523,-346.7963046545228,346.7963046545228,120267.67692203261
2001-11-08 00:00:00,22478.0,22239.414394026167,238.58560597383257,238.58560597383257,56923.09137790089
2001-11-08 01:00:00,21558.0,21741.866697320962,-183.86669732096198,183.86669732096198,33806.962383718244
2001-11-08 02:00:00,21251.0,21256.574504269407,-5.5745042694070435,5.5745042694070435,31.075097849637356
2001-11-08 03:00:00,21187.0,21291.14231110886,-104.14231110885885,104.14231110885885,10845.620963094345
2001-11-08 04:00:00,21500.0,21908.36029624956,-408.36029624956063,408.36029624956063,166758.1315530289
2001-11-08 05:00:00,24184.0,23363.579456110387,820.4205438896133,820.4205438896133,673089.868836129
2001-11-08 06:00:00,27953.0,27960.087749510825,-7.087749510825233,7.087749510825233,50.23619312820333
2001-11-08 07:00:00,29668.0,30099.61540153374,-431.61540153374153,431.61540153374153,186291.85484113294
2001-11-08 08:00:00,29958.0,29875.296209770277,82.70379022972338,82.70379022972338,6839.916918362089
2001-11-08 09:00:00,30035.0,30008.009262040072,26.990737959928083,26.990737959928083,728.4999356215028
2001-11-08 10:00:00,30101.0,30080.614234030123,20.385765969876957,20.385765969876957,415.5794541785934
2001-11-08 11:00:00,29935.0,30037.37283699248,-102.37283699247928,102.37283699247928,10480.197753888733
2001-11-08 12:00:00,29670.0,29697.088158470287,-27.088158470287453,27.088158470287453,733.7683293114059
2001-11-08 13:00:00,29627.0,29587.271860741195,39.72813925880473,39.72813925880473,1578.3250489669817
2001-11-08 14:00:00,29294.0,29420.861924734763,-126.8619247347633,126.8619247347633,16093.94794740875
2001-11-08 15:00:00,29023.0,29120.602384099686,-97.60238409968588,97.60238409968588,9526.225381942615
2001-11-08 16:00:00,29615.0,29699.05660951561,-84.05660951561003,84.05660951561003,7065.513603259744
2001-11-08 17:00:00,32205.0,31437.566476784228,767.4335232157719,767.4335232157719,588954.2125553726
2001-11-08 18:00:00,32397.0,31919.409361163074,477.5906388369258,477.5906388369258,228092.81830466288
2001-11-08 19:00:00,31582.0,31684.72643225574,-102.72643225573847,102.72643225573847,10552.719883992826
2001-11-08 20:00:00,30452.0,30730.963317562946,-278.96331756294603,278.96331756294603,77820.53254572507
2001-11-08 21:00:00,28715.0,28956.886705872752,-241.88670587275192,241.88670587275192,58509.178477971196
2001-11-08 22:00:00,26304.0,26412.705535907186,-108.70553590718555,108.70553590718555,11816.893536868407
2001-11-08 23:00:00,23894.0,24016.754439196236,-122.75443919623649,122.75443919623649,15068.652342382522
2001-11-09 00:00:00,21987.0,22141.474178703884,-154.4741787038838,154.4741787038838,23862.27188623943
2001-11-09 01:00:00,21235.0,21216.30835223461,18.69164776539037,18.69164776539037,349.37769618542285
2001-11-09 02:00:00,20792.0,20939.417866960608,-147.41786696060808,147.41786696060808,21732.027499215543
2001-11-09 03:00:00,20705.0,20813.79772625708,-108.79772625707847,108.79772625707847,11836.945238710181
2001-11-09 04:00:00,21400.0,21081.653614742816,318.346385257184,318.346385257184,101344.42100631543
2001-11-09 05:00:00,23297.0,23394.138136348563,-97.13813634856342,97.13813634856342,9435.817533272098
2001-11-09 06:00:00,26928.0,26899.546400586063,28.4535994139369,28.4535994139369,809.6073196087902
2001-11-09 07:00:00,28807.0,29298.40481983738,-491.40481983737845,491.40481983737845,241478.69695940637
2001-11-09 08:00:00,29560.0,29355.260875827516,204.73912417248357,204.73912417248357,41918.10896691565
2001-11-09 09:00:00,29891.0,29839.87682552472,51.12317447528039,51.12317447528039,2613.5789684299607
2001-11-09 10:00:00,30041.0,30132.36267597755,-91.36267597755068,91.36267597755068,8347.138561778916
2001-11-09 11:00:00,29898.0,30170.423828775485,-272.42382877548516,272.42382877548516,74214.74248469486
2001-11-09 12:00:00,29387.0,29675.227977215574,-288.22797721557436,288.22797721557436,83075.36684978165
2001-11-09 13:00:00,29404.0,29325.39313012198,78.60686987801819,78.60686987801819,6179.039992019683
2001-11-09 14:00:00,28761.0,29171.889715445544,-410.8897154455444,410.8897154455444,168830.35825892046
2001-11-09 15:00:00,28611.0,28478.993687980863,132.0063120191371,132.0063120191371,17425.666412893785
2001-11-09 16:00:00,29608.0,29384.719454292783,223.28054570721724,223.28054570721724,49854.20209131273
2001-11-09 17:00:00,32244.0,31620.30911043681,623.6908895631896,623.6908895631896,388990.3257241227
2001-11-09 18:00:00,32200.0,31828.95365979467,371.0463402053283,371.0463402053283,137675.38657976824
2001-11-09 19:00:00,31419.0,31258.08027417043,160.9197258295717,160.9197258295717,25895.158161064523
2001-11-09 20:00:00,30539.0,30806.312696786932,-267.31269678693207,267.31269678693207,71456.07786350229
2001-11-09 21:00:00,29288.0,29121.431682277744,166.56831772225632,166.56831772225632,27745.00446882253
2001-11-09 22:00:00,27430.0,27094.943074818133,335.056925181867,335.056925181867,112263.1431123272
2001-11-09 23:00:00,25424.0,25156.747529274046,267.2524707259545,267.2524707259545,71423.88310912716
2001-11-10 00:00:00,23871.0,23566.688523305336,304.3114766946637,304.3114766946637,92605.47484808686
2001-11-10 01:00:00,23010.0,22796.505645746027,213.49435425397314,213.49435425397314,45579.83929832098
2001-11-10 02:00:00,22571.0,22408.322278410833,162.67772158916705,162.67772158916705,26464.041101442548
2001-11-10 03:00:00,22457.0,22186.37426456291,270.62573543709004,270.62573543709004,73238.28868086585
2001-11-10 04:00:00,22569.0,22634.37892569732,-65.37892569732139,65.37892569732139,4274.4039253358715
2001-11-10 05:00:00,23569.0,23205.153863198695,363.84613680130497,363.84613680130497,132384.01126523392
2001-11-10 06:00:00,24713.0,25178.02570722438,-465.0257072243803,465.0257072243803,216248.90837953507
2001-11-10 07:00:00,25891.0,26014.967262496375,-123.96726249637504,123.96726249637504,15367.882170845154
2001-11-10 08:00:00,27488.0,27225.00869121015,262.9913087898494,262.9913087898494,69164.42849899794
2001-11-10 09:00:00,27960.0,28435.133532841934,-475.13353284193363,475.13353284193363,225751.87403085682
2001-11-10 10:00:00,27644.0,28097.445516531847,-453.4455165318468,453.4455165318468,205612.83646283337
2001-11-10 11:00:00,27161.0,27268.23135630936,-107.2313563093594,107.2313563093594,11498.56377594479
2001-11-10 12:00:00,26424.0,26733.26031477404,-309.26031477404103,309.26031477404103,95641.94229413895
2001-11-10 13:00:00,25721.0,25718.896022724708,2.1039772752919816,2.1039772752919816,4.426720374945071
2001-11-10 14:00:00,25114.0,25306.405198208726,-192.40519820872578,192.40519820872578,37019.760297739056
2001-11-10 15:00:00,24926.0,24934.430981374033,-8.430981374032854,8.430981374032854,71.0814469292889
2001-11-10 16:00:00,25814.0,25910.337538765485,-96.33753876548508,96.33753876548508,9280.921375391341
2001-11-10 17:00:00,28560.0,27986.456551332773,573.5434486672275,573.5434486672275,328952.0875090966
2001-11-10 18:00:00,28718.0,29261.858416522457,-543.8584165224565,543.8584165224565,295781.9772223138
2001-11-10 19:00:00,28051.0,28456.763781767168,-405.76378176716753,405.76378176716753,164644.24659399356
2001-11-10 20:00:00,27102.0,27985.815164818203,-883.8151648182029,883.8151648182029,781129.2455626272
2001-11-10 21:00:00,25965.0,26317.435703090876,-352.4357030908759,352.4357030908759,124210.92481316003
2001-11-10 22:00:00,24574.0,24986.025735628482,-412.0257356284819,412.0257356284819,169765.20682019167
2001-11-10 23:00:00,22862.0,23133.73428165678,-271.7342816567798,271.7342816567798,73839.51982752612
2001-11-11 00:00:00,21431.0,21425.31817518276,5.681824817238521,5.681824817238521,32.283133253787554
2001-11-11 01:00:00,20493.0,20578.550447291218,-85.550447291218,85.550447291218,7318.879031727471
2001-11-11 02:00:00,19896.0,20036.39831347111,-140.39831347110885,140.39831347110885,19711.686425531745
2001-11-11 03:00:00,19674.0,19662.946664379917,11.05333562008309,11.05333562008309,122.17622833019762
2001-11-11 04:00:00,19675.0,19679.001000781143,-4.001000781143375,4.001000781143375,16.0080072507099
2001-11-11 05:00:00,20280.0,19940.499620203096,339.50037979690387,339.50037979690387,115260.50788224197
2001-11-11 06:00:00,21111.0,21000.78782292801,110.21217707198957,110.21217707198957,12146.723974947585
2001-11-11 07:00:00,21889.0,21809.844929150862,79.1550708491377,79.1550708491377,6265.525241132009
2001-11-11 08:00:00,23341.0,23507.16195046608,-166.16195046608118,166.16195046608118,27609.793782692417
2001-11-11 09:00:00,24614.0,24461.608170248615,152.39182975138465,152.39182975138465,23223.269774975004
2001-11-11 10:00:00,24900.0,25063.49666709438,-163.49666709437952,163.49666709437952,26731.16015097036
2001-11-11 11:00:00,24954.0,24798.771241105725,155.2287588942745,155.2287588942745,24095.967587856805
2001-11-11 12:00:00,24786.0,24805.444457380505,-19.4444573805049,19.4444573805049,378.0869228222715
2001-11-11 13:00:00,24574.0,24364.798906577365,209.20109342263459,209.20109342263459,43765.09748922588
2001-11-11 14:00:00,24578.0,24061.41414297737,516.5858570226301,516.5858570226301,266860.9476758052
2001-11-11 15:00:00,24433.0,24446.547808193474,-13.547808193474339,13.547808193474339,183.54310684717044
2001-11-11 16:00:00,25483.0,25468.359382911534,14.64061708846566,14.64061708846566,214.3476687310727
2001-11-11 17:00:00,28620.0,27828.06474271782,791.9352572821808,791.9352572821808,627161.4517265939
2001-11-11 18:00:00,29376.0,28742.06808951224,633.9319104877613,633.9319104877613,401869.66713466303
2001-11-11 19:00:00,28993.0,28738.199461469605,254.800538530395,254.800538530395,64923.3144353793
2001-11-11 20:00:00,28643.0,28249.382355397935,393.6176446020654,393.6176446020654,154934.85014207786
2001-11-11 21:00:00,27662.0,27326.217940561706,335.7820594382938,335.7820594382938,112749.59144062187
2001-11-11 22:00:00,25918.0,25834.2443417626,83.7556582374018,83.7556582374018,7015.010286780453
2001-11-11 23:00:00,24339.0,24159.46246858291,179.53753141708876,179.53753141708876,32233.725187342134
2001-11-12 00:00:00,23093.0,22826.423919801535,266.5760801984652,266.5760801984652,71062.80653397855
2001-11-12 01:00:00,22707.0,22055.049641392372,651.950358607628,651.950358607628,425039.2700886148
2001-11-12 02:00:00,22656.0,22151.510543541255,504.4894564587448,504.4894564587448,254509.6116780398
2001-11-12 03:00:00,22574.0,22389.97604758435,184.02395241564955,184.02395241564955,33864.81506267725
2001-11-12 04:00:00,23418.0,23024.89054030546,393.1094596945404,393.1094596945404,154535.04730133348
2001-11-12 05:00:00,25559.0,24931.695525856816,627.304474143184,627.304474143184,393510.90328005666
2001-11-12 06:00:00,29311.0,28852.845646547317,458.1543534526827,458.1543534526827,209905.4115876457
2001-11-12 07:00:00,31110.0,31067.151240089144,42.84875991085573,42.84875991085573,1836.0162258981575
2001-11-12 08:00:00,31696.0,31346.279561382962,349.72043861703787,349.72043861703787,122304.38518649335
2001-11-12 09:00:00,31395.0,31825.388743652024,-430.38874365202355,430.38874365202355,185234.47066236724
2001-11-12 10:00:00,31142.0,31149.693312115272,-7.69331211527242,7.69331211527242,59.187051302997396
2001-11-12 11:00:00,30790.0,30780.284638794426,9.715361205573572,9.715361205573572,94.38824335476397
2001-11-12 12:00:00,30392.0,30276.59962101246,115.40037898753872,115.40037898753872,13317.247470467568
2001-11-12 13:00:00,30023.0,30063.560482467994,-40.56048246799401,40.56048246799401,1645.1527380364491
2001-11-12 14:00:00,29665.0,29619.716363099076,45.28363690092374,45.28363690092374,2050.607770974702
2001-11-12 15:00:00,29537.0,29463.717617077655,73.28238292234528,73.28238292234528,5370.307646777243
2001-11-12 16:00:00,30377.0,30391.11092831977,-14.1109283197693,14.1109283197693,199.11829804566725
2001-11-12 17:00:00,33815.0,32659.691762811603,1155.3082371883975,1155.3082371883975,1334737.1229153625
2001-11-12 18:00:00,34011.0,34462.14221319732,-451.14221319732314,451.14221319732314,203529.29652857897
2001-11-12 19:00:00,33355.0,33523.08821774173,-168.08821774172975,168.08821774172975,28253.648943591154
2001-11-12 20:00:00,32553.0,32548.581540985644,4.4184590143559035,4.4184590143559035,19.522780061542942
2001-11-12 21:00:00,30931.0,31060.973557528116,-129.97355752811563,129.97355752811563,16893.125656514385
2001-11-12 22:00:00,28635.0,28573.75008745255,61.24991254744964,61.24991254744964,3751.551787070229
2001-11-12 23:00:00,26258.0,26317.374942491984,-59.37494249198426,59.37494249198426,3525.383795926438
2001-11-13 00:00:00,24704.0,24557.44031097882,146.5596890211782,146.5596890211782,21479.742445984462
2001-11-13 01:00:00,24106.0,23896.17157750175,209.82842249824898,209.82842249824898,44027.96688810368
2001-11-13 02:00:00,23877.0,23977.32414424519,-100.32414424519084,100.32414424519084,10064.933918529858
2001-11-13 03:00:00,23995.0,23948.096159803878,46.903840196122474,46.903840196122474,2199.970225143394
2001-11-13 04:00:00,24784.0,24704.154933366524,79.84506663347565,79.84506663347565,6375.234665704167
2001-11-13 05:00:00,27665.0,27030.057651594587,634.9423484054132,634.9423484054132,403151.78579858114
2001-11-13 06:00:00,31716.0,31265.306425478902,450.6935745210976,450.6935745210976,203124.69811460417
2001-11-13 07:00:00,33260.0,33013.78298280737,246.21701719262637,246.21701719262637,60622.81955523407
2001-11-13 08:00:00,32966.0,32921.74190597101,44.25809402899176,44.25809402899176,1958.7788870790764
2001-11-13 09:00:00,32037.0,32574.859118022418,-537.8591180224175,537.8591180224175,289292.4308398529
2001-11-13 10:00:00,31321.0,31577.00943049624,-256.0094304962404,256.0094304962404,65540.82850300934
2001-11-13 11:00:00,30661.0,30963.460728882288,-302.4607288822881,302.4607288822881,91482.49251600499
2001-11-13 12:00:00,30227.0,30154.691098453728,72.30890154627195,72.30890154627195,5228.577242828451
2001-11-13 13:00:00,29939.0,29950.919367103834,-11.919367103833792,11.919367103833792,142.07131215595518
2001-11-13 14:00:00,29425.0,29601.90526383558,-176.9052638355788,176.9052638355788,31295.47237273575
2001-11-13 15:00:00,29353.0,29216.013265119054,136.98673488094573,136.98673488094573,18765.365533342516
2001-11-13 16:00:00,30346.0,30485.712950617344,-139.71295061734418,139.71295061734418,19519.708570204453
2001-11-13 17:00:00,33416.0,33413.07307111518,2.9269288848227006,2.9269288848227006,8.566912696809458
2001-11-13 18:00:00,33689.0,34276.43344822167,-587.4334482216727,587.4334482216727,345078.0560896047
2001-11-13 19:00:00,33135.0,33131.50700016972,3.4929998302832246,3.4929998302832246,12.201047814358637
2001-11-13 20:00:00,32337.0,32126.51087201636,210.48912798364108,210.48912798364108,44305.67299931363
2001-11-13 21:00:00,30571.0,30748.689880792328,-177.68988079232804,177.68988079232804,31573.69373599175
2001-11-13 22:00:00,28115.0,28119.720878821125,-4.720878821124643,4.720878821124643,22.286696843743197
2001-11-13 23:00:00,25858.0,25705.90882397324,152.09117602675906,152.09117602675906,23131.725825202608
2001-11-14 00:00:00,24200.0,24236.841583350317,-36.841583350316796,36.841583350316796,1357.3022637583397
2001-11-14 01:00:00,23484.0,23391.33387167973,92.66612832027022,92.66612832027022,8587.011337868786
2001-11-14 02:00:00,23217.0,23173.745498646724,43.25450135327628,43.25450135327628,1870.9518873205798
2001-11-14 03:00:00,23317.0,23111.64740626307,205.35259373693043,205.35259373693043,42169.687754484796
2001-11-14 04:00:00,24073.0,24094.239835620854,-21.239835620854137,21.239835620854137,451.1306172009042
2001-11-14 05:00:00,26672.0,26248.09390867867,423.90609132132886,423.90609132132886,179696.3742593268
2001-11-14 06:00:00,30653.0,30483.25630617097,169.74369382903024,169.74369382903024,28812.921594723557
2001-11-14 07:00:00,32457.0,32353.26516804598,103.7348319540215,103.7348319540215,10760.915360529081
2001-11-14 08:00:00,32266.0,32286.624757614692,-20.6247576146925,20.6247576146925,425.3806266648162
2001-11-14 09:00:00,31713.0,31853.749359359128,-140.749359359128,140.749359359128,19810.382160004952
2001-11-14 10:00:00,31412.0,31462.528145909506,-50.52814590950584,50.52814590950584,2553.0935290523116
2001-11-14 11:00:00,30910.0,31228.43857016596,-318.4385701659594,318.4385701659594,101403.12296934063
2001-11-14 12:00:00,30293.0,30436.11129493926,-143.1112949392591,143.1112949392591,20480.842739191605
2001-11-14 13:00:00,30005.0,30133.452514501474,-128.45251450147407,128.45251450147407,16500.048481751408
2001-11-14 14:00:00,29552.0,29649.720209234263,-97.72020923426317,97.72020923426317,9549.239292788172
2001-11-14 15:00:00,29662.0,29351.2498243727,310.75017562730136,310.75017562730136,96565.67165239864
2001-11-14 16:00:00,30591.0,30581.421528848616,9.578471151384292,9.578471151384292,91.74710959790113
2001-11-14 17:00:00,33359.0,33077.17729883549,281.8227011645067,281.8227011645067,79424.03489165886
2001-11-14 18:00:00,33452.0,33976.010658695355,-524.0106586953552,524.0106586953552,274587.1704263401
2001-11-14 19:00:00,32632.0,32469.49233259267,162.5076674073316,162.5076674073316,26408.741966171907
2001-11-14 20:00:00,31968.0,31759.647997766067,208.35200223393258,208.35200223393258,43410.556834888645
2001-11-14 21:00:00,30382.0,30450.29883479982,-68.29883479982163,68.29883479982163,4664.730835013327
2001-11-14 22:00:00,27927.0,27972.003467235045,-45.00346723504481,45.00346723504481,2025.3120631757517
2001-11-14 23:00:00,25466.0,25467.322018321272,-1.3220183212724805,1.3220183212724805,1.7477324417801074
2001-11-15 00:00:00,23828.0,23901.56025351307,-73.56025351307107,73.56025351307107,5411.110896907286
2001-11-15 01:00:00,23068.0,23118.53078607278,-50.53078607278076,50.53078607278076,2553.3603411331337
2001-11-15 02:00:00,22697.0,22822.703542732295,-125.70354273229532,125.70354273229532,15801.380655449995
2001-11-15 03:00:00,22617.0,22507.086453792137,109.91354620786296,109.91354620786296,12080.987639988027
2001-11-15 04:00:00,23230.0,23339.147701387803,-109.14770138780295,109.14770138780295,11913.220718241002
2001-11-15 05:00:00,25209.0,25098.165340380827,110.83465961917318,110.83465961917318,12284.321772897978
2001-11-15 06:00:00,29218.0,28824.571105402218,393.42889459778235,393.42889459778235,154786.29510443294
2001-11-15 07:00:00,31094.0,31220.64118279254,-126.64118279254035,126.64118279254035,16037.989179093618
2001-11-15 08:00:00,31252.0,31017.76206948764,234.23793051236134,234.23793051236134,54867.40809071382
2001-11-15 09:00:00,30925.0,30977.31469995845,-52.31469995844964,52.31469995844964,2736.8278317426107
2001-11-15 10:00:00,30790.0,30700.510348317166,89.48965168283394,89.48965168283394,8008.397758314943
2001-11-15 11:00:00,30819.0,30515.238803303484,303.761196696516,303.761196696516,92270.86461849947
2001-11-15 12:00:00,30562.0,30425.34643467607,136.6535653239298,136.6535653239298,18674.196915741548
2001-11-15 13:00:00,30539.0,30387.325080010196,151.67491998980404,151.67491998980404,23005.28135391346
2001-11-15 14:00:00,30187.0,30314.22541643769,-127.22541643769,127.22541643769,16186.30658774364
2001-11-15 15:00:00,29966.0,30129.241439306556,-163.24143930655555,163.24143930655555,26647.767506875858
2001-11-15 16:00:00,30747.0,30751.163347101483,-4.163347101482941,4.163347101482941,17.333459087426405
2001-11-15 17:00:00,33382.0,32741.94293652181,640.0570634781907,640.0570634781907,409673.04450832464
2001-11-15 18:00:00,33198.0,33475.05692660328,-277.0569266032835,277.0569266032835,76760.54057885722
2001-11-15 19:00:00,32394.0,32334.301128324423,59.69887167557681,59.69887167557681,3563.955279336987
2001-11-15 20:00:00,31446.0,31466.414089723723,-20.41408972372301,20.41408972372301,416.73505924821336
2001-11-15 21:00:00,29697.0,30037.949893230074,-340.94989323007394,340.94989323007394,116246.82969359882
2001-11-15 22:00:00,27145.0,27312.79451751225,-167.79451751225133,167.79451751225133,28155.00010716922
2001-11-15 23:00:00,24905.0,24703.441852465097,201.55814753490267,201.55814753490267,40625.68683770159
2001-11-16 00:00:00,23128.0,23220.365294518662,-92.36529451866227,92.36529451866227,8531.347631519222
2001-11-16 01:00:00,22164.0,22347.318166233534,-183.3181662335337,183.3181662335337,33605.550071225494
2001-11-16 02:00:00,21830.0,21812.31999265811,17.680007341888995,17.680007341888995,312.58265960924876
2001-11-16 03:00:00,21724.0,21631.187256561967,92.81274343803307,92.81274343803307,8614.20534449415
2001-11-16 04:00:00,22205.0,22073.197938385234,131.802061614766,131.802061614766,17371.78344590257
2001-11-16 05:00:00,24147.0,24374.79691062472,-227.7969106247183,227.7969106247183,51891.43249016589
2001-11-16 06:00:00,27994.0,27752.136600215737,241.86339978426258,241.86339978426258,58497.90415520203
2001-11-16 07:00:00,29556.0,30237.16895569469,-681.1689556946912,681.1689556946912,463991.14620219625
2001-11-16 08:00:00,29731.0,29825.952148916258,-94.95214891625801,94.95214891625801,9015.910583815237
2001-11-16 09:00:00,29809.0,29712.806370845938,96.19362915406236,96.19362915406236,9253.214289829277
2001-11-16 10:00:00,29849.0,29779.292743686983,69.70725631301684,69.70725631301684,4859.101582688626
2001-11-16 11:00:00,29912.0,29879.87459706439,32.1254029356096,32.1254029356096,1032.0415137752739
2001-11-16 12:00:00,29723.0,29673.834451078186,49.16554892181375,49.16554892181375,2417.2512007832615
2001-11-16 13:00:00,29656.0,29517.46638494027,138.53361505972862,138.53361505972862,19191.562501517066
2001-11-16 14:00:00,29337.0,29351.638651231176,-14.638651231176482,14.638651231176482,214.29010986802473
2001-11-16 15:00:00,28876.0,29090.160386644136,-214.16038664413645,214.16038664413645,45864.67120756602
2001-11-16 16:00:00,29350.0,29808.053759158156,-458.053759158156,458.053759158156,209813.246278918
2001-11-16 17:00:00,31655.0,31255.026388892362,399.97361110763813,399.97361110763813,159978.88958248415
2001-11-16 18:00:00,31658.0,31550.79144087077,107.20855912923071,107.20855912923071,11493.675150565758
2001-11-16 19:00:00,30709.0,30674.948213363143,34.05178663685729,34.05178663685729,1159.5241731620524
2001-11-16 20:00:00,29608.0,29752.75853982696,-144.75853982695844,144.75853982695844,20955.034852833112
2001-11-16 21:00:00,28283.0,28376.61190047243,-93.61190047243144,93.61190047243144,8763.187910060411
2001-11-16 22:00:00,26165.0,26340.400333078313,-175.40033307831254,175.40033307831254,30765.27684398298
2001-11-16 23:00:00,24139.0,24146.613666346555,-7.6136663465549645,7.6136663465549645,57.96791523666362
2001-11-17 00:00:00,22423.0,22455.883565517965,-32.8835655179646,32.8835655179646,1081.3288811742702
2001-11-17 01:00:00,21105.0,21252.76657152488,-147.76657152488042,147.76657152488042,21834.9596602176
2001-11-17 02:00:00,20583.0,20566.012980857242,16.987019142758072,16.987019142758072,288.5588193564292
2001-11-17 03:00:00,20412.0,20384.947995719114,27.05200428088574,27.05200428088574,731.8109356130603
2001-11-17 04:00:00,20598.0,20439.938617334694,158.06138266530616,158.06138266530616,24983.400690068345
2001-11-17 05:00:00,21500.0,21155.313562960942,344.68643703905764,344.68643703905764,118808.73987868025
2001-11-17 06:00:00,22830.0,22862.730297684095,-32.730297684094694,32.730297684094694,1071.2723864894544
2001-11-17 07:00:00,24228.0,24250.008986234636,-22.008986234635813,22.008986234635813,484.3954750763887
2001-11-17 08:00:00,26084.0,25707.633096686335,376.3669033136648,376.3669033136648,141652.0459099175
2001-11-17 09:00:00,26814.0,27117.474105476176,-303.4741054761762,303.4741054761762,92096.5326945653
2001-11-17 10:00:00,27117.0,27167.88343311833,-50.883433118331595,50.883433118331595,2589.1237659077246
2001-11-17 11:00:00,26510.0,27109.13607569029,-599.1360756902905,599.1360756902905,358964.03719356144
2001-11-17 12:00:00,25805.0,25953.451895702732,-148.45189570273214,148.45189570273214,22037.965337734862
2001-11-17 13:00:00,25213.0,25324.298692120232,-111.29869212023186,111.29869212023186,12387.398867674163
2001-11-17 14:00:00,24627.0,24760.1855476551,-133.18554765509907,133.18554765509907,17738.390104188667
2001-11-17 15:00:00,24481.0,24416.866710151848,64.13328984815234,64.13328984815234,4113.078866747121
2001-11-17 16:00:00,25787.0,25494.553122760633,292.4468772393666,292.4468772393666,85525.17600705715
2001-11-17 17:00:00,28993.0,28162.26705676312,830.7329432368788,830.7329432368788,690117.2229790073
2001-11-17 18:00:00,29293.0,29126.401939815194,166.59806018480595,166.59806018480595,27754.913657340225
2001-11-17 19:00:00,28783.0,28692.602639619272,90.39736038072806,90.39736038072806,8171.682763803223
2001-11-17 20:00:00,28221.0,27775.599412882235,445.4005871177651,445.4005871177651,198381.68300484985
2001-11-17 21:00:00,27216.0,27068.984621668846,147.01537833115435,147.01537833115435,21613.52146585245
2001-11-17 22:00:00,25969.0,25644.526907038337,324.4730929616635,324.4730929616635,105282.78805610831
2001-11-17 23:00:00,24274.0,24100.037543599425,173.96245640057532,173.96245640057532,30262.93623692207
2001-11-18 00:00:00,22853.0,22514.620470978058,338.3795290219423,338.3795290219423,114500.70566111148
2001-11-18 01:00:00,22130.0,21733.518986021816,396.4810139781839,396.4810139781839,157197.19444516886
2001-11-18 02:00:00,21762.0,21457.018328877693,304.9816711223066,304.9816711223066,93013.81972055478
2001-11-18 03:00:00,21679.0,21394.50803034625,284.49196965375086,284.49196965375086,80935.6807974707
2001-11-18 04:00:00,21889.0,21584.26295284379,304.7370471562099,304.7370471562099,92864.66790948609
2001-11-18 05:00:00,22484.0,22584.00249543577,-100.00249543576865,100.00249543576865,10000.49909338093
2001-11-18 06:00:00,23286.0,23759.57096408098,-473.57096408098005,473.57096408098005,224269.4580205889
2001-11-18 07:00:00,23988.0,24235.994685813625,-247.99468581362453,247.99468581362453,61501.36419179834
2001-11-18 08:00:00,25363.0,25231.824072459538,131.175927540462,131.175927540462,17207.12396610054
2001-11-18 09:00:00,26092.0,26362.416610349203,-270.41661034920253,270.41661034920253,73125.14315275243
2001-11-18 10:00:00,26028.0,26495.320279541767,-467.3202795417674,467.3202795417674,218388.2436709956
2001-11-18 11:00:00,25787.0,25915.10032612101,-128.10032612100986,128.10032612100986,16409.69355230908
2001-11-18 12:00:00,25565.0,25529.117424549062,35.88257545093802,35.88257545093802,1287.55922099226
2001-11-18 13:00:00,25159.0,25284.530738200385,-125.5307382003848,125.5307382003848,15757.96623313355
2001-11-18 14:00:00,24756.0,24768.44503565103,-12.445035651031503,12.445035651031503,154.87891235544512
2001-11-18 15:00:00,24774.0,24794.140137172322,-20.140137172322284,20.140137172322284,405.6251253199578
2001-11-18 16:00:00,26181.0,26111.595506345675,69.40449365432505,69.40449365432505,4816.983739413246
2001-11-18 17:00:00,29386.0,28471.960489295125,914.0395107048753,914.0395107048753,835468.2271296078
2001-11-18 18:00:00,29859.0,30294.42286734917,-435.4228673491707,435.4228673491707,189593.0734105735
2001-11-18 19:00:00,29511.0,30024.814165656342,-513.8141656563421,513.8141656563421,264004.99682912295
2001-11-18 20:00:00,28974.0,29286.520401690614,-312.52040169061365,312.52040169061365,97669.00147286251
2001-11-18 21:00:00,27829.0,27882.033552445482,-53.0335524454822,53.0335524454822,2812.557684987711
2001-11-18 22:00:00,26014.0,25965.972354650406,48.02764534959351,48.02764534959351,2306.6547178263313
2001-11-18 23:00:00,24084.0,24237.104051219383,-153.1040512193831,153.1040512193831,23440.850499787488
2001-11-19 00:00:00,22808.0,22718.340419532364,89.65958046763626,89.65958046763626,8038.840369632541
2001-11-19 01:00:00,22228.0,22089.44720222781,138.5527977721904,138.5527977721904,19196.877770501487
2001-11-19 02:00:00,22096.0,22179.864876806267,-83.8648768062667,83.8648768062667,7033.3175617302895
2001-11-19 03:00:00,22211.0,22205.351487331285,5.6485126687148295,5.6485126687148295,31.905695368631925
2001-11-19 04:00:00,23069.0,23329.99906398463,-260.9990639846292,260.9990639846292,68120.51140085256
2001-11-19 05:00:00,25005.0,25505.66072551674,-500.66072551674006,500.66072551674006,250661.16207494852
2001-11-19 06:00:00,28866.0,28916.691444658554,-50.691444658554246,50.691444658554246,2569.622561571268
2001-11-19 07:00:00,31001.0,31105.236495825695,-104.23649582569487,104.23649582569487,10865.247062020106
2001-11-19 08:00:00,31386.0,31553.907988919746,-167.90798891974555,167.90798891974555,28193.092743073394
2001-11-19 09:00:00,31156.0,31414.395184770656,-258.39518477065576,258.39518477065576,66768.07151266134
2001-11-19 10:00:00,31053.0,31253.77153665048,-200.77153665048172,200.77153665048172,40309.209928995726
2001-11-19 11:00:00,30716.0,30861.805391269794,-145.8053912697942,145.8053912697942,21259.21212333778
2001-11-19 12:00:00,30125.0,30285.036527419445,-160.0365274194446,160.0365274194446,25611.690108474646
2001-11-19 13:00:00,29973.0,29905.642980809047,67.357019190953,67.357019190953,4536.96803429041
2001-11-19 14:00:00,29770.0,29693.3451214249,76.65487857510016,76.65487857510016,5875.970409363349
2001-11-19 15:00:00,29500.0,29633.504946788195,-133.5049467881945,133.5049467881945,17823.570816918644
2001-11-19 16:00:00,30036.0,30472.76344843764,-436.76344843763945,436.76344843763945,190762.30989113855
2001-11-19 17:00:00,32499.0,32138.396423112743,360.6035768872571,360.6035768872571,130034.93966388392
2001-11-19 18:00:00,32738.0,33014.267021765074,-276.2670217650739,276.2670217650739,76323.4673149438
2001-11-19 19:00:00,32615.0,32468.784658084944,146.21534191505634,146.21534191505634,21378.92621133683
2001-11-19 20:00:00,31824.0,31787.177541080673,36.82245891932689,36.82245891932689,1355.8934808655165
2001-11-19 21:00:00,30098.0,30012.74208443257,85.25791556742843,85.25791556742843,7268.9121669027545
2001-11-19 22:00:00,27463.0,27584.985409412006,-121.98540941200554,121.98540941200554,14880.440109414609
2001-11-19 23:00:00,24830.0,25169.51884334648,-339.5188433464791,339.5188433464791,115273.04498733103
2001-11-20 00:00:00,22953.0,23104.406877140376,-151.4068771403763,151.4068771403763,22924.042445401006
2001-11-20 01:00:00,21969.0,22158.31465577706,-189.31465577705967,189.31465577705967,35840.038891986595
2001-11-20 02:00:00,21563.0,21705.354744429576,-142.35474442957639,142.35474442957639,20264.87326161001
2001-11-20 03:00:00,21471.0,21433.076584994367,37.923415005632705,37.923415005632705,1438.1854056894479
2001-11-20 04:00:00,22182.0,22079.541706121858,102.45829387814229,102.45829387814229,10497.70198441977
2001-11-20 05:00:00,24225.0,24108.009998722682,116.99000127731779,116.99000127731779,13686.660398866818
2001-11-20 06:00:00,28108.0,27899.74597334115,208.25402665885122,208.25402665885122,43369.739619625514
2001-11-20 07:00:00,30431.0,30314.114867863736,116.88513213626356,116.88513213626356,13662.134114511793
2001-11-20 08:00:00,30967.0,30707.468263133258,259.531736866742,259.531736866742,67356.7224410678
2001-11-20 09:00:00,31255.0,31119.91342378218,135.08657621781822,135.08657621781822,18248.38307425241
2001-11-20 10:00:00,31331.0,31368.92642492059,-37.92642492059167,37.92642492059167,1438.4137072572769
2001-11-20 11:00:00,31202.0,31077.703571709713,124.29642829028671,124.29642829028671,15449.602085722387
2001-11-20 12:00:00,30895.0,30933.487318063457,-38.48731806345677,38.48731806345677,1481.2736517176857
2001-11-20 13:00:00,30761.0,30754.42170114171,6.578298858290509,6.578298858290509,43.27401586898622
2001-11-20 14:00:00,30480.0,30525.449314118705,-45.44931411870493,45.44931411870493,2065.6401538607115
2001-11-20 15:00:00,30609.0,30345.577283646166,263.4227163538344,263.4227163538344,69391.5274912327
2001-11-20 16:00:00,31743.0,31720.93591585389,22.064084146109963,22.064084146109963,486.823809206621
2001-11-20 17:00:00,34840.0,33770.75164948737,1069.2483505126293,1069.2483505126293,1143292.0350739786
2001-11-20 18:00:00,34848.0,34763.465694020495,84.534305979505,84.534305979505,7146.048887436576
2001-11-20 19:00:00,34191.0,34231.00201009878,-40.00201009878219,40.00201009878219,1600.1608119430725
2001-11-20 20:00:00,33615.0,33326.800609077756,288.19939092224377,288.19939092224377,83058.88892795228
2001-11-20 21:00:00,32435.0,31872.12243925641,562.8775607435891,562.8775607435891,316831.1483886529
2001-11-20 22:00:00,29753.0,29738.001367778434,14.998632221566368,14.998632221566368,224.95896851780887
2001-11-20 23:00:00,27372.0,27226.12047561894,145.87952438106004,145.87952438106004,21280.83563364429
2001-11-21 00:00:00,25606.0,25336.80438970126,269.19561029873876,269.19561029873876,72466.27660411042
2001-11-21 01:00:00,24807.0,24751.911501329458,55.08849867054232,55.08849867054232,3034.742685774343
2001-11-21 02:00:00,24495.0,24404.961240466004,90.0387595339962,90.0387595339962,8106.978218420792
2001-11-21 03:00:00,24633.0,24519.684008962486,113.31599103751432,113.31599103751432,12840.513824814027
2001-11-21 04:00:00,25375.0,25413.83113395084,-38.83113395084001,38.83113395084001,1507.85696390808
2001-11-21 05:00:00,27400.0,27534.918721360285,-134.91872136028542,134.91872136028542,18203.061373494336
2001-11-21 06:00:00,31198.0,30858.710270103842,339.28972989615795,339.28972989615795,115117.52081300782
2001-11-21 07:00:00,33049.0,32853.45663543441,195.54336456558667,195.54336456558667,38237.20742562994
2001-11-21 08:00:00,33309.0,32903.837966923245,405.1620330767546,405.1620330767546,164156.2730468892
2001-11-21 09:00:00,32861.0,33148.69083733889,-287.6908373388869,287.6908373388869,82766.01788874989
2001-11-21 10:00:00,32480.0,32611.86388737158,-131.86388737157904,131.86388737157904,17388.08479274448
2001-11-21 11:00:00,32070.0,32047.58801076014,22.411989239859395,22.411989239859395,502.29726168757327
2001-11-21 12:00:00,31116.0,31515.111849231384,-399.11184923138353,399.11184923138353,159290.2681968946
2001-11-21 13:00:00,30722.0,30803.07366564398,-81.07366564398035,81.07366564398035,6572.939260951919
2001-11-21 14:00:00,30205.0,30370.32907129041,-165.32907129040905,165.32907129040905,27333.701813749158
2001-11-21 15:00:00,29940.0,30039.899680707957,-99.89968070795658,99.89968070795658,9979.946205551672
2001-11-21 16:00:00,30880.0,31109.722218682935,-229.7222186829349,229.7222186829349,52772.29775661017
2001-11-21 17:00:00,33760.0,33199.76386800018,560.2361319998236,560.2361319998236,313864.52359812375
2001-11-21 18:00:00,33939.0,34856.496037415025,-917.4960374150251,917.4960374150251,841798.9786722731
2001-11-21 19:00:00,33213.0,33681.68699106748,-468.68699106747954,468.68699106747954,219667.49559588765
2001-11-21 20:00:00,32521.0,32260.38293777167,260.61706222833163,260.61706222833163,67921.25312452608
2001-11-21 21:00:00,31178.0,31044.90690526478,133.0930947352208,133.0930947352208,17713.771866198458
2001-11-21 22:00:00,29036.0,28950.4969272184,85.50307278160108,85.50307278160108,7310.775455095771
2001-11-21 23:00:00,26709.0,26488.84106190718,220.15893809281988,220.15893809281988,48469.9580221581
2001-11-22 00:00:00,24858.0,24827.852327704833,30.147672295166558,30.147672295166558,908.8821448167532
2001-11-22 01:00:00,23781.0,23733.217944736905,47.78205526309466,47.78205526309466,2283.1248051654325
2001-11-22 02:00:00,23260.0,23293.43285533385,-33.43285533384915,33.43285533384915,1117.7558157740855
2001-11-22 03:00:00,23138.0,22710.273099524064,427.7269004759364,427.7269004759364,182950.3013907516
2001-11-22 04:00:00,23346.0,23326.751949510137,19.24805048986309,19.24805048986309,370.4874476603187
2001-11-22 05:00:00,24009.0,24265.934253594965,-256.9342535949654,256.9342535949654,66015.210670402
2001-11-22 06:00:00,25067.0,26210.152188253724,-1143.1521882537236,1143.1521882537236,1306796.9255092766
2001-11-22 07:00:00,25857.0,26953.65224577548,-1096.65224577548,1096.65224577548,1202646.1481644036
2001-11-22 08:00:00,27008.0,27063.36370525755,-55.363705257550464,55.363705257550464,3065.139859844921
2001-11-22 09:00:00,27703.0,27986.395652502717,-283.395652502717,283.395652502717,80313.09585744071
2001-11-22 10:00:00,27867.0,28326.312905009534,-459.312905009534,459.312905009534,210968.3447082972
2001-11-22 11:00:00,27427.0,27794.071122450063,-367.07112245006283,367.07112245006283,134741.20893674903
2001-11-22 12:00:00,26487.0,26937.671909647594,-450.67190964759357,450.67190964759357,203105.17014540875
2001-11-22 13:00:00,25284.0,26089.286748088492,-805.2867480884925,805.2867480884925,648486.7466469391
2001-11-22 14:00:00,24235.0,24965.566236870487,-730.566236870487,730.566236870487,533727.0264551046
2001-11-22 15:00:00,23487.0,24355.430516343396,-868.4305163433964,868.4305163433964,754171.5617164582
2001-11-22 16:00:00,23734.0,24305.718995163297,-571.7189951632972,571.7189951632972,326862.6094305303
2001-11-22 17:00:00,25518.0,25536.794593366158,-18.794593366157642,18.794593366157642,353.2367397992168
2001-11-22 18:00:00,25724.0,27011.662604648056,-1287.662604648056,1287.662604648056,1658074.9834090157
2001-11-22 19:00:00,25817.0,26624.40545160265,-807.4054516026517,807.4054516026517,651903.5632776819
2001-11-22 20:00:00,25885.0,26154.0877690021,-269.0877690021007,269.0877690021007,72408.2274265279
2001-11-22 21:00:00,25599.0,25239.886644628285,359.11335537171544,359.11335537171544,128962.40200633199
2001-11-22 22:00:00,24654.0,24198.94536246927,455.05463753073127,455.05463753073127,207074.7231382252
2001-11-22 23:00:00,23294.0,22977.774062101125,316.2259378988747,316.2259378988747,99998.84380002295
2001-11-23 00:00:00,22051.0,21931.236229582628,119.76377041737214,119.76377041737214,14343.360704585022
2001-11-23 01:00:00,21382.0,21201.057610844586,180.94238915541428,180.94238915541428,32740.148193269382
2001-11-23 02:00:00,21285.0,21148.65013169489,136.34986830511116,136.34986830511116,18591.286586821156
2001-11-23 03:00:00,21373.0,21250.815369377637,122.18463062236333,122.18463062236333,14929.083960323367
2001-11-23 04:00:00,21936.0,21948.788028896808,-12.7880288968081,12.7880288968081,163.533683065599
2001-11-23 05:00:00,23208.0,23812.749929093785,-604.7499290937849,604.7499290937849,365722.47673893784
2001-11-23 06:00:00,25138.0,26097.727637760025,-959.7276377600247,959.7276377600247,921077.1386804371
2001-11-23 07:00:00,26208.0,27382.855061610444,-1174.855061610444,1174.855061610444,1380284.41579168
2001-11-23 08:00:00,27303.0,26848.83756795975,454.1624320402516,454.1624320402516,206263.51467671615
2001-11-23 09:00:00,27590.0,27710.50845254826,-120.50845254825981,120.50845254825981,14522.287135576187
2001-11-23 10:00:00,27383.0,27608.26749309318,-225.26749309317893,225.26749309317893,50745.44344448541
2001-11-23 11:00:00,27071.0,27299.016867164177,-228.0168671641768,228.0168671641768,51991.69171136585
2001-11-23 12:00:00,26506.0,26709.004129169414,-203.00412916941423,203.00412916941423,41210.67645983222
2001-11-23 13:00:00,26065.0,26219.39360106788,-154.3936010678808,154.3936010678808,23837.384050707926
2001-11-23 14:00:00,25535.0,25692.36137148142,-157.36137148142006,157.36137148142006,24762.601234513484
2001-11-23 15:00:00,25411.0,25550.976210679783,-139.97621067978253,139.97621067978253,19593.339556270865
2001-11-23 16:00:00,26577.0,26171.153686754096,405.84631324590373,405.84631324590373,164711.22997529223
2001-11-23 17:00:00,29655.0,28057.218627052673,1597.7813729473273,1597.7813729473273,2552905.3157374463
2001-11-23 18:00:00,29591.0,29808.13029724666,-217.1302972466583,217.1302972466583,47145.56598242219
2001-11-23 19:00:00,28912.0,28955.831842810796,-43.83184281079593,43.83184281079593,1921.2304441903232
2001-11-23 20:00:00,28260.0,28310.092428895798,-50.09242889579764,50.09242889579764,2509.251432680542
2001-11-23 21:00:00,27101.0,27022.577863546077,78.42213645392258,78.42213645392258,6150.031485997652
2001-11-23 22:00:00,25568.0,25380.252155314454,187.74784468554572,187.74784468554572,35249.2531840678
2001-11-23 23:00:00,23630.0,23764.706289063528,-134.70628906352795,134.70628906352795,18145.784313266748
2001-11-24 00:00:00,22012.0,21940.855720169053,71.1442798309472,71.1442798309472,5061.5085526641205
2001-11-24 01:00:00,21066.0,21078.764586633846,-12.764586633846193,12.764586633846193,162.93467193296487
2001-11-24 02:00:00,20506.0,20609.06403604262,-103.06403604261868,103.06403604261868,10622.195525394203
2001-11-24 03:00:00,20251.0,20363.726563672713,-112.72656367271338,112.72656367271338,12707.278157458304
2001-11-24 04:00:00,20261.0,20345.013750162416,-84.01375016241582,84.01375016241582,7058.310216352824
2001-11-24 05:00:00,20822.0,21098.017063139865,-276.01706313986506,276.01706313986506,76185.41914435626
2001-11-24 06:00:00,21841.0,22185.03038017988,-344.03038017988,344.03038017988,118356.90248671277
2001-11-24 07:00:00,22978.0,23319.494584057513,-341.49458405751284,341.49458405751284,116618.5509406137
2001-11-24 08:00:00,24906.0,24635.840017638846,270.1599823611541,270.1599823611541,72986.41606937909
2001-11-24 09:00:00,26440.0,25901.298405439495,538.7015945605053,538.7015945605053,290199.40798203106
2001-11-24 10:00:00,27000.0,26704.3017527635,295.69824723650163,295.69824723650163,87437.45341873924
2001-11-24 11:00:00,26950.0,26909.147323445333,40.85267655466669,40.85267655466669,1668.9411816802133
2001-11-24 12:00:00,26495.0,26591.967991894304,-96.96799189430385,96.96799189430385,9402.791452013777
2001-11-24 13:00:00,25933.0,25865.109851792968,67.89014820703233,67.89014820703233,4609.072223572814
2001-11-24 14:00:00,25409.0,25419.07917635289,-10.0791763528905,10.0791763528905,101.58979595266703
2001-11-24 15:00:00,25440.0,25108.917890741617,331.08210925838284,331.08210925838284,109615.36307097976
2001-11-24 16:00:00,26784.0,26101.22619215307,682.7738078469301,682.7738078469301,466180.0726817967
2001-11-24 17:00:00,28971.0,28223.975577467198,747.0244225328024,747.0244225328024,558045.4878604669
2001-11-24 18:00:00,28737.0,29477.99817356278,-740.9981735627807,740.9981735627807,549078.2932233769
2001-11-24 19:00:00,28267.0,28811.591234537198,-544.591234537198,544.591234537198,296579.61273474945
2001-11-24 20:00:00,27502.0,27843.749199272705,-341.7491992727046,341.7491992727046,116792.51520353474
2001-11-24 21:00:00,26412.0,26473.6388415536,-61.63884155359847,61.63884155359847,3799.346788069617
2001-11-24 22:00:00,24868.0,24852.55254901928,15.447450980718713,15.447450980718713,238.62374180170752
2001-11-24 23:00:00,23055.0,23324.04496252698,-269.04496252697936,269.04496252697936,72385.19186114373
2001-11-25 00:00:00,21211.0,21459.69101612247,-248.6910161224696,248.6910161224696,61847.22150002643
2001-11-25 01:00:00,20033.0,20383.169490468114,-350.1694904681135,350.1694904681135,122618.67205469824
2001-11-25 02:00:00,19423.0,19599.965705725084,-176.96570572508426,176.96570572508426,31316.86100277712
2001-11-25 03:00:00,19084.0,19162.122418898736,-78.12241889873621,78.12241889873621,6103.112334589618
2001-11-25 04:00:00,19031.0,19022.818291394247,8.181708605752647,8.181708605752647,66.94035570944692
2001-11-25 05:00:00,19336.0,19505.65286705587,-169.65286705586914,169.65286705586914,28782.095300276407
2001-11-25 06:00:00,20051.0,19986.435525550893,64.56447444910737,64.56447444910737,4168.5713608894375
2001-11-25 07:00:00,20775.0,21095.350255517766,-320.3502555177656,320.3502555177656,102624.28621029772
2001-11-25 08:00:00,22546.0,22338.252660585644,207.74733941435625,207.74733941435625,43158.95703374374
2001-11-25 09:00:00,23979.0,23946.637398031835,32.36260196816511,32.36260196816511,1047.3380061498842
2001-11-25 10:00:00,24796.0,24565.67805924452,230.32194075547886,230.32194075547886,53048.196393370315
2001-11-25 11:00:00,25177.0,25010.44028881244,166.55971118756133,166.55971118756133,27742.137390883843
2001-11-25 12:00:00,25533.0,25066.777897039825,466.2221029601751,466.2221029601751,217363.0492886081
2001-11-25 13:00:00,25458.0,25360.4928549275,97.50714507250086,97.50714507250086,9507.643340189728
2001-11-25 14:00:00,25318.0,25132.483274842387,185.5167251576131,185.5167251576131,34416.45531320536
2001-11-25 15:00:00,25653.0,25355.074470914056,297.9255290859437,297.9255290859437,88759.62088113949
2001-11-25 16:00:00,27417.0,26712.167779126048,704.8322208739519,704.8322208739519,496788.4595821073
2001-11-25 17:00:00,29368.0,29582.140811772497,-214.14081177249682,214.14081177249682,45856.28726658391
2001-11-25 18:00:00,29373.0,29790.950225017597,-417.9502250175974,417.9502250175974,174682.39059226032
2001-11-25 19:00:00,28740.0,29554.029417447484,-814.0294174474839,814.0294174474839,662643.89246989
2001-11-25 20:00:00,27864.0,28520.690803018228,-656.6908030182276,656.6908030182276,431242.8107687246
2001-11-25 21:00:00,26493.0,26971.93698517102,-478.93698517102166,478.93698517102166,229380.63576470743
2001-11-25 22:00:00,24571.0,24718.842383864932,-147.84238386493234,147.84238386493234,21857.370466866007
2001-11-25 23:00:00,22333.0,22900.84697412791,-567.8469741279114,567.8469741279114,322450.18602622487
2001-11-26 00:00:00,20844.0,21209.625478626447,-365.62547862644715,365.62547862644715,133681.99062081857
2001-11-26 01:00:00,20019.0,20311.39773355285,-292.3977335528507,292.3977335528507,85496.43458684387
2001-11-26 02:00:00,19738.0,19844.921966314378,-106.92196631437764,106.92196631437764,11432.306880532908
2001-11-26 03:00:00,19730.0,19791.327582939633,-61.32758293963343,61.32758293963343,3761.0724292176174
2001-11-26 04:00:00,20423.0,20407.09130898598,15.908691014021315,15.908691014021315,253.08644977960253
2001-11-26 05:00:00,22336.0,22461.905363822745,-125.90536382274513,125.90536382274513,15852.160639337819
2001-11-26 06:00:00,25816.0,26064.368606766744,-248.36860676674405,248.36860676674405,61686.96482725354
2001-11-26 07:00:00,27836.0,28548.036483827775,-712.0364838277746,712.0364838277746,506995.9543018208
2001-11-26 08:00:00,28753.0,29040.604111144232,-287.60411114423187,287.60411114423187,82716.12474706367
2001-11-26 09:00:00,29265.0,29396.67415210086,-131.67415210085892,131.67415210085892,17338.08233148013
2001-11-26 10:00:00,29507.0,29811.326194681733,-304.3261946817329,304.3261946817329,92614.43276946398
2001-11-26 11:00:00,29574.0,29717.756686519526,-143.75668651952583,143.75668651952583,20665.98491907322
2001-11-26 12:00:00,29378.0,29435.25884810853,-57.25884810852949,57.25884810852949,3278.5756867156515
2001-11-26 13:00:00,29207.0,29476.519668933644,-269.5196689336444,269.5196689336444,72640.85194210129
2001-11-26 14:00:00,28905.0,29227.091983035614,-322.09198303561425,322.09198303561425,103743.24553581442
2001-11-26 15:00:00,28791.0,28922.056972408085,-131.05697240808513,131.05697240808513,17175.930016773586
2001-11-26 16:00:00,30017.0,29965.27458942053,51.72541057947092,51.72541057947092,2675.518099614842
2001-11-26 17:00:00,33001.0,32197.457309357687,803.5426906423127,803.5426906423127,645680.8556846874
2001-11-26 18:00:00,33040.0,33148.77036763982,-108.77036763982323,108.77036763982323,11830.992876502305
2001-11-26 19:00:00,32338.0,32139.984946910303,198.01505308969718,198.01505308969718,39209.96125011559
2001-11-26 20:00:00,31344.0,31172.011996321173,171.98800367882723,171.98800367882723,29579.873409428288
2001-11-26 21:00:00,29719.0,29688.233018386873,30.766981613127427,30.766981613127427,946.6071575825212
2001-11-26 22:00:00,27020.0,27094.3230733837,-74.32307338370083,74.32307338370083,5523.919237198978
2001-11-26 23:00:00,24587.0,24567.085918451838,19.914081548162358,19.914081548162358,396.5706439068605
2001-11-27 00:00:00,22874.0,22873.409830892662,0.5901691073377151,0.5901691073377151,0.34829957525579547
2001-11-27 01:00:00,22015.0,21918.318753662756,96.68124633724437,96.68124633724437,9347.263393322928
2001-11-27 02:00:00,21739.0,21533.150962411288,205.84903758871224,205.84903758871224,42373.82627619906
2001-11-27 03:00:00,21837.0,21523.99868276977,313.0013172302315,313.0013172302315,97969.82458786001
2001-11-27 04:00:00,22492.0,22046.42718323274,445.5728167672605,445.5728167672605,198535.13504191072
2001-11-27 05:00:00,24644.0,24651.19335515823,-7.193355158229679,7.193355158229679,51.74435843242952
2001-11-27 06:00:00,28576.0,28146.10025436582,429.89974563417854,429.89974563417854,184813.79129633142
2001-11-27 07:00:00,30472.0,30950.419362190874,-478.4193621908744,478.4193621908744,228885.08611912304
2001-11-27 08:00:00,31091.0,31013.836049456313,77.16395054368695,77.16395054368695,5954.275263508565
2001-11-27 09:00:00,31114.0,31209.852133821634,-95.8521338216342,95.8521338216342,9187.63155816047
2001-11-27 10:00:00,31075.0,31085.003047293772,-10.003047293772397,10.003047293772397,100.06095516144728
2001-11-27 11:00:00,30932.0,30950.207716485875,-18.2077164858747,18.2077164858747,331.5209396299933
2001-11-27 12:00:00,30850.0,30623.627332904984,226.37266709501637,226.37266709501637,51244.5844077111
2001-11-27 13:00:00,30544.0,30740.16744274801,-196.16744274801022,196.16744274801022,38481.66559429387
2001-11-27 14:00:00,30217.0,30303.2216338085,-86.22163380850179,86.22163380850179,7434.170136607379
2001-11-27 15:00:00,30285.0,30080.9831496423,204.0168503577006,204.0168503577006,41622.8752298764
2001-11-27 16:00:00,31808.0,31557.05651393367,250.9434860663314,250.9434860663314,62972.633199123055
2001-11-27 17:00:00,34450.0,33905.109630836814,544.8903691631858,544.8903691631858,296905.51440679294
2001-11-27 18:00:00,34314.0,34294.46098381215,19.53901618785312,19.53901618785312,381.77315358918634
2001-11-27 19:00:00,33468.0,33716.670755862906,-248.67075586290593,248.67075586290593,61837.14482142896
2001-11-27 20:00:00,32324.0,32522.566734070926,-198.56673407092603,198.56673407092603,39428.74787959386
2001-11-27 21:00:00,30452.0,30640.771117824024,-188.77111782402426,188.77111782402426,35634.53492453165
2001-11-27 22:00:00,27507.0,27996.469755885864,-489.4697558858643,489.4697558858643,239580.64192696757
2001-11-27 23:00:00,24880.0,24918.159110686756,-38.15911068675632,38.15911068675632,1456.1177284041205
2001-11-28 00:00:00,23073.0,23242.786262881524,-169.78626288152373,169.78626288152373,28827.37506327388
2001-11-28 01:00:00,21945.0,22413.914636554426,-468.91463655442567,468.91463655442567,219880.9363749691
2001-11-28 02:00:00,21568.0,21723.13856871453,-155.13856871453027,155.13856871453027,24067.97550279303
2001-11-28 03:00:00,21492.0,21459.424757606153,32.575242393846565,32.575242393846565,1061.1464170178585
2001-11-28 04:00:00,21957.0,21998.368615155396,-41.36861515539567,41.36861515539567,1711.3623198752325
2001-11-28 05:00:00,23960.0,23896.63513649035,63.364863509650604,63.364863509650604,4015.105927596651
2001-11-28 06:00:00,27870.0,27502.94286342992,367.05713657008164,367.05713657008164,134730.94150702757
2001-11-28 07:00:00,30090.0,30444.524125767108,-354.52412576710776,354.52412576710776,125687.35575093204
2001-11-28 08:00:00,30525.0,30680.78527763146,-155.7852776314612,155.7852776314612,24269.05272671145
2001-11-28 09:00:00,30620.0,30675.085709908708,-55.08570990870794,55.08570990870794,3034.4354361463243
2001-11-28 10:00:00,30725.0,30650.81471693692,74.18528306308144,74.18528306308144,5503.456223149518
2001-11-28 11:00:00,30647.0,30644.220895342594,2.7791046574056963,2.7791046574056963,7.7234226968140325
2001-11-28 12:00:00,30386.0,30230.58279479278,155.41720520722083,155.41720520722083,24154.50767442339
2001-11-28 13:00:00,30276.0,30244.273501176864,31.726498823136353,31.726498823136353,1006.5707275744724
2001-11-28 14:00:00,30112.0,29998.500516152195,113.4994838478051,113.4994838478051,12882.13283371817
2001-11-28 15:00:00,30091.0,30069.402382095916,21.597617904084473,21.597617904084473,466.45709913083016
2001-11-28 16:00:00,31566.0,31173.473214103135,392.5267858968655,392.5267858968655,154077.27764652367
2001-11-28 17:00:00,34000.0,33586.30555372267,413.69444627733174,413.69444627733174,171143.09488070811
2001-11-28 18:00:00,33746.0,33848.799780875495,-102.79978087549534,102.79978087549534,10567.79494804986
2001-11-28 19:00:00,32933.0,33060.2904525389,-127.29045253890217,127.29045253890217,16202.859307558507
2001-11-28 20:00:00,32168.0,31979.17351144458,188.82648855541993,188.82648855541993,35655.44278017013
2001-11-28 21:00:00,30338.0,30564.477861779596,-226.47786177959642,226.47786177959642,51292.22187625798
2001-11-28 22:00:00,27541.0,27931.510076808263,-390.51007680826297,390.51007680826297,152498.12008879543
2001-11-28 23:00:00,24731.0,24985.041788737082,-254.04178873708224,254.04178873708224,64537.23042473633
2001-11-29 00:00:00,22778.0,23048.483588308336,-270.48358830833604,270.48358830833604,73161.37154415342
2001-11-29 01:00:00,21825.0,22004.299289583596,-179.29928958359596,179.29928958359596,32148.235245182204
2001-11-29 02:00:00,21352.0,21391.01218495926,-39.0121849592615,39.0121849592615,1521.9505752956295
2001-11-29 03:00:00,21237.0,21232.443425626127,4.556574373873445,4.556574373873445,20.76237002464018
2001-11-29 04:00:00,21711.0,21642.49898325974,68.50101674026155,68.50101674026155,4692.389294449593
2001-11-29 05:00:00,23793.0,23658.62215717072,134.37784282927896,134.37784282927896,18057.404643450398
2001-11-29 06:00:00,27664.0,27600.96287799117,63.03712200883092,63.03712200883092,3973.6787511562356
2001-11-29 07:00:00,30271.0,30055.29360268243,215.7063973175682,215.7063973175682,46529.24984372459
2001-11-29 08:00:00,30937.0,30747.996602950105,189.00339704989528,189.00339704989528,35722.28409640036
2001-11-29 09:00:00,31367.0,31044.40482152172,322.595178478281,322.595178478281,104067.64917743398
2001-11-29 10:00:00,31680.0,31450.634936478782,229.36506352121796,229.36506352121796,52608.33236409235
2001-11-29 11:00:00,31639.0,31570.10028405415,68.89971594584858,68.89971594584858,4747.170857418621
2001-11-29 12:00:00,31385.0,31387.055376819666,-2.0553768196659803,2.0553768196659803,4.224573870820239
2001-11-29 13:00:00,31332.0,31356.035498414236,-24.035498414235917,24.035498414235917,577.7051840207373
2001-11-29 14:00:00,31176.0,31175.51117751807,0.4888224819296738,0.4888224819296738,0.2389474188398863
2001-11-29 15:00:00,31267.0,31280.213995385995,-13.213995385995077,13.213995385995077,174.60967406109918
2001-11-29 16:00:00,32586.0,32312.981546582767,273.0184534172331,273.0184534172331,74539.07590633788
2001-11-29 17:00:00,34576.0,34300.78358628079,275.2164137192085,275.2164137192085,75744.07438046254
2001-11-29 18:00:00,34233.0,34166.592985992014,66.40701400798571,66.40701400798571,4409.89150945681
2001-11-29 19:00:00,33427.0,33700.54945720756,-273.5494572075622,273.5494572075622,74829.30553855191
2001-11-29 20:00:00,32482.0,32858.02599294637,-376.02599294637184,376.02599294637184,141395.54737130489
2001-11-29 21:00:00,30554.0,31015.03401557692,-461.03401557691905,461.03401557691905,212552.36351897885
2001-11-29 22:00:00,27965.0,28227.16311088927,-262.16311088926886,262.16311088926886,68729.49671113909
2001-11-29 23:00:00,25193.0,25605.851226731185,-412.8512267311853,412.8512267311853,170446.13541344457
2001-11-30 00:00:00,23077.0,23398.35432820211,-321.3543282021092,321.3543282021092,103268.60425422889
2001-11-30 01:00:00,22027.0,22261.492978946284,-234.49297894628398,234.49297894628398,54986.95717510238
2001-11-30 02:00:00,21551.0,21562.18191094697,-11.181910946968856,11.181910946968856,125.03513242594192
2001-11-30 03:00:00,21374.0,21395.879516072466,-21.879516072465776,21.879516072465776,478.7132235652882
2001-11-30 04:00:00,21851.0,21598.580440713347,252.41955928665266,252.41955928665266,63715.63391046796
2001-11-30 05:00:00,23717.0,23878.41821772609,-161.4182177260882,161.4182177260882,26055.84101386681
2001-11-30 06:00:00,27610.0,27490.52532650307,119.47467349693034,119.47467349693034,14274.197607198108
2001-11-30 07:00:00,30087.0,30043.647902224133,43.35209777586715,43.35209777586715,1879.4043815683456
2001-11-30 08:00:00,30730.0,30918.704490004344,-188.70449000434382,188.70449000434382,35609.3845477995
2001-11-30 09:00:00,31232.0,30962.75098457484,269.2490154251609,269.2490154251609,72495.03230741853
2001-11-30 10:00:00,31541.0,31305.809891827925,235.19010817207527,235.19010817207527,55314.386981992466
2001-11-30 11:00:00,31622.0,31413.635359429878,208.364640570122,208.364640570122,43415.82343991613
2001-11-30 12:00:00,31304.0,31374.32565537422,-70.32565537422124,70.32565537422124,4945.697803813733
2001-11-30 13:00:00,31275.0,31148.71595407668,126.28404592331935,126.28404592331935,15947.660254763032
2001-11-30 14:00:00,30960.0,31106.17242058255,-146.1724205825485,146.1724205825485,21366.376538961453
2001-11-30 15:00:00,30831.0,31146.10255401615,-315.10255401614995,315.10255401614995,99289.6195475007
2001-11-30 16:00:00,31970.0,31842.978841408316,127.02115859168407,127.02115859168407,16134.374729973755
2001-11-30 17:00:00,33686.0,33905.45318744689,-219.45318744688848,219.45318744688848,48159.70148059917
2001-11-30 18:00:00,33104.0,33453.985517530484,-349.9855175304838,349.9855175304838,122489.86248108056
2001-11-30 19:00:00,31855.0,32139.12967158598,-284.12967158597894,284.12967158597894,80729.67027555624
2001-11-30 20:00:00,30863.0,30904.44202464387,-41.442024643871264,41.442024643871264,1717.4414065832332
2001-11-30 21:00:00,29514.0,29455.518373064184,58.481626935816166,58.481626935816166,3420.100689059979
2001-11-30 22:00:00,27361.0,27395.250294235448,-34.250294235447655,34.250294235447655,1173.082655214739
2001-11-30 23:00:00,24885.0,25052.51911277841,-167.51911277840918,167.51911277840918,28062.653146065375
2001-12-01 00:00:00,22665.0,22894.88302081665,-229.88302081665097,229.88302081665097,52846.20325978878
2001-12-01 01:00:00,21430.0,21529.381173182694,-99.3811731826936,99.3811731826936,9876.617583168538
2001-12-01 02:00:00,20730.0,20958.908008584447,-228.9080085844471,228.9080085844471,52398.8763940973
2001-12-01 03:00:00,20415.0,20472.559258102057,-57.559258102057356,57.559258102057356,3313.0681932592556
2001-12-01 04:00:00,20428.0,20400.23213347097,27.76786652902956,27.76786652902956,771.0544115740003
2001-12-01 05:00:00,21110.0,21027.65231803908,82.34768196092045,82.34768196092045,6781.140724336904
2001-12-01 06:00:00,22292.0,22161.513558457886,130.48644154211433,130.48644154211433,17026.71142632362
2001-12-01 07:00:00,23394.0,23942.340593207642,-548.3405932076421,548.3405932076421,300677.4061593088
2001-12-01 08:00:00,25233.0,25182.530385761413,50.46961423858738,50.46961423858738,2547.1819613918224
2001-12-01 09:00:00,26558.0,26757.57172072427,-199.57172072427056,199.57172072427056,39828.871712846245
2001-12-01 10:00:00,27125.0,26992.280739564947,132.719260435053,132.719260435053,17614.402090427426
2001-12-01 11:00:00,26867.0,27150.124751611955,-283.1247516119547,283.1247516119547,80159.62497533105
2001-12-01 12:00:00,26825.0,26288.213585713682,536.7864142863182,536.7864142863182,288139.6545623628
2001-12-01 13:00:00,26285.0,26260.47893061441,24.521069385591545,24.521069385591545,601.2828438129949
2001-12-01 14:00:00,25740.0,25873.00227429277,-133.00227429276856,133.00227429276856,17689.604967048846
2001-12-01 15:00:00,25522.0,25536.810753492056,-14.810753492056392,14.810753492056392,219.3584190024606
2001-12-01 16:00:00,26652.0,26659.20431260163,-7.2043126016287715,7.2043126016287715,51.90212006198712
2001-12-01 17:00:00,29715.0,28481.255697535253,1233.7443024647473,1233.7443024647473,1522125.003864226
2001-12-01 18:00:00,29612.0,29778.64271453333,-166.64271453332913,166.64271453332913,27769.794307036624
2001-12-01 19:00:00,28828.0,29251.786883782268,-423.786883782268,423.786883782268,179595.3228658855
2001-12-01 20:00:00,28247.0,28283.087001985576,-36.087001985575625,36.087001985575625,1302.2717123069392
2001-12-01 21:00:00,27260.0,27122.134473532416,137.86552646758355,137.86552646758355,19006.90338818398
2001-12-01 22:00:00,25727.0,25717.636745086103,9.363254913896526,9.363254913896526,87.67054258260744
2001-12-01 23:00:00,23751.0,23682.569143659188,68.43085634081217,68.43085634081217,4682.782099536873
2001-12-02 00:00:00,21977.0,21916.133145647458,60.86685435254185,60.86685435254185,3704.7739587735427
2001-12-02 01:00:00,20853.0,20859.395823690134,-6.395823690134421,6.395823690134421,40.90656067528468
2001-12-02 02:00:00,20230.0,20249.418976626916,-19.418976626915537,19.418976626915537,377.0966532366919
2001-12-02 03:00:00,19985.0,19857.770850066823,127.22914993317681,127.22914993317681,16187.256592718786
2001-12-02 04:00:00,20067.0,19926.957196664935,140.0428033350654,140.0428033350654,19611.986765943806
2001-12-02 05:00:00,20559.0,20347.241279707014,211.75872029298625,211.75872029298625,44841.755620123186
2001-12-02 06:00:00,21509.0,21282.092230046885,226.90776995311535,226.90776995311535,51487.13606509592
2001-12-02 07:00:00,22480.0,22523.468739465497,-43.46873946549749,43.46873946549749,1889.5313107192992
2001-12-02 08:00:00,24307.0,24059.40046219699,247.5995378030093,247.5995378030093,61305.53112026383
2001-12-02 09:00:00,25558.0,25462.065188855362,95.93481114463793,95.93481114463793,9203.487989357347
2001-12-02 10:00:00,26046.0,25943.57527142398,102.42472857602115,102.42472857602115,10490.825023871605
2001-12-02 11:00:00,26177.0,26135.591885330472,41.408114669528004,41.408114669528004,1714.6319604847804
2001-12-02 12:00:00,26175.0,26099.369724794826,75.63027520517426,75.63027520517426,5719.938527610396
2001-12-02 13:00:00,26019.0,25913.95901729357,105.04098270642862,105.04098270642862,11033.608047932237
2001-12-02 14:00:00,25855.0,25740.682733348276,114.31726665172391,114.31726665172391,13068.437454721348
2001-12-02 15:00:00,25981.0,25838.12969464978,142.87030535022132,142.87030535022132,20411.924150865478
2001-12-02 16:00:00,27375.0,27344.93961672793,30.060383272069885,30.060383272069885,903.6266424637389
2001-12-02 17:00:00,30864.0,29221.224240177704,1642.775759822296,1642.775759822296,2698712.197059722
2001-12-02 18:00:00,31344.0,31133.673053567352,210.32694643264767,210.32694643264767,44237.42439568185
2001-12-02 19:00:00,30959.0,30947.284748518243,11.71525148175715,11.71525148175715,137.2471172808131
2001-12-02 20:00:00,30701.0,30185.054947034885,515.9450529651149,515.9450529651149,266199.2976791752
2001-12-02 21:00:00,29644.0,29205.342411911814,438.65758808818646,438.65758808818646,192420.47958734506
2001-12-02 22:00:00,27587.0,27645.35483383025,-58.354833830249845,58.354833830249845,3405.2866313560717
2001-12-02 23:00:00,25441.0,25283.5691388496,157.4308611503984,157.4308611503984,24784.476042556023
2001-12-03 00:00:00,23762.0,23504.543190733686,257.45680926631394,257.45680926631394,66284.00863759115
2001-12-03 01:00:00,23100.0,22688.649569650428,411.350430349572,411.350430349572,169209.17654877808
2001-12-03 02:00:00,22950.0,22504.33573373578,445.6642662642189,445.6642662642189,198616.6382248246
2001-12-03 03:00:00,23180.0,22982.586250387543,197.41374961245674,197.41374961245674,38972.18853604976
2001-12-03 04:00:00,23923.0,24167.661528419478,-244.6615284194777,244.6615284194777,59859.26348855489
2001-12-03 05:00:00,26258.0,26279.155657951676,-21.155657951676403,21.155657951676403,447.561863368329
2001-12-03 06:00:00,30492.0,30126.455039664466,365.5449603355337,365.5449603355337,133623.11802670688
2001-12-03 07:00:00,32640.0,32508.458240871954,131.54175912804567,131.54175912804567,17303.234394500785
2001-12-03 08:00:00,32770.0,32972.85337675635,-202.85337675634946,202.85337675634946,41149.49246145346
2001-12-03 09:00:00,32226.0,32952.90572630805,-726.9057263080467,726.9057263080467,528391.9349394289
2001-12-03 10:00:00,31725.0,31973.17760519582,-248.17760519581861,248.17760519581861,61592.123720731615
2001-12-03 11:00:00,31177.0,31493.12312784587,-316.123127845869,316.123127845869,99933.83195905565
2001-12-03 12:00:00,30638.0,30758.5963233026,-120.59632330260138,120.59632330260138,14543.473194105556
2001-12-03 13:00:00,30397.0,30401.30621187081,-4.306211870811239,4.306211870811239,18.543460676315632
2001-12-03 14:00:00,30033.0,30144.824849253073,-111.8248492530729,111.8248492530729,12504.796910472478
2001-12-03 15:00:00,29828.0,29944.59707149025,-116.59707149025053,116.59707149025053,13594.877080102593
2001-12-03 16:00:00,31102.0,31079.58371441977,22.416285580231488,22.416285580231488,502.4898592144941
2001-12-03 17:00:00,34677.0,33822.35694821436,854.6430517856425,854.6430517856425,730414.7459654764
2001-12-03 18:00:00,35047.0,35182.06481620973,-135.06481620972772,135.06481620972772,18242.50457776753
2001-12-03 19:00:00,34570.0,34656.59368087965,-86.59368087964685,86.59368087964685,7498.465568286118
2001-12-03 20:00:00,33770.0,33937.18981754193,-167.18981754192646,167.18981754192646,27952.43508970266
2001-12-03 21:00:00,32021.0,32242.91495406235,-221.91495406235117,221.91495406235117,49246.24683649543
2001-12-03 22:00:00,29218.0,29505.128921977845,-287.1289219778446,287.1289219778446,82443.01783615917
2001-12-03 23:00:00,26286.0,26548.577129898502,-262.5771298985019,262.5771298985019,68946.74914573474
2001-12-04 00:00:00,24441.0,24559.720945491754,-118.72094549175381,118.72094549175381,14094.66289845598
2001-12-04 01:00:00,23638.0,23649.56435382384,-11.564353823840065,11.564353823840065,133.73427936296434
2001-12-04 02:00:00,23263.0,23388.34611464452,-125.34611464451882,125.34611464451882,15711.648456476856
2001-12-04 03:00:00,23269.0,23102.848977856702,166.15102214329818,166.15102214329818,27606.16215926276
2001-12-04 04:00:00,23885.0,23870.093835265125,14.906164734875347,14.906164734875347,222.1937471032414
2001-12-04 05:00:00,26230.0,25990.89669903836,239.10330096164034,239.10330096164034,57170.38853075276
2001-12-04 06:00:00,30225.0,30294.56927396604,-69.56927396604078,69.56927396604078,4839.8838801620395
2001-12-04 07:00:00,32159.0,32580.81557955016,-421.8155795501589,421.8155795501589,177928.3831512364
2001-12-04 08:00:00,32304.0,32477.179230048438,-173.1792300484376,173.1792300484376,29991.045720169674
2001-12-04 09:00:00,31625.0,32116.79644081021,-491.7964408102089,491.7964408102089,241863.73919358928
2001-12-04 10:00:00,31284.0,31413.417862421906,-129.41786242190574,129.41786242190574,16748.98311385532
2001-12-04 11:00:00,30920.0,31007.64217439356,-87.64217439356071,87.64217439356071,7681.150732431308
2001-12-04 12:00:00,30490.0,30533.280461276216,-43.28046127621565,43.28046127621565,1873.1983282820022
2001-12-04 13:00:00,30454.0,30299.80924125557,154.19075874442933,154.19075874442933,23774.79008218281
2001-12-04 14:00:00,30165.0,30305.888803735423,-140.8888037354227,140.8888037354227,19849.655017998455
2001-12-04 15:00:00,30025.0,30102.96928981108,-77.96928981108067,77.96928981108067,6079.210153644288
2001-12-04 16:00:00,30978.0,31509.201017085485,-531.2010170854846,531.2010170854846,282174.52055265335
2001-12-04 17:00:00,34191.0,33688.2330510254,502.76694897459674,502.76694897459674,252774.60498122478
2001-12-04 18:00:00,34594.0,34658.21082827915,-64.21082827915234,64.21082827915234,4123.03046829479
2001-12-04 19:00:00,33702.0,34197.757795691236,-495.7577956912355,495.7577956912355,245775.79198863282
2001-12-04 20:00:00,33007.0,32971.27630164734,35.723698352659994,35.723698352659994,1276.1826239918423
2001-12-04 21:00:00,31276.0,31438.908034986835,-162.90803498683454,162.90803498683454,26539.027863271705
2001-12-04 22:00:00,28259.0,28755.44295295356,-496.44295295355914,496.44295295355914,246455.60553724974
2001-12-04 23:00:00,25251.0,25783.55824339351,-532.5582433935087,532.5582433935087,283618.2826063797
2001-12-05 00:00:00,23148.0,23563.818942574206,-415.8189425742057,415.8189425742057,172905.3930035306
2001-12-05 01:00:00,22322.0,22375.339362976592,-53.33936297659238,53.33936297659238,2845.087642748674
2001-12-05 02:00:00,21789.0,22053.400714796102,-264.40071479610197,264.40071479610197,69907.73798468965
2001-12-05 03:00:00,21641.0,21623.36641525561,17.633584744391555,17.633584744391555,310.9433109376386
2001-12-05 04:00:00,22291.0,22112.58706605706,178.41293394293825,178.41293394293825,31831.174998127248
2001-12-05 05:00:00,24367.0,24550.398483496545,-183.39848349654494,183.39848349654494,33635.00374883247
2001-12-05 06:00:00,28235.0,28309.524820385694,-74.5248203856936,74.5248203856936,5553.9488535198925
2001-12-05 07:00:00,30676.0,30567.920984143868,108.07901585613217,108.07901585613217,11681.07366843007
2001-12-05 08:00:00,30862.0,31112.373215360494,-250.3732153604942,250.3732153604942,62686.746969952415
2001-12-05 09:00:00,30917.0,30828.737471993823,88.26252800617658,88.26252800617658,7790.273850041105
2001-12-05 10:00:00,30906.0,30872.801430442258,33.1985695577423,33.1985695577423,1102.145020680254
2001-12-05 11:00:00,30780.0,30777.165992439026,2.834007560973987,2.834007560973987,8.031598855657727
2001-12-05 12:00:00,30612.0,30439.722372735934,172.2776272640658,172.2776272640658,29679.580855736393
2001-12-05 13:00:00,30511.0,30454.428980939825,56.571019060174876,56.571019060174876,3200.280197506669
2001-12-05 14:00:00,30343.0,30343.648800185718,-0.648800185717846,0.648800185717846,0.4209416809875115
2001-12-05 15:00:00,30274.0,30310.378120285015,-36.37812028501503,36.37812028501503,1323.367635471022
2001-12-05 16:00:00,31204.0,31431.35602075412,-227.35602075411953,227.35602075411953,51690.76017314763
2001-12-05 17:00:00,34173.0,33818.78422666561,354.215773334392,354.215773334392,125468.81407888136
2001-12-05 18:00:00,34190.0,34190.93163954091,-0.9316395409114193,0.9316395409114193,0.8679522341896402
2001-12-05 19:00:00,33479.0,33649.028540299965,-170.02854029996524,170.02854029996524,28909.704516536905
2001-12-05 20:00:00,32747.0,32858.859071663595,-111.85907166359539,111.85907166359539,12512.451913441368
2001-12-05 21:00:00,30905.0,31511.612287897824,-606.612287897824,606.612287897824,367978.4678286325
2001-12-05 22:00:00,27284.0,28527.64489178218,-1243.64489178218,1243.64489178218,1546652.61685591
2001-12-05 23:00:00,25071.0,24822.00615103813,248.99384896186893,248.99384896186893,61997.936820846
2001-12-06 00:00:00,22888.0,23288.05071011441,-400.0507101144103,400.0507101144103,160040.57066304397
2001-12-06 01:00:00,21862.0,22161.324094871594,-299.32409487159384,299.32409487159384,89594.91377069891
2001-12-06 02:00:00,21359.0,21640.995479938578,-281.9954799385778,281.9954799385778,79521.45070578883
2001-12-06 03:00:00,21310.0,21280.93672031977,29.063279680231062,29.063279680231062,844.6742257713317
2001-12-06 04:00:00,21770.0,21582.001664095827,187.99833590417256,187.99833590417256,35343.3743027381
2001-12-06 05:00:00,23665.0,23681.541827759727,-16.541827759727312,16.541827759727312,273.6320656324851
2001-12-06 06:00:00,27424.0,27523.19778054808,-99.1977805480783,99.1977805480783,9840.1996656647
2001-12-06 07:00:00,30145.0,29914.99323898752,230.00676101247882,230.00676101247882,52903.11011145155
2001-12-06 08:00:00,30357.0,30904.059647745395,-547.0596477453946,547.0596477453946,299274.2581913152
2001-12-06 09:00:00,30569.0,30440.231471490228,128.7685285097723,128.7685285097723,16581.33393457204
2001-12-06 10:00:00,30736.0,30599.994527115057,136.00547288494272,136.00547288494272,18497.48865465689
2001-12-06 11:00:00,30819.0,30707.918469292123,111.08153070787739,111.08153070787739,12339.106464405108
2001-12-06 12:00:00,30716.0,30532.143771396648,183.85622860335206,183.85622860335206,33803.11279624805
2001-12-06 13:00:00,30707.0,30594.167292608665,112.83270739133513,112.83270739133513,12731.219857258655
2001-12-06 14:00:00,30412.0,30494.141985543305,-82.14198554330505,82.14198554330505,6747.305788996537
2001-12-06 15:00:00,30489.0,30360.370094578357,128.62990542164334,128.62990542164334,16545.65256878091
2001-12-06 16:00:00,31872.0,31780.25211546522,91.74788453477959,91.74788453477959,8417.674316607247
2001-12-06 17:00:00,34451.0,34019.9347855389,431.0652144611013,431.0652144611013,185817.21911839524
2001-12-06 18:00:00,34328.0,34006.86747158075,321.13252841924987,321.13252841924987,103126.10080894032
2001-12-06 19:00:00,33535.0,33886.32662237926,-351.3266223792598,351.3266223792598,123430.39559241901
2001-12-06 20:00:00,32654.0,32886.19052754058,-232.19052754058066,232.19052754058066,53912.441079573146
2001-12-06 21:00:00,30915.0,31240.346872075137,-325.34687207513707,325.34687207513707,105850.5871690756
2001-12-06 22:00:00,28094.0,28576.827955586617,-482.82795558661746,482.82795558661746,233122.83469595265
2001-12-06 23:00:00,25019.0,25443.063003164563,-424.06300316456327,424.06300316456327,179829.4306529484
2001-12-07 00:00:00,22884.0,23290.728285872225,-406.72828587222466,406.72828587222466,165427.89852855811
2001-12-07 01:00:00,21895.0,22102.270587543306,-207.27058754330574,207.27058754330574,42961.09646054717
2001-12-07 02:00:00,21408.0,21532.27631067526,-124.2763106752609,124.2763106752609,15444.601395053967
2001-12-07 03:00:00,21204.0,21418.95083727983,-214.95083727983,214.95083727983,46203.86244729996
2001-12-07 04:00:00,21616.0,21556.434922034194,59.56507796580627,59.56507796580627,3547.9985130725795
2001-12-07 05:00:00,23415.0,23620.00520888043,-205.00520888042956,205.00520888042956,42027.13566810856
2001-12-07 06:00:00,27423.0,27092.911425333663,330.0885746663371,330.0885746663371,108958.46712525398
2001-12-07 07:00:00,29996.0,29871.497208331224,124.5027916687759,124.5027916687759,15500.945133318613
2001-12-07 08:00:00,30452.0,30714.492033153383,-262.4920331533831,262.4920331533831,68902.06746899677
2001-12-07 09:00:00,30631.0,30669.141173074004,-38.141173074003746,38.141173074003746,1454.7490834611083
2001-12-07 10:00:00,30717.0,30798.505577512336,-81.50557751233646,81.50557751233646,6643.159165619487
2001-12-07 11:00:00,30457.0,30658.637126741767,-201.63712674176713,201.63712674176713,40657.53088067546
2001-12-07 12:00:00,30079.0,30177.578041547193,-98.5780415471927,98.5780415471927,9717.63027528005
2001-12-07 13:00:00,29977.0,29948.119119743522,28.88088025647812,28.88088025647812,834.1052443890278
2001-12-07 14:00:00,29779.0,29731.505393437867,47.49460656213341,47.49460656213341,2255.7376524918463
2001-12-07 15:00:00,29842.0,29697.707044018847,144.29295598115277,144.29295598115277,20820.45714577889
2001-12-07 16:00:00,31159.0,31200.407995627014,-41.407995627014316,41.407995627014316,1714.6221018468366
2001-12-07 17:00:00,33941.0,33652.22081353315,288.779186466847,288.779186466847,83393.418536454
2001-12-07 18:00:00,33509.0,33370.71337225478,138.28662774521945,138.28662774521945,19123.191413144898
2001-12-07 19:00:00,32543.0,32576.97628178976,-33.97628178976083,33.97628178976083,1154.3877242572337
2001-12-07 20:00:00,31748.0,31671.756914899597,76.24308510040282,76.24308510040282,5813.008025627267
2001-12-07 21:00:00,30277.0,30449.829710507634,-172.82971050763445,172.82971050763445,29870.10883415273
2001-12-07 22:00:00,28213.0,28039.66678989335,173.33321010665168,173.33321010665168,30044.401725876654
2001-12-07 23:00:00,25441.0,26005.734158987107,-564.7341589871066,564.7341589871066,318924.67032687465
2001-12-08 00:00:00,23587.0,23454.876459153664,132.12354084633625,132.12354084633625,17456.630045773483
2001-12-08 01:00:00,22444.0,22387.11321647879,56.88678352121133,56.88678352121133,3236.1061393891605
2001-12-08 02:00:00,21922.0,21810.22341864235,111.7765813576516,111.7765813576516,12494.004140003706
2001-12-08 03:00:00,21713.0,21622.44331175909,90.55668824091117,90.55668824091117,8200.51378516158
2001-12-08 04:00:00,21920.0,21504.542214796224,415.45778520377644,415.45778520377644,172605.17128642724
2001-12-08 05:00:00,22672.0,22617.353085377126,54.64691462287374,54.64691462287374,2986.2852777996513
2001-12-08 06:00:00,24090.0,24226.515057394994,-136.51505739499407,136.51505739499407,18636.360895558526
2001-12-08 07:00:00,25552.0,25614.227087050283,-62.227087050283444,62.227087050283444,3872.2103627635533
2001-12-08 08:00:00,27413.0,27380.786347425,32.21365257499929,32.21365257499929,1037.7194122227581
2001-12-08 09:00:00,28866.0,28564.020721969533,301.97927803046696,301.97927803046696,91191.48435980207
2001-12-08 10:00:00,29425.0,29403.560337792453,21.43966220754737,21.43966220754737,459.65911557373505
2001-12-08 11:00:00,29421.0,29256.146126919393,164.85387308060672,164.85387308060672,27176.79946967679
2001-12-08 12:00:00,29251.0,28956.729189298418,294.2708107015824,294.2708107015824,86595.31003096653
2001-12-08 13:00:00,29051.0,28918.468884190228,132.53111580977202,132.53111580977202,17564.496657783202
2001-12-08 14:00:00,29022.0,28727.247103022666,294.7528969773339,294.7528969773339,86879.27027653079
2001-12-08 15:00:00,29481.0,28954.5109294237,526.4890705762991,526.4890705762991,277190.74143629527
2001-12-08 16:00:00,31417.0,30766.55462334207,650.4453766579318,650.4453766579318,423079.1880156787
2001-12-08 17:00:00,33035.0,33548.73702334702,-513.737023347021,513.737023347021,263925.72915745765
2001-12-08 18:00:00,32641.0,32675.019309069703,-34.01930906970301,34.01930906970301,1157.3133895799776
2001-12-08 19:00:00,31842.0,31810.930663932588,31.069336067412223,31.069336067412223,965.303643669802
2001-12-08 20:00:00,31121.0,31203.901054131722,-82.90105413172205,82.90105413172205,6872.584776150709
2001-12-08 21:00:00,29834.0,29992.050477931385,-158.0504779313851,158.0504779313851,24979.953574339248
2001-12-08 22:00:00,28337.0,27873.846880130026,463.15311986997403,463.15311986997403,214510.81244529053
2001-12-08 23:00:00,26106.0,26166.638921246213,-60.6389212462127,60.6389212462127,3677.0787699043863
2001-12-09 00:00:00,23965.0,24095.870136418886,-130.87013641888552,130.87013641888552,17126.992606297707
2001-12-09 01:00:00,22766.0,22806.942259381936,-40.94225938193631,40.94225938193631,1676.2686032977517
2001-12-09 02:00:00,22109.0,22061.12729064256,47.872709357441636,47.872709357441636,2291.79630122208
2001-12-09 03:00:00,21739.0,21628.28793848539,110.71206151460865,110.71206151460865,12257.16056481449
2001-12-09 04:00:00,21808.0,21429.70243348513,378.2975665148697,378.2975665148697,143109.04883107226
2001-12-09 05:00:00,22241.0,21979.022322670975,261.977677329025,261.977677329025,68632.30341871076
2001-12-09 06:00:00,23152.0,23467.764498547625,-315.7644985476254,315.7644985476254,99707.21854303333
2001-12-09 07:00:00,24207.0,24297.997680726723,-90.99768072672305,90.99768072672305,8280.577897642623
2001-12-09 08:00:00,25935.0,25785.298286651378,149.70171334862243,149.70171334862243,22410.60297951312
2001-12-09 09:00:00,27058.0,27266.578902303714,-208.57890230371413,208.57890230371413,43505.158486222324
2001-12-09 10:00:00,27377.0,27811.48971896176,-434.4897189617586,434.4897189617586,188781.315883468
2001-12-09 11:00:00,27274.0,27726.73378465374,-452.73378465374117,452.73378465374117,204967.8797669001
2001-12-09 12:00:00,27146.0,27036.82351724831,109.17648275168904,109.17648275168904,11919.504386029854
2001-12-09 13:00:00,26763.0,26951.554972340266,-188.55497234026552,188.55497234026552,35552.9775942383
2001-12-09 14:00:00,26495.0,26255.217480790503,239.78251920949697,239.78251920949697,57495.65651845278
2001-12-09 15:00:00,26683.0,26577.06677886978,105.93322113022077,105.93322113022077,11221.847339024253
2001-12-09 16:00:00,28396.0,28434.643060987197,-38.643060987196804,38.643060987196804,1493.2861624602117
2001-12-09 17:00:00,32214.0,31089.990506461403,1124.0094935385969,1124.0094935385969,1263397.341564893
2001-12-09 18:00:00,32854.0,32498.26259059299,355.737409407011,355.737409407011,126549.10445161136
2001-12-09 19:00:00,32719.0,32415.018290503784,303.98170949621635,303.98170949621635,92404.87970824208
2001-12-09 20:00:00,32443.0,32148.342411199414,294.6575888005864,294.6575888005864,86823.09463777544
2001-12-09 21:00:00,31358.0,31454.608510624777,-96.60851062477741,96.60851062477741,9333.204325137729
2001-12-09 22:00:00,29145.0,29357.151703137402,-212.15170313740236,212.15170313740236,45008.3451441005
2001-12-09 23:00:00,26848.0,26689.36229390092,158.6377060990817,158.6377060990817,25165.92179637862
2001-12-10 00:00:00,24874.0,24922.14603016446,-48.14603016445835,48.14603016445835,2318.0402205969335
2001-12-10 01:00:00,24422.0,23884.433858764,537.5661412359987,537.5661412359987,288977.35620336165
2001-12-10 02:00:00,24304.0,24010.191403536282,293.80859646371755,293.80859646371755,86323.49135597963
2001-12-10 03:00:00,24461.0,24653.71197732015,-192.71197732014843,192.71197732014843,37137.9062026414
2001-12-10 04:00:00,25247.0,25503.41483180873,-256.4148318087282,256.4148318087282,65748.56597149836
2001-12-10 05:00:00,27710.0,27653.564823274402,56.43517672559756,56.43517672559756,3184.9291720494284
2001-12-10 06:00:00,32094.0,31384.753763815934,709.2462361840662,709.2462361840662,503030.22354126425
2001-12-10 07:00:00,34400.0,34128.85181021798,271.1481897820195,271.1481897820195,73521.34082206605
2001-12-10 08:00:00,34487.0,34954.050916477005,-467.05091647700465,467.05091647700465,218136.55858200998
2001-12-10 09:00:00,34179.0,34209.862970379436,-30.862970379435865,30.862970379435865,952.5229406419355
2001-12-10 10:00:00,33707.0,33943.97955385868,-236.9795538586768,236.9795538586768,56159.3089470575
2001-12-10 11:00:00,33043.0,33284.8855577051,-241.88555770509993,241.88555770509993,58508.62302630723
2001-12-10 12:00:00,32540.0,32475.12980573182,64.87019426818006,64.87019426818006,4208.142104391421
2001-12-10 13:00:00,32272.0,32041.92570772659,230.0742922734098,230.0742922734098,52934.1799651104
2001-12-10 14:00:00,32008.0,31818.187084122113,189.81291587788655,189.81291587788655,36028.94303406564
2001-12-10 15:00:00,32208.0,31889.561404149223,318.43859585077735,318.43859585077735,101403.13932741471
2001-12-10 16:00:00,34250.0,33608.53172796503,641.4682720349665,641.4682720349665,411481.5440275258
2001-12-10 17:00:00,37194.0,36994.38473884024,199.6152611597572,199.6152611597572,39846.252487878075
2001-12-10 18:00:00,37177.0,37576.05210783194,-399.05210783194343,399.05210783194343,159242.584765117
2001-12-10 19:00:00,36479.0,36552.814918380805,-73.81491838080547,73.81491838080547,5448.642175564973
2001-12-10 20:00:00,35698.0,35368.27637618961,329.7236238103869,329.7236238103869,108717.66809865355
2001-12-10 21:00:00,33925.0,34231.54845811836,-306.54845811836276,306.54845811836276,93971.9571747456
2001-12-10 22:00:00,30810.0,31273.432822490442,-463.43282249044205,463.43282249044205,214769.98096145756
2001-12-10 23:00:00,27424.0,27905.641927432032,-481.6419274320324,481.6419274320324,231978.94626044316
2001-12-11 00:00:00,25372.0,25220.293999295423,151.70600070457658,151.70600070457658,23014.71064977699
2001-12-11 01:00:00,24266.0,24351.632067123635,-85.63206712363535,85.63206712363535,7332.850919866791
2001-12-11 02:00:00,23745.0,23886.854513994796,-141.85451399479643,141.85451399479643,20122.703140699898
2001-12-11 03:00:00,23566.0,23753.943008317157,-187.94300831715736,187.94300831715736,35322.574375303084
2001-12-11 04:00:00,24144.0,24192.03748295089,-48.03748295089099,48.03748295089099,2307.5997682571424
2001-12-11 05:00:00,26336.0,26051.77371027471,284.2262897252913,284.2262897252913,80784.58377100521
2001-12-11 06:00:00,30334.0,30354.156680530326,-20.156680530326412,20.156680530326412,406.29177000163986
2001-12-11 07:00:00,32740.0,32877.81999909521,-137.81999909521255,137.81999909521255,18994.352150604387
2001-12-11 08:00:00,32850.0,33346.71997419739,-496.7199741973891,496.7199741973891,246730.7327666549
2001-12-11 09:00:00,32707.0,32876.43286326986,-169.4328632698598,169.4328632698598,28707.49515582301
2001-12-11 10:00:00,32325.0,32625.464842550606,-300.4648425506057,300.4648425506057,90279.12160896027
2001-12-11 11:00:00,32142.0,32012.275664596207,129.7243354037928,129.7243354037928,16828.40319595573
2001-12-11 12:00:00,31558.0,31757.228595176246,-199.22859517624602,199.22859517624602,39692.03313590052
2001-12-11 13:00:00,31301.0,31246.40212413887,54.59787586113089,54.59787586113089,2980.9280485474587
2001-12-11 14:00:00,30738.0,31046.101657183237,-308.10165718323697,308.10165718323697,94926.63115905688
2001-12-11 15:00:00,30621.0,31022.095268507397,-401.0952685073971,401.0952685073971,160877.414419021
2001-12-11 16:00:00,32108.0,32556.614245976925,-448.6142459769253,448.6142459769253,201254.74169344525
2001-12-11 17:00:00,35849.0,35332.71952443041,516.2804755695906,516.2804755695906,266545.5294543627
2001-12-11 18:00:00,36121.0,36057.501197259466,63.4988027405343,63.4988027405343,4032.0979494812864
2001-12-11 19:00:00,35553.0,35696.59508657752,-143.59508657752303,143.59508657752303,20619.548889206337
2001-12-11 20:00:00,34881.0,34986.17132640204,-105.17132640204363,105.17132640204363,11061.0078971652
2001-12-11 21:00:00,33449.0,33265.36207428514,183.63792571485828,183.63792571485828,33722.88776085581
2001-12-11 22:00:00,30409.0,30870.94288228795,-461.94288228794903,461.94288228794903,213391.22649649793
2001-12-11 23:00:00,27436.0,27469.277134742602,-33.27713474260236,33.27713474260236,1107.3676966773128
2001-12-12 00:00:00,25343.0,25284.678563789992,58.32143621000796,58.32143621000796,3401.3899215980277
2001-12-12 01:00:00,24519.0,24395.079815684647,123.92018431535325,123.92018431535325,15356.212080751122
2001-12-12 02:00:00,24154.0,24188.415198827184,-34.41519882718421,34.41519882718421,1184.4059103146217
2001-12-12 03:00:00,24178.0,24135.250201414932,42.749798585067765,42.749798585067765,1827.545279063862
2001-12-12 04:00:00,24927.0,24742.343396226508,184.65660377349195,184.65660377349195,34098.061317160405
2001-12-12 05:00:00,27184.0,27123.733280153043,60.26671984695713,60.26671984695713,3632.0775211116165
2001-12-12 06:00:00,31329.0,31112.32682749754,216.67317250245833,216.67317250245833,46947.26368228006
2001-12-12 07:00:00,33955.0,33530.29707495583,424.7029250441701,424.7029250441701,180372.574541074
2001-12-12 08:00:00,33736.0,34001.54297017234,-265.5429701723406,265.5429701723406,70513.06900794855
2001-12-12 09:00:00,33331.0,33543.598046613275,-212.59804661327507,212.59804661327507,45197.92942378028
2001-12-12 10:00:00,33178.0,32974.900000931884,203.09999906811572,203.09999906811572,41249.609621468604
2001-12-12 11:00:00,32794.0,32722.079457095275,71.92054290472515,71.92054290472515,5172.564491710412
2001-12-12 12:00:00,32267.0,32321.148321832996,-54.14832183299586,54.14832183299586,2932.040757329696
2001-12-12 13:00:00,32307.0,31741.896082119416,565.103917880584,565.103917880584,319342.4380039859
2001-12-12 14:00:00,32319.0,32147.106084374096,171.8939156259039,171.8939156259039,29547.51822920537
2001-12-12 15:00:00,32122.0,32366.591379603076,-244.59137960307635,244.59137960307635,59824.94297613619
2001-12-12 16:00:00,34102.0,33275.48255508162,826.5174449183833,826.5174449183833,683131.0867544127
2001-12-12 17:00:00,36776.0,36461.08034210923,314.9196578907722,314.9196578907722,99174.39092604101
2001-12-12 18:00:00,36585.0,36717.272843609455,-132.27284360945487,132.27284360945487,17496.105156531306
2001-12-12 19:00:00,35744.0,35668.68680275013,75.31319724986679,75.31319724986679,5672.077679997343
2001-12-12 20:00:00,34931.0,35073.8197692679,-142.8197692679023,142.8197692679023,20397.48649373685
2001-12-12 21:00:00,33216.0,33715.33664898463,-499.3366489846303,499.3366489846303,249337.0890191999
2001-12-12 22:00:00,30237.0,30887.279791628724,-650.2797916287236,650.2797916287236,422863.8074006962
2001-12-12 23:00:00,27073.0,27378.908026328394,-305.90802632839404,305.90802632839404,93579.72057213342
2001-12-13 00:00:00,24984.0,24928.10949331266,55.89050668734126,55.89050668734126,3123.748737767738
2001-12-13 01:00:00,23869.0,23904.990818478112,-35.99081847811249,35.99081847811249,1295.3390147244434
2001-12-13 02:00:00,23376.0,23556.112752710225,-180.11275271022532,180.11275271022532,32440.60368885478
2001-12-13 03:00:00,23457.0,23277.890213761148,179.1097862388524,179.1097862388524,32080.3155265274
2001-12-13 04:00:00,23987.0,24026.613436880412,-39.61343688041234,39.61343688041234,1569.2243814784124
2001-12-13 05:00:00,25895.0,26316.783412082917,-421.7834120829175,421.7834120829175,177901.2467083082
2001-12-13 06:00:00,29569.0,29875.78970568105,-306.7897056810507,306.7897056810507,94119.92351186571
2001-12-13 07:00:00,32243.0,32071.564738274286,171.43526172571364,171.43526172571364,29390.048962963938
2001-12-13 08:00:00,32393.0,32582.922534536585,-189.92253453658486,189.92253453658486,36070.56912480027
2001-12-13 09:00:00,32432.0,32348.221439448145,83.77856055185475,83.77856055185475,7018.847208140794
2001-12-13 10:00:00,32691.0,32313.909194400298,377.09080559970243,377.09080559970243,142197.47566783256
2001-12-13 11:00:00,32488.0,32617.859146886,-129.8591468859995,129.8591468859995,16863.398029959597
2001-12-13 12:00:00,32260.0,31969.08303802889,290.91696197111014,290.91696197111014,84632.67876250035
2001-12-13 13:00:00,32163.0,31898.172492933652,264.8275070663476,264.8275070663476,70133.60849897639
2001-12-13 14:00:00,31714.0,32000.938536508012,-286.9385365080125,286.9385365080125,82333.72373336
2001-12-13 15:00:00,31718.0,31871.60021006948,-153.60021006947863,153.60021006947863,23593.024533387965
2001-12-13 16:00:00,33289.0,33008.3980051876,280.60199481240124,280.60199481240124,78737.47949269885
2001-12-13 17:00:00,35951.0,36038.600983151395,-87.60098315139476,87.60098315139476,7673.932249090948
2001-12-13 18:00:00,35789.0,35754.709903568124,34.29009643187601,34.29009643187601,1175.8107133073559
2001-12-13 19:00:00,34983.0,35251.68331017585,-268.68331017585297,268.68331017585297,72190.72116705362
2001-12-13 20:00:00,34129.0,34354.44133318042,-225.44133318041713,225.44133318041713,50823.79470616385
2001-12-13 21:00:00,32486.0,32881.96266769274,-395.96266769273643,395.96266769273643,156786.4342063484
2001-12-13 22:00:00,29481.0,30013.699582659734,-532.699582659734,532.699582659734,283768.8453658548
2001-12-13 23:00:00,26518.0,26904.213079095975,-386.21307909597454,386.21307909597454,149160.54246479349
2001-12-14 00:00:00,24121.0,24602.41260381624,-481.4126038162394,481.4126038162394,231758.0951131315
2001-12-14 01:00:00,22936.0,23216.1006577601,-280.10065776010015,280.10065776010015,78456.37847764076
2001-12-14 02:00:00,22305.0,22575.831779830383,-270.8317798303833,270.8317798303833,73349.85296609323
2001-12-14 03:00:00,22116.0,22176.04576296897,-60.04576296896994,60.04576296896994,3605.4936505257215
2001-12-14 04:00:00,22578.0,22495.575272196947,82.42472780305252,82.42472780305252,6793.835753407299
2001-12-14 05:00:00,24552.0,24257.761493107948,294.2385068920521,294.2385068920521,86576.2989380642
2001-12-14 06:00:00,28587.0,28347.541734329552,239.45826567044787,239.45826567044787,57340.2609978988
2001-12-14 07:00:00,31280.0,31101.566167197132,178.43383280286798,178.43383280286798,31838.632688721846
2001-12-14 08:00:00,31750.0,32143.20491298816,-393.2049129881598,393.2049129881598,154610.1035980263
2001-12-14 09:00:00,32086.0,32116.298810258693,-30.298810258693265,30.298810258693265,918.0179030922963
2001-12-14 10:00:00,32189.0,32079.640875019424,109.35912498057587,109.35912498057587,11959.418216517213
2001-12-14 11:00:00,31979.0,31826.314865421882,152.68513457811787,152.68513457811787,23312.750321137966
2001-12-14 12:00:00,31775.0,31486.518736257432,288.48126374256753,288.48126374256753,83221.43953050881
2001-12-14 13:00:00,31646.0,31623.459677557585,22.540322442415345,22.540322442415345,508.0661358080529
2001-12-14 14:00:00,31517.0,31348.987404404023,168.01259559597747,168.01259559597747,28228.23227889747
2001-12-14 15:00:00,31750.0,31460.457763671297,289.54223632870344,289.54223632870344,83834.70661822676
2001-12-14 16:00:00,32833.0,32721.873194530493,111.12680546950651,111.12680546950651,12349.166893857542
2001-12-14 17:00:00,34810.0,34251.98581372485,558.014186275148,558.014186275148,311379.83208431554
2001-12-14 18:00:00,34376.0,34431.06551414184,-55.06551414183923,55.06551414183923,3032.210847705096
2001-12-14 19:00:00,33303.0,33858.425478864745,-555.425478864745,555.425478864745,308497.46257213125
2001-12-14 20:00:00,32329.0,32667.048054728475,-338.0480547284751,338.0480547284751,114276.4873057061
2001-12-14 21:00:00,30996.0,31142.046970012034,-146.04697001203385,146.04697001203385,21329.717449695916
2001-12-14 22:00:00,28721.0,29086.9210607946,-365.92106079460063,365.92106079460063,133898.2227330458
2001-12-14 23:00:00,25905.0,26345.07032116678,-440.07032116677874,440.07032116677874,193661.8875718318
2001-12-15 00:00:00,23705.0,24148.35601992911,-443.3560199291096,443.3560199291096,196564.56040738104
2001-12-15 01:00:00,22285.0,22468.628736291943,-183.62873629194291,183.62873629194291,33719.51279217591
2001-12-15 02:00:00,21649.0,21706.325239368587,-57.32523936858706,57.32523936858706,3286.183068665804
2001-12-15 03:00:00,21392.0,21311.19017304473,80.80982695526836,80.80982695526836,6530.228132540417
2001-12-15 04:00:00,21583.0,21469.74564123369,113.25435876630945,113.25435876630945,12826.549779567935
2001-12-15 05:00:00,22487.0,22079.418082076532,407.5819179234677,407.5819179234677,166123.01981817235
2001-12-15 06:00:00,23977.0,23971.692319098103,5.307680901896674,5.307680901896674,28.171476556358694
2001-12-15 07:00:00,25644.0,25519.46916570057,124.53083429942853,124.53083429942853,15507.928691311727
2001-12-15 08:00:00,27564.0,27595.426222586408,-31.426222586407675,31.426222586407675,987.6074660504399
2001-12-15 09:00:00,28869.0,28728.648206660124,140.35179333987617,140.35179333987617,19698.62589371931
2001-12-15 10:00:00,29075.0,29484.08290172834,-409.0829017283395,409.0829017283395,167348.82048647827
2001-12-15 11:00:00,28879.0,28786.04919044749,92.95080955250887,92.95080955250887,8639.852996466774
2001-12-15 12:00:00,28226.0,28427.73380067723,-201.73380067722974,201.73380067722974,40696.52633568026
2001-12-15 13:00:00,27599.0,27745.20229726877,-146.20229726877005,146.20229726877005,21375.111726665808
2001-12-15 14:00:00,26979.0,27226.118999015187,-247.118999015187,247.118999015187,61067.799674268
2001-12-15 15:00:00,26903.0,26796.78926533431,106.2107346656885,106.2107346656885,11280.720158225286
2001-12-15 16:00:00,28664.0,27904.573633802895,759.4263661971054,759.4263661971054,576728.40567534
2001-12-15 17:00:00,32400.0,31168.901472379763,1231.0985276202373,1231.0985276202373,1515603.5847087163
2001-12-15 18:00:00,32679.0,32437.062319245604,241.93768075439584,241.93768075439584,58533.84136881596
2001-12-15 19:00:00,32252.0,32045.991145926437,206.00885407356327,206.00885407356327,42439.64795670268
2001-12-15 20:00:00,31831.0,31524.29553231757,306.7044676824298,306.7044676824298,94067.63049636265
2001-12-15 21:00:00,31099.0,30785.54031196239,313.45968803760843,313.45968803760843,98256.9760246348
2001-12-15 22:00:00,29733.0,29243.433828485766,489.56617151423416,489.56617151423416,239675.03629110454
2001-12-15 23:00:00,27599.0,27452.099016742282,146.9009832577176,146.9009832577176,21579.898882084228
2001-12-16 00:00:00,25695.0,25447.358738164963,247.64126183503686,247.64126183503686,61326.19456324928
2001-12-16 01:00:00,24480.0,24330.097862169023,149.90213783097715,149.90213783097715,22470.650926297272
2001-12-16 02:00:00,23931.0,23906.849020092006,24.150979907994042,24.150979907994042,583.2698305163319
2001-12-16 03:00:00,23661.0,23609.74142604771,51.258573952291044,51.258573952291044,2627.44140362249
2001-12-16 04:00:00,23993.0,24027.701073534176,-34.70107353417552,34.70107353417552,1204.1645044242568
2001-12-16 05:00:00,24574.0,24686.166427359956,-112.16642735995629,112.16642735995629,12581.30742669635
2001-12-16 06:00:00,25734.0,25676.4001819276,57.59981807239819,57.59981807239819,3317.7390419733697
2001-12-16 07:00:00,26695.0,27178.601485236322,-483.60148523632233,483.60148523632233,233870.3965227769
2001-12-16 08:00:00,28236.0,28167.694378426415,68.30562157358509,68.30562157358509,4665.6579385538125
2001-12-16 09:00:00,28956.0,29190.586284232562,-234.58628423256232,234.58628423256232,55030.724750040514
2001-12-16 10:00:00,28770.0,29306.46849868948,-536.468498689479,536.468498689479,287798.45008614357
2001-12-16 11:00:00,28456.0,28437.48046674063,18.519533259368472,18.519533259368472,342.97311214485507
2001-12-16 12:00:00,28251.0,28025.725766325333,225.2742336746669,225.2742336746669,50748.480357708424
2001-12-16 13:00:00,27813.0,27827.89258959965,-14.892589599650819,14.892589599650819,221.78922498362775
2001-12-16 14:00:00,27392.0,27239.87134227618,152.12865772382065,152.12865772382065,23143.128500851377
2001-12-16 15:00:00,27495.0,27346.78930499691,148.21069500309022,148.21069500309022,21966.410113299033
2001-12-16 16:00:00,29867.0,29169.94818743339,697.0518125666094,697.0518125666094,485881.2294023956
2001-12-16 17:00:00,33228.0,32423.5333855659,804.466614434099,804.466614434099,647166.5337390613
2001-12-16 18:00:00,33663.0,33535.90045742656,127.09954257344361,127.09954257344361,16154.293722378607
2001-12-16 19:00:00,33466.0,33375.19668209604,90.80331790396303,90.80331790396303,8245.242542368174
2001-12-16 20:00:00,32989.0,32932.55943540205,56.44056459794956,56.44056459794956,3185.5373321353172
2001-12-16 21:00:00,31788.0,31910.825493306787,-122.8254933067874,122.8254933067874,15086.101806055674
2001-12-16 22:00:00,29502.0,29877.633286020402,-375.633286020402,375.633286020402,141100.36556648515
2001-12-16 23:00:00,26755.0,27245.338392340054,-490.33839234005427,490.33839234005427,240431.73900262898
2001-12-17 00:00:00,24642.0,25030.20393441866,-388.2039344186596,388.2039344186596,150702.294698127
2001-12-17 01:00:00,23656.0,23816.578451457874,-160.5784514578736,160.5784514578736,25785.439072608668
2001-12-17 02:00:00,23246.0,23514.46144804743,-268.46144804743017,268.46144804743017,72071.54908772305
2001-12-17 03:00:00,23356.0,23128.85516270196,227.14483729804124,227.14483729804124,51594.77711115363
2001-12-17 04:00:00,23940.0,23928.2700844337,11.729915566298587,11.729915566298587,137.59091919249389
2001-12-17 05:00:00,26036.0,25872.361517144484,163.6384828555165,163.6384828555165,26777.553071255163
2001-12-17 06:00:00,30196.0,29578.768254894538,617.2317451054623,617.2317451054623,380975.0271659344
2001-12-17 07:00:00,33075.0,33203.002138756485,-128.00213875648478,128.00213875648478,16384.547526234383
2001-12-17 08:00:00,33431.0,33879.855883026605,-448.8558830266047,448.8558830266047,201471.60372759306
2001-12-17 09:00:00,33511.0,33666.58887587406,-155.58887587406207,155.58887587406207,24207.898295754294
2001-12-17 10:00:00,33958.0,33631.28389627178,326.71610372822033,326.71610372822033,106743.41243534922
2001-12-17 11:00:00,33386.0,33903.8775369007,-517.877536900698,517.877536900698,268197.14322633384
2001-12-17 12:00:00,32971.0,32911.491021136724,59.50897886327584,59.50897886327584,3541.318565349811
2001-12-17 13:00:00,32754.0,32610.73122443286,143.26877556713953,143.26877556713953,20525.942052507395
2001-12-17 14:00:00,32339.0,32595.86058004233,-256.86058004232837,256.86058004232837,65977.35757968138
2001-12-17 15:00:00,32432.0,32429.62098514325,2.3790148567495635,2.3790148567495635,5.659711688635146
2001-12-17 16:00:00,34375.0,33816.84967038013,558.1503296198716,558.1503296198716,311531.79045477137
2001-12-17 17:00:00,36963.0,37131.43383773445,-168.43383773444657,168.43383773444657,28369.95769395388
2001-12-17 18:00:00,36856.0,37417.610780899304,-561.6107808993038,561.6107808993038,315406.6692223258
2001-12-17 19:00:00,36071.0,36347.49598586189,-276.4959858618895,276.4959858618895,76450.03019773819
2001-12-17 20:00:00,35179.0,35391.30311950788,-212.30311950788018,212.30311950788018,45072.61455277725
2001-12-17 21:00:00,33429.0,33749.039825978296,-320.039825978296,320.039825978296,102425.49021221798
2001-12-17 22:00:00,30419.0,30833.61765933703,-414.6176593370292,414.6176593370292,171907.8034341168
2001-12-17 23:00:00,27345.0,27530.791202584573,-185.7912025845726,185.7912025845726,34518.370957821695
2001-12-18 00:00:00,24640.0,25029.27018169913,-389.27018169912844,389.27018169912844,151531.27436007248
2001-12-18 01:00:00,23345.0,23713.020520372684,-368.0205203726837,368.0205203726837,135439.10341538087
2001-12-18 02:00:00,22698.0,22860.264624049443,-162.26462404944323,162.26462404944323,26329.80821790715
2001-12-18 03:00:00,22465.0,22404.777258338734,60.2227416612659,60.2227416612659,3626.7786131995713
2001-12-18 04:00:00,22850.0,22989.1640253649,-139.1640253648984,139.1640253648984,19366.625955762087
2001-12-18 05:00:00,24964.0,24597.93095705985,366.0690429401511,366.0690429401511,134006.54419911822
2001-12-18 06:00:00,29021.0,28763.661895594596,257.338104405404,257.338104405404,66222.89997896661
2001-12-18 07:00:00,31911.0,31369.431906632748,541.568093367252,541.568093367252,293295.99975344056
2001-12-18 08:00:00,32301.0,32802.669231448206,-501.6692314482061,501.6692314482061,251672.0177818338
2001-12-18 09:00:00,32495.0,32457.19318401209,37.80681598791125,37.80681598791125,1429.3553351437818
2001-12-18 10:00:00,32460.0,32425.262267026275,34.73773297372463,34.73773297372463,1206.7100921537956
2001-12-18 11:00:00,32256.0,32167.350229915493,88.6497700845066,88.6497700845066,7858.781736035881
2001-12-18 12:00:00,31903.0,31758.384183913782,144.61581608621782,144.61581608621782,20913.73426228278
2001-12-18 13:00:00,31754.0,31566.646710941528,187.353289058472,187.353289058472,35101.254921027365
2001-12-18 14:00:00,31514.0,31560.3083315872,-46.30833158719906,46.30833158719906,2144.4615743899785
2001-12-18 15:00:00,31704.0,31683.928303984903,20.071696015096677,20.071696015096677,402.8729809224478
2001-12-18 16:00:00,33457.0,33268.93148421709,188.06851578290662,188.06851578290662,35369.76662878539
2001-12-18 17:00:00,36983.0,35769.52533572963,1213.4746642703685,1213.4746642703685,1472520.7608260836
2001-12-18 18:00:00,36938.0,37023.415868263524,-85.41586826352432,85.41586826352432,7295.87055121174
2001-12-18 19:00:00,36389.0,36480.90233137558,-91.90233137558243,91.90233137558243,8446.038512267363
2001-12-18 20:00:00,35761.0,35751.990214098536,9.009785901464056,9.009785901464056,81.17624199022048
2001-12-18 21:00:00,34090.0,34551.07110854308,-461.0711085430812,461.0711085430812,212586.56713314579
2001-12-18 22:00:00,31457.0,31468.933634334928,-11.933634334927774,11.933634334927774,142.41162843976704
2001-12-18 23:00:00,28315.0,28760.802990767737,-445.80299076773736,445.80299076773736,198740.30657745933
2001-12-19 00:00:00,25649.0,26075.85829818568,-426.85829818568163,426.85829818568163,182208.0067299763
2001-12-19 01:00:00,24596.0,24734.340790950046,-138.34079095004563,138.34079095004563,19138.174440684226
2001-12-19 02:00:00,24212.0,24245.43385304007,-33.43385304007097,33.43385304007097,1117.822529105063
2001-12-19 03:00:00,24118.0,24016.649639593565,101.35036040643536,101.35036040643536,10271.89555451434
2001-12-19 04:00:00,24683.0,24598.33919145562,84.66080854438042,84.66080854438042,7167.452503388236
2001-12-19 05:00:00,27104.0,26514.40014932513,589.5998506748692,589.5998506748692,347627.9839158281
2001-12-19 06:00:00,31230.0,31106.45033192706,123.54966807294113,123.54966807294113,15264.520480933928
2001-12-19 07:00:00,33565.0,33763.6104005421,-198.61040054210025,198.61040054210025,39446.091203493495
2001-12-19 08:00:00,33417.0,33799.32041052086,-382.32041052085697,382.32041052085697,146168.8963008366
2001-12-19 09:00:00,32982.0,33132.310580115314,-150.31058011531422,150.31058011531422,22593.270494602297
2001-12-19 10:00:00,32658.0,32690.56315798661,-32.56315798660944,32.56315798660944,1060.359258060886
2001-12-19 11:00:00,31947.0,32326.904751795035,-379.9047517950348,379.9047517950348,144327.620436447
2001-12-19 12:00:00,31266.0,31367.033841322143,-101.03384132214342,101.03384132214342,10207.837092308055
2001-12-19 13:00:00,30930.0,30837.25285349133,92.747146508671,92.747146508671,8602.033185500883
2001-12-19 14:00:00,30477.0,30489.25222314996,-12.252223149960628,12.252223149960628,150.11697211643113
2001-12-19 15:00:00,30533.0,30617.976144927285,-84.97614492728462,84.97614492728462,7220.94520670288
2001-12-19 16:00:00,32027.0,31940.292705156775,86.7072948432251,86.7072948432251,7518.15497902997
2001-12-19 17:00:00,36033.0,34479.57285601724,1553.4271439827571,1553.4271439827571,2413135.891662426
2001-12-19 18:00:00,36376.0,35797.692497940574,578.307502059426,578.307502059426,334439.5669382131
2001-12-19 19:00:00,35703.0,35718.09717418246,-15.097174182461458,15.097174182461458,227.9246682955808
2001-12-19 20:00:00,35197.0,34955.6105100136,241.38948998640262,241.38948998640262,58268.885875895576
2001-12-19 21:00:00,33794.0,33902.77092775515,-108.77092775514757,108.77092775514757,11831.114724715531
2001-12-19 22:00:00,31137.0,31432.317727938876,-295.3177279388765,295.3177279388765,87212.56043498027
2001-12-19 23:00:00,28020.0,28387.07764679209,-367.0776467920914,367.0776467920914,134745.99877441942
2001-12-20 00:00:00,25552.0,25816.556879587726,-264.55687958772614,264.55687958772614,69990.34253719464
2001-12-20 01:00:00,24529.0,24539.186693759486,-10.186693759485934,10.186693759485934,103.76872974954966
2001-12-20 02:00:00,24018.0,24173.09088495511,-155.09088495510878,155.09088495510878,24053.182596158786
2001-12-20 03:00:00,23909.0,23930.12023306291,-21.120233062909392,21.120233062909392,446.064244631611
2001-12-20 04:00:00,24498.0,24510.90081060252,-12.900810602521233,12.900810602521233,166.43091420212426
2001-12-20 05:00:00,26709.0,26528.90824857391,180.09175142609092,180.09175142609092,32433.03893171692
2001-12-20 06:00:00,30923.0,30738.12668908961,184.87331091038868,184.87331091038868,34178.14108696924
2001-12-20 07:00:00,33384.0,33254.798707081754,129.2012929182456,129.2012929182456,16692.9740917463
2001-12-20 08:00:00,33701.0,33627.47581351747,73.52418648252933,73.52418648252933,5405.805997917749
2001-12-20 09:00:00,33513.0,33518.6976111752,-5.697611175201018,5.697611175201018,32.46277310377553
2001-12-20 10:00:00,33375.0,33192.83030243963,182.16969756036997,182.16969756036997,33185.79870923667
2001-12-20 11:00:00,33123.0,32985.02045316767,137.9795468323282,137.9795468323282,19038.35534405465
2001-12-20 12:00:00,32589.0,32548.605649558973,40.3943504410272,40.3943504410272,1631.7035475525142
2001-12-20 13:00:00,32504.0,32319.766900825536,184.23309917446386,184.23309917446386,33941.834831427834
2001-12-20 14:00:00,32165.0,32211.30139409891,-46.30139409891126,46.30139409891126,2143.8190955026944
2001-12-20 15:00:00,32423.0,32120.667774090994,302.3322259090055,302.3322259090055,91404.77482309393
2001-12-20 16:00:00,34020.0,33613.413303851055,406.5866961489446,406.5866961489446,165312.7414853142
2001-12-20 17:00:00,37717.0,36145.880701334085,1571.1192986659153,1571.1192986659153,2468415.8506404776
2001-12-20 18:00:00,37982.0,37510.165170893306,471.8348291066941,471.8348291066941,222628.10595814322
2001-12-20 19:00:00,37508.0,37446.62024335697,61.379756643029395,61.379756643029395,3767.4745255575112
2001-12-20 20:00:00,36894.0,37044.81687572922,-150.81687572922237,150.81687572922237,22745.730004723704
2001-12-20 21:00:00,35561.0,35686.772975606116,-125.77297560611623,125.77297560611623,15818.841392816708
2001-12-20 22:00:00,33116.0,32880.02747009618,235.9725299038182,235.9725299038182,55683.03486920838
2001-12-20 23:00:00,29793.0,30319.503673821564,-526.503673821564,526.503673821564,277206.11854760384
2001-12-21 00:00:00,27364.0,27454.67446310075,-90.67446310074956,90.67446310074956,8221.858258609194
2001-12-21 01:00:00,26104.0,26268.786220598835,-164.78622059883492,164.78622059883492,27154.498499247886
2001-12-21 02:00:00,25547.0,25754.911663322713,-207.91166332271314,207.91166332271314,43227.25974561722
2001-12-21 03:00:00,25359.0,25363.394442900288,-4.394442900287686,4.394442900287686,19.311128403888848
2001-12-21 04:00:00,25897.0,25849.945678601012,47.05432139898767,47.05432139898767,2214.1091623192287
2001-12-21 05:00:00,27998.0,27588.69404454875,409.30595545125107,409.30595545125107,167531.3651678615
2001-12-21 06:00:00,31932.0,31744.244283396107,187.75571660389323,187.75571660389323,35252.20911744147
2001-12-21 07:00:00,34194.0,34591.22920754241,-397.22920754241204,397.22920754241204,157791.04332477265
2001-12-21 08:00:00,34249.0,34779.82115161778,-530.8211516177835,530.8211516177835,281771.09500482987
2001-12-21 09:00:00,33912.0,34019.05340142977,-107.05340142976638,107.05340142976638,11460.430757682707
2001-12-21 10:00:00,33700.0,33523.73835476289,176.2616452371076,176.2616452371076,31068.16758169197
2001-12-21 11:00:00,33093.0,33284.452567824774,-191.45256782477372,191.45256782477372,36654.08572669958
2001-12-21 12:00:00,32330.0,32548.519226653276,-218.51922665327584,218.51922665327584,47750.652417145735
2001-12-21 13:00:00,31854.0,31797.356837959793,56.643162040207244,56.643162040207244,3208.4478059131748
2001-12-21 14:00:00,31378.0,31374.845883315746,3.1541166842544044,3.1541166842544044,9.948452057891998
2001-12-21 15:00:00,31274.0,31269.420607345022,4.57939265497771,4.57939265497771,20.970837088463796
2001-12-21 16:00:00,32858.0,32322.06183201899,535.9381679810103,535.9381679810103,287229.71989884163
2001-12-21 17:00:00,36734.0,35618.01152505018,1115.9884749498233,1115.9884749498233,1245430.2762208323
2001-12-21 18:00:00,36873.0,36473.24054282949,399.7594571705122,399.7594571705122,159807.62359726257
2001-12-21 19:00:00,36206.0,36275.67273600816,-69.67273600815679,69.67273600815679,4854.290142862308
2001-12-21 20:00:00,35461.0,35536.87327358866,-75.87327358865878,75.87327358865878,5756.753645059465
2001-12-21 21:00:00,34178.0,34367.564978568254,-189.56497856825445,189.56497856825445,35934.881099582766
2001-12-21 22:00:00,32248.0,32003.933359504837,244.06664049516257,244.06664049516257,59568.52500259493
2001-12-21 23:00:00,29651.0,29855.923076549552,-204.9230765495522,204.9230765495522,41993.46730253363
2001-12-22 00:00:00,27377.0,27444.08134512307,-67.08134512307151,67.08134512307151,4499.90686352063
2001-12-22 01:00:00,26051.0,26454.660837309977,-403.66083730997707,403.66083730997707,162942.07157779176
2001-12-22 02:00:00,25852.0,25567.328689108264,284.67131089173563,284.67131089173563,81037.7552448192
2001-12-22 03:00:00,25807.0,25669.485427321506,137.514572678494,137.514572678494,18910.25769894881
2001-12-22 04:00:00,25841.0,25922.141711164346,-81.1417111643459,81.1417111643459,6583.977290678137
2001-12-22 05:00:00,26616.0,26745.865807890597,-129.86580789059735,129.86580789059735,16865.12805907754
2001-12-22 06:00:00,27990.0,28090.84427670379,-100.84427670378864,100.84427670378864,10169.568143910288
2001-12-22 07:00:00,29253.0,29455.48887207803,-202.4888720780291,202.4888720780291,41001.74331543243
2001-12-22 08:00:00,30638.0,30660.585379312586,-22.585379312586156,22.585379312586156,510.0993586933947
2001-12-22 09:00:00,31223.0,31797.431797088837,-574.4317970888369,574.4317970888369,329971.8895067107
2001-12-22 10:00:00,30984.0,31304.199129011817,-320.1991290118167,320.1991290118167,102527.48221992604
2001-12-22 11:00:00,30174.0,30540.38043386694,-366.3804338669397,366.3804338669397,134234.62232052698
2001-12-22 12:00:00,29249.0,29380.833355514373,-131.83335551437267,131.83335551437267,17380.033626178974
2001-12-22 13:00:00,28384.0,28656.97595196181,-272.9759519618092,272.9759519618092,74515.87034945596
2001-12-22 14:00:00,27817.0,27803.172618750268,13.827381249731843,13.827381249731843,191.19647222543574
2001-12-22 15:00:00,27686.0,27718.102441950163,-32.102441950162756,32.102441950162756,1030.5667791635694
2001-12-22 16:00:00,29525.0,29176.43909274611,348.56090725389004,348.56090725389004,121494.70606565493
2001-12-22 17:00:00,33430.0,32251.78780770073,1178.21219229927,1178.21219229927,1388183.9700826523
2001-12-22 18:00:00,33821.0,33863.54708636318,-42.547086363178096,42.547086363178096,1810.2545579957355
2001-12-22 19:00:00,33564.0,33167.9737808418,396.02621915820055,396.02621915820055,156836.7662607391
2001-12-22 20:00:00,33192.0,33015.365556269215,176.63444373078528,176.63444373078528,31199.72671208395
2001-12-22 21:00:00,32340.0,32336.815101855347,3.184898144652834,3.184898144652834,10.143576191813066
2001-12-22 22:00:00,31189.0,30645.216156169838,543.7838438301624,543.7838438301624,295700.8688107064
2001-12-22 23:00:00,29426.0,29307.187854270564,118.81214572943645,118.81214572943645,14116.325972832845
2001-12-23 00:00:00,27141.0,27536.366853115996,-395.3668531159965,395.3668531159965,156314.94854284593
2001-12-23 01:00:00,25425.0,26205.29831866954,-780.2983186695383,780.2983186695383,608865.4661185083
2001-12-23 02:00:00,24901.0,24901.764235743536,-0.7642357435361191,0.7642357435361191,0.5840562716982048
2001-12-23 03:00:00,24633.0,24697.817239612312,-64.81723961231182,64.81723961231182,4201.274550959845
2001-12-23 04:00:00,24684.0,24766.349644147947,-82.3496441479474,82.3496441479474,6781.463891293568
2001-12-23 05:00:00,25327.0,24981.333480788526,345.6665192114742,345.6665192114742,119485.34250377648
2001-12-23 06:00:00,26357.0,26397.468962643696,-40.468962643695704,40.468962643695704,1637.7369374568384
2001-12-23 07:00:00,27471.0,27753.382793748413,-282.38279374841295,282.38279374841295,79740.04220515872
2001-12-23 08:00:00,28661.0,29045.15080079837,-384.15080079836844,384.15080079836844,147571.83775402774
2001-12-23 09:00:00,28931.0,29631.82357598055,-700.8235759805502,700.8235759805502,491153.6846501661
2001-12-23 10:00:00,28564.0,29344.731417906398,-780.7314179063978,780.7314179063978,609541.5469061345
2001-12-23 11:00:00,27879.0,28382.59204708146,-503.5920470814599,503.5920470814599,253604.9498836953
2001-12-23 12:00:00,27441.0,27534.515129793966,-93.51512979396648,93.51512979396648,8745.079500382397
2001-12-23 13:00:00,26971.0,26998.385978823473,-27.385978823473124,27.385978823473124,749.9918361197184
2001-12-23 14:00:00,26666.0,26566.0194708764,99.98052912360072,99.98052912360072,9996.106203835172
2001-12-23 15:00:00,26989.0,26660.105727018505,328.8942729814953,328.8942729814953,108171.44280002636
2001-12-23 16:00:00,29163.0,28834.15907752056,328.84092247944136,328.84092247944136,108136.35229712997
2001-12-23 17:00:00,32119.0,32238.972857813886,-119.97285781388564,119.97285781388564,14393.48661203082
2001-12-23 18:00:00,32279.0,32819.74562308996,-540.7456230899625,540.7456230899625,292405.82889095176
2001-12-23 19:00:00,31896.0,31974.44673575283,-78.44673575283014,78.44673575283014,6153.890350274358
2001-12-23 20:00:00,31354.0,31447.682298700773,-93.68229870077266,93.68229870077266,8776.373089860792
2001-12-23 21:00:00,30407.0,30407.990257616468,-0.9902576164677157,0.9902576164677157,0.9806101469723215
2001-12-23 22:00:00,28523.0,28765.542848793455,-242.54284879345505,242.54284879345505,58827.0335008448
2001-12-23 23:00:00,26125.0,26754.88293135684,-629.8829313568385,629.8829313568385,396752.50721468375
2001-12-24 00:00:00,23811.0,24653.09451888266,-842.094518882659,842.094518882659,709123.1787322169
2001-12-24 01:00:00,22421.0,23051.183201798794,-630.1832017987945,630.1832017987945,397130.8678293801
2001-12-24 02:00:00,21629.0,22116.391099327408,-487.3910993274076,487.3910993274076,237550.0837035789
2001-12-24 03:00:00,21678.0,21749.41138905134,-71.41138905133994,71.41138905133994,5099.586486241834
2001-12-24 04:00:00,21634.0,22234.06626509889,-600.0662650988888,600.0662650988888,360079.52250972996
2001-12-24 05:00:00,22770.0,23653.252418104807,-883.2524181048066,883.2524181048066,780134.834087988
2001-12-24 06:00:00,24686.0,26025.717908207578,-1339.7179082075781,1339.7179082075781,1794844.0735720887
2001-12-24 07:00:00,26463.0,27429.873570606287,-966.8735706062871,966.8735706062871,934844.5015369508
2001-12-24 08:00:00,27988.0,28510.400522530803,-522.4005225308028,522.4005225308028,272902.3059404559
2001-12-24 09:00:00,29121.0,29328.435076639686,-207.43507663968558,207.43507663968558,43029.31102051223
2001-12-24 10:00:00,29263.0,29825.30326351381,-562.3032635138115,562.3032635138115,316184.960158283
2001-12-24 11:00:00,28937.0,29384.65585006389,-447.6558500638894,447.6558500638894,200395.76009642342
2001-12-24 12:00:00,28370.0,28702.229450458537,-332.22945045853703,332.22945045853703,110376.40775198152
2001-12-24 13:00:00,27817.0,28290.514118395473,-473.5141183954729,473.5141183954729,224215.62031984192
2001-12-24 14:00:00,27612.0,27509.162750990057,102.83724900994275,102.83724900994275,10575.499783932972
2001-12-24 15:00:00,27584.0,27657.61150010823,-73.61150010822894,73.61150010822894,5418.652948183789
2001-12-24 16:00:00,29106.0,29331.227388670268,-225.22738867026783,225.22738867026783,50727.37660722789
2001-12-24 17:00:00,32592.0,31555.533763916745,1036.4662360832554,1036.4662360832554,1074262.2585405905
2001-12-24 18:00:00,32211.0,33262.810439346234,-1051.8104393462345,1051.8104393462345,1106305.2003177188
2001-12-24 19:00:00,31251.0,31799.16919236485,-548.1691923648505,548.1691923648505,300489.4634579324
2001-12-24 20:00:00,30846.0,30929.8035636564,-83.80356365639818,83.80356365639818,7023.037281511983
2001-12-24 21:00:00,30568.0,29718.241775699964,849.7582243000361,849.7582243000361,722089.0397655504
2001-12-24 22:00:00,29717.0,28496.640356328266,1220.3596436717344,1220.3596436717344,1489277.6599026024
2001-12-24 23:00:00,28106.0,27174.320917927154,931.6790820728456,931.6790820728456,868025.9119721003
2001-12-25 00:00:00,26466.0,25821.224955597714,644.7750444022859,644.7750444022859,415734.8578839697
2001-12-25 01:00:00,25154.0,25084.841724927912,69.15827507208814,69.15827507208814,4782.867010946608
2001-12-25 02:00:00,24415.0,24618.36246460546,-203.36246460545954,203.36246460545954,41356.29201040678
2001-12-25 03:00:00,24156.0,24304.365869245386,-148.36586924538642,148.36586924538642,22012.4311569391
2001-12-25 04:00:00,24300.0,24549.39394741049,-249.39394741048818,249.39394741048818,62197.34100498534
2001-12-25 05:00:00,24975.0,25206.060113092968,-231.0601130929681,231.0601130929681,53388.77586253521
2001-12-25 06:00:00,26130.0,26804.017185606015,-674.0171856060151,674.0171856060151,454299.1664922534
2001-12-25 07:00:00,27211.0,28142.65820743756,-931.6582074375583,931.6582074375583,867987.0154857644
2001-12-25 08:00:00,28191.0,28788.78110877843,-597.7811087784285,597.7811087784285,357342.25401236734
2001-12-25 09:00:00,28909.0,29227.91046616202,-318.91046616201857,318.91046616201857,101703.88542767598
2001-12-25 10:00:00,28811.0,29532.297910016514,-721.2979100165139,721.2979100165139,520270.67499419104
2001-12-25 11:00:00,28259.0,28750.45083869745,-491.4508386974485,491.4508386974485,241523.92685642553
2001-12-25 12:00:00,27366.0,27894.5419599501,-528.5419599501001,528.5419599501001,279356.60342789325
2001-12-25 13:00:00,26864.0,27046.993586964032,-182.99358696403215,182.99358696403215,33486.652869962796
2001-12-25 14:00:00,25667.0,26551.73204317678,-884.7320431767803,884.7320431767803,782750.7882237602
2001-12-25 15:00:00,25709.0,25621.599710001097,87.40028999890274,87.40028999890274,7638.810691892298
2001-12-25 16:00:00,27226.0,27310.151247329573,-84.15124732957338,84.15124732957338,7081.432427123031
2001-12-25 17:00:00,29990.0,29704.5069317804,285.4930682195991,285.4930682195991,81506.29200144066
2001-12-25 18:00:00,30362.0,31263.95497102945,-901.9549710294486,901.9549710294486,813522.7697647335
2001-12-25 19:00:00,30510.0,30566.05432006823,-56.05432006822957,56.05432006822957,3142.0867983115245
2001-12-25 20:00:00,30692.0,30543.841332355183,148.1586676448169,148.1586676448169,21950.990798287312
2001-12-25 21:00:00,30230.0,29802.768908069185,427.2310919308147,427.2310919308147,182526.40591239627
2001-12-25 22:00:00,28868.0,28401.111824364307,466.8881756356932,466.8881756356932,217984.5685484259
2001-12-25 23:00:00,26833.0,26956.914292800862,-123.91429280086231,123.91429280086231,15354.751960337837
2001-12-26 00:00:00,25144.0,25174.442068339908,-30.442068339907564,30.442068339907564,926.7195248116025
2001-12-26 01:00:00,24246.0,24282.699764108707,-36.69976410870731,36.69976410870731,1346.8726856347614
2001-12-26 02:00:00,23839.0,23927.00334807826,-88.00334807825857,88.00334807825857,7744.589272983136
2001-12-26 03:00:00,23820.0,23861.65712181924,-41.657121819240274,41.657121819240274,1735.3157982630241
2001-12-26 04:00:00,24564.0,24428.021007604184,135.97899239581602,135.97899239581602,18490.28637298139
2001-12-26 05:00:00,26255.0,26446.175209485333,-191.17520948533274,191.17520948533274,36547.96072176086
2001-12-26 06:00:00,28981.0,29501.971788565752,-520.9717885657519,520.9717885657519,271411.60448139854
2001-12-26 07:00:00,31268.0,31232.120968645744,35.87903135425586,35.87903135425586,1287.304890919675
2001-12-26 08:00:00,32455.0,31906.301281356267,548.6987186437327,548.6987186437327,301070.28384127415
2001-12-26 09:00:00,33188.0,32525.624658665423,662.3753413345767,662.3753413345767,438741.09280809696
2001-12-26 10:00:00,33274.0,33121.90686401973,152.09313598027074,152.09313598027074,23132.32201231313
2001-12-26 11:00:00,33192.0,32988.5989136947,203.4010863052972,203.4010863052972,41372.001910174964
2001-12-26 12:00:00,32620.0,32645.00053370619,-25.000533706188435,25.000533706188435,625.026685594264
2001-12-26 13:00:00,32088.0,32276.94270664253,-188.94270664253054,188.94270664253054,35699.34639340535
2001-12-26 14:00:00,31577.0,31690.454867035514,-113.45486703551433,113.45486703551433,12872.006854046234
2001-12-26 15:00:00,31453.0,31254.129516226596,198.87048377340398,198.87048377340398,39549.469316267736
2001-12-26 16:00:00,33083.0,31818.90091609885,1264.0990839011502,1264.0990839011502,1597946.4939197272
2001-12-26 17:00:00,37104.0,34596.89022363356,2507.1097763664366,2507.1097763664366,6285599.430752164
2001-12-26 18:00:00,37531.0,37670.761453279374,-139.7614532793741,139.7614532793741,19533.26382276267
2001-12-26 19:00:00,37000.0,37276.85289314549,-276.852893145493,276.852893145493,76647.52444302976
2001-12-26 20:00:00,36376.0,36395.47559564933,-19.475595649331808,19.475595649331808,379.29882589627204
2001-12-26 21:00:00,35099.0,34771.369567748,327.6304322520009,327.6304322520009,107341.70013763296
2001-12-26 22:00:00,32732.0,32689.248394463742,42.75160553625756,42.75160553625756,1827.6997759277679
2001-12-26 23:00:00,30328.0,30175.57360455241,152.42639544759004,152.42639544759004,23233.806029145097
2001-12-27 00:00:00,28332.0,28072.537587289815,259.46241271018516,259.46241271018516,67320.74360939045
2001-12-27 01:00:00,27329.0,27454.981388882934,-125.98138888293397,125.98138888293397,15871.31034487304
2001-12-27 02:00:00,26986.0,26847.311388821046,138.68861117895358,138.68861117895358,19234.530870746967
2001-12-27 03:00:00,27009.0,26785.51092968361,223.489070316391,223.489070316391,49947.36455088476
2001-12-27 04:00:00,27555.0,27727.38198302196,-172.3819830219618,172.3819830219618,29715.54807058392
2001-12-27 05:00:00,29332.0,29468.520303278634,-136.52030327863395,136.52030327863395,18637.79320729019
2001-12-27 06:00:00,32132.0,32755.718560566045,-623.7185605660452,623.7185605660452,389024.8427945794
2001-12-27 07:00:00,33888.0,34902.07143545012,-1014.0714354501179,1014.0714354501179,1028340.8761958625
2001-12-27 08:00:00,34827.0,34386.06927135421,440.93072864579153,440.93072864579153,194419.90746410863
2001-12-27 09:00:00,34997.0,34692.63955453454,304.3604454654633,304.3604454654633,92635.28076393524
2001-12-27 10:00:00,35021.0,34677.78332208674,343.21667791326036,343.21667791326036,117797.6879978147
2001-12-27 11:00:00,34786.0,34440.10169308329,345.89830691670795,345.89830691670795,119645.63872784509
2001-12-27 12:00:00,34341.0,33934.76956879293,406.23043120707007,406.23043120707007,165023.1632386821
2001-12-27 13:00:00,34121.0,33789.174225412535,331.8257745874653,331.8257745874653,110108.34468057132
2001-12-27 14:00:00,33726.0,33765.721613411944,-39.72161341194442,39.72161341194442,1577.8065720479626
2001-12-27 15:00:00,33546.0,33593.066791398094,-47.06679139809421,47.06679139809421,2215.282852511715
2001-12-27 16:00:00,34757.0,34715.93982027931,41.06017972069094,41.06017972069094,1685.9383586954395
2001-12-27 17:00:00,38391.0,36763.935960225426,1627.0640397745738,1627.0640397745738,2647337.3895275556
2001-12-27 18:00:00,38743.0,38527.81622898343,215.18377101657097,215.18377101657097,46304.05530891205
2001-12-27 19:00:00,37919.0,38516.50409983363,-597.5040998336335,597.5040998336335,357011.1493180007
2001-12-27 20:00:00,37161.0,37199.430386401276,-38.43038640127634,38.43038640127634,1476.8945989514052
2001-12-27 21:00:00,35743.0,35730.57321422105,12.426785778952762,12.426785778952762,154.4250047959826
2001-12-27 22:00:00,33252.0,33301.584932022524,-49.5849320225243,49.5849320225243,2458.6654836783555
2001-12-27 23:00:00,30659.0,30595.10124917518,63.898750824821036,63.898750824821036,4083.050356972567
2001-12-28 00:00:00,28511.0,28676.490449586276,-165.49044958627564,165.49044958627564,27387.08890426764
2001-12-28 01:00:00,27574.0,27602.306315693408,-28.30631569340767,28.30631569340767,801.2475081348573
2001-12-28 02:00:00,27139.0,27300.38594830736,-161.3859483073611,161.3859483073611,26045.424311066232
2001-12-28 03:00:00,27198.0,26938.22170195564,259.77829804435896,259.77829804435896,67484.7641348238
2001-12-28 04:00:00,27772.0,27871.87406103566,-99.87406103566173,99.87406103566173,9974.828067755083
2001-12-28 05:00:00,29414.0,29674.680374115043,-260.6803741150434,260.6803741150434,67954.25744875897
2001-12-28 06:00:00,32066.0,32606.927314459426,-540.9273144594263,540.9273144594263,292602.359528287
2001-12-28 07:00:00,33942.0,34743.406904298325,-801.4069042983247,801.4069042983247,642253.0262570241
2001-12-28 08:00:00,34705.0,34681.94405853623,23.05594146376825,23.05594146376825,531.576436780708
2001-12-28 09:00:00,35134.0,34607.688343134636,526.3116568653641,526.3116568653641,277003.96015236474
2001-12-28 10:00:00,35049.0,35139.892533183775,-90.8925331837745,90.8925331837745,8261.452588563548
2001-12-28 11:00:00,34415.0,34804.80539744108,-389.80539744107955,389.80539744107955,151948.247874198
2001-12-28 12:00:00,33481.0,33627.30280447956,-146.30280447955738,146.30280447955738,21404.510598583594
2001-12-28 13:00:00,32985.0,33078.30146414269,-93.30146414269257,93.30146414269257,8705.163211170147
2001-12-28 14:00:00,32639.0,32512.83619968217,126.16380031783046,126.16380031783046,15917.304510637397
2001-12-28 15:00:00,32490.0,32377.42466267208,112.57533732791853,112.57533732791853,12673.206574494649
2001-12-28 16:00:00,33859.0,33368.946270682136,490.05372931786405,490.05372931786405,240152.65761834636
2001-12-28 17:00:00,36840.0,36092.19564377407,747.8043562259336,747.8043562259336,559211.3551904829
2001-12-28 18:00:00,36773.0,37593.95414875744,-820.9541487574388,820.9541487574388,673965.714362051
2001-12-28 19:00:00,35941.0,36041.545084222365,-100.5450842223654,100.5450842223654,10109.313961282553
2001-12-28 20:00:00,35138.0,35216.26497481312,-78.26497481312254,78.26497481312254,6125.406282498705
2001-12-28 21:00:00,33979.0,34022.760459155026,-43.76045915502618,43.76045915502618,1914.9777854587148
2001-12-28 22:00:00,32054.0,31812.188192111942,241.81180788805796,241.81180788805796,58472.95043409105
2001-12-28 23:00:00,29997.0,29816.9862000944,180.01379990559872,180.01379990559872,32404.96815645293
2001-12-29 00:00:00,27925.0,27890.529930272143,34.47006972785675,34.47006972785675,1188.1857070433066
2001-12-29 01:00:00,26721.0,26799.809914040514,-78.80991404051383,78.80991404051383,6211.002551073179
2001-12-29 02:00:00,26111.0,26290.960013298885,-179.96001329888531,179.96001329888531,32385.60638653498
2001-12-29 03:00:00,25832.0,25808.8663327932,23.133667206799146,23.133667206799146,535.1665584349342
2001-12-29 04:00:00,25867.0,25998.46242625352,-131.4624262535217,131.4624262535217,17282.36951646263
2001-12-29 05:00:00,26404.0,26584.087983922658,-180.08798392265817,180.08798392265817,32431.68195332759
2001-12-29 06:00:00,27381.0,27637.879697903696,-256.87969790369607,256.87969790369607,65987.17919509416
2001-12-29 07:00:00,28609.0,28653.20739496267,-44.20739496266833,44.20739496266833,1954.2937693853535
2001-12-29 08:00:00,30073.0,30020.291749928852,52.70825007114763,52.70825007114763,2778.159625562634
2001-12-29 09:00:00,31518.0,31593.723257159592,-75.72325715959232,75.72325715959232,5734.01167485775
2001-12-29 10:00:00,31890.0,31908.145148593354,-18.14514859335395,18.14514859335395,329.2464174748949
2001-12-29 11:00:00,31296.0,31788.102399360327,-492.1023993603267,492.1023993603267,242164.77145619044
2001-12-29 12:00:00,30422.0,30445.667801648655,-23.66780164865486,23.66780164865486,560.1648348800696
2001-12-29 13:00:00,29566.0,29576.069454935416,-10.069454935415706,10.069454935415706,101.39392269636772
2001-12-29 14:00:00,29046.0,28832.345050290107,213.65494970989312,213.65494970989312,45648.437535536956
2001-12-29 15:00:00,29101.0,28849.915936758534,251.08406324146563,251.08406324146563,63043.206813844314
2001-12-29 16:00:00,30710.0,30242.39903614636,467.6009638536416,467.6009638536416,218650.66139685462
2001-12-29 17:00:00,34092.0,33581.99282654351,510.0071734564917,510.0071734564917,260107.31697708005
2001-12-29 18:00:00,34788.0,34681.05896155497,106.94103844503115,106.94103844503115,11436.385703701631
2001-12-29 19:00:00,34604.0,34193.48371518859,410.51628481141233,410.51628481141233,168523.6200953646
2001-12-29 20:00:00,34216.0,34194.63937776509,21.360622234911716,21.360622234911716,456.2761822626048
2001-12-29 21:00:00,33411.0,33406.23970269933,4.760297300672391,4.760297300672391,22.660430390788857
2001-12-29 22:00:00,32058.0,31728.988778505514,329.01122149448565,329.01122149448565,108248.3838692935
2001-12-29 23:00:00,30080.0,30168.90740331036,-88.90740331036068,88.90740331036068,7904.526363391133
2001-12-30 00:00:00,28326.0,28237.03209783713,88.967902162869,88.967902162869,7915.28761526183
2001-12-30 01:00:00,27362.0,27272.760108007096,89.23989199290372,89.23989199290372,7963.7583229051215
2001-12-30 02:00:00,27108.0,26808.449601037217,299.5503989627832,299.5503989627832,89730.4415187626
2001-12-30 03:00:00,26865.0,26794.366883937175,70.63311606282514,70.63311606282514,4989.0370847445265
2001-12-30 04:00:00,26808.0,26990.855354618467,-182.85535461846666,182.85535461846666,33436.0807126452
2001-12-30 05:00:00,27352.0,27263.067675889695,88.93232411030476,88.93232411030476,7908.958271660294
2001-12-30 06:00:00,28403.0,28408.11346055684,-5.113460556840437,5.113460556840437,26.14747886636291
2001-12-30 07:00:00,29305.0,29599.657742589374,-294.6577425893738,294.6577425893738,86823.18526786567
2001-12-30 08:00:00,30329.0,30350.59664568872,-21.596645688721765,21.596645688721765,466.4151050041844
2001-12-30 09:00:00,31206.0,31123.908085294977,82.09191470502265,82.09191470502265,6739.082459936713
2001-12-30 10:00:00,31460.0,31147.630929449653,312.3690705503468,312.3690705503468,97574.43623648754
2001-12-30 11:00:00,31384.0,31219.554738517152,164.44526148284785,164.44526148284785,27042.244024162203
2001-12-30 12:00:00,31058.0,30884.594202750563,173.40579724943746,173.40579724943746,30069.570519713012
2001-12-30 13:00:00,30583.0,30515.01356210109,67.98643789891139,67.98643789891139,4622.155738182535
2001-12-30 14:00:00,30150.0,30039.314075536167,110.68592446383263,110.68592446383263,12251.373874413264
2001-12-30 15:00:00,30235.0,29897.7826271358,337.217372864201,337.217372864201,113715.55656143358
2001-12-30 16:00:00,31981.0,31647.087038194393,333.91296180560676,333.91296180560676,111497.86606179259
2001-12-30 17:00:00,35848.0,34597.83285074689,1250.1671492531095,1250.1671492531095,1562917.9010716467
2001-12-30 18:00:00,36532.0,36691.67039160496,-159.67039160495915,159.67039160495915,25494.63395528101
2001-12-30 19:00:00,36353.0,35994.31160493877,358.68839506123186,358.68839506123186,128657.36475160233
2001-12-30 20:00:00,35974.0,35562.84490368235,411.1550963176487,411.1550963176487,169048.513227975
2001-12-30 21:00:00,34979.0,34966.05661820736,12.943381792640139,12.943381792640139,167.53113223004826
2001-12-30 22:00:00,33331.0,33088.794378556086,242.20562144391442,242.20562144391442,58663.56305903278
2001-12-30 23:00:00,31014.0,31277.785941211976,-263.785941211976,263.785941211976,69583.02278108808
2001-12-31 00:00:00,29001.0,29126.621775407835,-125.62177540783523,125.62177540783523,15780.830456616597
2001-12-31 01:00:00,28138.0,28108.54250269336,29.457497306641017,29.457497306641017,867.7441475707627
2001-12-31 02:00:00,27830.0,27668.922684918456,161.07731508154393,161.07731508154393,25945.90143387898
2001-12-31 03:00:00,27874.0,27927.065494243954,-53.06549424395416,53.06549424395416,2815.9466793551323
2001-12-31 04:00:00,28427.0,28857.12709932109,-430.1270993210892,430.1270993210892,185009.32157037413
2001-12-31 05:00:00,29688.0,30247.635256286823,-559.6352562868233,559.6352562868233,313191.62007921835
2001-12-31 06:00:00,31942.0,32750.548440118237,-808.5484401182366,808.5484401182366,653750.5800176336
2001-12-31 07:00:00,33380.0,34421.95853234746,-1041.9585323474603,1041.9585323474603,1085677.5831316735
2001-12-31 08:00:00,34339.0,34308.929525655774,30.07047434422566,30.07047434422566,904.2334272867336
2001-12-31 09:00:00,34757.0,34202.048597286775,554.9514027132245,554.9514027132245,307971.0593733755
2001-12-31 10:00:00,34970.0,34508.3809763964,461.6190236035982,461.6190236035982,213092.12295273933
2001-12-31 11:00:00,34428.0,34644.83485852728,-216.83485852728336,216.83485852728336,47017.35587254699
2001-12-31 12:00:00,33642.0,33653.41314607235,-11.413146072351083,11.413146072351083,130.25990326882294
2001-12-31 13:00:00,32719.0,33010.85603696374,-291.85603696374164,291.85603696374164,85179.94631218092
2001-12-31 14:00:00,31941.0,32374.208282375763,-433.2082823757628,433.2082823757628,187669.41591895864
2001-12-31 15:00:00,31759.0,31705.144430715438,53.85556928456208,53.85556928456208,2900.4223429642666
2001-12-31 16:00:00,33587.0,32875.298341674126,711.7016583258737,711.7016583258737,506519.2504637987
2001-12-31 17:00:00,37568.0,36346.33084755634,1221.669152443661,1221.669152443661,1492475.518032413
2001-12-31 18:00:00,37570.0,38175.20137497312,-605.2013749731195,605.2013749731195,366268.7042693544
2001-12-31 19:00:00,36392.0,37117.82174985968,-725.8217498596787,725.8217498596787,526817.212569366
2001-12-31 20:00:00,35082.0,35454.91043700233,-372.91043700232694,372.91043700232694,139062.19402526645
2001-12-31 21:00:00,33890.0,33974.04592893561,-84.04592893560766,84.04592893560766,7063.718170649214
2001-12-31 22:00:00,32590.0,31651.62456257627,938.3754374237287,938.3754374237287,880548.4615601742
2001-12-31 23:00:00,31569.0,30521.157012251322,1047.8429877486778,1047.8429877486778,1097974.9269740758
