timestamp,actual,prediction,error,absolute_error,squared_error
2001-06-10 09:00:00,25718.0,25564.996371713092,153.00362828690777,153.00362828690777,23410.110268958244
2001-06-10 10:00:00,27213.0,27024.215093725754,188.78490627424617,188.78490627424617,35639.74083697591
2001-06-10 11:00:00,28267.0,28024.447561418077,242.55243858192262,242.55243858192262,58831.68546203734
2001-06-10 12:00:00,28845.0,28784.672521556124,60.327478443876316,60.327478443876316,3639.4046553963617
2001-06-10 13:00:00,29061.0,29093.489135852757,-32.48913585275659,32.48913585275659,1055.5439484588737
2001-06-10 14:00:00,29329.0,29311.87101437286,17.128985627139627,17.128985627139627,293.40214861475596
2001-06-10 15:00:00,29576.0,29521.408860307547,54.591139692453,54.591139692453,2980.192532920917
2001-06-10 16:00:00,29926.0,29702.389009874267,223.61099012573322,223.61099012573322,50001.87490501076
2001-06-10 17:00:00,30384.0,30017.362792651344,366.6372073486564,366.6372073486564,134422.84181242166
2001-06-10 18:00:00,30328.0,30308.61152826184,19.38847173815884,19.38847173815884,375.91283634138415
2001-06-10 19:00:00,29944.0,30104.99867265778,-160.99867265778084,160.99867265778084,25920.57259756727
2001-06-10 20:00:00,30358.0,29626.516616341378,731.4833836586222,731.4833836586222,535067.940568667
2001-06-10 21:00:00,30961.0,29708.95139207827,1252.0486079217299,1252.0486079217299,1567625.7165987417
2001-06-10 22:00:00,29177.0,29007.702009340635,169.2979906593646,169.2979906593646,28661.8096412983
2001-06-10 23:00:00,26590.0,26784.609658180223,-194.60965818022305,194.60965818022305,37872.91905702325
2001-06-11 00:00:00,24371.0,24077.698363245036,293.3016367549644,293.3016367549644,86025.85012314109
2001-06-11 01:00:00,23054.0,22958.590941936913,95.40905806308729,95.40905806308729,9102.888360485562
2001-06-11 02:00:00,22322.0,22296.292633800374,25.70736619962554,25.70736619962554,660.8686769216497
2001-06-11 03:00:00,22122.0,21966.71029918604,155.28970081395892,155.28970081395892,24114.891178888873
2001-06-11 04:00:00,22387.0,22374.106915592274,12.893084407725837,12.893084407725837,166.2316255447431
2001-06-11 05:00:00,23702.0,24013.07967734291,-311.07967734291014,311.07967734291014,96770.56565576908
2001-06-11 06:00:00,26620.0,26342.00799926741,277.9920007325891,277.9920007325891,77279.5524713078
2001-06-11 07:00:00,30130.0,29462.659496143417,667.3405038565834,667.3405038565834,445343.3480875586
2001-06-11 08:00:00,32315.0,31999.127791415067,315.8722085849331,315.8722085849331,99775.25215632349
2001-06-11 09:00:00,34143.0,33363.66800068216,779.3319993178375,779.3319993178375,607358.3651607378
2001-06-11 10:00:00,35710.0,35042.1694712423,667.8305287577023,667.8305287577023,445997.6151407922
2001-06-11 11:00:00,36771.0,36583.14472050301,187.85527949698735,187.85527949698735,35289.606034891236
2001-06-11 12:00:00,37442.0,37601.27808172175,-159.2780817217499,159.2780817217499,25369.507316960444
2001-06-11 13:00:00,38125.0,38116.51396568157,8.486034318426391,8.486034318426391,72.01277845351046
2001-06-11 14:00:00,38713.0,38713.423922870184,-0.4239228701844695,0.4239228701844695,0.17971059986543858
2001-06-11 15:00:00,39141.0,39025.02604958104,115.97395041895652,115.97395041895652,13449.957175778585
2001-06-11 16:00:00,39406.0,39250.33601023919,155.6639897608111,155.6639897608111,24231.2777082539
2001-06-11 17:00:00,39133.0,38887.160653226354,245.83934677364596,245.83934677364596,60436.98442209295
2001-06-11 18:00:00,38113.0,38073.074229202815,39.92577079718467,39.92577079718467,1594.0671737493242
2001-06-11 19:00:00,37280.0,37181.64022651639,98.35977348360757,98.35977348360757,9674.64503974659
2001-06-11 20:00:00,37357.0,36512.91463451955,844.0853654804523,844.0853654804523,712480.1042182688
2001-06-11 21:00:00,37476.0,36247.157786087824,1228.8422139121758,1228.8422139121758,1510053.1866925776
2001-06-11 22:00:00,34581.0,34528.52448095238,52.475519047620764,52.475519047620764,2753.6800993172096
2001-06-11 23:00:00,30864.0,31672.913989804627,-808.9139898046269,808.9139898046269,654341.84290164
2001-06-12 00:00:00,28083.0,28035.605144033296,47.3948559667042,47.3948559667042,2246.272372104637
2001-06-12 01:00:00,26556.0,26305.883953463195,250.1160465368048,250.1160465368048,62558.0367352011
2001-06-12 02:00:00,25464.0,25520.9352519439,-56.935251943901676,56.935251943901676,3241.6229139155594
2001-06-12 03:00:00,24844.0,24834.971119154074,9.028880845926324,9.028880845926324,81.52068932993525
2001-06-12 04:00:00,24824.0,24641.447737353476,182.55226264652447,182.55226264652447,33325.32859736565
2001-06-12 05:00:00,26008.0,25750.13478149736,257.86521850264035,257.86521850264035,66494.47091341445
2001-06-12 06:00:00,28990.0,28231.710543122932,758.289456877068,758.289456877068,575002.9004109188
2001-06-12 07:00:00,32354.0,32199.341032754743,154.65896724525737,154.65896724525737,23919.396149369593
2001-06-12 08:00:00,34684.0,34540.802985652546,143.19701434745366,143.19701434745366,20505.38491802485
2001-06-12 09:00:00,36603.0,36228.7785924244,374.2214075755983,374.2214075755983,140041.66188786205
2001-06-12 10:00:00,38263.0,38141.17430843691,121.82569156309182,121.82569156309182,14841.499124825583
2001-06-12 11:00:00,39492.0,39442.800045717726,49.19995428227412,49.19995428227412,2420.6355013778634
2001-06-12 12:00:00,40402.0,40296.06905240748,105.93094759251835,105.93094759251835,11221.36565784887
2001-06-12 13:00:00,41298.0,41280.09866150035,17.901338499650592,17.901338499650592,320.4579200790725
2001-06-12 14:00:00,42266.0,42076.41958056548,189.58041943451826,189.58041943451826,35940.73543296787
2001-06-12 15:00:00,42985.0,42764.876814610696,220.12318538930413,220.12318538930413,48454.216745933954
2001-06-12 16:00:00,43512.0,43278.12855268195,233.87144731805165,233.87144731805165,54695.85387064021
2001-06-12 17:00:00,43320.0,43090.090850000044,229.90914999995584,229.90914999995584,52858.2172537022
2001-06-12 18:00:00,42225.0,42293.058709335615,-68.05870933561528,68.05870933561528,4631.987916429766
2001-06-12 19:00:00,40823.0,40900.566575292774,-77.56657529277436,77.56657529277436,6016.573602649633
2001-06-12 20:00:00,40675.0,40261.99747092042,413.002529079582,413.002529079582,170571.089026131
2001-06-12 21:00:00,40031.0,39886.801842296685,144.1981577033148,144.1981577033148,20793.10868503004
2001-06-12 22:00:00,36772.0,37212.840457142855,-440.8404571428546,440.8404571428546,194340.308653921
2001-06-12 23:00:00,33119.0,33497.95693626374,-378.9569362637412,378.9569362637412,143608.35954240122
2001-06-13 00:00:00,30150.0,30231.51266970153,-81.51266970152938,81.51266970152938,6644.315321870625
2001-06-13 01:00:00,28621.0,28285.782399866035,335.2176001339649,335.2176001339649,112370.83943957477
2001-06-13 02:00:00,27401.0,27383.32244521313,17.677554786871042,17.677554786871042,312.4959432428273
2001-06-13 03:00:00,26570.0,26625.132678012633,-55.13267801263282,55.13267801263282,3039.612184844647
2001-06-13 04:00:00,26502.0,26516.64415370719,-14.644153707191435,14.644153707191435,214.45123779984866
2001-06-13 05:00:00,27668.0,27696.413635679615,-28.413635679615254,28.413635679615254,807.334692533905
2001-06-13 06:00:00,30643.0,30270.683730323297,372.3162696767031,372.3162696767031,138619.4046659755
2001-06-13 07:00:00,34392.0,33383.591498672184,1008.4085013278163,1008.4085013278163,1016887.7055502125
2001-06-13 08:00:00,36996.0,36251.77471249061,744.2252875093909,744.2252875093909,553871.2785684356
2001-06-13 09:00:00,39126.0,38819.0081773755,306.99182262449904,306.99182262449904,94243.97915831188
2001-06-13 10:00:00,41222.0,41000.90471224551,221.09528775449144,221.09528775449144,48883.12626724137
2001-06-13 11:00:00,42839.0,42649.89740494504,189.10259505495924,189.10259505495924,35759.791456519895
2001-06-13 12:00:00,43855.0,43987.592460396816,-132.59246039681602,132.59246039681602,17580.760554081226
2001-06-13 13:00:00,44834.0,45205.052278449315,-371.05227844931505,371.05227844931505,137679.79334242802
2001-06-13 14:00:00,45827.0,45461.00014761903,365.99985238096997,365.99985238096997,133955.89194289182
2001-06-13 15:00:00,46438.0,46261.89283291155,176.10716708844848,176.10716708844848,31013.73429991871
2001-06-13 16:00:00,46937.0,46741.0161365079,195.9838634921034,195.9838634921034,38409.67474929142
2001-06-13 17:00:00,46663.0,46779.075510317474,-116.07551031747425,116.07551031747425,13473.524095462071
2001-06-13 18:00:00,45416.0,45422.884470562676,-6.884470562676142,6.884470562676142,47.395934928354365
2001-06-13 19:00:00,43834.0,44098.71972868445,-264.719728684453,264.719728684453,70076.53475477042
2001-06-13 20:00:00,43064.0,43376.854446031735,-312.8544460317353,312.8544460317353,97877.90440182397
2001-06-13 21:00:00,42599.0,42422.25728571428,176.74271428571956,176.74271428571956,31237.987053083496
2001-06-13 22:00:00,39090.0,39336.1850857143,-246.18508571429993,246.18508571429993,60607.0964281572
2001-06-13 23:00:00,35104.0,35594.62895238094,-490.62895238093915,490.62895238093915,240716.76891441786
2001-06-14 00:00:00,31839.0,32028.90088913967,-189.90088913966974,189.90088913966974,36062.34769603714
2001-06-14 01:00:00,29922.0,29728.636537112554,193.36346288744608,193.36346288744608,37389.42877982474
2001-06-14 02:00:00,28578.0,28602.003303418827,-24.003303418827272,24.003303418827272,576.158575016285
2001-06-14 03:00:00,27807.0,27821.32380824982,-14.323808249821013,14.323808249821013,205.17148277764053
2001-06-14 04:00:00,27827.0,27600.851228154934,226.14877184506622,226.14877184506622,51143.26700703182
2001-06-14 05:00:00,29136.0,28797.457720794755,338.542279205245,338.542279205245,114610.87480948206
2001-06-14 06:00:00,31828.0,31272.765088661283,555.2349113387172,555.2349113387172,308285.8067693132
2001-06-14 07:00:00,35061.0,34713.384532394,347.6154676060032,347.6154676060032,120836.51331894027
2001-06-14 08:00:00,36950.0,37829.01782710541,-879.0178271054101,879.0178271054101,772672.3403691166
2001-06-14 09:00:00,38278.0,39355.058673160165,-1077.0586731601652,1077.0586731601652,1160055.3854295355
2001-06-14 10:00:00,39628.0,39798.45104653207,-170.4510465320709,170.4510465320709,29053.5592638782
2001-06-14 11:00:00,40682.0,40811.40511649415,-129.4051164941484,129.4051164941484,16745.684174864116
2001-06-14 12:00:00,41719.0,41509.05237857142,209.94762142858235,209.94762142858235,44078.00374351933
2001-06-14 13:00:00,42964.0,42672.30339086978,291.69660913021653,291.69660913021653,85086.91177806632
2001-06-14 14:00:00,44132.0,43661.78894167433,470.21105832567264,470.21105832567264,221098.43937174912
2001-06-14 15:00:00,45200.0,44360.585716459376,839.4142835406237,839.4142835406237,704616.3394120187
2001-06-14 16:00:00,45682.0,45021.493968671675,660.5060313283248,660.5060313283248,436268.2174210939
2001-06-14 17:00:00,45515.0,45226.9149253358,288.0850746642027,288.0850746642027,82993.01024427924
2001-06-14 18:00:00,44342.0,44608.85080217209,-266.8508021720918,266.8508021720918,71209.35061988886
2001-06-14 19:00:00,42730.0,43119.66156298145,-389.6615629814478,389.6615629814478,151836.1336651448
2001-06-14 20:00:00,41733.0,42113.36277015847,-380.3627701584701,380.3627701584701,144675.83692262514
2001-06-14 21:00:00,41405.0,40963.77426804508,441.22573195491714,441.22573195491714,194680.1465391524
2001-06-14 22:00:00,38316.0,38428.89495238096,-112.89495238095697,112.89495238095697,12745.27027309854
2001-06-14 23:00:00,34426.0,35154.119519047636,-728.1195190476355,728.1195190476355,530158.0340181601
2001-06-15 00:00:00,31259.0,31669.973538333,-410.97353833300076,410.97353833300076,168899.24920994646
2001-06-15 01:00:00,29637.0,29499.139372050628,137.86062794937243,137.86062794937243,19005.55273859529
2001-06-15 02:00:00,28533.0,28525.53114374142,7.468856258579763,7.468856258579763,55.78381381132609
2001-06-15 03:00:00,27606.0,27769.406212123904,-163.40621212390397,163.40621212390397,26701.5901606823
2001-06-15 04:00:00,27783.0,27442.29768416564,340.7023158343618,340.7023158343618,116078.06801489722
2001-06-15 05:00:00,29013.0,28694.917095342407,318.08290465759274,318.08290465759274,101176.73423541123
2001-06-15 06:00:00,31766.0,31325.19973463153,440.8002653684707,440.8002653684707,194304.8739489142
2001-06-15 07:00:00,35000.0,34714.75368542476,285.24631457524083,285.24631457524083,81365.45997875725
2001-06-15 08:00:00,37030.0,37522.51314807898,-492.5131480789787,492.5131480789787,242569.201030666
2001-06-15 09:00:00,38440.0,39111.930071964285,-671.9300719642852,671.9300719642852,451490.02160992945
2001-06-15 10:00:00,39817.0,40087.3674904762,-270.36749047620106,270.36749047620106,73098.57990639866
2001-06-15 11:00:00,41047.0,41025.51722484193,21.482775158066943,21.482775158066943,461.50962849205814
2001-06-15 12:00:00,42101.0,42043.9045422884,57.09545771159901,57.09545771159901,3259.891291296991
2001-06-15 13:00:00,43171.0,42915.02633412913,255.97366587087163,255.97366587087163,65522.51761937263
2001-06-15 14:00:00,43724.0,43845.029576997345,-121.02957699734543,121.02957699734543,14648.158508156366
2001-06-15 15:00:00,43949.0,44226.21672385118,-277.2167238511829,277.2167238511829,76849.111982783
2001-06-15 16:00:00,43939.0,44024.722910331424,-85.72291033142392,85.72291033142392,7348.417355689346
2001-06-15 17:00:00,43263.0,43440.857233172384,-177.85723317238444,177.85723317238444,31633.195391735928
2001-06-15 18:00:00,41847.0,41770.72943571294,76.27056428705691,76.27056428705691,5817.198976666082
2001-06-15 19:00:00,40253.0,40893.128934955465,-640.1289349554645,640.1289349554645,409765.0533672173
2001-06-15 20:00:00,39324.0,39470.17512493523,-146.175124935231,146.175124935231,21367.16714983039
2001-06-15 21:00:00,39304.0,38470.62601155604,833.3739884439565,833.3739884439565,694512.2046149877
2001-06-15 22:00:00,36886.0,36749.46704199135,136.53295800864726,136.53295800864726,18641.248622591036
2001-06-15 23:00:00,33817.0,33887.921209523774,-70.92120952377445,70.92120952377445,5029.817960315116
2001-06-16 00:00:00,31044.0,31048.39209703932,-4.3920970393191965,4.3920970393191965,19.290516402796452
2001-06-16 01:00:00,29117.0,29338.63785143205,-221.6378514320495,221.6378514320495,49123.33718741525
2001-06-16 02:00:00,27835.0,28121.283905344422,-286.28390534442224,286.28390534442224,81958.47445925411
2001-06-16 03:00:00,26956.0,27097.54679689055,-141.54679689055047,141.54679689055047,20035.495709974748
2001-06-16 04:00:00,26606.0,26831.983671634687,-225.9836716346872,225.9836716346872,51068.619845494126
2001-06-16 05:00:00,26824.0,27431.58566513109,-607.5856651310896,607.5856651310896,369160.3404727886
2001-06-16 06:00:00,27332.0,28404.631595465973,-1072.631595465973,1072.631595465973,1150538.539591879
2001-06-16 07:00:00,29283.0,29295.766985542054,-12.76698554205359,12.76698554205359,162.99591983100538
2001-06-16 08:00:00,31917.0,32162.419621673693,-245.41962167369275,245.41962167369275,60230.79070245848
2001-06-16 09:00:00,34427.0,34373.45725109431,53.54274890568922,53.54274890568922,2866.8259603776846
2001-06-16 10:00:00,35912.0,36292.032037401485,-380.03203740148456,380.03203740148456,144424.34945152336
2001-06-16 11:00:00,36626.0,37043.94910421282,-417.9491042128211,417.9491042128211,174681.4537122996
2001-06-16 12:00:00,37043.0,37307.03513528841,-264.03513528840995,264.03513528840995,69714.55266676894
2001-06-16 13:00:00,36905.0,37382.127078922655,-477.1270789226546,477.1270789226546,227650.2494412651
2001-06-16 14:00:00,36595.0,37073.25266544884,-478.25266544883925,478.25266544883925,228725.61200891936
2001-06-16 15:00:00,36212.0,36523.10996393928,-311.1099639392778,311.1099639392778,96789.40966229874
2001-06-16 16:00:00,35784.0,35911.19580908958,-127.19580908957869,127.19580908957869,16178.773849952548
2001-06-16 17:00:00,35324.0,35413.89011280909,-89.89011280908744,89.89011280908744,8080.232380830466
2001-06-16 18:00:00,34767.0,34965.43536924787,-198.43536924786895,198.43536924786895,39376.59576853809
2001-06-16 19:00:00,34245.0,34456.617811766984,-211.61781176698423,211.61781176698423,44782.09825704677
2001-06-16 20:00:00,34511.0,33889.752365298045,621.2476347019547,621.2476347019547,385948.62362277333
2001-06-16 21:00:00,34522.0,34366.388286715264,155.61171328473574,155.61171328473574,24215.0053114108
2001-06-16 22:00:00,32780.0,32903.72218723957,-123.72218723956757,123.72218723956757,15307.179615342617
2001-06-16 23:00:00,30256.0,30626.676657089753,-370.67665708975255,370.67665708975255,137401.184111234
2001-06-17 00:00:00,28092.0,28089.938453977156,2.061546022843686,2.061546022843686,4.249972004302619
2001-06-17 01:00:00,26514.0,26203.677178005204,310.32282199479596,310.32282199479596,96300.25385081382
2001-06-17 02:00:00,25415.0,25642.51444579079,-227.5144457907918,227.5144457907918,51762.82304349114
2001-06-17 03:00:00,24346.0,24860.32671947938,-514.3267194793807,514.3267194793807,264531.97437042155
2001-06-17 04:00:00,23864.0,24056.94077773177,-192.94077773176832,192.94077773176832,37226.14371173963
2001-06-17 05:00:00,23423.0,24079.184313645645,-656.1843136456446,656.1843136456446,430577.85347460565
2001-06-17 06:00:00,23239.0,23756.652402106112,-517.6524021061123,517.6524021061123,267964.00940622814
2001-06-17 07:00:00,24390.0,24107.12157752803,282.87842247197113,282.87842247197113,80020.20190023098
2001-06-17 08:00:00,26584.0,26770.56605744935,-186.5660574493486,186.5660574493486,34806.89379219364
2001-06-17 09:00:00,28490.0,28834.15106366132,-344.1510636613202,344.1510636613202,118439.95461921809
2001-06-17 10:00:00,30079.0,30029.85529227703,49.14470772297136,49.14470772297136,2415.202297176281
2001-06-17 11:00:00,30945.0,31701.812387631897,-756.8123876318969,756.8123876318969,572764.9900730925
2001-06-17 12:00:00,31352.0,31631.013607581917,-279.0136075819173,279.0136075819173,77848.59321587614
2001-06-17 13:00:00,31749.0,31544.08273197598,204.917268024019,204.917268024019,41991.08673442764
2001-06-17 14:00:00,32101.0,31918.1705108415,182.8294891584992,182.8294891584992,33426.62210595778
2001-06-17 15:00:00,32745.0,32143.670165784264,601.3298342157359,601.3298342157359,361597.56951792445
2001-06-17 16:00:00,33744.0,33117.98719223442,626.0128077655827,626.0128077655827,391892.0354865484
2001-06-17 17:00:00,34389.0,34307.09785249697,81.9021475030313,81.9021475030313,6707.961765608296
2001-06-17 18:00:00,34366.0,34589.92154472575,-223.92154472575203,223.92154472575203,50140.85819236696
2001-06-17 19:00:00,33649.0,34058.81452246404,-409.8145224640393,409.8145224640393,167947.9428224286
2001-06-17 20:00:00,33407.0,33274.903796357845,132.09620364215516,132.09620364215516,17449.407016669727
2001-06-17 21:00:00,34349.0,32760.586585502402,1588.4134144975978,1588.4134144975978,2523057.175355918
2001-06-17 22:00:00,32732.0,32529.994916197677,202.0050838023235,202.0050838023235,40806.05388198374
2001-06-17 23:00:00,29670.0,30896.88310633643,-1226.8831063364305,1226.8831063364305,1505242.156613729
2001-06-18 00:00:00,27053.0,27332.87326031769,-279.87326031769044,279.87326031769044,78329.04184085372
2001-06-18 01:00:00,25251.0,25431.568815442177,-180.56881544217686,180.56881544217686,32605.097110190927
2001-06-18 02:00:00,24264.0,24285.99322015386,-21.99322015386133,21.99322015386133,483.7017327362122
2001-06-18 03:00:00,23710.0,23576.400559752914,133.59944024708602,133.59944024708602,17848.810434334708
2001-06-18 04:00:00,23851.0,23686.579556909248,164.4204430907521,164.4204430907521,27034.082106159247
2001-06-18 05:00:00,24854.0,24744.61321798385,109.38678201615039,109.38678201615039,11965.468079848803
2001-06-18 06:00:00,27407.0,26455.20103544656,951.7989645534399,951.7989645534399,905921.2689250003
2001-06-18 07:00:00,31134.0,30178.415758256528,955.5842417434724,955.5842417434724,913141.2430684471
2001-06-18 08:00:00,33878.0,33250.748180207185,627.2518197928148,627.2518197928148,393444.8454333978
2001-06-18 09:00:00,35729.0,35492.54961874775,236.45038125225255,236.45038125225255,55908.78279433559
2001-06-18 10:00:00,37337.0,36874.07318564777,462.92681435222767,462.92681435222767,214301.23544630187
2001-06-18 11:00:00,38466.0,38618.5669811966,-152.56698119659995,152.56698119659995,23276.683751443685
2001-06-18 12:00:00,39313.0,39254.12912994914,58.870870050857775,58.870870050857775,3465.779340544983
2001-06-18 13:00:00,40185.0,40142.968235876375,42.03176412362518,42.03176412362518,1766.6691953440647
2001-06-18 14:00:00,40992.0,40755.242950520296,236.7570494797037,236.7570494797037,56053.90047833487
2001-06-18 15:00:00,41689.0,41404.38353430739,284.6164656926121,284.6164656926121,81006.53254335385
2001-06-18 16:00:00,42316.0,42083.794112842705,232.20588715729536,232.20588715729536,53919.57403050659
2001-06-18 17:00:00,42329.0,41955.30657391593,373.6934260840717,373.6934260840717,139646.77669845155
2001-06-18 18:00:00,41547.0,41170.2401864987,376.75981350130314,376.75981350130314,141947.95706953673
2001-06-18 19:00:00,39821.0,40180.14216810111,-359.1421681011125,359.1421681011125,128983.09690836773
2001-06-18 20:00:00,38664.0,39195.08270903242,-531.0827090324165,531.0827090324165,282048.8438332103
2001-06-18 21:00:00,38480.0,37912.1354408312,567.8645591687964,567.8645591687964,322470.1575599715
2001-06-18 22:00:00,35372.0,35602.73677619046,-230.73677619046066,230.73677619046066,53239.45988676673
2001-06-18 23:00:00,31801.0,32183.13732312366,-382.1373231236612,382.1373231236612,146028.93372411744
2001-06-19 00:00:00,28725.0,29091.89897430419,-366.8989743041893,366.8989743041893,134614.85734546618
2001-06-19 01:00:00,26638.0,27185.387704898367,-547.3877048983668,547.3877048983668,299633.2994739015
2001-06-19 02:00:00,25485.0,25746.41424806282,-261.41424806282157,261.41424806282157,68337.40909025041
2001-06-19 03:00:00,24719.0,24810.880563183553,-91.88056318355302,91.88056318355302,8442.037890926878
2001-06-19 04:00:00,24778.0,24505.795216733706,272.2047832662938,272.2047832662938,74095.44403305
2001-06-19 05:00:00,26049.0,25636.83962238194,412.16037761806,412.16037761806,169876.17687826182
2001-06-19 06:00:00,28608.0,28159.245597152414,448.7544028475859,448.7544028475859,201380.5140750934
2001-06-19 07:00:00,32392.0,31494.7371753207,897.2628246792992,897.2628246792992,805080.5765514749
2001-06-19 08:00:00,35480.0,34939.3281110755,540.6718889245021,540.6718889245021,292326.0914731892
2001-06-19 09:00:00,37770.0,37433.35509557621,336.64490442378883,336.64490442378883,113329.79167450192
2001-06-19 10:00:00,39850.0,39586.63494427159,263.3650557284127,263.3650557284127,69361.15257882993
2001-06-19 11:00:00,41529.0,41247.47233397932,281.52766602068004,281.52766602068004,79257.82673505157
2001-06-19 12:00:00,42658.0,42452.182855780506,205.81714421949437,205.81714421949437,42360.696854668146
2001-06-19 13:00:00,43917.0,43551.963548957014,365.0364510429863,365.0364510429863,133251.61059005852
2001-06-19 14:00:00,44791.0,44328.96879147789,462.0312085221085,462.0312085221085,213472.8376484001
2001-06-19 15:00:00,45511.0,45303.0314164502,207.96858354980213,207.96858354980213,43250.93174371103
2001-06-19 16:00:00,46165.0,45765.89222637359,399.1077736264124,399.1077736264124,159287.01496903162
2001-06-19 17:00:00,46128.0,45630.156747619105,497.84325238089514,497.84325238089514,247847.90394118766
2001-06-19 18:00:00,44782.0,44776.05290793655,5.947092063448508,5.947092063448508,35.36790401113224
2001-06-19 19:00:00,42894.0,43918.07301489829,-1024.0730148982911,1024.0730148982911,1048725.5398428757
2001-06-19 20:00:00,41775.0,41979.32199737227,-204.32199737227347,204.32199737227347,41747.47861019533
2001-06-19 21:00:00,41396.0,41132.54813936166,263.4518606383426,263.4518606383426,69406.8828738047
2001-06-19 22:00:00,37564.0,38330.90125714283,-766.901257142832,766.901257142832,588137.5382072562
2001-06-19 23:00:00,33660.0,34167.787838095275,-507.7878380952752,507.7878380952752,257848.48851747345
2001-06-20 00:00:00,30336.0,30794.38671596824,-458.38671596824133,458.38671596824133,210118.38137614916
2001-06-20 01:00:00,28454.0,28480.15831162525,-26.158311625251372,26.158311625251372,684.2572670837611
2001-06-20 02:00:00,27110.0,27263.98195041527,-153.98195041526924,153.98195041526924,23710.441053690436
2001-06-20 03:00:00,26411.0,26377.32367378939,33.67632621061057,33.67632621061057,1134.0949470434564
2001-06-20 04:00:00,26298.0,26246.427756444282,51.57224355571816,51.57224355571816,2659.6963053703134
2001-06-20 05:00:00,27481.0,27415.91030155262,65.08969844738021,65.08969844738021,4236.6688439708905
2001-06-20 06:00:00,29978.0,29588.364003809595,389.6359961904054,389.6359961904054,151816.20952728964
2001-06-20 07:00:00,33698.0,32455.33652785003,1242.6634721499686,1242.6634721499686,1544212.5050158158
2001-06-20 08:00:00,36732.0,35775.59630300464,956.4036969953595,956.4036969953595,914708.0316263915
2001-06-20 09:00:00,39293.0,39018.213232137394,274.7867678626062,274.7867678626062,75507.76779237784
2001-06-20 10:00:00,41554.0,41428.96865036631,125.03134963368939,125.03134963368939,15632.83839122188
2001-06-20 11:00:00,43506.0,42758.718460897435,747.2815391025651,747.2815391025651,558429.6986834987
2001-06-20 12:00:00,45219.0,44434.39486803848,784.6051319615217,784.6051319615217,615605.2131003569
2001-06-20 13:00:00,47012.0,45809.02404743233,1202.975952567671,1202.975952567671,1447151.1424560952
2001-06-20 14:00:00,47399.0,47414.19107879342,-15.191078793417546,15.191078793417546,230.76887490782028
2001-06-20 15:00:00,48042.0,48030.93337813855,11.066621861449676,11.066621861449676,122.47011942431588
2001-06-20 16:00:00,48410.0,48047.001343535565,362.99865646443504,362.99865646443504,131768.02459498492
2001-06-20 17:00:00,47728.0,48071.449721046614,-343.4497210466143,343.4497210466143,117957.71088699717
2001-06-20 18:00:00,46289.0,46795.68990952379,-506.68990952378954,506.68990952378954,256734.66441322604
2001-06-20 19:00:00,43677.0,44863.83750000003,-1186.8375000000306,1186.8375000000306,1408583.2514063225
2001-06-20 20:00:00,42039.0,43439.781460317456,-1400.7814603174556,1400.7814603174556,1962188.6995691035
2001-06-20 21:00:00,40800.0,41614.411061187035,-814.4110611870346,814.4110611870346,663265.3765837919
2001-06-20 22:00:00,37511.0,37876.4400142857,-365.44001428569754,365.44001428569754,133546.40404113082
2001-06-20 23:00:00,33842.0,34267.44035714287,-425.4403571428702,425.4403571428702,180999.49748585295
2001-06-21 00:00:00,30894.0,31182.141905014494,-288.1419050144941,288.1419050144941,83025.75742538174
2001-06-21 01:00:00,28748.0,28958.707490208282,-210.70749020828225,210.70749020828225,44397.64642987336
2001-06-21 02:00:00,27538.0,27597.02244455457,-59.02244455456821,59.02244455456821,3483.6489611970787
2001-06-21 03:00:00,26756.0,26910.52876033043,-154.5287603304314,154.5287603304314,23879.13776925991
2001-06-21 04:00:00,26737.0,26587.41472527485,149.58527472514834,149.58527472514834,22375.7544145981
2001-06-21 05:00:00,27821.0,27935.632102670515,-114.63210267051545,114.63210267051545,13140.518962663595
2001-06-21 06:00:00,30475.0,29924.189034429786,550.8109655702137,550.8109655702137,303392.7197923912
2001-06-21 07:00:00,33895.0,33187.82378356222,707.1762164377797,707.1762164377797,500098.2010952534
2001-06-21 08:00:00,35973.0,36009.22080545795,-36.22080545795325,36.22080545795325,1311.9467480228957
2001-06-21 09:00:00,37892.0,37790.201614863116,101.79838513688446,101.79838513688446,10362.91121647746
2001-06-21 10:00:00,39632.0,39740.14043136315,-108.14043136315013,108.14043136315013,11694.352895408183
2001-06-21 11:00:00,40819.0,41002.63670115441,-183.63670115441346,183.63670115441346,33722.438010875354
2001-06-21 12:00:00,40969.0,41685.60689365077,-716.6068936507727,716.6068936507727,513525.4400278098
2001-06-21 13:00:00,42254.0,41988.08681122927,265.91318877073354,265.91318877073354,70709.82396221977
2001-06-21 14:00:00,42712.0,42859.26666587999,-147.26666587999352,147.26666587999352,21687.470879409648
2001-06-21 15:00:00,42718.0,42896.12015836704,-178.12015836704086,178.12015836704086,31726.790816699715
2001-06-21 16:00:00,42287.0,42496.51467089693,-209.51467089693324,209.51467089693324,43896.397321050244
2001-06-21 17:00:00,41466.0,41569.51773234993,-103.51773234993016,103.51773234993016,10715.920910871777
2001-06-21 18:00:00,40039.0,39988.73273571429,50.267264285706915,50.267264285706915,2526.797858769106
2001-06-21 19:00:00,38597.0,38721.83230957971,-124.83230957970954,124.83230957970954,15583.105515004443
2001-06-21 20:00:00,38216.0,37622.6460218314,593.3539781685977,593.3539781685977,352068.9434085007
2001-06-21 21:00:00,37961.0,37254.853382777495,706.1466172225046,706.1466172225046,498643.0450147864
2001-06-21 22:00:00,35202.0,35146.54296190478,55.45703809522092,55.45703809522092,3075.4830742947847
2001-06-21 23:00:00,31964.0,32172.754637959806,-208.75463795980613,208.75463795980613,43578.49886972973
2001-06-22 00:00:00,29400.0,29037.922089424086,362.07791057591385,362.07791057591385,131100.41332701946
2001-06-22 01:00:00,27715.0,27460.848308652596,254.15169134740427,254.15169134740427,64593.082214746246
2001-06-22 02:00:00,26812.0,26671.293355711816,140.70664428818418,140.70664428818418,19798.359746841594
2001-06-22 03:00:00,26152.0,26179.5087700642,-27.50877006419978,27.50877006419978,756.732430445014
2001-06-22 04:00:00,26328.0,26158.07577589375,169.9242241062493,169.9242241062493,28874.24193811084
2001-06-22 05:00:00,27534.0,27451.58897161122,82.4110283887785,82.4110283887785,6791.577600096057
2001-06-22 06:00:00,29974.0,29978.600531713662,-4.600531713662349,4.600531713662349,21.16489204841303
2001-06-22 07:00:00,33472.0,32465.928924956876,1006.0710750431244,1006.0710750431244,1012179.0080384281
2001-06-22 08:00:00,36132.0,35620.34218159536,511.6578184046375,511.6578184046375,261793.72313459302
2001-06-22 09:00:00,37957.0,38130.698113626284,-173.69811362628388,173.69811362628388,30171.034677329426
2001-06-22 10:00:00,39702.0,39556.339481389725,145.66051861027518,145.66051861027518,21216.98668181432
2001-06-22 11:00:00,41055.0,40852.84358749438,202.15641250561748,202.15641250561748,40867.21511714138
2001-06-22 12:00:00,41849.0,42032.200580990924,-183.2005809909242,183.2005809909242,33562.45287541218
2001-06-22 13:00:00,42723.0,42722.90209139504,0.09790860496286768,0.09790860496286768,0.009586094925774878
2001-06-22 14:00:00,43193.0,43171.27151849453,21.72848150547361,21.72848150547361,472.12690853370873
2001-06-22 15:00:00,43186.0,43429.755772101234,-243.75577210123447,243.75577210123447,59416.876432668956
2001-06-22 16:00:00,42857.0,43248.26275353537,-391.26275353536766,391.26275353536766,153086.54230407786
2001-06-22 17:00:00,41970.0,42220.76119051875,-250.7611905187514,250.7611905187514,62881.17467038153
2001-06-22 18:00:00,40145.0,40644.9903390546,-499.9903390546024,499.9903390546024,249990.33914793623
2001-06-22 19:00:00,38532.0,38988.68349705496,-456.68349705496075,456.68349705496075,208559.81648234834
2001-06-22 20:00:00,37459.0,37687.980695247235,-228.98069524723542,228.98069524723542,52432.1587959073
2001-06-22 21:00:00,36854.0,36546.141968405056,307.8580315949439,307.8580315949439,94776.56761751347
2001-06-22 22:00:00,34534.0,34098.11137619045,435.88862380955106,435.88862380955106,189998.89236658433
2001-06-22 23:00:00,31566.0,31840.5977008811,-274.5977008810987,274.5977008810987,75403.89732918536
2001-06-23 00:00:00,28858.0,29254.009642412206,-396.0096424122057,396.0096424122057,156823.63688344305
2001-06-23 01:00:00,27219.0,27145.14447339833,73.85552660167014,73.85552660167014,5454.638809610005
2001-06-23 02:00:00,25992.0,26090.83658259585,-98.8365825958499,98.8365825958499,9768.67005922626
2001-06-23 03:00:00,25192.0,25287.29952880664,-95.29952880664132,95.29952880664132,9082.000190767858
2001-06-23 04:00:00,25056.0,25054.99545305309,1.0045469469114323,1.0045469469114323,1.00911456854908
2001-06-23 05:00:00,25332.0,25624.575929365084,-292.57592936508445,292.57592936508445,85600.67444384289
2001-06-23 06:00:00,25931.0,26472.916609055417,-541.9166090554172,541.9166090554172,293673.6111701219
2001-06-23 07:00:00,27740.0,27433.871103688245,306.12889631175494,306.12889631175494,93714.9011570532
2001-06-23 08:00:00,30327.0,29918.18212903003,408.8178709699714,408.8178709699714,167132.0516244202
2001-06-23 09:00:00,32705.0,32610.327063330533,94.67293666946716,94.67293666946716,8962.96493762094
2001-06-23 10:00:00,34325.0,34638.91618231681,-313.9161823168106,313.9161823168106,98543.36952036107
2001-06-23 11:00:00,35417.0,35834.0393063051,-417.0393063051015,417.0393063051015,173921.78300344027
2001-06-23 12:00:00,35887.0,36267.71170650309,-380.7117065030907,380.7117065030907,144941.40346849547
2001-06-23 13:00:00,35641.0,36401.50462844355,-760.5046284435521,760.5046284435521,578367.2898840652
2001-06-23 14:00:00,34667.0,36207.194153200515,-1540.1941532005148,1540.1941532005148,2372198.029553051
2001-06-23 15:00:00,33835.0,34614.55640642202,-779.5564064220234,779.5564064220234,607708.190793619
2001-06-23 16:00:00,33398.0,33735.98935304409,-337.9893530440895,337.9893530440895,114236.80277116218
2001-06-23 17:00:00,33149.0,33053.559464513375,95.44053548662487,95.44053548662487,9108.8958139737
2001-06-23 18:00:00,32822.0,33044.325072095904,-222.32507209590403,222.32507209590403,49428.43768244893
2001-06-23 19:00:00,32229.0,32700.740888439017,-471.740888439017,471.740888439017,222539.46582523308
2001-06-23 20:00:00,31856.0,31932.305670849466,-76.30567084946597,76.30567084946597,5822.555403787041
2001-06-23 21:00:00,32108.0,31603.057598474505,504.94240152549537,504.94240152549537,254966.8288583346
2001-06-23 22:00:00,30458.0,30343.669065592298,114.33093440770244,114.33093440770244,13071.562562538358
2001-06-23 23:00:00,27925.0,28181.61939857674,-256.6193985767386,256.6193985767386,65853.51572588703
2001-06-24 00:00:00,25682.0,25536.999770835224,145.0002291647761,145.0002291647761,21025.066457837587
2001-06-24 01:00:00,23884.0,23955.010623044996,-71.01062304499646,71.01062304499646,5042.508585238583
2001-06-24 02:00:00,22770.0,22927.634272653107,-157.63427265310747,157.63427265310747,24848.563914874227
2001-06-24 03:00:00,21914.0,22154.056612719887,-240.0566127198872,240.0566127198872,57627.17731054591
2001-06-24 04:00:00,21576.0,21675.511427839698,-99.51142783969772,99.51142783969772,9902.524270695365
2001-06-24 05:00:00,21441.0,21751.227490803638,-310.2274908036379,310.2274908036379,96241.09605032126
2001-06-24 06:00:00,21238.0,22052.637773412705,-814.6377734127054,814.6377734127054,663634.7018708104
2001-06-24 07:00:00,22653.0,22609.595949927854,43.404050072145765,43.404050072145765,1883.9115626653368
2001-06-24 08:00:00,24909.0,24770.59730191385,138.40269808614903,138.40269808614903,19155.30683752572
2001-06-24 09:00:00,26850.0,26806.499929663973,43.50007033602742,43.50007033602742,1892.2561192393327
2001-06-24 10:00:00,28526.0,28352.191070823832,173.80892917616802,173.80892917616802,30209.54386136619
2001-06-24 11:00:00,29541.0,29395.698269365137,145.3017306348629,145.3017306348629,21112.592925486257
2001-06-24 12:00:00,30320.0,30085.67827291592,234.3217270840796,234.3217270840796,54906.671783665886
2001-06-24 13:00:00,30860.0,30703.045295208747,156.95470479125288,156.95470479125288,24634.77935610934
2001-06-24 14:00:00,31200.0,31218.279027714576,-18.279027714575932,18.279027714575932,334.122854190235
2001-06-24 15:00:00,31471.0,31443.424932590602,27.57506740939789,27.57506740939789,760.3843426328376
2001-06-24 16:00:00,31905.0,31793.171526295857,111.82847370414311,111.82847370414311,12505.607530998226
2001-06-24 17:00:00,32369.0,32067.326103066855,301.67389693314544,301.67389693314544,91007.14009083006
2001-06-24 18:00:00,32065.0,32168.741199518583,-103.74119951858302,103.74119951858302,10762.236477554448
2001-06-24 19:00:00,31447.0,31768.076263847615,-321.07626384761534,321.07626384761534,103089.9672063435
2001-06-24 20:00:00,31360.0,31216.7650733006,143.23492669939878,143.23492669939878,20516.24422658214
2001-06-24 21:00:00,32162.0,31108.880782578075,1053.119217421925,1053.119217421925,1109060.0861033676
2001-06-24 22:00:00,30489.0,30572.490243059325,-83.49024305932471,83.49024305932471,6970.620686105118
2001-06-24 23:00:00,27594.0,28264.979099554053,-670.9790995540534,670.9790995540534,450212.95203836827
2001-06-25 00:00:00,25348.0,25420.560557158267,-72.56055715826733,72.56055715826733,5265.03445511818
2001-06-25 01:00:00,23814.0,23828.795705069184,-14.795705069183896,14.795705069183896,218.91288849427403
2001-06-25 02:00:00,23021.0,23019.608097898596,1.391902101404412,1.391902101404412,1.9373914598940178
2001-06-25 03:00:00,22588.0,22572.400875389598,15.599124610402214,15.599124610402214,243.33268861085602
2001-06-25 04:00:00,22859.0,22676.24983672003,182.75016327996855,182.75016327996855,33397.62217885516
2001-06-25 05:00:00,24158.0,24422.72847083439,-264.72847083439046,264.72847083439046,70081.16327031472
2001-06-25 06:00:00,26625.0,26701.17738291183,-76.17738291182832,76.17738291182832,5802.993667295313
2001-06-25 07:00:00,30197.0,29555.788942929765,641.2110570702353,641.2110570702353,411151.6197091285
2001-06-25 08:00:00,32921.0,32536.2894137296,384.7105862704011,384.7105862704011,148002.23518851574
2001-06-25 09:00:00,35058.0,34575.709644282026,482.2903557179743,482.2903557179743,232603.9872185702
2001-06-25 10:00:00,36839.0,36341.859686394935,497.1403136050649,497.1403136050649,247148.49141134226
2001-06-25 11:00:00,38110.0,38099.64164211348,10.358357886521844,10.358357886521844,107.29557810526929
2001-06-25 12:00:00,38926.0,38995.217283304344,-69.21728330434416,69.21728330434416,4791.032308033841
2001-06-25 13:00:00,39782.0,39731.23135592967,50.76864407033281,50.76864407033281,2577.455220740139
2001-06-25 14:00:00,40551.0,40489.198867394116,61.80113260588405,61.80113260588405,3819.3799913700645
2001-06-25 15:00:00,40953.0,40880.5630389635,72.43696103650291,72.43696103650291,5247.11332420384
2001-06-25 16:00:00,41254.0,41206.76250096076,47.23749903924181,47.23749903924181,2231.381315482371
2001-06-25 17:00:00,41376.0,40802.93288427595,573.0671157240504,573.0671157240504,328405.91912428214
2001-06-25 18:00:00,40435.0,40413.03430375463,21.965696245366416,21.965696245366416,482.4918115437043
2001-06-25 19:00:00,38953.0,39580.08969505671,-627.0896950567112,627.0896950567112,393241.48564631905
2001-06-25 20:00:00,37910.0,38319.71596445734,-409.7159644573403,409.7159644573403,167867.17153120856
2001-06-25 21:00:00,37865.0,37272.69394439337,592.3060556066266,592.3060556066266,350826.4635082803
2001-06-25 22:00:00,35100.0,34888.178295238074,211.8217047619255,211.8217047619255,44868.43460824833
2001-06-25 23:00:00,31167.0,31994.249145013873,-827.2491450138732,827.2491450138732,684341.1479261842
2001-06-26 00:00:00,28222.0,28359.41035006294,-137.41035006293896,137.41035006293896,18881.60430441943
2001-06-26 01:00:00,26381.0,26513.11677562439,-132.11677562438854,132.11677562438854,17454.842401385024
2001-06-26 02:00:00,25318.0,25351.40292677704,-33.402926777038374,33.402926777038374,1115.7555172721873
2001-06-26 03:00:00,24569.0,24648.80427700855,-79.80427700854852,79.80427700854852,6368.722628857146
2001-06-26 04:00:00,24691.0,24420.886860810002,270.11313918999804,270.11313918999804,72961.10796307525
2001-06-26 05:00:00,25746.0,25699.38074564912,46.61925435088051,46.61925435088051,2173.3548762320916
2001-06-26 06:00:00,28289.0,27968.21335462869,320.78664537131044,320.78664537131044,102904.07184857888
2001-06-26 07:00:00,31915.0,31137.192978924402,777.8070210755977,777.8070210755977,604983.7620344954
2001-06-26 08:00:00,34900.0,34568.03095692084,331.96904307915975,331.96904307915975,110203.44556289302
2001-06-26 09:00:00,37267.0,36797.61926374398,469.3807362560183,469.3807362560183,220318.2755682418
2001-06-26 10:00:00,39653.0,38906.8734707693,746.1265292306998,746.1265292306998,556704.7976218504
2001-06-26 11:00:00,41174.0,40800.61606815483,373.3839318451719,373.3839318451719,139415.56056015997
2001-06-26 12:00:00,42324.0,42292.20202008285,31.79797991715168,31.79797991715168,1011.1115268115815
2001-06-26 13:00:00,43265.0,43106.9954969676,158.0045030324036,158.0045030324036,24965.422978516835
2001-06-26 14:00:00,43833.0,43700.24837890119,132.75162109881057,132.75162109881057,17622.99290436217
2001-06-26 15:00:00,44612.0,44121.77247674985,490.2275232501488,490.2275232501488,240323.0245519752
2001-06-26 16:00:00,45134.0,44726.14811010101,407.85188989899325,407.85188989899325,166343.1640941805
2001-06-26 17:00:00,45193.0,44661.79274285715,531.2072571428507,531.2072571428507,282181.1500412307
2001-06-26 18:00:00,44373.0,43961.11401804509,411.8859819549107,411.8859819549107,169650.062130961
2001-06-26 19:00:00,42755.0,42829.34987698416,-74.3498769841608,74.3498769841608,5527.904207559844
2001-06-26 20:00:00,41478.0,41732.21934462506,-254.21934462506033,254.21934462506033,64627.47518159519
2001-06-26 21:00:00,41367.0,40655.417743267106,711.5822567328942,711.5822567328942,506349.3080970785
2001-06-26 22:00:00,38273.0,38247.867266666675,25.132733333324722,25.132733333324722,631.6542848040116
2001-06-26 23:00:00,34168.0,34874.45464761903,-706.4546476190299,706.4546476190299,499078.1691425276
2001-06-27 00:00:00,30934.0,31189.164481368287,-255.16448136828694,255.16448136828694,65108.91255194685
2001-06-27 01:00:00,28791.0,29000.244636365187,-209.24463636518703,209.24463636518703,43783.317847599355
2001-06-27 02:00:00,27561.0,27774.08878253969,-213.08878253968942,213.08878253968942,45406.82924424705
2001-06-27 03:00:00,26728.0,26956.865533083168,-228.86553308316797,228.86553308316797,52379.432233442654
2001-06-27 04:00:00,26532.0,26566.30618931994,-34.30618931994104,34.30618931994104,1176.9146256556367
2001-06-27 05:00:00,27721.0,27638.71093840049,82.2890615995093,82.2890615995093,6771.489658927835
2001-06-27 06:00:00,30259.0,29804.009699385853,454.9903006141467,454.9903006141467,207016.17365295158
2001-06-27 07:00:00,34195.0,33113.10854367003,1081.8914563299695,1081.8914563299695,1170489.1232797822
2001-06-27 08:00:00,37538.0,36235.7125437951,1302.2874562048964,1302.2874562048964,1695952.61858862
2001-06-27 09:00:00,40115.0,39576.287561929836,538.7124380701644,538.7124380701644,290211.09093150066
2001-06-27 10:00:00,42695.0,41940.897246031775,754.1027539682254,754.1027539682254,568670.963542462
2001-06-27 11:00:00,44435.0,44167.49164285714,267.5083571428622,267.5083571428622,71560.72114127313
2001-06-27 12:00:00,45459.0,45445.15037044061,13.849629559386813,13.849629559386813,191.81223893224094
2001-06-27 13:00:00,46686.0,46351.266406764276,334.7335932357237,334.7335932357237,112046.57844049891
2001-06-27 14:00:00,47561.0,47416.748315445715,144.25168455428502,144.25168455428502,20808.54849674895
2001-06-27 15:00:00,48339.0,48012.74393569388,326.2560643061224,326.2560643061224,106443.01949652069
2001-06-27 16:00:00,48881.0,48136.59875067843,744.4012493215705,744.4012493215705,554133.2199915149
2001-06-27 17:00:00,48758.0,48631.622666666626,126.37733333337383,126.37733333337383,15971.23038045468
2001-06-27 18:00:00,47667.0,47499.27354761904,167.7264523809572,167.7264523809572,28132.1628283015
2001-06-27 19:00:00,46005.0,46361.22400952382,-356.22400952382304,356.22400952382304,126895.54496122876
2001-06-27 20:00:00,44925.0,44785.250395238094,139.74960476190608,139.74960476190608,19529.952031108965
2001-06-27 21:00:00,44417.0,44091.49715360959,325.5028463904091,325.5028463904091,105952.10300825826
2001-06-27 22:00:00,41024.0,41241.18102857142,-217.1810285714164,217.1810285714164,47167.599171338385
2001-06-27 23:00:00,36924.0,37369.22162380951,-445.2216238095134,445.2216238095134,198222.29430757987
2001-06-28 00:00:00,33575.0,33832.86304652012,-257.8630465201204,257.8630465201204,66493.35076063778
2001-06-28 01:00:00,31535.0,31358.895846371106,176.10415362889398,176.10415362889398,31012.672925349092
2001-06-28 02:00:00,30067.0,30161.305915686633,-94.30591568663294,94.30591568663294,8893.605733494322
2001-06-28 03:00:00,29150.0,29263.93329110696,-113.9332911069614,113.9332911069614,12980.794822463611
2001-06-28 04:00:00,28991.0,28994.400982659812,-3.4009826598121435,3.4009826598121435,11.566683052342883
2001-06-28 05:00:00,29989.0,29951.153531604465,37.84646839553534,37.84646839553534,1432.3551700142552
2001-06-28 06:00:00,32549.0,31871.04573782505,677.9542621749497,677.9542621749497,459621.9816011804
2001-06-28 07:00:00,36261.0,35452.19704745851,808.8029525414895,808.8029525414895,654162.2160398309
2001-06-28 08:00:00,39589.0,38765.50963371627,823.4903662837314,823.4903662837314,678136.3833621141
2001-06-28 09:00:00,42162.0,41735.839409523775,426.1605904762255,426.1605904762255,181612.84887504517
2001-06-28 10:00:00,44664.0,44132.71342619046,531.2865738095425,531.2865738095425,282265.4235102824
2001-06-28 11:00:00,46402.0,45782.02759187677,619.9724081232271,619.9724081232271,384365.78683411324
2001-06-28 12:00:00,47730.0,47457.83593730158,272.16406269842264,272.16406269842264,74073.27702451093
2001-06-28 13:00:00,48833.0,49156.017896825426,-323.01789682542585,323.01789682542585,104340.56166952146
2001-06-28 14:00:00,49539.0,49321.3492968254,217.6507031746005,217.6507031746005,47371.82859239805
2001-06-28 15:00:00,49843.0,49173.3640301587,669.6359698412998,669.6359698412998,448412.3321052982
2001-06-28 16:00:00,50157.0,48981.939463492046,1175.0605365079537,1175.0605365079537,1380767.26445836
2001-06-28 17:00:00,49840.0,48762.826514285654,1077.1734857143456,1077.1734857143456,1160302.7183259935
2001-06-28 18:00:00,48773.0,47503.16685714287,1269.8331428571328,1269.8331428571328,1612476.2106984234
2001-06-28 19:00:00,47082.0,46939.21508095238,142.78491904761904,142.78491904761904,20387.533107435123
2001-06-28 20:00:00,45858.0,45716.570761904775,141.42923809522472,141.42923809522472,20002.229388195763
2001-06-28 21:00:00,45261.0,44803.510047619,457.4899523810018,457.4899523810018,209297.05652957127
2001-06-28 22:00:00,41822.0,41758.863195238104,63.1368047618962,63.1368047618962,3986.256115541799
2001-06-28 23:00:00,37482.0,38440.156814285685,-958.156814285685,958.156814285685,918064.4807620926
2001-06-29 00:00:00,34165.0,34625.143426190465,-460.1434261904651,460.1434261904651,211731.97266630002
2001-06-29 01:00:00,32066.0,32036.544766666677,29.45523333332312,29.45523333332312,867.6107707205095
2001-06-29 02:00:00,30633.0,30813.876661904767,-180.8766619047674,180.8766619047674,32716.36682181153
2001-06-29 03:00:00,29479.0,29911.47581133699,-432.47581133698986,432.47581133698986,187035.32739158766
2001-06-29 04:00:00,29384.0,29338.942231242017,45.05776875798256,45.05776875798256,2030.202525447829
2001-06-29 05:00:00,30387.0,30379.50619618948,7.493803810521058,7.493803810521058,56.15709555057993
2001-06-29 06:00:00,32628.0,32605.943185030046,22.056814969953848,22.056814969953848,486.5030866187802
2001-06-29 07:00:00,36203.0,35714.367624850005,488.6323751499949,488.6323751499949,238761.59804472537
2001-06-29 08:00:00,39302.0,38520.20901221946,781.7909877805432,781.7909877805432,611197.1485748775
2001-06-29 09:00:00,41868.0,41433.246661904755,434.75333809524454,434.75333809524454,189010.464984958
2001-06-29 10:00:00,44081.0,43709.604933333314,371.39506666668603,371.39506666668603,137934.29554435215
2001-06-29 11:00:00,45783.0,45422.57488095234,360.42511904765706,360.42511904765706,129906.26644051776
2001-06-29 12:00:00,46887.0,46605.573507081805,281.42649291819544,281.42649291819544,79200.8709162351
2001-06-29 13:00:00,47922.0,47757.81120238095,164.18879761904827,164.18879761904827,26957.961263588793
2001-06-29 14:00:00,48397.0,48586.186632706755,-189.1866327067546,189.1866327067546,35791.581994920474
2001-06-29 15:00:00,48415.0,48513.8143984546,-98.81439845459681,98.81439845459681,9764.285341943825
2001-06-29 16:00:00,48199.0,48526.07048129193,-327.07048129192844,327.07048129192844,106975.09973253371
2001-06-29 17:00:00,47449.0,48077.24438270674,-628.24438270674,628.24438270674,394691.0044025728
2001-06-29 18:00:00,45932.0,46334.273061904765,-402.2730619047652,402.2730619047652,161823.61633423506
2001-06-29 19:00:00,44229.0,44793.325157142855,-564.3251571428555,564.3251571428555,318462.8829843085
2001-06-29 20:00:00,43073.0,43492.78162619043,-419.78162619042996,419.78162619042996,176216.61368708187
2001-06-29 21:00:00,42579.0,42508.40027857143,70.59972142856714,70.59972142856714,4984.3206657912815
2001-06-29 22:00:00,40001.0,39456.69738571432,544.3026142856834,544.3026142856834,296265.3359182294
2001-06-29 23:00:00,36869.0,36761.69222857143,107.30777142856823,107.30777142856823,11514.957808965844
2001-06-30 00:00:00,34004.0,34011.40807619046,-7.408076190462452,7.408076190462452,54.87959284369668
2001-06-30 01:00:00,31711.0,32019.230595238074,-308.2305952380739,308.2305952380739,95006.09984081733
2001-06-30 02:00:00,30321.0,30089.040466666655,231.95953333334546,231.95953333334546,53805.225104223406
2001-06-30 03:00:00,29299.0,29648.557515319462,-349.55751531946225,349.55751531946225,122190.45651631609
2001-06-30 04:00:00,28779.0,29138.775183964874,-359.7751839648736,359.7751839648736,129438.18299695863
2001-06-30 05:00:00,28647.0,29074.23372848869,-427.23372848868894,427.23372848868894,182528.65875834678
2001-06-30 06:00:00,29123.0,29299.75552985237,-176.75552985236936,176.75552985236936,31242.517333391836
2001-06-30 07:00:00,31786.0,30749.862891091452,1036.1371089085478,1036.1371089085478,1073580.108457364
2001-06-30 08:00:00,35923.0,34880.76021255158,1042.2397874484232,1042.2397874484232,1086263.7745405342
2001-06-30 09:00:00,39541.0,38366.49994347711,1174.500056522891,1174.500056522891,1379450.3827722743
2001-06-30 10:00:00,42404.0,41776.007364285695,627.9926357143049,627.9926357143049,394374.7505113997
2001-06-30 11:00:00,44584.0,43982.51060238095,601.4893976190506,601.4893976190506,361789.4954481283
2001-06-30 12:00:00,45563.0,45473.54670000002,89.45329999997921,89.45329999997921,8001.89288088628
2001-06-30 13:00:00,45903.0,46156.482177289385,-253.4821772893847,253.4821772893847,64253.21420336706
2001-06-30 14:00:00,46032.0,46250.94938595847,-218.94938595846907,218.94938595846907,47938.83361159065
2001-06-30 15:00:00,45934.0,46243.131779646916,-309.1317796469157,309.1317796469157,95562.45718766924
2001-06-30 16:00:00,45698.0,45985.034009523806,-287.03400952380616,287.03400952380616,82388.52262331244
2001-06-30 17:00:00,44899.0,45242.46001428573,-343.4600142857307,343.4600142857307,117964.78141315436
2001-06-30 18:00:00,43592.0,43857.980402380934,-265.9804023809338,265.9804023809338,70745.57445072346
2001-06-30 19:00:00,42234.0,42507.81922914859,-273.81922914859024,273.81922914859024,74976.97025152817
2001-06-30 20:00:00,41494.0,41647.17929552672,-153.17929552672285,153.17929552672285,23463.896578063097
2001-06-30 21:00:00,41069.0,40507.58220993868,561.4177900613213,561.4177900613213,315189.9349973378
2001-06-30 22:00:00,38596.0,38452.14668571429,143.85331428571226,143.85331428571226,20693.776030983907
2001-06-30 23:00:00,35760.0,35487.5460857143,272.4539142857029,272.4539142857029,74231.13540960115
2001-07-01 00:00:00,32664.0,32797.70501328672,-133.70501328672253,133.70501328672253,17877.03057800265
2001-07-01 01:00:00,30571.0,30681.818113887693,-110.81811388769347,110.81811388769347,12280.6543656258
2001-07-01 02:00:00,29179.0,29038.753150838034,140.24684916196566,140.24684916196566,19669.178699859145
2001-07-01 03:00:00,28221.0,28403.2709878592,-182.27098785919952,182.27098785919952,33222.71301516846
2001-07-01 04:00:00,27587.0,27879.965169427902,-292.96516942790186,292.96516942790186,85828.59049791924
2001-07-01 05:00:00,27080.0,27753.113599404434,-673.1135994044344,673.1135994044344,453081.9177031933
2001-07-01 06:00:00,27173.0,27966.337366860425,-793.3373668604254,793.3373668604254,629384.1776570332
2001-07-01 07:00:00,29054.0,28868.79442733186,185.2055726681392,185.2055726681392,34301.1041473334
2001-07-01 08:00:00,32184.0,32077.698737423503,106.30126257649681,106.30126257649681,11299.958425357321
2001-07-01 09:00:00,35351.0,35077.838325341625,273.161674658375,273.161674658375,74617.3005021679
2001-07-01 10:00:00,37778.0,37584.16508802252,193.83491197747935,193.83491197747935,37571.97310131717
2001-07-01 11:00:00,39361.0,39524.920577416364,-163.9205774163638,163.9205774163638,26869.95570051412
2001-07-01 12:00:00,40609.0,40683.57170238093,-74.57170238092658,74.57170238092658,5560.938795989491
2001-07-01 13:00:00,41391.0,41269.970443856146,121.02955614385428,121.02955614385428,14648.153460378375
2001-07-01 14:00:00,41616.0,42001.21884448628,-385.2188444862768,385.2188444862768,148393.5581473423
2001-07-01 15:00:00,41494.0,41865.97372090965,-371.9737209096493,371.9737209096493,138364.44904736965
2001-07-01 16:00:00,40428.0,41393.20168253965,-965.2016825396495,965.2016825396495,931614.2879773703
2001-07-01 17:00:00,39076.0,39983.37023174605,-907.3702317460484,907.3702317460484,823320.7374588775
2001-07-01 18:00:00,36527.0,38337.320575590056,-1810.3205755900563,1810.3205755900563,3277260.5864047124
2001-07-01 19:00:00,34534.0,36113.142395599956,-1579.1423955999562,1579.1423955999562,2493690.7055811686
2001-07-01 20:00:00,33911.0,34460.341436127266,-549.3414361272662,549.3414361272662,301776.0134463673
2001-07-01 21:00:00,33781.0,33664.01970018671,116.98029981328727,116.98029981328727,13684.390544406579
2001-07-01 22:00:00,31910.0,32417.141697653966,-507.1416976539658,507.1416976539658,257192.70149934647
2001-07-01 23:00:00,29180.0,29867.462134834623,-687.4621348346227,687.4621348346227,472604.186831377
2001-07-02 00:00:00,26775.0,27378.373946933614,-603.3739469336142,603.3739469336142,364060.1198382479
2001-07-02 01:00:00,25183.0,25637.881778285406,-454.88177828540574,454.88177828540574,206917.43221609303
2001-07-02 02:00:00,23479.0,24382.74284255446,-903.7428425544604,903.7428425544604,816751.1254684161
2001-07-02 03:00:00,22654.0,22980.151330670353,-326.15133067035276,326.15133067035276,106374.69049804179
2001-07-02 04:00:00,22915.0,22573.765753835065,341.23424616493503,341.23424616493503,116440.81075575147
2001-07-02 05:00:00,23432.0,23798.83303669176,-366.83303669176166,366.83303669176166,134566.47680849937
2001-07-02 06:00:00,25059.0,25571.05869338721,-512.058693387211,512.058693387211,262204.10547341773
2001-07-02 07:00:00,27787.0,27928.015227926546,-141.01522792654578,141.01522792654578,19885.294507175655
2001-07-02 08:00:00,29572.0,30117.005751805467,-545.0057518054673,545.0057518054673,297031.2695010426
2001-07-02 09:00:00,30698.0,30992.658961288445,-294.6589612884454,294.6589612884454,86823.90346758558
2001-07-02 10:00:00,31582.0,31816.692231034704,-234.69223103470358,234.69223103470358,55080.443308046684
2001-07-02 11:00:00,32055.0,32268.968397401673,-213.96839740167343,213.96839740167343,45782.47508664045
2001-07-02 12:00:00,32152.0,32157.429979664546,-5.4299796645464085,5.4299796645464085,29.484679157387525
2001-07-02 13:00:00,32348.0,32179.72598119159,168.2740188084099,168.2740188084099,28316.145405933086
2001-07-02 14:00:00,32620.0,32258.867674000936,361.13232599906405,361.13232599906405,130416.55688149427
2001-07-02 15:00:00,32690.0,32810.62253914434,-120.62253914433677,120.62253914433677,14549.796949627056
2001-07-02 16:00:00,32934.0,32722.779290442533,211.22070955746676,211.22070955746676,44614.18814595973
2001-07-02 17:00:00,32881.0,32812.158262850215,68.84173714978533,68.84173714978533,4739.184773800133
2001-07-02 18:00:00,32145.0,32650.6247548798,-505.6247548797983,505.6247548797983,255656.3927472561
2001-07-02 19:00:00,31040.0,31719.59600868131,-679.5960086813102,679.5960086813102,461850.73501556745
2001-07-02 20:00:00,30469.0,30959.729351565515,-490.72935156551466,490.72935156551466,240815.2964879105
2001-07-02 21:00:00,30817.0,30457.876382743598,359.1236172564022,359.1236172564022,128969.77247132287
2001-07-02 22:00:00,28316.0,28859.8920356266,-543.892035626599,543.892035626599,295818.5464180456
2001-07-02 23:00:00,25448.0,26070.461898509817,-622.4618985098168,622.4618985098168,387458.8150964455
2001-07-03 00:00:00,23122.0,23287.343426072464,-165.34342607246435,165.34342607246435,27338.448545380485
2001-07-03 01:00:00,21859.0,21864.259087275765,-5.259087275764614,5.259087275764614,27.65799897410927
2001-07-03 02:00:00,21123.0,21215.273740983892,-92.27374098389191,92.27374098389191,8514.443275162374
2001-07-03 03:00:00,20820.0,20720.75319887747,99.24680112252827,99.24680112252827,9849.927533054679
2001-07-03 04:00:00,21173.0,21071.517437854087,101.4825621459131,101.4825621459131,10298.710419699117
2001-07-03 05:00:00,22197.0,22395.198232642637,-198.19823264263687,198.19823264263687,39282.539422664806
2001-07-03 06:00:00,24356.0,24983.241687204525,-627.2416872045251,627.2416872045251,393432.1341671793
2001-07-03 07:00:00,27237.0,27047.815283785854,189.18471621414574,189.18471621414574,35790.85684902686
2001-07-03 08:00:00,29482.0,29431.05041817193,50.94958182807022,50.94958182807022,2595.8598884552234
2001-07-03 09:00:00,31031.0,30768.225549974894,262.7744500251065,262.7744500251065,69050.4115859972
2001-07-03 10:00:00,32065.0,31940.09969961058,124.90030038942132,124.90030038942132,15600.085037367679
2001-07-03 11:00:00,32882.0,32790.031625504635,91.96837449536542,91.96837449536542,8458.181907319782
2001-07-03 12:00:00,33246.0,33430.52924888124,-184.52924888124107,184.52924888124107,34051.04369267501
2001-07-03 13:00:00,33737.0,33624.321151628,112.67884837200108,112.67884837200108,12696.52287044041
2001-07-03 14:00:00,33895.0,34213.03879923912,-318.0387992391188,318.0387992391188,101148.67782146053
2001-07-03 15:00:00,33850.0,34072.4275779296,-222.42757792960037,222.42757792960037,49474.027423628446
2001-07-03 16:00:00,33753.0,33863.210909782356,-110.21090978235588,110.21090978235588,12146.444635054588
2001-07-03 17:00:00,33492.0,33515.41774116315,-23.41774116315355,23.41774116315355,548.3906011844562
2001-07-03 18:00:00,32455.0,32897.88722492806,-442.8872249280612,442.8872249280612,196149.09400447906
2001-07-03 19:00:00,31343.0,32248.386432381074,-905.386432381074,905.386432381074,819724.591939729
2001-07-03 20:00:00,30995.0,31386.831350456458,-391.8313504564576,391.8313504564576,153531.80720053127
2001-07-03 21:00:00,31541.0,30688.143825458166,852.8561745418338,852.8561745418338,727363.6544541308
2001-07-03 22:00:00,29627.0,29223.174777595785,403.8252224042153,403.8252224042153,163074.81024981395
2001-07-03 23:00:00,27072.0,26940.115967747734,131.88403225226648,131.88403225226648,17393.397963116866
2001-07-04 00:00:00,25058.0,24662.645252815815,395.3547471841848,395.3547471841848,156305.3761210707
2001-07-04 01:00:00,23603.0,23488.288150091023,114.71184990897746,114.71184990897746,13158.808509539771
2001-07-04 02:00:00,22753.0,22593.91504369163,159.08495630836842,159.08495630836842,25308.023323635487
2001-07-04 03:00:00,22242.0,22233.021430849378,8.978569150622207,8.978569150622207,80.61470399250477
2001-07-04 04:00:00,22046.0,22278.863956094716,-232.86395609471583,232.86395609471583,54225.62204808174
2001-07-04 05:00:00,22331.0,23356.321752760392,-1025.321752760392,1025.321752760392,1051284.6966836425
2001-07-04 06:00:00,22560.0,24793.597879925168,-2233.597879925168,2233.597879925168,4988959.489206205
2001-07-04 07:00:00,23365.0,24893.861339166786,-1528.861339166786,1528.861339166786,2337416.994398858
2001-07-04 08:00:00,25507.0,25723.76608227567,-216.76608227566976,216.76608227566976,46987.53442514243
2001-07-04 09:00:00,27960.0,27798.67240235461,161.3275976453915,161.3275976453915,26026.59376203333
2001-07-04 10:00:00,29817.0,29531.792295475003,285.2077045249971,285.2077045249971,81343.43472041805
2001-07-04 11:00:00,31218.0,30418.579458200737,799.4205417992634,799.4205417992634,639073.2026506279
2001-07-04 12:00:00,32018.0,32165.20992508438,-147.20992508437848,147.20992508437848,21670.762043348324
2001-07-04 13:00:00,32624.0,32621.571840862216,2.4281591377839504,2.4281591377839504,5.895956798403698
2001-07-04 14:00:00,33284.0,33003.92762383683,280.07237616316706,280.07237616316706,78440.53588968255
2001-07-04 15:00:00,33779.0,33594.20131551834,184.79868448166235,184.79868448166235,34150.553786152996
2001-07-04 16:00:00,34316.0,34135.00285633882,180.99714366118133,180.99714366118133,32759.966013506313
2001-07-04 17:00:00,34110.0,34429.720371076044,-319.7203710760441,319.7203710760441,102221.11568100334
2001-07-04 18:00:00,33157.0,33821.005547588415,-664.0055475884146,664.0055475884146,440903.36722819036
2001-07-04 19:00:00,32282.0,32483.218671056547,-201.21867105654746,201.21867105654746,40488.95358176305
2001-07-04 20:00:00,32303.0,32056.518596890077,246.48140310992312,246.48140310992312,60753.082079036416
2001-07-04 21:00:00,32240.0,32001.47802577365,238.52197422635072,238.52197422635072,56892.732188835915
2001-07-04 22:00:00,31055.0,30105.65849780815,949.3415021918518,949.3415021918518,901249.2877838816
2001-07-04 23:00:00,28791.0,28577.647127610202,213.352872389798,213.352872389798,45519.44815697743
2001-07-05 00:00:00,26575.0,26310.171957993924,264.82804200607643,264.82804200607643,70133.89183277218
2001-07-05 01:00:00,24934.0,24779.361634637222,154.63836536277813,154.63836536277813,23913.02404207206
2001-07-05 02:00:00,23986.0,23735.971910827066,250.02808917293441,250.02808917293441,62514.04537546884
2001-07-05 03:00:00,23404.0,23322.37045471953,81.62954528046976,81.62954528046976,6663.382662696262
2001-07-05 04:00:00,23460.0,23325.771667068584,134.22833293141593,134.22833293141593,18017.24536154704
2001-07-05 05:00:00,24460.0,24298.942247992385,161.0577520076149,161.0577520076149,25939.599481746383
2001-07-05 06:00:00,26600.0,26075.22707070494,524.7729292950607,524.7729292950607,275386.62732091884
2001-07-05 07:00:00,30277.0,29230.97562853191,1046.024371468091,1046.024371468091,1094166.9857052148
2001-07-05 08:00:00,33418.0,32355.36530954644,1062.6346904535603,1062.6346904535603,1129192.485355334
2001-07-05 09:00:00,35697.0,34697.585310839844,999.4146891601558,999.4146891601558,998829.720909091
2001-07-05 10:00:00,37804.0,36980.60620694098,823.3937930590182,823.3937930590182,677977.3384481173
2001-07-05 11:00:00,39017.0,39049.42039641663,-32.420396416629956,32.420396416629956,1051.0821038114325
2001-07-05 12:00:00,39933.0,39842.499819853154,90.5001801468461,90.5001801468461,8190.282606611598
2001-07-05 13:00:00,40460.0,40756.30096717169,-296.3009671716936,296.3009671716936,87794.26314688107
2001-07-05 14:00:00,40541.0,40935.72774626587,-394.7277462658676,394.7277462658676,155809.99367213115
2001-07-05 15:00:00,40285.0,40743.63452391378,-458.63452391378087,458.63452391378087,210345.62652562044
2001-07-05 16:00:00,39917.0,40284.20427775501,-367.20427775500866,367.20427775500866,134838.98160157754
2001-07-05 17:00:00,39086.0,39405.6790256624,-319.6790256624008,319.6790256624008,102194.67944846192
2001-07-05 18:00:00,37690.0,37909.53573512997,-219.5357351299681,219.5357351299681,48195.93899905551
2001-07-05 19:00:00,36136.0,36982.90671892637,-846.9067189263733,846.9067189263733,717250.990562635
2001-07-05 20:00:00,35026.0,35777.92241944488,-751.9224194448834,751.9224194448834,565387.3248638472
2001-07-05 21:00:00,34262.0,34756.21254108867,-494.2125410886729,494.2125410886729,244246.03576932318
2001-07-05 22:00:00,31613.0,31486.348428892477,126.65157110752261,126.65157110752261,16040.620464003858
2001-07-05 23:00:00,28589.0,28926.771225614106,-337.7712256141058,337.7712256141058,114089.40085285515
2001-07-06 00:00:00,25967.0,26266.348843986983,-299.3488439869834,299.3488439869834,89609.73039634334
2001-07-06 01:00:00,24476.0,24588.700183219215,-112.70018321921452,112.70018321921452,12701.331297644523
2001-07-06 02:00:00,23522.0,23611.90847625799,-89.90847625799142,89.90847625799142,8083.534103033808
2001-07-06 03:00:00,22834.0,23060.519827997294,-226.51982799729376,226.51982799729376,51311.23247592355
2001-07-06 04:00:00,22753.0,22930.72038564327,-177.72038564327158,177.72038564327158,31584.535473193173
2001-07-06 05:00:00,23432.0,23837.674737873578,-405.6747378735781,405.6747378735781,164571.9929487963
2001-07-06 06:00:00,25220.0,25668.080549071532,-448.080549071532,448.080549071532,200776.1784562456
2001-07-06 07:00:00,28207.0,28188.001877587438,18.998122412562225,18.998122412562225,360.92865520269913
2001-07-06 08:00:00,30569.0,30485.54101986441,83.45898013559054,83.45898013559054,6965.401365272895
2001-07-06 09:00:00,32080.0,32406.205640180404,-326.20564018040386,326.20564018040386,106410.11968550712
2001-07-06 10:00:00,33016.0,33147.24529778859,-131.24529778859142,131.24529778859142,17225.328191616038
2001-07-06 11:00:00,33523.0,33648.126353778505,-125.12635377850529,125.12635377850529,15656.604409903664
2001-07-06 12:00:00,33658.0,33988.19580378124,-330.19580378123646,330.19580378123646,109029.26883473681
2001-07-06 13:00:00,33980.0,33957.264295045265,22.73570495473541,22.73570495473541,516.9122797887803
2001-07-06 14:00:00,34023.0,34145.69637000361,-122.69637000360672,122.69637000360672,15054.399212061962
2001-07-06 15:00:00,34038.0,34081.147968365134,-43.14796836513415,43.14796836513415,1861.7471740386172
2001-07-06 16:00:00,34073.0,34016.69138136744,56.308618632559956,56.308618632559956,3170.660532307078
2001-07-06 17:00:00,33775.0,33678.49753031458,96.50246968542342,96.50246968542342,9312.726655386066
2001-07-06 18:00:00,32926.0,33255.07263972443,-329.0726397244289,329.0726397244289,108288.80221520377
2001-07-06 19:00:00,31521.0,32278.102234978356,-757.1022349783561,757.1022349783561,573203.794209222
2001-07-06 20:00:00,30596.0,31398.52717468082,-802.5271746808212,802.5271746808212,644049.8661011813
2001-07-06 21:00:00,30726.0,30261.485860580466,464.51413941953433,464.51413941953433,215773.38572067057
2001-07-06 22:00:00,28692.0,28552.653174217936,139.34682578206412,139.34682578206412,19417.537855536928
2001-07-06 23:00:00,26202.0,26295.135207258852,-93.13520725885246,93.13520725885246,8674.166831149405
2001-07-07 00:00:00,23644.0,24148.705636155566,-504.705636155566,504.705636155566,254727.7791671946
2001-07-07 01:00:00,22307.0,22370.303557898536,-63.30355789853638,63.30355789853638,4007.340442613348
2001-07-07 02:00:00,21275.0,21644.97390343247,-369.97390343247025,369.97390343247025,136880.68922105883
2001-07-07 03:00:00,20767.0,20848.01868631671,-81.01868631671095,81.01868631671095,6564.027532485607
2001-07-07 04:00:00,20601.0,20757.823120473156,-156.82312047315645,156.82312047315645,24593.49111493814
2001-07-07 05:00:00,20907.0,20894.31817648352,12.681823516479199,12.681823516479199,160.82864770312483
2001-07-07 06:00:00,21442.0,21638.15233734549,-196.1523373454911,196.1523373454911,38475.739446099346
2001-07-07 07:00:00,23045.0,22974.631224819634,70.36877518036636,70.36877518036636,4951.764520384944
2001-07-07 08:00:00,25671.0,25470.62956208139,200.37043791860924,200.37043791860924,40148.31239169524
2001-07-07 09:00:00,27937.0,27567.003430088887,369.9965699111126,369.9965699111126,136897.46174598884
2001-07-07 10:00:00,29723.0,29084.375183660955,638.6248163390446,638.6248163390446,407841.65604407847
2001-07-07 11:00:00,30499.0,30115.434629199168,383.56537080083217,383.56537080083217,147122.39367757988
2001-07-07 12:00:00,30986.0,30909.4387224267,76.56127757329887,76.56127757329887,5861.629223655716
2001-07-07 13:00:00,31093.0,31322.424577287846,-229.42457728784575,229.42457728784575,52635.63666370671
2001-07-07 14:00:00,31439.0,31275.465470122395,163.53452987760465,163.53452987760465,26743.54246228917
2001-07-07 15:00:00,31720.0,31655.55216283377,64.44783716622987,64.44783716622987,4153.523715404881
2001-07-07 16:00:00,32233.0,31865.88420315629,367.115796843711,367.115796843711,134774.00829219288
2001-07-07 17:00:00,32616.0,32134.55184760472,481.4481523952818,481.4481523952818,231792.3234448305
2001-07-07 18:00:00,32182.0,32572.72328163284,-390.72328163283964,390.72328163283964,152664.68280993533
2001-07-07 19:00:00,31289.0,31902.126227251912,-613.1262272519125,613.1262272519125,375923.7705441638
2001-07-07 20:00:00,31008.0,30780.40804084532,227.5919591546808,227.5919591546808,51798.099871865896
2001-07-07 21:00:00,31293.0,30601.75414514672,691.2458548532813,691.2458548532813,477820.8318518437
2001-07-07 22:00:00,29721.0,29353.599724621712,367.4002753782879,367.4002753782879,134982.9623480418
2001-07-07 23:00:00,27754.0,27447.592700554877,306.4072994451235,306.4072994451235,93885.43315325357
2001-07-08 00:00:00,25581.0,25634.121494007577,-53.121494007576985,53.121494007576985,2821.8931255970374
2001-07-08 01:00:00,24020.0,23651.814019959704,368.1859800402963,368.1859800402963,135560.91589823345
2001-07-08 02:00:00,23115.0,23023.818400278942,91.18159972105786,91.18159972105786,8314.08412769122
2001-07-08 03:00:00,22546.0,22540.109193711567,5.890806288432941,5.890806288432941,34.70159872784108
2001-07-08 04:00:00,22272.0,22407.60701912362,-135.60701912362128,135.60701912362128,18389.26363559419
2001-07-08 05:00:00,22338.0,22746.772237620527,-408.77223762052745,408.77223762052745,167094.74224929296
2001-07-08 06:00:00,22473.0,22869.65980821476,-396.65980821476114,396.65980821476114,157339.00345297108
2001-07-08 07:00:00,23249.0,23267.561803045603,-18.561803045602574,18.561803045602574,344.540532303741
2001-07-08 08:00:00,24842.0,24897.520916475227,-55.52091647522684,55.52091647522684,3082.572166249115
2001-07-08 09:00:00,26559.0,26585.96629301939,-26.966293019391742,26.966293019391742,727.1809592076958
2001-07-08 10:00:00,28220.0,27878.59147254243,341.40852745757,341.40852745757,116559.78262074634
2001-07-08 11:00:00,29384.0,29047.18259229794,336.8174077020594,336.8174077020594,113445.96613113533
2001-07-08 12:00:00,30112.0,30154.30653357542,-42.30653357542178,42.30653357542178,1789.8427831682905
2001-07-08 13:00:00,30686.0,30742.48519035651,-56.48519035651043,56.48519035651043,3190.576729611219
2001-07-08 14:00:00,31053.0,30854.079363579876,198.92063642012363,198.92063642012363,39569.41959378702
2001-07-08 15:00:00,31473.0,31110.403266140285,362.59673385971473,362.59673385971473,131476.3914057328
2001-07-08 16:00:00,32073.0,31706.51923016781,366.48076983218925,366.48076983218925,134308.15465679407
2001-07-08 17:00:00,32686.0,32155.772451204768,530.227548795232,530.227548795232,281141.2535014001
2001-07-08 18:00:00,32932.0,32784.95268175775,147.04731824225018,147.04731824225018,21622.913802237603
2001-07-08 19:00:00,32728.0,32516.031529877087,211.96847012291255,211.96847012291255,44930.63232624807
2001-07-08 20:00:00,33141.0,32330.328351472777,810.6716485272227,810.6716485272227,657188.5217258449
2001-07-08 21:00:00,33757.0,32348.75460731442,1408.2453926855815,1408.2453926855815,1983155.0860201675
2001-07-08 22:00:00,32327.0,31768.859881341054,558.1401186589464,558.1401186589464,311520.39205662283
2001-07-08 23:00:00,29768.0,30105.22843657455,-337.22843657455087,337.22843657455087,113723.01843451588
2001-07-09 00:00:00,27692.0,27377.768579503358,314.2314204966424,314.2314204966424,98741.38562733769
2001-07-09 01:00:00,26096.0,26113.053283190067,-17.053283190067305,17.053283190067305,290.8144675606321
2001-07-09 02:00:00,25355.0,25198.07398465646,156.9260153435389,156.9260153435389,24625.774291600603
2001-07-09 03:00:00,24791.0,24752.140079707402,38.85992029259796,38.85992029259796,1510.093405147067
2001-07-09 04:00:00,24910.0,24633.412569712018,276.587430287982,276.587430287982,76500.60659330929
2001-07-09 05:00:00,26253.0,26135.183957573787,117.81604242621324,117.81604242621324,13880.619852975278
2001-07-09 06:00:00,28646.0,29006.704400536506,-360.704400536506,360.704400536506,130107.66456640016
2001-07-09 07:00:00,32163.0,31279.41822951244,883.581770487559,883.581770487559,780716.7451379293
2001-07-09 08:00:00,35325.0,34150.7059042351,1174.294095764897,1174.294095764897,1378966.6233482973
2001-07-09 09:00:00,37903.0,36500.701975078366,1402.2980249216344,1402.2980249216344,1966439.7506991166
2001-07-09 10:00:00,39781.0,39311.62767158253,469.37232841747027,469.37232841747027,220310.38268403758
2001-07-09 11:00:00,41195.0,41061.30342431457,133.69657568543334,133.69657568543334,17874.774350010808
2001-07-09 12:00:00,42467.0,42260.582910101024,206.41708989897597,206.41708989897597,42608.01500236193
2001-07-09 13:00:00,43617.0,43228.77986392493,388.2201360750696,388.2201360750696,150714.87405414556
2001-07-09 14:00:00,44460.0,44168.787442577006,291.212557422994,291.212557422994,84804.75360084057
2001-07-09 15:00:00,45157.0,44760.26351566822,396.7364843317773,396.7364843317773,157399.83799993858
2001-07-09 16:00:00,45789.0,45171.430685714266,617.5693142857344,617.5693142857344,381391.8579473522
2001-07-09 17:00:00,46006.0,45447.72764285716,558.2723571428432,558.2723571428432,311668.02474982635
2001-07-09 18:00:00,45320.0,45153.856857936546,166.14314206345443,166.14314206345443,27603.543654717203
2001-07-09 19:00:00,43698.0,44247.42423694086,-549.4242369408603,549.4242369408603,301866.9921380466
2001-07-09 20:00:00,42305.0,42990.030683394354,-685.0306833943541,685.0306833943541,469267.0371917359
2001-07-09 21:00:00,41884.0,41483.89837103174,400.1016289682593,400.1016289682593,160081.31350305464
2001-07-09 22:00:00,38539.0,38843.29869523809,-304.29869523808884,304.29869523808884,92597.69592360327
2001-07-09 23:00:00,34702.0,35105.2196238095,-403.21962380949844,403.21962380949844,162586.06502507345
2001-07-10 00:00:00,31625.0,31737.2729082251,-112.27290822509894,112.27290822509894,12605.20592132149
2001-07-10 01:00:00,29443.0,29361.51693012068,81.48306987931937,81.48306987931937,6639.490676958044
2001-07-10 02:00:00,28084.0,28093.15971552891,-9.159715528909146,9.159715528909146,83.90038857053936
2001-07-10 03:00:00,27227.0,27333.232439905358,-106.23243990535775,106.23243990535775,11285.331288245447
2001-07-10 04:00:00,26992.0,26964.91841096764,27.08158903236108,27.08158903236108,733.4124645177
2001-07-10 05:00:00,28151.0,28062.553106159252,88.44689384074809,88.44689384074809,7822.853030076562
2001-07-10 06:00:00,30368.0,30371.803664504794,-3.803664504794142,3.803664504794142,14.467863665030865
2001-07-10 07:00:00,34210.0,33318.91085632421,891.0891436757884,891.0891436757884,794039.8619768498
2001-07-10 08:00:00,37241.0,36638.605807869586,602.394192130414,602.394192130414,362878.76271245413
2001-07-10 09:00:00,40007.0,39519.971465079376,487.0285349206242,487.0285349206242,237196.7938269297
2001-07-10 10:00:00,42623.0,42207.808684127005,415.1913158729949,415.1913158729949,172383.82877634902
2001-07-10 11:00:00,44625.0,44297.34759761904,327.6524023809616,327.6524023809616,107356.09678601555
2001-07-10 12:00:00,45556.0,45735.512916594525,-179.51291659452545,179.51291659452545,32224.88722427305
2001-07-10 13:00:00,46690.0,46368.46871572198,321.5312842780186,321.5312842780186,103382.36676947199
2001-07-10 14:00:00,47157.0,47367.8407730159,-210.8407730159015,210.8407730159015,44453.8315659429
2001-07-10 15:00:00,46773.0,47259.8811,-486.8810999999987,486.8810999999987,237053.20553720873
2001-07-10 16:00:00,46449.0,46574.52439365081,-125.52439365081227,125.52439365081227,15756.37340140408
2001-07-10 17:00:00,45174.0,46006.31938571429,-832.3193857142905,832.3193857142905,692755.5598358139
2001-07-10 18:00:00,43266.0,43983.85101472622,-717.8510147262205,717.8510147262205,515310.0793434644
2001-07-10 19:00:00,41340.0,42227.83076476885,-887.8307647688489,887.8307647688489,788243.4668700391
2001-07-10 20:00:00,40372.0,40803.733609413524,-431.7336094135244,431.7336094135244,186393.90949722964
2001-07-10 21:00:00,39654.0,39612.76196972345,41.23803027655231,41.23803027655231,1700.575141089845
2001-07-10 22:00:00,36319.0,36616.828180745346,-297.8281807453459,297.8281807453459,88701.62524608242
2001-07-10 23:00:00,33207.0,32977.027906428884,229.9720935711157,229.9720935711157,52887.16382148199
2001-07-11 00:00:00,30057.0,30495.615691198367,-438.61569119836713,438.61569119836713,192383.72456542135
2001-07-11 01:00:00,28214.0,28220.47430545838,-6.474305458381423,6.474305458381423,41.916631168427486
2001-07-11 02:00:00,27018.0,27008.94254737744,9.057452622560959,9.057452622560959,82.0374480099364
2001-07-11 03:00:00,26399.0,26294.524503945315,104.47549605468521,104.47549605468521,10915.129275872545
2001-07-11 04:00:00,26461.0,26334.403773026985,126.59622697301529,126.59622697301529,16026.604683803203
2001-07-11 05:00:00,27703.0,27577.40490843784,125.59509156216154,125.59509156216154,15774.127024507741
2001-07-11 06:00:00,30045.0,30435.46065261705,-390.4606526170501,390.4606526170501,152459.52124213264
2001-07-11 07:00:00,33062.0,33006.0835934227,55.91640657730022,55.91640657730022,3126.6445245179434
2001-07-11 08:00:00,35382.0,35424.08523650637,-42.085236506369256,42.085236506369256,1771.1671317970356
2001-07-11 09:00:00,37343.0,37194.72546095077,148.27453904922731,148.27453904922731,21985.338930260838
2001-07-11 10:00:00,38960.0,38961.86398439626,-1.863984396259184,1.863984396259184,3.4744378294977145
2001-07-11 11:00:00,40176.0,40430.86105447886,-254.86105447886075,254.86105447886075,64954.15709007683
2001-07-11 12:00:00,40918.0,41204.11002122932,-286.11002122931677,286.11002122931677,81858.94424784009
2001-07-11 13:00:00,41444.0,41855.07094694355,-411.0709469435533,411.0709469435533,168979.3234210696
2001-07-11 14:00:00,41745.0,41808.99005630744,-63.99005630744068,63.99005630744068,4094.727306229429
2001-07-11 15:00:00,41735.0,42269.50067176961,-534.5006717696087,534.5006717696087,285690.96812216303
2001-07-11 16:00:00,41775.0,41840.54983771519,-65.54983771518891,65.54983771518891,4296.781224487603
2001-07-11 17:00:00,41253.0,41308.56393825561,-55.56393825561099,55.56393825561099,3087.351234473351
2001-07-11 18:00:00,39836.0,39773.004021219735,62.99597878026543,62.99597878026543,3968.4933424836527
2001-07-11 19:00:00,37706.0,38484.66058340155,-778.66058340155,778.66058340155,606312.3041432422
2001-07-11 20:00:00,36438.0,37156.469894530004,-718.4698945300042,718.4698945300042,516198.98934595543
2001-07-11 21:00:00,36258.0,35547.49385705421,710.5061429457928,710.5061429457928,504818.97916370735
2001-07-11 22:00:00,33361.0,33555.51190793652,-194.51190793651767,194.51190793651767,37834.88232910433
2001-07-11 23:00:00,29965.0,30468.01739248518,-503.0173924851806,503.0173924851806,253026.49714259023
2001-07-12 00:00:00,27074.0,27563.60723083399,-489.6072308339899,489.6072308339899,239715.24048492787
2001-07-12 01:00:00,25425.0,25727.888555020218,-302.8885550202176,302.8885550202176,91741.47676223538
2001-07-12 02:00:00,24315.0,24449.650613251266,-134.6506132512659,134.6506132512659,18130.787648941983
2001-07-12 03:00:00,23677.0,23754.155954378795,-77.15595437879529,77.15595437879529,5953.04129610274
2001-07-12 04:00:00,23771.0,23816.10254407007,-45.10254407006869,45.10254407006869,2034.2394815924881
2001-07-12 05:00:00,24894.0,24961.01614307391,-67.01614307390992,67.01614307390992,4491.163432502764
2001-07-12 06:00:00,26714.0,26844.909003266555,-130.90900326655537,130.90900326655537,17137.167136243006
2001-07-12 07:00:00,30221.0,29604.5281472444,616.4718527555997,616.4718527555997,380037.5452399218
2001-07-12 08:00:00,32684.0,32659.503927633887,24.496072366113367,24.496072366113367,600.057561365863
2001-07-12 09:00:00,34134.0,34648.70368167819,-514.7036816781911,514.7036816781911,264919.87993308465
2001-07-12 10:00:00,35652.0,35573.61052799802,78.38947200198163,78.38947200198163,6144.909320749462
2001-07-12 11:00:00,36463.0,36786.330342936715,-323.33034293671517,323.33034293671517,104542.51066357383
2001-07-12 12:00:00,36879.0,37000.19417142222,-121.19417142221937,121.19417142221937,14688.027186718295
2001-07-12 13:00:00,37272.0,37487.29011200175,-215.29011200174864,215.29011200174864,46349.832325725474
2001-07-12 14:00:00,37431.0,37755.070357291035,-324.0703572910352,324.0703572910352,105021.5964747392
2001-07-12 15:00:00,37551.0,37642.1511024506,-91.1511024506035,91.1511024506035,8308.523477960416
2001-07-12 16:00:00,37628.0,37482.91103325592,145.0889667440788,145.0889667440788,21050.8082708644
2001-07-12 17:00:00,37322.0,37243.526395375346,78.4736046246544,78.4736046246544,6158.10662278658
2001-07-12 18:00:00,36282.0,36228.827181556095,53.17281844390527,53.17281844390527,2827.3486212685125
2001-07-12 19:00:00,34905.0,35318.16514215624,-413.1651421562419,413.1651421562419,170705.4346929876
2001-07-12 20:00:00,34448.0,34395.52485424858,52.47514575142122,52.47514575142122,2753.6409216329007
2001-07-12 21:00:00,34358.0,34077.9405661693,280.05943383069825,280.05943383069825,78433.28647757125
2001-07-12 22:00:00,31838.0,32086.57347273337,-248.57347273336927,248.57347273336927,61788.77134672707
2001-07-12 23:00:00,28718.0,29120.78376101671,-402.78376101671165,402.78376101671165,162234.75813876747
2001-07-13 00:00:00,26266.0,26333.472535893667,-67.47253589366665,67.47253589366665,4552.5430999221335
2001-07-13 01:00:00,24383.0,24734.26414972701,-351.26414972700877,351.26414972700877,123386.50288343844
2001-07-13 02:00:00,23372.0,23519.61233311192,-147.61233311191972,147.61233311191972,21789.40088674435
2001-07-13 03:00:00,22903.0,22883.406875566423,19.59312443357703,19.59312443357703,383.89052506963327
2001-07-13 04:00:00,23096.0,22965.350506434115,130.64949356588477,130.64949356588477,17069.290169022166
2001-07-13 05:00:00,24150.0,24153.972419414655,-3.9724194146547234,3.9724194146547234,15.780116005925775
2001-07-13 06:00:00,25871.0,26571.317587710775,-700.3175877107751,700.3175877107751,490444.72365703917
2001-07-13 07:00:00,29370.0,28711.34319879003,658.6568012099706,658.6568012099706,433828.7817801507
2001-07-13 08:00:00,31770.0,31592.134065301976,177.86593469802392,177.86593469802392,31636.29072600171
2001-07-13 09:00:00,33555.0,33465.19352264509,89.8064773549122,89.8064773549122,8065.203374898359
2001-07-13 10:00:00,34988.0,34819.437877447985,168.56212255201535,168.56212255201535,28413.189159240643
2001-07-13 11:00:00,35800.0,35872.43500436026,-72.43500436026079,72.43500436026079,5246.829856671
2001-07-13 12:00:00,36202.0,36475.44067135141,-273.44067135141086,273.44067135141086,74769.80074911028
2001-07-13 13:00:00,36456.0,36643.40885020374,-187.40885020374117,187.40885020374117,35122.0771346883
2001-07-13 14:00:00,36494.0,36708.15055159085,-214.15055159085023,214.15055159085023,45860.458746665405
2001-07-13 15:00:00,36311.0,36656.039502920976,-345.0395029209758,345.0395029209758,119052.25857595407
2001-07-13 16:00:00,36062.0,36046.57687343627,15.423126563728147,15.423126563728147,237.87283300077678
2001-07-13 17:00:00,35521.0,35570.697933336756,-49.69793333675625,49.69793333675625,2469.8845779446683
2001-07-13 18:00:00,34484.0,34657.66694499137,-173.66694499136793,173.66694499136793,30160.207782634814
2001-07-13 19:00:00,33143.0,34014.97952049513,-871.9795204951297,871.9795204951297,760348.2841629162
2001-07-13 20:00:00,32504.0,32735.565004321757,-231.56500432175744,231.56500432175744,53622.351226535546
2001-07-13 21:00:00,32476.0,32212.766344525826,263.23365547417416,263.23365547417416,69291.95737429622
2001-07-13 22:00:00,30281.0,30176.725552889224,104.27444711077624,104.27444711077624,10873.16032025807
2001-07-13 23:00:00,27544.0,27711.37117772867,-167.37117772866986,167.37117772866986,28013.111134281993
2001-07-14 00:00:00,25229.0,25111.07293539274,117.92706460725822,117.92706460725822,13906.792566884453
2001-07-14 01:00:00,23572.0,23722.389782868835,-150.38978286883503,150.38978286883503,22617.086791335347
2001-07-14 02:00:00,22534.0,22668.30181541229,-134.30181541229103,134.30181541229103,18036.977623037095
2001-07-14 03:00:00,21988.0,22089.93615117114,-101.9361511711395,101.9361511711395,10390.978915585405
2001-07-14 04:00:00,21740.0,21838.886191182373,-98.8861911823733,98.8861911823733,9778.478806556883
2001-07-14 05:00:00,21911.0,22032.131658386057,-121.1316583860571,121.1316583860571,14672.878663356436
2001-07-14 06:00:00,22299.0,22544.3884626984,-245.38846269839996,245.38846269839996,60215.49762548403
2001-07-14 07:00:00,24095.0,23838.134979077662,256.86502092233786,256.86502092233786,65979.63897343307
2001-07-14 08:00:00,26767.0,26250.17307037887,516.8269296211292,516.8269296211292,267110.07518160366
2001-07-14 09:00:00,28995.0,28774.922268010945,220.07773198905488,220.07773198905488,48434.20811744627
2001-07-14 10:00:00,30477.0,30477.3342317539,-0.33423175389907556,0.33423175389907556,0.1117108653144522
2001-07-14 11:00:00,31227.0,31476.791333952813,-249.79133395281315,249.79133395281315,62395.71051792582
2001-07-14 12:00:00,31573.0,31705.275896630425,-132.27589663042454,132.27589663042454,17496.91282938276
2001-07-14 13:00:00,31531.0,31882.313562030366,-351.3135620303656,351.3135620303656,123421.21886646352
2001-07-14 14:00:00,31500.0,31640.297999187856,-140.29799918785648,140.29799918785648,19683.528576115776
2001-07-14 15:00:00,31580.0,31446.375985065675,133.6240149343248,133.6240149343248,17855.377367168658
2001-07-14 16:00:00,31742.0,31522.969023396447,219.03097660355343,219.03097660355343,47974.568711906366
2001-07-14 17:00:00,31871.0,31668.08770134487,202.91229865513014,202.91229865513014,41173.40094550873
2001-07-14 18:00:00,31358.0,31602.393053487118,-244.39305348711787,244.39305348711787,59727.96459275726
2001-07-14 19:00:00,30548.0,30750.61832151748,-202.61832151747876,202.61832151747876,41054.184214560395
2001-07-14 20:00:00,30367.0,30506.278041107624,-139.27804110762372,139.27804110762372,19398.372734776924
2001-07-14 21:00:00,30727.0,30255.43903576044,471.56096423956114,471.56096423956114,222369.74299454468
2001-07-14 22:00:00,28948.0,28929.184773608536,18.81522639146351,18.81522639146351,354.012744162025
2001-07-14 23:00:00,26751.0,26796.123467610778,-45.12346761077788,45.12346761077788,2036.1273292209203
2001-07-15 00:00:00,24498.0,24527.339339880265,-29.33933988026547,29.33933988026547,860.7968646097358
2001-07-15 01:00:00,23036.0,23055.871513000584,-19.871513000583946,19.871513000583946,394.8770289323768
2001-07-15 02:00:00,22005.0,22104.194599014172,-99.19459901417213,99.19459901417213,9839.568473582398
2001-07-15 03:00:00,21308.0,21486.05202111651,-178.05202111650942,178.05202111650942,31702.522223673917
2001-07-15 04:00:00,21066.0,21075.76872069469,-9.768720694690273,9.768720694690273,95.42790401087002
2001-07-15 05:00:00,20792.0,21127.6145394502,-335.6145394501982,335.6145394501982,112637.11909036865
2001-07-15 06:00:00,20931.0,21234.52650402331,-303.5265040233098,303.5265040233098,92128.33864461232
2001-07-15 07:00:00,22445.0,22202.431454698657,242.56854530134297,242.56854530134297,58839.49916960968
2001-07-15 08:00:00,24864.0,24688.37448103409,175.62551896590958,175.62551896590958,30844.322912045063
2001-07-15 09:00:00,27002.0,26697.535259741686,304.4647402583141,304.4647402583141,92698.77806056269
2001-07-15 10:00:00,28690.0,28434.39653757213,255.6034624278691,255.6034624278691,65333.13000511508
2001-07-15 11:00:00,30100.0,29520.81773952116,579.1822604788395,579.1822604788395,335452.09085337823
2001-07-15 12:00:00,31066.0,31008.800977196377,57.19902280362294,57.19902280362294,3271.728209689377
2001-07-15 13:00:00,31611.0,31523.680736218415,87.3192637815846,87.3192637815846,7624.653827357952
2001-07-15 14:00:00,32081.0,31787.31742401075,293.682575989249,293.682575989249,86249.45543968103
2001-07-15 15:00:00,32732.0,32296.2817182977,435.71828170229855,435.71828170229855,189850.4210096036
2001-07-15 16:00:00,33395.0,33142.015638513214,252.98436148678593,252.98436148678593,64001.087156876776
2001-07-15 17:00:00,33743.0,33499.99621974799,243.00378025200916,243.00378025200916,59050.83721676676
2001-07-15 18:00:00,33393.0,33710.83805874522,-317.8380587452193,317.8380587452193,101021.03158692949
2001-07-15 19:00:00,32711.0,32943.35249366966,-232.3524936696631,232.3524936696631,53987.681314510824
2001-07-15 20:00:00,32789.0,32263.685501539603,525.3144984603969,525.3144984603969,275955.3222926983
2001-07-15 21:00:00,33342.0,32226.701339790223,1115.2986602097772,1115.2986602097772,1243891.101465724
2001-07-15 22:00:00,31504.0,31254.713730880234,249.28626911976608,249.28626911976608,62143.64397165244
2001-07-15 23:00:00,28724.0,29404.11796927583,-680.1179692758305,680.1179692758305,462560.4521318796
2001-07-16 00:00:00,26394.0,26217.488413258794,176.51158674120597,176.51158674120597,31156.34025389828
2001-07-16 01:00:00,24940.0,24650.801869215276,289.1981307847236,289.1981307847236,83635.55884937811
2001-07-16 02:00:00,24095.0,23852.892374502582,242.10762549741776,242.10762549741776,58616.10232399789
2001-07-16 03:00:00,23600.0,23541.773408067962,58.22659193203799,58.22659193203799,3390.336008020072
2001-07-16 04:00:00,23804.0,23575.790283868722,228.20971613127767,228.20971613127767,52079.67453671834
2001-07-16 05:00:00,24996.0,24789.51531479614,206.48468520386086,206.48468520386086,42635.92522373752
2001-07-16 06:00:00,27109.0,27585.941967651772,-476.94196765177185,476.94196765177185,227473.64050754378
2001-07-16 07:00:00,30638.0,30079.737782740627,558.2622172593728,558.2622172593728,311656.7032193512
2001-07-16 08:00:00,33634.0,32990.125248065895,643.874751934105,643.874751934105,414574.69617820525
2001-07-16 09:00:00,35965.0,35199.7901950258,765.209804974198,765.209804974198,585546.0456286502
2001-07-16 10:00:00,38073.0,37249.230050985396,823.7699490146042,823.7699490146042,678596.9288995236
2001-07-16 11:00:00,39563.0,39264.85043248231,298.14956751769205,298.14956751769205,88893.16461098682
2001-07-16 12:00:00,40660.0,40449.83072543584,210.16927456416306,210.16927456416306,44171.12397082656
2001-07-16 13:00:00,41719.0,41553.02556500723,165.97443499277142,165.97443499277142,27547.513071169706
2001-07-16 14:00:00,42369.0,42484.12412093312,-115.12412093312014,115.12412093312014,13253.563220623671
2001-07-16 15:00:00,42689.0,42665.36690692421,23.633093075790384,23.633093075790384,558.5230883289714
2001-07-16 16:00:00,42773.0,42715.68172746641,57.31827253358642,57.31827253358642,3285.384366234488
2001-07-16 17:00:00,42423.0,42594.15963571426,-171.15963571426255,171.15963571426255,29295.62089783906
2001-07-16 18:00:00,41486.0,41194.77685960503,291.22314039496996,291.22314039496996,84810.91750150839
2001-07-16 19:00:00,40210.0,40177.20327224937,32.79672775063227,32.79672775063227,1075.625351149093
2001-07-16 20:00:00,39790.0,39635.226369493765,154.77363050623535,154.77363050623535,23954.876700080666
2001-07-16 21:00:00,39480.0,38801.25270487807,678.7472951219315,678.7472951219315,460697.89063533844
2001-07-16 22:00:00,36432.0,36681.89451428574,-249.89451428574102,249.89451428574102,62447.268270106426
2001-07-16 23:00:00,32989.0,33057.38476304805,-68.38476304805226,68.38476304805226,4676.475817138255
2001-07-17 00:00:00,30270.0,29907.727128066377,362.2728719336228,362.2728719336228,131241.63373903508
2001-07-17 01:00:00,28489.0,28327.951761758166,161.04823824183404,161.04823824183404,25936.535040798535
2001-07-17 02:00:00,27302.0,27217.649333539182,84.35066646081759,84.35066646081759,7115.034932384098
2001-07-17 03:00:00,26594.0,26462.93495272472,131.06504727527863,131.06504727527863,17178.046617271022
2001-07-17 04:00:00,26656.0,26505.761521577486,150.23847842251416,150.23847842251416,22571.600398712253
2001-07-17 05:00:00,28002.0,27900.119468247387,101.88053175261302,101.88053175261302,10379.642750195191
2001-07-17 06:00:00,30259.0,30549.43540442368,-290.43540442367885,290.43540442367885,84352.7241427459
2001-07-17 07:00:00,33475.0,33171.42686615171,303.5731338482874,303.5731338482874,92156.64759447021
2001-07-17 08:00:00,36170.0,35830.83953724059,339.16046275941335,339.16046275941335,115029.81949917942
2001-07-17 09:00:00,38365.0,38387.946392424215,-22.946392424215446,22.946392424215446,526.536925286092
2001-07-17 10:00:00,40548.0,40121.04340452132,426.95659547868127,426.95659547868127,182291.93442274627
2001-07-17 11:00:00,42652.0,41802.4260857143,849.5739142856983,849.5739142856983,721775.835834723
2001-07-17 12:00:00,43931.0,43760.773765079364,170.22623492063576,170.22623492063576,28976.971055255475
2001-07-17 13:00:00,45032.0,45264.669919719156,-232.6699197191556,232.6699197191556,54135.291542118306
2001-07-17 14:00:00,45986.0,45498.59614285713,487.4038571428682,487.4038571428682,237562.51995774548
2001-07-17 15:00:00,46552.0,46432.871089621476,119.12891037852387,119.12891037852387,14191.697287974372
2001-07-17 16:00:00,46845.0,46850.68094047615,-5.680940476151591,5.680940476151591,32.27308469357746
2001-07-17 17:00:00,46442.0,46695.03359047619,-253.0335904761887,253.0335904761887,64025.997909271566
2001-07-17 18:00:00,45230.0,45013.60583722942,216.394162770579,216.394162770579,46826.433681179835
2001-07-17 19:00:00,43566.0,44127.22451157178,-561.2245115717815,561.2245115717815,314972.9523889847
2001-07-17 20:00:00,42983.0,42960.72890064936,22.271099350640725,22.271099350640725,496.0018662861097
2001-07-17 21:00:00,41884.0,42170.0835242509,-286.08352425089834,286.08352425089834,81843.78284781433
2001-07-17 22:00:00,38308.0,38782.910633333326,-474.9106333333257,474.9106333333257,225540.1096530605
2001-07-17 23:00:00,34642.0,34977.38499523807,-335.3849952380697,335.3849952380697,112483.09503084002
2001-07-18 00:00:00,31607.0,31668.419114394957,-61.41911439495743,61.41911439495743,3772.3076130608674
2001-07-18 01:00:00,29735.0,29651.544648635303,83.45535136469698,83.45535136469698,6964.795671405031
2001-07-18 02:00:00,28289.0,28400.556120790337,-111.55612079033745,111.55612079033745,12444.768085788359
2001-07-18 03:00:00,27532.0,27487.634933128917,44.3650668710834,44.3650668710834,1968.2591584757017
2001-07-18 04:00:00,27496.0,27421.645884173082,74.35411582691813,74.35411582691813,5528.534540402758
2001-07-18 05:00:00,28774.0,28295.86925429737,478.1307457026305,478.1307457026305,228609.00998615354
2001-07-18 06:00:00,31071.0,30997.54579259859,73.4542074014098,73.4542074014098,5395.520584969327
2001-07-18 07:00:00,33813.0,33609.61354612385,203.38645387614815,203.38645387614815,41366.04962031454
2001-07-18 08:00:00,35922.0,36898.68242452011,-976.6824245201133,976.6824245201133,953908.5583664868
2001-07-18 09:00:00,36820.0,37780.3600412098,-960.3600412098021,960.3600412098021,922291.4087524929
2001-07-18 10:00:00,38049.0,38826.1215047357,-777.1215047356964,777.1215047356964,603917.833122673
2001-07-18 11:00:00,38872.0,38907.96041273774,-35.96041273773881,35.96041273773881,1293.1512842685274
2001-07-18 12:00:00,39291.0,39680.63019137048,-389.63019137048104,389.63019137048104,151811.6860273977
2001-07-18 13:00:00,39808.0,39955.45381526805,-147.45381526804704,147.45381526804704,21742.627637103342
2001-07-18 14:00:00,40256.0,40316.92716494525,-60.92716494524939,60.92716494524939,3712.1194282656256
2001-07-18 15:00:00,40497.0,40577.5218343544,-80.52183435439656,80.52183435439656,6483.765807796878
2001-07-18 16:00:00,40619.0,40446.91655576265,172.08344423735252,172.08344423735252,29612.711780590016
2001-07-18 17:00:00,40387.0,40108.749907268386,278.25009273161413,278.25009273161413,77423.11410515186
2001-07-18 18:00:00,39316.0,39468.71630958745,-152.71630958744936,152.71630958744936,23322.271214009677
2001-07-18 19:00:00,37892.0,38214.80519555544,-322.80519555544015,322.80519555544015,104203.19427758596
2001-07-18 20:00:00,37566.0,37165.33076125965,400.66923874035274,400.66923874035274,160535.83887277378
2001-07-18 21:00:00,37290.0,36665.57841611826,624.4215838817399,624.4215838817399,389902.3144173808
2001-07-18 22:00:00,34659.0,34429.06575238094,229.93424761905771,229.93424761905771,52869.75822814215
2001-07-18 23:00:00,31462.0,31939.177875705856,-477.1778757058564,477.1778757058564,227698.72506315378
2001-07-19 00:00:00,28801.0,28923.876967437536,-122.87696743753622,122.87696743753622,15098.749126645338
2001-07-19 01:00:00,27073.0,27168.112083207634,-95.11208320763399,95.11208320763399,9046.308372095891
2001-07-19 02:00:00,26061.0,26176.057015629565,-115.05701562956529,115.05701562956529,13238.11684558203
2001-07-19 03:00:00,25447.0,25520.48527216044,-73.48527216044022,73.48527216044022,5400.08522449397
2001-07-19 04:00:00,25560.0,25440.503064297915,119.49693570208547,119.49693570208547,14279.517642188348
2001-07-19 05:00:00,26923.0,26890.396086147175,32.60391385282492,32.60391385282492,1063.0151985224286
2001-07-19 06:00:00,29167.0,29376.32233546187,-209.32233546187126,209.32233546187126,43815.84012321217
2001-07-19 07:00:00,32011.0,32266.327510825347,-255.32751082534742,255.32751082534742,65192.1377842679
2001-07-19 08:00:00,34023.0,34643.41697217468,-620.4169721746803,620.4169721746803,384917.21936239797
2001-07-19 09:00:00,35188.0,35615.13921410803,-427.1392141080287,427.1392141080287,182447.90822882438
2001-07-19 10:00:00,36551.0,36227.38071812816,323.61928187184094,323.61928187184094,104729.43959924603
2001-07-19 11:00:00,37441.0,37324.557538719004,116.44246128099621,116.44246128099621,13558.846789176303
2001-07-19 12:00:00,38102.0,38124.492911427464,-22.492911427463696,22.492911427463696,505.9310644837269
2001-07-19 13:00:00,38813.0,38362.21982108775,450.7801789122532,450.7801789122532,203202.769700163
2001-07-19 14:00:00,39288.0,38995.15717270317,292.84282729683036,292.84282729683036,85756.92149920121
2001-07-19 15:00:00,39789.0,39487.16016287827,301.8398371217336,301.8398371217336,91107.28727367465
2001-07-19 16:00:00,39960.0,39943.02832849127,16.971671508727013,16.971671508727013,288.03763380013623
2001-07-19 17:00:00,39690.0,39747.7583125609,-57.758312560901686,57.758312560901686,3336.0226698828133
2001-07-19 18:00:00,38421.0,38639.95361178939,-218.95361178938765,218.95361178938765,47940.68411561788
2001-07-19 19:00:00,36738.0,37335.22400601513,-597.2240060151307,597.2240060151307,356676.5133607609
2001-07-19 20:00:00,36209.0,36143.80405567569,65.1959443243104,65.1959443243104,4250.511156338582
2001-07-19 21:00:00,35986.0,35346.060215078025,639.9397849219749,639.9397849219749,409522.9283259835
2001-07-19 22:00:00,33280.0,33495.168296031734,-215.16829603173392,215.16829603173392,46297.39561719988
2001-07-19 23:00:00,30351.0,30538.036711631383,-187.0367116313828,187.0367116313828,34982.73149788104
2001-07-20 00:00:00,27461.0,27948.015319038677,-487.01531903867726,487.01531903867726,237183.9209783446
2001-07-20 01:00:00,25807.0,25768.09984292595,38.900157074051094,38.900157074051094,1513.2222203858473
2001-07-20 02:00:00,24642.0,24781.93750189178,-139.93750189178172,139.93750189178172,19582.504435712413
2001-07-20 03:00:00,24072.0,24083.897711970923,-11.89771197092341,11.89771197092341,141.55555014305423
2001-07-20 04:00:00,24075.0,24103.891340917253,-28.89134091725282,28.89134091725282,834.709579996927
2001-07-20 05:00:00,25286.0,25230.89645912449,55.10354087550877,55.10354087550877,3036.400217018866
2001-07-20 06:00:00,27259.0,27354.653213566406,-95.65321356640561,95.65321356640561,9149.537265580402
2001-07-20 07:00:00,30418.0,30129.243935193164,288.75606480683564,288.75606480683564,83380.06496272946
2001-07-20 08:00:00,32686.0,33009.50433127703,-323.50433127702854,323.50433127702854,104655.05235499743
2001-07-20 09:00:00,34478.0,34511.94699419832,-33.94699419831886,33.94699419831886,1152.3984151006944
2001-07-20 10:00:00,36329.0,36033.79242257047,295.2075774295299,295.2075774295299,87147.51377181191
2001-07-20 11:00:00,37210.0,37339.40464383537,-129.40464383536892,129.40464383536892,16745.561846158682
2001-07-20 12:00:00,37759.0,37914.335307201654,-155.33530720165436,155.33530720165436,24129.057663432333
2001-07-20 13:00:00,38185.0,38351.189622495935,-166.1896224959346,166.1896224959346,27618.990625341252
2001-07-20 14:00:00,38682.0,38602.6582077144,79.34179228560242,79.34179228560242,6295.12000309168
2001-07-20 15:00:00,38863.0,38729.051294032855,133.94870596714463,133.94870596714463,17942.255830272567
2001-07-20 16:00:00,39037.0,38781.81267028359,255.18732971641293,255.18732971641293,65120.57324779325
2001-07-20 17:00:00,38702.0,38699.78690496108,2.2130950389182544,2.2130950389182544,4.89778965128459
2001-07-20 18:00:00,37500.0,37439.88987385147,60.11012614853098,60.11012614853098,3613.227265592308
2001-07-20 19:00:00,35872.0,36037.69534047782,-165.6953404778178,165.6953404778178,27454.945856059967
2001-07-20 20:00:00,34697.0,35413.70964278147,-716.7096427814686,716.7096427814686,513672.7120559403
2001-07-20 21:00:00,34348.0,34171.14966661476,176.85033338524227,176.85033338524227,31276.040418471333
2001-07-20 22:00:00,31922.0,32180.60493373854,-258.60493373854115,258.60493373854115,66876.51175391526
2001-07-20 23:00:00,28879.0,29298.51610160804,-419.5161016080383,419.5161016080383,175993.7595084059
2001-07-21 00:00:00,26404.0,26539.212141776265,-135.21214177626462,135.21214177626462,18282.323283724683
2001-07-21 01:00:00,24422.0,24945.1314646057,-523.1314646056999,523.1314646056999,273666.52926050464
2001-07-21 02:00:00,23405.0,23468.647592589525,-63.64759258952472,63.64759258952472,4051.016042442122
2001-07-21 03:00:00,22635.0,22867.496236570114,-232.49623657011398,232.49623657011398,54054.5000192664
2001-07-21 04:00:00,22323.0,22403.353298643855,-80.35329864385494,80.35329864385494,6456.65260294854
2001-07-21 05:00:00,22404.0,22578.817052473303,-174.8170524733032,174.8170524733032,30561.00183545364
2001-07-21 06:00:00,22674.0,23062.707973287415,-388.70797328741537,388.70797328741537,151093.88849721002
2001-07-21 07:00:00,24646.0,24127.573674688207,518.4263253117933,518.4263253117933,268765.8547762894
2001-07-21 08:00:00,27408.0,27090.540171431832,317.4598285681677,317.4598285681677,100780.74275453044
2001-07-21 09:00:00,29966.0,29635.535167328817,330.4648326711831,330.4648326711831,109207.00563239305
2001-07-21 10:00:00,31825.0,31646.199016569204,178.8009834307959,178.8009834307959,31969.79167581975
2001-07-21 11:00:00,33224.0,33078.47215564757,145.52784435242938,145.52784435242938,21178.353481864913
2001-07-21 12:00:00,33961.0,33946.07651428125,14.923485718747543,14.923485718747543,222.71042599766187
2001-07-21 13:00:00,34445.0,34406.46247710492,38.537522895079746,38.537522895079746,1485.1406708887957
2001-07-21 14:00:00,34978.0,34739.71095353112,238.2890464688826,238.2890464688826,56781.66966704929
2001-07-21 15:00:00,35566.0,35464.85370761497,101.14629238502675,101.14629238502675,10230.57246323732
2001-07-21 16:00:00,36011.0,35928.53973937869,82.46026062130841,82.46026062130841,6799.694581734106
2001-07-21 17:00:00,36088.0,36186.91008705123,-98.91008705122658,98.91008705122658,9783.20532048122
2001-07-21 18:00:00,35466.0,35777.92604040298,-311.9260404029774,311.9260404029774,97297.85468147988
2001-07-21 19:00:00,34232.0,34864.84101321998,-632.8410132199788,632.8410132199788,400487.74801328935
2001-07-21 20:00:00,33645.0,33736.85474871591,-91.8547487159085,91.8547487159085,8437.294861662695
2001-07-21 21:00:00,33589.0,33617.67259827296,-28.672598272962205,28.672598272962205,822.1178917226752
2001-07-21 22:00:00,31510.0,31484.741624937018,25.25837506298194,25.25837506298194,637.985510822268
2001-07-21 23:00:00,28860.0,29265.760138037658,-405.7601380376582,405.7601380376582,164641.28962033943
2001-07-22 00:00:00,26328.0,26469.44178321895,-141.44178321895015,141.44178321895015,20005.77804015649
2001-07-22 01:00:00,24433.0,24834.011407036054,-401.01140703605415,401.01140703605415,160810.1485730359
2001-07-22 02:00:00,23251.0,23288.631562217975,-37.63156221797544,37.63156221797544,1416.1344749653567
2001-07-22 03:00:00,22566.0,22505.003523036987,60.996476963013265,60.996476963013265,3720.570201899408
2001-07-22 04:00:00,22057.0,22323.454073768502,-266.454073768502,266.454073768502,70997.7734278303
2001-07-22 05:00:00,22003.0,22136.40609356346,-133.40609356345885,133.40609356345885,17797.185799862338
2001-07-22 06:00:00,21908.0,22258.72490537092,-350.72490537092017,350.72490537092017,123007.9592474409
2001-07-22 07:00:00,23210.0,22947.968546375916,262.03145362408395,262.03145362408395,68660.48268835046
2001-07-22 08:00:00,25858.0,25457.65168516261,400.3483148373889,400.3483148373889,160278.77319313705
2001-07-22 09:00:00,28274.0,28276.409873033335,-2.409873033335316,2.409873033335316,5.807488036796757
2001-07-22 10:00:00,30462.0,30175.141715869893,286.85828413010677,286.85828413010677,82287.67517406907
2001-07-22 11:00:00,32120.0,31980.17845900984,139.82154099016043,139.82154099016043,19550.063324863113
2001-07-22 12:00:00,33129.0,33157.081905504856,-28.081905504855968,28.081905504855968,788.5934167836599
2001-07-22 13:00:00,34190.0,33841.338668549186,348.66133145081403,348.66133145081403,121564.7240490544
2001-07-22 14:00:00,35056.0,34721.259006053384,334.7409939466161,334.7409939466161,112051.53302836846
2001-07-22 15:00:00,35782.0,35652.70698418386,129.2930158161398,129.2930158161398,16716.68393883258
2001-07-22 16:00:00,36434.0,36203.90987601374,230.09012398625782,230.09012398625782,52941.465156011494
2001-07-22 17:00:00,36752.0,36693.03438176509,58.96561823491356,58.96561823491356,3476.944133825571
2001-07-22 18:00:00,36268.0,36577.02046879362,-309.02046879362024,309.02046879362024,95493.65013342882
2001-07-22 19:00:00,35294.0,35694.02961103174,-400.0296110317431,400.0296110317431,160023.6897022077
2001-07-22 20:00:00,34810.0,34993.13780994121,-183.13780994121043,183.13780994121043,33539.45743006292
2001-07-22 21:00:00,35273.0,34330.7027206349,942.2972793650988,942.2972793650988,887924.162698867
2001-07-22 22:00:00,33241.0,33241.624038095244,-0.6240380952440319,0.6240380952440319,0.3894235443157994
2001-07-22 23:00:00,30638.0,30675.013203138835,-37.0132031388348,37.0132031388348,1369.9772065966501
2001-07-23 00:00:00,28206.0,28011.760951798886,194.2390482011142,194.2390482011142,37728.807846074764
2001-07-23 01:00:00,26582.0,26436.6807081256,145.3192918743989,145.3192918743989,21117.69659087674
2001-07-23 02:00:00,25679.0,25427.515833915902,251.48416608409752,251.48416608409752,63244.28579101395
2001-07-23 03:00:00,25308.0,24940.76071798962,367.23928201038143,367.23928201038143,134864.69025150046
2001-07-23 04:00:00,25354.0,25148.897530582828,205.10246941717196,205.10246941717196,42067.02296102196
2001-07-23 05:00:00,26669.0,26764.093569780212,-95.09356978021242,95.09356978021242,9042.787013544128
2001-07-23 06:00:00,29020.0,29143.807761880315,-123.8077618803145,123.8077618803145,15328.361901812657
2001-07-23 07:00:00,32396.0,31830.363495065612,565.6365049343876,565.6365049343876,319944.6557143895
2001-07-23 08:00:00,35539.0,34614.443909061665,924.5560909383348,924.5560909383348,854803.9652911745
2001-07-23 09:00:00,38242.0,36758.36825671971,1483.6317432802898,1483.6317432802898,2201163.149668912
2001-07-23 10:00:00,40929.0,39567.885449633635,1361.1145503663647,1361.1145503663647,1852632.8192190311
2001-07-23 11:00:00,43170.0,42296.9177207792,873.0822792207982,873.0822792207982,762272.6662893839
2001-07-23 12:00:00,44712.0,44219.569832539666,492.4301674603339,492.4301674603339,242487.4698250125
2001-07-23 13:00:00,46320.0,45600.21313333334,719.7868666666618,719.7868666666618,518093.1334258108
2001-07-23 14:00:00,47067.0,47044.545606349166,22.45439365083439,22.45439365083439,504.1997942266318
2001-07-23 15:00:00,47839.0,47383.27930512818,455.72069487182307,455.72069487182307,207681.35173445728
2001-07-23 16:00:00,48428.0,47755.78466772705,672.21533227295,672.21533227295,451873.4529428326
2001-07-23 17:00:00,48332.0,47715.89316277058,616.1068372294176,616.1068372294176,379587.63488083606
2001-07-23 18:00:00,47327.0,46813.569514285686,513.4304857143143,513.4304857143143,263610.86366083665
2001-07-23 19:00:00,45700.0,45546.63189047618,153.36810952382075,153.36810952382075,23521.777018910678
2001-07-23 20:00:00,44738.0,44611.60847142856,126.39152857143927,126.39152857143927,15974.81849462495
2001-07-23 21:00:00,44236.0,43893.47690086584,342.52309913415957,342.52309913415957,117322.0734404693
2001-07-23 22:00:00,40789.0,41047.08138571428,-258.08138571427844,258.08138571427844,66606.00165220216
2001-07-23 23:00:00,37011.0,37313.70606666666,-302.70606666665844,302.70606666665844,91630.96279679946
2001-07-24 00:00:00,33898.0,33678.20019523806,219.79980476194032,219.79980476194032,48311.95417338709
2001-07-24 01:00:00,31936.0,31327.21462106783,608.7853789321707,608.7853789321707,370619.6376015867
2001-07-24 02:00:00,30660.0,30232.383220296364,427.616779703636,427.616779703636,182856.11028410794
2001-07-24 03:00:00,29790.0,29745.847872725513,44.1521272744867,44.1521272744867,1949.4103428624726
2001-07-24 04:00:00,29754.0,29320.66540696159,433.33459303840937,433.33459303840937,187778.86952376386
2001-07-24 05:00:00,31027.0,30495.044874677566,531.9551253224345,531.9551253224345,282976.25535680697
2001-07-24 06:00:00,33470.0,32741.813153531813,728.1868464681866,728.1868464681866,530256.0833692823
2001-07-24 07:00:00,36828.0,36403.97020084767,424.029799152333,424.029799152333,179801.27056916786
2001-07-24 08:00:00,39517.0,39834.945439682546,-317.94543968254584,317.94543968254584,101089.3026149274
2001-07-24 09:00:00,41974.0,41563.12219480522,410.8778051947811,410.8778051947811,168820.5708016805
2001-07-24 10:00:00,44690.0,44264.96504761903,425.03495238097094,425.03495238097094,180654.71074549423
2001-07-24 11:00:00,46912.0,46045.07998624906,866.9200137509397,866.9200137509397,751550.3102419295
2001-07-24 12:00:00,48486.0,47671.58073621933,814.41926378067,814.41926378067,663278.7372170485
2001-07-24 13:00:00,49564.0,49168.66550891335,395.3344910866508,395.3344910866508,156289.3598427412
2001-07-24 14:00:00,50410.0,49458.356873015866,951.6431269841341,951.6431269841341,905624.6411361409
2001-07-24 15:00:00,51104.0,50119.71191111108,984.2880888889194,984.2880888889194,968823.0419286013
2001-07-24 16:00:00,51550.0,50490.43485714278,1059.5651428572164,1059.5651428572164,1122678.2919580333
2001-07-24 17:00:00,51508.0,50103.255138095206,1404.7448619047937,1404.7448619047937,1973308.1270479178
2001-07-24 18:00:00,50482.0,49433.16591904759,1048.8340809524088,1048.8340809524088,1100052.929367284
2001-07-24 19:00:00,49002.0,48712.29506666667,289.70493333332706,289.70493333332706,83928.94839766748
2001-07-24 20:00:00,48570.0,47810.083266666676,759.9167333333244,759.9167333333244,577473.4415999908
2001-07-24 21:00:00,47952.0,46633.57069523811,1318.4293047618921,1318.4293047618921,1738255.8316549263
2001-07-24 22:00:00,44315.0,45316.479590476214,-1001.4795904762141,1001.4795904762141,1002961.3701404055
2001-07-24 23:00:00,40438.0,40901.665238095244,-463.6652380952437,463.6652380952437,214985.45301791903
2001-07-25 00:00:00,37386.0,37231.633942857115,154.36605714288453,154.36605714288453,23828.879597840292
2001-07-25 01:00:00,35120.0,34439.07042032969,680.9295796703082,680.9295796703082,463665.09246998257
2001-07-25 02:00:00,34081.0,32765.838985714276,1315.1610142857244,1315.1610142857244,1729648.4934970553
2001-07-25 03:00:00,33230.0,33318.42594852109,-88.42594852109323,88.42594852109323,7819.148371855031
2001-07-25 04:00:00,33230.0,33332.55877876968,-102.55877876967861,102.55877876967861,10518.30310272788
2001-07-25 05:00:00,34212.0,33896.010282803356,315.98971719664405,315.98971719664405,99849.50137401509
2001-07-25 06:00:00,36335.0,36091.19407619045,243.80592380955204,243.80592380955204,59441.32848462909
2001-07-25 07:00:00,39759.0,38897.94516119436,861.0548388056413,861.0548388056413,741415.435430609
2001-07-25 08:00:00,42732.0,41557.50684493284,1174.4931550671608,1174.4931550671608,1379434.171299614
2001-07-25 09:00:00,45413.0,44163.428549350625,1249.571450649375,1249.571450649375,1561428.8102779835
2001-07-25 10:00:00,47775.0,46668.44250952379,1106.5574904762107,1106.5574904762107,1224469.479729009
2001-07-25 11:00:00,49761.0,49014.90933015875,746.0906698412509,746.0906698412509,556651.2876241665
2001-07-25 12:00:00,50807.0,50139.19877619049,667.8012238095107,667.8012238095107,445958.4745214802
2001-07-25 13:00:00,51686.0,50977.926085714265,708.0739142857346,708.0739142857346,501368.6680919219
2001-07-25 14:00:00,52132.0,51309.09278095225,822.9072190477527,822.9072190477527,677176.2911609061
2001-07-25 15:00:00,51959.0,51343.71579523794,615.2842047620579,615.2842047620579,378574.652629678
2001-07-25 16:00:00,52024.0,51344.01857142843,679.9814285715693,679.9814285715693,462374.7432022322
2001-07-25 17:00:00,51477.0,51158.10252857129,318.89747142871056,318.89747142871056,101695.59728362526
2001-07-25 18:00:00,50398.0,50958.46788571415,-560.467885714148,560.467885714148,314124.25091688725
2001-07-25 19:00:00,48930.0,50561.896109523725,-1631.8961095237246,1631.8961095237246,2663084.912278668
2001-07-25 20:00:00,48362.0,48828.862147619024,-466.86214761902374,466.86214761902374,217960.26487944712
2001-07-25 21:00:00,47017.0,46631.87294285716,385.1270571428395,385.1270571428395,148322.85014350395
2001-07-25 22:00:00,43487.0,45179.670138095236,-1692.6701380952363,1692.6701380952363,2865132.1963993465
2001-07-25 23:00:00,39599.0,41015.24655238095,-1416.2465523809515,1416.2465523809515,2005754.2971309312
2001-07-26 00:00:00,36472.0,36632.10070476192,-160.1007047619205,160.1007047619205,25632.235665263634
2001-07-26 01:00:00,34674.0,34027.5684190476,646.4315809523978,646.4315809523978,417873.7888526164
2001-07-26 02:00:00,33251.0,32978.021975396834,272.978024603166,272.978024603166,74517.00191624669
2001-07-26 03:00:00,32287.0,32916.47023759207,-629.4702375920679,629.4702375920679,396232.78001421434
2001-07-26 04:00:00,32192.0,32180.21770525031,11.782294749689754,11.782294749689754,138.82246956856673
2001-07-26 05:00:00,33286.0,32516.79100787546,769.2089921245388,769.2089921245388,591682.4735652488
2001-07-26 06:00:00,35488.0,35066.32369340658,421.67630659342103,421.67630659342103,177810.9075422688
2001-07-26 07:00:00,38241.0,38393.994436446905,-152.99443644690473,152.99443644690473,23407.29758370597
2001-07-26 08:00:00,40295.0,39967.60858095239,327.39141904761345,327.39141904761345,107185.14126601003
2001-07-26 09:00:00,41562.0,41901.96360476189,-339.9636047618915,339.9636047618915,115575.25256269956
2001-07-26 10:00:00,42376.0,42630.10216666662,-254.10216666662018,254.10216666662018,64567.91110467082
2001-07-26 11:00:00,42624.0,43796.92474458873,-1172.9247445887304,1172.9247445887304,1375752.4564685384
2001-07-26 12:00:00,42584.0,43687.47163982683,-1103.4716398268283,1103.4716398268283,1217649.6599021095
2001-07-26 13:00:00,42285.0,43548.39363968251,-1263.3936396825084,1263.3936396825084,1596163.4887902157
2001-07-26 14:00:00,41695.0,42994.09121666667,-1299.0912166666676,1299.0912166666676,1687637.9892204828
2001-07-26 15:00:00,40597.0,42068.72872857142,-1471.7287285714192,1471.7287285714192,2165985.450502446
2001-07-26 16:00:00,39887.0,40648.45944545454,-761.4594454545368,761.4594454545368,579820.4870719307
2001-07-26 17:00:00,39006.0,39965.979897619036,-959.9798976190359,959.9798976190359,921561.4038326547
2001-07-26 18:00:00,37808.0,39066.310729177254,-1258.310729177254,1258.310729177254,1583345.8911625925
2001-07-26 19:00:00,36404.0,37622.542845910786,-1218.5428459107861,1218.5428459107861,1484846.6673203579
2001-07-26 20:00:00,36157.0,36288.301934946234,-131.3019349462338,131.3019349462338,17240.198120625017
2001-07-26 21:00:00,36129.0,36102.00102643755,26.998973562447645,26.998973562447645,728.9445734257469
2001-07-26 22:00:00,34289.0,34816.660730158714,-527.6607301587137,527.6607301587137,278425.8461516269
2001-07-26 23:00:00,32440.0,32967.32187852812,-527.3218785281206,527.3218785281206,278068.363574426
2001-07-27 00:00:00,30611.0,30923.962683116893,-312.96268311689346,312.96268311689346,97945.64102372507
2001-07-27 01:00:00,26213.0,29404.58361878308,-3191.583618783079,3191.583618783079,10186205.995684495
2001-07-27 02:00:00,24980.0,26170.650893571805,-1190.6508935718048,1190.6508935718048,1417649.5503633372
2001-07-27 03:00:00,24139.0,25518.365943584333,-1379.3659435843329,1379.3659435843329,1902650.406320297
2001-07-27 04:00:00,24217.0,24945.549217532454,-728.5492175324543,728.5492175324543,530783.9623671515
2001-07-27 05:00:00,25080.0,25566.67424636865,-486.6742463686496,486.6742463686496,236851.82207849307
2001-07-27 06:00:00,26963.0,27137.493239638272,-174.49323963827192,174.49323963827192,30447.89067945939
2001-07-27 07:00:00,29602.0,29685.09251214408,-83.09251214408141,83.09251214408141,6904.365574414317
2001-07-27 08:00:00,31805.0,32078.521115057676,-273.52111505767607,273.52111505767607,74813.80038239447
2001-07-27 09:00:00,33207.0,33589.09570906754,-382.0957090675365,382.0957090675365,145997.1308878235
2001-07-27 10:00:00,34375.0,34286.035482559935,88.96451744006481,88.96451744006481,7914.685363343596
2001-07-27 11:00:00,35029.0,35358.08745255917,-329.08745255917165,329.08745255917165,108298.55143188505
2001-07-27 12:00:00,35422.0,35587.09546423717,-165.09546423717256,165.09546423717256,27256.512311687526
2001-07-27 13:00:00,35776.0,35895.533892522755,-119.5338925227552,119.5338925227552,14288.35146164159
2001-07-27 14:00:00,36064.0,36184.175202373495,-120.17520237349527,120.17520237349527,14442.079265510543
2001-07-27 15:00:00,36149.0,36293.33604724127,-144.3360472412678,144.3360472412678,20832.89453323349
2001-07-27 16:00:00,36323.0,36111.98950972945,211.01049027054978,211.01049027054978,44525.42700421778
2001-07-27 17:00:00,35897.0,35782.394792933985,114.60520706601528,114.60520706601528,13134.353486644239
2001-07-27 18:00:00,34552.0,35149.30290072053,-597.3029007205332,597.3029007205332,356770.7552091632
2001-07-27 19:00:00,32860.0,33998.235049528594,-1138.2350495285937,1138.2350495285937,1295579.0279753602
2001-07-27 20:00:00,32567.0,32597.050342087667,-30.05034208766665,30.05034208766665,903.0230595857896
2001-07-27 21:00:00,32347.0,32139.937194440052,207.06280555994817,207.06280555994817,42875.0054463569
2001-07-27 22:00:00,30010.0,30504.506106984936,-494.5061069849362,494.5061069849362,244536.28984539717
2001-07-27 23:00:00,27428.0,27520.92888278929,-92.92888278928876,92.92888278928876,8635.77725646537
2001-07-28 00:00:00,25145.0,25162.19473219529,-17.19473219529027,17.19473219529027,295.6588152677518
2001-07-28 01:00:00,23559.0,23635.928738314033,-76.92873831403267,76.92873831403267,5918.030778588918
2001-07-28 02:00:00,22564.0,22641.816331917515,-77.81633191751462,77.81633191751462,6055.381513096804
2001-07-28 03:00:00,21894.0,22105.0791041626,-211.07910416259983,211.07910416259983,44554.38821408567
2001-07-28 04:00:00,21752.0,21740.09819913238,11.901800867621205,11.901800867621205,141.65286389250886
2001-07-28 05:00:00,21968.0,22104.375573665206,-136.3755736652056,136.3755736652056,18598.297092513916
2001-07-28 06:00:00,22517.0,22684.02245079363,-167.0224507936291,167.0224507936291,27896.499069110254
2001-07-28 07:00:00,23868.0,24112.862774199828,-244.86277419982798,244.86277419982798,59957.778188835946
2001-07-28 08:00:00,26437.0,26061.80339521373,375.19660478626975,375.19660478626975,140772.49224314428
2001-07-28 09:00:00,28654.0,28390.458767945547,263.54123205445285,263.54123205445285,69453.98099277896
2001-07-28 10:00:00,30260.0,29707.259513944184,552.7404860558163,552.7404860558163,305522.04492522
2001-07-28 11:00:00,31210.0,31466.046483889484,-256.0464838894841,256.0464838894841,65559.80191216784
2001-07-28 12:00:00,31452.0,31835.978283356417,-383.9782833564168,383.9782833564168,147439.3220893407
2001-07-28 13:00:00,31572.0,31782.300485871638,-210.30048587163765,210.30048587163765,44226.29435784687
2001-07-28 14:00:00,31568.0,31736.954648099414,-168.95464809941404,168.95464809941404,28545.67311439683
2001-07-28 15:00:00,31513.0,31611.672019671478,-98.67201967147776,98.67201967147776,9736.167466048493
2001-07-28 16:00:00,31712.0,31444.930257984583,267.06974201541743,267.06974201541743,71326.24710018163
2001-07-28 17:00:00,31707.0,31695.62612500693,11.373874993070785,11.373874993070785,129.36503235800095
2001-07-28 18:00:00,31106.0,31550.66218682798,-444.6621868279799,444.6621868279799,197724.4603946413
2001-07-28 19:00:00,30081.0,30694.320271019824,-613.3202710198238,613.3202710198238,376161.7548438302
2001-07-28 20:00:00,30223.0,30235.16651946016,-12.16651946015918,12.16651946015918,148.024195774432
2001-07-28 21:00:00,30345.0,30237.738006387324,107.26199361267572,107.26199361267572,11505.135273765687
2001-07-28 22:00:00,28593.0,28731.38196386401,-138.38196386400887,138.38196386400887,19149.567922859856
2001-07-28 23:00:00,26417.0,26536.17336247675,-119.17336247675121,119.17336247675121,14202.290324015134
2001-07-29 00:00:00,24553.0,24228.560197018604,324.4398029813965,324.4398029813965,105261.18575860737
2001-07-29 01:00:00,23075.0,23104.982224058964,-29.982224058963766,29.982224058963766,898.9337595219057
2001-07-29 02:00:00,22144.0,22257.72693335449,-113.72693335449003,113.72693335449003,12933.815370216616
2001-07-29 03:00:00,21612.0,21570.66467349182,41.335326508178696,41.335326508178696,1708.6092175377403
2001-07-29 04:00:00,21319.0,21493.096589266537,-174.0965892665372,174.0965892665372,30309.622394241353
2001-07-29 05:00:00,21445.0,21352.742070973512,92.25792902648755,92.25792902648755,8511.525468256414
2001-07-29 06:00:00,21429.0,21769.75239650934,-340.7523965093387,340.7523965093387,116112.1957268576
2001-07-29 07:00:00,22326.0,22404.113064519403,-78.11306451940254,78.11306451940254,6101.650848612344
2001-07-29 08:00:00,24110.0,24465.457722708205,-355.4577227082045,355.4577227082045,126350.19263290282
2001-07-29 09:00:00,25848.0,26038.773993136427,-190.77399313642672,190.77399313642672,36394.71645721739
2001-07-29 10:00:00,27200.0,27336.101401333126,-136.10140133312598,136.10140133312598,18523.591444840626
2001-07-29 11:00:00,28011.0,28152.09702457372,-141.09702457371895,141.09702457371895,19908.37034355665
2001-07-29 12:00:00,28359.0,28295.66616897495,63.33383102505104,63.33383102505104,4011.1741523097176
2001-07-29 13:00:00,28416.0,28387.073960152164,28.926039847836364,28.926039847836364,836.7157812786172
2001-07-29 14:00:00,28239.0,28309.299952087127,-70.29995208712717,70.29995208712717,4942.083263452375
2001-07-29 15:00:00,28048.0,28297.846641974476,-249.84664197447637,249.84664197447637,62423.34450592218
2001-07-29 16:00:00,28080.0,28138.370898942972,-58.37089894297242,58.37089894297242,3407.1618434106986
2001-07-29 17:00:00,28263.0,28234.902496574992,28.097503425007744,28.097503425007744,789.4696987183219
2001-07-29 18:00:00,28044.0,28466.742958258157,-422.74295825815716,422.74295825815716,178711.608756858
2001-07-29 19:00:00,27954.0,28244.92418480706,-290.92418480705965,290.92418480705965,84636.88130565219
2001-07-29 20:00:00,28830.0,28322.558882281402,507.4411177185975,507.4411177185975,257496.48795149956
2001-07-29 21:00:00,28925.0,28576.871973795794,348.1280262042055,348.1280262042055,121193.122628836
2001-07-29 22:00:00,27311.0,27197.750986176572,113.24901382342796,113.24901382342796,12825.339131978977
2001-07-29 23:00:00,25419.0,25511.75451402327,-92.75451402326871,92.75451402326871,8603.399871692753
2001-07-30 00:00:00,23842.0,23706.460214251736,135.53978574826397,135.53978574826397,18371.0335206853
2001-07-30 01:00:00,22712.0,22476.914637717087,235.08536228291268,235.08536228291268,55265.127559688306
2001-07-30 02:00:00,22237.0,22170.876153556168,66.12384644383201,66.12384644383201,4372.363068527475
2001-07-30 03:00:00,22074.0,22204.762977789353,-130.7629777893526,130.7629777893526,17098.956360338718
2001-07-30 04:00:00,22584.0,22520.307124420702,63.692875579297834,63.692875579297834,4056.782399559914
2001-07-30 05:00:00,24029.0,24250.695989071093,-221.6959890710932,221.6959890710932,49149.111570210276
2001-07-30 06:00:00,26408.0,26769.275257507852,-361.2752575078521,361.2752575078521,130519.81168736483
2001-07-30 07:00:00,29319.0,29069.227005685487,249.7729943145132,249.7729943145132,62386.548688837844
2001-07-30 08:00:00,31694.0,31087.594412787657,606.4055872123427,606.4055872123427,367727.7362023461
2001-07-30 09:00:00,33341.0,32689.81621059194,651.18378940806,651.18378940806,424040.3275878406
2001-07-30 10:00:00,34557.0,34311.41920824719,245.58079175280727,245.58079175280727,60309.92527793569
2001-07-30 11:00:00,35385.0,35130.94316642527,254.05683357473026,254.05683357473026,64544.87468601819
2001-07-30 12:00:00,35727.0,35798.35995551495,-71.35995551494852,71.35995551494852,5092.243251095432
2001-07-30 13:00:00,36077.0,35922.08266602816,154.91733397183998,154.91733397183998,23999.380364942605
2001-07-30 14:00:00,36273.0,36112.690803201476,160.30919679852377,160.30919679852377,25699.038578187825
2001-07-30 15:00:00,36185.0,36116.813330564044,68.18666943595599,68.18666943595599,4649.421888768335
2001-07-30 16:00:00,36220.0,35931.72977939748,288.27022060252057,288.27022060252057,83099.72008622588
2001-07-30 17:00:00,35856.0,35705.39776092673,150.60223907326872,150.60223907326872,22681.03441388199
2001-07-30 18:00:00,35045.0,35101.11796599384,-56.11796599384252,56.11796599384252,3149.226107286065
2001-07-30 19:00:00,33848.0,34886.97438257365,-1038.9743825736514,1038.9743825736514,1079467.7676443001
2001-07-30 20:00:00,33908.0,33761.289355222936,146.71064477706386,146.71064477706386,21524.013290901818
2001-07-30 21:00:00,33878.0,33414.86807005221,463.1319299477909,463.1319299477909,214491.1845371655
2001-07-30 22:00:00,31239.0,31284.590867294482,-45.59086729448245,45.59086729448245,2078.5271806631094
2001-07-30 23:00:00,28369.0,28424.70891970895,-55.708919708951726,55.708919708951726,3103.48373513843
2001-07-31 00:00:00,25903.0,25817.856996480252,85.14300351974816,85.14300351974816,7249.331048363848
2001-07-31 01:00:00,24342.0,24432.142331346826,-90.14233134682581,90.14233134682581,8125.639900640936
2001-07-31 02:00:00,23591.0,23584.465582409164,6.534417590835801,6.534417590835801,42.698613251424355
2001-07-31 03:00:00,23083.0,23111.382014017236,-28.382014017235633,28.382014017235633,805.53871967456
2001-07-31 04:00:00,23362.0,23187.175120351592,174.82487964840766,174.82487964840766,30563.73854408022
2001-07-31 05:00:00,24760.0,24514.695023480628,245.30497651937185,245.30497651937185,60174.53150516957
2001-07-31 06:00:00,26941.0,26858.60063739365,82.39936260634931,82.39936260634931,6789.654957932637
2001-07-31 07:00:00,29812.0,29541.936579498706,270.0634205012939,270.0634205012939,72934.25109285867
2001-07-31 08:00:00,32109.0,31822.35654792816,286.6434520718394,286.6434520718394,82164.46861566091
2001-07-31 09:00:00,33833.0,33558.88117715378,274.1188228462197,274.1188228462197,75141.12903859718
2001-07-31 10:00:00,35239.0,35204.98506483159,34.014935168408556,34.014935168408556,1157.0158145110372
2001-07-31 11:00:00,36574.0,36067.921515455404,506.078484544596,506.078484544596,256115.43251895488
2001-07-31 12:00:00,37275.0,37310.02162310285,-35.02162310285348,35.02162310285348,1226.5140847583207
2001-07-31 13:00:00,38216.0,37965.94155531456,250.05844468544092,250.05844468544092,62529.225758501714
2001-07-31 14:00:00,38723.0,38761.38188701408,-38.38188701408217,38.38188701408217,1473.1692507617693
2001-07-31 15:00:00,39211.0,38911.275777351504,299.7242226484959,299.7242226484959,89834.60964224515
2001-07-31 16:00:00,39486.0,39330.14251849641,155.85748150358995,155.85748150358995,24291.554540641882
2001-07-31 17:00:00,39273.0,39326.51380344029,-53.51380344029167,53.51380344029167,2863.7271586461725
2001-07-31 18:00:00,38116.0,38113.39209937216,2.6079006278378074,2.6079006278378074,6.80114568467683
2001-07-31 19:00:00,36536.0,36875.87126481612,-339.8712648161236,339.8712648161236,115512.4766477116
2001-07-31 20:00:00,36210.0,35973.84805288359,236.15194711640652,236.15194711640652,55767.742126870064
2001-07-31 21:00:00,35701.0,35606.74017242353,94.25982757646852,94.25982757646852,8884.915094745576
2001-07-31 22:00:00,32842.0,33207.36504130511,-365.3650413051073,365.3650413051073,133491.61340788277
2001-07-31 23:00:00,29553.0,29922.91015628133,-369.9101562813303,369.9101562813303,136833.5237200782
2001-08-01 00:00:00,26928.0,27037.065847798927,-109.06584779892728,109.06584779892728,11895.35915609877
2001-08-01 01:00:00,25303.0,25334.357829468496,-31.357829468495765,31.357829468495765,983.3134689752615
2001-08-01 02:00:00,24293.0,24358.39947751622,-65.39947751622094,65.39947751622094,4277.091659394689
2001-08-01 03:00:00,23789.0,23733.89031840829,55.109681591711706,55.109681591711706,3037.077005139848
2001-08-01 04:00:00,24002.0,23796.752530582693,205.247469417307,205.247469417307,42126.523702208375
2001-08-01 05:00:00,25209.0,25110.72216102728,98.27783897272093,98.27783897272093,9658.533633148065
2001-08-01 06:00:00,27414.0,27535.59324307686,-121.59324307685893,121.59324307685893,14784.916761948101
2001-08-01 07:00:00,30366.0,30115.54612152302,250.4538784769793,250.4538784769793,62727.14524416151
2001-08-01 08:00:00,33161.0,32777.08341408896,383.9165859110435,383.9165859110435,147391.94493759164
2001-08-01 09:00:00,35346.0,34837.14223652474,508.85776347525825,508.85776347525825,258936.22344904186
2001-08-01 10:00:00,37121.0,36821.092369485945,299.9076305140552,299.9076305140552,89944.58684055506
2001-08-01 11:00:00,39268.0,38195.636973351546,1072.3630266484543,1072.3630266484543,1149962.4609226333
2001-08-01 12:00:00,40325.0,40145.86428439551,179.13571560449054,179.13571560449054,32089.604605132918
2001-08-01 13:00:00,41589.0,41174.840420333254,414.15957966674614,414.15957966674614,171528.15742973585
2001-08-01 14:00:00,42385.0,42057.75394495368,327.246055046322,327.246055046322,107089.98054338041
2001-08-01 15:00:00,42848.0,42740.32552840888,107.67447159111907,107.67447159111907,11593.791832426708
2001-08-01 16:00:00,43358.0,43172.32375694968,185.67624305032223,185.67624305032223,34475.66723328234
2001-08-01 17:00:00,43391.0,43202.53771501833,188.4622849816733,188.4622849816733,35518.03286051344
2001-08-01 18:00:00,42312.0,42352.46436828224,-40.4643682822425,40.4643682822425,1637.365100480953
2001-08-01 19:00:00,40609.0,40786.30409805325,-177.30409805325326,177.30409805325326,31436.743186477644
2001-08-01 20:00:00,40072.0,39991.997562677585,80.00243732241506,80.00243732241506,6400.38997752695
2001-08-01 21:00:00,39171.0,39118.64111378371,52.35888621628692,52.35888621628692,2741.4529658100805
2001-08-01 22:00:00,35878.0,36318.08258095241,-440.08258095241035,440.08258095241035,193672.67805773483
2001-08-01 23:00:00,32497.0,32624.151411146035,-127.15141114603466,127.15141114603466,16167.481356427947
2001-08-02 00:00:00,29115.0,29532.12735442368,-417.1273544236792,417.1273544236792,173995.22980849768
2001-08-02 01:00:00,27367.0,27443.995936684223,-76.99593668422312,76.99593668422312,5928.374265880896
2001-08-02 02:00:00,26103.0,26215.858106979173,-112.85810697917259,112.85810697917259,12736.952310922365
2001-08-02 03:00:00,25356.0,25454.50370500394,-98.5037050039391,98.5037050039391,9702.979899503058
2001-08-02 04:00:00,25492.0,25194.118247013546,297.88175298645365,297.88175298645365,88733.53876228258
2001-08-02 05:00:00,26579.0,26662.95621516844,-83.9562151684404,83.9562151684404,7048.646065409461
2001-08-02 06:00:00,28541.0,28836.49026405996,-295.4902640599612,295.4902640599612,87314.49615422559
2001-08-02 07:00:00,31570.0,31319.455263078828,250.54473692117244,250.54473692117244,62772.66519889951
2001-08-02 08:00:00,34344.0,34207.74157114247,136.25842885753082,136.25842885753082,18566.359434722788
2001-08-02 09:00:00,36879.0,36123.7448636709,755.2551363290986,755.2551363290986,570410.3209514853
2001-08-02 10:00:00,39060.0,38668.26754235382,391.7324576461833,391.7324576461833,153454.31837351882
2001-08-02 11:00:00,40891.0,40732.82728699637,158.17271300363063,158.17271300363063,25018.607138928903
2001-08-02 12:00:00,42272.0,42229.99151298701,42.008487012986734,42.008487012986734,1764.7129811202751
2001-08-02 13:00:00,43522.0,43210.125352222945,311.87464777705463,311.87464777705463,97265.7959260619
2001-08-02 14:00:00,44393.0,43938.71467112718,454.285328872822,454.285328872822,206375.16002908803
2001-08-02 15:00:00,45330.0,44742.37031801639,587.6296819836134,587.6296819836134,345308.64314816264
2001-08-02 16:00:00,45820.0,45363.97019248117,456.02980751883297,456.02980751883297,207963.18534566383
2001-08-02 17:00:00,45681.0,45399.4110054945,281.58899450550234,281.58899450550234,79292.36182661983
2001-08-02 18:00:00,44183.0,44681.4492579365,-498.4492579365033,498.4492579365033,248451.66273745077
2001-08-02 19:00:00,42105.0,43094.94232330447,-989.9423233044727,989.9423233044727,979985.8034694571
2001-08-02 20:00:00,41337.0,41535.14746573249,-198.14746573248703,198.14746573248703,39262.418176207124
2001-08-02 21:00:00,40392.0,40790.20183596611,-398.2018359661088,398.2018359661088,158564.7021667798
2001-08-02 22:00:00,36954.0,37422.18668095238,-468.1866809523781,468.1866809523781,219198.76822120388
2001-08-02 23:00:00,33299.0,33836.434198901086,-537.4341989010863,537.4341989010863,288835.51814845245
2001-08-03 00:00:00,30226.0,30486.361166045226,-260.3611660452261,260.3611660452261,67787.93678442981
2001-08-03 01:00:00,28566.0,28265.907131080086,300.0928689199136,300.0928689199136,90055.72997658445
2001-08-03 02:00:00,27334.0,27208.845157559117,125.15484244088293,125.15484244088293,15663.734586402232
2001-08-03 03:00:00,26570.0,26435.06880165884,134.93119834116078,134.93119834116078,18206.42828578167
2001-08-03 04:00:00,26662.0,26473.115819035844,188.88418096415626,188.88418096415626,35677.23381850013
2001-08-03 05:00:00,27899.0,28016.963758431906,-117.96375843190617,117.96375843190617,13915.448303381114
2001-08-03 06:00:00,30085.0,30500.34058713526,-415.34058713525883,415.34058713525883,172507.80332186155
2001-08-03 07:00:00,32794.0,32958.65520205851,-164.6552020585077,164.6552020585077,27111.335564928002
2001-08-03 08:00:00,35304.0,35424.91692319563,-120.91692319563299,120.91692319563299,14620.902315098607
2001-08-03 09:00:00,37448.0,37357.10903746788,90.89096253211756,90.89096253211756,8261.167070014797
2001-08-03 10:00:00,39289.0,39325.26439115627,-36.264391156269994,36.264391156269994,1315.1060659349534
2001-08-03 11:00:00,40983.0,40799.870606782126,183.12939321787417,183.12939321787417,33536.37466034677
2001-08-03 12:00:00,42165.0,42179.012879548216,-14.012879548216006,14.012879548216006,196.3607932328104
2001-08-03 13:00:00,43322.0,43131.72900490737,190.27099509262916,190.27099509262916,36203.05157353931
2001-08-03 14:00:00,44137.0,43922.4911219705,214.50887802949728,214.50887802949728,46014.05875347374
2001-08-03 15:00:00,44573.0,44370.840104557275,202.15989544272452,202.15989544272452,40868.62332541331
2001-08-03 16:00:00,44391.0,44677.73040612593,-286.7304061259274,286.7304061259274,82214.32579713926
2001-08-03 17:00:00,44061.0,44108.69724682542,-47.697246825417096,47.697246825417096,2275.027354724761
2001-08-03 18:00:00,42548.0,42979.45473185845,-431.45473185845185,431.45473185845185,186153.18564304858
2001-08-03 19:00:00,40796.0,41586.81359385647,-790.8135938564665,790.8135938564665,625386.1402281803
2001-08-03 20:00:00,40462.0,40168.27094306607,293.72905693393113,293.72905693393113,86276.75888729656
2001-08-03 21:00:00,39515.0,39572.320798894834,-57.3207988948343,57.3207988948343,3285.673985942037
2001-08-03 22:00:00,36721.0,36795.57383333334,-74.57383333334292,74.57383333334292,5561.256618029207
2001-08-03 23:00:00,33698.0,33561.169413186806,136.8305868131938,136.8305868131938,18722.609487642967
2001-08-04 00:00:00,30952.0,30693.950245287022,258.04975471297803,258.04975471297803,66589.67590742813
2001-08-04 01:00:00,29139.0,29010.990797581955,128.00920241804488,128.00920241804488,16386.35590370399
2001-08-04 02:00:00,27799.0,27899.002131708046,-100.00213170804636,100.00213170804636,10000.426346153452
2001-08-04 03:00:00,26898.0,27114.17400166093,-216.1740016609292,216.1740016609292,46731.198994099424
2001-08-04 04:00:00,26500.0,26695.010454334344,-195.0104543343441,195.0104543343441,38029.077299687306
2001-08-04 05:00:00,26890.0,26866.432639513318,23.567360486682446,23.567360486682446,555.420480309241
2001-08-04 06:00:00,27358.0,28333.29359586281,-975.2935958628113,975.2935958628113,951197.5981310128
2001-08-04 07:00:00,28590.0,29317.742490039414,-727.7424900394144,727.7424900394144,529609.1318087672
2001-08-04 08:00:00,31238.0,30697.38314667156,540.6168533284399,540.6168533284399,292266.5821027439
2001-08-04 09:00:00,33773.0,33789.69170124933,-16.691701249328617,16.691701249328617,278.6128905968385
2001-08-04 10:00:00,35789.0,35670.21771951127,118.7822804887328,118.7822804887328,14109.230158103992
2001-08-04 11:00:00,37035.0,36967.773566304444,67.2264336955559,67.2264336955559,4519.393387422973
2001-08-04 12:00:00,38041.0,38012.71312539241,28.286874607591017,28.286874607591017,800.1472750655774
2001-08-04 13:00:00,38804.0,38461.36372391261,342.636276087389,342.636276087389,117399.61769103345
2001-08-04 14:00:00,39306.0,39191.89573874884,114.10426125115919,114.10426125115919,13019.782435672789
2001-08-04 15:00:00,39147.0,39619.1503708062,-472.15037080620095,472.15037080620095,222925.97265243306
2001-08-04 16:00:00,38815.0,39317.20654018124,-502.2065401812433,502.2065401812433,252211.40900081478
2001-08-04 17:00:00,38034.0,38648.68589186952,-614.6858918695216,614.6858918695216,377838.7456634292
2001-08-04 18:00:00,36966.0,37303.788764674275,-337.7887646742747,337.7887646742747,114101.24954017255
2001-08-04 19:00:00,35927.0,36102.16312050493,-175.16312050492706,175.16312050492706,30682.118785023602
2001-08-04 20:00:00,35929.0,35467.59487417642,461.4051258235777,461.4051258235777,212894.69013627156
2001-08-04 21:00:00,35506.0,35477.766950653284,28.233049346716143,28.233049346716143,797.1050754141088
2001-08-04 22:00:00,33515.0,33236.6757182271,278.32428177289694,278.32428177289694,77464.40582439893
2001-08-04 23:00:00,31106.0,30782.870313066705,323.1296869332946,323.1296869332946,104412.79457760896
2001-08-05 00:00:00,28706.0,28476.05618715572,229.94381284428164,229.94381284428164,52874.157065366024
2001-08-05 01:00:00,27116.0,26947.643976845386,168.35602315461438,168.35602315461438,28343.75053243705
2001-08-05 02:00:00,25930.0,26020.65875030077,-90.65875030076859,90.65875030076859,8219.009006097109
2001-08-05 03:00:00,25103.0,25316.53989210958,-213.53989210958025,213.53989210958025,45599.28552217117
2001-08-05 04:00:00,24658.0,24878.6618796246,-220.66187962460026,220.66187962460026,48691.66511946158
2001-08-05 05:00:00,24658.0,24829.005198634128,-171.00519863412774,171.00519863412774,29242.77795989748
2001-08-05 06:00:00,24613.0,25063.694672436297,-450.69467243629697,450.69467243629697,203125.68776246102
2001-08-05 07:00:00,25778.0,25577.45306016152,200.5469398384812,200.5469398384812,40219.07507857939
2001-08-05 08:00:00,28322.0,28045.937302717903,276.06269728209736,276.06269728209736,76210.61283066693
2001-08-05 09:00:00,31009.0,30683.264471367773,325.7355286322272,325.7355286322272,106103.63461331652
2001-08-05 10:00:00,33676.0,32896.723258467326,779.2767415326744,779.2767415326744,607272.2398937825
2001-08-05 11:00:00,35949.0,35421.872937140695,527.1270628593047,527.1270628593047,277862.94039867737
2001-08-05 12:00:00,38173.0,37046.63944600098,1126.3605539990167,1126.3605539990167,1268688.0976049718
2001-08-05 13:00:00,39634.0,39121.838344608324,512.1616553916756,512.1616553916756,262309.56125354144
2001-08-05 14:00:00,40718.0,40191.712641120364,526.2873588796356,526.2873588796356,276978.3841165023
2001-08-05 15:00:00,41496.0,41229.86528050624,266.13471949376253,266.13471949376253,70827.68892002366
2001-08-05 16:00:00,42239.0,41740.03375823021,498.96624176979094,498.96624176979094,248967.31042586945
2001-08-05 17:00:00,42546.0,42247.56935339248,298.43064660752134,298.43064660752134,89060.85083458328
2001-08-05 18:00:00,41781.0,41746.57596948858,34.42403051142173,34.42403051142173,1185.0138766512944
2001-08-05 19:00:00,40564.0,41144.01558103443,-580.0155810344295,580.0155810344295,336418.0742427068
2001-08-05 20:00:00,40825.0,39898.47839528806,926.5216047119393,926.5216047119393,858442.283997987
2001-08-05 21:00:00,40486.0,39815.81670062924,670.1832993707576,670.1832993707576,449145.6547554745
2001-08-05 22:00:00,37997.0,37806.66785770309,190.3321422969093,190.3321422969093,36226.32439133093
2001-08-05 23:00:00,34760.0,34930.10069047618,-170.10069047618163,170.10069047618163,28934.244900473746
2001-08-06 00:00:00,32050.0,31941.104481607028,108.89551839297201,108.89551839297201,11858.233926074105
2001-08-06 01:00:00,30370.0,29762.252593748395,607.7474062516048,607.7474062516048,369356.9098055532
2001-08-06 02:00:00,29142.0,28432.84148138138,709.1585186186203,709.1585186186203,502905.804529356
2001-08-06 03:00:00,28533.0,28384.935889469863,148.06411053013653,148.06411053013653,21922.980827080486
2001-08-06 04:00:00,28691.0,28445.386626351126,245.61337364887368,245.61337364887368,60325.92931518123
2001-08-06 05:00:00,29881.0,29592.829610516583,288.17038948341724,288.17038948341724,83042.17337502439
2001-08-06 06:00:00,32056.0,31731.53986087704,324.46013912295894,324.46013912295894,105274.38187968987
2001-08-06 07:00:00,35399.0,35094.369641805286,304.63035819471406,304.63035819471406,92799.6551338398
2001-08-06 08:00:00,38917.0,37669.698791316536,1247.3012086834642,1247.3012086834642,1555760.3051832307
2001-08-06 09:00:00,42116.0,40711.56860395253,1404.4313960474683,1404.4313960474683,1972427.5462038408
2001-08-06 10:00:00,45127.0,43805.596758441556,1321.4032415584443,1321.4032415584443,1746106.5268011643
2001-08-06 11:00:00,47571.0,45720.996271428536,1850.0037285714643,1850.0037285714643,3422513.7957283203
2001-08-06 12:00:00,49200.0,48041.06006031748,1158.9399396825174,1158.9399396825174,1343141.7837913171
2001-08-06 13:00:00,50355.0,49599.71828095239,755.2817190476126,755.2817190476126,570450.4751275168
2001-08-06 14:00:00,51164.0,49905.64679206354,1258.3532079364595,1258.3532079364595,1583452.7959239786
2001-08-06 15:00:00,51490.0,50179.9520761905,1310.0479238094995,1310.0479238094995,1716225.5626775802
2001-08-06 16:00:00,51660.0,50127.61916190477,1532.3808380952323,1532.3808380952323,2348191.032961447
2001-08-06 17:00:00,51349.0,49822.75269047617,1526.247309523831,1526.247309523831,2329430.849828733
2001-08-06 18:00:00,50378.0,49123.99339523809,1254.0066047619111,1254.0066047619111,1572532.564786496
2001-08-06 19:00:00,49011.0,48366.42253809523,644.5774619047734,644.5774619047734,415480.10439559957
2001-08-06 20:00:00,48781.0,47473.463957142834,1307.5360428571657,1307.5360428571657,1709650.503370576
2001-08-06 21:00:00,47438.0,46500.0067190476,937.9932809524034,937.9932809524034,879831.3951118544
2001-08-06 22:00:00,43531.0,44518.55550952381,-987.5555095238087,987.5555095238087,975265.8843908295
2001-08-06 23:00:00,39474.0,40304.01229999999,-830.0122999999876,830.0122999999876,688920.4181512694
2001-08-07 00:00:00,36295.0,36215.65089047617,79.34910952382779,79.34910952382779,6296.281182224418
2001-08-07 01:00:00,34462.0,33108.46318321305,1353.5368167869528,1353.5368167869528,1832061.914397757
2001-08-07 02:00:00,32919.0,32207.17481904762,711.825180952379,711.825180952379,506695.08823788713
2001-08-07 03:00:00,31924.0,32682.24240456015,-758.242404560151,758.242404560151,574931.5440731598
2001-08-07 04:00:00,31720.0,31620.365964731584,99.63403526841648,99.63403526841648,9926.94098386806
2001-08-07 05:00:00,32931.0,31976.998241893023,954.0017581069769,954.0017581069769,910119.3544712029
2001-08-07 06:00:00,34803.0,34873.13782857141,-70.13782857140905,70.13782857140905,4919.314996712363
2001-08-07 07:00:00,38172.0,37359.41754166664,812.5824583333597,812.5824583333597,660290.2515910863
2001-08-07 08:00:00,41100.0,39989.74137142857,1110.2586285714278,1110.2586285714278,1232674.2223173077
2001-08-07 09:00:00,44240.0,43160.58298095235,1079.4170190476507,1079.4170190476507,1165141.1010097163
2001-08-07 10:00:00,46948.0,45642.480533333306,1305.519466666694,1305.519466666694,1704381.077845689
2001-08-07 11:00:00,48884.0,47817.61303492064,1066.3869650793567,1066.3869650793567,1137181.1592911612
2001-08-07 12:00:00,50155.0,50022.51794761906,132.48205238093942,132.48205238093942,17551.494203065977
2001-08-07 13:00:00,51407.0,50182.44609047617,1224.5539095238273,1224.5539095238273,1499532.2773300898
2001-08-07 14:00:00,52394.0,50672.1131333333,1721.8868666666967,1721.8868666666967,2964894.3815992544
2001-08-07 15:00:00,53076.0,51270.49866666652,1805.5013333334791,1805.5013333334791,3259835.064668971
2001-08-07 16:00:00,53253.0,51358.844433333186,1894.1555666668137,1894.1555666668137,3587825.310734878
2001-08-07 17:00:00,52964.0,51057.447076190336,1906.5529238096642,1906.5529238096642,3634944.0512871793
2001-08-07 18:00:00,52019.0,50862.85485714273,1156.145142857269,1156.145142857269,1336671.591352455
2001-08-07 19:00:00,50606.0,50544.821238095145,61.17876190485549,61.17876190485549,3742.8409082109974
2001-08-07 20:00:00,50382.0,49368.6117095238,1013.3882904761995,1013.3882904761995,1026955.8272742741
2001-08-07 21:00:00,48918.0,48653.54407619047,264.45592380953167,264.45592380953167,69936.93563795282
2001-08-07 22:00:00,45123.0,47132.67383809523,-2009.6738380952302,2009.6738380952302,4038788.9355244134
2001-08-07 23:00:00,41378.0,42118.935604761915,-740.9356047619149,740.9356047619149,548985.5704039045
2001-08-08 00:00:00,37867.0,38408.3202142857,-541.3202142856971,541.3202142856971,293027.5743943131
2001-08-08 01:00:00,35938.0,35346.2494546366,591.7505453634003,591.7505453634003,350168.7079378817
2001-08-08 02:00:00,34450.0,33730.06608095235,719.933919047653,719.933919047653,518304.84779531264
2001-08-08 03:00:00,33379.0,33658.88589475958,-279.88589475957997,279.88589475957997,78336.11408537067
2001-08-08 04:00:00,33292.0,33298.95309179154,-6.953091791539919,6.953091791539919,48.3454854615798
2001-08-08 05:00:00,34346.0,33840.86301513682,505.13698486318026,505.13698486318026,255163.3734766648
2001-08-08 06:00:00,36465.0,36327.32987142854,137.67012857145892,137.67012857145892,18953.06430088203
2001-08-08 07:00:00,39673.0,38721.66835946277,951.3316405372316,951.3316405372316,905031.8902872604
2001-08-08 08:00:00,42910.0,41347.236576190466,1562.7634238095343,1562.7634238095343,2442229.518796898
2001-08-08 09:00:00,45912.0,44162.885030158715,1749.1149698412846,1749.1149698412846,3059403.177722878
2001-08-08 10:00:00,48768.0,46860.06566666668,1907.9343333333236,1907.9343333333236,3640213.420312074
2001-08-08 11:00:00,50772.0,49892.55026190478,879.4497380952234,879.4497380952234,773431.8418357571
2001-08-08 12:00:00,52033.0,50907.94855714284,1125.0514428571623,1125.0514428571623,1265740.7490749827
2001-08-08 13:00:00,52815.0,51265.63226666654,1549.3677333334635,1549.3677333334635,2400540.3730948744
2001-08-08 14:00:00,53427.0,51311.93419523795,2115.0658047620527,2115.0658047620527,4473503.35847375
2001-08-08 15:00:00,53604.0,51313.202028571286,2290.797971428714,2290.797971428714,5247755.345901911
2001-08-08 16:00:00,53789.0,51304.747442857006,2484.252557142994,2484.252557142994,6171510.767671506
2001-08-08 17:00:00,53356.0,51216.64966666651,2139.3503333334884,2139.3503333334884,4576819.848734108
2001-08-08 18:00:00,52307.0,50946.3631190475,1360.636880952501,1360.636880952501,1851332.7218081506
2001-08-08 19:00:00,51468.0,50700.69416190467,767.3058380953298,767.3058380953298,588758.2491751765
2001-08-08 20:00:00,51036.0,50308.067176190416,727.9328238095841,727.9328238095841,529886.195979395
2001-08-08 21:00:00,49396.0,49715.83407142856,-319.8340714285587,319.8340714285587,102293.83324656838
2001-08-08 22:00:00,45586.0,48091.69816666666,-2505.6981666666616,2505.6981666666616,6278523.302436668
2001-08-08 23:00:00,41424.0,42947.09761428575,-1523.097614285747,1523.097614285747,2319826.3426429345
2001-08-09 00:00:00,38326.0,39338.539042857126,-1012.5390428571263,1012.5390428571263,1025235.3133100255
2001-08-09 01:00:00,36169.0,35891.9053857143,277.0946142856992,277.0946142856992,76781.42526614042
2001-08-09 02:00:00,34679.0,33970.85778571424,708.1422142857627,708.1422142857627,501465.3956535431
2001-08-09 03:00:00,33636.0,34003.158382464346,-367.1583824643458,367.1583824643458,134805.2778138348
2001-08-09 04:00:00,33335.0,33575.67128254165,-240.6712825416471,240.6712825416471,57922.66624024132
2001-08-09 05:00:00,34362.0,33840.15939469009,521.8406053099097,521.8406053099097,272317.617350213
2001-08-09 06:00:00,36291.0,36162.899784163026,128.1002158369738,128.1002158369738,16409.665297479274
2001-08-09 07:00:00,39526.0,38612.091868481526,913.908131518474,913.908131518474,835228.0728555883
2001-08-09 08:00:00,43024.0,41191.89095194804,1832.1090480519633,1832.1090480519633,3356623.5639538714
2001-08-09 09:00:00,46245.0,44475.30544444441,1769.6945555555867,1769.6945555555867,3131818.8199630855
2001-08-09 10:00:00,49193.0,47177.0003095238,2015.999690476201,2015.999690476201,4064254.7520001386
2001-08-09 11:00:00,51544.0,49898.38636666668,1645.6136333333197,1645.6136333333197,2708044.2302124896
2001-08-09 12:00:00,52527.0,50926.74922380949,1600.2507761905072,1600.2507761905072,2560802.5466983207
2001-08-09 13:00:00,53654.0,51275.77759999988,2378.2224000001224,2378.2224000001224,5655941.783862342
2001-08-09 14:00:00,54030.0,51311.93419523795,2718.0658047620527,2718.0658047620527,7387881.719016786
2001-08-09 15:00:00,53631.0,51320.01962857128,2310.980371428719,2310.980371428719,5340630.27712882
2001-08-09 16:00:00,53618.0,51312.95482857128,2305.045171428719,2305.045171428719,5313233.242326854
2001-08-09 17:00:00,53455.0,51241.327557142715,2213.672442857285,2213.672442857285,4900345.68426574
2001-08-09 18:00:00,52868.0,50967.5596190475,1900.440380952503,1900.440380952503,3611673.6415548944
2001-08-09 19:00:00,51947.0,50719.631047618954,1227.3689523810463,1227.3689523810463,1506434.545268947
2001-08-09 20:00:00,52344.0,50379.27685714279,1964.7231428572122,1964.7231428572122,3860137.0280787214
2001-08-09 21:00:00,51163.0,49783.24557142856,1379.7544285714393,1379.7544285714393,1903722.283162499
2001-08-09 22:00:00,47650.0,49202.17536666668,-1552.1753666666773,1552.1753666666773,2409248.368886834
2001-08-09 23:00:00,44058.0,46412.820804761905,-2354.8208047619046,2354.8208047619046,5545181.022539504
2001-08-10 00:00:00,40662.0,41871.49663809522,-1209.4966380952173,1209.4966380952173,1462882.1175636332
2001-08-10 01:00:00,38621.0,37915.61697619045,705.383023809547,705.383023809547,497565.2102787
2001-08-10 02:00:00,36988.0,36412.183547619046,575.8164523809537,575.8164523809537,331564.58683258714
2001-08-10 03:00:00,35966.0,36464.91133683473,-498.9113368347316,498.9113368347316,248912.52202221905
2001-08-10 04:00:00,35613.0,35663.933394529464,-50.93339452946384,50.93339452946384,2594.210678294017
2001-08-10 05:00:00,36622.0,36179.85413290887,442.14586709113064,442.14586709113064,195492.96778576777
2001-08-10 06:00:00,38472.0,38344.095201587304,127.90479841269553,127.90479841269553,16359.637456992281
2001-08-10 07:00:00,41347.0,40268.76783809524,1078.232161904758,1078.232161904758,1162584.594965808
2001-08-10 08:00:00,44482.0,42644.35314285713,1837.6468571428704,1837.6468571428704,3376945.971567069
2001-08-10 09:00:00,47163.0,45274.93150476186,1888.0684952381416,1888.0684952381416,3564802.6427108203
2001-08-10 10:00:00,49410.0,47569.7213,1840.2787000000026,1840.2787000000026,3386625.6936736996
2001-08-10 11:00:00,51109.0,49739.32968095242,1369.6703190475819,1369.6703190475819,1875996.7828799046
2001-08-10 12:00:00,51907.0,50889.762304761876,1017.2376952381237,1017.2376952381237,1034772.5286133698
2001-08-10 13:00:00,52122.0,51307.231009523675,814.7689904763247,814.7689904763247,663848.5078418093
2001-08-10 14:00:00,50703.0,51357.24680476175,-654.2468047617513,654.2468047617513,428038.8815409611
2001-08-10 15:00:00,48723.0,51327.46237142843,-2604.4623714284317,2604.4623714284317,6783224.24418661
2001-08-10 16:00:00,47538.0,50009.4959857142,-2471.495985714202,2471.495985714202,6108292.4074014155
2001-08-10 17:00:00,46509.0,47246.14760952382,-737.1476095238177,737.1476095238177,543386.5982266788
2001-08-10 18:00:00,45206.0,45279.25338571425,-73.253385714248,73.253385714248,5366.058518600393
2001-08-10 19:00:00,43753.0,44158.240306493506,-405.24030649350607,405.24030649350607,164219.70600695073
2001-08-10 20:00:00,43541.0,43169.60293095241,371.3970690475908,371.3970690475908,137935.78289714092
2001-08-10 21:00:00,42027.0,42788.78642640693,-761.7864264069285,761.7864264069285,580318.5594578388
2001-08-10 22:00:00,39761.0,40286.03295238096,-525.0329523809633,525.0329523809633,275659.6010858708
2001-08-10 23:00:00,37034.0,37611.202919047624,-577.2029190476242,577.2029190476242,333163.2097570982
2001-08-11 00:00:00,34088.0,35348.70231904762,-1260.7023190476175,1260.7023190476175,1589370.3372520406
2001-08-11 01:00:00,32229.0,33360.24979277503,-1131.24979277503,1131.24979277503,1279726.0936535485
2001-08-11 02:00:00,31143.0,31519.10937142857,-376.10937142857074,376.10937142857074,141458.2592763946
2001-08-11 03:00:00,30221.0,31034.3154819838,-813.3154819837982,813.3154819837982,661482.0732345381
2001-08-11 04:00:00,29777.0,31117.776840225568,-1340.7768402255679,1340.7768402255679,1797682.535285258
2001-08-11 05:00:00,29952.0,30674.21562224783,-722.2156222478297,722.2156222478297,521595.4050188199
2001-08-11 06:00:00,30561.0,31234.224177694225,-673.2241776942246,673.2241776942246,453230.79343206494
2001-08-11 07:00:00,31596.0,32815.02640106179,-1219.0264010617902,1219.0264010617902,1486025.3664856607
2001-08-11 08:00:00,33825.0,34489.90417625551,-664.9041762555134,664.9041762555134,442097.5636020229
2001-08-11 09:00:00,36054.0,36395.200175704515,-341.20017570451455,341.20017570451455,116417.5599007916
2001-08-11 10:00:00,37533.0,37781.70128251406,-248.70128251406277,248.70128251406277,61852.32792413967
2001-08-11 11:00:00,38286.0,39141.104942258404,-855.1049422584038,855.1049422584038,731204.462274748
2001-08-11 12:00:00,38385.0,38849.06389255655,-464.06389255655085,464.06389255655085,215355.29637473798
2001-08-11 13:00:00,37929.0,38673.99756427507,-744.9975642750724,744.9975642750724,555021.3707757905
2001-08-11 14:00:00,37320.0,37871.403153652696,-551.4031536526963,551.4031536526963,304045.43785813905
2001-08-11 15:00:00,36471.0,37205.18398738603,-734.1839873860299,734.1839873860299,539026.1273340501
2001-08-11 16:00:00,35705.0,36281.40952442164,-576.4095244216369,576.4095244216369,332247.9398439776
2001-08-11 17:00:00,35167.0,35327.51116542108,-160.51116542107775,160.51116542107775,25763.834224832586
2001-08-11 18:00:00,34820.0,35036.891787428765,-216.89178742876538,216.89178742876538,47042.04745404475
2001-08-11 19:00:00,34539.0,34904.69070496962,-365.6907049696165,365.6907049696165,133729.6917011751
2001-08-11 20:00:00,35091.0,34786.564776486994,304.43522351300635,304.43522351300635,92680.80531541414
2001-08-11 21:00:00,34617.0,35729.12625564625,-1112.1262556462534,1112.1262556462534,1236824.8084977558
2001-08-11 22:00:00,32964.0,33831.55748016282,-867.5574801628172,867.5574801628172,752655.981386457
2001-08-11 23:00:00,30961.0,31236.43887047128,-275.4388704712801,275.4388704712801,75866.57136649461
2001-08-12 00:00:00,28855.0,29185.404167228677,-330.40416722867667,330.40416722867667,109166.91372207533
2001-08-12 01:00:00,27333.0,27749.16624727751,-416.1662472775097,416.1662472775097,173194.34537304533
2001-08-12 02:00:00,26362.0,26608.14796099845,-246.14796099844898,246.14796099844898,60588.81870369396
2001-08-12 03:00:00,26009.0,25931.60768349006,77.39231650994043,77.39231650994043,5989.570654774798
2001-08-12 04:00:00,25674.0,26020.19504518802,-346.1950451880184,346.1950451880184,119851.00931273411
2001-08-12 05:00:00,25782.0,26122.263670989458,-340.26367098945775,340.26367098945775,115779.36579522195
2001-08-12 06:00:00,26176.0,26861.993297721172,-685.993297721172,685.993297721172,470586.8045183685
2001-08-12 07:00:00,27045.0,27547.422402014457,-502.4224020144575,502.4224020144575,252428.27004597711
2001-08-12 08:00:00,29009.0,28998.133910579443,10.866089420556818,10.866089420556818,118.07189929553681
2001-08-12 09:00:00,31266.0,30996.58038844502,269.4196115549785,269.4196115549785,72586.92709043549
2001-08-12 10:00:00,32945.0,32642.03215150851,302.96784849149117,302.96784849149117,91789.51721956315
2001-08-12 11:00:00,34109.0,33953.49539178742,155.5046082125773,155.5046082125773,24181.683175347163
2001-08-12 12:00:00,34768.0,34552.43940952495,215.56059047504823,215.56059047504823,46466.368165951455
2001-08-12 13:00:00,35160.0,34926.41713887259,233.5828611274119,233.5828611274119,54560.95301246779
2001-08-12 14:00:00,35207.0,35391.54878073606,-184.54878073606233,184.54878073606233,34058.25247116721
2001-08-12 15:00:00,35425.0,35126.862504570745,298.13749542925507,298.13749542925507,88885.96618082908
2001-08-12 16:00:00,35788.0,35219.239175877905,568.7608241220951,568.7608241220951,323488.8750560448
2001-08-12 17:00:00,35972.0,35683.36851381097,288.6314861890278,288.6314861890278,83308.13481968694
2001-08-12 18:00:00,35989.0,35629.740316130345,359.2596838696554,359.2596838696554,129067.52045412475
2001-08-12 19:00:00,35896.0,35431.43457397811,464.5654260218871,464.5654260218871,215821.03505489745
2001-08-12 20:00:00,36413.0,35245.25844939194,1167.7415506080579,1167.7415506080579,1363620.3290165113
2001-08-12 21:00:00,35823.0,35528.948169397256,294.0518306027443,294.0518306027443,86466.47908082503
2001-08-12 22:00:00,33901.0,33995.77282161955,-94.77282161954645,94.77282161954645,8981.887717730371
2001-08-12 23:00:00,31519.0,31516.11048091989,2.8895190801085846,2.8895190801085846,8.349320514311561
2001-08-13 00:00:00,29479.0,29333.5902531586,145.4097468414002,145.4097468414002,21143.994476480093
2001-08-13 01:00:00,28036.0,27631.492731616916,404.507268383084,404.507268383084,163626.13017474435
2001-08-13 02:00:00,27292.0,27051.434904404494,240.56509559550614,240.56509559550614,57871.565218875
2001-08-13 03:00:00,26888.0,26788.975907821787,99.02409217821332,99.02409217821332,9805.770831719288
2001-08-13 04:00:00,27136.0,27065.315097822968,70.6849021770322,70.6849021770322,4996.355395776612
2001-08-13 05:00:00,28661.0,28367.2293974615,293.7706025385014,293.7706025385014,86301.16691583417
2001-08-13 06:00:00,31150.0,30571.015632448252,578.9843675517477,578.9843675517477,335222.8978692973
2001-08-13 07:00:00,33960.0,33847.63972756725,112.36027243275021,112.36027243275021,12624.830821161846
2001-08-13 08:00:00,36558.0,36219.86350137625,338.13649862375314,338.13649862375314,114336.29170153142
2001-08-13 09:00:00,38591.0,37637.98338798212,953.0166120178765,953.0166120178765,908240.6627820317
2001-08-13 10:00:00,40371.0,39477.132951826265,893.8670481737354,893.8670481737354,798998.299810827
2001-08-13 11:00:00,41737.0,41546.86208264156,190.1379173584428,190.1379173584428,36152.42761740602
2001-08-13 12:00:00,42704.0,42802.28446942988,-98.28446942987648,98.28446942987648,9659.836931112324
2001-08-13 13:00:00,43480.0,43442.29261897283,37.707381027168594,37.707381027168594,1421.846583928074
2001-08-13 14:00:00,43872.0,43890.039050093226,-18.03905009322625,18.03905009322625,325.407328265926
2001-08-13 15:00:00,44076.0,44059.46857295034,16.531427049660124,16.531427049660124,273.28808029823443
2001-08-13 16:00:00,43938.0,43882.14111228657,55.85888771343161,55.85888771343161,3120.215336581761
2001-08-13 17:00:00,43441.0,43173.73813571427,267.2618642857269,267.2618642857269,71428.90410148232
2001-08-13 18:00:00,42086.0,42013.49309789151,72.5069021084928,72.5069021084928,5257.250853370557
2001-08-13 19:00:00,40802.0,40989.93502434209,-187.93502434209222,187.93502434209222,35319.573374462794
2001-08-13 20:00:00,40859.0,40116.37843613387,742.6215638661306,742.6215638661306,551486.7871189775
2001-08-13 21:00:00,39271.0,39402.80253559013,-131.80253559013363,131.80253559013363,17371.908387988442
2001-08-13 22:00:00,36085.0,36284.85316169771,-199.8531616977125,199.8531616977125,39941.286240572015
2001-08-13 23:00:00,32832.0,32872.439433154585,-40.43943315458455,40.43943315458455,1635.347753864112
2001-08-14 00:00:00,30104.0,30291.764484704712,-187.76448470471223,187.76448470471223,35255.501716426115
2001-08-14 01:00:00,28374.0,28165.47039902046,208.52960097953837,208.52960097953837,43484.59448468549
2001-08-14 02:00:00,27116.0,27199.627995933097,-83.62799593309683,83.62799593309683,6993.641703786059
2001-08-14 03:00:00,26479.0,26434.043568325815,44.956431674185296,44.956431674185296,2021.080748875691
2001-08-14 04:00:00,26634.0,26404.347779971562,229.65222002843802,229.65222002843802,52740.14216399011
2001-08-14 05:00:00,27949.0,27782.95819113408,166.04180886592076,166.04180886592076,27569.88229146696
2001-08-14 06:00:00,30226.0,30494.74635728255,-268.7463572825509,268.7463572825509,72224.60455264049
2001-08-14 07:00:00,32655.0,33048.682873731566,-393.68287373156636,393.68287373156636,154986.20506954443
2001-08-14 08:00:00,35092.0,35554.9156041334,-462.91560413339903,462.91560413339903,214290.8565501898
2001-08-14 09:00:00,37326.0,37375.01143778855,-49.01143778854748,49.01143778854748,2402.12103410066
2001-08-14 10:00:00,39199.0,39134.47382287699,64.52617712300707,64.52617712300707,4163.627534109682
2001-08-14 11:00:00,41075.0,40687.877680641606,387.1223193583937,387.1223193583937,149863.69014542218
2001-08-14 12:00:00,42122.0,42224.504401630395,-102.50440163039457,102.50440163039457,10507.152353605237
2001-08-14 13:00:00,43033.0,43046.206695965266,-13.20669596526568,13.20669596526568,174.4168183189648
2001-08-14 14:00:00,43658.0,43675.568212125116,-17.56821212511568,17.56821212511568,308.64207727306155
2001-08-14 15:00:00,44083.0,44047.39502925081,35.604970749191125,35.604970749191125,1267.7139420507556
2001-08-14 16:00:00,44273.0,44135.62640808069,137.37359191931318,137.37359191931318,18871.50375681399
2001-08-14 17:00:00,43877.0,43919.48672341267,-42.48672341267229,42.48672341267229,1805.1216663449159
2001-08-14 18:00:00,42955.0,42683.6732936147,271.32670638529817,271.32670638529817,73618.1815978938
2001-08-14 19:00:00,42548.0,41637.605520446275,910.3944795537245,910.3944795537245,828818.1084018969
2001-08-14 20:00:00,40755.0,41354.251350508355,-599.2513505083552,599.2513505083552,359102.18108608766
2001-08-14 21:00:00,38957.0,39939.75776404554,-982.757764045542,982.757764045542,965812.8227917932
2001-08-14 22:00:00,35776.0,35965.23939696968,-189.23939696967864,189.23939696967864,35811.549365447616
2001-08-14 23:00:00,32352.0,32609.149915724956,-257.1499157249564,257.1499157249564,66126.07915735217
2001-08-15 00:00:00,29645.0,29642.0644128218,2.9355871781990572,2.9355871781990572,8.617672080806704
2001-08-15 01:00:00,27706.0,27956.82385292277,-250.82385292277104,250.82385292277104,62912.605195023876
2001-08-15 02:00:00,26564.0,26637.506445995623,-73.50644599562293,73.50644599562293,5403.197602907429
2001-08-15 03:00:00,26001.0,25908.831059176435,92.16894082356521,92.16894082356521,8495.113652537866
2001-08-15 04:00:00,26013.0,25927.30341601433,85.69658398567117,85.69658398567117,7343.904506813192
2001-08-15 05:00:00,27291.0,26957.814221156725,333.18577884327533,333.18577884327533,111012.76322339998
2001-08-15 06:00:00,29671.0,29419.946970958936,251.0530290410643,251.0530290410643,63027.62339069347
2001-08-15 07:00:00,32272.0,32127.398704886844,144.60129511315608,144.60129511315608,20909.534548402058
2001-08-15 08:00:00,34680.0,34835.994659025106,-155.99465902510565,155.99465902510565,24334.333644358976
2001-08-15 09:00:00,36844.0,36626.83171670909,217.1682832909064,217.1682832909064,47162.06326751938
2001-08-15 10:00:00,38770.0,38705.27224712826,64.72775287173863,64.72775287173863,4189.681991824868
2001-08-15 11:00:00,40208.0,39981.328586080585,226.6714139194155,226.6714139194155,51379.929888226994
2001-08-15 12:00:00,41183.0,41268.01763436626,-85.01763436626061,85.01763436626061,7227.998153235177
2001-08-15 13:00:00,42377.0,42118.206964770165,258.79303522983537,258.79303522983537,66973.83508347081
2001-08-15 14:00:00,42996.0,42912.98234923863,83.01765076137235,83.01765076137235,6891.930337937188
2001-08-15 15:00:00,43368.0,43599.714194482774,-231.71419448277447,231.71419448277447,53691.46792480103
2001-08-15 16:00:00,43638.0,43514.63290998446,123.36709001554118,123.36709001554118,15219.438898902641
2001-08-15 17:00:00,43070.0,43414.48237467502,-344.48237467501895,344.48237467501895,118668.10646174013
2001-08-15 18:00:00,41673.0,41783.03261525035,-110.03261525034759,110.03261525034759,12107.176418831024
2001-08-15 19:00:00,39896.0,40364.80967237156,-468.8096723715571,468.8096723715571,219782.50890912671
2001-08-15 20:00:00,39973.0,39106.92495532059,866.0750446794118,866.0750446794118,750085.9830164452
2001-08-15 21:00:00,38458.0,39019.81574539273,-561.815745392727,561.815745392727,315636.9317711854
2001-08-15 22:00:00,35068.0,35457.827476190505,-389.82747619050497,389.82747619050497,151965.46119305873
2001-08-15 23:00:00,31792.0,32126.052739756393,-334.05273975639284,334.05273975639284,111591.23293875232
2001-08-16 00:00:00,29082.0,29115.53012622965,-33.530126229648886,33.530126229648886,1124.2693649761882
2001-08-16 01:00:00,27126.0,27186.259491003344,-60.25949100334401,60.25949100334401,3631.206255982098
2001-08-16 02:00:00,25916.0,26120.30994055326,-204.30994055325937,204.30994055325937,41742.55180887638
2001-08-16 03:00:00,25266.0,25282.690620281865,-16.69062028186454,16.69062028186454,278.57680539338793
2001-08-16 04:00:00,25306.0,25216.52085146616,89.47914853383918,89.47914853383918,8006.518022340854
2001-08-16 05:00:00,26766.0,26394.33468627452,371.6653137254798,371.6653137254798,138135.1054266593
2001-08-16 06:00:00,29094.0,28987.668887078584,106.3311129214162,106.3311129214162,11306.305575106964
2001-08-16 07:00:00,32040.0,31745.392965481587,294.60703451841255,294.60703451841255,86793.30478773313
2001-08-16 08:00:00,34399.0,34732.08304218468,-333.08304218467674,333.08304218467674,110944.31299099914
2001-08-16 09:00:00,36617.0,36198.42765267939,418.57234732060897,418.57234732060897,175202.8099414845
2001-08-16 10:00:00,38629.0,38344.49508015669,284.50491984331165,284.50491984331165,80943.04941504919
2001-08-16 11:00:00,40293.0,39954.19995216889,338.8000478311078,338.8000478311078,114785.47241036093
2001-08-16 12:00:00,41586.0,41057.720423627135,528.2795763728645,528.2795763728645,279079.3108126932
2001-08-16 13:00:00,42989.0,42290.875615577745,698.1243844222554,698.1243844222554,487377.656124953
2001-08-16 14:00:00,43729.0,43610.025897004205,118.97410299579496,118.97410299579496,14154.837183654028
2001-08-16 15:00:00,44261.0,44060.686250803665,200.31374919633527,200.31374919633527,40125.598117092304
2001-08-16 16:00:00,44523.0,44169.95990386004,353.0400961399573,353.0400961399573,124637.3094825103
2001-08-16 17:00:00,44100.0,44219.18089761902,-119.18089761902229,119.18089761902229,14204.086357275874
2001-08-16 18:00:00,42505.0,43019.92538928569,-514.9253892856868,514.9253892856868,265148.1565310161
2001-08-16 19:00:00,40819.0,41172.67494127135,-353.67494127134705,353.67494127134705,125085.96408329079
2001-08-16 20:00:00,40995.0,40293.475128561644,701.5248714383561,701.5248714383561,492137.145246602
2001-08-16 21:00:00,39572.0,40196.71161516952,-624.7116151695227,624.7116151695227,390264.60212771385
2001-08-16 22:00:00,36589.0,36656.090471428564,-67.09047142856434,67.09047142856434,4501.131356507009
2001-08-16 23:00:00,33435.0,33467.04549658121,-32.04549658120959,32.04549658120959,1026.9138511363155
2001-08-17 00:00:00,30843.0,30562.783229966455,280.2167700335449,280.2167700335449,78521.43820803259
2001-08-17 01:00:00,29055.0,28814.622179341313,240.3778206586867,240.3778206586867,57781.49666461974
2001-08-17 02:00:00,28036.0,27850.32118104466,185.67881895534083,185.67881895534083,34476.623808650234
2001-08-17 03:00:00,27582.0,27301.63718165413,280.36281834587135,280.36281834587135,78603.30991084005
2001-08-17 04:00:00,27746.0,27501.95979164614,244.0402083538611,244.0402083538611,59555.62329339593
2001-08-17 05:00:00,29021.0,28588.623893056156,432.3761069438442,432.3761069438442,186949.0978559146
2001-08-17 06:00:00,31602.0,31053.515061718677,548.4849382813227,548.4849382813227,300835.7275214664
2001-08-17 07:00:00,34095.0,34405.47760419807,-310.4776041980731,310.4776041980731,96396.34270857534
2001-08-17 08:00:00,36734.0,36491.4600817555,242.5399182445035,242.5399182445035,58825.61194205044
2001-08-17 09:00:00,38673.0,38750.27743703842,-77.27743703842134,77.27743703842134,5971.8022752271745
2001-08-17 10:00:00,40368.0,40457.364631144665,-89.3646311446646,89.3646311446646,7986.0372996219585
2001-08-17 11:00:00,41184.0,41652.96522871574,-468.9652287157369,468.9652287157369,219928.3857444034
2001-08-17 12:00:00,41984.0,42146.78710706248,-162.7871070624824,162.7871070624824,26499.642225772106
2001-08-17 13:00:00,43103.0,42860.10889625533,242.8911037446669,242.8911037446669,58996.088278302544
2001-08-17 14:00:00,44133.0,43766.981165817175,366.01883418282523,366.01883418282523,133969.78697655452
2001-08-17 15:00:00,45029.0,44438.65861575925,590.3413842407535,590.3413842407535,348502.949947289
2001-08-17 16:00:00,45399.0,44872.57248533836,526.4275146616419,526.4275146616419,277125.9281928332
2001-08-17 17:00:00,44890.0,44832.24515952381,57.75484047619102,57.75484047619102,3335.6215984302726
2001-08-17 18:00:00,43417.0,43846.03819416139,-429.0381941613887,429.0381941613887,184073.77204926545
2001-08-17 19:00:00,41648.0,42092.31445584523,-444.31445584523317,444.31445584523317,197415.33567304566
2001-08-17 20:00:00,41440.0,41194.176372452675,245.82362754732458,245.82362754732458,60429.25586052576
2001-08-17 21:00:00,40101.0,40271.34258940045,-170.34258940044674,170.34258940044674,29016.59776364919
2001-08-17 22:00:00,36881.0,37258.140314285716,-377.14031428571616,377.14031428571616,142234.81665952876
2001-08-17 23:00:00,33407.0,33950.28433699633,-543.2843369963302,543.2843369963302,295157.87082554214
2001-08-18 00:00:00,30339.0,30769.007990150294,-430.00799015029406,430.00799015029406,184906.8715930954
2001-08-18 01:00:00,28204.0,28600.95094873289,-396.95094873289054,396.95094873289054,157570.0556999419
2001-08-18 02:00:00,26784.0,27114.48669975793,-330.4866997579302,330.4866997579302,109221.45871688829
2001-08-18 03:00:00,25566.0,26144.363980958955,-578.3639809589549,578.3639809589549,334504.8944706904
2001-08-18 04:00:00,25074.0,25477.997548199386,-403.9975481993861,403.9975481993861,163214.0189511153
2001-08-18 05:00:00,25126.0,25668.250688773453,-542.2506887734526,542.2506887734526,294035.8094752837
2001-08-18 06:00:00,25427.0,26261.607415010345,-834.607415010345,834.607415010345,696569.5371902502
2001-08-18 07:00:00,26896.0,26948.619335934894,-52.61933593489448,52.61933593489448,2768.7945142292774
2001-08-18 08:00:00,30040.0,29593.066307452773,446.9336925472271,446.9336925472271,199749.72553389933
2001-08-18 09:00:00,32968.0,32899.777650503995,68.22234949600534,68.22234949600534,4654.288970755099
2001-08-18 10:00:00,35125.0,35105.66282145223,19.337178547772055,19.337178547772055,373.92647418841574
2001-08-18 11:00:00,36553.0,36717.36920267779,-164.3692026777935,164.3692026777935,27017.23478893356
2001-08-18 12:00:00,37301.0,37619.02988081142,-318.02988081141666,318.02988081141666,101143.00508892389
2001-08-18 13:00:00,37713.0,38055.68146065422,-342.6814606542175,342.6814606542175,117430.58347610803
2001-08-18 14:00:00,37826.0,38180.938466909014,-354.9384669090141,354.9384669090141,125981.3152917213
2001-08-18 15:00:00,37986.0,38124.325820929786,-138.32582092978555,138.32582092978555,19134.032735899098
2001-08-18 16:00:00,37912.0,37998.06974264086,-86.06974264085875,86.06974264085875,7408.0005982636585
2001-08-18 17:00:00,37417.0,37820.3866415053,-403.38664150529803,403.38664150529803,162720.78254492383
2001-08-18 18:00:00,36509.0,36767.1330648674,-258.1330648673975,258.1330648673975,66632.67917783603
2001-08-18 19:00:00,35865.0,35757.89331054901,107.10668945099314,107.10668945099314,11471.842925151486
2001-08-18 20:00:00,36432.0,35278.03633522031,1153.963664779687,1153.963664779687,1331632.1396317657
2001-08-18 21:00:00,35471.0,35921.524383366785,-450.5243833667846,450.5243833667846,202972.2200080215
2001-08-18 22:00:00,33333.0,33238.02962173208,94.97037826792075,94.97037826792075,9019.372748351954
2001-08-18 23:00:00,30868.0,30726.057439475742,141.94256052425771,141.94256052425771,20147.690488182565
2001-08-19 00:00:00,28556.0,28280.561536885925,275.4384631140747,275.4384631140747,75866.34696264348
2001-08-19 01:00:00,26753.0,26671.30153217034,81.69846782966124,81.69846782966124,6674.639645714193
2001-08-19 02:00:00,25635.0,25662.30974800151,-27.309748001509433,27.309748001509433,745.8223359059485
2001-08-19 03:00:00,24701.0,24970.203571971804,-269.2035719718042,269.2035719718042,72470.56316237836
2001-08-19 04:00:00,24295.0,24326.561428115725,-31.561428115724993,31.561428115724993,996.1237447040761
2001-08-19 05:00:00,24241.0,24526.721848595767,-285.72184859576737,285.72184859576737,81636.97476498262
2001-08-19 06:00:00,24268.0,24683.70022603852,-415.70022603851976,415.70022603851976,172806.67792847642
2001-08-19 07:00:00,25164.0,25133.920878536628,30.079121463371848,30.079121463371848,904.753548008277
2001-08-19 08:00:00,27625.0,27439.70229204402,185.2977079559787,185.2977079559787,34335.24057373917
2001-08-19 09:00:00,30187.0,30118.778198336797,68.22180166320322,68.22180166320322,4654.214222173438
2001-08-19 10:00:00,32466.0,32375.654469795787,90.34553020421299,90.34553020421299,8162.314827880362
2001-08-19 11:00:00,34039.0,33894.63063977984,144.36936022016016,144.36936022016016,20842.512170378362
2001-08-19 12:00:00,34878.0,35117.683826709566,-239.68382670956635,239.68382670956635,57448.33678614143
2001-08-19 13:00:00,35238.0,35533.31731919999,-295.31731919998856,295.31731919998856,87212.31901946793
2001-08-19 14:00:00,35473.0,35718.36356047811,-245.3635604781084,245.3635604781084,60203.27681049436
2001-08-19 15:00:00,35638.0,35811.95737960899,-173.95737960898987,173.95737960898987,30261.169920426204
2001-08-19 16:00:00,36120.0,35954.92506916732,165.07493083267764,165.07493083267764,27249.732789413305
2001-08-19 17:00:00,36162.0,36218.802153145436,-56.80215314543602,56.80215314543602,3226.4846019575675
2001-08-19 18:00:00,35770.0,35820.98591663479,-50.98591663478874,50.98591663478874,2599.563695089627
2001-08-19 19:00:00,35471.0,35093.43589075563,377.5641092443693,377.5641092443693,142554.65658949406
2001-08-19 20:00:00,36615.0,34853.35834040959,1761.6416595904084,1761.6416595904084,3103381.336804448
2001-08-19 21:00:00,35893.0,35974.655329966954,-81.65532996695401,81.65532996695401,6667.592912012138
2001-08-19 22:00:00,33710.0,34159.07985721924,-449.0798572192434,449.0798572192434,201672.71816005607
2001-08-19 23:00:00,31480.0,31091.75646454342,388.2435354565787,388.2435354565787,150733.04282382366
2001-08-20 00:00:00,29433.0,29228.122570894895,204.87742910510497,204.87742910510497,41974.76095671731
2001-08-20 01:00:00,28000.0,27563.869875317312,436.1301246826879,436.1301246826879,190209.48565573688
2001-08-20 02:00:00,27071.0,26949.993187660646,121.00681233935393,121.00681233935393,14642.648632531618
2001-08-20 03:00:00,26783.0,26685.018713908914,97.98128609108608,97.98128609108608,9600.332424063257
2001-08-20 04:00:00,26935.0,26882.155498522185,52.844501477815356,52.844501477815356,2792.5413364388296
2001-08-20 05:00:00,28506.0,28154.478653708196,351.52134629180364,351.52134629180364,123567.25689880214
2001-08-20 06:00:00,31266.0,30586.40729392125,679.5927060787508,679.5927060787508,461846.24615543935
2001-08-20 07:00:00,33968.0,33772.68218247854,195.31781752146344,195.31781752146344,38149.04984134769
2001-08-20 08:00:00,36589.0,36395.203017171734,193.79698282826575,193.79698282826575,37557.270553339134
2001-08-20 09:00:00,38913.0,37819.62492383739,1093.375076162607,1093.375076162607,1195469.0571735867
2001-08-20 10:00:00,41136.0,39900.03426125958,1235.9657387404222,1235.9657387404222,1527611.3073401577
2001-08-20 11:00:00,42669.0,42294.06177871575,374.93822128424654,374.93822128424654,140578.6697797946
2001-08-20 12:00:00,43686.0,43579.45861183359,106.54138816641353,106.54138816641353,11351.0673924264
2001-08-20 13:00:00,44588.0,44690.38096110606,-102.38096110605693,102.38096110605693,10481.861196999942
2001-08-20 14:00:00,45238.0,45160.53496071429,77.46503928570746,77.46503928570746,6000.832311536201
2001-08-20 15:00:00,45587.0,45451.63965238092,135.3603476190765,135.3603476190765,18322.423707557227
2001-08-20 16:00:00,45676.0,45478.590928571444,197.40907142855576,197.40907142855576,38970.34148228463
2001-08-20 17:00:00,45317.0,45099.68686190476,217.31313809524,217.31313809524,47224.999988800846
2001-08-20 18:00:00,43762.0,44366.24460840274,-604.2446084027397,604.2446084027397,365111.5467837802
2001-08-20 19:00:00,42221.0,42733.25698692417,-512.2569869241706,512.2569869241706,262407.2206526299
2001-08-20 20:00:00,42005.0,41545.04094406245,459.95905593755015,459.95905593755015,211562.3331389624
2001-08-20 21:00:00,40339.0,40923.39634596342,-584.3963459634178,584.3963459634178,341519.08917539474
2001-08-20 22:00:00,36642.0,37116.9665236025,-474.966523602503,474.966523602503,225593.19854304704
2001-08-20 23:00:00,32986.0,33582.64096642244,-596.6409664224411,596.6409664224411,355980.44281350455
2001-08-21 00:00:00,30279.0,30448.10322286521,-169.10322286521114,169.10322286521114,28595.89998340127
2001-08-21 01:00:00,28489.0,28523.046637670715,-34.04663767071543,34.04663767071543,1159.1735366809787
2001-08-21 02:00:00,27230.0,27290.574956739118,-60.574956739117624,60.574956739117624,3669.3253839459717
2001-08-21 03:00:00,26450.0,26474.213464133823,-24.213464133823436,24.213464133823436,586.2918453599539
2001-08-21 04:00:00,26335.0,26301.325440506556,33.67455949344367,33.67455949344367,1133.975957077477
2001-08-21 05:00:00,27631.0,27407.993261904783,223.00673809521686,223.00673809521686,49732.005235868644
2001-08-21 06:00:00,29808.0,30031.09363598015,-223.09363598014897,223.09363598014897,49770.770414843224
2001-08-21 07:00:00,32345.0,32258.07350890011,86.92649109988997,86.92649109988997,7556.2148549392505
2001-08-21 08:00:00,34647.0,34939.3169982324,-292.3169982324034,292.3169982324034,85449.22745560294
2001-08-21 09:00:00,36540.0,36509.706115440364,30.293884559636354,30.293884559636354,917.7194417125738
2001-08-21 10:00:00,38304.0,38149.405495879444,154.59450412055594,154.59450412055594,23899.460704280587
2001-08-21 11:00:00,39582.0,39328.41541162491,253.58458837508806,253.58458837508806,64305.143461362844
2001-08-21 12:00:00,40465.0,40516.26695342768,-51.266953427679255,51.266953427679255,2628.300513755834
2001-08-21 13:00:00,41104.0,41086.14844347873,17.85155652127287,17.85155652127287,318.6780702321999
2001-08-21 14:00:00,41534.0,41903.478654044666,-369.47865404466575,369.47865404466575,136514.4757946578
2001-08-21 15:00:00,41786.0,41801.81775238094,-15.817752380942693,15.817752380942693,250.20129038481824
2001-08-21 16:00:00,41967.0,42097.83418780358,-130.83418780357897,130.83418780357897,17117.584698222174
2001-08-21 17:00:00,41658.0,41544.00248431077,113.99751568923239,113.99751568923239,12995.433583316784
2001-08-21 18:00:00,40442.0,40310.66681633125,131.33318366875028,131.33318366875028,17248.405132569696
2001-08-21 19:00:00,38774.0,39103.652810682426,-329.6528106824262,329.6528106824262,108670.97559082354
2001-08-21 20:00:00,39150.0,37822.123143801306,1327.8768561986944,1327.8768561986944,1763256.9452281282
2001-08-21 21:00:00,37616.0,38215.23150938544,-599.2315093854413,599.2315093854413,359078.40184035426
2001-08-21 22:00:00,34503.0,34622.3845038961,-119.3845038961008,119.3845038961008,14252.659770518107
2001-08-21 23:00:00,31249.0,31699.335269660234,-450.3352696602342,450.3352696602342,202801.85509995584
2001-08-22 00:00:00,28729.0,28401.308463360197,327.6915366398025,327.6915366398025,107381.74318535502
2001-08-22 01:00:00,26863.0,26978.71362190296,-115.71362190295986,115.71362190295986,13389.642293901152
2001-08-22 02:00:00,25767.0,25848.536844443002,-81.53684444300234,81.53684444300234,6648.257001722362
2001-08-22 03:00:00,25207.0,25120.69097118231,86.30902881768998,86.30902881768998,7449.248455452839
2001-08-22 04:00:00,25261.0,25234.613685877426,26.386314122573822,26.386314122573822,696.2375729751387
2001-08-22 05:00:00,26643.0,26375.192609595964,267.8073904040357,267.8073904040357,71720.79835501958
2001-08-22 06:00:00,28889.0,29225.998627072906,-336.99862707290595,336.99862707290595,113568.07464902353
2001-08-22 07:00:00,31452.0,31614.19243102689,-162.19243102689143,162.19243102689143,26306.384682412932
2001-08-22 08:00:00,34178.0,34179.660642062576,-1.6606420625757892,1.6606420625757892,2.757732059995971
2001-08-22 09:00:00,36615.0,35925.78852323645,689.2114767635503,689.2114767635503,475012.45970259386
2001-08-22 10:00:00,38499.0,38252.1197249768,246.88027502319892,246.88027502319892,60949.87019553033
2001-08-22 11:00:00,40051.0,39805.37964754193,245.62035245807056,245.62035245807056,60329.35754162681
2001-08-22 12:00:00,41048.0,40879.80069649302,168.1993035069827,168.1993035069827,28291.00570023408
2001-08-22 13:00:00,41979.0,42003.947017911436,-24.947017911435978,24.947017911435978,622.3537026735075
2001-08-22 14:00:00,42629.0,42756.55665699398,-127.5566569939765,127.5566569939765,16270.700743478974
2001-08-22 15:00:00,43142.0,42985.78964764865,156.2103523513506,156.2103523513506,24401.674181733102
2001-08-22 16:00:00,43516.0,43339.00258143765,176.9974185623505,176.9974185623505,31328.0861777359
2001-08-22 17:00:00,43083.0,43157.57529285719,-74.5752928571892,74.5752928571892,5561.474304735534
2001-08-22 18:00:00,41666.0,41923.97205588749,-257.97205588749057,257.97205588749057,66549.58161881856
2001-08-22 19:00:00,39966.0,40479.70027715651,-513.7002771565094,513.7002771565094,263887.97475067456
2001-08-22 20:00:00,40112.0,39469.81664245069,642.1833575493074,642.1833575493074,412399.46471330157
2001-08-22 21:00:00,38494.0,39264.45567572726,-770.4556757272585,770.4556757272585,593601.9482603465
2001-08-22 22:00:00,35172.0,35470.17210952382,-298.1721095238172,298.1721095238172,88906.60689788323
2001-08-22 23:00:00,31919.0,32122.9267062806,-203.92670628059932,203.92670628059932,41586.101534453825
2001-08-23 00:00:00,29573.0,29342.951606985513,230.04839301448737,230.04839301448737,52922.263128548046
2001-08-23 01:00:00,27714.0,27916.43785257458,-202.43785257458148,202.43785257458148,40981.084155007986
2001-08-23 02:00:00,26549.0,26748.092376354478,-199.0923763544779,199.0923763544779,39637.774322473066
2001-08-23 03:00:00,25846.0,25904.59148314585,-58.59148314585036,58.59148314585036,3432.961897230467
2001-08-23 04:00:00,26004.0,25723.053660264835,280.94633973516466,280.94633973516466,78930.84581058656
2001-08-23 05:00:00,27340.0,26896.004821219074,443.9951787809259,443.9951787809259,197131.71878070637
2001-08-23 06:00:00,29727.0,29677.811962611053,49.18803738894712,49.18803738894712,2419.46302217646
2001-08-23 07:00:00,32596.0,32323.326842800772,272.6731571992277,272.6731571992277,74350.65065699475
2001-08-23 08:00:00,34614.0,35186.39126814351,-572.3912681435104,572.3912681435104,327631.763846936
2001-08-23 09:00:00,36532.0,36465.05781619735,66.94218380264647,66.94218380264647,4481.255972267303
2001-08-23 10:00:00,38553.0,38047.022002593585,505.97799740641494,505.97799740641494,256013.73385940606
2001-08-23 11:00:00,40021.0,39834.00109617881,186.99890382119338,186.99890382119338,34968.590030327934
2001-08-23 12:00:00,40797.0,40841.622367239164,-44.622367239164305,44.622367239164305,1991.1556580268439
2001-08-23 13:00:00,41242.0,41628.743689616545,-386.74368961654545,386.74368961654545,149570.68145821884
2001-08-23 14:00:00,41343.0,41742.012748762325,-399.0127487623249,399.0127487623249,159211.17367486624
2001-08-23 15:00:00,41100.0,41597.82686293995,-497.82686293995357,497.82686293995357,247831.5854646353
2001-08-23 16:00:00,40739.0,41050.8384920635,-311.83849206349987,311.83849206349987,97243.24513243747
2001-08-23 17:00:00,40172.0,39796.07621025104,375.92378974895837,375.92378974895837,141318.69569921907
2001-08-23 18:00:00,39194.0,38679.37498557515,514.6250144248479,514.6250144248479,264838.9054717749
2001-08-23 19:00:00,38881.0,38110.178545674964,770.821454325036,770.821454325036,594165.7144477636
2001-08-23 20:00:00,38923.0,38051.249468342925,871.750531657075,871.750531657075,759948.989444393
2001-08-23 21:00:00,37353.0,37952.094480107015,-599.0944801070145,599.0944801070145,358914.196094694
2001-08-23 22:00:00,34435.0,34317.4348047619,117.5651952381013,117.5651952381013,13821.575131372876
2001-08-23 23:00:00,31561.0,31626.318470563205,-65.31847056320476,65.31847056320476,4266.502596716246
2001-08-24 00:00:00,29063.0,29210.39425496614,-147.39425496614058,147.39425496614058,21725.066397023656
2001-08-24 01:00:00,27384.0,27263.218722749167,120.78127725083323,120.78127725083323,14588.116934342645
2001-08-24 02:00:00,26166.0,26258.633007128843,-92.63300712884302,92.63300712884302,8580.87400973228
2001-08-24 03:00:00,25573.0,25528.637612737642,44.362387262357515,44.362387262357515,1968.0214036153802
2001-08-24 04:00:00,25777.0,25628.026950495903,148.9730495040967,148.9730495040967,22192.969478550047
2001-08-24 05:00:00,27049.0,26858.39487857139,190.60512142860898,190.60512142860898,36330.31231481477
2001-08-24 06:00:00,29400.0,29353.316502878377,46.68349712162308,46.68349712162308,2179.34890350459
2001-08-24 07:00:00,31835.0,31918.209967459883,-83.20996745988305,83.20996745988305,6923.898684674796
2001-08-24 08:00:00,34108.0,34340.80704734894,-232.80704734894243,232.80704734894243,54199.12129533273
2001-08-24 09:00:00,36151.0,35715.680488159735,435.3195118402655,435.3195118402655,189503.07738884704
2001-08-24 10:00:00,38165.0,37538.90664392605,626.0933560739504,626.0933560739504,391992.89051994245
2001-08-24 11:00:00,39456.0,39217.044929177915,238.95507082208496,238.95507082208496,57099.52587158764
2001-08-24 12:00:00,40444.0,40410.63653274074,33.36346725925978,33.36346725925978,1113.120947559699
2001-08-24 13:00:00,41579.0,41123.306341531286,455.6936584687137,455.6936584687137,207656.71036860067
2001-08-24 14:00:00,42296.0,42057.675227727486,238.32477227251366,238.32477227251366,56798.69707874549
2001-08-24 15:00:00,42541.0,42756.44343793755,-215.44343793755252,215.44343793755252,46415.874950352045
2001-08-24 16:00:00,42580.0,42712.25475599099,-132.25475599098718,132.25475599098718,17491.32048223556
2001-08-24 17:00:00,42096.0,42240.38608643577,-144.38608643577027,144.38608643577027,20847.341956237724
2001-08-24 18:00:00,40461.0,40919.79319002443,-458.79319002442935,458.79319002442935,210491.19121279215
2001-08-24 19:00:00,38845.0,39185.263613439245,-340.2636134392451,340.2636134392451,115779.32663073202
2001-08-24 20:00:00,38852.0,38070.97469906611,781.0253009338921,781.0253009338921,610000.5206988768
2001-08-24 21:00:00,37221.0,37790.84494232924,-569.8449423292404,569.8449423292404,324723.25829821534
2001-08-24 22:00:00,34347.0,34277.81503223443,69.18496776557004,69.18496776557004,4786.559764722965
2001-08-24 23:00:00,31447.0,31532.608559524226,-85.60855952422571,85.60855952422571,7328.8254638128965
2001-08-25 00:00:00,28815.0,29166.19108125923,-351.19108125922867,351.19108125922867,123335.17555602615
2001-08-25 01:00:00,26907.0,27103.53812320652,-196.53812320651923,196.53812320651923,38627.233873540936
2001-08-25 02:00:00,25659.0,25838.2348274717,-179.23482747170056,179.23482747170056,32125.123378810265
2001-08-25 03:00:00,24889.0,24995.761048322198,-106.7610483221979,106.7610483221979,11397.921438854673
2001-08-25 04:00:00,24389.0,24470.81312614328,-81.81312614327908,81.81312614327908,6693.387609336094
2001-08-25 05:00:00,24688.0,24618.09731209406,69.90268790593836,69.90268790593836,4886.385776475022
2001-08-25 06:00:00,25122.0,25196.093059187933,-74.09305918793325,74.09305918793325,5489.78141982658
2001-08-25 07:00:00,26447.0,26712.714592764074,-265.71459276407404,265.71459276407404,70604.24480777771
2001-08-25 08:00:00,29169.0,29117.386547692076,51.61345230792358,51.61345230792358,2663.948459142302
2001-08-25 09:00:00,31649.0,31794.52107382646,-145.52107382646136,145.52107382646136,21176.382927606417
2001-08-25 10:00:00,33626.0,33584.51072726602,41.48927273398294,41.48927273398294,1721.3597519948205
2001-08-25 11:00:00,34620.0,35221.853078059874,-601.853078059874,601.853078059874,362227.1275701447
2001-08-25 12:00:00,35190.0,35488.236261023434,-298.23626102343405,298.23626102343405,88944.86738923789
2001-08-25 13:00:00,35270.0,35699.37084069385,-429.3708406938531,429.3708406938531,184359.31883814617
2001-08-25 14:00:00,35548.0,35770.16391421064,-222.16391421064327,222.16391421064327,49356.80477739406
2001-08-25 15:00:00,35640.0,35921.315703088505,-281.31570308850496,281.31570308850496,79138.52480417988
2001-08-25 16:00:00,35883.0,36128.76705581076,-245.76705581075657,245.76705581075657,60401.44572188754
2001-08-25 17:00:00,35611.0,36081.50623612751,-470.50623612751224,470.50623612751224,221376.1182348783
2001-08-25 18:00:00,34407.0,35390.724854159744,-983.7248541597437,983.7248541597437,967714.588691609
2001-08-25 19:00:00,33125.0,33888.36129075813,-763.3612907581264,763.3612907581264,582720.4602279129
2001-08-25 20:00:00,33447.0,32898.25394226755,548.7460577324528,548.7460577324528,301122.23587690835
2001-08-25 21:00:00,32193.0,33128.030262343935,-935.0302623439347,935.0302623439347,874281.5914989674
2001-08-25 22:00:00,30074.0,30304.280119692277,-230.28011969227737,230.28011969227737,53028.93352548959
2001-08-25 23:00:00,27759.0,27714.237977233755,44.76202276624463,44.76202276624463,2003.6386821258022
2001-08-26 00:00:00,25580.0,25272.321219552814,307.678780447186,307.678780447186,94666.23193746769
2001-08-26 01:00:00,24000.0,23872.1960077107,127.80399228930037,127.80399228930037,16333.860445083548
2001-08-26 02:00:00,22920.0,23077.780570984523,-157.78057098452337,157.78057098452337,24894.708580202216
2001-08-26 03:00:00,22179.0,22252.735277933567,-73.73527793356698,73.73527793356698,5436.891211940369
2001-08-26 04:00:00,21909.0,21905.52787070628,3.472129293721082,3.472129293721082,12.05568183231606
2001-08-26 05:00:00,21915.0,22103.859369132868,-188.85936913286787,188.85936913286787,35667.861309264845
2001-08-26 06:00:00,22059.0,22390.879471769407,-331.87947176940725,331.87947176940725,110143.98378194078
2001-08-26 07:00:00,22676.0,23361.251716476556,-685.2517164765559,685.2517164765559,469569.9149340661
2001-08-26 08:00:00,25257.0,24852.199867498868,404.8001325011319,404.8001325011319,163863.14727293394
2001-08-26 09:00:00,27449.0,27428.886442206967,20.11355779303267,20.11355779303267,404.5552070936652
2001-08-26 10:00:00,29474.0,28901.192908126235,572.8070918737649,572.8070918737649,328107.9645008797
2001-08-26 11:00:00,31125.0,30404.939640369066,720.0603596309338,720.0603596309338,518486.9215118297
2001-08-26 12:00:00,32389.0,32183.949747582283,205.05025241771727,205.05025241771727,42045.60601656957
2001-08-26 13:00:00,33513.0,33125.45784292938,387.54215707061667,387.54215707061667,150188.9235069465
2001-08-26 14:00:00,34233.0,33942.271113350434,290.72888664956554,290.72888664956554,84523.28553249592
2001-08-26 15:00:00,35042.0,34810.96854577374,231.03145422625676,231.03145422625676,53375.532841898974
2001-08-26 16:00:00,35721.0,35566.9697879028,154.03021209719736,154.03021209719736,23725.306238707606
2001-08-26 17:00:00,35945.0,35931.49684683438,13.50315316562046,13.50315316562046,182.33514541420587
2001-08-26 18:00:00,35361.0,35731.140980658114,-370.14098065811413,370.14098065811413,137004.3455625504
2001-08-26 19:00:00,34788.0,34922.46924842548,-134.46924842547742,134.46924842547742,18081.97877211276
2001-08-26 20:00:00,35967.0,34326.754726265746,1640.2452737342537,1640.2452737342537,2690404.558007557
2001-08-26 21:00:00,34973.0,35137.7909599394,-164.790959939397,164.790959939397,27156.060477747946
2001-08-26 22:00:00,32641.0,32705.946671428566,-64.94667142856633,64.94667142856633,4218.070129650155
2001-08-26 23:00:00,30033.0,30085.754061721625,-52.754061721625476,52.754061721625476,2782.9910281290704
2001-08-27 00:00:00,28114.0,27564.583487176984,549.4165128230161,549.4165128230161,301858.5045626034
2001-08-27 01:00:00,26701.0,26299.986577055886,401.0134229441137,401.0134229441137,160811.7653813546
2001-08-27 02:00:00,25980.0,25802.49691280137,177.50308719863096,177.50308719863096,31507.345965044788
2001-08-27 03:00:00,25585.0,25532.41131516866,52.58868483133847,52.58868483133847,2765.569772289849
2001-08-27 04:00:00,25911.0,25655.048452285708,255.95154771429225,255.95154771429225,65511.19477734162
2001-08-27 05:00:00,27552.0,27206.634098924722,345.3659010752781,345.3659010752781,119277.60562553877
2001-08-27 06:00:00,30399.0,30377.86290782367,21.137092176330043,21.137092176330043,446.77666567067274
2001-08-27 07:00:00,33045.0,33530.03721492464,-485.03721492463956,485.03721492463956,235261.099861851
2001-08-27 08:00:00,35783.0,35269.940009812446,513.0599901875539,513.0599901875539,263230.55353125295
2001-08-27 09:00:00,38179.0,37094.95766770572,1084.0423322942806,1084.0423322942806,1175147.7782060236
2001-08-27 10:00:00,40504.0,39624.85676088908,879.1432391109192,879.1432391109192,772892.8348744389
2001-08-27 11:00:00,42404.0,41683.16539756431,720.834602435687,720.834602435687,519602.5240686149
2001-08-27 12:00:00,43701.0,43492.22292825253,208.77707174747047,208.77707174747047,43587.86568744844
2001-08-27 13:00:00,44871.0,44763.700130586585,107.29986941341485,107.29986941341485,11513.26197613588
2001-08-27 14:00:00,45588.0,45535.20893809524,52.79106190476159,52.79106190476159,2786.8962170323707
2001-08-27 15:00:00,45526.0,46123.11154365075,-597.1115436507534,597.1115436507534,356542.19556098565
2001-08-27 16:00:00,45231.0,45736.447404761915,-505.4474047619151,505.4474047619151,255477.07898055523
2001-08-27 17:00:00,44605.0,45069.60863095237,-464.6086309523671,464.6086309523671,215861.17995543283
2001-08-27 18:00:00,43211.0,43660.38848095239,-449.3884809523879,449.3884809523879,201950.00681269472
2001-08-27 19:00:00,42272.0,41891.84855866194,380.15144133805734,380.15144133805734,144515.11835140246
2001-08-27 20:00:00,42653.0,41370.65270259741,1282.3472974025935,1282.3472974025935,1644414.5911557358
2001-08-27 21:00:00,40497.0,41458.38756269841,-961.3875626984081,961.3875626984081,924266.0457111857
2001-08-27 22:00:00,36782.0,37268.74807122152,-486.74807122151833,486.74807122151833,236923.6848378683
2001-08-27 23:00:00,33420.0,33504.0451294261,-84.04512942610017,84.04512942610017,7063.583780249929
2001-08-28 00:00:00,30723.0,30573.607220127295,149.39277987270543,149.39277987270543,22318.20267809462
2001-08-28 01:00:00,28891.0,28762.38809235245,128.61190764755156,128.61190764755156,16541.02278874233
2001-08-28 02:00:00,27885.0,27843.907182700965,41.09281729903523,41.09281729903523,1688.6196335718892
2001-08-28 03:00:00,27209.0,27275.333530499785,-66.33353049978541,66.33353049978541,4400.137268565962
2001-08-28 04:00:00,27270.0,27116.894517664696,153.10548233530426,153.10548233530426,23441.288721126166
2001-08-28 05:00:00,28767.0,28159.548368749587,607.4516312504129,607.4516312504129,368997.4843087876
2001-08-28 06:00:00,31562.0,30910.932370621893,651.0676293781071,651.0676293781071,423889.0580240282
2001-08-28 07:00:00,33907.0,34431.58523022672,-524.5852302267231,524.5852302267231,275189.66377202404
2001-08-28 08:00:00,35986.0,36318.384160331596,-332.3841603315959,332.3841603315959,110479.23003934007
2001-08-28 09:00:00,38026.0,37686.72698173527,339.2730182647283,339.2730182647283,115106.18092245866
2001-08-28 10:00:00,40341.0,39671.70863000779,669.2913699922065,669.2913699922065,447950.9379460446
2001-08-28 11:00:00,42366.0,41749.748079365076,616.2519206349243,616.2519206349243,379766.42968623305
2001-08-28 12:00:00,43616.0,43394.12369474806,221.87630525194254,221.87630525194254,49229.094832253184
2001-08-28 13:00:00,44710.0,44713.3277254006,-3.327725400602503,3.327725400602503,11.073756341815091
2001-08-28 14:00:00,45616.0,45421.03382800873,194.96617199126922,194.96617199126922,38011.80822092917
2001-08-28 15:00:00,46073.0,46150.37210545014,-77.37210545013659,77.37210545013659,5986.442701787056
2001-08-28 16:00:00,46301.0,45943.555777228394,357.4442227716063,357.4442227716063,127766.37239279771
2001-08-28 17:00:00,45760.0,45897.95298888891,-137.9529888889083,137.9529888889083,19031.027143383257
2001-08-28 18:00:00,43880.0,44547.93919538239,-667.939195382387,667.939195382387,446142.76872807054
2001-08-28 19:00:00,42374.0,43317.958018253965,-943.9580182539648,943.9580182539648,891056.7402259526
2001-08-28 20:00:00,42604.0,41757.16590040319,846.8340995968101,846.8340995968101,717127.9922399401
2001-08-28 21:00:00,40539.0,41710.144781789284,-1171.144781789284,1171.144781789284,1371580.0999122697
2001-08-28 22:00:00,37026.0,37263.898771221546,-237.89877122154576,237.89877122154576,56595.825348721366
2001-08-28 23:00:00,33408.0,34021.27253223442,-613.2725322344195,613.2725322344195,376103.1987932171
2001-08-29 00:00:00,30613.0,30599.372743413656,13.62725658634372,13.62725658634372,185.7021220700483
2001-08-29 01:00:00,28707.0,28752.66057571679,-45.660575716789026,45.660575716789026,2084.8881747886235
2001-08-29 02:00:00,27473.0,27533.928545446062,-60.928545446062344,60.928545446062344,3712.2876501728842
2001-08-29 03:00:00,26809.0,26704.158906681812,104.84109331818763,104.84109331818763,10991.654848152928
2001-08-29 04:00:00,26673.0,26773.354895813078,-100.35489581307775,100.35489581307775,10071.10511365369
2001-08-29 05:00:00,28121.0,27984.199311014156,136.80068898584432,136.80068898584432,18714.428507001707
2001-08-29 06:00:00,30840.0,30564.134271538995,275.86572846100535,275.86572846100535,76101.90013932114
2001-08-29 07:00:00,33251.0,33305.98972089575,-54.98972089574818,54.98972089574818,3023.8694041922836
2001-08-29 08:00:00,35512.0,35511.73571720848,0.26428279151878087,0.26428279151878087,0.06984539389295939
2001-08-29 09:00:00,37573.0,37520.117241189124,52.88275881087611,52.88275881087611,2796.586179449295
2001-08-29 10:00:00,39314.0,39440.660885145604,-126.66088514560397,126.66088514560397,16042.97982586788
2001-08-29 11:00:00,40667.0,40741.13868686873,-74.1386868687332,74.1386868687332,5496.544890620073
2001-08-29 12:00:00,41567.0,41552.39568809523,14.60431190476811,14.60431190476811,213.28592621175156
2001-08-29 13:00:00,42527.0,42271.87623698962,255.12376301037875,255.12376301037875,65088.134452575905
2001-08-29 14:00:00,42882.0,43021.029161510734,-139.0291615107344,139.0291615107344,19329.107750377876
2001-08-29 15:00:00,43244.0,42973.3340282946,270.665971705399,270.665971705399,73260.06823922784
2001-08-29 16:00:00,43401.0,43330.2305285228,70.76947147720057,70.76947147720057,5008.318093162305
2001-08-29 17:00:00,42989.0,43062.36521629075,-73.36521629075287,73.36521629075287,5382.45496138895
2001-08-29 18:00:00,41400.0,41524.94744613999,-124.94744613998773,124.94744613998773,15611.864296905136
2001-08-29 19:00:00,40125.0,40317.60361911844,-192.60361911843938,192.60361911843938,37096.15409752087
2001-08-29 20:00:00,40574.0,39371.88333542924,1202.1166645707635,1202.1166645707635,1445084.4752387377
2001-08-29 21:00:00,38529.0,39384.59150229817,-855.5915022981717,855.5915022981717,732036.8188048423
2001-08-29 22:00:00,34826.0,35703.73405714288,-877.7340571428795,877.7340571428795,770417.0750684995
2001-08-29 23:00:00,31731.0,31945.246216740514,-214.24621674051377,214.24621674051377,45901.44138762321
2001-08-30 00:00:00,29033.0,28942.850965543854,90.14903445614618,90.14903445614618,8126.848413375432
2001-08-30 01:00:00,27457.0,27165.292002738825,291.7079972611755,291.7079972611755,85093.55566612596
2001-08-30 02:00:00,26350.0,26352.724475882744,-2.724475882743718,2.724475882743718,7.422768835652162
2001-08-30 03:00:00,25913.0,25782.9260841527,130.07391584730067,130.07391584730067,16919.223583850657
2001-08-30 04:00:00,26103.0,25825.388422011652,277.61157798834756,277.61157798834756,77068.18823318038
2001-08-30 05:00:00,27801.0,27310.68086115318,490.31913884681853,490.31913884681853,240412.85791948572
2001-08-30 06:00:00,30865.0,30292.22133476852,572.778665231479,572.778665231479,328075.39934435464
2001-08-30 07:00:00,33170.0,33205.67111896297,-35.67111896297138,35.67111896297138,1272.4287280704561
2001-08-30 08:00:00,35065.0,35131.7064615155,-66.70646151550318,66.70646151550318,4449.752007919306
2001-08-30 09:00:00,36518.0,37187.075909104875,-669.0759091048749,669.0759091048749,447662.5721445148
2001-08-30 10:00:00,37906.0,37890.30804617719,15.69195382281032,15.69195382281032,246.2374147772114
2001-08-30 11:00:00,39520.0,38927.64667148357,592.3533285164303,592.3533285164303,350882.46580449404
2001-08-30 12:00:00,40518.0,40472.41971135243,45.58028864757216,45.58028864757216,2077.5627131959955
2001-08-30 13:00:00,41370.0,41168.61902146043,201.38097853957152,201.38097853957152,40554.29851755536
2001-08-30 14:00:00,41799.0,41883.31079577935,-84.31079577934725,84.31079577934725,7108.310284946797
2001-08-30 15:00:00,42073.0,42437.9282637313,-364.92826373130083,364.92826373130083,133172.63766994185
2001-08-30 16:00:00,42093.0,42266.6095590837,-173.60955908369942,173.60955908369942,30140.27900523652
2001-08-30 17:00:00,41289.0,41530.09012488346,-241.09012488346343,241.09012488346343,58124.44831632399
2001-08-30 18:00:00,39943.0,39852.58959966415,90.41040033585159,90.41040033585159,8174.040488888953
2001-08-30 19:00:00,39433.0,38817.51397658199,615.4860234180087,615.4860234180087,378823.04502291355
2001-08-30 20:00:00,40054.0,38821.208022382445,1232.791977617555,1232.791977617555,1519776.060078202
2001-08-30 21:00:00,38297.0,39091.663026583854,-794.6630265838539,794.6630265838539,631489.325819411
2001-08-30 22:00:00,35357.0,35403.16520952382,-46.165209523816884,46.165209523816884,2131.226570377913
2001-08-30 23:00:00,32467.0,32160.52499475973,306.47500524027055,306.47500524027055,93926.92883702386
2001-08-31 00:00:00,29899.0,29817.111276615884,81.88872338411602,81.88872338411602,6705.76301748027
2001-08-31 01:00:00,28347.0,27967.741763930466,379.2582360695342,379.2582360695342,143836.8096265745
2001-08-31 02:00:00,27395.0,27183.83719787963,211.16280212036872,211.16280212036872,44589.728999326
2001-08-31 03:00:00,26917.0,26557.040532858115,359.9594671418854,359.9594671418854,129570.81798507007
2001-08-31 04:00:00,27191.0,26870.56752142353,320.4324785764693,320.4324785764693,102676.97332665946
2001-08-31 05:00:00,28635.0,28332.299673180936,302.7003268190638,302.7003268190638,91627.48785636802
2001-08-31 06:00:00,31494.0,31027.578760528326,466.4212394716742,466.4212394716742,217548.77263029283
2001-08-31 07:00:00,34066.0,34325.85982447699,-259.85982447698916,259.85982447698916,67527.12837721161
2001-08-31 08:00:00,36339.0,36114.456262357235,224.54373764276534,224.54373764276534,50419.89011458303
2001-08-31 09:00:00,38481.0,38128.812883638806,352.18711636119406,352.18711636119406,124035.76493081324
2001-08-31 10:00:00,40476.0,40105.222032733465,370.7779672665347,370.7779672665347,137476.30101030346
2001-08-31 11:00:00,42312.0,41621.170849813294,690.8291501867061,690.8291501867061,477244.91474768653
2001-08-31 12:00:00,43564.0,43169.55548344693,394.44451655307057,394.44451655307057,155586.47663878556
2001-08-31 13:00:00,44637.0,44176.57657993671,460.4234200632927,460.4234200632927,211989.7257427793
2001-08-31 14:00:00,45347.0,45066.29784047618,280.7021595238184,280.7021595238184,78793.70236133519
2001-08-31 15:00:00,45505.0,45735.73588418441,-230.73588418441068,230.73588418441068,53239.048250361775
2001-08-31 16:00:00,45459.0,45558.17412081813,-99.17412081812654,99.17412081812654,9835.50624004836
2001-08-31 17:00:00,44539.0,44868.957409523806,-329.95740952380584,329.95740952380584,108871.89209966052
2001-08-31 18:00:00,42732.0,43205.05445884263,-473.05445884262735,473.05445884262735,223780.52103089102
2001-08-31 19:00:00,41620.0,41823.50057697899,-203.5005769789932,203.5005769789932,41412.484830783134
2001-08-31 20:00:00,41372.0,40820.459523138146,551.5404768618537,551.5404768618537,304196.89761700097
2001-08-31 21:00:00,39392.0,40225.67039842295,-833.6703984229534,833.6703984229534,695006.333206686
2001-08-31 22:00:00,36455.0,36592.70253333333,-137.70253333332948,137.70253333332948,18961.987686416716
2001-08-31 23:00:00,33489.0,33156.111012359055,332.88898764094483,332.88898764094483,110815.07809261313
2001-09-01 00:00:00,30773.0,30775.828785687692,-2.8287856876922888,2.8287856876922888,8.002028466892735
2001-09-01 01:00:00,28977.0,28815.44313085873,161.55686914127,161.55686914127,26100.62196672944
2001-09-01 02:00:00,27609.0,27962.608320043128,-353.6083200431276,353.6083200431276,125038.84400372296
2001-09-01 03:00:00,26620.0,26941.534313026215,-321.5343130262154,321.5343130262154,103384.31445324027
2001-09-01 04:00:00,26143.0,26552.195232533388,-409.19523253338775,409.19523253338775,167440.73832805327
2001-09-01 05:00:00,26219.0,26454.69301440348,-235.69301440348136,235.69301440348136,55551.19703859967
2001-09-01 06:00:00,26700.0,26947.615274714542,-247.61527471454247,247.61527471454247,61313.324271958336
2001-09-01 07:00:00,27327.0,28635.261172347957,-1308.2611723479567,1308.2611723479567,1711547.29507325
2001-09-01 08:00:00,29476.0,29490.4691763918,-14.469176391801739,14.469176391801739,209.3570654570728
2001-09-01 09:00:00,31103.0,31885.22446647837,-782.2244664783684,782.2244664783684,611875.1159573682
2001-09-01 10:00:00,32197.0,32725.44898103612,-528.4489810361192,528.4489810361192,279258.3255581127
2001-09-01 11:00:00,32676.0,33068.42257446241,-392.42257446241274,392.42257446241274,153995.47694770788
2001-09-01 12:00:00,32866.0,33269.793744864495,-403.79374486449524,403.79374486449524,163049.38839169306
2001-09-01 13:00:00,33061.0,32915.105918058995,145.89408194100542,145.89408194100542,21285.083145408804
2001-09-01 14:00:00,33191.0,32893.3497910412,297.650208958803,297.650208958803,88595.64689321908
2001-09-01 15:00:00,33366.0,33168.34552102246,197.65447897754348,197.65447897754348,39067.29305988418
2001-09-01 16:00:00,33609.0,33402.82322839249,206.1767716075119,206.1767716075119,42508.86115049613
2001-09-01 17:00:00,33442.0,33833.138537017614,-391.138537017614,391.138537017614,152989.3551402794
2001-09-01 18:00:00,32280.0,33373.69632066221,-1093.6963206622095,1093.6963206622095,1196171.6418300546
2001-09-01 19:00:00,31306.0,31854.853636138138,-548.8536361381375,548.8536361381375,301240.31390205503
2001-09-01 20:00:00,31687.0,31130.80420835688,556.1957916431202,556.1957916431202,309353.75864151714
2001-09-01 21:00:00,30174.0,31827.70063580859,-1653.7006358085891,1653.7006358085891,2734725.792873732
2001-09-01 22:00:00,28026.0,29253.685375632303,-1227.6853756323035,1227.6853756323035,1507211.38154143
2001-09-01 23:00:00,25711.0,26425.327598324613,-714.3275983246131,714.3275983246131,510263.91772820975
2001-09-02 00:00:00,24431.0,24276.92453682824,154.07546317176093,154.07546317176093,23739.248351592658
2001-09-02 01:00:00,22106.0,23485.927027146892,-1379.9270271468922,1379.9270271468922,1904198.6002504597
2001-09-02 02:00:00,21079.0,21680.395580974542,-601.3955809745421,601.3955809745421,361676.644815707
2001-09-02 03:00:00,20391.0,21020.460985954865,-629.4609859548655,629.4609859548655,396221.13283927133
2001-09-02 04:00:00,20113.0,20792.603360660174,-679.6033606601741,679.6033606601741,461860.72782060265
2001-09-02 05:00:00,20187.0,20876.55356959706,-689.5535695970611,689.5535695970611,475484.12534404907
2001-09-02 06:00:00,20231.0,21154.8869544355,-923.8869544355002,923.8869544355002,853567.1045761041
2001-09-02 07:00:00,20985.0,21691.160284459405,-706.1602844594054,706.1602844594054,498662.34734778834
2001-09-02 08:00:00,23039.0,22934.443028498146,104.5569715018537,104.5569715018537,10932.160289639445
2001-09-02 09:00:00,24825.0,25108.273231851195,-283.2732318511953,283.2732318511953,80243.72388342104
2001-09-02 10:00:00,26015.0,26332.24172178748,-317.24172178747904,317.24172178747904,100642.31004268426
2001-09-02 11:00:00,27161.0,27007.081894592466,153.9181054075343,153.9181054075343,23690.783172244843
2001-09-02 12:00:00,27338.0,27731.66750381734,-393.66750381734164,393.66750381734164,154974.1035617767
2001-09-02 13:00:00,27580.0,27381.602289561743,198.3977104382575,198.3977104382575,39361.65150714266
2001-09-02 14:00:00,27728.0,27718.051461843952,9.948538156048016,9.948538156048016,98.97341144234326
2001-09-02 15:00:00,27960.0,27816.78209355154,143.21790644845896,143.21790644845896,20511.368727479545
2001-09-02 16:00:00,28275.0,28082.9968387027,192.0031612972998,192.0031612972998,36865.213948156925
2001-09-02 17:00:00,28473.0,28494.87184247688,-21.871842476881284,21.871842476881284,478.3774933335084
2001-09-02 18:00:00,27921.0,28563.92380045381,-642.9238004538092,642.9238004538092,413351.0131899695
2001-09-02 19:00:00,27565.0,28072.4565383049,-507.4565383049012,507.4565383049012,257512.13826839364
2001-09-02 20:00:00,28412.0,28048.237600999422,363.7623990005777,363.7623990005777,132323.0829266555
2001-09-02 21:00:00,27381.0,28266.17901334987,-885.1790133498689,885.1790133498689,783541.8856750474
2001-09-02 22:00:00,25801.0,25996.30216206915,-195.30216206915065,195.30216206915065,38142.93450888479
2001-09-02 23:00:00,23922.0,23981.533009952993,-59.53300995299287,59.53300995299287,3544.179274063148
2001-09-03 00:00:00,22115.0,22190.901874076368,-75.90187407636768,75.90187407636768,5761.094488304775
2001-09-03 01:00:00,20967.0,21064.190243130175,-97.19024313017508,97.19024313017508,9445.943359702544
2001-09-03 02:00:00,20210.0,20426.0513517095,-216.0513517094987,216.0513517094987,46678.18657550151
2001-09-03 03:00:00,19757.0,19902.27517254326,-145.27517254326085,145.27517254326085,21104.875757474212
2001-09-03 04:00:00,19651.0,20089.791691322658,-438.79169132265815,438.79169132265815,192538.1483737989
2001-09-03 05:00:00,19976.0,20709.21398718246,-733.2139871824584,733.2139871824584,537602.7509999982
2001-09-03 06:00:00,20373.0,21656.633259341525,-1283.6332593415245,1283.6332593415245,1647714.3444877455
2001-09-03 07:00:00,21027.0,22669.51039614587,-1642.51039614587,1642.51039614587,2697840.4014472626
2001-09-03 08:00:00,23303.0,23361.924338203848,-58.92433820384758,58.92433820384758,3472.0776327614117
2001-09-03 09:00:00,25804.0,24876.597830294988,927.402169705012,927.402169705012,860074.784373564
2001-09-03 10:00:00,27687.0,26593.68316809587,1093.3168319041288,1093.3168319041288,1195341.694924881
2001-09-03 11:00:00,28758.0,28656.299774031733,101.70022596826675,101.70022596826675,10342.935961996518
2001-09-03 12:00:00,29202.0,29267.578108542042,-65.57810854204217,65.57810854204217,4300.4883199518645
2001-09-03 13:00:00,29585.0,29964.27247772,-379.2724777199983,379.2724777199983,143847.6123558666
2001-09-03 14:00:00,30060.0,30066.092700132296,-6.092700132296159,6.092700132296159,37.12099490208163
2001-09-03 15:00:00,30172.0,30748.341293341055,-576.3412933410546,576.3412933410546,332169.28641003947
2001-09-03 16:00:00,30691.0,30552.61349279572,138.38650720427904,138.38650720427904,19150.825376199977
2001-09-03 17:00:00,30888.0,31024.22448929399,-136.22448929398888,136.22448929398888,18557.11148340809
2001-09-03 18:00:00,30299.0,30767.10247454781,-468.10247454780983,468.10247454780983,219119.92667778296
2001-09-03 19:00:00,30558.0,30383.07942275701,174.92057724298866,174.92057724298866,30597.20834302036
2001-09-03 20:00:00,32037.0,30453.17483668619,1583.8251633138098,1583.8251633138098,2508502.147946016
2001-09-03 21:00:00,30958.0,30914.385788648215,43.61421135178534,43.61421135178534,1902.1994318382015
2001-09-03 22:00:00,28211.0,28736.276440133697,-525.2764401336972,525.2764401336972,275915.33855952957
2001-09-03 23:00:00,25910.0,25863.763086553736,46.236913446264225,46.236913446264225,2137.8521650373295
2001-09-04 00:00:00,23985.0,23758.438178166594,226.5618218334057,226.5618218334057,51330.25911247187
2001-09-04 01:00:00,23001.0,22477.83498190515,523.1650180948491,523.1650180948491,273701.63615818374
2001-09-04 02:00:00,22406.0,22215.56654677052,190.43345322948153,190.43345322948153,36264.90010890513
2001-09-04 03:00:00,22232.0,22024.952355410966,207.04764458903446,207.04764458903446,42868.72712986713
2001-09-04 04:00:00,22600.0,22485.85739231481,114.14260768518943,114.14260768518943,13028.534889175065
2001-09-04 05:00:00,24388.0,23981.84012600685,406.15987399315054,406.15987399315054,164965.84324213193
2001-09-04 06:00:00,27953.0,27089.692304151395,863.3076958486054,863.3076958486054,745300.1777114281
2001-09-04 07:00:00,30606.0,30393.235990284844,212.76400971515613,212.76400971515613,45268.523830071055
2001-09-04 08:00:00,32733.0,31962.054730068634,770.945269931366,770.945269931366,594356.6092295469
2001-09-04 09:00:00,34668.0,34020.204701743605,647.7952982563947,647.7952982563947,419638.7484430914
2001-09-04 10:00:00,36064.0,35599.059683588814,464.94031641118636,464.94031641118636,216169.49782453408
2001-09-04 11:00:00,37397.0,36879.876461145825,517.1235388541754,517.1235388541754,267416.75443706586
2001-09-04 12:00:00,38688.0,38174.818686687635,513.1813133123651,513.1813133123651,263355.0603330038
2001-09-04 13:00:00,39458.0,39266.28149188591,191.7185081140924,191.7185081140924,36755.98635349332
2001-09-04 14:00:00,39678.0,40021.01932290449,-343.01932290448894,343.01932290448894,117662.25588585406
2001-09-04 15:00:00,40352.0,40046.91849952547,305.0815004745309,305.0815004745309,93074.72193179121
2001-09-04 16:00:00,40518.0,40512.46999682428,5.530003175721504,5.530003175721504,30.58093512348992
2001-09-04 17:00:00,40232.0,39976.481073875824,255.51892612417578,255.51892612417578,65289.921607651995
2001-09-04 18:00:00,39061.0,39183.145306659826,-122.14530665982602,122.14530665982602,14919.47593902294
2001-09-04 19:00:00,38475.0,38013.73043742871,461.2695625712877,461.2695625712877,212769.6093547071
2001-09-04 20:00:00,39123.0,38080.30818703524,1042.6918129647602,1042.6918129647602,1087206.2168237383
2001-09-04 21:00:00,37139.0,38133.08406676053,-994.0840667605298,994.0840667605298,988203.1317871535
2001-09-04 22:00:00,33533.0,34175.903533333345,-642.903533333345,642.903533333345,413324.95317249943
2001-09-04 23:00:00,30074.0,30207.235754401154,-133.23575440115383,133.23575440115383,17751.766250844583
2001-09-05 00:00:00,27670.0,27434.200394999476,235.79960500052402,235.79960500052402,55601.45371840316
2001-09-05 01:00:00,26023.0,26125.290274445648,-102.29027444564781,102.29027444564781,10463.300246165949
2001-09-05 02:00:00,24937.0,25002.541443574493,-65.54144357449331,65.54144357449331,4295.680825828491
2001-09-05 03:00:00,24201.0,24427.392228205117,-226.39222820511714,226.39222820511714,51253.44099167783
2001-09-05 04:00:00,24219.0,24214.198240487647,4.801759512352874,4.801759512352874,23.056894414471305
2001-09-05 05:00:00,25752.0,25374.811463054164,377.18853694583595,377.18853694583595,142271.19240334025
2001-09-05 06:00:00,28971.0,28289.15387178735,681.8461282126482,681.8461282126482,464914.14255857904
2001-09-05 07:00:00,30892.0,31662.432386522054,-770.432386522054,770.432386522054,593566.0622020676
2001-09-05 08:00:00,32463.0,32970.93704197233,-507.9370419723273,507.9370419723273,258000.03860759776
2001-09-05 09:00:00,33861.0,34118.70155101686,-257.7015510168567,257.7015510168567,66410.08939649358
2001-09-05 10:00:00,34723.0,35110.19278232647,-387.1927823264705,387.1927823264705,149918.25068571354
2001-09-05 11:00:00,35404.0,35394.18405323809,9.815946761911619,9.815946761911619,96.35281083268319
2001-09-05 12:00:00,35918.0,35982.75349968221,-64.7534996822069,64.7534996822069,4193.015721093569
2001-09-05 13:00:00,36538.0,36445.63949906172,92.3605009382809,92.3605009382809,8530.462133570185
2001-09-05 14:00:00,36941.0,36883.387538680894,57.61246131910593,57.61246131910593,3319.1956992454775
2001-09-05 15:00:00,37185.0,37161.65076517533,23.34923482467275,23.34923482467275,545.1867668977106
2001-09-05 16:00:00,37436.0,37064.208018230005,371.7919817699949,371.7919817699949,138229.27770846023
2001-09-05 17:00:00,37113.0,37144.446853007095,-31.446853007095342,31.446853007095342,988.9045640498614
2001-09-05 18:00:00,35836.0,36341.77403867655,-505.77403867655084,505.77403867655084,255807.37819918914
2001-09-05 19:00:00,35080.0,35256.37729477464,-176.37729477464018,176.37729477464018,31108.950112020313
2001-09-05 20:00:00,35452.0,35015.502872510275,436.49712748972524,436.49712748972524,190529.74230678147
2001-09-05 21:00:00,33393.0,34739.18260992274,-1346.18260992274,1346.18260992274,1812207.6192584003
2001-09-05 22:00:00,29938.0,30817.243652744415,-879.2436527444152,879.2436527444152,773069.4008913417
2001-09-05 23:00:00,26827.0,27343.633965262678,-516.6339652626775,516.6339652626775,266910.6540630375
2001-09-06 00:00:00,24510.0,24741.58906947711,-231.58906947711148,231.58906947711148,53633.49710127437
2001-09-06 01:00:00,23190.0,23202.550205389052,-12.55020538905228,12.55020538905228,157.5076553073969
2001-09-06 02:00:00,22482.0,22418.321062341725,63.67893765827466,63.67893765827466,4055.007101286431
2001-09-06 03:00:00,22084.0,22071.233207293517,12.766792706483102,12.766792706483102,162.99099601031014
2001-09-06 04:00:00,22474.0,22253.479500935417,220.52049906458342,220.52049906458342,48629.29050769294
2001-09-06 05:00:00,23997.0,23762.94393159733,234.05606840267137,234.05606840267137,54782.24315611598
2001-09-06 06:00:00,27210.0,26983.11166775421,226.8883322457914,226.8883322457914,51478.31530927662
2001-09-06 07:00:00,29290.0,29572.221133803967,-282.22113380396695,282.22113380396695,79648.76836559661
2001-09-06 08:00:00,30850.0,31029.37751515666,-179.37751515665877,179.37751515665877,32176.29294377735
2001-09-06 09:00:00,32196.0,32323.083262252472,-127.0832622524722,127.0832622524722,16150.155544730624
2001-09-06 10:00:00,33493.0,33032.007094660206,460.99290533979365,460.99290533979365,212514.45877362395
2001-09-06 11:00:00,34305.0,34084.60000728251,220.3999927174882,220.3999927174882,48576.15678986885
2001-09-06 12:00:00,34851.0,34839.58115758578,11.418842414219398,11.418842414219398,130.3899620807759
2001-09-06 13:00:00,35611.0,35333.64660656862,277.35339343138185,277.35339343138185,76924.90484790289
2001-09-06 14:00:00,36075.0,36109.60783109807,-34.60783109806653,34.60783109806653,1197.7019733123007
2001-09-06 15:00:00,36608.0,36346.38421989645,261.6157801035515,261.6157801035515,68442.81639918982
2001-09-06 16:00:00,36914.0,36664.30632642205,249.69367357795272,249.69367357795272,62346.93062485321
2001-09-06 17:00:00,36759.0,36820.93748807325,-61.93748807325028,61.93748807325028,3836.2524288240206
2001-09-06 18:00:00,35541.0,35955.89065417273,-414.8906541727265,414.8906541727265,172134.25491987294
2001-09-06 19:00:00,35121.0,34855.39951075502,265.60048924497823,265.60048924497823,70543.6198871718
2001-09-06 20:00:00,35511.0,35007.2936331462,503.70636685380305,503.70636685380305,253720.104009058
2001-09-06 21:00:00,33347.0,34669.196630896,-1322.1966308960036,1322.1966308960036,1748203.9307527428
2001-09-06 22:00:00,30206.0,30705.50834860516,-499.508348605159,499.508348605159,249508.59032625303
2001-09-06 23:00:00,27240.0,27542.966002734578,-302.96600273457807,302.96600273457807,91788.39881296837
2001-09-07 00:00:00,24966.0,24996.321403999773,-30.321403999772883,30.321403999772883,919.387540517443
2001-09-07 01:00:00,23635.0,23840.674307986836,-205.67430798683563,205.67430798683563,42301.92096586372
2001-09-07 02:00:00,22710.0,22781.502402362166,-71.50240236216632,71.50240236216632,5112.593543561128
2001-09-07 03:00:00,22446.0,22276.276584500425,169.7234154995749,169.7234154995749,28806.037768841346
2001-09-07 04:00:00,22762.0,22563.502870183474,198.49712981652556,198.49712981652556,39401.1105453986
2001-09-07 05:00:00,24337.0,23982.49861977686,354.5013802231406,354.5013802231406,125671.2285801117
2001-09-07 06:00:00,27569.0,27486.741409108807,82.25859089119331,82.25859089119331,6766.4757754047105
2001-09-07 07:00:00,29892.0,30049.96289745345,-157.96289745344984,157.96289745344984,24952.27697188911
2001-09-07 08:00:00,31636.0,31361.10238363419,274.8976163658117,274.8976163658117,75568.69948360499
2001-09-07 09:00:00,33201.0,32964.18698703925,236.81301296075253,236.81301296075253,56080.403107549544
2001-09-07 10:00:00,34738.0,34178.90274311106,559.097256888941,559.097256888941,312589.7426607385
2001-09-07 11:00:00,35745.0,35462.263508647644,282.7364913523561,282.7364913523561,79939.92354224094
2001-09-07 12:00:00,36484.0,36486.88749019961,-2.8874901996096014,2.8874901996096014,8.337599652841496
2001-09-07 13:00:00,37495.0,37171.12519012169,323.87480987831077,323.87480987831077,104894.89247371195
2001-09-07 14:00:00,38095.0,38052.90661702502,42.09338297497743,42.09338297497743,1771.8528902781197
2001-09-07 15:00:00,38516.0,38327.5989796443,188.40102035569726,188.40102035569726,35494.94447106785
2001-09-07 16:00:00,38639.0,38598.21081179625,40.78918820375111,40.78918820375111,1663.7578743210286
2001-09-07 17:00:00,38138.0,38360.90245521633,-222.90245521633187,222.90245521633187,49685.504541468836
2001-09-07 18:00:00,36656.0,37178.69506746413,-522.6950674641266,522.6950674641266,273210.13355132786
2001-09-07 19:00:00,35843.0,35965.16296581837,-122.1629658183665,122.1629658183665,14923.790217539383
2001-09-07 20:00:00,35880.0,35310.98547780094,569.0145221990606,569.0145221990606,323777.5264734252
2001-09-07 21:00:00,33974.0,34858.25242116717,-884.2524211671698,884.2524211671698,781902.3443400018
2001-09-07 22:00:00,31332.0,31383.354696787206,-51.354696787206194,51.354696787206194,2637.304882105886
2001-09-07 23:00:00,28662.0,28481.961225490584,180.03877450941582,180.03877450941582,32413.960326852273
2001-09-08 00:00:00,26399.0,26300.774977947323,98.22502205267665,98.22502205267665,9648.154957248815
2001-09-08 01:00:00,24939.0,24967.656286458816,-28.656286458815885,28.656286458815885,821.1827536097146
2001-09-08 02:00:00,23757.0,24030.073320159194,-273.0733201591938,273.0733201591938,74569.03818276558
2001-09-08 03:00:00,23064.0,23318.123505748554,-254.12350574855373,254.12350574855373,64578.75617393522
2001-09-08 04:00:00,22798.0,23106.399829609618,-308.3998296096179,308.3998296096179,95110.45490324135
2001-09-08 05:00:00,23216.0,23477.457509709333,-261.45750970933295,261.45750970933295,68360.02938340594
2001-09-08 06:00:00,23868.0,23864.330864294094,3.6691357059062284,3.6691357059062284,13.462556828355996
2001-09-08 07:00:00,24904.0,25383.003348967,-479.0033489669986,479.0033489669986,229444.20832160025
2001-09-08 08:00:00,27777.0,27230.158023047945,546.8419769520551,546.8419769520551,299036.147756832
2001-09-08 09:00:00,30164.0,29921.267905447527,242.73209455247343,242.73209455247343,58918.8697258309
2001-09-08 10:00:00,31978.0,31980.121667123156,-2.1216671231559303,2.1216671231559303,4.501471381480761
2001-09-08 11:00:00,33141.0,33090.32214186869,50.67785813131195,50.67785813131195,2568.2453047773806
2001-09-08 12:00:00,34040.0,33813.976013662206,226.02398633779376,226.02398633779376,51086.84240002718
2001-09-08 13:00:00,34775.0,34397.05789614191,377.9421038580913,377.9421038580913,142840.23386868025
2001-09-08 14:00:00,35268.0,35103.583635870054,164.41636412994558,164.41636412994558,27032.740793710855
2001-09-08 15:00:00,35815.0,35731.570917487195,83.4290825128046,83.4290825128046,6960.411808928358
2001-09-08 16:00:00,35964.0,36146.16411576015,-182.16411576014798,182.16411576014798,33183.76507067659
2001-09-08 17:00:00,35860.0,36042.002761808,-182.00276180799847,182.00276180799847,33125.005305739025
2001-09-08 18:00:00,34817.0,35270.21221607149,-453.21221607149346,453.21221607149346,205401.31279643407
2001-09-08 19:00:00,34601.0,34209.65220738724,391.3477926127598,391.3477926127598,153153.09478287966
2001-09-08 20:00:00,35189.0,34333.07666604133,855.9233339586717,855.9233339586717,732604.7536149279
2001-09-08 21:00:00,33642.0,34478.22495727354,-836.2249572735382,836.2249572735382,699272.1791671307
2001-09-08 22:00:00,31450.0,31379.43929617223,70.56070382777034,70.56070382777034,4978.812924670324
2001-09-08 23:00:00,29340.0,29108.55995695867,231.44004304132977,231.44004304132977,53564.493522972574
2001-09-09 00:00:00,26689.0,26900.671569737446,-211.67156973744568,211.67156973744568,44804.85343511433
2001-09-09 01:00:00,24976.0,25200.825474008536,-224.82547400853582,224.82547400853582,50546.49376316281
2001-09-09 02:00:00,23974.0,24077.142498209025,-103.14249820902478,103.14249820902478,10638.37493679868
2001-09-09 03:00:00,23169.0,23401.5260316109,-232.52603161090155,232.52603161090155,54068.35537671399
2001-09-09 04:00:00,22734.0,22997.407344713753,-263.40734471375254,263.40734471375254,69383.42924914966
2001-09-09 05:00:00,22855.0,22762.30076717709,92.69923282290983,92.69923282290983,8593.147765956044
2001-09-09 06:00:00,23142.0,23125.461997647428,16.53800235257222,16.53800235257222,273.5055218136843
2001-09-09 07:00:00,23926.0,24067.988954422333,-141.98895442233334,141.98895442233334,20160.863177947453
2001-09-09 08:00:00,26365.0,26045.174597621706,319.8254023782938,319.8254023782938,102288.28800643753
2001-09-09 09:00:00,29072.0,28778.974563122534,293.02543687746584,293.02543687746584,85863.90665722972
2001-09-09 10:00:00,31246.0,31076.795267737903,169.2047322620965,169.2047322620965,28630.241419887763
2001-09-09 11:00:00,32966.0,32750.926717170194,215.07328282980598,215.07328282980598,46256.516987189716
2001-09-09 12:00:00,34456.0,34134.30919546436,321.6908045356395,321.6908045356395,103484.973722787
2001-09-09 13:00:00,35282.0,35309.229925233085,-27.22992523308494,27.22992523308494,741.468828199396
2001-09-09 14:00:00,35937.0,35877.56010211374,59.43989788625913,59.43989788625913,3533.101460728913
2001-09-09 15:00:00,36420.0,36301.52316355936,118.47683644064091,118.47683644064091,14036.760772982378
2001-09-09 16:00:00,37065.0,36709.34304465762,355.6569553423833,355.6569553423833,126491.86988341402
2001-09-09 17:00:00,37087.0,37178.01444307778,-91.01444307778002,91.01444307778002,8283.628848758459
2001-09-09 18:00:00,36186.0,36618.04225519893,-432.04225519893225,432.04225519893225,186660.5102773793
2001-09-09 19:00:00,36270.0,35631.73551719666,638.2644828033372,638.2644828033372,407381.55000821146
2001-09-09 20:00:00,37248.0,35901.610707359316,1346.3892926406843,1346.3892926406843,1812764.1273374823
2001-09-09 21:00:00,35632.0,35982.38820408101,-350.3882040810131,350.3882040810131,122771.89355911769
2001-09-09 22:00:00,32938.0,33432.691419047595,-494.69141904759454,494.69141904759454,244719.6000793228
2001-09-09 23:00:00,30277.0,30265.919849167272,11.080150832727668,11.080150832727668,122.76974247599563
2001-09-10 00:00:00,27998.0,27858.93077643572,139.06922356427822,139.06922356427822,19340.248942771195
2001-09-10 01:00:00,26745.0,26330.200204059856,414.79979594014367,414.79979594014367,172058.87071198484
2001-09-10 02:00:00,26059.0,25965.36842271502,93.63157728498118,93.63157728498118,8766.872264873404
2001-09-10 03:00:00,25795.0,25608.15818215796,186.84181784203975,186.84181784203975,34909.86489451796
2001-09-10 04:00:00,26207.0,25942.305262064907,264.69473793509314,264.69473793509314,70063.30429052764
2001-09-10 05:00:00,28098.0,27667.52107420636,430.47892579363906,430.47892579363906,185312.1055524454
2001-09-10 06:00:00,32016.0,30902.652888212855,1113.347111787145,1113.347111787145,1239541.7913247775
2001-09-10 07:00:00,34930.0,34492.34587055457,437.65412944542913,437.65412944542913,191541.13702063644
2001-09-10 08:00:00,36925.0,36507.189703161486,417.81029683851375,417.81029683851375,174565.44414428697
2001-09-10 09:00:00,38546.0,38424.23223272631,121.76776727368997,121.76776727368997,14827.389146819522
2001-09-10 10:00:00,40000.0,39594.36265363344,405.63734636655863,405.63734636655863,164541.65676730344
2001-09-10 11:00:00,41021.0,41037.734566534644,-16.734566534643818,16.734566534643818,280.0457171024208
2001-09-10 12:00:00,41994.0,41845.69282601581,148.30717398419074,148.30717398419074,21995.017855177022
2001-09-10 13:00:00,42394.0,42836.93199028106,-442.9319902810603,442.9319902810603,196188.74801434128
2001-09-10 14:00:00,43012.0,42818.72326124172,193.27673875827895,193.27673875827895,37355.89774503601
2001-09-10 15:00:00,43184.0,43345.08601341565,-161.08601341564645,161.08601341564645,25948.70371814583
2001-09-10 16:00:00,42998.0,43143.56535497835,-145.56535497835284,145.56535497835284,21189.272569973873
2001-09-10 17:00:00,42158.0,42382.469034241134,-224.46903424113407,224.46903424113407,50386.347333147416
2001-09-10 18:00:00,41109.0,40940.516992099554,168.48300790044595,168.48300790044595,28386.523951181734
2001-09-10 19:00:00,40518.0,40923.98192823257,-405.98192823256977,405.98192823256977,164821.32605143543
2001-09-10 20:00:00,40375.0,39715.315395252816,659.6846047471845,659.6846047471845,435183.777740449
2001-09-10 21:00:00,37644.0,39086.34771786249,-1442.347717862489,1442.347717862489,2080366.93922313
2001-09-10 22:00:00,33927.0,34488.42587619048,-561.4258761904784,561.4258761904784,315199.01445624646
2001-09-10 23:00:00,30510.0,31124.33534060509,-614.3353406050883,614.3353406050883,377407.9107163698
2001-09-11 00:00:00,27611.0,28415.016454135108,-804.0164541351078,804.0164541351078,646442.4585199918
2001-09-11 01:00:00,25944.0,26252.82649253266,-308.82649253265845,308.82649253265845,95373.80249002414
2001-09-11 02:00:00,24850.0,25074.92161362941,-224.92161362940897,224.92161362940897,50589.73227765713
2001-09-11 03:00:00,24296.0,24163.158607886824,132.84139211317597,132.84139211317597,17646.83545856657
2001-09-11 04:00:00,24414.0,24359.73688525109,54.263114748908265,54.263114748908265,2944.4856222531857
2001-09-11 05:00:00,25843.0,25611.0819864247,231.9180135753013,231.9180135753013,53785.96502071364
2001-09-11 06:00:00,29166.0,28467.3971957849,698.6028042151011,698.6028042151011,488045.87805720285
2001-09-11 07:00:00,31269.0,31833.578159868965,-564.5781598689646,564.5781598689646,318748.49860102613
2001-09-11 08:00:00,32704.0,33835.911367961184,-1131.9113679611837,1131.9113679611837,1281223.3449197582
2001-09-11 09:00:00,33887.0,34347.099359705055,-460.09935970505467,460.09935970505467,211691.42080100128
2001-09-11 10:00:00,34796.0,35030.43389150898,-234.43389150898292,234.43389150898292,54959.24948804558
2001-09-11 11:00:00,35451.0,35536.69091386692,-85.69091386692162,85.69091386692162,7342.9327193481795
2001-09-11 12:00:00,35790.0,35994.64697030974,-204.64697030973912,204.64697030973912,41880.382456955245
2001-09-11 13:00:00,36476.0,36372.17917357953,103.82082642047317,103.82082642047317,10778.76399863002
2001-09-11 14:00:00,36914.0,36923.76809233323,-9.768092333230015,9.768092333230015,95.415627830507
2001-09-11 15:00:00,37122.0,37217.346834148295,-95.34683414829487,95.34683414829487,9091.01878210245
2001-09-11 16:00:00,37187.0,37170.74850741104,16.25149258896272,16.25149258896272,264.1110113691102
2001-09-11 17:00:00,36762.0,36828.33543137473,-66.33543137473316,66.33543137473316,4400.389455671932
2001-09-11 18:00:00,35460.0,36046.27194087943,-586.2719408794292,586.2719408794292,343714.78866253287
2001-09-11 19:00:00,34865.0,34987.17886972531,-122.17886972530687,122.17886972530687,14927.676207353506
2001-09-11 20:00:00,35178.0,34526.08093501917,651.9190649808297,651.9190649808297,424998.4672854793
2001-09-11 21:00:00,32949.0,34585.646948493275,-1636.646948493275,1636.646948493275,2678613.2340123486
2001-09-11 22:00:00,29931.0,30533.4433887059,-602.4433887058985,602.4433887058985,362938.03659544635
2001-09-11 23:00:00,27052.0,27308.916278831563,-256.9162788315625,256.9162788315625,66005.97432865718
2001-09-12 00:00:00,24763.0,24824.935613254493,-61.93561325449264,61.93561325449264,3836.020189210084
2001-09-12 01:00:00,23567.0,23245.82789587581,321.1721041241908,321.1721041241908,103151.52046756007
2001-09-12 02:00:00,22835.0,22759.40011727164,75.59988272835835,75.59988272835835,5715.342268541535
2001-09-12 03:00:00,22472.0,22412.35559308617,59.64440691383061,59.64440691383061,3557.4552761026043
2001-09-12 04:00:00,22684.0,22670.159365589567,13.840634410433267,13.840634410433267,191.56316088326943
2001-09-12 05:00:00,24144.0,24061.691942515336,82.30805748466446,82.30805748466446,6774.616326898829
2001-09-12 06:00:00,27346.0,27427.50855330904,-81.50855330903869,81.50855330903869,6643.644262532402
2001-09-12 07:00:00,29368.0,29666.47488247425,-298.47488247424917,298.47488247424917,89087.25546801685
2001-09-12 08:00:00,31077.0,31082.026378249815,-5.026378249815025,5.026378249815025,25.26447831021355
2001-09-12 09:00:00,32759.0,32371.842583431182,387.157416568818,387.157416568818,149890.86520424127
2001-09-12 10:00:00,34121.0,33997.68668195153,123.31331804847287,123.31331804847287,15206.174408123823
2001-09-12 11:00:00,34818.0,34935.37981063205,-117.37981063204643,117.37981063204643,13778.01994401508
2001-09-12 12:00:00,35315.0,35344.562607030435,-29.562607030435174,29.562607030435174,873.9477344359352
2001-09-12 13:00:00,35997.0,35858.547493075035,138.45250692496484,138.45250692496484,19169.096673807435
2001-09-12 14:00:00,36576.0,36347.195779845235,228.80422015476506,228.80422015476506,52351.3711606302
2001-09-12 15:00:00,37033.0,36826.14840139915,206.85159860084968,206.85159860084968,42787.583843727036
2001-09-12 16:00:00,37292.0,37075.783992368524,216.2160076314758,216.2160076314758,46749.361956094406
2001-09-12 17:00:00,36954.0,36856.71663206813,97.28336793187191,97.28336793187191,9464.053676167963
2001-09-12 18:00:00,35519.0,36219.19098282017,-700.1909828201678,700.1909828201678,490267.4124226726
2001-09-12 19:00:00,35045.0,35009.71567812898,35.28432187101862,35.28432187101862,1244.983369897643
2001-09-12 20:00:00,35351.0,35108.846575013085,242.15342498691462,242.15342498691462,58638.281232893285
2001-09-12 21:00:00,33164.0,34561.608998935415,-1397.608998935415,1397.608998935415,1953310.913905253
2001-09-12 22:00:00,29691.0,30624.064194388615,-933.0641943886149,933.0641943886149,870608.7908500748
2001-09-12 23:00:00,26871.0,27066.60702369682,-195.60702369681894,195.60702369681894,38262.107719527885
2001-09-13 00:00:00,24604.0,24750.913317347895,-146.91331734789492,146.91331734789492,21583.522814163283
2001-09-13 01:00:00,23204.0,23330.026462483947,-126.0264624839474,126.0264624839474,15882.669246217802
2001-09-13 02:00:00,22583.0,22390.257411542447,192.7425884575532,192.7425884575532,37149.70540531773
2001-09-13 03:00:00,22328.0,22184.007030509878,143.99296949012205,143.99296949012205,20733.97526258322
2001-09-13 04:00:00,22556.0,22424.150301433892,131.8496985661077,131.8496985661077,17384.343011973462
2001-09-13 05:00:00,24240.0,23820.13303380789,419.8669661921085,419.8669661921085,176288.2692993652
2001-09-13 06:00:00,27618.0,27542.101468143464,75.89853185653556,75.89853185653556,5760.587137977543
2001-09-13 07:00:00,29690.0,30094.22239408139,-404.2223940813892,404.2223940813892,163395.74387688993
2001-09-13 08:00:00,31294.0,31091.18253381269,202.81746618730904,202.81746618730904,41134.92459064024
2001-09-13 09:00:00,32908.0,32661.26008776115,246.73991223884877,246.73991223884877,60880.5842916348
2001-09-13 10:00:00,34482.0,34099.05163533417,382.9483646658264,382.9483646658264,146649.45000023075
2001-09-13 11:00:00,35468.0,35330.732233798626,137.2677662013739,137.2677662013739,18842.439637915042
2001-09-13 12:00:00,36392.0,36076.28052866462,315.71947133538197,315.71947133538197,99678.78458029308
2001-09-13 13:00:00,37387.0,36892.63457012644,494.3654298735564,494.3654298735564,244397.17825406624
2001-09-13 14:00:00,38293.0,38002.817275581045,290.18272441895533,290.18272441895533,84206.01355120738
2001-09-13 15:00:00,39121.0,38781.75271964088,339.24728035912267,339.24728035912267,115088.71723106118
2001-09-13 16:00:00,39551.0,39249.059065340436,301.94093465956394,301.94093465956394,91168.32802309106
2001-09-13 17:00:00,39198.0,39288.50280371303,-90.50280371303234,90.50280371303234,8190.757479919659
2001-09-13 18:00:00,37754.0,38211.97514182791,-457.975141827912,457.975141827912,209741.23053229612
2001-09-13 19:00:00,37771.0,36675.979576583006,1095.0204234169942,1095.0204234169942,1199069.727700333
2001-09-13 20:00:00,38008.0,36931.99413817998,1076.00586182002,1076.00586182002,1157788.614671044
2001-09-13 21:00:00,35718.0,36717.8203296181,-999.8203296181018,999.8203296181018,999640.6915176498
2001-09-13 22:00:00,32145.0,33155.282709625666,-1010.282709625666,1010.282709625666,1020671.1533685778
2001-09-13 23:00:00,28992.0,29222.235426718224,-230.2354267182236,230.2354267182236,53008.35171612251
2001-09-14 00:00:00,26558.0,26501.36220967007,56.637790329928976,56.637790329928976,3207.839293456996
2001-09-14 01:00:00,24930.0,25120.07224077633,-190.07224077633145,190.07224077633145,36127.456713735715
2001-09-14 02:00:00,23970.0,24023.319918192614,-53.31991819261384,53.31991819261384,2843.0136760670325
2001-09-14 03:00:00,23383.0,23483.647950854567,-100.64795085456717,100.64795085456717,10130.010011223369
2001-09-14 04:00:00,23310.0,23383.527019163063,-73.5270191630625,73.5270191630625,5406.222547005361
2001-09-14 05:00:00,24731.0,24409.008512024422,321.9914879755779,321.9914879755779,103678.51832872673
2001-09-14 06:00:00,28018.0,27367.951697174696,650.0483028253038,650.0483028253038,422562.79600605794
2001-09-14 07:00:00,30307.0,30532.681261950205,-225.68126195020523,225.68126195020523,50932.03199543715
2001-09-14 08:00:00,31170.0,32573.700674484342,-1403.700674484342,1403.700674484342,1970375.5835477968
2001-09-14 09:00:00,31713.0,32680.252349877264,-967.2523498772644,967.2523498772644,935577.1083430898
2001-09-14 10:00:00,32078.0,32685.092767239013,-607.0927672390135,607.0927672390135,368561.628033923
2001-09-14 11:00:00,31824.0,32277.05946802737,-453.0594680273716,453.0594680273716,205262.88156924496
2001-09-14 12:00:00,31303.0,31588.705159308538,-285.705159308538,285.705159308538,81627.43805551706
2001-09-14 13:00:00,31276.0,31028.01546201817,247.9845379818289,247.9845379818289,61496.33107806114
2001-09-14 14:00:00,31040.0,31204.16615722259,-164.1661572225894,164.1661572225894,26950.52717723194
2001-09-14 15:00:00,30548.0,31184.391679882243,-636.3916798822429,636.3916798822429,404994.37022334314
2001-09-14 16:00:00,30279.0,30574.688879027908,-295.6888790279081,295.6888790279081,87431.91318078087
2001-09-14 17:00:00,29774.0,30999.45618570276,-1225.4561857027584,1225.4561857027584,1501742.8630771535
2001-09-14 18:00:00,28972.0,30194.234447204875,-1222.2344472048753,1222.2344472048753,1493857.0439342072
2001-09-14 19:00:00,29318.0,29678.502546927444,-360.5025469274442,360.5025469274442,129962.0863411741
2001-09-14 20:00:00,29759.0,30152.870897536628,-393.87089753662804,393.87089753662804,155134.28392630894
2001-09-14 21:00:00,28253.0,29811.23783104945,-1558.2378310494496,1558.2378310494496,2428105.138113693
2001-09-14 22:00:00,26265.0,26810.558325008362,-545.5583250083619,545.5583250083619,297633.8859859294
2001-09-14 23:00:00,23923.0,24429.407167272555,-506.40716727255494,506.40716727255494,256448.21906501343
2001-09-15 00:00:00,22120.0,22328.877614683337,-208.87761468333701,208.87761468333701,43629.85791580061
2001-09-15 01:00:00,20923.0,21241.488204078523,-318.48820407852327,318.48820407852327,101434.73613716308
2001-09-15 02:00:00,20330.0,20438.407971683304,-108.40797168330391,108.40797168330391,11752.288324488023
2001-09-15 03:00:00,19914.0,20113.881738440537,-199.88173844053745,199.88173844053745,39952.709362011425
2001-09-15 04:00:00,19919.0,20206.80093593832,-287.80093593832135,287.80093593832135,82829.37872697375
2001-09-15 05:00:00,20400.0,20772.1662861022,-372.1662861022014,372.1662861022014,138507.74451110564
2001-09-15 06:00:00,21314.0,21667.359485974554,-353.35948597455354,353.35948597455354,124862.9263282007
2001-09-15 07:00:00,22309.0,22767.103742063493,-458.103742063493,458.103742063493,209859.0384925753
2001-09-15 08:00:00,24491.0,24452.50308568267,38.496914317329356,38.496914317329356,1482.012411955798
2001-09-15 09:00:00,26010.0,26271.44256898171,-261.4425689817108,261.4425689817108,68352.21687575661
2001-09-15 10:00:00,26950.0,27041.184546137643,-91.18454613764334,91.18454613764334,8314.621454328006
2001-09-15 11:00:00,26982.0,27374.559194536047,-392.55919453604656,392.55919453604656,154102.72121478964
2001-09-15 12:00:00,26826.0,26846.180936767894,-20.18093676789431,20.18093676789431,407.2702088297484
2001-09-15 13:00:00,26563.0,26534.48607478615,28.513925213850598,28.513925213850598,813.0439311010649
2001-09-15 14:00:00,26214.0,26298.402018727087,-84.40201872708712,84.40201872708712,7123.700765207565
2001-09-15 15:00:00,25964.0,25999.817919474375,-35.81791947437523,35.81791947437523,1282.9233554728285
2001-09-15 16:00:00,26111.0,26028.737200524472,82.26279947552757,82.26279947552757,6767.16817755086
2001-09-15 17:00:00,26084.0,26167.258270070095,-83.25827007009502,83.25827007009502,6931.939535064881
2001-09-15 18:00:00,26044.0,26323.041735160932,-279.04173516093215,279.04173516093215,77864.2899616238
2001-09-15 19:00:00,26894.0,26713.510597555192,180.48940244480764,180.48940244480764,32576.424394883732
2001-09-15 20:00:00,27510.0,27340.607781221537,169.39221877846285,169.39221877846285,28693.72378269062
2001-09-15 21:00:00,26461.0,26848.28690357938,-387.28690357938103,387.28690357938103,149991.1456841048
2001-09-15 22:00:00,24726.0,24815.8918425175,-89.89184251749975,89.89184251749975,8080.543351190977
2001-09-15 23:00:00,22853.0,22930.26525671764,-77.26525671764102,77.26525671764102,5969.919895642971
2001-09-16 00:00:00,21098.0,21252.867938506177,-154.86793850617687,154.86793850617687,23984.07837715298
2001-09-16 01:00:00,19939.0,20156.370236636983,-217.37023663698346,217.37023663698346,47249.81977561819
2001-09-16 02:00:00,19414.0,19422.071014303623,-8.071014303623087,8.071014303623087,65.14127188928848
2001-09-16 03:00:00,19023.0,19124.88869277024,-101.8886927702406,101.8886927702406,10381.305714428478
2001-09-16 04:00:00,19056.0,18960.15172544971,95.84827455029153,95.84827455029153,9186.891734268063
2001-09-16 05:00:00,19211.0,19259.636661762037,-48.636661762036965,48.636661762036965,2365.5248673547885
2001-09-16 06:00:00,19814.0,19732.46289650596,81.53710349403991,81.53710349403991,6648.299246197776
2001-09-16 07:00:00,20493.0,20599.181642394586,-106.18164239458565,106.18164239458565,11274.541181611668
2001-09-16 08:00:00,22376.0,22258.83930439303,117.16069560696997,117.16069560696997,13726.628595109072
2001-09-16 09:00:00,24018.0,23928.63856608649,89.36143391350925,89.36143391350925,7985.465871078481
2001-09-16 10:00:00,24889.0,24924.64836902395,-35.64836902395109,35.64836902395109,1270.8062140677957
2001-09-16 11:00:00,25412.0,25290.54620187949,121.45379812051033,121.45379812051033,14751.025077897679
2001-09-16 12:00:00,25804.0,25531.42578001258,272.5742199874185,272.5742199874185,74296.7054017496
2001-09-16 13:00:00,25974.0,25640.308616349543,333.6913836504573,333.6913836504573,111349.93952255667
2001-09-16 14:00:00,25934.0,25870.5685694549,63.43143054510074,63.43143054510074,4023.546380997939
2001-09-16 15:00:00,26193.0,25897.439265471698,295.5607345283024,295.5607345283024,87356.14779490966
2001-09-16 16:00:00,26514.0,26390.623413580633,123.3765864193665,123.3765864193665,15221.78207649541
2001-09-16 17:00:00,26910.0,26592.10682748577,317.89317251422835,317.89317251422835,101056.06913116096
2001-09-16 18:00:00,26927.0,27119.616620352554,-192.61662035255358,192.61662035255358,37101.16243603976
2001-09-16 19:00:00,28132.0,27694.00088919942,437.99911080058155,437.99911080058155,191843.2210621001
2001-09-16 20:00:00,28879.0,28144.49965606848,734.5003439315187,734.5003439315187,539490.7552355193
2001-09-16 21:00:00,27368.0,27846.880965557928,-478.880965557928,478.880965557928,229326.97917369343
2001-09-16 22:00:00,25153.0,25492.738460203436,-339.73846020343626,339.73846020343626,115422.22134140185
2001-09-16 23:00:00,23096.0,23196.72722934947,-100.7272293494716,100.7272293494716,10145.974732421053
2001-09-17 00:00:00,21498.0,21416.595714643736,81.40428535626415,81.40428535626415,6626.657674364083
2001-09-17 01:00:00,20585.0,20527.117186380765,57.882813619235094,57.882813619235094,3350.4201124791075
2001-09-17 02:00:00,20077.0,20199.034659840618,-122.03465984061768,122.03465984061768,14892.458202415266
2001-09-17 03:00:00,20056.0,19904.218270915455,151.78172908454508,151.78172908454508,23037.693283894238
2001-09-17 04:00:00,20562.0,20449.045851715124,112.95414828487628,112.95414828487628,12758.63961476182
2001-09-17 05:00:00,22345.0,22277.70942615526,67.29057384474072,67.29057384474072,4528.021328354504
2001-09-17 06:00:00,25868.0,25908.145777983944,-40.145777983943844,40.145777983943844,1611.6834899361104
2001-09-17 07:00:00,28243.0,28328.61741256163,-85.61741256163077,85.61741256163077,7330.341333748491
2001-09-17 08:00:00,29461.0,29668.930677342436,-207.93067734243596,207.93067734243596,43235.16658008421
2001-09-17 09:00:00,30552.0,30434.344634919446,117.65536508055447,117.65536508055447,13842.784932238557
2001-09-17 10:00:00,31624.0,31380.613436562406,243.3865634375943,243.3865634375943,59237.019261962116
2001-09-17 11:00:00,32236.0,32097.791809620823,138.2081903791768,138.2081903791768,19101.50388788678
2001-09-17 12:00:00,32559.0,32325.993556483318,233.00644351668234,233.00644351668234,54292.002720292876
2001-09-17 13:00:00,33003.0,32674.74558859037,328.25441140963085,328.25441140963085,107750.9586098832
2001-09-17 14:00:00,33184.0,33010.49039338195,173.50960661804856,173.50960661804856,30105.583588749963
2001-09-17 15:00:00,33292.0,33164.049807695745,127.95019230425532,127.95019230425532,16371.251710695919
2001-09-17 16:00:00,33306.0,33245.06239081987,60.9376091801314,60.9376091801314,3713.392212590435
2001-09-17 17:00:00,32955.0,32897.03513821482,57.96486178517807,57.96486178517807,3359.925201774797
2001-09-17 18:00:00,32192.0,32429.266943754785,-237.26694375478473,237.26694375478473,56295.60259873618
2001-09-17 19:00:00,32826.0,32163.475647653737,662.5243523462632,662.5243523462632,438938.5174518355
2001-09-17 20:00:00,32841.0,32704.75660548536,136.24339451464039,136.24339451464039,18562.262548871942
2001-09-17 21:00:00,30716.0,31559.46534604034,-843.4653460403388,843.4653460403388,711433.7899709485
2001-09-17 22:00:00,27795.0,27995.339269303582,-200.3392693035821,200.3392693035821,40135.8228250932
2001-09-17 23:00:00,24975.0,25215.91969565218,-240.91969565218096,240.91969565218096,58042.2997531395
2001-09-18 00:00:00,23088.0,23238.169056440496,-150.1690564404962,150.1690564404962,22550.745512228936
2001-09-18 01:00:00,22009.0,22055.747872067175,-46.747872067175194,46.747872067175194,2185.3635428089788
2001-09-18 02:00:00,21482.0,21493.67188197054,-11.67188197053838,11.67188197053838,136.2328287341789
2001-09-18 03:00:00,21138.0,21162.97807084382,-24.978070843819296,24.978070843819296,623.9040230788556
2001-09-18 04:00:00,21422.0,21405.50225056934,16.497749430658587,16.497749430658587,272.1757362767957
2001-09-18 05:00:00,23173.0,23036.00568085251,136.99431914748857,136.99431914748857,18767.443478683952
2001-09-18 06:00:00,26363.0,26540.46291636558,-177.4629163655809,177.4629163655809,31493.08668497716
2001-09-18 07:00:00,28368.0,28981.609894918678,-613.609894918678,613.609894918678,376517.1031421111
2001-09-18 08:00:00,29886.0,29882.05902708718,3.9409729128201434,3.9409729128201434,15.531267499582086
2001-09-18 09:00:00,30971.0,30872.483671451046,98.51632854895433,98.51632854895433,9705.466990765515
2001-09-18 10:00:00,32059.0,31748.671630885143,310.3283691148572,310.3283691148572,96303.69667748705
2001-09-18 11:00:00,32754.0,32648.137738917267,105.86226108273331,105.86226108273331,11206.818321548792
2001-09-18 12:00:00,33129.0,33242.099801766075,-113.09980176607496,113.09980176607496,12791.565159525453
2001-09-18 13:00:00,33607.0,33440.32872249494,166.67127750506188,166.67127750506188,27779.314745169348
2001-09-18 14:00:00,33759.0,33836.18314350676,-77.18314350675792,77.18314350675792,5957.237641584787
2001-09-18 15:00:00,33419.0,34005.916619163225,-586.9166191632248,586.9166191632248,344471.1178499899
2001-09-18 16:00:00,33312.0,33191.47032886761,120.52967113238992,120.52967113238992,14527.401623282069
2001-09-18 17:00:00,32865.0,32998.50401801991,-133.50401801990665,133.50401801990665,17823.32282745956
2001-09-18 18:00:00,32181.0,32244.845336479186,-63.84533647918579,63.84533647918579,4076.2269901404516
2001-09-18 19:00:00,32963.0,31960.0924016677,1002.9075983322982,1002.9075983322982,1005823.6507926584
2001-09-18 20:00:00,33181.0,32871.41193061842,309.58806938157795,309.58806938157795,95844.77270341273
2001-09-18 21:00:00,31268.0,31805.18237623225,-537.1823762322492,537.1823762322492,288564.90533452574
2001-09-18 22:00:00,28251.0,28565.66838161364,-314.6683816136392,314.6683816136392,99016.19038734687
2001-09-18 23:00:00,25495.0,25583.803745308847,-88.80374530884728,88.80374530884728,7886.105180878616
2001-09-19 00:00:00,23575.0,23481.744045178064,93.25595482193603,93.25595482193603,8696.673109750975
2001-09-19 01:00:00,22504.0,22573.46367224538,-69.46367224537971,69.46367224537971,4825.201761813536
2001-09-19 02:00:00,21755.0,21892.28178119018,-137.28178119018048,137.28178119018048,18846.287446748593
2001-09-19 03:00:00,21498.0,21409.586667188545,88.4133328114549,88.4133328114549,7816.917418829086
2001-09-19 04:00:00,21924.0,21773.60715385549,150.39284614451026,150.39284614451026,22618.008171446334
2001-09-19 05:00:00,23566.0,23400.62237427482,165.37762572518113,165.37762572518113,27349.759090498093
2001-09-19 06:00:00,27070.0,27104.774074066627,-34.77407406662678,34.77407406662678,1209.2362271912452
2001-09-19 07:00:00,29005.0,29816.187210664604,-811.1872106646042,811.1872106646042,658024.690745821
2001-09-19 08:00:00,30242.0,30394.083855756835,-152.08385575683496,152.08385575683496,23129.499181865784
2001-09-19 09:00:00,31552.0,31304.00201818552,247.9979818144784,247.9979818144784,61502.998984054364
2001-09-19 10:00:00,32905.0,32406.86873449357,498.13126550642846,498.13126550642846,248134.75767503591
2001-09-19 11:00:00,33688.0,33628.33154010574,59.668459894259286,59.668459894259286,3560.325106152829
2001-09-19 12:00:00,33967.0,34181.17581994768,-214.1758199476826,214.1758199476826,45871.28185026216
2001-09-19 13:00:00,34368.0,34352.299760089234,15.700239910765958,15.700239910765958,246.49753325560826
2001-09-19 14:00:00,34719.0,34711.124900526265,7.8750994737347355,7.8750994737347355,62.01719172121711
2001-09-19 15:00:00,34601.0,34786.01339204032,-185.01339204031683,185.01339204031683,34229.95523426397
2001-09-19 16:00:00,34522.0,34461.0689889374,60.93101106260292,60.93101106260292,3712.5881091110396
2001-09-19 17:00:00,33806.0,34222.28642745189,-416.286427451887,416.286427451887,173294.38968065518
2001-09-19 18:00:00,32949.0,33420.942859572184,-471.9428595721838,471.9428595721838,222730.06270117
2001-09-19 19:00:00,33929.0,32551.909807896478,1377.090192103522,1377.090192103522,1896377.3971877152
2001-09-19 20:00:00,33894.0,33988.95673756365,-94.95673756364704,94.95673756364704,9016.782008731336
2001-09-19 21:00:00,31978.0,32770.51089582712,-792.510895827123,792.510895827123,628073.520004709
2001-09-19 22:00:00,29072.0,29427.532507453667,-355.53250745366677,355.53250745366677,126403.36385629162
2001-09-19 23:00:00,26541.0,26343.618458705474,197.38154129452596,197.38154129452596,38959.47284380266
2001-09-20 00:00:00,24546.0,24349.505846652606,196.49415334739388,196.49415334739388,38609.95229970914
2001-09-20 01:00:00,23490.0,23399.282945429157,90.71705457084317,90.71705457084317,8229.583990009338
2001-09-20 02:00:00,22902.0,22826.148749567343,75.85125043265725,75.85125043265725,5753.412192197687
2001-09-20 03:00:00,22608.0,22553.86071915863,54.13928084136933,54.13928084136933,2931.06173002066
2001-09-20 04:00:00,23091.0,22757.061565795786,333.938434204214,333.938434204214,111514.87783876216
2001-09-20 05:00:00,25043.0,24597.47426131283,445.5257386871708,445.5257386871708,198493.1838327492
2001-09-20 06:00:00,28919.0,28443.47732092365,475.5226790763518,475.5226790763518,226121.81831595104
2001-09-20 07:00:00,31293.0,31260.473613865503,32.52638613449744,32.52638613449744,1057.9657949704276
2001-09-20 08:00:00,32596.0,32538.53166575734,57.46833424266151,57.46833424266151,3302.609440626262
2001-09-20 09:00:00,33480.0,33889.47103865944,-409.4710386594379,409.4710386594379,167666.5315008389
2001-09-20 10:00:00,34156.0,33962.7669964472,193.23300355279935,193.23300355279935,37338.99366203616
2001-09-20 11:00:00,34400.0,34495.637298361835,-95.63729836183484,95.63729836183484,9146.492837950616
2001-09-20 12:00:00,34155.0,34658.21317595728,-503.2131759572803,503.2131759572803,253223.50045701276
2001-09-20 13:00:00,34110.0,34217.52901212708,-107.52901212708093,107.52901212708093,11562.488449025917
2001-09-20 14:00:00,33897.0,34039.334467285924,-142.3344672859239,142.3344672859239,20259.10057756774
2001-09-20 15:00:00,33681.0,33807.42083854179,-126.42083854178782,126.42083854178782,15982.228417608783
2001-09-20 16:00:00,33688.0,33711.18269414686,-23.18269414686074,23.18269414686074,537.4373079068912
2001-09-20 17:00:00,33564.0,33938.274170928016,-374.27417092801625,374.27417092801625,140081.15502385393
2001-09-20 18:00:00,33378.0,33771.95066026495,-393.95066026494897,393.95066026494897,155197.12272318924
2001-09-20 19:00:00,34309.0,33210.9047319096,1098.095268090401,1098.095268090401,1205813.21780253
2001-09-20 20:00:00,34119.0,33939.54168623846,179.45831376154092,179.45831376154092,32205.28637813567
2001-09-20 21:00:00,32027.0,32564.034341397422,-537.0343413974224,537.0343413974224,288405.88384016324
2001-09-20 22:00:00,29719.0,29522.32452573625,196.6754742637495,196.6754742637495,38681.242176870786
2001-09-20 23:00:00,26931.0,27033.44039086516,-102.4403908651584,102.4403908651584,10494.03368060643
2001-09-21 00:00:00,24888.0,24851.918596502343,36.08140349765745,36.08140349765745,1301.867678360767
2001-09-21 01:00:00,23714.0,23486.683700122354,227.3162998776461,227.3162998776461,51672.70019006392
2001-09-21 02:00:00,23005.0,23125.377276404764,-120.37727640476442,120.37727640476442,14490.688674629051
2001-09-21 03:00:00,22819.0,22667.245788977063,151.75421102293694,151.75421102293694,23029.340563194077
2001-09-21 04:00:00,23194.0,23123.683676101326,70.31632389867445,70.31632389867445,4944.385406623296
2001-09-21 05:00:00,24858.0,24784.0610910045,73.93890899550024,73.93890899550024,5466.962263444867
2001-09-21 06:00:00,28487.0,28087.633428579284,399.36657142071635,399.36657142071635,159493.65836833813
2001-09-21 07:00:00,31004.0,30786.859669425663,217.14033057433699,217.14033057433699,47149.92316193235
2001-09-21 08:00:00,32284.0,32279.304047545695,4.69595245430537,4.69595245430537,22.051969453096632
2001-09-21 09:00:00,33395.0,33360.61884094063,34.381159059368656,34.381159059368656,1182.0640982656073
2001-09-21 10:00:00,34468.0,34003.27617589031,464.72382410969294,464.72382410969294,215968.23269513683
2001-09-21 11:00:00,35143.0,34915.78386475284,227.2161352471594,227.2161352471594,51627.172116655434
2001-09-21 12:00:00,35646.0,35643.49693324587,2.5030667541286675,2.5030667541286675,6.265343175624223
2001-09-21 13:00:00,36122.0,35996.144672773815,125.85532722618518,125.85532722618518,15839.56339121015
2001-09-21 14:00:00,36400.0,36323.42121381075,76.57878618925315,76.57878618925315,5864.3104942193495
2001-09-21 15:00:00,36305.0,36478.78373932289,-173.78373932289105,173.78373932289105,30200.788053046548
2001-09-21 16:00:00,36026.0,35991.70026102152,34.29973897847958,34.29973897847958,1176.4720939918316
2001-09-21 17:00:00,35241.0,35503.25791984753,-262.2579198475287,262.2579198475287,68779.21652275277
2001-09-21 18:00:00,34327.0,34647.940567382735,-320.940567382735,320.940567382735,103002.84779195188
2001-09-21 19:00:00,34614.0,33861.885568276244,752.1144317237558,752.1144317237558,565676.1184071482
2001-09-21 20:00:00,34089.0,34495.53548467939,-406.53548467939254,406.53548467939254,165271.1003035086
2001-09-21 21:00:00,32368.0,33037.7495627095,-669.7495627094977,669.7495627094977,448564.47674956336
2001-09-21 22:00:00,30151.0,29746.760177246742,404.2398227532576,404.2398227532576,163409.83429958514
2001-09-21 23:00:00,27706.0,27533.743303463205,172.25669653679506,172.25669653679506,29672.369501769503
2001-09-22 00:00:00,25214.0,25654.78832961735,-440.7883296173495,440.7883296173495,194294.35152685316
2001-09-22 01:00:00,23818.0,23984.360980670022,-166.3609806700224,166.3609806700224,27675.975889491565
2001-09-22 02:00:00,22863.0,23107.29635411141,-244.29635411141135,244.29635411141135,59680.70863212809
2001-09-22 03:00:00,22364.0,22442.66324418967,-78.66324418966906,78.66324418966906,6187.905986443503
2001-09-22 04:00:00,22202.0,22324.779258487546,-122.77925848754603,122.77925848754603,15074.746314751645
2001-09-22 05:00:00,22660.0,22796.813188453267,-136.81318845326678,136.81318845326678,18717.84853474909
2001-09-22 06:00:00,23690.0,23749.637389946038,-59.63738994603773,59.63738994603773,3556.618279575762
2001-09-22 07:00:00,24840.0,25347.37800660754,-507.37800660754147,507.37800660754147,257432.4415890424
2001-09-22 08:00:00,27007.0,27011.897634721754,-4.897634721754002,4.897634721754002,23.986825867730403
2001-09-22 09:00:00,29116.0,29014.008355715298,101.99164428470249,101.99164428470249,10402.295503897285
2001-09-22 10:00:00,30627.0,30621.93365133924,5.066348660759104,5.066348660759104,25.667888752375568
2001-09-22 11:00:00,31654.0,31504.40642461837,149.59357538163022,149.59357538163022,22378.23779545948
2001-09-22 12:00:00,32359.0,32248.186026526866,110.81397347313396,110.81397347313396,12279.736716904436
2001-09-22 13:00:00,32752.0,32350.025436055435,401.9745639445646,401.9745639445646,161583.55005842284
2001-09-22 14:00:00,32867.0,33087.54363054177,-220.54363054176793,220.54363054176793,48639.49297254383
2001-09-22 15:00:00,32938.0,32973.808127151635,-35.808127151634835,35.808127151634835,1282.2219701076478
2001-09-22 16:00:00,32757.0,32875.89775018923,-118.89775018922955,118.89775018922955,14136.675000060437
2001-09-22 17:00:00,32313.0,32706.72820747904,-393.72820747903825,393.72820747903825,155021.9013646566
2001-09-22 18:00:00,31634.0,31945.383505818423,-311.38350581842315,311.38350581842315,96959.68769577197
2001-09-22 19:00:00,32572.0,31288.821403277634,1283.178596722366,1283.178596722366,1646547.3110863802
2001-09-22 20:00:00,32259.0,32584.49498574411,-325.4949857441097,325.4949857441097,105946.98574455819
2001-09-22 21:00:00,30865.0,31695.836851785647,-830.836851785647,830.836851785647,690289.8742850851
2001-09-22 22:00:00,28723.0,28766.98785506462,-43.98785506462082,43.98785506462082,1934.9313931860872
2001-09-22 23:00:00,26537.0,26550.214545449686,-13.21454544968583,13.21454544968583,174.62421144181246
2001-09-23 00:00:00,24274.0,24503.98755626144,-229.98755626143975,229.98755626143975,52894.27603510892
2001-09-23 01:00:00,23158.0,22968.20834363419,189.79165636581092,189.79165636581092,36020.872826078055
2001-09-23 02:00:00,21982.0,22341.68018036156,-359.6801803615599,359.6801803615599,129369.83214492426
2001-09-23 03:00:00,21472.0,21561.68412596101,-89.68412596100825,89.68412596100825,8043.242449389993
2001-09-23 04:00:00,21160.0,21356.936059891872,-196.936059891872,196.936059891872,38783.81168573499
2001-09-23 05:00:00,21314.0,21395.448387253582,-81.44838725358204,81.44838725358204,6633.839786209465
2001-09-23 06:00:00,21743.0,21882.32308816466,-139.32308816465957,139.32308816465957,19410.9228957375
2001-09-23 07:00:00,22282.0,22821.569175518733,-539.5691755187327,539.5691755187327,291134.89516996493
2001-09-23 08:00:00,24316.0,24478.828107312693,-162.82810731269274,162.82810731269274,26512.992531033782
2001-09-23 09:00:00,26394.0,26314.133442916056,79.86655708394392,79.86655708394392,6378.666940442872
2001-09-23 10:00:00,27881.0,27811.482042237498,69.51795776250219,69.51795776250219,4832.746451469039
2001-09-23 11:00:00,29194.0,28821.31248281196,372.6875171880383,372.6875171880383,138895.98546778437
2001-09-23 12:00:00,30159.0,29796.429909400882,362.570090599118,362.570090599118,131457.0705970526
2001-09-23 13:00:00,30820.0,30720.68514170004,99.31485829996018,99.31485829996018,9863.441079141168
2001-09-23 14:00:00,31141.0,31275.485260160895,-134.48526016089454,134.48526016089454,18086.285200543487
2001-09-23 15:00:00,31339.0,31345.098862096653,-6.098862096652738,6.098862096652738,37.19611887398743
2001-09-23 16:00:00,31578.0,31371.254133894952,206.74586610504775,206.74586610504775,42743.85315152633
2001-09-23 17:00:00,31609.0,31667.15996959884,-58.15996959884069,58.15996959884069,3382.5820637380734
2001-09-23 18:00:00,31337.0,31546.440555430545,-209.44055543054492,209.44055543054492,43865.34625905516
2001-09-23 19:00:00,32566.0,30907.691552662483,1658.3084473375166,1658.3084473375166,2749986.906510965
2001-09-23 20:00:00,32553.0,32486.56403549069,66.43596450931,66.43596450931,4413.737380282298
2001-09-23 21:00:00,30992.0,31828.16048060863,-836.1604806086289,836.1604806086289,699164.3493316532
2001-09-23 22:00:00,28527.0,29182.730672052327,-655.7306720523266,655.7306720523266,429982.71427019587
2001-09-23 23:00:00,26189.0,26409.583855124016,-220.58385512401583,220.58385512401583,48657.2371413728
2001-09-24 00:00:00,24419.0,24245.919289762718,173.0807102372819,173.0807102372819,29956.932256241937
2001-09-24 01:00:00,23461.0,23151.759166981974,309.240833018026,309.240833018026,95629.89280568266
2001-09-24 02:00:00,22875.0,22894.547922029764,-19.547922029763868,19.547922029763868,382.1212556817275
2001-09-24 03:00:00,22718.0,22664.980177383444,53.01982261655576,53.01982261655576,2811.101590291037
2001-09-24 04:00:00,23225.0,22957.924746755263,267.0752532447368,267.0752532447368,71329.1908957403
2001-09-24 05:00:00,25032.0,24920.96913088988,111.03086911011997,111.03086911011997,12327.853895348591
2001-09-24 06:00:00,29256.0,28674.63804355702,581.3619564429791,581.3619564429791,337981.7243992084
2001-09-24 07:00:00,31870.0,31726.819858301747,143.18014169825256,143.18014169825256,20500.55297673168
2001-09-24 08:00:00,33019.0,33165.516066505224,-146.51606650522444,146.51606650522444,21466.957744163352
2001-09-24 09:00:00,34405.0,33880.0757418484,524.924258151601,524.924258151601,275545.4767960086
2001-09-24 10:00:00,35511.0,35425.4161689012,85.58383109879651,85.58383109879651,7324.592145547328
2001-09-24 11:00:00,36100.0,36070.740774670936,29.259225329064066,29.259225329064066,856.1022668569442
2001-09-24 12:00:00,36531.0,36413.44181579014,117.55818420986179,117.55818420986179,13819.926674719798
2001-09-24 13:00:00,37177.0,36906.30471311622,270.6952868837834,270.6952868837834,73275.9383410938
2001-09-24 14:00:00,37238.0,37385.49996063901,-147.499960639012,147.499960639012,21756.238388510086
2001-09-24 15:00:00,37075.0,37215.33645056543,-140.33645056543173,140.33645056543173,19694.319357303866
2001-09-24 16:00:00,36920.0,36698.7641236628,221.23587633720308,221.23587633720308,48945.312978690214
2001-09-24 17:00:00,36634.0,36349.56218573567,284.4378142643327,284.4378142643327,80904.87018347102
2001-09-24 18:00:00,36446.0,35928.0557167741,517.944283225901,517.944283225901,268266.2805263924
2001-09-24 19:00:00,37175.0,35820.87620924973,1354.1237907502727,1354.1237907502727,1833651.2406758885
2001-09-24 20:00:00,36110.0,36352.70750150332,-242.70750150331878,242.70750150331878,58906.93128598349
2001-09-24 21:00:00,34011.0,34812.78203544511,-801.7820354451105,801.7820354451105,642854.4323625044
2001-09-24 22:00:00,30961.0,31296.20396951263,-335.20396951262956,335.20396951262956,112361.70117702389
2001-09-24 23:00:00,28139.0,28081.116691813604,57.88330818639588,57.88330818639588,3350.4773666012843
2001-09-25 00:00:00,26026.0,26085.69154848688,-59.69154848688049,59.69154848688049,3563.0809607616047
2001-09-25 01:00:00,24842.0,24803.044076710026,38.955923289973725,38.955923289973725,1517.5639593743174
2001-09-25 02:00:00,23934.0,24036.576828364392,-102.57682836439199,102.57682836439199,10522.005717297932
2001-09-25 03:00:00,23527.0,23628.195729930463,-101.19572993046313,101.19572993046313,10240.57575615923
2001-09-25 04:00:00,23631.0,23684.333724790893,-53.33372479089303,53.33372479089303,2844.4862000707176
2001-09-25 05:00:00,25258.0,25222.7053156943,35.294684305699775,35.294684305699775,1245.71474023901
2001-09-25 06:00:00,29085.0,28250.510211190467,834.4897888095329,834.4897888095329,696373.2076273789
2001-09-25 07:00:00,31370.0,31780.612778718707,-410.612778718707,410.612778718707,168602.85404709782
2001-09-25 08:00:00,32018.0,32987.24546671841,-969.2454667184065,969.2454667184065,939436.7747541817
2001-09-25 09:00:00,32587.0,32994.64381530179,-407.643815301788,407.643815301788,166173.48015379824
2001-09-25 10:00:00,33007.0,33274.2277871382,-267.227787138203,267.227787138203,71410.69021878073
2001-09-25 11:00:00,33279.0,33234.86880118185,44.13119881814782,44.13119881814782,1947.5627091268918
2001-09-25 12:00:00,33152.0,33431.96622173517,-279.96622173517244,279.96622173517244,78381.08531266774
2001-09-25 13:00:00,33534.0,33140.95356697049,393.04643302950717,393.04643302950717,154485.49851721886
2001-09-25 14:00:00,33317.0,33846.9684167779,-529.9684167778978,529.9684167778978,280866.5227820716
2001-09-25 15:00:00,32513.0,33395.90526712922,-882.9052671292229,882.9052671292229,779521.7107245245
2001-09-25 16:00:00,32295.0,32545.284022299336,-250.28402229933636,250.28402229933636,62642.0918183347
2001-09-25 17:00:00,31941.0,32302.894307654624,-361.89430765462384,361.89430765462384,130967.48991281954
2001-09-25 18:00:00,31258.0,32055.622476663008,-797.6224766630075,797.6224766630075,636201.61527803
2001-09-25 19:00:00,32359.0,31181.447298564653,1177.5527014353465,1177.5527014353465,1386630.3646576824
2001-09-25 20:00:00,31724.0,33104.00924235269,-1380.0092423526876,1380.0092423526876,1904425.5089788388
2001-09-25 21:00:00,29751.0,30844.51431376306,-1093.5143137630585,1093.5143137630585,1195773.5544046927
2001-09-25 22:00:00,27134.0,27425.445151209096,-291.44515120909637,291.44515120909637,84940.27616329305
2001-09-25 23:00:00,24195.0,24886.29027240356,-691.2902724035594,691.2902724035594,477882.2407197873
2001-09-26 00:00:00,22414.0,22521.855820241533,-107.85582024153337,107.85582024153337,11632.87795997396
2001-09-26 01:00:00,21452.0,21411.244544144083,40.75545585591681,40.75545585591681,1661.0071820235835
2001-09-26 02:00:00,20857.0,21001.08851402914,-144.08851402913933,144.08851402913933,20761.499875125483
2001-09-26 03:00:00,20647.0,20637.7436222466,9.256377753401466,9.256377753401466,85.68052911366557
2001-09-26 04:00:00,21109.0,20935.684765081278,173.31523491872213,173.31523491872213,30038.170654931837
2001-09-26 05:00:00,22833.0,22348.06062123087,484.9393787691297,484.9393787691297,235166.20108098944
2001-09-26 06:00:00,26790.0,26068.375589274543,721.624410725457,721.624410725457,520741.79015486303
2001-09-26 07:00:00,28733.0,29221.496173378135,-488.4961733781347,488.4961733781347,238628.51140508064
2001-09-26 08:00:00,29301.0,29803.290759627624,-502.29075962762363,502.29075962762363,252296.0072072952
2001-09-26 09:00:00,30280.0,29973.571319319646,306.42868068035386,306.42868068035386,93898.53634350227
2001-09-26 10:00:00,30323.0,30948.566932849262,-625.5669328492622,625.5669328492622,391333.9874744334
2001-09-26 11:00:00,30579.0,30500.261835672598,78.73816432740205,78.73816432740205,6199.698521648968
2001-09-26 12:00:00,30557.0,30552.74832314168,4.251676858319115,4.251676858319115,18.0767561075663
2001-09-26 13:00:00,30499.0,30441.51943682585,57.48056317415103,57.48056317415103,3304.0151428175677
2001-09-26 14:00:00,30423.0,30383.677987145544,39.32201285445626,39.32201285445626,1546.2206949260235
2001-09-26 15:00:00,30279.0,30306.757221578584,-27.757221578583994,27.757221578583994,770.4633497626089
2001-09-26 16:00:00,30236.0,30323.033431495885,-87.03343149588545,87.03343149588545,7574.8181979489855
2001-09-26 17:00:00,29983.0,30301.32392162637,-318.32392162636825,318.32392162636825,101330.11907959024
2001-09-26 18:00:00,29913.0,30188.85554356849,-275.85554356849025,275.85554356849025,76096.28091746721
2001-09-26 19:00:00,31423.0,30257.37054005775,1165.6294599422508,1165.6294599422508,1358692.0378852633
2001-09-26 20:00:00,30870.0,31154.682416832093,-284.6824168320927,284.6824168320927,81044.07845336139
2001-09-26 21:00:00,29241.0,29444.81369776012,-203.8136977601207,203.8136977601207,41540.02339465383
2001-09-26 22:00:00,26567.0,26757.69973825626,-190.69973825625857,190.69973825625857,36366.39017100553
2001-09-26 23:00:00,24201.0,24056.384817987087,144.61518201291256,144.61518201291256,20913.550868627826
2001-09-27 00:00:00,22382.0,22294.078976447272,87.921023552728,87.921023552728,7730.106382559352
2001-09-27 01:00:00,21407.0,21495.698050510637,-88.69805051063668,88.69805051063668,7867.344164387455
2001-09-27 02:00:00,20786.0,20926.33093141343,-140.33093141343124,140.33093141343124,19692.770311361142
2001-09-27 03:00:00,20761.0,20617.959197738288,143.0408022617121,143.0408022617121,20460.67111167422
2001-09-27 04:00:00,21107.0,21127.491214920392,-20.49121492039194,20.49121492039194,419.88988891369326
2001-09-27 05:00:00,22721.0,22731.914238377263,-10.914238377263246,10.914238377263246,119.12059935572584
2001-09-27 06:00:00,26225.0,26214.239285792577,10.760714207423007,10.760714207423007,115.79297025383535
2001-09-27 07:00:00,28172.0,28702.08130580188,-530.0813058018794,530.0813058018794,280986.1907606255
2001-09-27 08:00:00,29125.0,29387.923002907788,-262.92300290778803,262.92300290778803,69128.50545804872
2001-09-27 09:00:00,29897.0,29857.83201606294,39.167983937059034,39.167983937059034,1534.1309656937146
2001-09-27 10:00:00,30467.0,30330.715377538876,136.28462246112394,136.28462246112394,18573.49831937109
2001-09-27 11:00:00,30750.0,30611.175990168893,138.8240098311071,138.8240098311071,19272.10570558732
2001-09-27 12:00:00,30660.0,30718.75206789125,-58.7520678912515,58.7520678912515,3451.8054814982256
2001-09-27 13:00:00,30807.0,30557.754566552285,249.2454334477152,249.2454334477152,62123.28609453942
2001-09-27 14:00:00,30330.0,30704.335554590692,-374.3355545906925,374.3355545906925,140127.1074307213
2001-09-27 15:00:00,30096.0,30160.27432140092,-64.2743214009206,64.2743214009206,4131.18839154884
2001-09-27 16:00:00,29910.0,30005.84282929509,-95.84282929508845,95.84282929508845,9185.847927287465
2001-09-27 17:00:00,29742.0,29692.486777384896,49.51322261510359,49.51322261510359,2451.5592137328053
2001-09-27 18:00:00,30127.0,29830.763770669226,296.2362293307742,296.2362293307742,87755.90356811506
2001-09-27 19:00:00,31610.0,30950.71396988479,659.2860301152105,659.2860301152105,434658.0695050742
2001-09-27 20:00:00,30901.0,31174.812240560565,-273.81224056056453,273.81224056056453,74973.14308079646
2001-09-27 21:00:00,29206.0,29461.861742687604,-255.86174268760442,255.86174268760442,65465.231371137896
2001-09-27 22:00:00,26567.0,26730.664919364797,-163.66491936479724,163.66491936479724,26786.205830685583
2001-09-27 23:00:00,24032.0,24082.685242831696,-50.68524283169609,50.68524283169609,2568.9938409079996
2001-09-28 00:00:00,22301.0,22207.383901293284,93.616098706716,93.616098706716,8763.973937065593
2001-09-28 01:00:00,21362.0,21439.29415440898,-77.29415440898083,77.29415440898083,5974.38630579937
2001-09-28 02:00:00,20814.0,20855.72483060844,-41.72483060844024,41.72483060844024,1740.9614893030318
2001-09-28 03:00:00,20733.0,20569.98171901359,163.01828098640908,163.01828098640908,26574.959935763825
2001-09-28 04:00:00,20927.0,21080.97647698051,-153.9764769805115,153.9764769805115,23708.75546332999
2001-09-28 05:00:00,22895.0,22656.72418745842,238.2758125415785,238.2758125415785,56775.36284234945
2001-09-28 06:00:00,26600.0,26561.709030542268,38.29096945773199,38.29096945773199,1466.198342012964
2001-09-28 07:00:00,28608.0,29135.62130154756,-527.6213015475587,527.6213015475587,278384.2378467399
2001-09-28 08:00:00,29277.0,29557.929635898676,-280.92963589867577,280.92963589867577,78921.46032616253
2001-09-28 09:00:00,29912.0,30021.259399567956,-109.25939956795628,109.25939956795628,11937.616393950324
2001-09-28 10:00:00,30445.0,30311.5493087037,133.45069129630065,133.45069129630065,17809.087007460534
2001-09-28 11:00:00,30516.0,30559.448653878415,-43.448653878414916,43.448653878414916,1887.7855238462996
2001-09-28 12:00:00,30231.0,30494.944366812975,-263.9443668129752,263.9443668129752,69666.6287723024
2001-09-28 13:00:00,30194.0,30135.882498242732,58.117501757267746,58.117501757267746,3377.6440105060196
2001-09-28 14:00:00,29950.0,30043.04474828661,-93.04474828661114,93.04474828661114,8657.325183718827
2001-09-28 15:00:00,29497.0,29709.599625229836,-212.5996252298355,212.5996252298355,45198.600647866515
2001-09-28 16:00:00,29292.0,29358.314950607128,-66.31495060712768,66.31495060712768,4397.6726740257845
2001-09-28 17:00:00,28911.0,29152.269360572576,-241.26936057257626,241.26936057257626,58210.904351099816
2001-09-28 18:00:00,28961.0,29147.45311824749,-186.45311824748933,186.45311824748933,34764.76530421224
2001-09-28 19:00:00,30039.0,29663.129086167253,375.87091383274674,375.87091383274674,141278.94386546413
2001-09-28 20:00:00,29551.0,30163.628938866448,-612.6289388664482,612.6289388664482,375314.21673663025
2001-09-28 21:00:00,28070.0,28356.205423974083,-286.2054239740828,286.2054239740828,81913.54471218449
2001-09-28 22:00:00,26114.0,26152.249584636953,-38.24958463695293,38.24958463695293,1463.0307248994256
2001-09-28 23:00:00,23945.0,23942.71477008981,2.2852299101905373,2.2852299101905373,5.222275742429451
2001-09-29 00:00:00,22154.0,21960.99315400742,193.00684599257875,193.00684599257875,37251.64260000301
2001-09-29 01:00:00,21015.0,21125.04775711918,-110.04775711918046,110.04775711918046,12110.508846962133
2001-09-29 02:00:00,20288.0,20508.323278372765,-220.32327837276534,220.32327837276534,48542.34699292305
2001-09-29 03:00:00,19975.0,19903.257875539097,71.74212446090314,71.74212446090314,5146.932422163717
2001-09-29 04:00:00,19992.0,20001.303149591142,-9.303149591141846,9.303149591141846,86.5485923151627
2001-09-29 05:00:00,20588.0,20690.696275440314,-102.69627544031391,102.69627544031391,10546.524989312822
2001-09-29 06:00:00,21727.0,21646.401667925853,80.59833207414704,80.59833207414704,6496.09113313448
2001-09-29 07:00:00,22869.0,22986.782240748144,-117.78224074814352,117.78224074814352,13872.65623565364
2001-09-29 08:00:00,24828.0,24849.68136257296,-21.681362572959188,21.681362572959188,470.08148302011546
2001-09-29 09:00:00,26189.0,26103.47006963689,85.5299303631109,85.5299303631109,7315.368987918601
2001-09-29 10:00:00,26845.0,27067.41523519211,-222.41523519211114,222.41523519211114,49468.536845562114
2001-09-29 11:00:00,26715.0,26952.126402927344,-237.12640292734432,237.12640292734432,56228.93096526125
2001-09-29 12:00:00,26305.0,26397.851497028125,-92.85149702812487,92.85149702812487,8621.400500363881
2001-09-29 13:00:00,25887.0,25859.39948858955,27.600511410448235,27.600511410448235,761.7882301182832
2001-09-29 14:00:00,25391.0,25476.023570446894,-85.02357044689415,85.02357044689415,7229.007531537973
2001-09-29 15:00:00,25080.0,25147.257957435686,-67.25795743568597,67.25795743568597,4523.632838420545
2001-09-29 16:00:00,25117.0,25307.62460758421,-190.62460758421003,190.62460758421003,36337.74101663406
2001-09-29 17:00:00,25182.0,25548.062964002966,-366.0629640029656,366.0629640029656,134002.09361463648
2001-09-29 18:00:00,25692.0,26132.21526146254,-440.2152614625411,440.2152614625411,193789.4764245334
2001-09-29 19:00:00,27250.0,26959.066991534164,290.9330084658359,290.9330084658359,84642.01541498213
2001-09-29 20:00:00,26982.0,27217.335269113817,-235.33526911381705,235.33526911381705,55382.68888887269
2001-09-29 21:00:00,25956.0,26195.313861135488,-239.31386113548797,239.31386113548797,57271.12413157562
2001-09-29 22:00:00,24609.0,24539.8538072277,69.1461927722994,69.1461927722994,4781.19597490399
2001-09-29 23:00:00,22841.0,22841.22786159044,-0.22786159043971566,0.22786159043971566,0.05192090439771672
2001-09-30 00:00:00,21091.0,21203.454762726007,-112.45476272600717,112.45476272600717,12646.073659762573
2001-09-30 01:00:00,20137.0,20163.466783054435,-26.466783054434927,26.466783054434927,700.4906052505238
2001-09-30 02:00:00,19497.0,19592.34053438034,-95.3405343803388,95.3405343803388,9089.817495928564
2001-09-30 03:00:00,19238.0,19269.016657521322,-31.016657521322486,31.016657521322486,962.0330437950107
2001-09-30 04:00:00,19188.0,19096.855986502207,91.14401349779291,91.14401349779291,8307.231196485856
2001-09-30 05:00:00,19491.0,19484.64617728107,6.353822718931042,6.353822718931042,40.37106314360426
2001-09-30 06:00:00,20166.0,20120.977618920766,45.02238107923404,45.02238107923404,2027.014798043771
2001-09-30 07:00:00,21036.0,20923.663505437824,112.33649456217609,112.33649456217609,12619.488010517816
2001-09-30 08:00:00,22876.0,22671.515966267485,204.48403373251494,204.48403373251494,41813.72005152031
2001-09-30 09:00:00,24337.0,24066.490753581078,270.509246418922,270.509246418922,73175.25239813305
2001-09-30 10:00:00,24924.0,24968.4373420957,-44.43734209570175,44.43734209570175,1974.677372530427
2001-09-30 11:00:00,25150.0,25193.2670207238,-43.26702072380067,43.26702072380067,1872.0350823137967
2001-09-30 12:00:00,24913.0,25177.647440601304,-264.64744060130397,264.64744060130397,70038.2678168207
2001-09-30 13:00:00,24755.0,24845.045297118017,-90.0452971180166,90.0452971180166,8108.155533071889
2001-09-30 14:00:00,24884.0,24578.373920213202,305.6260797867981,305.6260797867981,93407.30064584626
2001-09-30 15:00:00,24936.0,24711.2270720802,224.77292791979926,224.77292791979926,50522.86912563927
2001-09-30 16:00:00,25316.0,25257.55478586604,58.44521413396069,58.44521413396069,3415.8430551645183
2001-09-30 17:00:00,25934.0,25722.490210133714,211.50978986628616,211.50978986628616,44736.391209280526
2001-09-30 18:00:00,26888.0,26585.010746890322,302.9892531096775,302.9892531096775,91802.48749996023
2001-09-30 19:00:00,28295.0,27651.19220980685,643.8077901931501,643.8077901931501,414488.47071338724
2001-09-30 20:00:00,28159.0,27894.85531097647,264.1446890235311,264.1446890235311,69772.41673933795
2001-09-30 21:00:00,26859.0,26920.705553337913,-61.70555333791344,61.70555333791344,3807.575312738081
2001-09-30 22:00:00,24941.0,24987.78133438814,-46.78133438813893,46.78133438813893,2188.49324713487
2001-09-30 23:00:00,22827.0,23122.652603831633,-295.6526038316333,295.6526038316333,87410.46215242472
2001-10-01 00:00:00,21478.0,21268.995198033048,209.00480196695207,209.00480196695207,43683.00724524485
2001-10-01 01:00:00,20543.0,20579.40861651583,-36.408616515829635,36.408616515829635,1325.5873565967424
2001-10-01 02:00:00,20205.0,20189.85793036673,15.142069633271603,15.142069633271603,229.28227277884602
2001-10-01 03:00:00,20163.0,20026.30346316213,136.69653683786964,136.69653683786964,18685.943183467054
2001-10-01 04:00:00,20709.0,20597.97698157217,111.02301842782981,111.02301842782981,12326.110620826237
2001-10-01 05:00:00,22578.0,22513.63429934557,64.36570065443084,64.36570065443084,4142.943420735798
2001-10-01 06:00:00,26532.0,26176.57565938442,355.42434061558015,355.42434061558015,126326.46190201993
2001-10-01 07:00:00,29016.0,28921.089014633493,94.9109853665068,94.9109853665068,9008.095143241266
2001-10-01 08:00:00,29812.0,29698.49532253298,113.50467746701906,113.50467746701906,12883.311806892025
2001-10-01 09:00:00,30368.0,30221.429123668335,146.5708763316652,146.5708763316652,21483.021788632293
2001-10-01 10:00:00,30753.0,30784.585474882315,-31.585474882314884,31.585474882314884,997.6422235413444
2001-10-01 11:00:00,30843.0,30840.26867737012,2.731322629879287,2.731322629879287,7.460123308490704
2001-10-01 12:00:00,30630.0,30707.881152392816,-77.88115239281615,77.88115239281615,6065.473898033052
2001-10-01 13:00:00,30558.0,30505.32078305072,52.67921694928009,52.67921694928009,2775.0998983893187
2001-10-01 14:00:00,30230.0,30405.939390744443,-175.9393907444428,175.9393907444428,30954.669215525722
2001-10-01 15:00:00,30007.0,30055.014407897477,-48.01440789747721,48.01440789747721,2305.383365745322
2001-10-01 16:00:00,29963.0,29802.832601808124,160.1673981918757,160.1673981918757,25653.595443554863
2001-10-01 17:00:00,29996.0,29840.082202274476,155.917797725524,155.917797725524,24310.359647577417
2001-10-01 18:00:00,30180.0,30289.27549798521,-109.27549798521068,109.27549798521068,11941.134459915782
2001-10-01 19:00:00,31855.0,30859.154358019656,995.8456419803442,995.8456419803442,991708.542651244
2001-10-01 20:00:00,31334.0,31350.896176012786,-16.896176012785872,16.896176012785872,285.4807638550407
2001-10-01 21:00:00,29586.0,29731.44671056047,-145.44671056047082,145.44671056047082,21154.745612861374
2001-10-01 22:00:00,26926.0,27062.13700609767,-136.13700609766965,136.13700609766965,18533.284429236945
2001-10-01 23:00:00,24364.0,24367.19417594975,-3.1941759497494786,3.1941759497494786,10.202759997957983
2001-10-02 00:00:00,22531.0,22432.503408907596,98.49659109240383,98.49659109240383,9701.578456824205
2001-10-02 01:00:00,21507.0,21572.72793173636,-65.72793173636092,65.72793173636092,4320.161010339721
2001-10-02 02:00:00,21124.0,21096.03210509307,27.96789490693118,27.96789490693118,782.203145525147
2001-10-02 03:00:00,20908.0,20972.300023760523,-64.30002376052289,64.30002376052289,4134.493055603808
2001-10-02 04:00:00,21387.0,21288.4565628436,98.54343715640061,98.54343715640061,9710.809006597477
2001-10-02 05:00:00,23255.0,23318.763119231742,-63.76311923174217,63.76311923174217,4065.735374161368
2001-10-02 06:00:00,27250.0,27053.301785531683,196.69821446831702,196.69821446831702,38690.187575024036
2001-10-02 07:00:00,29130.0,29591.6054215283,-461.6054215283002,461.6054215283002,213079.5651843197
2001-10-02 08:00:00,29697.0,29906.632392996984,-209.63239299698398,209.63239299698398,43945.74019364194
2001-10-02 09:00:00,30037.0,30109.513981354634,-72.51398135463387,72.51398135463387,5258.277491900189
2001-10-02 10:00:00,30835.0,30460.016149803312,374.98385019668785,374.98385019668785,140612.88790833205
2001-10-02 11:00:00,31175.0,30963.544002037626,211.45599796237366,211.45599796237366,44713.639074263374
2001-10-02 12:00:00,31238.0,31150.928891943942,87.07110805605771,87.07110805605771,7581.377858109678
2001-10-02 13:00:00,31599.0,31135.593164719794,463.406835280206,463.406835280206,214745.89498441597
2001-10-02 14:00:00,31731.0,31482.25987070549,248.74012929451055,248.74012929451055,61871.651921449826
2001-10-02 15:00:00,31537.0,31576.747388950527,-39.74738895052724,39.74738895052724,1579.8549283844948
2001-10-02 16:00:00,31483.0,31391.526999219757,91.47300078024273,91.47300078024273,8367.309871742287
2001-10-02 17:00:00,31198.0,31412.73530317275,-214.73530317275072,214.73530317275072,46111.250428693165
2001-10-02 18:00:00,31079.0,31059.64187881962,19.358121180379385,19.358121180379385,374.73685563425295
2001-10-02 19:00:00,32559.0,31006.327686743673,1552.6723132563275,1552.6723132563275,2410791.312352755
2001-10-02 20:00:00,31943.0,31946.702165581704,-3.702165581704321,3.702165581704321,13.706029994356093
2001-10-02 21:00:00,30100.0,30450.998318361635,-350.99831836163503,350.99831836163503,123199.8194926957
2001-10-02 22:00:00,27145.0,27402.057456424205,-257.05745642420516,257.05745642420516,66078.53590328213
2001-10-02 23:00:00,24521.0,24698.361567262138,-177.36156726213812,177.36156726213812,31457.125541681944
2001-10-03 00:00:00,22634.0,22550.57276150273,83.42723849726826,83.42723849726826,6960.10412328008
2001-10-03 01:00:00,21663.0,21710.960420954092,-47.960420954092115,47.960420954092115,2300.201978093718
2001-10-03 02:00:00,21134.0,21183.831224818365,-49.83122481836472,49.83122481836472,2483.1509668984077
2001-10-03 03:00:00,20854.0,20931.067140042458,-77.06714004245805,77.06714004245805,5939.344074323841
2001-10-03 04:00:00,21146.0,21279.184233309974,-133.18423330997393,133.18423330997393,17738.04000236557
2001-10-03 05:00:00,22987.0,22777.081636576982,209.91836342301758,209.91836342301758,44065.719302198086
2001-10-03 06:00:00,26883.0,26731.494204984232,151.50579501576794,151.50579501576794,22954.005923359895
2001-10-03 07:00:00,28985.0,29318.436549427435,-333.43654942743524,333.43654942743524,111179.93249407447
2001-10-03 08:00:00,29749.0,29906.393432704856,-157.3934327048555,157.3934327048555,24772.69265861788
2001-10-03 09:00:00,30439.0,30185.348043122343,253.65195687765663,253.65195687765663,64339.31522786458
2001-10-03 10:00:00,31482.0,30881.39923292531,600.6007670746912,600.6007670746912,360721.2814107075
2001-10-03 11:00:00,32389.0,31987.824404735395,401.17559526460536,401.17559526460536,160941.85823591045
2001-10-03 12:00:00,32759.0,32658.389682858167,100.61031714183264,100.61031714183264,10122.435915380142
2001-10-03 13:00:00,33339.0,33138.26851850367,200.73148149633198,200.73148149633198,40293.127663712265
2001-10-03 14:00:00,33490.0,33467.56279440009,22.437205599911977,22.437205599911977,503.4281951327214
2001-10-03 15:00:00,33537.0,33485.86949775602,51.13050224397739,51.13050224397739,2614.328259721377
2001-10-03 16:00:00,33451.0,33414.167772403576,36.83222759642376,36.83222759642376,1356.6129897147603
2001-10-03 17:00:00,32921.0,33138.1186940622,-217.1186940621992,217.1186940621992,47140.52731127486
2001-10-03 18:00:00,32446.0,32294.086619740032,151.9133802599681,151.9133802599681,23077.675102009667
2001-10-03 19:00:00,34004.0,32062.13168704768,1941.8683129523197,1941.8683129523197,3770852.5448482884
2001-10-03 20:00:00,33262.0,33517.16403019076,-255.16403019076097,255.16403019076097,65108.68230319158
2001-10-03 21:00:00,31263.0,31814.696120091998,-551.6961200919977,551.6961200919977,304368.608924564
2001-10-03 22:00:00,28369.0,28572.6606983971,-203.66069839709962,203.66069839709962,41477.680071594375
2001-10-03 23:00:00,25512.0,25649.653681419193,-137.65368141919316,137.65368141919316,18948.536008256724
2001-10-04 00:00:00,23518.0,23509.759580242855,8.240419757144991,8.240419757144991,67.90451777394551
2001-10-04 01:00:00,22258.0,22555.108079341244,-297.10807934124387,297.10807934124387,88273.21080984286
2001-10-04 02:00:00,21679.0,21751.184767140105,-72.18476714010467,72.18476714010467,5210.640607071135
2001-10-04 03:00:00,21448.0,21320.98846793977,127.01153206023082,127.01153206023082,16131.929276287041
2001-10-04 04:00:00,21701.0,21699.28791087023,1.7120891297709022,1.7120891297709022,2.9312491882796854
2001-10-04 05:00:00,23513.0,23239.80863974726,273.1913602527384,273.1913602527384,74633.51931674148
2001-10-04 06:00:00,27353.0,27127.995188663645,225.0048113363555,225.0048113363555,50627.16512450892
2001-10-04 07:00:00,29389.0,29867.270116057432,-478.27011605743246,478.27011605743246,228742.30391358992
2001-10-04 08:00:00,30133.0,30582.288396191892,-449.2883961918924,449.2883961918924,201860.06295268287
2001-10-04 09:00:00,31331.0,31203.550114152535,127.44988584746534,127.44988584746534,16243.473402531945
2001-10-04 10:00:00,32637.0,32054.984905787336,582.0150942126638,582.0150942126638,338741.56989137596
2001-10-04 11:00:00,33541.0,33205.61649902075,335.38350097925286,335.38350097925286,112482.0927291005
2001-10-04 12:00:00,33694.0,33894.09778426367,-200.0977842636712,200.0977842636712,40039.1232672307
2001-10-04 13:00:00,34171.0,34061.260596550244,109.73940344975563,109.73940344975563,12042.736669508236
2001-10-04 14:00:00,34123.0,34479.652663692505,-356.6526636925046,356.6526636925046,127201.12251895877
2001-10-04 15:00:00,34133.0,34213.19041240528,-80.19041240528168,80.19041240528168,6430.502241729154
2001-10-04 16:00:00,34023.0,34037.4731457496,-14.473145749601827,14.473145749601827,209.4719478892174
2001-10-04 17:00:00,33367.0,33685.204026121246,-318.204026121246,318.204026121246,101253.8022397706
2001-10-04 18:00:00,32867.0,32757.632099495448,109.36790050455238,109.36790050455238,11961.337660773668
2001-10-04 19:00:00,34055.0,32470.16937170183,1584.8306282981684,1584.8306282981684,2511688.1203919672
2001-10-04 20:00:00,33177.0,33951.28255793536,-774.2825579353594,774.2825579353594,599513.4795229231
2001-10-04 21:00:00,31094.0,32091.884375518082,-997.8843755180824,997.8843755180824,995773.2269031133
2001-10-04 22:00:00,28224.0,28514.44007289166,-290.44007289165893,290.44007289165893,84355.43594131216
2001-10-04 23:00:00,25291.0,25697.560376315047,-406.5603763150466,406.5603763150466,165291.3395894323
2001-10-05 00:00:00,23327.0,23430.414740983433,-103.41474098343315,103.41474098343315,10694.608652670568
2001-10-05 01:00:00,22028.0,22313.95983788245,-285.9598378824485,285.9598378824485,81773.02888175623
2001-10-05 02:00:00,21551.0,21512.292196245544,38.70780375445611,38.70780375445611,1498.2940714934864
2001-10-05 03:00:00,21234.0,21236.15626256737,-2.1562625673686853,2.1562625673686853,4.649468259435394
2001-10-05 04:00:00,21299.0,21544.66415353721,-245.66415353721095,245.66415353721095,60350.87633315435
2001-10-05 05:00:00,23030.0,22614.314812484175,415.6851875158245,415.6851875158245,172794.17512006618
2001-10-05 06:00:00,26755.0,26476.459867180954,278.54013281904554,278.54013281904554,77584.60559085153
2001-10-05 07:00:00,28728.0,29494.44726076004,-766.4472607600401,766.4472607600401,587441.4035265689
2001-10-05 08:00:00,29675.0,30209.13950274087,-534.1395027408689,534.1395027408689,285305.0083882627
2001-10-05 09:00:00,30624.0,30517.23371559801,106.76628440199056,106.76628440199056,11399.039485006733
2001-10-05 10:00:00,31865.0,31309.038395409945,555.9616045900548,555.9616045900548,309093.3057783484
2001-10-05 11:00:00,32649.0,32430.97432618921,218.02567381078916,218.02567381078916,47535.19444064864
2001-10-05 12:00:00,32834.0,33133.926819150394,-299.9268191503943,299.9268191503943,89956.09684567332
2001-10-05 13:00:00,33275.0,33160.34302049388,114.6569795061223,114.6569795061223,13146.222949467348
2001-10-05 14:00:00,33400.0,33443.93990620204,-43.9399062020384,43.9399062020384,1930.7153570439327
2001-10-05 15:00:00,33313.0,33309.76018793286,3.2398120671423385,3.2398120671423385,10.496382230401112
2001-10-05 16:00:00,33034.0,33185.7868664047,-151.78686640469823,151.78686640469823,23039.252812957708
2001-10-05 17:00:00,32097.0,32576.69536457982,-479.6953645798203,479.6953645798203,230107.64279936673
2001-10-05 18:00:00,31493.0,31673.37603658848,-180.37603658848093,180.37603658848093,32535.514575369012
2001-10-05 19:00:00,32341.0,31271.977820679414,1069.0221793205856,1069.0221793205856,1142808.4198793343
2001-10-05 20:00:00,31298.0,32450.41718913991,-1152.4171891399092,1152.4171891399092,1328065.377825129
2001-10-05 21:00:00,29861.0,30150.459997731552,-289.459997731552,289.459997731552,83787.09028675008
2001-10-05 22:00:00,27562.0,27482.908031825442,79.09196817455813,79.09196817455813,6255.539429725317
2001-10-05 23:00:00,25221.0,25186.61909784297,34.380902157030505,34.380902157030505,1182.0464331313049
2001-10-06 00:00:00,23372.0,23163.242853323118,208.75714667688226,208.75714667688226,43579.54628867333
2001-10-06 01:00:00,22183.0,22246.565774606875,-63.56577460687549,63.56577460687549,4040.6077013720974
2001-10-06 02:00:00,21396.0,21536.777852426087,-140.7778524260866,140.7778524260866,19818.40373370102
2001-10-06 03:00:00,21013.0,21100.400403628228,-87.40040362822765,87.40040362822765,7638.830554377109
2001-10-06 04:00:00,20936.0,21079.060421333837,-143.06042133383744,143.06042133383744,20466.284152215092
2001-10-06 05:00:00,21541.0,21460.549830810047,80.45016918995316,80.45016918995316,6472.229722692088
2001-10-06 06:00:00,22656.0,22517.142626587294,138.85737341270578,138.85737341270578,19281.37015107561
2001-10-06 07:00:00,24052.0,24098.624348402434,-46.62434840243441,46.62434840243441,2173.829863951588
2001-10-06 08:00:00,26039.0,26094.600371640867,-55.6003716408668,55.6003716408668,3091.401326602505
2001-10-06 09:00:00,27510.0,27608.18049613318,-98.18049613317999,98.18049613317999,9639.40982095737
2001-10-06 10:00:00,27889.0,28462.5217499854,-573.5217499854007,573.5217499854007,328927.1977063164
2001-10-06 11:00:00,27458.0,28281.01418322012,-823.0141832201189,823.0141832201189,677352.3457814794
2001-10-06 12:00:00,26824.0,27296.859732586425,-472.8597325864248,472.8597325864248,223596.32670170517
2001-10-06 13:00:00,26170.0,26577.389393535457,-407.3893935354572,407.3893935354572,165966.11796518762
2001-10-06 14:00:00,25582.0,25922.710948148248,-340.71094814824755,340.71094814824755,116083.95018807783
2001-10-06 15:00:00,25264.0,25546.644476148147,-282.6444761481471,282.6444761481471,79887.89989706049
2001-10-06 16:00:00,25272.0,25894.649598952987,-622.6495989529867,622.6495989529867,387692.5230763152
2001-10-06 17:00:00,25161.0,26440.156876630776,-1279.1568766307755,1279.1568766307755,1636242.3150318011
2001-10-06 18:00:00,25724.0,26498.532301836036,-774.5323018360359,774.5323018360359,599900.2865874282
2001-10-06 19:00:00,27207.0,27423.851196180203,-216.85119618020326,216.85119618020326,47024.441284785
2001-10-06 20:00:00,26870.0,27739.721826708414,-869.7218267084136,869.7218267084136,756416.0558530198
2001-10-06 21:00:00,25839.0,26375.238234880377,-536.2382348803767,536.2382348803767,287551.44454762206
2001-10-06 22:00:00,24484.0,24638.19555808948,-154.19555808947916,154.19555808947916,23776.270134525945
2001-10-06 23:00:00,22756.0,22855.808328754436,-99.80832875443593,99.80832875443593,9961.702488753563
2001-10-07 00:00:00,21361.0,21300.807314353686,60.1926856463142,60.1926856463142,3623.1594053159997
2001-10-07 01:00:00,20248.0,20302.331901994683,-54.331901994682994,54.331901994682994,2951.955574359838
2001-10-07 02:00:00,19612.0,19674.947797659577,-62.94779765957719,62.94779765957719,3962.4252301910715
2001-10-07 03:00:00,19309.0,19393.088230446698,-84.08823044669771,84.08823044669771,7070.8304996569395
2001-10-07 04:00:00,19299.0,19256.62747845415,42.37252154585076,42.37252154585076,1795.4305821535868
2001-10-07 05:00:00,19708.0,19707.5712590371,0.42874096289961017,0.42874096289961017,0.1838188132680849
2001-10-07 06:00:00,20598.0,20365.098706028577,232.901293971423,232.901293971423,54243.0127335632
2001-10-07 07:00:00,21487.0,21542.222186029063,-55.22218602906287,55.22218602906287,3049.489829828426
2001-10-07 08:00:00,23176.0,23205.396052838838,-29.39605283883793,29.39605283883793,864.1279225037516
2001-10-07 09:00:00,24339.0,24394.138075765564,-55.13807576556428,55.13807576556428,3040.207399129107
2001-10-07 10:00:00,24832.0,25043.649213587458,-211.64921358745778,211.64921358745778,44795.38961218932
2001-10-07 11:00:00,24898.0,25048.5201762345,-150.52017623449865,150.52017623449865,22656.323453664532
2001-10-07 12:00:00,24713.0,24838.934048185987,-125.9340481859872,125.9340481859872,15859.384492510544
2001-10-07 13:00:00,24456.0,24608.390105593106,-152.39010559310555,152.39010559310555,23222.744282677857
2001-10-07 14:00:00,24154.0,24363.62963858284,-209.6296385828391,209.6296385828391,43944.585372371745
2001-10-07 15:00:00,24071.0,24022.546725537042,48.45327446295778,48.45327446295778,2347.7198061827166
2001-10-07 16:00:00,24425.0,24183.07897596446,241.92102403553872,241.92102403553872,58525.781870403705
2001-10-07 17:00:00,25016.0,25214.59920775888,-198.59920775888168,198.59920775888168,39441.64532245545
2001-10-07 18:00:00,26063.0,26293.16967175092,-230.1696717509185,230.1696717509185,52978.07779392557
2001-10-07 19:00:00,28118.0,27272.70931854316,845.2906814568414,845.2906814568414,714516.3361577713
2001-10-07 20:00:00,28015.0,27818.380528276044,196.61947172395594,196.61947172395594,38659.21666100751
2001-10-07 21:00:00,26918.0,26827.60416602255,90.39583397745082,90.39583397745082,8171.406800478852
2001-10-07 22:00:00,25348.0,24981.401282162966,366.5987178370342,366.5987178370342,134394.61991975742
2001-10-07 23:00:00,23631.0,23518.381847874432,112.61815212556758,112.61815212556758,12682.84818817748
2001-10-08 00:00:00,22242.0,21737.201044959587,504.7989550404127,504.7989550404127,254821.98500989258
2001-10-08 01:00:00,21466.0,21327.709728961825,138.29027103817498,138.29027103817498,19124.1990638119
2001-10-08 02:00:00,21242.0,21077.8965122299,164.10348777009858,164.10348777009858,26929.954698310896
2001-10-08 03:00:00,21299.0,21191.900465612052,107.09953438794764,107.09953438794764,11470.310266115179
2001-10-08 04:00:00,21881.0,21895.17579274407,-14.17579274407035,14.17579274407035,200.95309992283757
2001-10-08 05:00:00,23620.0,23908.310784870944,-288.3107848709442,288.3107848709442,83123.10867289986
2001-10-08 06:00:00,27193.0,27076.86476782228,116.13523217771944,116.13523217771944,13487.392152972801
2001-10-08 07:00:00,29376.0,29591.25190000587,-215.251900005871,215.251900005871,46333.380456137485
2001-10-08 08:00:00,30277.0,30036.159967840063,240.84003215993653,240.84003215993653,58003.92109079926
2001-10-08 09:00:00,30711.0,30802.445855938313,-91.44585593831289,91.44585593831289,8362.344568290675
2001-10-08 10:00:00,30954.0,30820.657670664088,133.34232933591193,133.34232933591193,17780.176792726797
2001-10-08 11:00:00,30688.0,30781.362469611693,-93.36246961169309,93.36246961169309,8716.550731994315
2001-10-08 12:00:00,30177.0,30504.75068584129,-327.75068584128894,327.75068584128894,107420.51206943528
2001-10-08 13:00:00,29800.0,29983.09263741161,-183.09263741160976,183.09263741160976,33522.9138743392
2001-10-08 14:00:00,29428.0,29599.420245169524,-171.4202451695237,171.4202451695237,29384.90045397961
2001-10-08 15:00:00,28995.0,29302.124862815905,-307.12486281590463,307.12486281590463,94325.68135968824
2001-10-08 16:00:00,29013.0,28971.398983406718,41.60101659328211,41.60101659328211,1730.6445815945335
2001-10-08 17:00:00,29211.0,29084.04629050242,126.95370949757853,126.95370949757853,16117.24435519556
2001-10-08 18:00:00,30284.0,30162.949174063076,121.0508259369235,121.0508259369235,14653.302460011351
2001-10-08 19:00:00,32070.0,31554.253039294977,515.7469607050225,515.7469607050225,265994.92747646803
2001-10-08 20:00:00,31600.0,31478.51792495093,121.48207504906895,121.48207504906895,14757.894558227621
2001-10-08 21:00:00,30188.0,29976.52771416613,211.47228583386823,211.47228583386823,44720.52767580126
2001-10-08 22:00:00,27764.0,27576.934809975803,187.06519002419736,187.06519002419736,34993.38531878907
2001-10-08 23:00:00,25600.0,25466.604016709953,133.3959832900473,133.3959832900473,17794.488357918577
2001-10-09 00:00:00,23991.0,23634.390314581357,356.6096854186435,356.6096854186435,127170.46773438387
2001-10-09 01:00:00,23267.0,22798.181142968413,468.81885703158696,468.81885703158696,219791.12070840359
2001-10-09 02:00:00,22992.0,22781.405471946815,210.59452805318506,210.59452805318506,44350.055245943746
2001-10-09 03:00:00,23084.0,22851.68720546913,232.31279453086972,232.31279453086972,53969.234502742096
2001-10-09 04:00:00,23671.0,23594.299588577163,76.70041142283662,76.70041142283662,5882.953112432407
2001-10-09 05:00:00,25794.0,25494.441839299318,299.5581607006825,299.5581607006825,89735.09164237592
2001-10-09 06:00:00,29937.0,29283.23139892569,653.7686010743091,653.7686010743091,427413.3837506591
2001-10-09 07:00:00,31921.0,31681.487686505425,239.5123134945752,239.5123134945752,57366.14831552367
2001-10-09 08:00:00,31981.0,32260.642158954113,-279.64215895411326,279.64215895411326,78199.73706451754
2001-10-09 09:00:00,31600.0,31857.614372479988,-257.61437247998765,257.61437247998765,66365.16490825782
2001-10-09 10:00:00,31365.0,31360.73625321667,4.263746783330134,4.263746783330134,18.17953663235807
2001-10-09 11:00:00,30944.0,30961.059501750202,-17.05950175020189,17.05950175020189,291.0265999651413
2001-10-09 12:00:00,30503.0,30606.66935746075,-103.66935746074887,103.66935746074887,10747.335676324527
2001-10-09 13:00:00,30342.0,30254.42216372543,87.57783627456956,87.57783627456956,7669.877406535313
2001-10-09 14:00:00,29905.0,30073.35301928959,-168.3530192895887,168.3530192895887,28342.739103920627
2001-10-09 15:00:00,29663.0,29619.729275477075,43.270724522924866,43.270724522924866,1872.3556007388513
2001-10-09 16:00:00,29663.0,29553.73710863156,109.26289136843843,109.26289136843843,11938.379430191177
2001-10-09 17:00:00,29772.0,29738.58255438571,33.417445614290045,33.417445614290045,1116.725671384033
2001-10-09 18:00:00,30544.0,30325.662525045736,218.3374749542636,218.3374749542636,47671.252969403686
2001-10-09 19:00:00,32153.0,31605.44399611241,547.5560038875883,547.5560038875883,299817.5773933446
2001-10-09 20:00:00,31482.0,31642.882806250815,-160.8828062508146,160.8828062508146,25883.27734713715
2001-10-09 21:00:00,29869.0,29968.082156973338,-99.08215697333799,99.08215697333799,9817.27383048919
2001-10-09 22:00:00,27275.0,27408.69066874071,-133.69066874070995,133.69066874070995,17873.194908338242
2001-10-09 23:00:00,25090.0,24958.588950688965,131.41104931103473,131.41104931103473,17268.863881027202
2001-10-10 00:00:00,23293.0,23302.321066418368,-9.321066418367991,9.321066418367991,86.88227917562749
2001-10-10 01:00:00,22531.0,22343.58481846733,187.41518153266952,187.41518153266952,35124.45026892347
2001-10-10 02:00:00,22236.0,22256.91428960891,-20.91428960891062,20.91428960891062,437.4075098453868
2001-10-10 03:00:00,22191.0,22189.506726692693,1.4932733073073905,1.4932733073073905,2.2298651703167525
2001-10-10 04:00:00,22714.0,22704.133174290713,9.866825709286786,9.866825709286786,97.35424957744269
2001-10-10 05:00:00,24690.0,24615.162084184605,74.83791581539481,74.83791581539481,5600.71364359212
2001-10-10 06:00:00,28676.0,28363.401140932805,312.598859067195,312.598859067195,97718.04669011205
2001-10-10 07:00:00,30644.0,30728.62758537737,-84.62758537736954,84.62758537736954,7161.828206803971
2001-10-10 08:00:00,30660.0,31016.124044544402,-356.12404454440184,356.12404454440184,126824.33510266311
2001-10-10 09:00:00,30511.0,30725.159331824783,-214.1593318247833,214.1593318247833,45864.21940763764
2001-10-10 10:00:00,30618.0,30535.628143874423,82.37185612557732,82.37185612557732,6785.1226815728105
2001-10-10 11:00:00,30591.0,30463.44645128816,127.55354871183954,127.55354871183954,16269.907788983623
2001-10-10 12:00:00,30350.0,30368.663476101236,-18.663476101235574,18.663476101235574,348.3253401813914
2001-10-10 13:00:00,30467.0,30101.507392737043,365.4926072629569,365.4926072629569,133584.84596387405
2001-10-10 14:00:00,30304.0,30242.787265243358,61.21273475664202,61.21273475664202,3746.99889638701
2001-10-10 15:00:00,30089.0,30069.149487906423,19.85051209357698,19.85051209357698,394.042830377246
2001-10-10 16:00:00,30080.0,30113.00807619201,-33.008076192010776,33.008076192010776,1089.5330938975885
2001-10-10 17:00:00,29989.0,30317.338097943957,-328.3380979439571,328.3380979439571,107805.90656145557
2001-10-10 18:00:00,30747.0,30433.73085447335,313.2691455266504,313.2691455266504,98137.55753899766
2001-10-10 19:00:00,32189.0,31416.17733802476,772.8226619752386,772.8226619752386,597254.8668624939
2001-10-10 20:00:00,31447.0,31500.20191981001,-53.20191981000971,53.20191981000971,2830.444271470704
2001-10-10 21:00:00,29680.0,29949.636623239177,-269.6366232391774,269.6366232391774,72703.90859182611
2001-10-10 22:00:00,26995.0,27232.228721146566,-237.2287211465664,237.2287211465664,56277.466136835355
2001-10-10 23:00:00,24662.0,24535.14481201694,126.8551879830593,126.8551879830593,16092.238718217312
2001-10-11 00:00:00,22950.0,22769.50686171738,180.49313828262166,180.49313828262166,32577.772967109584
2001-10-11 01:00:00,21872.0,22001.499678927168,-129.49967892716813,129.49967892716813,16770.166842239636
2001-10-11 02:00:00,21364.0,21461.555666076612,-97.5556660766124,97.5556660766124,9517.107983651504
2001-10-11 03:00:00,21201.0,21208.265635265212,-7.26563526521204,7.26563526521204,52.789455807092835
2001-10-11 04:00:00,21712.0,21659.337218905253,52.662781094746606,52.662781094746606,2773.3685126332007
2001-10-11 05:00:00,23558.0,23570.062094790195,-12.06209479019526,12.06209479019526,145.49413072765563
2001-10-11 06:00:00,27389.0,27345.111166114042,43.888833885957865,43.888833885957865,1926.2297398692033
2001-10-11 07:00:00,29604.0,29819.430638496953,-215.43063849695318,215.43063849695318,46410.36000320492
2001-10-11 08:00:00,29915.0,30165.005107402936,-250.00510740293612,250.00510740293612,62502.553727553626
2001-10-11 09:00:00,30311.0,30230.601570552455,80.39842944754491,80.39842944754491,6463.907457631857
2001-10-11 10:00:00,30983.0,30449.219888567317,533.780111432683,533.780111432683,284921.20736108755
2001-10-11 11:00:00,31208.0,31051.447920797127,156.55207920287285,156.55207920287285,24508.553502742572
2001-10-11 12:00:00,31216.0,31090.36983521871,125.63016478129066,125.63016478129066,15782.938302974244
2001-10-11 13:00:00,31437.0,31063.401055308153,373.59894469184655,373.59894469184655,139576.17147486142
2001-10-11 14:00:00,31441.0,31354.921307514873,86.07869248512725,86.07869248512725,7409.541299949103
2001-10-11 15:00:00,31385.0,31332.879429947006,52.12057005299357,52.12057005299357,2716.5538226490103
2001-10-11 16:00:00,31134.0,31231.748660569992,-97.74866056999235,97.74866056999235,9554.800643227578
2001-10-11 17:00:00,30898.0,31065.629785524266,-167.62978552426648,167.62978552426648,28099.74499491158
2001-10-11 18:00:00,31272.0,30980.954996720207,291.0450032797926,291.0450032797926,84707.19393413447
2001-10-11 19:00:00,32667.0,31523.5005914077,1143.499408592299,1143.499408592299,1307590.8974509377
2001-10-11 20:00:00,31765.0,32194.489020983532,-429.4890209835321,429.4890209835321,184460.8191453929
2001-10-11 21:00:00,30026.0,30185.719917414124,-159.7199174141242,159.7199174141242,25510.452018774657
2001-10-11 22:00:00,27331.0,27368.811429943922,-37.81142994392212,37.81142994392212,1429.7042344041304
2001-10-11 23:00:00,24779.0,24841.488822464977,-62.48882246497669,62.48882246497669,3904.8529330593756
2001-10-12 00:00:00,22828.0,22794.084576520407,33.9154234795933,33.9154234795933,1150.2559498001485
2001-10-12 01:00:00,21601.0,21806.624172246615,-205.62417224661476,205.62417224661476,42281.300212105496
2001-10-12 02:00:00,21064.0,21167.180805447402,-103.18080544740224,103.18080544740224,10646.278612774671
2001-10-12 03:00:00,20765.0,20869.805331701435,-104.80533170143462,104.80533170143462,10984.157553047737
2001-10-12 04:00:00,21118.0,21123.240702484443,-5.240702484443318,5.240702484443318,27.464962530450368
2001-10-12 05:00:00,22991.0,22624.461209330075,366.5387906699252,366.5387906699252,134350.68506577125
2001-10-12 06:00:00,26712.0,26605.46977641281,106.53022358718954,106.53022358718954,11348.688537536595
2001-10-12 07:00:00,28839.0,29332.455542264866,-493.4555422648664,493.4555422648664,243498.37219191334
2001-10-12 08:00:00,29426.0,29838.84426264738,-412.8442626473807,412.8442626473807,170440.38520085943
2001-10-12 09:00:00,30127.0,29955.029338239707,171.9706617602933,171.9706617602933,29573.908506273205
2001-10-12 10:00:00,30920.0,30684.343930511095,235.6560694889049,235.6560694889049,55533.78308695958
2001-10-12 11:00:00,31247.0,31148.609161902154,98.39083809784643,98.39083809784643,9680.757021596628
2001-10-12 12:00:00,31617.0,31240.019678471897,376.98032152810265,376.98032152810265,142114.16281943166
2001-10-12 13:00:00,31740.0,31632.926710963908,107.07328903609232,107.07328903609232,11464.689225006568
2001-10-12 14:00:00,31578.0,31725.521194253175,-147.52119425317505,147.52119425317505,21762.502753883007
2001-10-12 15:00:00,31197.0,31380.94652899245,-183.9465289924483,183.9465289924483,33836.32552836962
2001-10-12 16:00:00,30760.0,31005.22635550735,-245.2263555073514,245.2263555073514,60135.96543541789
2001-10-12 17:00:00,30185.0,30666.948948452104,-481.94894845210365,481.94894845210365,232274.78891408845
2001-10-12 18:00:00,30726.0,30613.678273019545,112.32172698045542,112.32172698045542,12616.170351871968
2001-10-12 19:00:00,31232.0,31191.0432677787,40.956732221300626,40.956732221300626,1677.453914247325
2001-10-12 20:00:00,30180.0,31268.5192314825,-1088.5192314825,1088.5192314825,1184874.1173072523
2001-10-12 21:00:00,28735.0,29211.011641724,-476.01164172399876,476.01164172399876,226587.08305677655
2001-10-12 22:00:00,26578.0,26631.789756691047,-53.78975669104693,53.78975669104693,2893.3379248820283
2001-10-12 23:00:00,24492.0,24187.953742898848,304.04625710115215,304.04625710115215,92444.12645721991
2001-10-13 00:00:00,22403.0,22466.309633467965,-63.309633467964886,63.309633467964886,4008.1096898480596
2001-10-13 01:00:00,21236.0,21269.394599469622,-33.394599469622335,33.394599469622335,1115.1992737365003
2001-10-13 02:00:00,20547.0,20665.979491700822,-118.97949170082211,118.97949170082211,14156.119445385997
2001-10-13 03:00:00,20038.0,20226.562584981806,-188.56258498180614,188.56258498180614,35555.84845502086
2001-10-13 04:00:00,20036.0,20048.593292185513,-12.593292185512837,12.593292185512837,158.5910080696987
2001-10-13 05:00:00,20508.0,20624.453851674465,-116.45385167446511,116.45385167446511,13561.499569818321
2001-10-13 06:00:00,21665.0,21641.759711902887,23.24028809711308,23.24028809711308,540.1109908368159
2001-10-13 07:00:00,22829.0,22898.629984920633,-69.62998492063343,69.62998492063343,4848.334800047639
2001-10-13 08:00:00,24714.0,24845.402827218022,-131.40282721802214,131.40282721802214,17266.70300088938
2001-10-13 09:00:00,26359.0,26315.226886675686,43.77311332431418,43.77311332431418,1916.0854501032518
2001-10-13 10:00:00,27308.0,27283.274853962062,24.72514603793752,24.72514603793752,611.3328465973375
2001-10-13 11:00:00,27670.0,27492.169030978228,177.83096902177203,177.83096902177203,31623.853543222445
2001-10-13 12:00:00,27718.0,27581.556206544923,136.44379345507696,136.44379345507696,18616.9087724117
2001-10-13 13:00:00,27773.0,27407.362350519135,365.63764948086464,365.63764948086464,133690.89071789163
2001-10-13 14:00:00,27514.0,27540.26884690743,-26.268846907430998,26.268846907430998,690.0523178460471
2001-10-13 15:00:00,27337.0,27569.53419993351,-232.53419993351054,232.53419993351054,54072.15413871785
2001-10-13 16:00:00,27229.0,27641.364950542484,-412.3649505424837,412.3649505424837,170044.85243590505
2001-10-13 17:00:00,27279.0,27644.808128281617,-365.8081282816165,365.8081282816165,133815.58671689962
2001-10-13 18:00:00,28157.0,28061.95778250768,95.04221749231874,95.04221749231874,9033.023105857219
2001-10-13 19:00:00,29175.0,28541.06650615851,633.9334938414904,633.9334938414904,401871.67461407895
2001-10-13 20:00:00,28382.0,29041.645480029405,-659.645480029405,659.645480029405,435132.15932322416
2001-10-13 21:00:00,27014.0,27483.259571012768,-469.259571012768,469.259571012768,220204.54498708705
2001-10-13 22:00:00,25282.0,25371.606238034852,-89.60623803485214,89.60623803485214,8029.277894758582
2001-10-13 23:00:00,23545.0,23388.043259113703,156.95674088629676,156.95674088629676,24635.4185096481
2001-10-14 00:00:00,21796.0,21785.40145939808,10.598540601920831,10.598540601920831,112.32906289056437
2001-10-14 01:00:00,20556.0,20696.119957385956,-140.1199573859558,140.1199573859558,19633.602457842066
2001-10-14 02:00:00,19859.0,20028.556592182922,-169.55659218292203,169.55659218292203,28749.437952685737
2001-10-14 03:00:00,19382.0,19507.548486318996,-125.54848631899586,125.54848631899586,15762.42241699109
2001-10-14 04:00:00,19227.0,19186.176140335174,40.82385966482616,40.82385966482616,1666.5875179334203
2001-10-14 05:00:00,19610.0,19451.909478938618,158.09052106138188,158.09052106138188,24992.612849459227
2001-10-14 06:00:00,20256.0,20152.539560995097,103.46043900490258,103.46043900490258,10704.062439087167
2001-10-14 07:00:00,21131.0,21106.25646096433,24.743539035669528,24.743539035669528,612.2427240097018
2001-10-14 08:00:00,22559.0,22718.622923383933,-159.62292338393308,159.62292338393308,25479.47766963297
2001-10-14 09:00:00,24200.0,24153.10242002162,46.897579978380236,46.897579978380236,2199.383007828571
2001-10-14 10:00:00,25132.0,25142.848650225264,-10.848650225263555,10.848650225263555,117.69321171011097
2001-10-14 11:00:00,25590.0,25528.884963857323,61.11503614267713,61.11503614267713,3735.0476427207313
2001-10-14 12:00:00,25871.0,25687.225415653713,183.77458434628716,183.77458434628716,33773.097851650615
2001-10-14 13:00:00,25881.0,25673.016293905854,207.98370609414633,207.98370609414633,43257.22200065624
2001-10-14 14:00:00,25688.0,25630.07224705569,57.92775294430976,57.92775294430976,3355.6245611769878
2001-10-14 15:00:00,25729.0,25507.09302952859,221.9069704714093,221.9069704714093,49242.70354379892
2001-10-14 16:00:00,26123.0,25936.854265282647,186.14573471735275,186.14573471735275,34650.234553463066
2001-10-14 17:00:00,26800.0,26638.278772220398,161.7212277796025,161.7212277796025,26153.75551454207
2001-10-14 18:00:00,28474.0,27520.8189623285,953.1810376715002,953.1810376715002,908554.090576518
2001-10-14 19:00:00,29442.0,28641.261624915187,800.738375084813,800.738375084813,641181.9453334667
2001-10-14 20:00:00,28755.0,29084.987223835917,-329.98722383591667,329.98722383591667,108891.56789493538
2001-10-14 21:00:00,27397.0,27624.432364707747,-227.43236470774718,227.43236470774718,51725.48051655773
2001-10-14 22:00:00,25467.0,25568.814327569737,-101.81432756973663,101.81432756973663,10366.157298477634
2001-10-14 23:00:00,23303.0,23576.828650032483,-273.828650032483,273.828650032483,74982.12957861205
2001-10-15 00:00:00,21834.0,21564.86439350891,269.1356064910906,269.1356064910906,72433.97468132716
2001-10-15 01:00:00,20747.0,20834.186353570884,-87.18635357088351,87.18635357088351,7601.460248987112
2001-10-15 02:00:00,20256.0,20365.96718631814,-109.96718631813928,109.96718631813928,12092.78206672836
2001-10-15 03:00:00,20106.0,20016.949790240822,89.05020975917796,89.05020975917796,7929.939858153593
2001-10-15 04:00:00,20455.0,20549.503188947183,-94.50318894718293,94.50318894718293,8930.852721186959
2001-10-15 05:00:00,22409.0,22203.84007156359,205.15992843640925,205.15992843640925,42090.596236032565
2001-10-15 06:00:00,26346.0,26199.051040196744,146.948959803256,146.948959803256,21593.996787258948
2001-10-15 07:00:00,28682.0,29029.31221013558,-347.31221013558024,347.31221013558024,120625.77130926144
2001-10-15 08:00:00,29388.0,29750.775544528504,-362.7755445285038,362.7755445285038,131606.09570795245
2001-10-15 09:00:00,30197.0,30213.55918222199,-16.55918222199034,16.55918222199034,274.20651586108096
2001-10-15 10:00:00,30724.0,30876.874359707792,-152.87435970779188,152.87435970779188,23370.56985606734
2001-10-15 11:00:00,30907.0,30897.942479343732,9.057520656268025,9.057520656268025,82.03868043872195
2001-10-15 12:00:00,30993.0,30789.789138732933,203.21086126706723,203.21086126706723,41294.65413690324
2001-10-15 13:00:00,30901.0,30826.75360487967,74.24639512033173,74.24639512033173,5512.527188364419
2001-10-15 14:00:00,30849.0,30776.67424403114,72.3257559688609,72.3257559688609,5231.014976467219
2001-10-15 15:00:00,30644.0,30724.592758055205,-80.5927580552052,80.5927580552052,6495.192650944842
2001-10-15 16:00:00,30527.0,30580.419467815016,-53.419467815016105,53.419467815016105,2853.6395416395417
2001-10-15 17:00:00,30390.0,30653.096686117373,-263.0966861173729,263.0966861173729,69219.86624594343
2001-10-15 18:00:00,31081.0,30425.493824005003,655.5061759949967,655.5061759949967,429688.34676758363
2001-10-15 19:00:00,32262.0,31328.02415266103,933.9758473389702,933.9758473389702,872310.8834125474
2001-10-15 20:00:00,31225.0,31627.15471338072,-402.15471338072166,402.15471338072166,161728.4134943304
2001-10-15 21:00:00,29394.0,29607.298282603046,-213.29828260304566,213.29828260304566,45496.15736140873
2001-10-15 22:00:00,26555.0,26893.99030201258,-338.99030201257847,338.99030201257847,114914.42485857916
2001-10-15 23:00:00,24272.0,24037.87872094555,234.12127905444868,234.12127905444868,54812.77330609103
2001-10-16 00:00:00,22522.0,22332.379125908687,189.62087409131345,189.62087409131345,35956.07589115375
2001-10-16 01:00:00,21464.0,21583.25058699559,-119.2505869955894,119.2505869955894,14220.702498792636
2001-10-16 02:00:00,21049.0,21029.39127111077,19.608728889230406,19.608728889230406,384.50224865133913
2001-10-16 03:00:00,20901.0,20870.251006916264,30.748993083736423,30.748993083736423,945.5005756636704
2001-10-16 04:00:00,21421.0,21284.911424371232,136.088575628768,136.088575628768,18520.10041666691
2001-10-16 05:00:00,23422.0,23254.037066035136,167.96293396486362,167.96293396486362,28211.54718608514
2001-10-16 06:00:00,27601.0,27017.643017786075,583.3569822139252,583.3569822139252,340305.36869773787
2001-10-16 07:00:00,29751.0,29853.92825445637,-102.92825445636845,102.92825445636845,10594.225565434932
2001-10-16 08:00:00,30035.0,30173.971085926674,-138.97108592667428,138.97108592667428,19312.962723639084
2001-10-16 09:00:00,30165.0,30600.142500578866,-435.142500578866,435.142500578866,189348.99581002843
2001-10-16 10:00:00,30737.0,30391.17377835773,345.82622164226996,345.82622164226996,119595.77557536843
2001-10-16 11:00:00,30900.0,30745.22832968787,154.77167031212957,154.77167031212957,23954.26993120653
2001-10-16 12:00:00,30725.0,30865.436696620432,-140.43669662043249,140.43669662043249,19722.465757659393
2001-10-16 13:00:00,30717.0,30601.485919013114,115.51408098688626,115.51408098688626,13343.502906244918
2001-10-16 14:00:00,30613.0,30556.20290709239,56.79709290761093,56.79709290761093,3225.909762755788
2001-10-16 15:00:00,30565.0,30497.977276059133,67.02272394086685,67.02272394086685,4492.045524453647
2001-10-16 16:00:00,30342.0,30501.433624021513,-159.43362402151251,159.43362402151251,25419.080468633012
2001-10-16 17:00:00,30729.0,30238.160139802796,490.83986019720396,490.83986019720396,240923.76835841074
2001-10-16 18:00:00,31848.0,31264.59343171051,583.4065682894907,583.4065682894907,340363.2239233201
2001-10-16 19:00:00,32357.0,32073.89763073092,283.10236926907965,283.10236926907965,80146.95148576633
2001-10-16 20:00:00,31319.0,31566.648722112233,-247.64872211223337,247.64872211223337,61329.88956382219
2001-10-16 21:00:00,29453.0,29709.774391301566,-256.77439130156563,256.77439130156563,65933.08802828954
2001-10-16 22:00:00,26729.0,27034.194112627865,-305.19411262786525,305.19411262786525,93143.4463827101
2001-10-16 23:00:00,24265.0,24381.588858410785,-116.58885841078518,116.58885841078518,13592.961905530114
2001-10-17 00:00:00,22658.0,22380.65032424783,277.3496757521716,277.3496757521716,76922.84263983472
2001-10-17 01:00:00,21618.0,21731.748351036513,-113.74835103651276,113.74835103651276,12938.687363525733
2001-10-17 02:00:00,21228.0,21198.391790680867,29.608209319132584,29.608209319132584,876.6460590855696
2001-10-17 03:00:00,21146.0,21082.429124835,63.57087516500178,63.57087516500178,4041.25616924424
2001-10-17 04:00:00,21764.0,21524.191442795618,239.80855720438194,239.80855720438194,57508.144108447326
2001-10-17 05:00:00,23626.0,23462.541219645365,163.45878035463465,163.45878035463465,26718.772875024697
2001-10-17 06:00:00,27746.0,27381.164089146852,364.83591085314765,364.83591085314765,133105.2418480459
2001-10-17 07:00:00,30189.0,30010.89601906328,178.1039809367212,178.1039809367212,31721.02802550795
2001-10-17 08:00:00,30350.0,30686.695342604497,-336.69534260449655,336.69534260449655,113363.7537315593
2001-10-17 09:00:00,30452.0,30559.2887145082,-107.28871450819861,107.28871450819861,11510.868260821746
2001-10-17 10:00:00,30691.0,30599.447825064864,91.55217493513555,91.55217493513555,8381.800735353663
2001-10-17 11:00:00,30505.0,30598.367103642275,-93.36710364227474,93.36710364227474,8717.416042547273
2001-10-17 12:00:00,30335.0,30394.87579768294,-59.875797682940174,59.875797682940174,3585.111148168384
2001-10-17 13:00:00,30114.0,30150.74397904547,-36.74397904547004,36.74397904547004,1350.1199960939416
2001-10-17 14:00:00,29854.0,30004.208448324804,-150.2084483248036,150.2084483248036,22562.577948145197
2001-10-17 15:00:00,29914.0,29642.19796284458,271.8020371554194,271.8020371554194,73876.34740183598
2001-10-17 16:00:00,29835.0,29892.092866980758,-57.09286698075812,57.09286698075812,3259.5954600825403
2001-10-17 17:00:00,30102.0,30121.976773180697,-19.97677318069691,19.97677318069691,399.0714667130113
2001-10-17 18:00:00,31408.0,31530.582432710526,-122.58243271052561,122.58243271052561,15026.452809230539
2001-10-17 19:00:00,32405.0,31970.609663705163,434.39033629483674,434.39033629483674,188694.96426634135
2001-10-17 20:00:00,31584.0,31677.703410817263,-93.70341081726292,93.70341081726292,8780.329198788746
2001-10-17 21:00:00,29962.0,30011.596916362265,-49.59691636226489,49.59691636226489,2459.854112645499
2001-10-17 22:00:00,27801.0,27375.169670415627,425.8303295843725,425.8303295843725,181331.46959393533
2001-10-17 23:00:00,25351.0,25442.4119701013,-91.41197010130054,91.41197010130054,8356.148277801063
2001-10-18 00:00:00,23558.0,23517.005137699456,40.9948623005439,40.9948623005439,1680.5787350405556
2001-10-18 01:00:00,22697.0,22537.111324709756,159.88867529024355,159.88867529024355,25564.38848606894
2001-10-18 02:00:00,22403.0,22208.189078208114,194.81092179188636,194.81092179188636,37951.295249404466
2001-10-18 03:00:00,22353.0,22255.271163824083,97.72883617591651,97.72883617591651,9550.925420299129
2001-10-18 04:00:00,22947.0,22870.780353248258,76.2196467517424,76.2196467517424,5809.434550960396
2001-10-18 05:00:00,24943.0,24896.075091086448,46.92490891355192,46.92490891355192,2201.9470765451442
2001-10-18 06:00:00,29323.0,28642.997966702056,680.0020332979439,680.0020332979439,462402.76528933796
2001-10-18 07:00:00,31170.0,31240.917146680604,-70.91714668060376,70.91714668060376,5029.241693318269
2001-10-18 08:00:00,31356.0,31375.924070609562,-19.924070609562477,19.924070609562477,396.9685896548313
2001-10-18 09:00:00,31237.0,31290.413414073242,-53.413414073242166,53.413414073242166,2852.9928029596244
2001-10-18 10:00:00,30908.0,31098.53670032483,-190.53670032482842,190.53670032482842,36304.234170673466
2001-10-18 11:00:00,30672.0,30616.929966867545,55.07003313245514,55.07003313245514,3032.7085492097067
2001-10-18 12:00:00,30511.0,30409.892262005673,101.10773799432718,101.10773799432718,10222.774682329513
2001-10-18 13:00:00,30302.0,30297.12585037466,4.8741496253387595,4.8741496253387595,23.75733457018997
2001-10-18 14:00:00,29952.0,30046.10066548568,-94.1006654856792,94.1006654856792,8854.935244847697
2001-10-18 15:00:00,29434.0,29691.72889291329,-257.7288929132883,257.7288929132883,66424.18224230922
2001-10-18 16:00:00,29506.0,29300.148091437426,205.85190856257395,205.85190856257395,42375.00825885431
2001-10-18 17:00:00,29722.0,29851.07259255619,-129.0725925561892,129.0725925561892,16659.734149176027
2001-10-18 18:00:00,31075.0,30707.12626226393,367.8737377360703,367.8737377360703,135331.08691590704
2001-10-18 19:00:00,32384.0,31717.834658540003,666.1653414599969,666.1653414599969,443776.2621625142
2001-10-18 20:00:00,31660.0,31837.518914510994,-177.51891451099436,177.51891451099436,31512.965009161726
2001-10-18 21:00:00,30284.0,30102.098007875615,181.9019921243853,181.9019921243853,33088.334738819925
2001-10-18 22:00:00,27823.0,27775.703895816023,47.29610418397715,47.29610418397715,2236.921470981621
2001-10-18 23:00:00,25551.0,25530.498531288886,20.501468711114285,20.501468711114285,420.31021931279804
2001-10-19 00:00:00,23911.0,23774.84260502434,136.15739497566028,136.15739497566028,18538.83620655796
2001-10-19 01:00:00,22889.0,23027.134940483153,-138.1349404831526,138.1349404831526,19081.261782284113
2001-10-19 02:00:00,22603.0,22490.488645394555,112.51135460544538,112.51135460544538,12658.804915152274
2001-10-19 03:00:00,22647.0,22501.941939784396,145.0580602156042,145.0580602156042,21041.840833513856
2001-10-19 04:00:00,23198.0,23267.344863337992,-69.34486333799214,69.34486333799214,4808.710071364806
2001-10-19 05:00:00,25107.0,25171.885357022555,-64.88535702255467,64.88535702255467,4210.109555944385
2001-10-19 06:00:00,29065.0,28759.097762410573,305.9022375894274,305.9022375894274,93576.17896221849
2001-10-19 07:00:00,31338.0,31059.02213731009,278.97786268990967,278.97786268990967,77828.64787103009
2001-10-19 08:00:00,31420.0,31521.173263630742,-101.17326363074244,101.17326363074244,10236.02927369571
2001-10-19 09:00:00,31212.0,31420.06595984662,-208.06595984661908,208.06595984661908,43291.443646894906
2001-10-19 10:00:00,31200.0,31025.167744050133,174.83225594986652,174.83225594986652,30566.317720519637
2001-10-19 11:00:00,30895.0,30955.147277031752,-60.14727703175231,60.14727703175231,3617.694934334359
2001-10-19 12:00:00,30356.0,30563.977417897608,-207.97741789760767,207.97741789760767,43254.60635535614
2001-10-19 13:00:00,29979.0,30087.785223270752,-108.78522327075189,108.78522327075189,11834.224802067338
2001-10-19 14:00:00,29614.0,29691.842568480144,-77.84256848014411,77.84256848014411,6059.465467585926
2001-10-19 15:00:00,29137.0,29424.99892109678,-287.99892109677967,287.99892109677967,82943.37855290913
2001-10-19 16:00:00,28835.0,29008.647247541856,-173.6472475418559,173.6472475418559,30153.36657886258
2001-10-19 17:00:00,28651.0,28956.87442736209,-305.8744273620905,305.8744273620905,93559.16531408677
2001-10-19 18:00:00,29988.0,29598.100525164165,389.89947483583455,389.89947483583455,152021.60047725958
2001-10-19 19:00:00,30514.0,30827.244988792816,-313.244988792816,313.244988792816,98122.42300381142
2001-10-19 20:00:00,29645.0,30585.91289456598,-940.9128945659795,940.9128945659795,885317.07516053
2001-10-19 21:00:00,28371.0,28472.907063863582,-101.90706386358215,101.90706386358215,10385.049665296212
2001-10-19 22:00:00,26469.0,26363.738503967536,105.26149603246449,105.26149603246449,11079.982546992538
2001-10-19 23:00:00,24327.0,24376.125400959343,-49.1254009593431,49.1254009593431,2413.3050194162274
2001-10-20 00:00:00,22385.0,22521.36722064882,-136.36722064881906,136.36722064881906,18596.0188674837
2001-10-20 01:00:00,21388.0,21321.711472964445,66.28852703555458,66.28852703555458,4394.168816543451
2001-10-20 02:00:00,20872.0,20920.897752888144,-48.89775288814417,48.89775288814417,2390.9902375100114
2001-10-20 03:00:00,20652.0,20562.428881371485,89.57111862851525,89.57111862851525,8022.985292363552
2001-10-20 04:00:00,20747.0,20702.993364686212,44.00663531378814,44.00663531378814,1936.5839516407452
2001-10-20 05:00:00,21293.0,21393.946221940074,-100.94622194007388,100.94622194007388,10190.139723974653
2001-10-20 06:00:00,22627.0,22369.390266034596,257.6097339654043,257.6097339654043,66362.77503372639
2001-10-20 07:00:00,23931.0,23957.50608486331,-26.506084863311116,26.506084863311116,702.5725347810506
2001-10-20 08:00:00,25577.0,25528.722328125852,48.27767187414793,48.27767187414793,2330.7336015878936
2001-10-20 09:00:00,26605.0,26926.370544717425,-321.3705447174252,321.3705447174252,103279.0270119746
2001-10-20 10:00:00,26887.0,27013.592019147534,-126.5920191475343,126.5920191475343,16025.53931184969
2001-10-20 11:00:00,26729.0,26712.0462984484,16.953701551599806,16.953701551599806,287.42799630071767
2001-10-20 12:00:00,26392.0,26299.96860090244,92.03139909755919,92.03139909755919,8469.778419854218
2001-10-20 13:00:00,25830.0,25939.989058903633,-109.98905890363312,109.98905890363312,12097.593078506876
2001-10-20 14:00:00,25287.0,25383.941002882406,-96.94100288240588,96.94100288240588,9397.558039846626
2001-10-20 15:00:00,24984.0,25081.01941388588,-97.01941388587875,97.01941388587875,9412.766670759442
2001-10-20 16:00:00,24937.0,25247.71832523135,-310.7183252313516,310.7183252313516,96545.87763457601
2001-10-20 17:00:00,25161.0,25559.91135915053,-398.9113591505302,398.9113591505302,159130.27245932329
2001-10-20 18:00:00,26603.0,26449.575676301392,153.42432369860762,153.42432369860762,23539.023102375133
2001-10-20 19:00:00,27604.0,27602.57612613577,1.4238738642306998,1.4238738642306998,2.0274167812392654
2001-10-20 20:00:00,26823.0,27288.62030570635,-465.62030570635034,465.62030570635034,216802.26908607513
2001-10-20 21:00:00,25707.0,25940.61285699949,-233.61285699949076,233.61285699949076,54574.966955464515
2001-10-20 22:00:00,24247.0,24321.5297115458,-74.52971154580155,74.52971154580155,5554.677903100384
2001-10-20 23:00:00,22632.0,22537.74255751615,94.25744248384945,94.25744248384945,8884.465463596187
2001-10-21 00:00:00,21137.0,21148.408346039883,-11.408346039883327,11.408346039883327,130.15035936572158
2001-10-21 01:00:00,20035.0,20230.437883885697,-195.43788388569737,195.43788388569737,38195.96645771933
2001-10-21 02:00:00,19423.0,19640.216348989816,-217.21634898981574,217.21634898981574,47182.94226846543
2001-10-21 03:00:00,19274.0,19182.096226467635,91.90377353236545,91.90377353236545,8446.303589488316
2001-10-21 04:00:00,19121.0,19191.23305351998,-70.23305351997988,70.23305351997988,4932.681806740357
2001-10-21 05:00:00,19618.0,19482.420132075546,135.57986792445445,135.57986792445445,18381.90058641251
2001-10-21 06:00:00,20573.0,20284.91906615029,288.08093384970925,288.08093384970925,82990.62444772056
2001-10-21 07:00:00,21453.0,21489.664577717867,-36.66457771786736,36.66457771786736,1344.2912592295356
2001-10-21 08:00:00,22957.0,23101.532810834902,-144.5328108349022,144.5328108349022,20889.733407837623
2001-10-21 09:00:00,24008.0,24084.09696232785,-76.09696232785063,76.09696232785063,5790.747675526319
2001-10-21 10:00:00,24348.0,24714.133546490655,-366.13354649065514,366.13354649065514,134053.7738658247
2001-10-21 11:00:00,24622.0,24615.490474745067,6.509525254932669,6.509525254932669,42.373919044606225
2001-10-21 12:00:00,24750.0,24603.713180503975,146.2868194960247,146.2868194960247,21399.83355826251
2001-10-21 13:00:00,24631.0,24651.849736559434,-20.84973655943395,20.84973655943395,434.7115145977966
2001-10-21 14:00:00,24449.0,24457.670904446903,-8.670904446902568,8.670904446902568,75.18458392731473
2001-10-21 15:00:00,24439.0,24409.898634063145,29.101365936854563,29.101365936854563,846.889499390719
2001-10-21 16:00:00,24909.0,24857.429425383663,51.57057461633667,51.57057461633667,2659.5241662591484
2001-10-21 17:00:00,25757.0,25783.05700323798,-26.057003237980098,26.057003237980098,678.9674177441053
2001-10-21 18:00:00,27549.0,26882.450677618872,666.5493223811281,666.5493223811281,444287.9991667411
2001-10-21 19:00:00,28977.0,27945.79399018559,1031.2060098144102,1031.2060098144102,1063385.8346773575
2001-10-21 20:00:00,28293.0,28510.986267181524,-217.98626718152445,217.98626718152445,47518.012679734966
2001-10-21 21:00:00,26884.0,27064.938031481473,-180.93803148147344,180.93803148147344,32738.571236390675
2001-10-21 22:00:00,24967.0,24988.36609481893,-21.366094818931742,21.366094818931742,456.51000781158183
2001-10-21 23:00:00,22883.0,23139.480077524317,-256.4800775243166,256.4800775243166,65782.03016687944
2001-10-22 00:00:00,21427.0,21435.86381434042,-8.863814340420504,8.863814340420504,78.56720466144417
2001-10-22 01:00:00,20502.0,20614.252923913773,-112.25292391377297,112.25292391377297,12600.718927191305
2001-10-22 02:00:00,20116.0,20102.85181325955,13.14818674045091,13.14818674045091,172.87481456176914
2001-10-22 03:00:00,19974.0,19997.160738273647,-23.16073827364744,23.16073827364744,536.4197973803973
2001-10-22 04:00:00,20632.0,20487.71740290911,144.28259709088888,144.28259709088888,20817.46782329178
2001-10-22 05:00:00,22472.0,22528.690875887653,-56.69087588765251,56.69087588765251,3213.855408909221
2001-10-22 06:00:00,26347.0,26240.11149367789,106.8885063221096,106.8885063221096,11425.152783771666
2001-10-22 07:00:00,29009.0,28889.264256974933,119.73574302506677,119.73574302506677,14336.648157764825
2001-10-22 08:00:00,29660.0,29602.41755839,57.58244161000039,57.58244161000039,3315.737581769104
2001-10-22 09:00:00,30252.0,30074.061476697152,177.9385233028479,177.9385233028479,31662.118075198145
2001-10-22 10:00:00,31169.0,30697.578249252267,471.4217507477333,471.4217507477333,222238.467078058
2001-10-22 11:00:00,31534.0,31259.45414894701,274.54585105298975,274.54585105298975,75375.42433041043
2001-10-22 12:00:00,31734.0,31319.98276516499,414.01723483500973,414.01723483500973,171410.2707404276
2001-10-22 13:00:00,32060.0,31496.050343467992,563.9496565320078,563.9496565320078,318039.21510256955
2001-10-22 14:00:00,32007.0,31889.19890176842,117.80109823157909,117.80109823157909,13877.098744566147
2001-10-22 15:00:00,31883.0,31864.06450195419,18.935498045808345,18.935498045808345,358.5530862428116
2001-10-22 16:00:00,31811.0,31649.364387490576,161.6356125094244,161.6356125094244,26126.07123129679
2001-10-22 17:00:00,31857.0,31552.379133439594,304.6208665604063,304.6208665604063,92793.87234401285
2001-10-22 18:00:00,32891.0,31534.203581969054,1356.7964180309464,1356.7964180309464,1840896.5199816066
2001-10-22 19:00:00,33334.0,32668.639057478467,665.3609425215327,665.3609425215327,442705.18383314234
2001-10-22 20:00:00,32141.0,32428.51888017811,-287.51888017811143,287.51888017811143,82667.1064588752
2001-10-22 21:00:00,30410.0,30634.20275921302,-224.20275921302164,224.20275921302164,50266.87723873216
2001-10-22 22:00:00,27341.0,27722.010797045827,-381.0107970458266,381.0107970458266,145169.22746549608
2001-10-22 23:00:00,24708.0,24822.664599749372,-114.66459974937243,114.66459974937243,13147.97043568378
2001-10-23 00:00:00,22820.0,22877.368725917244,-57.368725917243864,57.368725917243864,3291.170713367848
2001-10-23 01:00:00,21756.0,21813.51489403666,-57.514894036659825,57.514894036659825,3307.963036048208
2001-10-23 02:00:00,21208.0,21216.707671271834,-8.707671271833533,8.707671271833533,75.82353897831501
2001-10-23 03:00:00,20987.0,20982.548354358136,4.451645641864161,4.451645641864161,19.81714892072818
2001-10-23 04:00:00,21394.0,21305.479460050876,88.52053994912421,88.52053994912421,7835.885992884496
2001-10-23 05:00:00,23232.0,23146.12325153405,85.8767484659511,85.8767484659511,7374.815927084233
2001-10-23 06:00:00,27107.0,26964.583078561533,142.4169214384674,142.4169214384674,20282.579512010594
2001-10-23 07:00:00,29650.0,29843.17694487908,-193.1769448790801,193.1769448790801,37317.33203281515
2001-10-23 08:00:00,30107.0,30405.3813731178,-298.38137311780156,298.38137311780156,89031.44382366471
2001-10-23 09:00:00,30643.0,30856.808210021773,-213.80821002177254,213.80821002177254,45713.950672714396
2001-10-23 10:00:00,31191.0,31032.969774239413,158.0302257605872,158.0302257605872,24973.552253942158
2001-10-23 11:00:00,31435.0,31531.095585884806,-96.0955858848065,96.0955858848065,9234.361626544222
2001-10-23 12:00:00,31564.0,31689.799533466063,-125.79953346606271,125.79953346606271,15825.522620279033
2001-10-23 13:00:00,31682.0,31611.607063530802,70.3929364691976,70.3929364691976,4955.165504756488
2001-10-23 14:00:00,31572.0,31718.525045272065,-146.52504527206474,146.52504527206474,21469.588891980624
2001-10-23 15:00:00,31740.0,31440.08236854903,299.9176314509714,299.9176314509714,89950.5856551607
2001-10-23 16:00:00,31623.0,31808.972814124052,-185.9728141240521,185.9728141240521,34585.88759321923
2001-10-23 17:00:00,31556.0,31734.275663523826,-178.27566352382564,178.27566352382564,31782.212204860298
2001-10-23 18:00:00,32973.0,31556.562783136505,1416.4372168634945,1416.4372168634945,2006294.3893160024
2001-10-23 19:00:00,33387.0,32884.24064413941,502.7593558605877,502.7593558605877,252766.96990535303
2001-10-23 20:00:00,32444.0,32833.630373683256,-389.63037368325604,389.63037368325604,151811.82809655374
2001-10-23 21:00:00,30558.0,30932.687628485775,-374.68762848577535,374.68762848577535,140390.8189402944
2001-10-23 22:00:00,27604.0,28090.897405049254,-486.8974050492543,486.8974050492543,237069.0830436976
2001-10-23 23:00:00,25145.0,25212.405625872747,-67.4056258727469,67.4056258727469,4543.518399296726
2001-10-24 00:00:00,23459.0,23285.97841605243,173.02158394757134,173.02158394757134,29936.468511726478
2001-10-24 01:00:00,22258.0,22555.345537728797,-297.34553772879735,297.34553772879735,88414.36880722766
2001-10-24 02:00:00,21762.0,21811.04326177918,-49.043261779181194,49.043261779181194,2405.241525941295
2001-10-24 03:00:00,21522.0,21484.21294923467,37.787050765331514,37.787050765331514,1427.861205541741
2001-10-24 04:00:00,21851.0,21863.374459621755,-12.374459621754795,12.374459621754795,153.12725093043983
2001-10-24 05:00:00,23831.0,23432.374152460226,398.62584753977353,398.62584753977353,158902.56632680277
2001-10-24 06:00:00,27686.0,27505.445396101626,180.5546038983739,180.5546038983739,32599.964988898693
2001-10-24 07:00:00,30267.0,30103.352998964092,163.64700103590803,163.64700103590803,26780.340948046483
2001-10-24 08:00:00,30738.0,31029.920145611297,-291.9201456112969,291.9201456112969,85217.37141372079
2001-10-24 09:00:00,31432.0,31039.998767692156,392.0012323078445,392.0012323078445,153664.96613086865
2001-10-24 10:00:00,32379.0,31927.328183199716,451.67181680028443,451.67181680028443,204007.4300916697
2001-10-24 11:00:00,32851.0,32658.936425557353,192.06357444264722,192.06357444264722,36888.41662768629
2001-10-24 12:00:00,33179.0,33253.53573834075,-74.5357383407536,74.5357383407536,5555.576290001286
2001-10-24 13:00:00,33667.0,33578.3557605422,88.64423945779708,88.64423945779708,7857.80118905127
2001-10-24 14:00:00,33943.0,33774.41510000815,168.58489999185258,168.58489999185258,28420.868505262937
2001-10-24 15:00:00,33888.0,33915.761656599956,-27.76165659995604,27.76165659995604,770.7095771738828
2001-10-24 16:00:00,33805.0,33765.02824641624,39.97175358376262,39.97175358376262,1597.7410845610398
2001-10-24 17:00:00,33351.0,33707.45987321378,-356.459873213782,356.459873213782,127063.64121158552
2001-10-24 18:00:00,34403.0,32746.585751969546,1656.4142480304545,1656.4142480304545,2743708.161078296
2001-10-24 19:00:00,34789.0,34131.11787886449,657.8821211355098,657.8821211355098,432808.8853097576
2001-10-24 20:00:00,33626.0,34009.06267374789,-383.06267374788877,383.06267374788877,146737.01201888148
2001-10-24 21:00:00,31734.0,32251.88504003686,-517.885040036861,517.885040036861,268204.9146939812
2001-10-24 22:00:00,28837.0,29144.18138552252,-307.1813855225191,307.1813855225191,94360.40361153452
2001-10-24 23:00:00,25994.0,26241.228868876442,-247.228868876442,247.228868876442,61122.11360592495
2001-10-25 00:00:00,24002.0,24161.965382614897,-159.96538261489695,159.96538261489695,25588.923635130377
2001-10-25 01:00:00,22907.0,22971.94078580848,-64.94078580848145,64.94078580848145,4217.305661423065
2001-10-25 02:00:00,22211.0,22260.443515131592,-49.443515131591994,49.443515131591994,2444.6611885679663
2001-10-25 03:00:00,21915.0,21949.11921719132,-34.119217191320786,34.119217191320786,1164.1209817485199
2001-10-25 04:00:00,22360.0,22172.215359492508,187.78464050749244,187.78464050749244,35263.07121052817
2001-10-25 05:00:00,24291.0,23991.59080220563,299.4091977943717,299.4091977943717,89645.8677238692
2001-10-25 06:00:00,28380.0,27831.475823311324,548.5241766886757,548.5241766886757,300878.77241198946
2001-10-25 07:00:00,30806.0,30521.298660021337,284.7013399786629,284.7013399786629,81054.85298564618
2001-10-25 08:00:00,31372.0,31777.915988901354,-405.91598890135356,405.91598890135356,164767.79004576377
2001-10-25 09:00:00,32198.0,32059.65577147559,138.34422852440912,138.34422852440912,19139.125566013932
2001-10-25 10:00:00,33025.0,32762.921406496866,262.07859350313447,262.07859350313447,68685.1891725812
2001-10-25 11:00:00,32992.0,33503.78183571299,-511.78183571298723,511.78183571298723,261920.64736575505
2001-10-25 12:00:00,32370.0,33028.0456110453,-658.0456110453015,658.0456110453015,433024.0262159842
2001-10-25 13:00:00,32286.0,32036.582083151607,249.41791684839336,249.41791684839336,62209.29724499206
2001-10-25 14:00:00,31800.0,31992.272899206033,-192.2728992060329,192.2728992060329,36968.86776909328
2001-10-25 15:00:00,31396.0,31564.936753661266,-168.93675366126627,168.93675366126627,28539.626737607363
2001-10-25 16:00:00,31053.0,31255.18179798998,-202.1817979899788,202.1817979899788,40877.4794384606
2001-10-25 17:00:00,30720.0,31142.353855908095,-422.3538559080953,422.3538559080953,178382.7796004361
2001-10-25 18:00:00,31731.0,31109.606826234663,621.3931737653365,621.3931737653365,386129.47640215774
2001-10-25 19:00:00,32365.0,32774.99974111245,-409.99974111244956,409.99974111244956,168099.78771227566
2001-10-25 20:00:00,31138.0,32537.16048585386,-1399.1604858538594,1399.1604858538594,1957650.065174808
2001-10-25 21:00:00,29491.0,29734.734837113498,-243.73483711349763,243.73483711349763,59406.670822743225
2001-10-25 22:00:00,26839.0,27067.442503980852,-228.44250398085205,228.44250398085205,52185.9776250416
2001-10-25 23:00:00,24379.0,24451.603175359625,-72.60317535962531,72.60317535962531,5271.221072300504
2001-10-26 00:00:00,22512.0,22504.431915933794,7.568084066206211,7.568084066206211,57.275896433164334
2001-10-26 01:00:00,21506.0,21439.654876691424,66.34512330857615,66.34512330857615,4401.675386830174
2001-10-26 02:00:00,20923.0,21088.874774331976,-165.87477433197637,165.87477433197637,27514.440759684087
2001-10-26 03:00:00,20868.0,20661.605483032243,206.39451696775723,206.39451696775723,42598.69663435382
2001-10-26 04:00:00,21348.0,21234.429607573602,113.57039242639803,113.57039242639803,12898.234035886047
2001-10-26 05:00:00,23000.0,23116.53822580137,-116.53822580137057,116.53822580137057,13581.158072931234
2001-10-26 06:00:00,26845.0,26593.14571251287,251.85428748713093,251.85428748713093,63430.5821256504
2001-10-26 07:00:00,29597.0,29339.836992174824,257.16300782517646,257.16300782517646,66132.81259369178
2001-10-26 08:00:00,30123.0,30449.980802476326,-326.98080247632606,326.98080247632606,106916.44518806216
2001-10-26 09:00:00,30356.0,31101.59825720163,-745.5982572016292,745.5982572016292,555916.7611421067
2001-10-26 10:00:00,30670.0,30828.29286130644,-158.2928613064396,158.2928613064396,25056.62994057972
2001-10-26 11:00:00,30286.0,30727.403382618275,-441.4033826182749,441.4033826182749,194836.9461868552
2001-10-26 12:00:00,29882.0,30244.841449731237,-362.84144973123693,362.84144973123693,131653.91764306574
2001-10-26 13:00:00,29708.0,29720.59420861486,-12.59420861486069,12.59420861486069,158.61409063463122
2001-10-26 14:00:00,29469.0,29516.31282937273,-47.31282937273136,47.31282937273136,2238.503823253191
2001-10-26 15:00:00,29037.0,29338.424192825383,-301.4241928253832,301.4241928253832,90856.54402043381
2001-10-26 16:00:00,28859.0,29005.357384867413,-146.3573848674132,146.3573848674132,21420.48410522811
2001-10-26 17:00:00,29337.0,29082.82446963441,254.1755303655882,254.1755303655882,64605.20023662805
2001-10-26 18:00:00,30858.0,30344.596058499676,513.4039415003244,513.4039415003244,263583.60714806855
2001-10-26 19:00:00,31204.0,31318.972232415963,-114.97223241596294,114.97223241596294,13218.614226710199
2001-10-26 20:00:00,30324.0,30833.06906353181,-509.06906353180966,509.06906353180966,259151.31144515367
2001-10-26 21:00:00,29235.0,29140.9769817201,94.02301827989868,94.02301827989868,8840.32796646216
2001-10-26 22:00:00,27402.0,27067.472950869538,334.5270491304618,334.5270491304618,111908.34659993442
2001-10-26 23:00:00,25469.0,24874.35650457615,594.6434954238503,594.6434954238503,353600.88664989464
2001-10-27 00:00:00,23470.0,23428.993556037378,41.00644396262214,41.00644396262214,1681.52844645967
2001-10-27 01:00:00,22519.0,22224.539554534644,294.4604454653563,294.4604454653563,86706.95394365607
2001-10-27 02:00:00,21854.0,21890.517892132262,-36.517892132262205,36.517892132262205,1333.5564457835378
2001-10-27 03:00:00,21670.0,21625.098168003406,44.90183199659441,44.90183199659441,2016.1745166503895
2001-10-27 04:00:00,21638.0,21799.72920187231,-161.7292018723092,161.7292018723092,26156.334738254143
2001-10-27 05:00:00,22243.0,22343.448752605516,-100.44875260551635,100.44875260551635,10089.951900004227
2001-10-27 06:00:00,23558.0,23327.963485686298,230.03651431370236,230.03651431370236,52916.79791759819
2001-10-27 07:00:00,24919.0,24800.950526139164,118.04947386083586,118.04947386083586,13935.678278820169
2001-10-27 08:00:00,26468.0,26491.420742458162,-23.42074245816184,23.42074245816184,548.5311772915447
2001-10-27 09:00:00,27531.0,27384.14068192418,146.85931807582165,146.85931807582165,21567.659305695353
2001-10-27 10:00:00,27910.0,27989.7191511633,-79.7191511632991,79.7191511632991,6355.143062196933
2001-10-27 11:00:00,27625.0,27757.428207446246,-132.42820744624623,132.42820744624623,17537.230127426028
2001-10-27 12:00:00,26992.0,27247.6560405946,-255.6560405946002,255.6560405946002,65360.01109250786
2001-10-27 13:00:00,26589.0,26554.663267594533,34.336732405467046,34.336732405467046,1179.0111922846509
2001-10-27 14:00:00,26154.0,26111.87974150956,42.12025849043857,42.12025849043857,1774.1161753013628
2001-10-27 15:00:00,26158.0,25865.220828035595,292.77917196440467,292.77917196440467,85719.64353616245
2001-10-27 16:00:00,26475.0,26400.96693018992,74.03306981008063,74.03306981008063,5480.895425504273
2001-10-27 17:00:00,27260.0,27334.415098979265,-74.41509897926517,74.41509897926517,5537.606956093831
2001-10-27 18:00:00,28837.0,28721.02995499573,115.9700450042692,115.9700450042692,13449.051338292222
2001-10-27 19:00:00,29082.0,28891.222826873167,190.77717312683308,190.77717312683308,36395.92978626564
2001-10-27 20:00:00,28336.0,28817.826488373514,-481.8264883735137,481.8264883735137,232156.76489835174
2001-10-27 21:00:00,27445.0,27374.080781650442,70.91921834955792,70.91921834955792,5029.535531312274
2001-10-27 22:00:00,26214.0,25946.129054334164,267.8709456658362,267.8709456658362,71754.84353190937
2001-10-27 23:00:00,24708.0,24353.196831091558,354.8031689084419,354.8031689084419,125885.28866747234
2001-10-28 00:00:00,23017.0,22884.535788185698,132.46421181430196,132.46421181430196,17546.767411584256
2001-10-28 01:00:00,22176.5,21910.852657941872,265.64734205812783,265.64734205812783,70568.51034254798
2001-10-28 02:00:00,21336.0,21682.573113610622,-346.5731136106224,346.5731136106224,120112.92307776137
2001-10-28 03:00:00,21265.0,21077.256713125822,187.743286874178,187.743286874178,35247.541766319904
2001-10-28 04:00:00,21519.0,21369.343579433724,149.6564205662762,149.6564205662762,22397.044216710143
2001-10-28 05:00:00,22169.0,21993.823656401117,175.17634359888325,175.17634359888325,30686.751356674005
2001-10-28 06:00:00,23124.0,23057.71926739388,66.28073260611927,66.28073260611927,4393.135514803883
2001-10-28 07:00:00,24510.0,24075.67448737437,434.3255126256299,434.3255126256299,188638.6509175162
2001-10-28 08:00:00,25849.0,25822.00119016493,26.99880983506955,26.99880983506955,728.9357325102483
2001-10-28 09:00:00,26447.0,26512.717899440762,-65.71789944076227,65.71789944076227,4318.842306906142
2001-10-28 10:00:00,26446.0,26750.26252225661,-304.2625222566094,304.2625222566094,92575.68244995372
2001-10-28 11:00:00,26084.0,26346.12514936775,-262.12514936774824,262.12514936774824,68709.59393106433
2001-10-28 12:00:00,25652.0,25847.54116034692,-195.54116034691833,195.54116034691833,38236.345389819224
2001-10-28 13:00:00,25211.0,25365.533389802004,-154.5333898020035,154.5333898020035,23880.56856369796
2001-10-28 14:00:00,24883.0,25031.15482010519,-148.15482010518826,148.15482010518826,21949.850720400696
2001-10-28 15:00:00,24912.0,24741.110763352033,170.88923664796675,170.88923664796675,29203.131202124783
2001-10-28 16:00:00,25864.0,25474.294728632176,389.705271367824,389.705271367824,151870.19853186936
2001-10-28 17:00:00,28754.0,27274.513174015676,1479.4868259843242,1479.4868259843242,2188881.26826117
2001-10-28 18:00:00,30121.0,29394.058332411976,726.9416675880238,726.9416675880238,528444.188075657
2001-10-28 19:00:00,29601.0,30395.501746707112,-794.501746707112,794.501746707112,631233.025520652
2001-10-28 20:00:00,29127.0,29148.256962725696,-21.256962725696212,21.256962725696212,451.8584643216381
2001-10-28 21:00:00,27800.0,28030.142333923402,-230.14233392340248,230.14233392340248,52965.493863710886
2001-10-28 22:00:00,26017.0,26121.806144907176,-104.80614490717562,104.80614490717562,10984.328010303894
2001-10-28 23:00:00,24427.0,24221.43412984245,205.5658701575485,205.5658701575485,42257.326973630086
2001-10-29 00:00:00,23503.0,22833.43091513234,669.5690848676604,669.5690848676604,448322.75941051624
2001-10-29 01:00:00,23024.0,22425.295998921512,598.7040010784876,598.7040010784876,358446.4809073897
2001-10-29 02:00:00,22998.0,22636.979290645904,361.02070935409574,361.02070935409574,130335.95258253448
2001-10-29 03:00:00,23275.0,22940.38514714212,334.6148528578815,334.6148528578815,111967.09975310168
2001-10-29 04:00:00,24193.0,23788.835553804984,404.16444619501635,404.16444619501635,163348.89956812427
2001-10-29 05:00:00,26443.0,26443.99967933965,-0.9996793396494468,0.9996793396494468,0.999358782121954
2001-10-29 06:00:00,30517.0,29603.668359291998,913.3316407080019,913.3316407080019,834174.6859183707
2001-10-29 07:00:00,32120.0,32028.169121076287,91.83087892371259,91.83087892371259,8432.91032390156
2001-10-29 08:00:00,32079.0,32458.055222042378,-379.05522204237786,379.05522204237786,143682.86135759638
2001-10-29 09:00:00,31784.0,32047.947439382933,-263.9474393829332,263.9474393829332,69668.2507568072
2001-10-29 10:00:00,31511.0,31500.60992238656,10.390077613439644,10.390077613439644,107.95371281329965
2001-10-29 11:00:00,31124.0,31234.60359206514,-110.60359206514113,110.60359206514113,12233.15457771215
2001-10-29 12:00:00,30619.0,30800.926500720685,-181.926500720685,181.926500720685,33097.2516644734
2001-10-29 13:00:00,30411.0,30406.635593328305,4.364406671695178,4.364406671695178,19.048045595937385
2001-10-29 14:00:00,30094.0,30131.899685990746,-37.89968599074564,37.89968599074564,1436.3861981971213
2001-10-29 15:00:00,29783.0,29992.954164513074,-209.95416451307392,209.95416451307392,44080.75119638291
2001-10-29 16:00:00,30324.0,30247.778267756057,76.22173224394282,76.22173224394282,5809.752466267313
2001-10-29 17:00:00,32912.0,32236.18329410238,675.8167058976214,675.8167058976214,456728.21997031214
2001-10-29 18:00:00,33678.0,33199.29322619436,478.706773805643,478.706773805643,229160.17528740707
2001-10-29 19:00:00,32902.0,33308.85130994597,-406.85130994596693,406.85130994596693,165527.98840474925
2001-10-29 20:00:00,31774.0,32251.482798820613,-477.4827988206125,477.4827988206125,227989.82316956553
2001-10-29 21:00:00,29948.0,30288.21673112046,-340.2167311204612,340.2167311204612,115747.42413429219
2001-10-29 22:00:00,27264.0,27420.7997750328,-156.79977503279952,156.79977503279952,24586.16945033654
2001-10-29 23:00:00,24921.0,25189.874157037233,-268.8741570372331,268.8741570372331,72293.31232248268
2001-10-30 00:00:00,23229.0,23469.671899341196,-240.67189934119597,240.67189934119597,57922.963132498764
2001-10-30 01:00:00,22494.0,22292.312303084513,201.68769691548732,201.68769691548732,40677.927087073476
2001-10-30 02:00:00,22290.0,22230.59481717156,59.40518282843914,59.40518282843914,3528.97574688028
2001-10-30 03:00:00,22214.0,22228.55767997893,-14.557679978930537,14.557679978930537,211.92604636895499
2001-10-30 04:00:00,22868.0,22826.964453361117,41.035546638882806,41.035546638882806,1683.9160879519259
2001-10-30 05:00:00,24977.0,24890.45331475696,86.54668524303997,86.54668524303997,7490.328726557833
2001-10-30 06:00:00,28675.0,28698.408430016872,-23.408430016872444,23.408430016872444,547.9545958548149
2001-10-30 07:00:00,30656.0,30728.808121046837,-72.80812104683719,72.80812104683719,5301.022490370896
2001-10-30 08:00:00,30619.0,31085.984579464253,-466.98457946425333,466.98457946425333,218074.59745740553
2001-10-30 09:00:00,30608.0,30717.059839315156,-109.05983931515584,109.05983931515584,11894.048551447611
2001-10-30 10:00:00,30666.0,30583.3853767514,82.61462324859895,82.61462324859895,6825.175974507945
2001-10-30 11:00:00,30728.0,30463.574026239072,264.4259737609282,264.4259737609282,69921.09559941507
2001-10-30 12:00:00,30258.0,30494.610456921208,-236.61045692120751,236.61045692120751,55984.5083244626
2001-10-30 13:00:00,30145.0,30059.258052081397,85.74194791860282,85.74194791860282,7351.681632876398
2001-10-30 14:00:00,29864.0,29993.768338649137,-129.76833864913715,129.76833864913715,16839.82171575714
2001-10-30 15:00:00,29590.0,29620.772778500916,-30.772778500915592,30.772778500915592,946.9638966664129
2001-10-30 16:00:00,30010.0,30080.518702076788,-70.51870207678803,70.51870207678803,4972.887342594789
2001-10-30 17:00:00,32565.0,31815.42707271466,749.5729272853387,749.5729272853387,561859.5733191116
2001-10-30 18:00:00,33175.0,32826.09569445471,348.904305545293,348.904305545293,121734.2144280432
2001-10-30 19:00:00,32435.0,32483.983357636782,-48.983357636781875,48.983357636781875,2399.369325372877
2001-10-30 20:00:00,31523.0,31689.74530618631,-166.74530618630888,166.74530618630888,27803.997135165897
2001-10-30 21:00:00,29764.0,30021.653535181882,-257.65353518188203,257.65353518188203,66385.34419172132
2001-10-30 22:00:00,27259.0,27266.414594197493,-7.414594197492988,7.414594197492988,54.97620711349669
2001-10-30 23:00:00,25035.0,24805.050080312838,229.94991968716204,229.94991968716204,52876.96556413227
2001-10-31 00:00:00,23350.0,23364.10849921632,-14.108499216319615,14.108499216319615,199.0497501368912
2001-10-31 01:00:00,22610.0,22486.751326456873,123.24867354312664,123.24867354312664,15190.235530140206
2001-10-31 02:00:00,22345.0,22225.647572046943,119.35242795305749,119.35242795305749,14245.002058289778
2001-10-31 03:00:00,22379.0,22295.299865904148,83.70013409585226,83.70013409585226,7005.712447663651
2001-10-31 04:00:00,23050.0,22972.91912813699,77.08087186301054,77.08087186301054,5941.46080716185
2001-10-31 05:00:00,25278.0,24981.033183727635,296.96681627236467,296.96681627236467,88189.28996694439
2001-10-31 06:00:00,29107.0,28730.20555228891,376.79444771109047,376.79444771109047,141974.0558259057
2001-10-31 07:00:00,31171.0,31064.56575939962,106.4342406003816,106.4342406003816,11328.247572179918
2001-10-31 08:00:00,31338.0,31382.01913251453,-44.01913251453152,44.01913251453152,1937.684027331886
2001-10-31 09:00:00,31242.0,31264.75130201269,-22.751302012689848,22.751302012689848,517.6217432726252
2001-10-31 10:00:00,31453.0,31082.406427950395,370.5935720496054,370.5935720496054,137339.59564448608
2001-10-31 11:00:00,31205.0,31257.810526684734,-52.810526684734214,52.810526684734214,2788.9517287190242
2001-10-31 12:00:00,30928.0,30956.02635958506,-28.026359585059254,28.026359585059254,785.4768315910427
2001-10-31 13:00:00,30614.0,30658.202292893275,-44.202292893274716,44.202292893274716,1953.8426970228445
2001-10-31 14:00:00,29906.0,30415.167389163074,-509.1673891630744,509.1673891630744,259251.43018714167
2001-10-31 15:00:00,29813.0,29655.541753109042,157.45824689095753,157.45824689095753,24793.099513973735
2001-10-31 16:00:00,30320.0,30142.24361873032,177.75638126967897,177.75638126967897,31597.331082091478
2001-10-31 17:00:00,32387.0,32117.097022259823,269.90297774017745,269.90297774017745,72847.61739301472
2001-10-31 18:00:00,32095.0,32783.90471460273,-688.9047146027297,688.9047146027297,474589.7058018684
2001-10-31 19:00:00,31083.0,31419.189353691534,-336.18935369153405,336.18935369153405,113023.28153553138
2001-10-31 20:00:00,30575.0,30521.853005050238,53.1469949497623,53.1469949497623,2824.6030721900597
2001-10-31 21:00:00,29333.0,29290.076892775236,42.92310722476395,42.92310722476395,1842.3931338285834
2001-10-31 22:00:00,26808.0,26925.18908225804,-117.18908225803898,117.18908225803898,13733.281000481426
2001-10-31 23:00:00,24262.0,24470.253738423093,-208.25373842309273,208.25373842309273,43369.61956719393
2001-11-01 00:00:00,22595.0,22468.3062001001,126.6937998998983,126.6937998998983,16051.318933075469
2001-11-01 01:00:00,21778.0,21558.135659861793,219.8643401382069,219.8643401382069,48340.328064409136
2001-11-01 02:00:00,21498.0,21314.38403807413,183.61596192586876,183.61596192586876,33714.82147396209
2001-11-01 03:00:00,21547.0,21348.974559189417,198.02544081058295,198.02544081058295,39214.07520822569
2001-11-01 04:00:00,22187.0,22032.912426976287,154.08757302371305,154.08757302371305,23742.980160338102
2001-11-01 05:00:00,24296.0,24056.7733013365,239.22669866350043,239.22669866350043,57229.41335343724
2001-11-01 06:00:00,27937.0,27955.857215653705,-18.85721565370477,18.85721565370477,355.5945822103282
2001-11-01 07:00:00,29680.0,30180.800035449614,-500.80003544961437,500.80003544961437,250800.675506335
2001-11-01 08:00:00,30091.0,30142.95645045457,-51.956450454570586,51.956450454570586,2699.472743838248
2001-11-01 09:00:00,30233.0,30563.85622802359,-330.8562280235892,330.8562280235892,109465.84362199726
2001-11-01 10:00:00,30505.0,30380.384973086824,124.61502691317583,124.61502691317583,15528.904932571535
2001-11-01 11:00:00,30507.0,30477.265799123925,29.734200876075192,29.734200876075192,884.1227017387907
2001-11-01 12:00:00,30479.0,30416.999636931945,62.00036306805487,62.00036306805487,3844.045020570622
2001-11-01 13:00:00,30548.0,30302.70990742431,245.29009257569123,245.29009257569123,60167.22951579117
2001-11-01 14:00:00,30242.0,30441.359251832113,-199.35925183211293,199.35925183211293,39744.111291059824
2001-11-01 15:00:00,29924.0,30144.24952995775,-220.24952995774947,220.24952995774947,48509.85544660958
2001-11-01 16:00:00,30439.0,30192.833188862816,246.16681113718369,246.16681113718369,60598.098905449864
2001-11-01 17:00:00,32783.0,31074.54241902117,1708.4575809788294,1708.4575809788294,2918827.3060040334
2001-11-01 18:00:00,33080.0,32932.73193378827,147.26806621172727,147.26806621172727,21687.883325741688
2001-11-01 19:00:00,32485.0,32339.46557155482,145.5344284451785,145.5344284451785,21180.269862864778
2001-11-01 20:00:00,31420.0,31701.870244768375,-281.8702447683754,281.8702447683754,79450.83488578387
2001-11-01 21:00:00,29491.0,29954.45798691434,-463.45798691434175,463.45798691434175,214793.30563469417
2001-11-01 22:00:00,26810.0,27179.438142615854,-369.4381426158543,369.4381426158543,136484.5412194523
2001-11-01 23:00:00,24560.0,24476.484960350448,83.51503964955191,83.51503964955191,6974.761847666227
2001-11-02 00:00:00,22628.0,22673.506999011264,-45.50699901126427,45.50699901126427,2070.886959011207
2001-11-02 01:00:00,21610.0,21726.523882928966,-116.52388292896649,116.52388292896649,13577.815292843487
2001-11-02 02:00:00,21184.0,21209.46081369359,-25.460813693589444,25.460813693589444,648.2530339396717
2001-11-02 03:00:00,21099.0,21096.096642488697,2.903357511302602,2.903357511302602,8.429484838437238
2001-11-02 04:00:00,21613.0,21527.96490688413,85.03509311586822,85.03509311586822,7230.967061224379
2001-11-02 05:00:00,23525.0,23399.872222616887,125.12777738311343,125.12777738311343,15656.960672837991
2001-11-02 06:00:00,27190.0,27112.30029778316,77.6997022168398,77.6997022168398,6037.243724585579
2001-11-02 07:00:00,29179.0,29708.331815525835,-529.3318155258348,529.3318155258348,280192.17092787643
2001-11-02 08:00:00,30111.0,29936.471909158798,174.52809084120236,174.52809084120236,30460.054492674983
2001-11-02 09:00:00,30505.0,30639.027166390297,-134.02716639029677,134.02716639029677,17963.281330612295
2001-11-02 10:00:00,30991.0,30688.817857354014,302.18214264598646,302.18214264598646,91314.04733411931
2001-11-02 11:00:00,31400.0,30946.958605904758,453.04139409524214,453.04139409524214,205246.5047637605
2001-11-02 12:00:00,31171.0,31313.477319250876,-142.47731925087646,142.47731925087646,20299.786500916172
2001-11-02 13:00:00,31033.0,31032.255338473362,0.7446615266380832,0.7446615266380832,0.5545207892549606
2001-11-02 14:00:00,30966.0,30824.055615600628,141.9443843993722,141.9443843993722,20148.208262516742
2001-11-02 15:00:00,30503.0,30883.478750582326,-380.47875058232603,380.47875058232603,144764.07964468785
2001-11-02 16:00:00,30604.0,30810.406013317814,-206.40601331781363,206.40601331781363,42603.44233375346
2001-11-02 17:00:00,32521.0,31434.559351235428,1086.440648764572,1086.440648764572,1180353.283287984
2001-11-02 18:00:00,32385.0,32845.14092503939,-460.14092503939173,460.14092503939173,211729.67089610713
2001-11-02 19:00:00,31103.0,31882.464586694925,-779.464586694925,779.464586694925,607565.0419114901
2001-11-02 20:00:00,29704.0,30632.305486444213,-928.3054864442129,928.3054864442129,861751.0761624267
2001-11-02 21:00:00,27949.0,28614.731123329337,-665.7311233293367,665.7311233293367,443197.9285693405
2001-11-02 22:00:00,25987.0,26088.92211168463,-101.92211168463109,101.92211168463109,10388.116850254413
2001-11-02 23:00:00,23983.0,23998.48040192385,-15.480401923850877,15.480401923850877,239.64284372396594
2001-11-03 00:00:00,22243.0,22108.55724329372,134.44275670628122,134.44275670628122,18074.854830784323
2001-11-03 01:00:00,21250.0,21267.80250363922,-17.80250363922096,17.80250363922096,316.92913582447545
2001-11-03 02:00:00,20584.0,20755.31261500119,-171.31261500118853,171.31261500118853,29348.012058545446
2001-11-03 03:00:00,20133.0,20325.77355481356,-192.77355481356062,192.77355481356062,37161.64343545686
2001-11-03 04:00:00,20066.0,20150.889185661974,-84.8891856619739,84.8891856619739,7206.173842353075
2001-11-03 05:00:00,20809.0,20724.77241915659,84.22758084340967,84.22758084340967,7094.285374733111
2001-11-03 06:00:00,21883.0,21986.44502596079,-103.4450259607911,103.4450259607911,10700.873396028745
2001-11-03 07:00:00,23177.0,23338.092234762764,-161.09223476276384,161.09223476276384,25950.70810086142
2001-11-03 08:00:00,25404.0,25149.713056756977,254.28694324302342,254.28694324302342,64661.849503880614
2001-11-03 09:00:00,26893.0,26792.670434722422,100.32956527757779,100.32956527757779,10066.021668787742
2001-11-03 10:00:00,27377.0,27372.142492200634,4.857507799366431,4.857507799366431,23.595382020905706
2001-11-03 11:00:00,27355.0,27344.578455027142,10.4215449728581,10.4215449728581,108.60859962130395
2001-11-03 12:00:00,26887.0,27038.506546784414,-151.50654678441424,151.50654678441424,22954.2337185379
2001-11-03 13:00:00,26140.0,26441.61111692924,-301.6111169292417,301.6111169292417,90969.26585530471
2001-11-03 14:00:00,25587.0,25801.58683747331,-214.58683747331088,214.58683747331088,46047.51081679714
2001-11-03 15:00:00,25295.0,25425.645399749308,-130.64539974930813,130.64539974930813,17068.22047565652
2001-11-03 16:00:00,25642.0,25854.60112833463,-212.60112833463063,212.60112833463063,45199.239769158085
2001-11-03 17:00:00,28077.0,27008.679055258264,1068.3209447417357,1068.3209447417357,1141309.6409738748
2001-11-03 18:00:00,28503.0,28889.7067873498,-386.70678734980174,386.70678734980174,149542.1393824048
2001-11-03 19:00:00,27694.0,28149.55690111351,-455.5569011135085,455.5569011135085,207532.09015214298
2001-11-03 20:00:00,26823.0,27365.819510314257,-542.8195103142571,542.8195103142571,294653.02077780984
2001-11-03 21:00:00,25745.0,25972.45115690821,-227.45115690820967,227.45115690820967,51734.02877888302
2001-11-03 22:00:00,24276.0,24367.462050509017,-91.46205050901699,91.46205050901699,8365.306683313975
2001-11-03 23:00:00,22344.0,22570.211951538506,-226.21195153850567,226.21195153850567,51171.84701885924
2001-11-04 00:00:00,20901.0,21004.983561336667,-103.98356133666675,103.98356133666675,10812.581028256336
2001-11-04 01:00:00,19895.0,19953.348253844837,-58.34825384483702,58.34825384483702,3404.5187267415376
2001-11-04 02:00:00,19543.0,19391.29087441206,151.70912558793862,151.70912558793862,23015.65878665693
2001-11-04 03:00:00,19204.0,19301.111678480127,-97.11167848012701,97.11167848012701,9430.678097227563
2001-11-04 04:00:00,19544.0,19155.314390433236,388.68560956676447,388.68560956676447,151076.50308428728
2001-11-04 05:00:00,19922.0,19878.888899523947,43.11110047605325,43.11110047605325,1858.5669842563589
2001-11-04 06:00:00,20600.0,20682.335153749642,-82.3351537496419,82.3351537496419,6779.077542977171
2001-11-04 07:00:00,21780.0,21587.38324197092,192.61675802907848,192.61675802907848,37101.21547363257
2001-11-04 08:00:00,23312.0,23363.29917657754,-51.29917657754049,51.29917657754049,2631.605517533679
2001-11-04 09:00:00,24319.0,24363.345302900518,-44.34530290051771,44.34530290051771,1966.5058893386642
2001-11-04 10:00:00,24622.0,24917.38513271917,-295.38513271916963,295.38513271916963,87252.37663152146
2001-11-04 11:00:00,24734.0,24918.832624055063,-184.8326240550632,184.8326240550632,34163.09891508033
2001-11-04 12:00:00,24722.0,24695.181213818283,26.81878618171686,26.81878618171686,719.2472922606472
2001-11-04 13:00:00,24427.0,24602.943164777596,-175.9431647775964,175.9431647775964,30955.997231956437
2001-11-04 14:00:00,24207.0,24345.95064675872,-138.9506467587198,138.9506467587198,19307.282234666534
2001-11-04 15:00:00,24197.0,24194.74041919765,2.2595808023506834,2.2595808023506834,5.105705402351758
2001-11-04 16:00:00,25158.0,25040.42137730528,117.57862269472025,117.57862269472025,13824.732514787383
2001-11-04 17:00:00,28225.0,27500.498625132106,724.5013748678939,724.5013748678939,524902.2421854686
2001-11-04 18:00:00,28886.0,28433.838674213664,452.1613257863355,452.1613257863355,204449.86453685665
2001-11-04 19:00:00,28312.0,28566.882339416195,-254.88233941619546,254.88233941619546,64965.00694627267
2001-11-04 20:00:00,27516.0,27630.050532358164,-114.05053235816376,114.05053235816376,13007.52393118056
2001-11-04 21:00:00,26247.0,26412.619805106886,-165.6198051068859,165.6198051068859,27429.91984364287
2001-11-04 22:00:00,24392.0,24632.756700394424,-240.75670039442412,240.75670039442412,57963.788784810495
2001-11-04 23:00:00,22716.0,22706.080103247637,9.919896752362547,9.919896752362547,98.404351577533
2001-11-05 00:00:00,21426.0,21177.662983839695,248.3370161603052,248.3370161603052,61671.27359540369
2001-11-05 01:00:00,20367.0,20640.281691156186,-273.28169115618584,273.28169115618584,74682.88272118494
2001-11-05 02:00:00,20412.0,20145.804138665033,266.19586133496705,266.19586133496705,70860.236591865
2001-11-05 03:00:00,20384.0,20365.98124144577,18.018758554229862,18.018758554229862,324.67565983563185
2001-11-05 04:00:00,21213.0,21023.77339005058,189.22660994941907,189.22660994941907,35806.709912949584
2001-11-05 05:00:00,23463.0,23023.54298628499,439.45701371501127,439.45701371501127,193122.4669033156
2001-11-05 06:00:00,27234.0,26778.387988133934,455.6120118660656,455.6120118660656,207582.3053566439
2001-11-05 07:00:00,29381.0,29465.485860027064,-84.48586002706361,84.48586002706361,7137.860544512585
2001-11-05 08:00:00,30099.0,29958.215144345635,140.78485565436495,140.78485565436495,19820.375581620374
2001-11-05 09:00:00,30501.0,30687.59332609016,-186.59332609015837,186.59332609015837,34817.069341388175
2001-11-05 10:00:00,30874.0,30660.708945175353,213.2910548246473,213.2910548246473,45493.0740682107
2001-11-05 11:00:00,30789.0,30712.894012023102,76.10598797689818,76.10598797689818,5792.12140593977
2001-11-05 12:00:00,30536.0,30590.9014543048,-54.9014543047997,54.9014543047997,3014.1696847820094
2001-11-05 13:00:00,30456.0,30375.201985414813,80.79801458518705,80.79801458518705,6528.319160908099
2001-11-05 14:00:00,30121.0,30273.147193911023,-152.14719391102335,152.14719391102335,23148.768614998542
2001-11-05 15:00:00,30049.0,30001.492345675688,47.50765432431217,47.50765432431217,2256.9772193983367
2001-11-05 16:00:00,30981.0,30296.36703452989,684.6329654701112,684.6329654701112,468722.29740839853
2001-11-05 17:00:00,33590.0,32193.905010392304,1396.0949896076963,1396.0949896076963,1949081.2200077137
2001-11-05 18:00:00,34003.0,33313.25819123858,689.7418087614205,689.7418087614205,475743.76275347604
2001-11-05 19:00:00,33139.0,33328.464504768956,-189.46450476895552,189.46450476895552,35896.79856734557
2001-11-05 20:00:00,32097.0,32142.513234634327,-45.51323463432709,45.51323463432709,2071.454526879311
2001-11-05 21:00:00,30317.0,30483.11730396124,-166.1173039612404,166.1173039612404,27594.958675351136
2001-11-05 22:00:00,27679.0,27770.144517862856,-91.14451786285645,91.14451786285645,8307.323136452558
2001-11-05 23:00:00,25216.0,25385.67918614519,-169.6791861451893,169.6791861451893,28791.026210893804
2001-11-06 00:00:00,23570.0,23386.750804447427,183.24919555257293,183.24919555257293,33580.26767066511
2001-11-06 01:00:00,22845.0,22662.071420512653,182.92857948734672,182.92857948734672,33462.86519325853
2001-11-06 02:00:00,22409.0,22474.199814357646,-65.19981435764566,65.19981435764566,4251.015792271458
2001-11-06 03:00:00,22402.0,22301.488449172244,100.51155082775585,100.51155082775585,10102.571849800548
2001-11-06 04:00:00,23101.0,23018.853033118372,82.14696688162803,82.14696688162803,6748.124167851292
2001-11-06 05:00:00,25247.0,25002.42149254287,244.57850745712858,244.57850745712858,59818.6463099567
2001-11-06 06:00:00,29037.0,28774.402594708637,262.5974052913625,262.5974052913625,68957.39726575611
2001-11-06 07:00:00,30658.0,31136.716094383195,-478.716094383195,478.716094383195,229169.09902150006
2001-11-06 08:00:00,30784.0,31061.71134814445,-277.7113481444503,277.7113481444503,77123.59288820809
2001-11-06 09:00:00,30722.0,30810.411320811825,-88.41132081182514,88.41132081182514,7816.561647691464
2001-11-06 10:00:00,30633.0,30629.5369413385,3.4630586614985077,3.4630586614985077,11.992775292979836
2001-11-06 11:00:00,30301.0,30414.420610073765,-113.42061007376469,113.42061007376469,12864.234789504973
2001-11-06 12:00:00,29904.0,30047.61741890587,-143.61741890586927,143.61741890586927,20625.963013183937
2001-11-06 13:00:00,29798.0,29682.99927427901,115.00072572099089,115.00072572099089,13225.166916354574
2001-11-06 14:00:00,29438.0,29588.943249693362,-150.9432496933623,150.9432496933623,22783.86462799272
2001-11-06 15:00:00,29227.0,29358.644350916795,-131.6443509167948,131.6443509167948,17330.23512830421
2001-11-06 16:00:00,29927.0,30034.04199674986,-107.04199674986012,107.04199674986012,11457.989068197065
2001-11-06 17:00:00,32887.0,32309.010850888506,577.989149111494,577.989149111494,334071.4564906289
2001-11-06 18:00:00,33269.0,33160.11724924371,108.88275075628917,108.88275075628917,11855.453412256189
2001-11-06 19:00:00,32625.0,32672.912873542184,-47.91287354218366,47.91287354218366,2295.643451069283
2001-11-06 20:00:00,31798.0,31916.80673695014,-118.80673695014048,118.80673695014048,14115.040744739874
2001-11-06 21:00:00,30357.0,30329.86254135406,27.13745864593875,27.13745864593875,736.4416617600358
2001-11-06 22:00:00,27341.0,27918.22520782835,-577.2252078283491,577.2252078283491,333188.9405524808
2001-11-06 23:00:00,25096.0,24948.836472342144,147.16352765785632,147.16352765785632,21657.103872704643
2001-11-07 00:00:00,23316.0,23459.49820841288,-143.49820841287874,143.49820841287874,20591.735817705983
2001-11-07 01:00:00,22373.0,22503.39246391039,-130.39246391038978,130.39246391038978,17002.1946446223
2001-11-07 02:00:00,22009.0,21982.02989620232,26.970103797681077,26.970103797681077,727.3864988576912
2001-11-07 03:00:00,21953.0,22023.267582243447,-70.26758224344667,70.26758224344667,4937.5331143395415
2001-11-07 04:00:00,22693.0,22530.863181353714,162.13681864628597,162.13681864628597,26288.34796073863
2001-11-07 05:00:00,24619.0,24450.142760915234,168.85723908476575,168.85723908476575,28512.76719132974
2001-11-07 06:00:00,28253.0,28248.31982469324,4.680175306759338,4.680175306759338,21.904040901999863
2001-11-07 07:00:00,29856.0,30407.15294772786,-551.15294772786,551.15294772786,303769.5717891092
2001-11-07 08:00:00,30062.0,30410.28563594594,-348.28563594594016,348.28563594594016,121302.88420626796
2001-11-07 09:00:00,30133.0,30445.820446439742,-312.8204464397422,312.8204464397422,97856.63171075964
2001-11-07 10:00:00,30104.0,30206.809515665464,-102.80951566546355,102.80951566546355,10569.796511367194
2001-11-07 11:00:00,30071.0,30012.884353686495,58.11564631350484,58.11564631350484,3377.428346436389
2001-11-07 12:00:00,29721.0,29934.626090594556,-213.62609059455644,213.62609059455644,45636.10658271364
2001-11-07 13:00:00,29653.0,29496.167090155217,156.832909844783,156.832909844783,24596.56161038183
2001-11-07 14:00:00,29444.0,29463.84970737909,-19.849707379089523,19.849707379089523,394.0108830354811
2001-11-07 15:00:00,29248.0,29276.278001263512,-28.278001263512124,28.278001263512124,799.6453554591933
2001-11-07 16:00:00,29692.0,29928.223169007644,-236.22316900764417,236.22316900764417,55801.38557601402
2001-11-07 17:00:00,32360.0,31491.11249608283,868.8875039171689,868.8875039171689,754965.4944634082
2001-11-07 18:00:00,32444.0,32564.204547452497,-120.20454745249663,120.20454745249663,14449.133228259514
2001-11-07 19:00:00,31501.0,31871.71504565238,-370.7150456523814,370.7150456523814,137429.6450730472
2001-11-07 20:00:00,30560.0,30952.43335243932,-392.4333524393187,392.4333524393187,154003.93610676253
2001-11-07 21:00:00,28887.0,29245.000113765742,-358.00011376574184,358.00011376574184,128164.0814562841
2001-11-07 22:00:00,26197.0,26593.07992703759,-396.0799270375901,396.0799270375901,156879.30860210268
2001-11-07 23:00:00,23759.0,24105.897703384224,-346.89770338422386,346.89770338422386,120338.01661324895
2001-11-08 00:00:00,22478.0,22079.846619760658,398.15338023934237,398.15338023934237,158526.11419601436
2001-11-08 01:00:00,21558.0,21524.773767986375,33.22623201362512,33.22623201362512,1103.9824938232468
2001-11-08 02:00:00,21251.0,21198.653948669104,52.346051330896444,52.346051330896444,2740.1090899368455
2001-11-08 03:00:00,21187.0,21180.935642079447,6.064357920553448,6.064357920553448,36.77643698857934
2001-11-08 04:00:00,21500.0,21714.597396756057,-214.5973967560567,214.5973967560567,46052.04269447641
2001-11-08 05:00:00,24184.0,23475.197654966545,708.8023450334549,708.8023450334549,502400.76432492485
2001-11-08 06:00:00,27953.0,27717.061548089052,235.93845191094806,235.93845191094806,55666.95309013475
2001-11-08 07:00:00,29668.0,30135.765371075566,-467.7653710755658,467.7653710755658,218804.44237746176
2001-11-08 08:00:00,29958.0,30008.734659513637,-50.73465951363687,50.73465951363687,2574.005675964664
2001-11-08 09:00:00,30035.0,30161.412988118853,-126.41298811885281,126.41298811885281,15980.243565137222
2001-11-08 10:00:00,30101.0,30116.20566177907,-15.205661779069487,15.205661779069487,231.21215013945465
2001-11-08 11:00:00,29935.0,30054.6900277082,-119.69002770819861,119.69002770819861,14325.702732789352
2001-11-08 12:00:00,29670.0,29697.37434638996,-27.3743463899591,27.3743463899591,749.3548402774668
2001-11-08 13:00:00,29627.0,29496.469298420485,130.53070157951515,130.53070157951515,17038.264054840438
2001-11-08 14:00:00,29294.0,29463.68610810689,-169.68610810688915,169.68610810688915,28793.375284462873
2001-11-08 15:00:00,29023.0,29153.30980182888,-130.30980182888015,130.30980182888015,16980.644452682016
2001-11-08 16:00:00,29615.0,29647.725732058443,-32.7257320584431,32.7257320584431,1070.9735387610106
2001-11-08 17:00:00,32205.0,31584.46707736774,620.532922632261,620.532922632261,385061.10807053564
2001-11-08 18:00:00,32397.0,32177.948932326697,219.0510676733029,219.0510676733029,47983.370248813924
2001-11-08 19:00:00,31582.0,31838.596907291078,-256.5969072910775,256.5969072910775,65841.97283134583
2001-11-08 20:00:00,30452.0,30881.44606413761,-429.44606413760994,429.44606413760994,184423.92200328418
2001-11-08 21:00:00,28715.0,29079.302050072634,-364.3020500726343,364.3020500726343,132715.98368712416
2001-11-08 22:00:00,26304.0,26345.736846169282,-41.73684616928222,41.73684616928222,1741.9643281583276
2001-11-08 23:00:00,23894.0,24026.770725994862,-132.770725994862,132.770725994862,17628.065681202726
2001-11-09 00:00:00,21987.0,22039.163616885977,-52.16361688597681,52.16361688597681,2721.042926626965
2001-11-09 01:00:00,21235.0,21061.55077614129,173.44922385871178,173.44922385871178,30084.63325718951
2001-11-09 02:00:00,20792.0,20774.62133923888,17.378660761118226,17.378660761118226,302.0178498500303
2001-11-09 03:00:00,20705.0,20592.70952977116,112.2904702288397,112.2904702288397,12609.149704213934
2001-11-09 04:00:00,21400.0,21112.640057314587,287.35994268541253,287.35994268541253,82575.73666016357
2001-11-09 05:00:00,23297.0,23381.377103317274,-84.3771033172743,84.3771033172743,7119.495564213982
2001-11-09 06:00:00,26928.0,27060.890254095106,-132.89025409510577,132.89025409510577,17659.81963346178
2001-11-09 07:00:00,28807.0,29229.83596958946,-422.83596958946146,422.83596958946146,178790.25717866
2001-11-09 08:00:00,29560.0,29429.147541696268,130.85245830373242,130.85245830373242,17122.365844130032
2001-11-09 09:00:00,29891.0,29920.118530103005,-29.11853010300547,29.11853010300547,847.8887953596357
2001-11-09 10:00:00,30041.0,30100.277994005883,-59.27799400588265,59.27799400588265,3513.880573361459
2001-11-09 11:00:00,29898.0,30082.760368038962,-184.76036803896204,184.76036803896204,34136.393597892704
2001-11-09 12:00:00,29387.0,29667.111746571816,-280.1117465718162,280.1117465718162,78462.59056751337
2001-11-09 13:00:00,29404.0,29198.943005627145,205.05699437285512,205.05699437285512,42048.370941229135
2001-11-09 14:00:00,28761.0,29192.47501773264,-431.47501773263866,431.47501773263866,186170.69092738084
2001-11-09 15:00:00,28611.0,28629.990481116118,-18.990481116117735,18.990481116117735,360.6383730216243
2001-11-09 16:00:00,29608.0,29338.944150437907,269.0558495620935,269.0558495620935,72391.0501835799
2001-11-09 17:00:00,32244.0,31883.102460195212,360.8975398047878,360.8975398047878,130247.0342371484
2001-11-09 18:00:00,32200.0,32130.45862223969,69.54137776030984,69.54137776030984,4836.003220802117
2001-11-09 19:00:00,31419.0,31545.018276287068,-126.01827628706815,126.01827628706815,15880.605958363842
2001-11-09 20:00:00,30539.0,30864.895005464045,-325.8950054640445,325.8950054640445,106207.5545864096
2001-11-09 21:00:00,29288.0,29055.253445394956,232.74655460504437,232.74655460504437,54170.958680518896
2001-11-09 22:00:00,27430.0,27025.91842497176,404.0815750282418,404.0815750282418,163281.9192773046
2001-11-09 23:00:00,25424.0,24873.877765084082,550.1222349159179,550.1222349159179,302634.47334888444
2001-11-10 00:00:00,23871.0,23516.170949098956,354.82905090104396,354.82905090104396,125903.65536333564
2001-11-10 01:00:00,23010.0,22648.848143547904,361.15185645209567,361.15185645209567,130430.66341879511
2001-11-10 02:00:00,22571.0,22452.109405936368,118.8905940636323,118.8905940636323,14134.9733568034
2001-11-10 03:00:00,22457.0,22376.379968934525,80.6200310654749,80.6200310654749,6499.589408998138
2001-11-10 04:00:00,22569.0,22758.17917247677,-189.17917247677178,189.17917247677178,35788.75929899616
2001-11-10 05:00:00,23569.0,23514.464547107455,54.535452892545436,54.535452892545436,2974.1156221950423
2001-11-10 06:00:00,24713.0,24567.928314142697,145.07168585730324,145.07168585730324,21045.794037480075
2001-11-10 07:00:00,25891.0,25982.466794277516,-91.46679427751587,91.46679427751587,8366.174455405411
2001-11-10 08:00:00,27488.0,27274.790977241126,213.2090227588742,213.2090227588742,45458.08738579413
2001-11-10 09:00:00,27960.0,28290.687985349396,-330.6879853493956,330.6879853493956,109354.54365444208
2001-11-10 10:00:00,27644.0,28114.022965789187,-470.02296578918686,470.02296578918686,220921.5883692631
2001-11-10 11:00:00,27161.0,27295.515894100452,-134.515894100452,134.515894100452,18094.525765644015
2001-11-10 12:00:00,26424.0,26761.61953678657,-337.61953678656937,337.61953678656937,113986.95161997767
2001-11-10 13:00:00,25721.0,25918.598319040004,-197.59831904000384,197.59831904000384,39045.09568743515
2001-11-10 14:00:00,25114.0,25312.509757983946,-198.50975798394575,198.50975798394575,39406.12401484471
2001-11-10 15:00:00,24926.0,25033.08182105639,-107.08182105638843,107.08182105638843,11466.516400752394
2001-11-10 16:00:00,25814.0,25908.095086840258,-94.09508684025786,94.09508684025786,8853.885367475668
2001-11-10 17:00:00,28560.0,28066.61554873077,493.38445126923034,493.38445126923034,243428.21675423952
2001-11-10 18:00:00,28718.0,29158.87162374714,-440.8716237471417,440.8716237471417,194367.7886254413
2001-11-10 19:00:00,28051.0,28499.03156151694,-448.0315615169384,448.0315615169384,200732.28011530614
2001-11-10 20:00:00,27102.0,27776.565924245548,-674.5659242455476,674.5659242455476,455039.18615324993
2001-11-10 21:00:00,25965.0,26417.78159579287,-452.78159579286876,452.78159579286876,205011.1734887368
2001-11-10 22:00:00,24574.0,24792.35684003777,-218.35684003776987,218.35684003776987,47679.70959128022
2001-11-10 23:00:00,22862.0,23008.262451891114,-146.26245189111432,146.26245189111432,21392.704833200532
2001-11-11 00:00:00,21431.0,21814.929436448358,-383.9294364483576,383.9294364483576,147401.81217155347
2001-11-11 01:00:00,20493.0,20739.026370608986,-246.02637060898633,246.02637060898633,60528.97503503029
2001-11-11 02:00:00,19896.0,20097.037833517486,-201.03783351748643,201.03783351748643,40416.21050540459
2001-11-11 03:00:00,19674.0,19724.924254024387,-50.924254024386755,50.924254024386755,2593.2796479402705
2001-11-11 04:00:00,19675.0,19729.96530255951,-54.96530255951075,54.96530255951075,3021.184485458559
2001-11-11 05:00:00,20280.0,20176.50506682255,103.49493317745146,103.49493317745146,10711.201193405142
2001-11-11 06:00:00,21111.0,21058.3914003265,52.60859967349825,52.60859967349825,2767.6647596064
2001-11-11 07:00:00,21889.0,22307.17814506549,-418.17814506548893,418.17814506548893,174872.9610104131
2001-11-11 08:00:00,23341.0,23661.360651354895,-320.3606513548948,320.3606513548948,102630.94693653246
2001-11-11 09:00:00,24614.0,24535.11477262101,78.88522737898893,78.88522737898893,6222.879098634785
2001-11-11 10:00:00,24900.0,25159.185614526312,-259.18561452631184,259.18561452631184,67177.18277738191
2001-11-11 11:00:00,24954.0,24977.41588451226,-23.415884512258344,23.415884512258344,548.3036474914202
2001-11-11 12:00:00,24786.0,24876.67270377775,-90.67270377774912,90.67270377774912,8221.53921036744
2001-11-11 13:00:00,24574.0,24592.5418104149,-18.541810414899373,18.541810414899373,343.79873346207086
2001-11-11 14:00:00,24578.0,24398.76309996822,179.23690003178126,179.23690003178126,32125.86633300275
2001-11-11 15:00:00,24433.0,24595.816959644057,-162.81695964405662,162.81695964405662,26509.362347734364
2001-11-11 16:00:00,25483.0,25428.61359288555,54.38640711444896,54.38640711444896,2957.881278818584
2001-11-11 17:00:00,28620.0,28008.085543520287,611.9144564797134,611.9144564797134,374439.3020488631
2001-11-11 18:00:00,29376.0,29070.77467753376,305.2253224662418,305.2253224662418,93162.49747462128
2001-11-11 19:00:00,28993.0,29184.51877691431,-191.51877691430855,191.51877691430855,36679.441910752685
2001-11-11 20:00:00,28643.0,28496.389422624005,146.6105773759955,146.6105773759955,21494.66139852276
2001-11-11 21:00:00,27662.0,27355.95441353569,306.0455864643118,306.0455864643118,93663.90099428454
2001-11-11 22:00:00,25918.0,25824.792874785475,93.20712521452515,93.20712521452515,8687.56819075617
2001-11-11 23:00:00,24339.0,24170.444925571494,168.5550744285065,168.5550744285065,28410.81311559936
2001-11-12 00:00:00,23093.0,22636.251218764417,456.748781235583,456.748781235583,208619.44916019047
2001-11-12 01:00:00,22707.0,22004.20227687232,702.7977231276782,702.7977231276782,493924.6396334486
2001-11-12 02:00:00,22656.0,22264.28247937677,391.7175206232314,391.7175206232314,153442.61596321172
2001-11-12 03:00:00,22574.0,22519.817498737724,54.182501262275764,54.182501262275764,2935.7434430365147
2001-11-12 04:00:00,23418.0,23127.94708364249,290.05291635750837,290.05291635750837,84130.69428749575
2001-11-12 05:00:00,25559.0,25232.642787104563,326.35721289543653,326.35721289543653,106509.03040887728
2001-11-12 06:00:00,29311.0,29152.397363410484,158.6026365895159,158.6026365895159,25154.796333146045
2001-11-12 07:00:00,31110.0,31223.393257741034,-113.39325774103418,113.39325774103418,12858.030901124606
2001-11-12 08:00:00,31696.0,31344.237370184255,351.76262981574473,351.76262981574473,123736.94773488866
2001-11-12 09:00:00,31395.0,31505.27676232242,-110.27676232242084,110.27676232242084,12160.964308315695
2001-11-12 10:00:00,31142.0,31081.947469179013,60.05253082098716,60.05253082098716,3606.3064580056125
2001-11-12 11:00:00,30790.0,30917.96646945688,-127.96646945687826,127.96646945687826,16375.417305258155
2001-11-12 12:00:00,30392.0,30532.07280555988,-140.0728055598811,140.0728055598811,19620.390857416256
2001-11-12 13:00:00,30023.0,30172.049042352137,-149.0490423521369,149.0490423521369,22215.617026089098
2001-11-12 14:00:00,29665.0,29740.382449008455,-75.3824490084553,75.3824490084553,5682.513618512363
2001-11-12 15:00:00,29537.0,29485.021680403097,51.97831959690302,51.97831959690302,2701.7457081177927
2001-11-12 16:00:00,30377.0,30039.45810928191,337.54189071809014,337.54189071809014,113934.52798954312
2001-11-12 17:00:00,33815.0,32747.2251415406,1067.774858459401,1067.774858459401,1140143.148357994
2001-11-12 18:00:00,34011.0,33907.3096032966,103.69039670340135,103.69039670340135,10751.698368508745
2001-11-12 19:00:00,33355.0,33354.97114527382,0.028854726180725265,0.028854726180725265,0.0008325952229646321
2001-11-12 20:00:00,32553.0,32514.49879527337,38.5012047266282,38.5012047266282,1482.3427654017378
2001-11-12 21:00:00,30931.0,31102.96588644782,-171.96588644781878,171.96588644781878,29572.266101784102
2001-11-12 22:00:00,28635.0,28621.28476963702,13.715230362980947,13.715230362980947,188.10754390963447
2001-11-12 23:00:00,26258.0,26328.42509545005,-70.42509545004941,70.42509545004941,4959.694069148571
2001-11-13 00:00:00,24704.0,24487.651843686777,216.34815631322272,216.34815631322272,46806.52474013065
2001-11-13 01:00:00,24106.0,23744.834724588432,361.16527541156756,361.16527541156756,130440.35616311345
2001-11-13 02:00:00,23877.0,23761.93821548427,115.0617845157285,115.0617845157285,13239.21425594394
2001-11-13 03:00:00,23995.0,23859.75851721776,135.24148278223947,135.24148278223947,18290.258665138776
2001-11-13 04:00:00,24784.0,24516.119860394254,267.8801396057461,267.8801396057461,71759.769195194
2001-11-13 05:00:00,27665.0,26764.248910838396,900.7510891616039,900.7510891616039,811352.5246258157
2001-11-13 06:00:00,31716.0,30972.85894460896,743.1410553910391,743.1410553910391,552258.6282077074
2001-11-13 07:00:00,33260.0,32978.826150942274,281.17384905772633,281.17384905772633,79058.73339393707
2001-11-13 08:00:00,32966.0,33336.06140890136,-370.0614089013616,370.0614089013616,136945.44635806073
2001-11-13 09:00:00,32037.0,32689.747245865092,-652.7472458650918,652.7472458650918,426078.96698446263
2001-11-13 10:00:00,31321.0,31694.31675686134,-373.31675686133894,373.31675686133894,139365.40095346805
2001-11-13 11:00:00,30661.0,30886.20087728949,-225.20087728949147,225.20087728949147,50715.4351319566
2001-11-13 12:00:00,30227.0,30357.392457534104,-130.39245753410432,130.39245753410432,17002.1929817832
2001-11-13 13:00:00,29939.0,29960.752159463253,-21.75215946325261,21.75215946325261,473.15644131477006
2001-11-13 14:00:00,29425.0,29687.8256199267,-262.8256199267016,262.8256199267016,69077.30648985502
2001-11-13 15:00:00,29353.0,29317.4403628979,35.55963710209835,35.55963710209835,1264.4877908329295
2001-11-13 16:00:00,30346.0,30178.237281034013,167.762718965987,167.762718965987,28144.329874860738
2001-11-13 17:00:00,33416.0,32624.322758004513,791.6772419954868,791.6772419954868,626752.8554935806
2001-11-13 18:00:00,33689.0,33609.24116116761,79.75883883239294,79.75883883239294,6361.472371891632
2001-11-13 19:00:00,33135.0,33238.39246303477,-103.3924630347683,103.3924630347683,10690.001412395928
2001-11-13 20:00:00,32337.0,32278.92131947905,58.07868052095,58.07868052095,3373.133131054577
2001-11-13 21:00:00,30571.0,30838.970118190005,-267.97011819000545,267.97011819000545,71807.9842427655
2001-11-13 22:00:00,28115.0,28260.527694946282,-145.52769494628228,145.52769494628228,21178.309996378193
2001-11-13 23:00:00,25858.0,25876.751550164183,-18.751550164182845,18.751550164182845,351.62063355986567
2001-11-14 00:00:00,24200.0,24260.26418917464,-60.26418917463889,60.26418917463889,3631.772496876663
2001-11-14 01:00:00,23484.0,23328.901029236666,155.09897076333436,155.09897076333436,24055.690731845647
2001-11-14 02:00:00,23217.0,23205.89195177988,11.108048220121418,11.108048220121418,123.3887352605426
2001-11-14 03:00:00,23317.0,23192.077534018936,124.9224659810643,124.9224659810643,15605.622506790169
2001-11-14 04:00:00,24073.0,23896.786153643872,176.21384635612776,176.21384635612776,31051.319647621
2001-11-14 05:00:00,26672.0,26131.250159339805,540.7498406601953,540.7498406601953,292410.39017402666
2001-11-14 06:00:00,30653.0,29992.78474432558,660.2152556744186,660.2152556744186,435884.1838252379
2001-11-14 07:00:00,32457.0,32196.836293608296,260.1637063917042,260.1637063917042,67685.15412346886
2001-11-14 08:00:00,32266.0,32532.351889586735,-266.3518895867346,266.3518895867346,70943.32908642407
2001-11-14 09:00:00,31713.0,32033.156230065404,-320.1562300654041,320.1562300654041,102500.01164969195
2001-11-14 10:00:00,31412.0,31347.434642322834,64.5653576771656,64.5653576771656,4168.685411980326
2001-11-14 11:00:00,30910.0,31139.7003806682,-229.70038066820052,229.70038066820052,52762.26487911623
2001-11-14 12:00:00,30293.0,30550.80077502619,-257.8007750261895,257.8007750261895,66461.23960410398
2001-11-14 13:00:00,30005.0,30023.04804849879,-18.048048498789285,18.048048498789285,325.73205461465017
2001-11-14 14:00:00,29552.0,29722.902633291673,-170.90263329167283,170.90263329167283,29207.710066027998
2001-11-14 15:00:00,29662.0,29456.022646540034,205.97735345996625,205.97735345996625,42426.67013837187
2001-11-14 16:00:00,30591.0,30455.461664340975,135.5383356590246,135.5383356590246,18370.640433218417
2001-11-14 17:00:00,33359.0,32902.51228060359,456.487719396413,456.487719396413,208381.0379597383
2001-11-14 18:00:00,33452.0,33447.07874034494,4.921259655056929,4.921259655056929,24.218796592491042
2001-11-14 19:00:00,32632.0,32922.34508558789,-290.34508558789094,290.34508558789094,84300.26872503971
2001-11-14 20:00:00,31968.0,31854.12230760527,113.87769239472982,113.87769239472982,12968.128825148706
2001-11-14 21:00:00,30382.0,30659.129350866533,-277.12935086653306,277.12935086653306,76800.67711170598
2001-11-14 22:00:00,27927.0,27926.428614800454,0.5713851995460573,0.5713851995460573,0.3264810462602877
2001-11-14 23:00:00,25466.0,25639.66176162882,-173.6617616288204,173.6617616288204,30158.407452025232
2001-11-15 00:00:00,23828.0,23881.505352693897,-53.505352693897294,53.505352693897294,2862.8227668983423
2001-11-15 01:00:00,23068.0,22969.449635208668,98.55036479133196,98.55036479133196,9712.174400504602
2001-11-15 02:00:00,22697.0,22832.85822465173,-135.85822465172896,135.85822465172896,18457.457205519655
2001-11-15 03:00:00,22617.0,22618.012659348056,-1.0126593480563315,1.0126593480563315,1.0254789552058743
2001-11-15 04:00:00,23230.0,23312.570213081246,-82.57021308124604,82.57021308124604,6817.840088282374
2001-11-15 05:00:00,25209.0,25216.439617224867,-7.439617224867106,7.439617224867106,55.347904452539346
2001-11-15 06:00:00,29218.0,28881.22232104311,336.77767895688885,336.77767895688885,113419.20504358929
2001-11-15 07:00:00,31094.0,31251.892102287,-157.89210228700176,157.89210228700176,24929.915964609027
2001-11-15 08:00:00,31252.0,31315.56068199185,-63.56068199185029,63.56068199185029,4039.9602952691216
2001-11-15 09:00:00,30925.0,31149.20311477172,-224.20311477172072,224.20311477172072,50267.036673341376
2001-11-15 10:00:00,30790.0,30740.65933069004,49.340669309960504,49.340669309960504,2434.5016479548785
2001-11-15 11:00:00,30819.0,30543.72205630982,275.2779436901801,275.2779436901801,75777.94628229397
2001-11-15 12:00:00,30562.0,30577.68388308654,-15.683883086541755,15.683883086541755,245.98418867231052
2001-11-15 13:00:00,30539.0,30333.037901449752,205.9620985502479,205.9620985502479,42420.38603922203
2001-11-15 14:00:00,30187.0,30358.731663234274,-171.73166323427358,171.73166323427358,29491.764157209953
2001-11-15 15:00:00,29966.0,30081.93844814134,-115.9384481413399,115.9384481413399,13441.723757422162
2001-11-15 16:00:00,30747.0,30513.658363700055,233.3416362999451,233.3416362999451,54448.31923113585
2001-11-15 17:00:00,33382.0,32609.97920441766,772.0207955823389,772.0207955823389,596016.1088115876
2001-11-15 18:00:00,33198.0,33302.1955039343,-104.19550393430109,104.19550393430109,10856.703040122953
2001-11-15 19:00:00,32394.0,32516.932262285634,-122.93226228563435,122.93226228563435,15112.341110663998
2001-11-15 20:00:00,31446.0,31637.85705355009,-191.85705355009122,191.85705355009122,36809.12899692257
2001-11-15 21:00:00,29697.0,29967.230274683647,-270.2302746836467,270.2302746836467,73024.40135559916
2001-11-15 22:00:00,27145.0,27306.061894725375,-161.06189472537517,161.06189472537517,25940.933932527834
2001-11-15 23:00:00,24905.0,24851.53058044216,53.46941955784132,53.46941955784132,2858.978827852464
2001-11-16 00:00:00,23128.0,23195.695878899078,-67.6958788990778,67.6958788990778,4582.732019918607
2001-11-16 01:00:00,22164.0,22212.752284101556,-48.75228410155614,48.75228410155614,2376.785205118844
2001-11-16 02:00:00,21830.0,21721.169619556687,108.8303804433126,108.8303804433126,11844.05170743616
2001-11-16 03:00:00,21724.0,21723.174734106524,0.8252658934761712,0.8252658934761712,0.6810637949350231
2001-11-16 04:00:00,22205.0,22160.504297531577,44.49570246842268,44.49570246842268,1979.867538158396
2001-11-16 05:00:00,24147.0,23977.35597894607,169.64402105392946,169.64402105392946,28779.093879346063
2001-11-16 06:00:00,27994.0,27895.888234868602,98.11176513139799,98.11176513139799,9625.918457198602
2001-11-16 07:00:00,29556.0,30331.106431730597,-775.1064317305973,775.1064317305973,600789.980510139
2001-11-16 08:00:00,29731.0,30208.37835464444,-477.37835464443924,477.37835464443924,227890.09348303202
2001-11-16 09:00:00,29809.0,30005.620501952606,-196.620501952606,196.620501952606,38659.62178809474
2001-11-16 10:00:00,29849.0,29810.057506581867,38.94249341813338,38.94249341813338,1516.5177936213618
2001-11-16 11:00:00,29912.0,29729.69443204991,182.30556795009034,182.30556795009034,33235.320105605
2001-11-16 12:00:00,29723.0,29766.831629303917,-43.831629303917,43.831629303917,1921.2117274359953
2001-11-16 13:00:00,29656.0,29517.60628649433,138.39371350566944,138.39371350566944,19152.81993788931
2001-11-16 14:00:00,29337.0,29489.556662572155,-152.5566625721549,152.5566625721549,23273.535295154325
2001-11-16 15:00:00,28876.0,29161.766434524856,-285.76643452485587,285.76643452485587,81662.45510104873
2001-11-16 16:00:00,29350.0,29729.819335521108,-379.81933552110786,379.81933552110786,144262.72763569592
2001-11-16 17:00:00,31655.0,30900.65283370291,754.3471662970915,754.3471662970915,569039.6473004518
2001-11-16 18:00:00,31658.0,31851.25047720799,-193.2504772079883,193.2504772079883,37345.746941115205
2001-11-16 19:00:00,30709.0,31192.49650183478,-483.49650183477934,483.49650183477934,233768.86728646877
2001-11-16 20:00:00,29608.0,29965.62145577786,-357.6214557778585,357.6214557778585,127893.10563267481
2001-11-16 21:00:00,28283.0,28253.675014849858,29.32498515014231,29.32498515014231,859.954754056067
2001-11-16 22:00:00,26165.0,26361.584216332627,-196.58421633262697,196.58421633262697,38645.354111113076
2001-11-16 23:00:00,24139.0,24125.798203928443,13.2017960715566,13.2017960715566,174.2874195149673
2001-11-17 00:00:00,22423.0,22317.058120844937,105.94187915506336,105.94187915506336,11223.681758906048
2001-11-17 01:00:00,21105.0,21357.16242602975,-252.16242602975035,252.16242602975035,63585.889101209315
2001-11-17 02:00:00,20583.0,20673.874870379703,-90.87487037970277,90.87487037970277,8258.24206652778
2001-11-17 03:00:00,20412.0,20345.20520469953,66.79479530046956,66.79479530046956,4461.544679231631
2001-11-17 04:00:00,20598.0,20511.87154937598,86.12845062401902,86.12845062401902,7418.110006894083
2001-11-17 05:00:00,21500.0,21340.008325169423,159.9916748305768,159.9916748305768,25597.336015093028
2001-11-17 06:00:00,22830.0,22613.35378867244,216.64621132755929,216.64621132755929,46935.58088258548
2001-11-17 07:00:00,24228.0,24084.949238128822,143.0507618711781,143.0507618711781,20463.520471924505
2001-11-17 08:00:00,26084.0,25757.13465206531,326.86534793469036,326.86534793469036,106840.95568046618
2001-11-17 09:00:00,26814.0,27286.816408506038,-472.816408506038,472.816408506038,223555.3561525486
2001-11-17 10:00:00,27117.0,27059.2916942292,57.70830577080051,57.70830577080051,3330.2485549362073
2001-11-17 11:00:00,26510.0,26915.369541701253,-405.3695417012532,405.3695417012532,164324.46533908404
2001-11-17 12:00:00,25805.0,26097.294352615667,-292.29435261566687,292.29435261566687,85435.9885710118
2001-11-17 13:00:00,25213.0,25283.670472053782,-70.67047205378185,70.67047205378185,4994.315620304362
2001-11-17 14:00:00,24627.0,24829.277676607202,-202.277676607202,202.277676607202,40916.2584536078
2001-11-17 15:00:00,24481.0,24485.4088036537,-4.408803653699579,4.408803653699579,19.437549656874754
2001-11-17 16:00:00,25787.0,25161.622593125474,625.3774068745261,625.3774068745261,391096.9010291065
2001-11-17 17:00:00,28993.0,28099.571240409834,893.428759590166,893.428759590166,798214.9484628227
2001-11-17 18:00:00,29293.0,29205.182096148943,87.81790385105705,87.81790385105705,7711.984236793502
2001-11-17 19:00:00,28783.0,28969.35459374111,-186.35459374111088,186.35459374111088,34728.034608414484
2001-11-17 20:00:00,28221.0,28210.526642367702,10.473357632297848,10.473357632297848,109.69122009401158
2001-11-17 21:00:00,27216.0,27086.49631371918,129.50368628081924,129.50368628081924,16771.20476032085
2001-11-17 22:00:00,25969.0,25577.553000010976,391.44699998902433,391.44699998902433,153230.75380040723
2001-11-17 23:00:00,24274.0,24230.48065446084,43.519345539159985,43.519345539159985,1893.9334361568042
2001-11-18 00:00:00,22853.0,22539.822967451575,313.1770325484249,313.1770325484249,98079.85371583719
2001-11-18 01:00:00,22130.0,21631.108423206,498.8915767940016,498.8915767940016,248892.8053960052
2001-11-18 02:00:00,21762.0,21743.644572744957,18.35542725504274,18.35542725504274,336.9217097151659
2001-11-18 03:00:00,21679.0,21550.17755133482,128.82244866518158,128.82244866518158,16595.223280093345
2001-11-18 04:00:00,21889.0,21743.28286642336,145.71713357663975,145.71713357663975,21233.483017792274
2001-11-18 05:00:00,22484.0,22530.774127705623,-46.77412770562296,46.77412770562296,2187.8190226219253
2001-11-18 06:00:00,23286.0,23224.734289947464,61.265710052535724,61.265710052535724,3753.4872282413767
2001-11-18 07:00:00,23988.0,24069.367895905,-81.3678959050012,81.3678959050012,6620.734484007112
2001-11-18 08:00:00,25363.0,25128.26150542876,234.73849457124015,234.73849457124015,55102.16083357214
2001-11-18 09:00:00,26092.0,25920.368014693042,171.6319853069581,171.6319853069581,29457.538380407877
2001-11-18 10:00:00,26028.0,26419.719290446534,-391.7192904465337,391.7192904465337,153444.00250793583
2001-11-18 11:00:00,25787.0,25883.361574263476,-96.36157426347563,96.36157426347563,9285.55299453533
2001-11-18 12:00:00,25565.0,25507.124212393464,57.875787606535596,57.875787606535596,3349.6067910768193
2001-11-18 13:00:00,25159.0,25321.322830445162,-162.32283044516225,162.32283044516225,26348.701283728893
2001-11-18 14:00:00,24756.0,24956.043423074032,-200.04342307403203,200.04342307403203,40017.371115176174
2001-11-18 15:00:00,24774.0,24778.623927382396,-4.623927382395777,4.623927382395777,21.380704437669465
2001-11-18 16:00:00,26181.0,25393.312501602097,787.6874983979033,787.6874983979033,620451.5951323468
2001-11-18 17:00:00,29386.0,28038.114631480566,1347.8853685194335,1347.8853685194335,1816794.9666687693
2001-11-18 18:00:00,29859.0,29736.659751144853,122.34024885514737,122.34024885514737,14967.136489939387
2001-11-18 19:00:00,29511.0,29656.980788353063,-145.98078835306296,145.98078835306296,21310.390568181763
2001-11-18 20:00:00,28974.0,29050.44467431662,-76.44467431661906,76.44467431661906,5843.788231373957
2001-11-18 21:00:00,27829.0,27893.09656637562,-64.09656637562148,64.09656637562148,4108.36982114445
2001-11-18 22:00:00,26014.0,26135.020361685954,-121.02036168595441,121.02036168595441,14645.927942599223
2001-11-18 23:00:00,24084.0,24245.289224255943,-161.28922425594283,161.28922425594283,26014.213861083816
2001-11-19 00:00:00,22808.0,22667.10967054602,140.8903294539814,140.8903294539814,19850.08493365142
2001-11-19 01:00:00,22228.0,22113.122749629256,114.87725037074415,114.87725037074415,13196.782652742637
2001-11-19 02:00:00,22096.0,22094.00267564574,1.9973243542590353,1.9973243542590353,3.989304576116272
2001-11-19 03:00:00,22211.0,22293.707291799776,-82.7072917997757,82.7072917997757,6840.496116853245
2001-11-19 04:00:00,23069.0,22856.404831097418,212.59516890258237,212.59516890258237,45196.70584071753
2001-11-19 05:00:00,25005.0,25126.503390151516,-121.50339015151621,121.50339015151621,14763.073818311568
2001-11-19 06:00:00,28866.0,28866.687515473517,-0.6875154735171236,0.6875154735171236,0.4726775263254747
2001-11-19 07:00:00,31001.0,31134.60651574758,-133.60651574757867,133.60651574757867,17850.701050207987
2001-11-19 08:00:00,31386.0,31374.611016216793,11.38898378320664,11.38898378320664,129.70895161414384
2001-11-19 09:00:00,31156.0,31369.030006595804,-213.03000659580357,213.03000659580357,45381.78371020811
2001-11-19 10:00:00,31053.0,31158.11126720061,-105.11126720060929,105.11126720060929,11048.378492517882
2001-11-19 11:00:00,30716.0,30830.267405358572,-114.26740535857243,114.26740535857243,13057.039927380309
2001-11-19 12:00:00,30125.0,30450.22616475818,-325.22616475817995,325.22616475817995,105772.05824331481
2001-11-19 13:00:00,29973.0,29948.364508234677,24.635491765322513,24.635491765322513,606.9074545192733
2001-11-19 14:00:00,29770.0,29700.66463496388,69.33536503612049,69.33536503612049,4807.39284469208
2001-11-19 15:00:00,29500.0,29662.2055897588,-162.20558975879976,162.20558975879976,26310.653349000047
2001-11-19 16:00:00,30036.0,29969.296130727205,66.70386927279469,66.70386927279469,4449.406175962084
2001-11-19 17:00:00,32499.0,31995.649957286972,503.3500427130275,503.3500427130275,253361.2654992066
2001-11-19 18:00:00,32738.0,32891.47251485758,-153.4725148575817,153.4725148575817,23553.812816710637
2001-11-19 19:00:00,32615.0,32355.63478201021,259.36521798979084,259.36521798979084,67270.31630289172
2001-11-19 20:00:00,31824.0,31884.264959826036,-60.26495982603592,60.26495982603592,3631.8653828337233
2001-11-19 21:00:00,30098.0,30320.64973005661,-222.6497300566116,222.6497300566116,49572.90229428201
2001-11-19 22:00:00,27463.0,27608.21838346305,-145.21838346304867,145.21838346304867,21088.37889562105
2001-11-19 23:00:00,24830.0,25069.60184371929,-239.60184371929063,239.60184371929063,57409.04351368337
2001-11-20 00:00:00,22953.0,23179.44645439162,-226.44645439161832,226.44645439161832,51277.996706535276
2001-11-20 01:00:00,21969.0,22053.87545454715,-84.87545454714927,84.87545454714927,7203.842784585203
2001-11-20 02:00:00,21563.0,21577.912713828096,-14.912713828096457,14.912713828096457,222.3890337186993
2001-11-20 03:00:00,21471.0,21399.737491276952,71.26250872304809,71.26250872304809,5078.345149502505
2001-11-20 04:00:00,22182.0,21886.875185153633,295.12481484636737,295.12481484636737,87098.65633810262
2001-11-20 05:00:00,24225.0,23972.429821716003,252.57017828399694,252.57017828399694,63791.69495841
2001-11-20 06:00:00,28108.0,27945.05546184252,162.94453815748057,162.94453815748057,26550.92251535464
2001-11-20 07:00:00,30431.0,30371.77751337393,59.22248662606944,59.22248662606944,3507.3029221749734
2001-11-20 08:00:00,30967.0,30770.911013440425,196.08898655957455,196.08898655957455,38450.89064996101
2001-11-20 09:00:00,31255.0,31037.070361003258,217.92963899674214,217.92963899674214,47493.327553250354
2001-11-20 10:00:00,31331.0,31264.81494640005,66.18505359995106,66.18505359995106,4380.461320028395
2001-11-20 11:00:00,31202.0,31074.10739245959,127.89260754040879,127.89260754040879,16356.519063485028
2001-11-20 12:00:00,30895.0,31006.531500177596,-111.53150017759617,111.53150017759617,12439.275531865134
2001-11-20 13:00:00,30761.0,30723.651243426622,37.348756573377614,37.348756573377614,1394.9296175774175
2001-11-20 14:00:00,30480.0,30622.230285851252,-142.23028585125212,142.23028585125212,20229.45421332889
2001-11-20 15:00:00,30609.0,30336.236610071224,272.7633899287757,272.7633899287757,74399.86688543735
2001-11-20 16:00:00,31743.0,31154.24857420189,588.7514257981093,588.7514257981093,346628.24137930654
2001-11-20 17:00:00,34840.0,33494.94731305233,1345.052686947667,1345.052686947667,1809166.730665139
2001-11-20 18:00:00,34848.0,34827.32067220335,20.679327796649886,20.679327796649886,427.6345981212966
2001-11-20 19:00:00,34191.0,34163.24542477051,27.75457522949,27.75457522949,770.3164461694199
2001-11-20 20:00:00,33615.0,33437.87844390954,177.12155609046022,177.12155609046022,31372.045631906043
2001-11-20 21:00:00,32435.0,32214.519695614836,220.48030438516435,220.48030438516435,48611.56462177472
2001-11-20 22:00:00,29753.0,29805.356997781877,-52.356997781877,52.356997781877,2741.255216731473
2001-11-20 23:00:00,27372.0,27012.92995140068,359.0700485993184,359.0700485993184,128931.29980111688
2001-11-21 00:00:00,25606.0,25136.5097936224,469.49020637759895,469.49020637759895,220421.05388448047
2001-11-21 01:00:00,24807.0,24455.218211344705,351.7817886552948,351.7817886552948,123750.4268295185
2001-11-21 02:00:00,24495.0,24263.401097823047,231.59890217695283,231.59890217695283,53638.05148956977
2001-11-21 03:00:00,24633.0,24353.372577002046,279.62742299795354,279.62742299795354,78191.49569247644
2001-11-21 04:00:00,25375.0,25119.470200538308,255.52979946169216,255.52979946169216,65295.478412932614
2001-11-21 05:00:00,27400.0,27459.751127406853,-59.7511274068529,59.7511274068529,3570.197226389968
2001-11-21 06:00:00,31198.0,30995.95836657104,202.04163342895845,202.04163342895845,40820.82163864162
2001-11-21 07:00:00,33049.0,33139.79091941253,-90.79091941253137,90.79091941253137,8242.991047772764
2001-11-21 08:00:00,33309.0,33267.61968634766,41.38031365234201,41.38031365234201,1712.3303579662027
2001-11-21 09:00:00,32861.0,33029.72690715802,-168.7269071580231,168.7269071580231,28468.769199112146
2001-11-21 10:00:00,32480.0,32608.8557212767,-128.85572127670093,128.85572127670093,16603.796905738836
2001-11-21 11:00:00,32070.0,32012.559223404147,57.440776595853094,57.440776595853094,3299.4428159347044
2001-11-21 12:00:00,31116.0,31650.629633235247,-534.6296332352467,534.6296332352467,285828.84473325446
2001-11-21 13:00:00,30722.0,30692.503672488092,29.49632751190802,29.49632751190802,870.033336689742
2001-11-21 14:00:00,30205.0,30393.4079487918,-188.40794879179884,188.40794879179884,35497.5551679331
2001-11-21 15:00:00,29940.0,30063.38614812573,-123.38614812572996,123.38614812572996,15224.141549304575
2001-11-21 16:00:00,30880.0,30841.373986690942,38.62601330905818,38.62601330905818,1491.9689041515396
2001-11-21 17:00:00,33760.0,33329.03772951323,430.96227048677247,430.96227048677247,185728.47858311405
2001-11-21 18:00:00,33939.0,34310.615621905934,-371.61562190593395,371.61562190593395,138098.17044453404
2001-11-21 19:00:00,33213.0,33480.130187916686,-267.1301879166858,267.1301879166858,71358.53729640388
2001-11-21 20:00:00,32521.0,32494.91862781894,26.081372181059123,26.081372181059123,680.2379748469248
2001-11-21 21:00:00,31178.0,31286.351151768173,-108.35115176817271,108.35115176817271,11739.972089489596
2001-11-21 22:00:00,29036.0,28918.758702024392,117.24129797560818,117.24129797560818,13745.521951005347
2001-11-21 23:00:00,26709.0,26664.297514930422,44.70248506957796,44.70248506957796,1998.3121713958406
2001-11-22 00:00:00,24858.0,24888.137057478532,-30.13705747853237,30.13705747853237,908.2422334643638
2001-11-22 01:00:00,23781.0,23905.457634236813,-124.45763423681274,124.45763423681274,15489.702719824261
2001-11-22 02:00:00,23260.0,23453.129714795752,-193.12971479575208,193.12971479575208,37299.08673708854
2001-11-22 03:00:00,23138.0,23191.81176111134,-53.811761111341184,53.811761111341184,2895.7056339040514
2001-11-22 04:00:00,23346.0,23695.93150264118,-349.93150264117867,349.93150264117867,122452.05654071324
2001-11-22 05:00:00,24009.0,25167.024312177957,-1158.0243121779567,1158.0243121779567,1341020.3075952297
2001-11-22 06:00:00,25067.0,27108.09511040341,-2041.0951104034102,2041.0951104034102,4166069.2497127093
2001-11-22 07:00:00,25857.0,27987.021921208892,-2130.0219212088923,2130.0219212088923,4536993.384830421
2001-11-22 08:00:00,27008.0,28020.286219019763,-1012.2862190197629,1012.2862190197629,1024723.3892173275
2001-11-22 09:00:00,27703.0,28598.598918377593,-895.5989183775928,895.5989183775928,802097.4225991141
2001-11-22 10:00:00,27867.0,28534.05439685287,-667.0543968528691,667.0543968528691,444961.568360745
2001-11-22 11:00:00,27427.0,27959.48936947036,-532.4893694703605,532.4893694703605,283544.9285989421
2001-11-22 12:00:00,26487.0,27338.1416403507,-851.1416403506992,851.1416403506992,724442.0919388789
2001-11-22 13:00:00,25284.0,26168.239140363818,-884.2391403638176,884.2391403638176,781878.857351343
2001-11-22 14:00:00,24235.0,25314.03466409135,-1079.0346640913485,1079.0346640913485,1164315.8063107294
2001-11-22 15:00:00,23487.0,24724.546399318897,-1237.5463993188969,1237.5463993188969,1531521.0904671666
2001-11-22 16:00:00,23734.0,24445.366108454196,-711.3661084541964,711.3661084541964,506041.7402572675
2001-11-22 17:00:00,25518.0,24994.629317091752,523.3706829082475,523.3706829082475,273916.8717278454
2001-11-22 18:00:00,25724.0,27688.286813422143,-1964.2868134221426,1964.2868134221426,3858422.685384115
2001-11-22 19:00:00,25817.0,27535.86606050818,-1718.8660605081786,1718.8660605081786,2954500.5339669054
2001-11-22 20:00:00,25885.0,27158.77416369192,-1273.77416369192,1273.77416369192,1622500.6200890501
2001-11-22 21:00:00,25599.0,26258.409485964334,-659.4094859643337,659.4094859643337,434820.8701797468
2001-11-22 22:00:00,24654.0,24911.824151247227,-257.82415124722684,257.82415124722684,66473.2929663529
2001-11-22 23:00:00,23294.0,23555.965812894596,-261.96581289459573,261.96581289459573,68626.08712552633
2001-11-23 00:00:00,22051.0,22540.338009847954,-489.3380098479538,489.3380098479538,239451.68788195614
2001-11-23 01:00:00,21382.0,21527.816978393425,-145.8169783934245,145.8169783934245,21262.59118778843
2001-11-23 02:00:00,21285.0,21240.598135862805,44.401864137194934,44.401864137194934,1971.5255388579176
2001-11-23 03:00:00,21373.0,21309.78377924755,63.21622075244886,63.21622075244886,3996.290566222346
2001-11-23 04:00:00,21936.0,22005.34698385166,-69.34698385166121,69.34698385166121,4809.00416932256
2001-11-23 05:00:00,23208.0,23670.427684418293,-462.4276844182932,462.4276844182932,213839.3633164646
2001-11-23 06:00:00,25138.0,25932.61481570536,-794.6148157053613,794.6148157053613,631412.7053384653
2001-11-23 07:00:00,26208.0,27447.042908634947,-1239.0429086349468,1239.0429086349468,1535227.3294385492
2001-11-23 08:00:00,27303.0,27271.601351479054,31.398648520946153,31.398648520946153,985.8751289419141
2001-11-23 09:00:00,27590.0,27868.01978664925,-278.019786649249,278.019786649249,77295.00176849394
2001-11-23 10:00:00,27383.0,27925.7762898873,-542.7762898873007,542.7762898873007,294606.100863823
2001-11-23 11:00:00,27071.0,27266.17573717859,-195.17573717858977,195.17573717858977,38093.56838320595
2001-11-23 12:00:00,26506.0,26961.007711737737,-455.0077117377368,455.0077117377368,207032.01774081143
2001-11-23 13:00:00,26065.0,26220.80036387463,-155.80036387463042,155.80036387463042,24273.753383467243
2001-11-23 14:00:00,25535.0,26073.68972251856,-538.6897225185603,538.6897225185603,290186.6171471235
2001-11-23 15:00:00,25411.0,25699.914520866147,-288.91452086614663,288.91452086614663,83471.60036731508
2001-11-23 16:00:00,26577.0,25988.965462251337,588.0345377486628,588.0345377486628,345784.6175852836
2001-11-23 17:00:00,29655.0,27327.785801441067,2327.2141985589333,2327.2141985589333,5415925.925974298
2001-11-23 18:00:00,29591.0,29517.39613108583,73.60386891417147,73.60386891417147,5417.529519134538
2001-11-23 19:00:00,28912.0,29198.341731785855,-286.3417317858548,286.3417317858548,81991.5873621224
2001-11-23 20:00:00,28260.0,28593.72903216755,-333.72903216755003,333.72903216755003,111375.06691148964
2001-11-23 21:00:00,27101.0,27339.125946182496,-238.12594618249568,238.12594618249568,56703.96624530883
2001-11-23 22:00:00,25568.0,25384.634589505273,183.36541049472726,183.36541049472726,33622.873765899836
2001-11-23 23:00:00,23630.0,23682.657429630748,-52.657429630748084,52.657429630748084,2772.804895317186
2001-11-24 00:00:00,22012.0,21969.196347843732,42.80365215626807,42.80365215626807,1832.1526379147924
2001-11-24 01:00:00,21066.0,21206.76071774559,-140.76071774559023,140.76071774559023,19813.57966025372
2001-11-24 02:00:00,20506.0,20582.17909285171,-76.17909285171118,76.17909285171118,5803.254187709633
2001-11-24 03:00:00,20251.0,20325.64770487644,-74.6477048764391,74.6477048764391,5572.279843319949
2001-11-24 04:00:00,20261.0,20362.381535435874,-101.38153543587396,101.38153543587396,10278.215727335366
2001-11-24 05:00:00,20822.0,20955.204200281198,-133.2042002811977,133.2042002811977,17743.35897255343
2001-11-24 06:00:00,21841.0,21816.65155530392,24.34844469607924,24.34844469607924,592.8467591180294
2001-11-24 07:00:00,22978.0,23012.937357679315,-34.93735767931503,34.93735767931503,1220.6189616123927
2001-11-24 08:00:00,24906.0,24424.76318538707,481.2368146129302,481.2368146129302,231588.87173879973
2001-11-24 09:00:00,26440.0,25683.710722187265,756.2892778127352,756.2892778127352,571973.4717345086
2001-11-24 10:00:00,27000.0,26769.468027373092,230.5319726269081,230.5319726269081,53144.990403253505
2001-11-24 11:00:00,26950.0,26825.006382610183,124.99361738981679,124.99361738981679,15623.40438819191
2001-11-24 12:00:00,26495.0,26590.34976091102,-95.34976091101998,95.34976091101998,9091.576905788676
2001-11-24 13:00:00,25933.0,26071.46085212617,-138.4608521261689,138.4608521261689,19171.407571504813
2001-11-24 14:00:00,25409.0,25554.356902141695,-145.35690214169517,145.35690214169517,21128.629000230347
2001-11-24 15:00:00,25440.0,25304.543768192223,135.45623180777693,135.45623180777693,18348.3907355622
2001-11-24 16:00:00,26784.0,25951.875785881854,832.1242141181465,832.1242141181465,692430.7077217429
2001-11-24 17:00:00,28971.0,27851.54288911605,1119.4571108839482,1119.4571108839482,1253184.2231086362
2001-11-24 18:00:00,28737.0,29237.15699043782,-500.15699043781933,500.15699043781933,250157.0150838169
2001-11-24 19:00:00,28267.0,28379.954895228544,-112.95489522854405,112.95489522854405,12758.808356091362
2001-11-24 20:00:00,27502.0,27772.712076747946,-270.7120767479464,270.7120767479464,73285.02849718602
2001-11-24 21:00:00,26412.0,26614.97620809101,-202.97620809101136,202.97620809101136,41199.34105100555
2001-11-24 22:00:00,24868.0,24825.380643473294,42.619356526705815,42.619356526705815,1816.4095507504614
2001-11-24 23:00:00,23055.0,23125.850582159717,-70.8505821597173,70.8505821597173,5019.804992370852
2001-11-25 00:00:00,21211.0,21410.84826882888,-199.84826882887864,199.84826882887864,39939.330553899745
2001-11-25 01:00:00,20033.0,20241.443488906043,-208.44348890604306,208.44348890604306,43448.688067323696
2001-11-25 02:00:00,19423.0,19633.374953329112,-210.37495332911203,210.37495332911203,44257.62098822607
2001-11-25 03:00:00,19084.0,19140.59600830909,-56.596008309090394,56.596008309090394,3203.108156522629
2001-11-25 04:00:00,19031.0,19026.48180182648,4.518198173518613,4.518198173518613,20.414114735186928
2001-11-25 05:00:00,19336.0,19396.331220545162,-60.33122054516207,60.33122054516207,3639.8561724689857
2001-11-25 06:00:00,20051.0,20035.82261673852,15.177383261481737,15.177383261481737,230.352962665906
2001-11-25 07:00:00,20775.0,20904.774145312622,-129.77414531262184,129.77414531262184,16841.32879162149
2001-11-25 08:00:00,22546.0,22456.379295396666,89.62070460333416,89.62070460333416,8031.870693598081
2001-11-25 09:00:00,23979.0,24103.224246871825,-124.22424687182502,124.22424687182502,15431.663510872128
2001-11-25 10:00:00,24796.0,24909.27592551035,-113.27592551034832,113.27592551034832,12831.43530022598
2001-11-25 11:00:00,25177.0,25097.967060490544,79.0329395094559,79.0329395094559,6246.205527505315
2001-11-25 12:00:00,25533.0,25218.254147693275,314.7458523067253,314.7458523067253,99064.95154428693
2001-11-25 13:00:00,25458.0,25423.350438404505,34.64956159549547,34.64956159549547,1200.5921187600345
2001-11-25 14:00:00,25318.0,25260.623085541753,57.376914458247484,57.376914458247484,3292.110312749049
2001-11-25 15:00:00,25653.0,25256.466802618845,396.53319738115533,396.53319738115533,157238.57662532228
2001-11-25 16:00:00,27417.0,26274.13059297715,1142.8694070228485,1142.8694070228485,1306150.4815087572
2001-11-25 17:00:00,29368.0,28052.277635016006,1315.7223649839943,1315.7223649839943,1731125.341719075
2001-11-25 18:00:00,29373.0,29632.440176842236,-259.4401768422358,259.4401768422358,67309.2053599306
2001-11-25 19:00:00,28740.0,29207.546338815395,-467.54633881539485,467.54633881539485,218599.57893967998
2001-11-25 20:00:00,27864.0,28298.877933291704,-434.8779332917038,434.8779332917038,189118.81686406358
2001-11-25 21:00:00,26493.0,27045.06463959705,-552.0646395970507,552.0646395970507,304775.3662934215
2001-11-25 22:00:00,24571.0,24806.62029717018,-235.62029717017867,235.62029717017867,55516.92443856331
2001-11-25 23:00:00,22333.0,22773.58681225918,-440.58681225917826,440.58681225917826,194116.7391367044
2001-11-26 00:00:00,20844.0,21161.032469627575,-317.03246962757476,317.03246962757476,100509.58679815911
2001-11-26 01:00:00,20019.0,20015.171473495324,3.8285265046761197,3.8285265046761197,14.657615197007546
2001-11-26 02:00:00,19738.0,19797.969633361394,-59.96963336139379,59.96963336139379,3596.3569254999948
2001-11-26 03:00:00,19730.0,19627.78167106099,102.21832893900864,102.21832893900864,10448.586771083372
2001-11-26 04:00:00,20423.0,20147.88460819179,275.1153918082091,275.1153918082091,75688.4788097844
2001-11-26 05:00:00,22336.0,22337.53820936197,-1.5382093619700754,1.5382093619700754,2.3660880412523864
2001-11-26 06:00:00,25816.0,25996.961685557788,-180.96168555778786,180.96168555778786,32747.131639915686
2001-11-26 07:00:00,27836.0,28319.538812044637,-483.53881204463687,483.53881204463687,233809.78275353866
2001-11-26 08:00:00,28753.0,29207.36498308148,-454.3649830814793,454.3649830814793,206447.53785063297
2001-11-26 09:00:00,29265.0,29554.74639473678,-289.7463947367796,289.7463947367796,83952.9732629617
2001-11-26 10:00:00,29507.0,29973.656050163096,-466.65605016309564,466.65605016309564,217767.86915382164
2001-11-26 11:00:00,29574.0,29769.389435206922,-195.38943520692192,195.38943520692192,38177.03139047994
2001-11-26 12:00:00,29378.0,29441.38057500893,-63.380575008930464,63.380575008930464,4017.097288462661
2001-11-26 13:00:00,29207.0,29298.02651358085,-91.02651358085132,91.02651358085132,8285.82617468491
2001-11-26 14:00:00,28905.0,29207.941296762445,-302.94129676244484,302.94129676244484,91773.42928411167
2001-11-26 15:00:00,28791.0,29008.804498729085,-217.80449872908503,217.80449872908503,47438.799666628
2001-11-26 16:00:00,30017.0,28924.972372380555,1092.0276276194454,1092.0276276194454,1192524.3394841542
2001-11-26 17:00:00,33001.0,30954.690555110694,2046.3094448893062,2046.3094448893062,4187382.3442431805
2001-11-26 18:00:00,33040.0,33018.15010157033,21.84989842966752,21.84989842966752,477.4180613867871
2001-11-26 19:00:00,32338.0,32292.659734096265,45.34026590373469,45.34026590373469,2055.7397122213665
2001-11-26 20:00:00,31344.0,31528.72550523216,-184.72550523215978,184.72550523215978,34123.51228327669
2001-11-26 21:00:00,29719.0,29834.109004424252,-115.1090044242519,115.1090044242519,13250.082899542445
2001-11-26 22:00:00,27020.0,26997.04115407574,22.95884592425864,22.95884592425864,527.1086061738475
2001-11-26 23:00:00,24587.0,24462.221250267503,124.77874973249709,124.77874973249709,15569.736384805143
2001-11-27 00:00:00,22874.0,22866.90478783543,7.0952121645714215,7.0952121645714215,50.34203566028228
2001-11-27 01:00:00,22015.0,21792.81780569862,222.18219430137833,222.18219430137833,49364.927464575434
2001-11-27 02:00:00,21739.0,21630.797181667433,108.2028183325674,108.2028183325674,11707.849895110585
2001-11-27 03:00:00,21837.0,21509.833144565666,327.16685543433414,327.16685543433414,107038.1512947905
2001-11-27 04:00:00,22492.0,22324.274476757804,167.72552324219578,167.72552324219578,28131.851146868357
2001-11-27 05:00:00,24644.0,24365.088003719073,278.91199628092727,278.91199628092727,77791.901669412
2001-11-27 06:00:00,28576.0,28223.324083992313,352.6759160076872,352.6759160076872,124380.30173186123
2001-11-27 07:00:00,30472.0,30620.031615651118,-148.03161565111805,148.03161565111805,21913.359232280338
2001-11-27 08:00:00,31091.0,30814.51591510803,276.48408489197027,276.48408489197027,76443.44919855022
2001-11-27 09:00:00,31114.0,31038.078267951372,75.92173204862775,75.92173204862775,5764.109397263629
2001-11-27 10:00:00,31075.0,31009.351925937284,65.64807406271575,65.64807406271575,4309.669628143813
2001-11-27 11:00:00,30932.0,30789.43456299131,142.5654370086886,142.5654370086886,20324.903829478357
2001-11-27 12:00:00,30850.0,30702.985982209113,147.014017790887,147.014017790887,21613.121427019243
2001-11-27 13:00:00,30544.0,30669.577524434204,-125.57752443420395,125.57752443420395,15769.71464302309
2001-11-27 14:00:00,30217.0,30385.347555204167,-168.3475552041673,168.3475552041673,28340.899343220153
2001-11-27 15:00:00,30285.0,30108.516544199418,176.4834558005823,176.4834558005823,31146.41017131609
2001-11-27 16:00:00,31808.0,31184.539369368293,623.4606306317073,623.4606306317073,388703.1579476862
2001-11-27 17:00:00,34450.0,33468.00553351395,981.9944664860523,981.9944664860523,964313.1322092264
2001-11-27 18:00:00,34314.0,34335.773409324895,-21.7734093248946,21.7734093248946,474.08135362940715
2001-11-27 19:00:00,33468.0,33706.73558924234,-238.73558924233657,238.73558924233657,56994.68157088565
2001-11-27 20:00:00,32324.0,32787.252195211775,-463.25219521177496,463.25219521177496,214602.59636852847
2001-11-27 21:00:00,30452.0,30719.010122713727,-267.01012271372747,267.01012271372747,71294.4056315998
2001-11-27 22:00:00,27507.0,27851.35037513317,-344.35037513317,344.35037513317,118577.18085435491
2001-11-27 23:00:00,24880.0,25074.551595227324,-194.55159522732356,194.55159522732356,37850.323205496345
2001-11-28 00:00:00,23073.0,23310.444096669875,-237.44409666987485,237.44409666987485,56379.69904337287
2001-11-28 01:00:00,21945.0,22195.494153620017,-250.49415362001673,250.49415362001673,62747.32099780854
2001-11-28 02:00:00,21568.0,21526.8911388377,41.108861162301764,41.108861162301764,1689.9384660614023
2001-11-28 03:00:00,21492.0,21363.254797885696,128.74520211430354,128.74520211430354,16575.32706745287
2001-11-28 04:00:00,21957.0,21903.612408234592,53.387591765407706,53.387591765407706,2850.2349545098286
2001-11-28 05:00:00,23960.0,23596.206221848573,363.7937781514265,363.7937781514265,132345.91302168934
2001-11-28 06:00:00,27870.0,27475.887651320325,394.11234867967505,394.11234867967505,155324.54338180975
2001-11-28 07:00:00,30090.0,30293.531480112575,-203.53148011257508,203.53148011257508,41425.063396815545
2001-11-28 08:00:00,30525.0,30850.96889577288,-325.9688957728795,325.9688957728795,106255.72101139037
2001-11-28 09:00:00,30620.0,30721.25134098921,-101.25134098920898,101.25134098920898,10251.834052113072
2001-11-28 10:00:00,30725.0,30706.38874464095,18.61125535905012,18.61125535905012,346.3788260397718
2001-11-28 11:00:00,30647.0,30565.456503748886,81.54349625111354,81.54349625111354,6649.341780855368
2001-11-28 12:00:00,30386.0,30435.763783407645,-49.76378340764495,49.76378340764495,2476.434139042999
2001-11-28 13:00:00,30276.0,30166.17269205945,109.82730794055169,109.82730794055169,12062.037569468768
2001-11-28 14:00:00,30112.0,30094.68820108722,17.311798912778613,17.311798912778613,299.69838159648276
2001-11-28 15:00:00,30091.0,30167.576532064486,-76.57653206448595,76.57653206448595,5863.965263023244
2001-11-28 16:00:00,31566.0,31075.605352809704,490.3946471902964,490.3946471902964,240486.90999289526
2001-11-28 17:00:00,34000.0,33247.0723332736,752.9276667263985,752.9276667263985,566900.0713220586
2001-11-28 18:00:00,33746.0,34112.19481735834,-366.1948173583369,366.1948173583369,134098.6442601057
2001-11-28 19:00:00,32933.0,33388.50553938541,-455.5055393854127,455.5055393854127,207485.29641079577
2001-11-28 20:00:00,32168.0,32205.092971171773,-37.09297117177266,37.09297117177266,1375.8885103499576
2001-11-28 21:00:00,30338.0,30675.863514593144,-337.8635145931439,337.8635145931439,114151.75449323158
2001-11-28 22:00:00,27541.0,27900.72413067887,-359.724130678871,359.724130678871,129401.45019266946
2001-11-28 23:00:00,24731.0,25240.521090014237,-509.5210900142374,509.5210900142374,259611.74116929664
2001-11-29 00:00:00,22778.0,23176.223973858963,-398.2239738589633,398.2239738589633,158582.3333560243
2001-11-29 01:00:00,21825.0,21870.73910903563,-45.739109035628644,45.739109035628644,2092.066095373126
2001-11-29 02:00:00,21352.0,21326.08670858518,25.913291414821288,25.913291414821288,671.4986719494507
2001-11-29 03:00:00,21237.0,21162.02857095001,74.97142904999055,74.97142904999055,5620.7151737977665
2001-11-29 04:00:00,21711.0,21663.73830708873,47.261692911270075,47.261692911270075,2233.667616839196
2001-11-29 05:00:00,23793.0,23300.02231447625,492.97768552375055,492.97768552375055,243026.9984243539
2001-11-29 06:00:00,27664.0,27415.048035054177,248.95196494582342,248.95196494582342,61977.08085038649
2001-11-29 07:00:00,30271.0,30095.263586756653,175.73641324334676,175.73641324334676,30883.286939636342
2001-11-29 08:00:00,30937.0,30790.425714201425,146.57428579857515,146.57428579857515,21484.021257362387
2001-11-29 09:00:00,31367.0,31080.07847941131,286.9215205886903,286.9215205886903,82323.95897692625
2001-11-29 10:00:00,31680.0,31451.348903509795,228.6510964902045,228.6510964902045,52281.323926172816
2001-11-29 11:00:00,31639.0,31560.74612070842,78.25387929158023,78.25387929158023,6123.66962418121
2001-11-29 12:00:00,31385.0,31487.18557443918,-102.18557443917962,102.18557443917962,10441.891623465119
2001-11-29 13:00:00,31332.0,31193.262007977548,138.7379920224521,138.7379920224521,19248.23043042198
2001-11-29 14:00:00,31176.0,31153.224530958352,22.77546904164774,22.77546904164774,518.7219900670545
2001-11-29 15:00:00,31267.0,31196.494188287088,70.50581171291196,70.50581171291196,4971.0694852965935
2001-11-29 16:00:00,32586.0,31712.238454623945,873.7615453760554,873.7615453760554,763459.2381779526
2001-11-29 17:00:00,34576.0,33610.19036036472,965.8096396352776,965.8096396352776,932788.2600124247
2001-11-29 18:00:00,34233.0,34575.45463617233,-342.45463617233327,342.45463617233327,117275.17783592515
2001-11-29 19:00:00,33427.0,33626.84302334005,-199.84302334005042,199.84302334005042,39937.23397769194
2001-11-29 20:00:00,32482.0,32780.72480078409,-298.7248007840899,298.7248007840899,89236.5066034942
2001-11-29 21:00:00,30554.0,31128.96601133181,-574.9660113318096,574.9660113318096,330585.91418681055
2001-11-29 22:00:00,27965.0,28165.721758899344,-200.72175889934442,200.72175889934442,40289.22449564655
2001-11-29 23:00:00,25193.0,25496.20340685039,-303.203406850389,303.203406850389,91932.30592568252
2001-11-30 00:00:00,23077.0,23357.946133549587,-280.9461335495871,280.9461335495871,78930.72995646243
2001-11-30 01:00:00,22027.0,22143.778443593917,-116.77844359391747,116.77844359391747,13637.204888217764
2001-11-30 02:00:00,21551.0,21509.99543634806,41.00456365193895,41.00456365193895,1681.3742402859132
2001-11-30 03:00:00,21374.0,21250.33281546495,123.66718453505018,123.66718453505018,15293.572530826155
2001-11-30 04:00:00,21851.0,21698.372470945902,152.62752905409798,152.62752905409798,23295.162625159523
2001-11-30 05:00:00,23717.0,23376.476971715092,340.5230282849079,340.5230282849079,115955.9327923242
2001-11-30 06:00:00,27610.0,27351.14872812848,258.851271871521,258.851271871521,67003.98094950408
2001-11-30 07:00:00,30087.0,30075.801238864937,11.19876113506325,11.19876113506325,125.41225096020314
2001-11-30 08:00:00,30730.0,31055.30596062948,-325.305960629481,325.305960629481,105823.96802106944
2001-11-30 09:00:00,31232.0,31062.493421591724,169.50657840827625,169.50657840827625,28732.480123681107
2001-11-30 10:00:00,31541.0,31491.41393678487,49.58606321513071,49.58606321513071,2458.7776651749386
2001-11-30 11:00:00,31622.0,31600.63166216213,21.368337837870058,21.368337837870058,456.60586195334923
2001-11-30 12:00:00,31304.0,31527.662335610552,-223.66233561055196,223.66233561055196,50024.84037076718
2001-11-30 13:00:00,31275.0,31109.726451551756,165.27354844824367,165.27354844824367,27315.345816673947
2001-11-30 14:00:00,30960.0,31167.31049600346,-207.3104960034616,207.3104960034616,42977.641753201264
2001-11-30 15:00:00,30831.0,31128.731099154294,-297.7310991542945,297.7310991542945,88643.80740362435
2001-11-30 16:00:00,31970.0,31397.56700633989,572.4329936601098,572.4329936601098,327679.5322306753
2001-11-30 17:00:00,33686.0,33743.1508814392,-57.15088143920002,57.15088143920002,3266.2232492774974
2001-11-30 18:00:00,33104.0,33800.37809910046,-696.3780991004605,696.3780991004605,484942.4569067708
2001-11-30 19:00:00,31855.0,32384.982755506804,-529.9827555068041,529.9827555068041,280881.72113458486
2001-11-30 20:00:00,30863.0,31293.302027429698,-430.3020274296978,430.3020274296978,185159.83481010838
2001-11-30 21:00:00,29514.0,29420.742649231994,93.25735076800629,93.25735076800629,8696.933472266963
2001-11-30 22:00:00,27361.0,27371.867596141263,-10.867596141262766,10.867596141262766,118.10464588958935
2001-11-30 23:00:00,24885.0,24892.620689664807,-7.620689664807287,7.620689664807287,58.0749109673006
2001-12-01 00:00:00,22665.0,23025.910351051418,-360.9103510514178,360.9103510514178,130256.28149605765
2001-12-01 01:00:00,21430.0,21619.969509222818,-189.96950922281758,189.96950922281758,36088.41443435817
2001-12-01 02:00:00,20730.0,20922.03344567262,-192.03344567261956,192.03344567261956,36876.84425689893
2001-12-01 03:00:00,20415.0,20432.77282373448,-17.77282373448179,17.77282373448179,315.8732634969592
2001-12-01 04:00:00,20428.0,20427.580430640588,0.41956935941198026,0.41956935941198026,0.17603844735737947
2001-12-01 05:00:00,21110.0,20916.48127691196,193.51872308804013,193.51872308804013,37449.496185625554
2001-12-01 06:00:00,22292.0,22086.86736083136,205.13263916864162,205.13263916864162,42079.39965229212
2001-12-01 07:00:00,23394.0,23703.895048309438,-309.8950483094377,309.8950483094377,96034.94096670873
2001-12-01 08:00:00,25233.0,25387.62754843276,-154.6275484327598,154.6275484327598,23909.678734325476
2001-12-01 09:00:00,26558.0,26898.286235024076,-340.2862350240757,340.2862350240757,115794.7217468605
2001-12-01 10:00:00,27125.0,27377.22100692633,-252.22100692633103,252.22100692633103,63615.436334932325
2001-12-01 11:00:00,26867.0,27276.369048120636,-409.36904812063585,409.36904812063585,167583.01755919546
2001-12-01 12:00:00,26825.0,26557.68490170448,267.3150982955194,267.3150982955194,71457.36177674322
2001-12-01 13:00:00,26285.0,26477.291398760994,-192.29139876099362,192.29139876099362,36975.98203745946
2001-12-01 14:00:00,25740.0,25880.242134319396,-140.24213431939643,140.24213431939643,19667.85623845963
2001-12-01 15:00:00,25522.0,25618.827126762346,-96.82712676234587,96.82712676234587,9375.492477051395
2001-12-01 16:00:00,26652.0,26224.032538114785,427.967461885215,427.967461885215,183156.14843247295
2001-12-01 17:00:00,29715.0,28647.3859743282,1067.614025671799,1067.614025671799,1139799.7078111446
2001-12-01 18:00:00,29612.0,29878.158765743057,-266.1587657430573,266.1587657430573,70840.48858186766
2001-12-01 19:00:00,28828.0,29344.901249596052,-516.9012495960524,516.9012495960524,267186.90183396044
2001-12-01 20:00:00,28247.0,28271.189311839313,-24.189311839312722,24.189311839312722,585.1228072595146
2001-12-01 21:00:00,27260.0,27407.67626706377,-147.67626706376905,147.67626706376905,21808.27985388964
2001-12-01 22:00:00,25727.0,25707.547191929712,19.452808070287574,19.452808070287574,378.41174181944535
2001-12-01 23:00:00,23751.0,23786.924216026924,-35.924216026924114,35.924216026924114,1290.5492971491115
2001-12-02 00:00:00,21977.0,22023.531139763796,-46.53113976379609,46.53113976379609,2165.1469677179257
2001-12-02 01:00:00,20853.0,21018.52423993913,-165.5242399391318,165.5242399391318,27398.274007427277
2001-12-02 02:00:00,20230.0,20139.459930337965,90.54006966203451,90.54006966203451,8197.504214406063
2001-12-02 03:00:00,19985.0,19770.33495181087,214.66504818913018,214.66504818913018,46081.08291404158
2001-12-02 04:00:00,20067.0,19941.80362591805,125.1963740819483,125.1963740819483,15674.132083267137
2001-12-02 05:00:00,20559.0,20442.402808935956,116.59719106404373,116.59719106404373,13594.904964025118
2001-12-02 06:00:00,21509.0,21285.516766456658,223.48323354334207,223.48323354334207,49944.75567498797
2001-12-02 07:00:00,22480.0,22411.71531010204,68.28468989795874,68.28468989795874,4662.798874460389
2001-12-02 08:00:00,24307.0,24040.928544782153,266.07145521784696,266.07145521784696,70794.01928174275
2001-12-02 09:00:00,25558.0,25259.215102023034,298.784897976966,298.784897976966,89272.415259106
2001-12-02 10:00:00,26046.0,25863.461058159635,182.5389418403647,182.5389418403647,33320.46528820005
2001-12-02 11:00:00,26177.0,26165.887434464305,11.112565535695467,11.112565535695467,123.48911278512668
2001-12-02 12:00:00,26175.0,26062.92746007289,112.07253992711048,112.07253992711048,12560.254205713774
2001-12-02 13:00:00,26019.0,25976.319997771676,42.680002228324156,42.680002228324156,1821.582590209755
2001-12-02 14:00:00,25855.0,25763.182856671796,91.81714332820411,91.81714332820411,8430.387808951977
2001-12-02 15:00:00,25981.0,25758.678305902373,222.3216940976272,222.3216940976272,49426.93566643892
2001-12-02 16:00:00,27375.0,26448.44308572969,926.5569142703098,926.5569142703098,858507.7153821182
2001-12-02 17:00:00,30864.0,28540.370430737494,2323.6295692625063,2323.6295692625063,5399254.3751510605
2001-12-02 18:00:00,31344.0,31063.39238075028,280.6076192497203,280.6076192497203,78740.635980996
2001-12-02 19:00:00,30959.0,31249.046856251833,-290.04685625183265,290.04685625183265,84127.17882157127
2001-12-02 20:00:00,30701.0,30394.29090921377,306.70909078622935,306.70909078622935,94070.46637091548
2001-12-02 21:00:00,29644.0,29485.83119693013,158.1688030698715,158.1688030698715,25017.370264555793
2001-12-02 22:00:00,27587.0,27506.187252380954,80.8127476190457,80.8127476190457,6530.700177739575
2001-12-02 23:00:00,25441.0,25348.258669510833,92.74133048916701,92.74133048916701,8600.9543809009
2001-12-03 00:00:00,23762.0,23678.709452248644,83.29054775135592,83.29054775135592,6937.3153447209
2001-12-03 01:00:00,23100.0,22511.362988871915,588.6370111280849,588.6370111280849,346493.5308698051
2001-12-03 02:00:00,22950.0,22730.28317081012,219.71682918988154,219.71682918988154,48275.48502925558
2001-12-03 03:00:00,23180.0,22816.820094639737,363.17990536026264,363.17990536026264,131899.64365748933
2001-12-03 04:00:00,23923.0,23546.657759115315,376.34224088468545,376.34224088468545,141633.48227410662
2001-12-03 05:00:00,26258.0,25890.715889033185,367.2841109668152,367.2841109668152,134897.61816868384
2001-12-03 06:00:00,30492.0,29670.80619445034,821.1938055496612,821.1938055496612,674359.2662731347
2001-12-03 07:00:00,32640.0,32558.368693902037,81.6313060979628,81.6313060979628,6663.6701352593
2001-12-03 08:00:00,32770.0,32838.54553642783,-68.5455364278314,68.5455364278314,4698.49056417916
2001-12-03 09:00:00,32226.0,32784.19125474412,-558.191254744117,558.191254744117,311577.47687281173
2001-12-03 10:00:00,31725.0,31932.239326027462,-207.23932602746208,207.23932602746208,42948.13825231673
2001-12-03 11:00:00,31177.0,31352.356452199,-175.35645219900107,175.35645219900107,30749.885327820546
2001-12-03 12:00:00,30638.0,30888.358033056622,-250.35803305662193,250.35803305662193,62679.144715980605
2001-12-03 13:00:00,30397.0,30404.545162168342,-7.545162168342358,7.545162168342358,56.92947214658476
2001-12-03 14:00:00,30033.0,30124.427698608644,-91.42769860864428,91.42769860864428,8359.024072873095
2001-12-03 15:00:00,29828.0,30016.250780654074,-188.25078065407433,188.25078065407433,35438.35641686841
2001-12-03 16:00:00,31102.0,30274.91770374324,827.0822962567618,827.0822962567618,684065.1247813578
2001-12-03 17:00:00,34677.0,32750.594931111536,1926.4050688884636,1926.4050688884636,3711036.489439166
2001-12-03 18:00:00,35047.0,34882.606572475604,164.39342752439552,164.39342752439552,27025.199013218684
2001-12-03 19:00:00,34570.0,34671.1331374097,-101.13313740969897,101.13313740969897,10227.911482329055
2001-12-03 20:00:00,33770.0,33920.469437925465,-150.46943792546517,150.46943792546517,22641.051749605416
2001-12-03 21:00:00,32021.0,32571.93051385139,-550.9305138513882,550.9305138513882,303524.4310925547
2001-12-03 22:00:00,29218.0,29669.280853620417,-451.2808536204175,451.2808536204175,203654.40884437267
2001-12-03 23:00:00,26286.0,26821.035744246066,-535.0357442460663,535.0357442460663,286263.2476209421
2001-12-04 00:00:00,24441.0,24568.05792968673,-127.05792968672904,127.05792968672904,16143.71749627778
2001-12-04 01:00:00,23638.0,23614.885965505695,23.114034494305088,23.114034494305088,534.2585906039254
2001-12-04 02:00:00,23263.0,23197.970045999165,65.02995400083455,65.02995400083455,4228.894917350657
2001-12-04 03:00:00,23269.0,23177.29732662658,91.70267337342011,91.70267337342011,8409.380303832173
2001-12-04 04:00:00,23885.0,23793.98398744666,91.01601255334026,91.01601255334026,8283.914541109792
2001-12-04 05:00:00,26230.0,25888.209572207154,341.79042779284646,341.79042779284646,116820.69653081699
2001-12-04 06:00:00,30225.0,29864.845871471152,360.15412852884765,360.15412852884765,129710.99629637372
2001-12-04 07:00:00,32159.0,32565.476524625163,-406.4765246251627,406.4765246251627,165223.1650713505
2001-12-04 08:00:00,32304.0,32397.996763132156,-93.99676313215605,93.99676313215605,8835.39147932265
2001-12-04 09:00:00,31625.0,32166.882086935333,-541.8820869353331,541.8820869353331,293636.1961413919
2001-12-04 10:00:00,31284.0,31341.40496910468,-57.40496910467846,57.40496910467846,3295.330477909088
2001-12-04 11:00:00,30920.0,30898.142733802404,21.85726619759589,21.85726619759589,477.7400856325679
2001-12-04 12:00:00,30490.0,30582.81772053599,-92.81772053598979,92.81772053598979,8615.1292454971
2001-12-04 13:00:00,30454.0,30226.681354692388,227.31864530761231,227.31864530761231,51673.766504488056
2001-12-04 14:00:00,30165.0,30206.418436781223,-41.418436781223136,41.418436781223136,1715.4869054001774
2001-12-04 15:00:00,30025.0,30105.658613552594,-80.65861355259403,80.65861355259403,6505.811940226706
2001-12-04 16:00:00,30978.0,30876.95791763164,101.04208236835984,101.04208236835984,10209.502409334415
2001-12-04 17:00:00,34191.0,33449.59384187831,741.4061581216883,741.4061581216883,549683.0913007619
2001-12-04 18:00:00,34594.0,34333.81091644976,260.1890835502418,260.1890835502418,67698.3591987147
2001-12-04 19:00:00,33702.0,34180.93194054525,-478.9319405452479,478.9319405452479,229375.8036744369
2001-12-04 20:00:00,33007.0,33164.79029078973,-157.79029078972962,157.79029078972962,24897.775867507433
2001-12-04 21:00:00,31276.0,31656.304626047713,-380.3046260477131,380.3046260477131,144631.6085932909
2001-12-04 22:00:00,28259.0,28887.389148005404,-628.3891480054044,628.3891480054044,394872.9213309581
2001-12-04 23:00:00,25251.0,25878.586280663185,-627.5862806631849,627.5862806631849,393864.53967664985
2001-12-05 00:00:00,23148.0,23616.115526425154,-468.1155264251538,468.1155264251538,219132.14608029887
2001-12-05 01:00:00,22322.0,22268.372743567557,53.627256432442664,53.627256432442664,2875.882632470963
2001-12-05 02:00:00,21789.0,21861.747037033667,-72.74703703366686,72.74703703366686,5292.131397177697
2001-12-05 03:00:00,21641.0,21652.54378524515,-11.543785245150502,11.543785245150502,133.25897778615445
2001-12-05 04:00:00,22291.0,22096.214511906313,194.78548809368658,194.78548809368658,37941.386371895715
2001-12-05 05:00:00,24367.0,23992.43440099225,374.5655990077503,374.5655990077503,140299.38796003477
2001-12-05 06:00:00,28235.0,27854.617828328985,380.3821716710154,380.3821716710154,144690.59652515783
2001-12-05 07:00:00,30676.0,30394.98682063815,281.0131793618493,281.0131793618493,78968.4069750549
2001-12-05 08:00:00,30862.0,31258.6195381858,-396.6195381858015,396.6195381858015,157307.05807071846
2001-12-05 09:00:00,30917.0,30916.335879108992,0.6641208910077694,0.6641208910077694,0.4410565578729535
2001-12-05 10:00:00,30906.0,30870.36296769373,35.63703230626925,35.63703230626925,1269.998071598078
2001-12-05 11:00:00,30780.0,30748.845865382296,31.154134617703676,31.154134617703676,970.5801037780026
2001-12-05 12:00:00,30612.0,30615.000700377772,-3.0007003777718637,3.0007003777718637,9.004202757160206
2001-12-05 13:00:00,30511.0,30431.858068685295,79.14193131470529,79.14193131470529,6263.44529222153
2001-12-05 14:00:00,30343.0,30349.895991667654,-6.895991667654016,6.895991667654016,47.55470108035362
2001-12-05 15:00:00,30274.0,30207.76677125542,66.23322874457881,66.23322874457881,4386.8405899317
2001-12-05 16:00:00,31204.0,31190.976997142134,13.023002857866231,13.023002857866231,169.59860343599203
2001-12-05 17:00:00,34173.0,33110.84358329927,1062.156416700731,1062.156416700731,1128176.2535385368
2001-12-05 18:00:00,34190.0,34172.65656680243,17.343433197573177,17.343433197573177,300.7946750786833
2001-12-05 19:00:00,33479.0,33693.09714562513,-214.09714562512818,214.09714562512818,45837.58776482734
2001-12-05 20:00:00,32747.0,32923.855997372084,-176.85599737208395,176.85599737208395,31278.043806474565
2001-12-05 21:00:00,30905.0,31542.184515590638,-637.1845155906376,637.1845155906376,406004.1069084755
2001-12-05 22:00:00,27284.0,28544.34904953062,-1260.3490495306214,1260.3490495306214,1588479.7266527407
2001-12-05 23:00:00,25071.0,24909.34226154134,161.65773845865988,161.65773845865988,26133.22440356848
2001-12-06 00:00:00,22888.0,23446.195625102533,-558.1956251025331,558.1956251025331,311582.35588360764
2001-12-06 01:00:00,21862.0,22001.205740733465,-139.20574073346506,139.20574073346506,19378.238253152693
2001-12-06 02:00:00,21359.0,21404.02762471476,-45.02762471475944,45.02762471475944,2027.486987453215
2001-12-06 03:00:00,21310.0,21159.894045583518,150.10595441648184,150.10595441648184,22531.79755128292
2001-12-06 04:00:00,21770.0,21683.32406587943,86.67593412056885,86.67593412056885,7512.717555673192
2001-12-06 05:00:00,23665.0,23339.797389633026,325.2026103669741,325.2026103669741,105756.73778949399
2001-12-06 06:00:00,27424.0,27268.655301178496,155.3446988215037,155.3446988215037,24131.975451943694
2001-12-06 07:00:00,30145.0,29902.739162464655,242.26083753534476,242.26083753534476,58690.31340332671
2001-12-06 08:00:00,30357.0,30920.11365646188,-563.1136564618791,563.1136564618791,317096.99009386724
2001-12-06 09:00:00,30569.0,30588.09956345781,-19.09956345781029,19.09956345781029,364.79332427892217
2001-12-06 10:00:00,30736.0,30707.19553811032,28.80446188967835,28.80446188967835,829.6970247539325
2001-12-06 11:00:00,30819.0,30586.0670406596,232.93295934039998,232.93295934039998,54257.76354707643
2001-12-06 12:00:00,30716.0,30679.0582826297,36.941717370300466,36.941717370300466,1364.6904822671593
2001-12-06 13:00:00,30707.0,30532.54944587549,174.45055412450893,174.45055412450893,30432.995834348218
2001-12-06 14:00:00,30412.0,30526.768317203278,-114.76831720327755,114.76831720327755,13171.766633672132
2001-12-06 15:00:00,30489.0,30245.22418410235,243.77581589765032,243.77581589765032,59426.6484165651
2001-12-06 16:00:00,31872.0,31148.595200420637,723.4047995793626,723.4047995793626,523314.50405445776
2001-12-06 17:00:00,34451.0,33525.10445891903,925.8955410809722,925.8955410809722,857282.5529936262
2001-12-06 18:00:00,34328.0,34460.98869486624,-132.9886948662388,132.9886948662388,17685.99296222557
2001-12-06 19:00:00,33535.0,33761.1985492301,-226.1985492301028,226.1985492301028,51165.78367380324
2001-12-06 20:00:00,32654.0,33045.514033329404,-391.5140333294039,391.5140333294039,153283.23829385758
2001-12-06 21:00:00,30915.0,31539.907022028783,-624.9070220287831,624.9070220287831,390508.786180882
2001-12-06 22:00:00,28094.0,28467.216866104583,-373.21686610458346,373.21686610458346,139290.82914492657
2001-12-06 23:00:00,25019.0,25641.790119144305,-622.7901191443052,622.7901191443052,387867.5325037779
2001-12-07 00:00:00,22884.0,23377.68840616906,-493.68840616906164,493.68840616906164,243728.24238574837
2001-12-07 01:00:00,21895.0,21929.178215201257,-34.178215201256535,34.178215201256535,1168.1503943434034
2001-12-07 02:00:00,21408.0,21399.70683733155,8.29316266845126,8.29316266845126,68.77654704539361
2001-12-07 03:00:00,21204.0,21215.74724062171,-11.747240621709352,11.747240621709352,137.9976622243383
2001-12-07 04:00:00,21616.0,21627.98407413581,-11.984074135809351,11.984074135809351,143.61803289257463
2001-12-07 05:00:00,23415.0,23243.912923236898,171.08707676310223,171.08707676310223,29270.787835343635
2001-12-07 06:00:00,27423.0,26903.650117714184,519.3498822858164,519.3498822858164,269724.3002302914
2001-12-07 07:00:00,29996.0,29955.024542181243,40.975457818756695,40.975457818756695,1678.9881434567092
2001-12-07 08:00:00,30452.0,30611.01918671263,-159.01918671263047,159.01918671263047,25287.101742746432
2001-12-07 09:00:00,30631.0,30688.169670102874,-57.16967010287408,57.16967010287408,3268.3711796714542
2001-12-07 10:00:00,30717.0,30743.461595474197,-26.461595474196656,26.461595474196656,700.216035040025
2001-12-07 11:00:00,30457.0,30557.165027435727,-100.1650274357271,100.1650274357271,10033.032721199963
2001-12-07 12:00:00,30079.0,30254.799545760023,-175.79954576002274,175.79954576002274,30905.48028943033
2001-12-07 13:00:00,29977.0,29962.61831547118,14.381684528820188,14.381684528820188,206.83284988650593
2001-12-07 14:00:00,29779.0,29716.62139503478,62.37860496521898,62.37860496521898,3891.0903574068425
2001-12-07 15:00:00,29842.0,29612.27616534346,229.7238346565391,229.7238346565391,52773.04020930492
2001-12-07 16:00:00,31159.0,30462.000494730066,696.9995052699342,696.9995052699342,485808.31034653296
2001-12-07 17:00:00,33941.0,32899.47772534437,1041.522274655632,1041.522274655632,1084768.6486038417
2001-12-07 18:00:00,33509.0,34018.77009484819,-509.770094848187,509.770094848187,259865.54960152958
2001-12-07 19:00:00,32543.0,33038.98155607745,-495.9815560774514,495.9815560774514,245997.70396901006
2001-12-07 20:00:00,31748.0,31880.716064200857,-132.71606420085664,132.71606420085664,17613.5536969659
2001-12-07 21:00:00,30277.0,30414.457020858576,-137.45702085857556,137.45702085857556,18894.432583314876
2001-12-07 22:00:00,28213.0,27999.100269552928,213.89973044707222,213.89973044707222,45753.09468533015
2001-12-07 23:00:00,25441.0,25826.94469546823,-385.94469546823166,385.94469546823166,148953.30796006607
2001-12-08 00:00:00,23587.0,23484.62241729409,102.37758270591075,102.37758270591075,10481.169440705597
2001-12-08 01:00:00,22444.0,22617.937590792317,-173.93759079231677,173.93759079231677,30254.28549063544
2001-12-08 02:00:00,21922.0,21892.283231013203,29.716768986796524,29.716768986796524,883.0863590146317
2001-12-08 03:00:00,21713.0,21631.483249194185,81.51675080581481,81.51675080581481,6644.980661937309
2001-12-08 04:00:00,21920.0,21830.42736737973,89.57263262027118,89.57263262027118,8023.256514526069
2001-12-08 05:00:00,22672.0,22648.13819981128,23.861800188718917,23.861800188718917,569.3855082463461
2001-12-08 06:00:00,24090.0,23897.05603116308,192.94396883692025,192.94396883692025,37227.37511054245
2001-12-08 07:00:00,25552.0,25393.120467782504,158.87953221749558,158.87953221749558,25242.705757650216
2001-12-08 08:00:00,27413.0,27200.644496932953,212.3555030670468,212.3555030670468,45094.85968285853
2001-12-08 09:00:00,28866.0,28456.197741932578,409.8022580674224,409.8022580674224,167937.89071715824
2001-12-08 10:00:00,29425.0,29469.417152699476,-44.41715269947599,44.41715269947599,1972.8834539285674
2001-12-08 11:00:00,29421.0,29557.715238238834,-136.715238238834,136.715238238834,18691.056366701137
2001-12-08 12:00:00,29251.0,29185.474876261676,65.5251237383236,65.5251237383236,4293.541840922619
2001-12-08 13:00:00,29051.0,28817.37119922647,233.6288007735311,233.6288007735311,54582.41655087829
2001-12-08 14:00:00,29022.0,28713.673615608,308.32638439199945,308.32638439199945,95065.159312243
2001-12-08 15:00:00,29481.0,28981.255165183175,499.74483481682546,499.74483481682546,249744.89992609617
2001-12-08 16:00:00,31417.0,30182.876140176246,1234.1238598237542,1234.1238598237542,1523061.7013862813
2001-12-08 17:00:00,33035.0,31924.31388993969,1110.6861100603091,1110.6861100603091,1233623.6350809012
2001-12-08 18:00:00,32641.0,33235.91427307282,-594.9142730728199,594.9142730728199,353922.9923057617
2001-12-08 19:00:00,31842.0,32177.220698757883,-335.22069875788293,335.22069875788293,112372.9168757233
2001-12-08 20:00:00,31121.0,31177.61289582889,-56.61289582889003,56.61289582889003,3205.019974132754
2001-12-08 21:00:00,29834.0,29886.986494641085,-52.9864946410853,52.9864946410853,2807.5686143497614
2001-12-08 22:00:00,28337.0,27704.29044497162,632.7095550283811,632.7095550283811,400321.38102421205
2001-12-08 23:00:00,26106.0,26297.116162446986,-191.11616244698598,191.11616244698598,36525.387548462735
2001-12-09 00:00:00,23965.0,24149.18684467606,-184.18684467606,184.18684467606,33924.793751723046
2001-12-09 01:00:00,22766.0,22584.45524861924,181.5447513807594,181.5447513807594,32958.496753901745
2001-12-09 02:00:00,22109.0,22153.40133276209,-44.401332762088714,44.401332762088714,1971.4783510497325
2001-12-09 03:00:00,21739.0,21815.429308101524,-76.42930810152393,76.42930810152393,5841.439136877671
2001-12-09 04:00:00,21808.0,21759.445916103195,48.554083896804514,48.554083896804514,2357.4990630579314
2001-12-09 05:00:00,22241.0,22119.52699194571,121.4730080542904,121.4730080542904,14755.691685757702
2001-12-09 06:00:00,23152.0,23039.551994593206,112.44800540679353,112.44800540679353,12644.553919966267
2001-12-09 07:00:00,24207.0,24169.57709658436,37.422903415641485,37.422903415641485,1400.4737000564312
2001-12-09 08:00:00,25935.0,25680.418278759764,254.58172124023622,254.58172124023622,64811.85278964134
2001-12-09 09:00:00,27058.0,27244.23965221334,-186.23965221333856,186.23965221333856,34685.2080565453
2001-12-09 10:00:00,27377.0,27816.01261534911,-439.012615349111,439.012615349111,192732.0764356665
2001-12-09 11:00:00,27274.0,27408.314540577983,-134.31454057798328,134.31454057798328,18040.395810674716
2001-12-09 12:00:00,27146.0,27065.900487889114,80.09951211088628,80.09951211088628,6415.931840402018
2001-12-09 13:00:00,26763.0,26964.53432872698,-201.53432872697886,201.53432872697886,40616.08565543398
2001-12-09 14:00:00,26495.0,26536.38420590012,-41.38420590012174,41.38420590012174,1712.6524979836713
2001-12-09 15:00:00,26683.0,26624.31947574821,58.68052425179121,58.68052425179121,3443.4039264650564
2001-12-09 16:00:00,28396.0,28037.74339628863,358.25660371136837,358.25660371136837,128347.79410280444
2001-12-09 17:00:00,32214.0,30528.738968422553,1685.2610315774473,1685.2610315774473,2840104.7445534817
2001-12-09 18:00:00,32854.0,32363.585565517747,490.41443448225255,490.41443448225255,240506.31754854758
2001-12-09 19:00:00,32719.0,32666.525268153317,52.474731846683426,52.474731846683426,2753.5974823813317
2001-12-09 20:00:00,32443.0,32376.974752607934,66.02524739206638,66.02524739206638,4359.333293183568
2001-12-09 21:00:00,31358.0,31506.789242191,-148.78924219100008,148.78924219100008,22138.23859177208
2001-12-09 22:00:00,29145.0,29572.50024201789,-427.50024201788983,427.50024201788983,182756.45692535437
2001-12-09 23:00:00,26848.0,27059.17517719585,-211.17517719585157,211.17517719585157,44594.95546369931
2001-12-10 00:00:00,24874.0,24666.52537679205,207.47462320794875,207.47462320794875,43045.71927528031
2001-12-10 01:00:00,24422.0,23646.299774151867,775.7002258481334,775.7002258481334,601710.8403808452
2001-12-10 02:00:00,24304.0,23828.99804020247,475.0019597975297,475.0019597975297,225626.86181149402
2001-12-10 03:00:00,24461.0,24081.974515621918,379.0254843780822,379.0254843780822,143660.3178080398
2001-12-10 04:00:00,25247.0,24927.75843135407,319.2415686459317,319.2415686459317,101915.17915151511
2001-12-10 05:00:00,27710.0,27330.024631039574,379.97536896042584,379.97536896042584,144381.28101661176
2001-12-10 06:00:00,32094.0,30949.917328981825,1144.0826710181755,1144.0826710181755,1308925.1581240827
2001-12-10 07:00:00,34400.0,33559.30055429401,840.6994457059918,840.6994457059918,706775.5580103619
2001-12-10 08:00:00,34487.0,34763.31628558218,-276.31628558217926,276.31628558217926,76350.68967793245
2001-12-10 09:00:00,34179.0,34496.158670757446,-317.1586707574461,317.1586707574461,100589.62243663009
2001-12-10 10:00:00,33707.0,33995.17885972625,-288.17885972624936,288.17885972624936,83047.0551931213
2001-12-10 11:00:00,33043.0,33421.7775728406,-378.7775728405977,378.7775728405977,143472.4496870143
2001-12-10 12:00:00,32540.0,32709.248516805903,-169.2485168059029,169.2485168059029,28645.060440998
2001-12-10 13:00:00,32272.0,32270.986973277584,1.013026722415816,1.013026722415816,1.026223140328531
2001-12-10 14:00:00,32008.0,31886.851625361447,121.14837463855292,121.14837463855292,14676.928677563174
2001-12-10 15:00:00,32208.0,32053.895980181325,154.10401981867471,154.10401981867471,23748.048924274488
2001-12-10 16:00:00,34250.0,32808.348479076594,1441.6515209234058,1441.6515209234058,2078359.107780769
2001-12-10 17:00:00,37194.0,35834.717311451146,1359.282688548854,1359.282688548854,1847649.4273886005
2001-12-10 18:00:00,37177.0,37274.590843446495,-97.59084344649455,97.59084344649455,9523.972724598207
2001-12-10 19:00:00,36479.0,36514.82243576639,-35.82243576639303,35.82243576639303,1283.2469042373543
2001-12-10 20:00:00,35698.0,35641.8841615252,56.11583847479778,56.11583847479778,3148.987327729595
2001-12-10 21:00:00,33925.0,34375.716168582025,-450.7161685820247,450.7161685820247,203145.0646212601
2001-12-10 22:00:00,30810.0,31336.610285404422,-526.610285404422,526.610285404422,277318.3926937268
2001-12-10 23:00:00,27424.0,28194.952590874887,-770.9525908748874,770.9525908748874,594367.8973767015
2001-12-11 00:00:00,25372.0,25427.863679296053,-55.863679296053306,55.863679296053306,3120.7506644922946
2001-12-11 01:00:00,24266.0,24306.165885241542,-40.16588524154213,40.16588524154213,1613.2983372367316
2001-12-11 02:00:00,23745.0,23798.60057930285,-53.60057930284893,53.60057930284893,2873.022101600997
2001-12-11 03:00:00,23566.0,23615.190091959674,-49.19009195967374,49.19009195967374,2419.665147001159
2001-12-11 04:00:00,24144.0,24079.224393194407,64.77560680559327,64.77560680559327,4195.879237032821
2001-12-11 05:00:00,26336.0,26076.35938377633,259.6406162236708,259.6406162236708,67413.24959300751
2001-12-11 06:00:00,30334.0,30041.722211097538,292.2777889024619,292.2777889024619,85426.30588571208
2001-12-11 07:00:00,32740.0,33041.98211182692,-301.9821118269174,301.9821118269174,91193.19586344484
2001-12-11 08:00:00,32850.0,33506.47349093494,-656.4734909349427,656.4734909349427,430957.4443003103
2001-12-11 09:00:00,32707.0,32919.35713065711,-212.35713065711025,212.35713065711025,45095.55094092099
2001-12-11 10:00:00,32325.0,32765.74888073809,-440.7488807380905,440.7488807380905,194259.57587187956
2001-12-11 11:00:00,32142.0,31952.905677675804,189.09432232419567,189.09432232419567,35756.662735246806
2001-12-11 12:00:00,31558.0,31800.12385191057,-242.1238519105682,242.1238519105682,58623.959664010756
2001-12-11 13:00:00,31301.0,31280.9865012395,20.013498760501534,20.013498760501534,400.5401326365964
2001-12-11 14:00:00,30738.0,31025.420568903406,-287.4205689034061,287.4205689034061,82610.58342875761
2001-12-11 15:00:00,30621.0,30781.07484500657,-160.07484500656938,160.07484500656938,25623.956003877207
2001-12-11 16:00:00,32108.0,31335.114983720683,772.8850162793169,772.8850162793169,597351.2483890799
2001-12-11 17:00:00,35849.0,34694.99527322246,1154.0047267775371,1154.0047267775371,1331726.9094248982
2001-12-11 18:00:00,36121.0,36195.246796037405,-74.24679603740515,74.24679603740515,5512.586721820041
2001-12-11 19:00:00,35553.0,35683.4262198866,-130.42621988659812,130.42621988659812,17010.998833907244
2001-12-11 20:00:00,34881.0,34907.41246887265,-26.412468872651516,26.412468872651516,697.6185119487852
2001-12-11 21:00:00,33449.0,33672.802676876236,-223.80267687623564,223.80267687623564,50087.638176968736
2001-12-11 22:00:00,30409.0,31015.647505229917,-606.6475052299174,606.6475052299174,368021.1956016827
2001-12-11 23:00:00,27436.0,27687.218171494074,-251.21817149407434,251.21817149407434,63110.569688826145
2001-12-12 00:00:00,25343.0,25334.268653889125,8.731346110875165,8.731346110875165,76.23640490789488
2001-12-12 01:00:00,24519.0,24422.984322316428,96.015677683572,96.015677683572,9219.010361035585
2001-12-12 02:00:00,24154.0,24151.809464677695,2.1905353223046404,2.1905353223046404,4.798444998264295
2001-12-12 03:00:00,24178.0,24089.360223140364,88.63977685963619,88.63977685963619,7857.010041726095
2001-12-12 04:00:00,24927.0,24685.894371893344,241.1056281066558,241.1056281066558,58131.92390470501
2001-12-12 05:00:00,27184.0,26968.64320526889,215.3567947311094,215.3567947311094,46378.54903685719
2001-12-12 06:00:00,31329.0,30955.83386571798,373.1661342820189,373.1661342820189,139252.96377498575
2001-12-12 07:00:00,33955.0,33631.3834117073,323.61658829270164,323.61658829270164,104727.69621820796
2001-12-12 08:00:00,33736.0,33823.657907682136,-87.65790768213628,87.65790768213628,7683.908779209927
2001-12-12 09:00:00,33331.0,33618.90579854336,-287.905798543361,287.905798543361,82889.74883489037
2001-12-12 10:00:00,33178.0,32886.22691481029,291.77308518970676,291.77308518970676,85131.53324111988
2001-12-12 11:00:00,32794.0,32823.474278646914,-29.474278646914172,29.474278646914172,868.7331017559408
2001-12-12 12:00:00,32267.0,32541.03153889708,-274.0315388970812,274.0315388970812,75093.28431030252
2001-12-12 13:00:00,32307.0,31795.033941069916,511.9660589300838,511.9660589300838,262109.24549640206
2001-12-12 14:00:00,32319.0,31913.063171206588,405.93682879341213,405.93682879341213,164784.708970852
2001-12-12 15:00:00,32122.0,32149.63656448363,-27.636564483629627,27.636564483629627,763.7796964578185
2001-12-12 16:00:00,34102.0,32835.56664371573,1266.433356284273,1266.433356284273,1603853.4459094484
2001-12-12 17:00:00,36776.0,35697.07435414859,1078.9256458514064,1078.9256458514064,1164080.5492758746
2001-12-12 18:00:00,36585.0,36842.758040226014,-257.7580402260137,257.7580402260137,66439.20730115529
2001-12-12 19:00:00,35744.0,35851.99163253654,-107.99163253654115,107.99163253654115,11662.192697907332
2001-12-12 20:00:00,34931.0,35066.336672638594,-135.33667263859388,135.33667263859388,18316.014960885925
2001-12-12 21:00:00,33216.0,33657.41114439391,-441.41114439391094,441.41114439391094,194843.7983951421
2001-12-12 22:00:00,30237.0,30803.969289513825,-566.9692895138251,566.9692895138251,321454.17525181157
2001-12-12 23:00:00,27073.0,27654.158709819887,-581.158709819887,581.158709819887,337745.44599951565
2001-12-13 00:00:00,24984.0,25010.579303163217,-26.579303163216537,26.579303163216537,706.4593566421726
2001-12-13 01:00:00,23869.0,24083.874246285868,-214.87424628586814,214.87424628586814,46170.941716919915
2001-12-13 02:00:00,23376.0,23408.306309253796,-32.30630925379592,32.30630925379592,1043.6976176018998
2001-12-13 03:00:00,23457.0,23267.61578796464,189.38421203535836,189.38421203535836,35866.37976825357
2001-12-13 04:00:00,23987.0,23910.468381925548,76.53161807445213,76.53161807445213,5857.088565093807
2001-12-13 05:00:00,25895.0,25951.24323349762,-56.24323349761835,56.24323349761835,3163.3013142676186
2001-12-13 06:00:00,29569.0,29697.624917500812,-128.62491750081244,128.62491750081244,16544.369402090808
2001-12-13 07:00:00,32243.0,32165.9626667281,77.03733327189912,77.03733327189912,5934.750717645655
2001-12-13 08:00:00,32393.0,32686.71610768029,-293.7161076802913,293.7161076802913,86269.15191086048
2001-12-13 09:00:00,32432.0,32406.120209647343,25.879790352657437,25.879790352657437,669.7635486975009
2001-12-13 10:00:00,32691.0,32309.861852291113,381.1381477088871,381.1381477088871,145266.28763896145
2001-12-13 11:00:00,32488.0,32664.091200602503,-176.0912006025028,176.0912006025028,31008.110929630882
2001-12-13 12:00:00,32260.0,32116.866303068644,143.1336969313561,143.1336969313561,20487.255197237297
2001-12-13 13:00:00,32163.0,31882.239572443494,280.76042755650633,280.76042755650633,78826.41768171224
2001-12-13 14:00:00,31714.0,31959.38444611463,-245.3844461146291,245.3844461146291,60213.52639498331
2001-12-13 15:00:00,31718.0,31652.369750596146,65.63024940385367,65.63024940385367,4307.329636812035
2001-12-13 16:00:00,33289.0,32575.6520501993,713.3479498007,713.3479498007,508865.29748486204
2001-12-13 17:00:00,35951.0,35302.542289163146,648.457710836854,648.457710836854,420497.4027437729
2001-12-13 18:00:00,35789.0,36151.237936011305,-362.23793601130455,362.23793601130455,131216.32228572998
2001-12-13 19:00:00,34983.0,35186.79881208796,-203.79881208795996,203.79881208795996,41533.955808463616
2001-12-13 20:00:00,34129.0,34409.77847432787,-280.778474327868,280.778474327868,78836.55164588525
2001-12-13 21:00:00,32486.0,32932.15614080099,-446.1561408009875,446.1561408009875,199055.30197443056
2001-12-13 22:00:00,29481.0,30110.433660211467,-629.4336602114672,629.4336602114672,396186.73260720476
2001-12-13 23:00:00,26518.0,27128.877833269384,-610.8778332693837,610.8778332693837,373171.72717989696
2001-12-14 00:00:00,24121.0,24707.308394296764,-586.3083942967642,586.3083942967642,343757.5332228499
2001-12-14 01:00:00,22936.0,23154.89603092599,-218.89603092598918,218.89603092598918,47915.472355151614
2001-12-14 02:00:00,22305.0,22433.240860858066,-128.2408608580663,128.2408608580663,16445.71839361792
2001-12-14 03:00:00,22116.0,22011.10872457075,104.89127542925053,104.89127542925053,11002.179661174896
2001-12-14 04:00:00,22578.0,22358.387927638552,219.61207236144764,219.61207236144764,48229.46232688972
2001-12-14 05:00:00,24552.0,23997.448266453117,554.551733546883,554.551733546883,307527.6251798532
2001-12-14 06:00:00,28587.0,27853.610419723722,733.3895802762781,733.3895802762781,537860.2764578154
2001-12-14 07:00:00,31280.0,30788.021489837163,491.97851016283676,491.97851016283676,242042.85446204446
2001-12-14 08:00:00,31750.0,32393.456367920448,-643.4563679204475,643.4563679204475,414036.0974173743
2001-12-14 09:00:00,32086.0,32219.20583366006,-133.2058336600603,133.2058336600603,17743.794121071656
2001-12-14 10:00:00,32189.0,32331.956131412404,-142.95613141240392,142.95613141240392,20436.4555084005
2001-12-14 11:00:00,31979.0,32105.970345202513,-126.97034520251327,126.97034520251327,16121.468560845386
2001-12-14 12:00:00,31775.0,31764.221480738724,10.778519261275505,10.778519261275505,116.17647746568707
2001-12-14 13:00:00,31646.0,31511.501531565933,134.49846843406704,134.49846843406704,18089.83801110973
2001-12-14 14:00:00,31517.0,31432.88432881617,84.11567118383027,84.11567118383027,7075.446138706255
2001-12-14 15:00:00,31750.0,31424.3620711563,325.6379288436983,325.6379288436983,106040.06070161353
2001-12-14 16:00:00,32833.0,32215.295516722817,617.7044832771826,617.7044832771826,381558.82866073115
2001-12-14 17:00:00,34810.0,34876.95987156619,-66.9598715661923,66.9598715661923,4483.624400160968
2001-12-14 18:00:00,34376.0,35139.96004736547,-763.9600473654718,763.9600473654718,583634.9539706539
2001-12-14 19:00:00,33303.0,33753.29724576454,-450.29724576453737,450.29724576453737,202767.60954312817
2001-12-14 20:00:00,32329.0,32603.14535291032,-274.14535291032007,274.14535291032007,75155.67452232394
2001-12-14 21:00:00,30996.0,31139.51437664607,-143.51437664607147,143.51437664607147,20596.376304110465
2001-12-14 22:00:00,28721.0,28937.068212074344,-216.06821207434405,216.06821207434405,46685.472269003716
2001-12-14 23:00:00,25905.0,26411.138752900366,-506.13875290036594,506.13875290036594,256176.4371875377
2001-12-15 00:00:00,23705.0,24207.68804208692,-502.6880420869202,502.6880420869202,252695.26765718122
2001-12-15 01:00:00,22285.0,22774.074328544448,-489.0743285444478,489.0743285444478,239193.69884120245
2001-12-15 02:00:00,21649.0,21747.138992235065,-98.1389922350645,98.1389922350645,9631.261796914052
2001-12-15 03:00:00,21392.0,21294.048098909985,97.95190109001487,97.95190109001487,9594.574927148056
2001-12-15 04:00:00,21583.0,21376.78174638209,206.2182536179098,206.2182536179098,42525.96812522056
2001-12-15 05:00:00,22487.0,22253.172553254222,233.8274467457777,233.8274467457777,54675.27485164951
2001-12-15 06:00:00,23977.0,23902.62426883428,74.37573116572094,74.37573116572094,5531.749386435593
2001-12-15 07:00:00,25644.0,25461.301505713767,182.69849428623274,182.69849428623274,33378.73981445662
2001-12-15 08:00:00,27564.0,27480.413586218885,83.58641378111497,83.58641378111497,6986.688568787767
2001-12-15 09:00:00,28869.0,29003.956563524564,-134.95656352456353,134.95656352456353,18213.274038359552
2001-12-15 10:00:00,29075.0,29654.77798102412,-579.7779810241191,579.7779810241191,336142.50728040375
2001-12-15 11:00:00,28879.0,29052.617759822915,-173.6177598229151,173.6177598229151,30143.126525927433
2001-12-15 12:00:00,28226.0,28585.732795742708,-359.7327957427078,359.7327957427078,129407.68433286475
2001-12-15 13:00:00,27599.0,27876.24750902639,-277.2475090263906,277.2475090263906,76866.18126133854
2001-12-15 14:00:00,26979.0,27308.38591219055,-329.3859121905516,329.3859121905516,108495.07914960178
2001-12-15 15:00:00,26903.0,26991.967729261498,-88.96772926149788,88.96772926149788,7915.256849947186
2001-12-15 16:00:00,28664.0,27928.412148581825,735.587851418175,735.587851418175,541089.4871540071
2001-12-15 17:00:00,32400.0,30859.43070469338,1540.569295306621,1540.569295306621,2373353.753641539
2001-12-15 18:00:00,32679.0,32814.06032680881,-135.0603268088089,135.0603268088089,18241.291877702264
2001-12-15 19:00:00,32252.0,32257.123376300722,-5.123376300722157,5.123376300722157,26.248984718801452
2001-12-15 20:00:00,31831.0,31692.38359607819,138.61640392180925,138.61640392180925,19214.507436214175
2001-12-15 21:00:00,31099.0,30938.587253977144,160.41274602285557,160.41274602285557,25732.249086593165
2001-12-15 22:00:00,29733.0,29345.925080329947,387.0749196700526,387.0749196700526,149826.99343757768
2001-12-15 23:00:00,27599.0,27505.9599419408,93.04005805919951,93.04005805919951,8656.452403659216
2001-12-16 00:00:00,25695.0,25478.52290572192,216.4770942780815,216.4770942780815,46862.332347081385
2001-12-16 01:00:00,24480.0,24127.397176693106,352.6028233068937,352.6028233068937,124328.7510039925
2001-12-16 02:00:00,23931.0,23686.098023638988,244.9019763610122,244.9019763610122,59976.97802552978
2001-12-16 03:00:00,23661.0,23631.75472543249,29.245274567510933,29.245274567510933,855.2860845291018
2001-12-16 04:00:00,23993.0,23717.790457460273,275.2095425397274,275.2095425397274,75740.29230492603
2001-12-16 05:00:00,24574.0,24314.52807707731,259.4719229226903,259.4719229226903,67325.67878519853
2001-12-16 06:00:00,25734.0,25431.170224934325,302.82977506567477,302.82977506567477,91705.87266632718
2001-12-16 07:00:00,26695.0,26950.444828652555,-255.44482865255486,255.44482865255486,65252.06048533311
2001-12-16 08:00:00,28236.0,27705.5993209004,530.4006790995991,530.4006790995991,281324.8803893159
2001-12-16 09:00:00,28956.0,28927.19409760616,28.80590239384037,28.80590239384037,829.7800127234583
2001-12-16 10:00:00,28770.0,29341.646345830726,-571.6463458307262,571.6463458307262,326779.5447016222
2001-12-16 11:00:00,28456.0,28530.842021385753,-74.84202138575347,74.84202138575347,5601.3281651055795
2001-12-16 12:00:00,28251.0,28128.710033434352,122.28996656564777,122.28996656564777,14954.83592262725
2001-12-16 13:00:00,27813.0,27909.56954816151,-96.5695481615112,96.5695481615112,9325.67763211843
2001-12-16 14:00:00,27392.0,27435.11392329114,-43.113923291140964,43.113923291140964,1858.8103815543873
2001-12-16 15:00:00,27495.0,27326.448894951696,168.55110504830373,168.55110504830373,28409.475013004318
2001-12-16 16:00:00,29867.0,28840.53807038481,1026.4619296151905,1026.4619296151905,1053624.0929493401
2001-12-16 17:00:00,33228.0,32093.937932306446,1134.0620676935541,1134.0620676935541,1286096.7733813794
2001-12-16 18:00:00,33663.0,33403.95189662802,259.04810337197705,259.04810337197705,67105.91986061851
2001-12-16 19:00:00,33466.0,33461.078776065675,4.9212239343250985,4.9212239343250985,24.2184450117742
2001-12-16 20:00:00,32989.0,33065.55763226693,-76.55763226692943,76.55763226692943,5861.0710583183945
2001-12-16 21:00:00,31788.0,31988.05109319761,-200.0510931976096,200.0510931976096,40020.43988955868
2001-12-16 22:00:00,29502.0,29915.98463798569,-413.9846379856899,413.9846379856899,171383.28048814274
2001-12-16 23:00:00,26755.0,27387.619973573364,-632.6199735733644,632.6199735733644,400208.0309639643
2001-12-17 00:00:00,24642.0,25025.96797858317,-383.9679785831686,383.9679785831686,147431.4085772446
2001-12-17 01:00:00,23656.0,23687.167645815494,-31.167645815494325,31.167645815494325,971.4221456801009
2001-12-17 02:00:00,23246.0,23266.27760197533,-20.277601975329162,20.277601975329162,411.18114186987316
2001-12-17 03:00:00,23356.0,23137.306449222207,218.69355077779255,218.69355077779255,47826.86915179893
2001-12-17 04:00:00,23940.0,23817.672818481642,122.32718151835797,122.32718151835797,14963.9393382253
2001-12-17 05:00:00,26036.0,25519.539788386926,516.4602116130736,516.4602116130736,266731.1501794208
2001-12-17 06:00:00,30196.0,29231.618532348046,964.3814676519542,964.3814676519542,930031.6151505371
2001-12-17 07:00:00,33075.0,32848.535507100976,226.46449289902375,226.46449289902375,51286.16654401198
2001-12-17 08:00:00,33431.0,33855.05552525783,-424.05552525782696,424.05552525782696,179823.08850169153
2001-12-17 09:00:00,33511.0,33579.67404949803,-68.67404949803313,68.67404949803313,4716.125074458304
2001-12-17 10:00:00,33958.0,33552.12797499427,405.8720250057304,405.8720250057304,164732.10068225223
2001-12-17 11:00:00,33386.0,33859.661928402005,-473.6619284020053,473.6619284020053,224355.62241750638
2001-12-17 12:00:00,32971.0,33043.6627022067,-72.66270220669685,72.66270220669685,5279.868291979107
2001-12-17 13:00:00,32754.0,32713.692660077897,40.30733992210298,40.30733992210298,1624.681651595957
2001-12-17 14:00:00,32339.0,32597.338322969517,-258.3383229695173,258.3383229695173,66738.68911470265
2001-12-17 15:00:00,32432.0,32203.13526029928,228.86473970071893,228.86473970071893,52379.06907827783
2001-12-17 16:00:00,34375.0,33167.97572030063,1207.0242796993698,1207.0242796993698,1456907.6117837825
2001-12-17 17:00:00,36963.0,36223.15097219092,739.849027809083,739.849027809083,547376.5839500454
2001-12-17 18:00:00,36856.0,36977.83270397161,-121.83270397160959,121.83270397160959,14843.207757033855
2001-12-17 19:00:00,36071.0,36278.78293894726,-207.78293894726085,207.78293894726085,43173.74971756113
2001-12-17 20:00:00,35179.0,35494.60519385331,-315.6051938533128,315.6051938533128,99606.63838718717
2001-12-17 21:00:00,33429.0,33785.419585437456,-356.4195854374557,356.4195854374557,127034.92088340777
2001-12-17 22:00:00,30419.0,30914.89447719598,-495.89447719597956,495.89447719597956,245911.3325134739
2001-12-17 23:00:00,27345.0,27667.840006039372,-322.8400060393724,322.8400060393724,104225.669499502
2001-12-18 00:00:00,24640.0,25269.204397065027,-629.2043970650266,629.2043970650266,395898.1732859636
2001-12-18 01:00:00,23345.0,23727.55237781798,-382.5523778179813,382.5523778179813,146346.32177419154
2001-12-18 02:00:00,22698.0,22815.64058207246,-117.64058207246126,117.64058207246126,13839.306550347494
2001-12-18 03:00:00,22465.0,22329.80156030619,135.19843969380963,135.19843969380963,18278.61809564068
2001-12-18 04:00:00,22850.0,22807.879765062546,42.12023493745437,42.12023493745437,1774.1141911863517
2001-12-18 05:00:00,24964.0,24422.90845328794,541.0915467120612,541.0915467120612,292780.06192325073
2001-12-18 06:00:00,29021.0,28588.144903956116,432.85509604388426,432.85509604388426,187363.53417116025
2001-12-18 07:00:00,31911.0,31567.55444504113,343.44555495887107,343.44555495887107,117954.84922100692
2001-12-18 08:00:00,32301.0,32873.296691472315,-572.2966914723147,572.2966914723147,327523.5030701578
2001-12-18 09:00:00,32495.0,32506.320725988535,-11.320725988534832,11.320725988534832,128.15883690748797
2001-12-18 10:00:00,32460.0,32662.75426608473,-202.75426608472844,202.75426608472844,41109.29241555686
2001-12-18 11:00:00,32256.0,32310.727576690573,-54.72757669057319,54.72757669057319,2995.10765042257
2001-12-18 12:00:00,31903.0,31948.367491583267,-45.36749158326711,45.36749158326711,2058.209292557812
2001-12-18 13:00:00,31754.0,31604.758019215213,149.2419807847873,149.2419807847873,22273.16882856682
2001-12-18 14:00:00,31514.0,31523.64724492966,-9.647244929659792,9.647244929659792,93.06933473284656
2001-12-18 15:00:00,31704.0,31475.233901191103,228.76609880889737,228.76609880889737,52333.9279642422
2001-12-18 16:00:00,33457.0,32427.689437593188,1029.310562406812,1029.310562406812,1059480.233882228
2001-12-18 17:00:00,36983.0,35511.83467379426,1471.165326205737,1471.165326205737,2164327.4170300327
2001-12-18 18:00:00,36938.0,37014.57022320281,-76.57022320281249,76.57022320281249,5862.999081328523
2001-12-18 19:00:00,36389.0,36454.92278492207,-65.9227849220697,65.9227849220697,4345.813571881459
2001-12-18 20:00:00,35761.0,35693.49550391074,67.50449608926283,67.50449608926283,4556.8569922653005
2001-12-18 21:00:00,34090.0,34720.362926170754,-630.3629261707538,630.3629261707538,397357.4186905552
2001-12-18 22:00:00,31457.0,31579.06740294151,-122.0674029415095,122.0674029415095,14900.450860884843
2001-12-18 23:00:00,28315.0,28806.01408051069,-491.0140805106894,491.0140805106894,241094.82725975776
2001-12-19 00:00:00,25649.0,26274.12349044641,-625.1234904464109,625.1234904464109,390779.37830790394
2001-12-19 01:00:00,24596.0,24574.86336088185,21.136639118150924,21.136639118150924,446.7575132109479
2001-12-19 02:00:00,24212.0,24125.337418374962,86.662581625038,86.662581625038,7510.403053916374
2001-12-19 03:00:00,24118.0,24031.988320398672,86.01167960132807,86.01167960132807,7398.0090278415155
2001-12-19 04:00:00,24683.0,24481.792043270576,201.20795672942404,201.20795672942404,40484.641851229775
2001-12-19 05:00:00,27104.0,26454.801489843794,649.1985101562059,649.1985101562059,421458.70558903733
2001-12-19 06:00:00,31230.0,30801.505494072328,428.49450592767244,428.49450592767244,183607.5416102001
2001-12-19 07:00:00,33565.0,33858.29581793605,-293.2958179360503,293.2958179360503,86022.43681877677
2001-12-19 08:00:00,33417.0,34022.53862179097,-605.538621790969,605.538621790969,366677.0224805063
2001-12-19 09:00:00,32982.0,33167.764676998544,-185.76467699854402,185.76467699854402,34508.51522037339
2001-12-19 10:00:00,32658.0,32724.41575140652,-66.41575140651912,66.41575140651912,4411.0520348925465
2001-12-19 11:00:00,31947.0,32243.18954220901,-296.18954220900923,296.18954220900923,87728.24491398246
2001-12-19 12:00:00,31266.0,31502.69456383208,-236.69456383207944,236.69456383207944,56024.31654765833
2001-12-19 13:00:00,30930.0,30833.431743701785,96.56825629821469,96.56825629821469,9325.428124477681
2001-12-19 14:00:00,30477.0,30660.13958335836,-183.13958335835923,183.13958335835923,33540.10699267341
2001-12-19 15:00:00,30533.0,30231.64815473306,301.3518452669414,301.3518452669414,90812.93464579058
2001-12-19 16:00:00,32027.0,31509.077074117977,517.9229258820233,517.9229258820233,268244.15715419577
2001-12-19 17:00:00,36033.0,34629.04079932831,1403.959200671692,1403.959200671692,1971101.4371506965
2001-12-19 18:00:00,36376.0,36157.556719632805,218.44328036719526,218.44328036719526,47717.466737581075
2001-12-19 19:00:00,35703.0,35731.29278096311,-28.29278096310736,28.29278096310736,800.4814546263704
2001-12-19 20:00:00,35197.0,35080.22914409153,116.77085590847128,116.77085590847128,13635.432789596962
2001-12-19 21:00:00,33794.0,33852.51293679505,-58.51293679505034,58.51293679505034,3423.7637723815556
2001-12-19 22:00:00,31137.0,31379.94641022828,-242.94641022828,242.94641022828,59022.95824280771
2001-12-19 23:00:00,28020.0,28460.6281325066,-440.6281325066011,440.6281325066011,194153.1511562548
2001-12-20 00:00:00,25552.0,26158.846770969194,-606.846770969194,606.846770969194,368263.00343573745
2001-12-20 01:00:00,24529.0,24547.23251162079,-18.23251162079032,18.23251162079032,332.42448000225403
2001-12-20 02:00:00,24018.0,24054.44815542656,-36.448155426558515,36.448155426558515,1328.4680339985669
2001-12-20 03:00:00,23909.0,23825.65330043065,83.34669956934886,83.34669956934886,6946.672329103297
2001-12-20 04:00:00,24498.0,24281.40463281543,216.59536718457093,216.59536718457093,46913.553085819105
2001-12-20 05:00:00,26709.0,26358.949478927323,350.05052107267693,350.05052107267693,122535.36730325263
2001-12-20 06:00:00,30923.0,30461.267833529128,461.73216647087247,461.73216647087247,213196.5935538855
2001-12-20 07:00:00,33384.0,33357.878627930244,26.121372069756035,26.121372069756035,682.3260788066307
2001-12-20 08:00:00,33701.0,33649.909481416944,51.09051858305611,51.09051858305611,2610.2410890856017
2001-12-20 09:00:00,33513.0,33654.50128318741,-141.5012831874119,141.5012831874119,20022.61314368414
2001-12-20 10:00:00,33375.0,33144.24692430845,230.7530756915512,230.7530756915512,53246.98194111076
2001-12-20 11:00:00,33123.0,32927.59657812111,195.40342187888746,195.40342187888746,38182.497281978474
2001-12-20 12:00:00,32589.0,32742.93625518758,-153.93625518757835,153.93625518757835,23696.370661175242
2001-12-20 13:00:00,32504.0,32282.98332803306,221.0166719669396,221.0166719669396,48848.36928734179
2001-12-20 14:00:00,32165.0,32334.403889053952,-169.4038890539523,169.4038890539523,28697.677626603778
2001-12-20 15:00:00,32423.0,32034.26071643872,388.7392835612809,388.7392835612809,151118.23058373795
2001-12-20 16:00:00,34020.0,33239.192662370886,780.807337629114,780.807337629114,609660.0984954652
2001-12-20 17:00:00,37717.0,36105.03465392623,1611.9653460737682,1611.9653460737682,2598432.276942723
2001-12-20 18:00:00,37982.0,37776.49058987824,205.5094101217619,205.5094101217619,42234.11764859453
2001-12-20 19:00:00,37508.0,37361.965675006206,146.03432499379414,146.03432499379414,21326.02407639309
2001-12-20 20:00:00,36894.0,36786.56953211636,107.43046788364154,107.43046788364154,11541.305429698137
2001-12-20 21:00:00,35561.0,35771.097185675186,-210.09718567518576,210.09718567518576,44140.82742863348
2001-12-20 22:00:00,33116.0,33220.07641638363,-104.07641638362838,104.07641638362838,10831.900447258391
2001-12-20 23:00:00,29793.0,30677.45795210315,-884.4579521031483,884.4579521031483,782265.8690384949
2001-12-21 00:00:00,27364.0,27655.88695551288,-291.8869555128804,291.8869555128804,85197.9947985782
2001-12-21 01:00:00,26104.0,26163.76573722198,-59.76573722198009,59.76573722198009,3571.9433456867764
2001-12-21 02:00:00,25547.0,25516.342451405704,30.657548594295804,30.657548594295804,939.8852858116086
2001-12-21 03:00:00,25359.0,25387.749037921712,-28.749037921712443,28.749037921712443,826.50718142406
2001-12-21 04:00:00,25897.0,25661.32030428241,235.67969571759022,235.67969571759022,55544.91897353592
2001-12-21 05:00:00,27998.0,27502.099963273162,495.90003672683815,495.90003672683815,245916.84642567943
2001-12-21 06:00:00,31932.0,31682.209007501828,249.79099249817227,249.79099249817227,62395.53993322195
2001-12-21 07:00:00,34194.0,34577.05478890342,-383.05478890342056,383.05478890342056,146730.97130184408
2001-12-21 08:00:00,34249.0,34773.26752318173,-524.2675231817266,524.2675231817266,274856.4358631022
2001-12-21 09:00:00,33912.0,34017.779504118414,-105.77950411841448,105.77950411841448,11189.303491537667
2001-12-21 10:00:00,33700.0,33467.014421137355,232.98557886264462,232.98557886264462,54282.2799579616
2001-12-21 11:00:00,33093.0,33337.35438310341,-244.35438310341124,244.35438310341124,59709.06454184867
2001-12-21 12:00:00,32330.0,32609.2070109433,-279.2070109433007,279.2070109433007,77956.55495989244
2001-12-21 13:00:00,31854.0,31766.167517503975,87.83248249602548,87.83248249602548,7714.544981414622
2001-12-21 14:00:00,31378.0,31399.960391289034,-21.960391289034305,21.960391289034305,482.2587855674938
2001-12-21 15:00:00,31274.0,31113.989595427196,160.01040457280396,160.01040457280396,25603.329571552404
2001-12-21 16:00:00,32858.0,32129.848647408904,728.1513525910959,728.1513525910959,530204.3922802425
2001-12-21 17:00:00,36734.0,35648.6594349581,1085.3405650419008,1085.3405650419008,1177964.1421254727
2001-12-21 18:00:00,36873.0,36946.39669894376,-73.3966989437613,73.3966989437613,5387.07541584113
2001-12-21 19:00:00,36206.0,36444.508574381834,-238.50857438183448,238.50857438183448,56886.34005365507
2001-12-21 20:00:00,35461.0,35582.32809119363,-121.32809119363083,121.32809119363083,14720.505712689997
2001-12-21 21:00:00,34178.0,34153.88137326571,24.118626734292775,24.118626734292775,581.7081555481421
2001-12-21 22:00:00,32248.0,31998.52985750611,249.4701424938903,249.4701424938903,62235.351995921934
2001-12-21 23:00:00,29651.0,30005.000753555774,-354.0007535557743,354.0007535557743,125316.53351805604
2001-12-22 00:00:00,27377.0,27742.729007660415,-365.72900766041494,365.72900766041494,133757.70704427184
2001-12-22 01:00:00,26051.0,26336.702599200955,-285.70259920095486,285.70259920095486,81625.97519018146
2001-12-22 02:00:00,25852.0,25582.318912465475,269.68108753452543,269.68108753452543,72727.88897380437
2001-12-22 03:00:00,25807.0,25624.240664065306,182.7593359346938,182.7593359346938,33400.974871290266
2001-12-22 04:00:00,25841.0,25953.8525528164,-112.85255281639911,112.85255281639911,12735.69867717815
2001-12-22 05:00:00,26616.0,26716.009705262117,-100.00970526211677,100.00970526211677,10001.941146615467
2001-12-22 06:00:00,27990.0,28053.060634673766,-63.06063467376589,63.06063467376589,3976.643645458165
2001-12-22 07:00:00,29253.0,29424.236797942187,-171.23679794218697,171.23679794218697,29322.040969493366
2001-12-22 08:00:00,30638.0,30840.277144101427,-202.27714410142653,202.27714410142653,40916.043025829276
2001-12-22 09:00:00,31223.0,31805.131323983795,-582.1313239837946,582.1313239837946,338876.8783631256
2001-12-22 10:00:00,30984.0,31355.298691564225,-371.298691564225,371.298691564225,137862.7183573055
2001-12-22 11:00:00,30174.0,30563.157905490258,-389.1579054902577,389.1579054902577,151443.87540556432
2001-12-22 12:00:00,29249.0,29645.278021130212,-396.27802113021244,396.27802113021244,157036.2700308771
2001-12-22 13:00:00,28384.0,28495.02005308819,-111.02005308818843,111.02005308818843,12325.452187704179
2001-12-22 14:00:00,27817.0,27700.369571707837,116.63042829216283,116.63042829216283,13602.656803613336
2001-12-22 15:00:00,27686.0,27592.27598723307,93.72401276692835,93.72401276692835,8784.19056913535
2001-12-22 16:00:00,29525.0,28343.14366276297,1181.85633723703,1181.85633723703,1396784.4018673282
2001-12-22 17:00:00,33430.0,31738.212559805048,1691.787440194952,1691.787440194952,2862144.7428013887
2001-12-22 18:00:00,33821.0,34110.69675578719,-289.69675578719034,289.69675578719034,83924.210313623
2001-12-22 19:00:00,33564.0,33620.59504068542,-56.59504068541719,56.59504068541719,3202.9986301840268
2001-12-22 20:00:00,33192.0,33152.590476463614,39.40952353638568,39.40952353638568,1553.1105453649366
2001-12-22 21:00:00,32340.0,32363.315614943993,-23.31561494399284,23.31561494399284,543.6179002165424
2001-12-22 22:00:00,31189.0,30581.411302480337,607.5886975196627,607.5886975196627,369164.02535364014
2001-12-22 23:00:00,29426.0,29432.92103964243,-6.921039642431424,6.921039642431424,47.90078973210729
2001-12-23 00:00:00,27141.0,27753.41573620175,-612.4157362017504,612.4157362017504,375053.03394753195
2001-12-23 01:00:00,25425.0,26270.98837624674,-845.9883762467398,845.9883762467398,715696.3327445954
2001-12-23 02:00:00,24901.0,24776.62233251751,124.37766748249123,124.37766748249123,15469.804168385157
2001-12-23 03:00:00,24633.0,24546.953523897762,86.04647610223765,86.04647610223765,7403.996049612954
2001-12-23 04:00:00,24684.0,24844.226360510398,-160.22636051039808,160.22636051039808,25672.486602408055
2001-12-23 05:00:00,25327.0,25191.5130621037,135.48693789630124,135.48693789630124,18356.71034051619
2001-12-23 06:00:00,26357.0,26342.245870186413,14.754129813587497,14.754129813587497,217.68434655619143
2001-12-23 07:00:00,27471.0,27529.78296738986,-58.78296738985955,58.78296738985955,3455.4372551572915
2001-12-23 08:00:00,28661.0,28817.977904570125,-156.97790457012525,156.97790457012525,24642.06252322735
2001-12-23 09:00:00,28931.0,29569.244912845796,-638.2449128457956,638.2449128457956,407356.56877353723
2001-12-23 10:00:00,28564.0,29357.982661204547,-793.9826612045472,793.9826612045472,630408.4662934548
2001-12-23 11:00:00,27879.0,28396.03754315375,-517.0375431537504,517.0375431537504,267327.82103046635
2001-12-23 12:00:00,27441.0,27529.34722986636,-88.34722986635825,88.34722986635825,7805.233025059143
2001-12-23 13:00:00,26971.0,27178.554972021007,-207.55497202100742,207.55497202100742,43079.06641064117
2001-12-23 14:00:00,26666.0,26773.437789849137,-107.4377898491366,107.4377898491366,11542.87868766724
2001-12-23 15:00:00,26989.0,26741.119149722468,247.88085027753186,247.88085027753186,61444.91593431217
2001-12-23 16:00:00,29163.0,28234.452194264966,928.5478057350338,928.5478057350338,862201.027535346
2001-12-23 17:00:00,32119.0,31065.090257649073,1053.9097423509265,1053.9097423509265,1110725.7450221963
2001-12-23 18:00:00,32279.0,32546.90716583137,-267.90716583136964,267.90716583136964,71774.249503797
2001-12-23 19:00:00,31896.0,31913.924481757716,-17.92448175771642,17.92448175771642,321.2870462827088
2001-12-23 20:00:00,31354.0,31429.72274196744,-75.7227419674382,75.7227419674382,5733.933651067226
2001-12-23 21:00:00,30407.0,30605.983853397003,-198.98385339700326,198.98385339700326,39594.57391272009
2001-12-23 22:00:00,28523.0,29036.76269348997,-513.7626934899708,513.7626934899708,263952.1052220697
2001-12-23 23:00:00,26125.0,26849.907297930244,-724.9072979302437,724.9072979302437,525490.5905925271
2001-12-24 00:00:00,23811.0,24705.147122587667,-894.1471225876667,894.1471225876667,799499.0768318038
2001-12-24 01:00:00,22421.0,22952.372738672042,-531.372738672042,531.372738672042,282356.98740382626
2001-12-24 02:00:00,21629.0,21900.962096434527,-271.96209643452676,271.96209643452676,73963.38189706283
2001-12-24 03:00:00,21678.0,21480.388582187203,197.6114178127973,197.6114178127973,39050.27244998394
2001-12-24 04:00:00,21634.0,22029.927803832346,-395.9278038323464,395.9278038323464,156758.82584750498
2001-12-24 05:00:00,22770.0,23300.727083893322,-530.7270838933218,530.7270838933218,281671.2375779091
2001-12-24 06:00:00,24686.0,25726.594404380256,-1040.5944043802556,1040.5944043802556,1082836.7144274989
2001-12-24 07:00:00,26463.0,27427.501093587038,-964.5010935870378,964.5010935870378,930262.3595305918
2001-12-24 08:00:00,27988.0,28424.047939530727,-436.0479395307266,436.0479395307266,190137.8055689922
2001-12-24 09:00:00,29121.0,29283.438221167118,-162.43822116711817,162.43822116711817,26386.1756959376
2001-12-24 10:00:00,29263.0,29846.726995744655,-583.7269957446551,583.7269957446551,340737.20556108066
2001-12-24 11:00:00,28937.0,29874.52876546823,-937.5287654682288,937.5287654682288,878960.1860803812
2001-12-24 12:00:00,28370.0,29280.194737020243,-910.1947370202433,910.1947370202433,828454.4592993499
2001-12-24 13:00:00,27817.0,28503.38178976963,-686.3817897696317,686.3817897696317,471119.9613273629
2001-12-24 14:00:00,27612.0,27902.915930558964,-290.91593055896374,290.91593055896374,84632.07865298781
2001-12-24 15:00:00,27584.0,27839.678423018522,-255.67842301852215,255.67842301852215,65371.45599723836
2001-12-24 16:00:00,29106.0,28694.38947975252,411.61052024747914,411.61052024747914,169423.22037840044
2001-12-24 17:00:00,32592.0,31185.345902691726,1406.6540973082738,1406.6540973082738,1978675.7494741546
2001-12-24 18:00:00,32211.0,33087.81953839883,-876.8195383988277,876.8195383988277,768812.5029179333
2001-12-24 19:00:00,31251.0,31912.66271588975,-661.66271588975,661.66271588975,437797.54959859996
2001-12-24 20:00:00,30846.0,30779.90011570882,66.09988429117948,66.09988429117948,4369.194703307316
2001-12-24 21:00:00,30568.0,29895.136417451835,672.8635825481651,672.8635825481651,452745.4007195514
2001-12-24 22:00:00,29717.0,28730.89436723153,986.105632768471,986.105632768471,972404.3189777065
2001-12-24 23:00:00,28106.0,27394.309125444997,711.6908745550027,711.6908745550027,506503.9009248645
2001-12-25 00:00:00,26466.0,25810.154371733137,655.8456282668631,655.8456282668631,430133.4881167563
2001-12-25 01:00:00,25154.0,25167.511528779716,-13.511528779716173,13.511528779716173,182.56140996509842
2001-12-25 02:00:00,24415.0,24289.084044777523,125.91595522247735,125.91595522247735,15854.82777958892
2001-12-25 03:00:00,24156.0,24077.04569210726,78.95430789274178,78.95430789274178,6233.782734821867
2001-12-25 04:00:00,24300.0,24310.07973011785,-10.079730117849977,10.079730117849977,101.60095924869191
2001-12-25 05:00:00,24975.0,25541.885194131322,-566.8851941313224,566.8851941313224,321358.82332530705
2001-12-25 06:00:00,26130.0,27055.62292200092,-925.6229220009191,925.6229220009191,856777.7937335195
2001-12-25 07:00:00,27211.0,28728.105509048626,-1517.1055090486261,1517.1055090486261,2301609.125585691
2001-12-25 08:00:00,28191.0,29039.479456879766,-848.4794568797661,848.4794568797661,719917.3887469828
2001-12-25 09:00:00,28909.0,29394.63631726871,-485.6363172687088,485.6363172687088,235842.63265031402
2001-12-25 10:00:00,28811.0,29542.846051604607,-731.846051604607,731.846051604607,535598.6432492532
2001-12-25 11:00:00,28259.0,28921.032863439523,-662.0328634395228,662.0328634395228,438287.5122739338
2001-12-25 12:00:00,27366.0,28368.243106746744,-1002.2431067467442,1002.2431067467442,1004491.2450213656
2001-12-25 13:00:00,26864.0,27277.42879368774,-413.42879368774084,413.42879368774084,170923.36745010057
2001-12-25 14:00:00,25667.0,26759.152160642352,-1092.152160642352,1092.152160642352,1192796.341995758
2001-12-25 15:00:00,25709.0,25720.8286736923,-11.828673692300072,11.828673692300072,139.9175213189118
2001-12-25 16:00:00,27226.0,26518.342696846932,707.6573031530679,707.6573031530679,500778.8587058731
2001-12-25 17:00:00,29990.0,29146.663232860526,843.3367671394735,843.3367671394735,711216.9028092586
2001-12-25 18:00:00,30362.0,30920.493333279708,-558.4933332797082,558.4933332797082,311914.8033178792
2001-12-25 19:00:00,30510.0,30485.32989881332,24.67010118667895,24.67010118667895,608.6138925609781
2001-12-25 20:00:00,30692.0,30459.25096155457,232.7490384454286,232.7490384454286,54172.1148972716
2001-12-25 21:00:00,30230.0,29898.95799399434,331.04200600566037,331.04200600566037,109588.80974025167
2001-12-25 22:00:00,28868.0,28866.395780295614,1.604219704386196,1.604219704386196,2.5735208599409343
2001-12-25 23:00:00,26833.0,27009.483853733982,-176.48385373398196,176.48385373398196,31146.550628797537
2001-12-26 00:00:00,25144.0,25055.169079025534,88.8309209744657,88.8309209744657,7890.93252117177
2001-12-26 01:00:00,24246.0,24219.74525636618,26.254743633820908,26.254743633820908,689.3115632776595
2001-12-26 02:00:00,23839.0,23951.59969808415,-112.59969808414826,112.59969808414826,12678.692008641341
2001-12-26 03:00:00,23820.0,23811.23345949833,8.766540501670534,8.766540501670534,76.85223236742985
2001-12-26 04:00:00,24564.0,24344.29201872248,219.70798127751914,219.70798127751914,48271.5970370427
2001-12-26 05:00:00,26255.0,26293.04736752263,-38.04736752263125,38.04736752263125,1447.6021754021751
2001-12-26 06:00:00,28981.0,29353.98650333339,-372.98650333339174,372.98650333339174,139118.93166887024
2001-12-26 07:00:00,31268.0,30973.94305993657,294.0569400634304,294.0569400634304,86469.48399946788
2001-12-26 08:00:00,32455.0,31886.192737082158,568.8072629178423,568.8072629178423,323541.7023480874
2001-12-26 09:00:00,33188.0,32798.08316868523,389.9168313147675,389.9168313147675,152035.13534254883
2001-12-26 10:00:00,33274.0,33012.94972621421,261.0502737857896,261.0502737857896,68147.24544363572
2001-12-26 11:00:00,33192.0,32924.61835158401,267.38164841599064,267.38164841599064,71492.94590965242
2001-12-26 12:00:00,32620.0,32799.13279437854,-179.13279437854362,179.13279437854362,32088.55802186559
2001-12-26 13:00:00,32088.0,32242.526036870586,-154.5260368705858,154.5260368705858,23878.296070929646
2001-12-26 14:00:00,31577.0,31718.54857058095,-141.5485705809515,141.5485705809515,20035.997833510606
2001-12-26 15:00:00,31453.0,31349.756892090692,103.24310790930758,103.24310790930758,10659.13933077293
2001-12-26 16:00:00,33083.0,31533.28493102059,1549.7150689794107,1549.7150689794107,2401616.79502186
2001-12-26 17:00:00,37104.0,34175.69145204998,2928.3085479500223,2928.3085479500223,8574990.951997168
2001-12-26 18:00:00,37531.0,36944.618289034515,586.3817109654847,586.3817109654847,343843.5109548092
2001-12-26 19:00:00,37000.0,36775.09369314669,224.9063068533069,224.9063068533069,50582.84686239384
2001-12-26 20:00:00,36376.0,36377.86039670177,-1.8603967017697869,1.8603967017697869,3.4610758879559014
2001-12-26 21:00:00,35099.0,35073.758310819336,25.241689180664252,25.241689180664252,637.1428726932628
2001-12-26 22:00:00,32732.0,32537.614593751176,194.38540624882444,194.38540624882444,37785.68616252051
2001-12-26 23:00:00,30328.0,30277.89476705138,50.10523294861923,50.10523294861923,2510.5343688353983
2001-12-27 00:00:00,28332.0,27878.51560975868,453.4843902413195,453.4843902413195,205648.09219254134
2001-12-27 01:00:00,27329.0,27192.09738637636,136.9026136236389,136.9026136236389,18742.32561698336
2001-12-27 02:00:00,26986.0,26749.15644947459,236.84355052540923,236.84355052540923,56094.86742548207
2001-12-27 03:00:00,27009.0,26845.013652795787,163.9863472042125,163.9863472042125,26891.522069380535
2001-12-27 04:00:00,27555.0,27482.2044614232,72.79553857680003,72.79553857680003,5299.190436686381
2001-12-27 05:00:00,29332.0,29639.478531982888,-307.47853198288794,307.47853198288794,94543.04763035184
2001-12-27 06:00:00,32132.0,32731.644380363035,-599.6443803630355,599.6443803630355,359573.3829009687
2001-12-27 07:00:00,33888.0,34833.42153127005,-945.4215312700471,945.4215312700471,893821.8717890007
2001-12-27 08:00:00,34827.0,34722.32395538725,104.67604461275187,104.67604461275187,10957.074315770818
2001-12-27 09:00:00,34997.0,34982.47609362607,14.523906373928185,14.523906373928185,210.94385635863173
2001-12-27 10:00:00,35021.0,34715.186039221604,305.813960778396,305.813960778396,93522.17860697032
2001-12-27 11:00:00,34786.0,34591.40909660673,194.5909033932694,194.5909033932694,37865.6196834087
2001-12-27 12:00:00,34341.0,34151.241262759606,189.7587372403941,189.7587372403941,36008.378359068935
2001-12-27 13:00:00,34121.0,33871.8648019705,249.13519802950032,249.13519802950032,62068.34689719834
2001-12-27 14:00:00,33726.0,33823.8492858377,-97.84928583769943,97.84928583769943,9574.482738947805
2001-12-27 15:00:00,33546.0,33686.493226971026,-140.49322697102616,140.49322697102616,19738.346824732274
2001-12-27 16:00:00,34757.0,34473.15063947963,283.8493605203694,283.8493605203694,80570.45946782263
2001-12-27 17:00:00,38391.0,36709.71117366715,1681.2888263328496,1681.2888263328496,2826732.117551691
2001-12-27 18:00:00,38743.0,38721.80454074857,21.195459251430293,21.195459251430293,449.247492879042
2001-12-27 19:00:00,37919.0,38134.55678864779,-215.55678864778747,215.55678864778747,46464.72913214692
2001-12-27 20:00:00,37161.0,37192.59964250818,-31.599642508183024,31.599642508183024,998.5374066449675
2001-12-27 21:00:00,35743.0,35891.60231285896,-148.6023128589586,148.6023128589586,22082.647387031815
2001-12-27 22:00:00,33252.0,33402.70691847041,-150.7069184704087,150.7069184704087,22712.57527484642
2001-12-27 23:00:00,30659.0,30737.67033417296,-78.67033417295897,78.67033417295897,6189.021478885036
2001-12-28 00:00:00,28511.0,28523.80436552196,-12.804365521958971,12.804365521958971,163.95177641993163
2001-12-28 01:00:00,27574.0,27301.979916145323,272.02008385467707,272.02008385467707,73994.92602030555
2001-12-28 02:00:00,27139.0,27083.03209778782,55.9679022121818,55.9679022121818,3132.4060780323443
2001-12-28 03:00:00,27198.0,26951.990511351007,246.00948864899328,246.00948864899328,60520.668505339156
2001-12-28 04:00:00,27772.0,27612.542384097393,159.45761590260736,159.45761590260736,25426.731269343458
2001-12-28 05:00:00,29414.0,29485.716566540163,-71.7165665401626,71.7165665401626,5143.2659163095705
2001-12-28 06:00:00,32066.0,32724.061910172506,-658.061910172506,658.061910172506,433045.4776198874
2001-12-28 07:00:00,33942.0,34766.93046879067,-824.9304687906697,824.9304687906697,680510.278339194
2001-12-28 08:00:00,34705.0,34949.53585783176,-244.53585783176095,244.53585783176095,59797.785765515204
2001-12-28 09:00:00,35134.0,34804.26448375135,329.7355162486492,329.7355162486492,108725.51067576322
2001-12-28 10:00:00,35049.0,35015.20755559974,33.7924444002565,33.7924444002565,1141.929298544427
2001-12-28 11:00:00,34415.0,34684.73192673355,-269.7319267335479,269.7319267335479,72755.31229939204
2001-12-28 12:00:00,33481.0,33941.66930236769,-460.6693023676926,460.6693023676926,212216.20614393658
2001-12-28 13:00:00,32985.0,32980.5570835921,4.442916407897428,4.442916407897428,19.739506207564187
2001-12-28 14:00:00,32639.0,32554.00692284763,84.99307715236864,84.99307715236864,7223.823163828489
2001-12-28 15:00:00,32490.0,32453.04856156687,36.951438433130534,36.951438433130534,1365.4088022774363
2001-12-28 16:00:00,33859.0,33396.346759581385,462.6532404186146,462.6532404186146,214048.0208698444
2001-12-28 17:00:00,36840.0,36555.183328377156,284.8166716228443,284.8166716228443,81120.53643431512
2001-12-28 18:00:00,36773.0,37381.92649702299,-608.9264970229924,608.9264970229924,370791.47877669235
2001-12-28 19:00:00,35941.0,35990.76994932879,-49.769949328787334,49.769949328787334,2477.0478561900586
2001-12-28 20:00:00,35138.0,35245.17673432602,-107.17673432602169,107.17673432602169,11486.852380790635
2001-12-28 21:00:00,33979.0,34011.7200540074,-32.720054007397266,32.720054007397266,1070.601934246994
2001-12-28 22:00:00,32054.0,32010.437582028255,43.56241797174516,43.56241797174516,1897.684259545026
2001-12-28 23:00:00,29997.0,29882.67755642919,114.32244357081072,114.32244357081072,13069.6211040012
2001-12-29 00:00:00,27925.0,27924.7639261638,0.2360738362003758,0.2360738362003758,0.055730856138361866
2001-12-29 01:00:00,26721.0,26962.317179249578,-241.31717924957775,241.31717924957775,58233.98100097284
2001-12-29 02:00:00,26111.0,26379.51238144483,-268.5123814448307,268.5123814448307,72098.89898917425
2001-12-29 03:00:00,25832.0,25956.12781143033,-124.12781143033135,124.12781143033135,15407.713570483898
2001-12-29 04:00:00,25867.0,25967.618793982827,-100.6187939828269,100.6187939828269,10124.141702558563
2001-12-29 05:00:00,26404.0,26644.73828186595,-240.73828186594983,240.73828186594983,57954.92035576951
2001-12-29 06:00:00,27381.0,27791.470370959745,-410.4703709597452,410.4703709597452,168485.92543583084
2001-12-29 07:00:00,28609.0,28859.556041975087,-250.55604197508728,250.55604197508728,62778.3301702217
2001-12-29 08:00:00,30073.0,29990.4655730516,82.53442694840123,82.53442694840123,6811.93163170098
2001-12-29 09:00:00,31518.0,31669.84206460242,-151.84206460242058,151.84206460242058,23056.012582725663
2001-12-29 10:00:00,31890.0,32233.500564339425,-343.5005643394252,343.5005643394252,117992.63770150358
2001-12-29 11:00:00,31296.0,31800.605695908554,-504.6056959085545,504.6056959085545,254626.90834335657
2001-12-29 12:00:00,30422.0,30607.188855429627,-185.18885542962744,185.18885542962744,34294.91217533545
2001-12-29 13:00:00,29566.0,29780.196462705993,-214.19646270599333,214.19646270599333,45880.12463575999
2001-12-29 14:00:00,29046.0,29218.223761149104,-172.22376114910367,172.22376114910367,29661.02390434351
2001-12-29 15:00:00,29101.0,29173.616271178787,-72.61627117878743,72.61627117878743,5273.122839911194
2001-12-29 16:00:00,30710.0,29998.17014286294,711.8298571370615,711.8298571370615,506701.7455117694
2001-12-29 17:00:00,34092.0,32875.13525641922,1216.8647435807798,1216.8647435807798,1480759.8041699168
2001-12-29 18:00:00,34788.0,34438.452017938784,349.5479820612163,349.5479820612163,122183.79176306841
2001-12-29 19:00:00,34604.0,34537.283896561006,66.71610343899374,66.71610343899374,4451.038458082512
2001-12-29 20:00:00,34216.0,34099.5842636573,116.41573634270026,116.41573634270026,13552.623668213102
2001-12-29 21:00:00,33411.0,33336.81070291427,74.18929708572978,74.18929708572978,5504.051802074673
2001-12-29 22:00:00,32058.0,31907.881612281177,150.11838771882321,150.11838771882321,22535.53033129893
2001-12-29 23:00:00,30080.0,30278.83522062597,-198.83522062596967,198.83522062596967,39535.44496137803
2001-12-30 00:00:00,28326.0,28230.954288926598,95.04571107340234,95.04571107340234,9033.687193448677
2001-12-30 01:00:00,27362.0,27254.563322939335,107.4366770606648,107.4366770606648,11542.639577837579
2001-12-30 02:00:00,27108.0,26888.841670125414,219.15832987458634,219.15832987458634,48030.373553418
2001-12-30 03:00:00,26865.0,26994.01490375377,-129.01490375377034,129.01490375377034,16644.845390594623
2001-12-30 04:00:00,26808.0,27017.528219507898,-209.52821950789803,209.52821950789803,43902.0747701499
2001-12-30 05:00:00,27352.0,27416.09851432049,-64.0985143204889,64.0985143204889,4108.619538093921
2001-12-30 06:00:00,28403.0,28372.678743330947,30.321256669052673,30.321256669052673,919.3786059905711
2001-12-30 07:00:00,29305.0,29494.373191128405,-189.37319112840487,189.37319112840487,35862.20551815536
2001-12-30 08:00:00,30329.0,30391.33978678253,-62.3397867825297,62.3397867825297,3886.249016091265
2001-12-30 09:00:00,31206.0,31207.296248798688,-1.2962487986878841,1.2962487986878841,1.6802609480997828
2001-12-30 10:00:00,31460.0,31506.199320912612,-46.199320912612166,46.199320912612166,2134.377252786524
2001-12-30 11:00:00,31384.0,31291.557941909494,92.44205809050618,92.44205809050618,8545.534104008519
2001-12-30 12:00:00,31058.0,30944.952692841824,113.04730715817641,113.04730715817641,12779.693655715084
2001-12-30 13:00:00,30583.0,30600.100464011684,-17.10046401168438,17.10046401168438,292.42586941491265
2001-12-30 14:00:00,30150.0,30203.81368844277,-53.81368844276949,53.81368844276949,2895.9130638154625
2001-12-30 15:00:00,30235.0,29878.579939674808,356.420060325192,356.420060325192,127035.25940221352
2001-12-30 16:00:00,31981.0,31287.240591779442,693.7594082205578,693.7594082205578,481302.1164945386
2001-12-30 17:00:00,35848.0,34379.39309093817,1468.606909061833,1468.606909061833,2156806.253344151
2001-12-30 18:00:00,36532.0,36071.74063443614,460.25936556386296,460.25936556386296,211838.68358924965
2001-12-30 19:00:00,36353.0,36165.608145859485,187.39185414051462,187.39185414051462,35115.70699821991
2001-12-30 20:00:00,35974.0,35766.37336513437,207.62663486562815,207.62663486562815,43108.81950562487
2001-12-30 21:00:00,34979.0,34971.361191562326,7.638808437674015,7.638808437674015,58.35139434747973
2001-12-30 22:00:00,33331.0,32878.71021011655,452.289789883449,452.289789883449,204566.05403281443
2001-12-30 23:00:00,31014.0,31388.06507473246,-374.06507473246165,374.06507473246165,139924.68013460212
2001-12-31 00:00:00,29001.0,29086.93631547413,-85.93631547412951,85.93631547412951,7385.0503172691115
2001-12-31 01:00:00,28138.0,27864.13898421857,273.86101578142916,273.86101578142916,74999.85596483618
2001-12-31 02:00:00,27830.0,27624.26676796404,205.7332320359601,205.7332320359601,42326.1627639622
2001-12-31 03:00:00,27874.0,27814.250317494203,59.749682505796955,59.749682505796955,3570.0245595435385
2001-12-31 04:00:00,28427.0,28500.507248896178,-73.50724889617777,73.50724889617777,5403.315640284628
2001-12-31 05:00:00,29688.0,30095.24415643406,-407.2441564340588,407.2441564340588,165847.80294968816
2001-12-31 06:00:00,31942.0,32019.131079032086,-77.13107903208584,77.13107903208584,5949.203352653872
2001-12-31 07:00:00,33380.0,35126.75944642078,-1746.7594464207796,1746.7594464207796,3051168.563660228
2001-12-31 08:00:00,34339.0,34448.60992369566,-109.60992369565793,109.60992369565793,12014.335372567954
2001-12-31 09:00:00,34757.0,34699.759490410375,57.24050958962471,57.24050958962471,3276.4759380799183
2001-12-31 10:00:00,34970.0,34521.6189237027,448.38107629730075,448.38107629730075,201045.58958152583
2001-12-31 11:00:00,34428.0,34753.44017569026,-325.4401756902589,325.4401756902589,105911.30795330659
2001-12-31 12:00:00,33642.0,33899.39249306496,-257.3924930649591,257.3924930649591,66250.89548619503
2001-12-31 13:00:00,32719.0,33272.12844676121,-553.1284467612131,553.1284467612131,305951.0786164722
2001-12-31 14:00:00,31941.0,32486.517108275413,-545.5171082754132,545.5171082754132,297588.9154211689
2001-12-31 15:00:00,31759.0,31735.089449967974,23.91055003202564,23.91055003202564,571.7144028340014
2001-12-31 16:00:00,33587.0,32359.901375704096,1227.0986242959043,1227.0986242959043,1505771.033748901
2001-12-31 17:00:00,37568.0,35617.79943826398,1950.2005617360192,1950.2005617360192,3803282.2309954846
2001-12-31 18:00:00,37570.0,37934.34750040722,-364.347500407217,364.347500407217,132749.101052987
2001-12-31 19:00:00,36392.0,36970.873944697116,-578.8739446971158,578.8739446971158,335095.0438491995
2001-12-31 20:00:00,35082.0,35599.948042495016,-517.9480424950161,517.9480424950161,268270.174724419
2001-12-31 21:00:00,33890.0,34122.35623362567,-232.35623362567276,232.35623362567276,53989.41930470822
2001-12-31 22:00:00,32590.0,31757.275902399797,832.7240976002031,832.7240976002031,693429.4227240726
2001-12-31 23:00:00,31569.0,30465.418164947896,1103.581835052104,1103.581835052104,1217892.8666569693
