timestamp,actual,prediction,error,absolute_error,squared_error
2001-06-10 09:00:00,25718.0,25576.31140097835,141.6885990216506,141.6885990216506,20075.659092718084
2001-06-10 10:00:00,27213.0,26973.638160143677,239.36183985632306,239.36183985632306,57294.09037940404
2001-06-10 11:00:00,28267.0,28200.124535857725,66.87546414227472,66.87546414227472,4472.3277042446725
2001-06-10 12:00:00,28845.0,28874.20202231442,-29.2020223144209,29.2020223144209,852.7581072519363
2001-06-10 13:00:00,29061.0,29124.46011041231,-63.460110412310314,63.460110412310314,4027.185613542616
2001-06-10 14:00:00,29329.0,29267.913275052008,61.08672494799248,61.08672494799248,3731.587964871687
2001-06-10 15:00:00,29576.0,29533.33376112698,42.6662388730183,42.6662388730183,1820.407939569458
2001-06-10 16:00:00,29926.0,29693.16662747985,232.83337252014826,232.83337252014826,54211.37935910613
2001-06-10 17:00:00,30384.0,30048.081878849145,335.91812115085486,335.91812115085486,112840.9841175204
2001-06-10 18:00:00,30328.0,30304.975948671625,23.024051328375208,23.024051328375208,530.1069395716562
2001-06-10 19:00:00,29944.0,30137.29945655352,-193.29945655351912,193.29945655351912,37364.67990388583
2001-06-10 20:00:00,30358.0,29690.533641428214,667.4663585717863,667.4663585717863,445511.33982508036
2001-06-10 21:00:00,30961.0,29842.566253075118,1118.4337469248821,1118.4337469248821,1250894.0462604314
2001-06-10 22:00:00,29177.0,29085.77474065934,91.22525934065925,91.22525934065925,8322.047941770537
2001-06-10 23:00:00,26590.0,26800.174383255366,-210.17438325536568,210.17438325536568,44173.27137677334
2001-06-11 00:00:00,24371.0,24066.207877742276,304.79212225772426,304.79212225772426,92898.23779036754
2001-06-11 01:00:00,23054.0,23012.030417320693,41.96958267930677,41.96958267930677,1761.4458702751667
2001-06-11 02:00:00,22322.0,22349.462116481107,-27.462116481106932,27.462116481106932,754.167841621885
2001-06-11 03:00:00,22122.0,21932.52477188876,189.47522811124145,189.47522811124145,35900.862067806986
2001-06-11 04:00:00,22387.0,22373.414775195968,13.585224804031895,13.585224804031895,184.55833297608345
2001-06-11 05:00:00,23702.0,24009.470052380966,-307.4700523809661,307.4700523809661,94537.83311115403
2001-06-11 06:00:00,26620.0,26101.488457930944,518.5115420690563,518.5115420690563,268854.21925883077
2001-06-11 07:00:00,30130.0,29368.472654659938,761.5273453400623,761.5273453400623,579923.8977006825
2001-06-11 08:00:00,32315.0,32184.354437332287,130.6455626677125,130.6455626677125,17068.263044763196
2001-06-11 09:00:00,34143.0,33547.56921284855,595.4307871514466,595.4307871514466,354537.8222877913
2001-06-11 10:00:00,35710.0,35180.63426200511,529.3657379948927,529.3657379948927,280228.08456287737
2001-06-11 11:00:00,36771.0,36618.15621930602,152.84378069397644,152.84378069397644,23361.221296828364
2001-06-11 12:00:00,37442.0,37731.452230203344,-289.4522302033438,289.4522302033438,83782.59356968953
2001-06-11 13:00:00,38125.0,38162.80883930052,-37.80883930051641,37.80883930051641,1429.5083292522743
2001-06-11 14:00:00,38713.0,38720.2561010771,-7.2561010771023575,7.2561010771023575,52.651002841125994
2001-06-11 15:00:00,39141.0,39134.69940098388,6.300599016118213,6.300599016118213,39.69754796190979
2001-06-11 16:00:00,39406.0,39346.27461437177,59.7253856282332,59.7253856282332,3567.1216884411647
2001-06-11 17:00:00,39133.0,38903.150627532246,229.8493724677537,229.8493724677537,52830.73402382018
2001-06-11 18:00:00,38113.0,38024.329602950675,88.6703970493254,88.6703970493254,7862.439312885015
2001-06-11 19:00:00,37280.0,37180.65146921649,99.34853078350716,99.34853078350716,9870.130568841469
2001-06-11 20:00:00,37357.0,36447.80600651776,909.1939934822367,909.1939934822367,826633.7177841775
2001-06-11 21:00:00,37476.0,36132.20911626908,1343.7908837309224,1343.7908837309224,1805773.9391983333
2001-06-11 22:00:00,34581.0,34545.10148095237,35.89851904763054,35.89851904763054,1288.703669813093
2001-06-11 23:00:00,30864.0,31723.87401241136,-859.874012411361,859.874012411361,739383.3172204135
2001-06-12 00:00:00,28083.0,28043.824632059055,39.17536794094485,39.17536794094485,1534.7094533084098
2001-06-12 01:00:00,26556.0,26276.517874513433,279.4821254865674,279.4821254865674,78110.2584664894
2001-06-12 02:00:00,25464.0,25529.658648681598,-65.6586486815977,65.6586486815977,4311.058146693471
2001-06-12 03:00:00,24844.0,24816.150147070806,27.84985292919373,27.84985292919373,775.6143081777205
2001-06-12 04:00:00,24824.0,24663.35517035281,160.6448296471899,160.6448296471899,25806.761292374667
2001-06-12 05:00:00,26008.0,25818.146356661928,189.8536433380723,189.8536433380723,36044.40588873996
2001-06-12 06:00:00,28990.0,28093.824912615142,896.1750873848578,896.1750873848578,803129.7872492574
2001-06-12 07:00:00,32354.0,32094.86297056686,259.1370294331391,259.1370294331391,67152.0000234316
2001-06-12 08:00:00,34684.0,34577.03788738408,106.96211261591816,106.96211261591816,11440.893535260358
2001-06-12 09:00:00,36603.0,36203.515392031026,399.48460796897416,399.48460796897416,159587.95200412496
2001-06-12 10:00:00,38263.0,38237.837383965154,25.162616034845996,25.162616034845996,633.1572457170888
2001-06-12 11:00:00,39492.0,39425.455418274505,66.54458172549494,66.54458172549494,4428.181357021074
2001-06-12 12:00:00,40402.0,40381.008150686306,20.99184931369382,20.99184931369382,440.6577376088277
2001-06-12 13:00:00,41298.0,41256.12916823459,41.87083176540909,41.87083176540909,1753.1665527271912
2001-06-12 14:00:00,42266.0,42052.808014937,213.19198506300017,213.19198506300017,45450.82249510249
2001-06-12 15:00:00,42985.0,42753.27855339208,231.72144660791673,231.72144660791673,53694.8288180656
2001-06-12 16:00:00,43512.0,43309.90586345134,202.09413654865784,202.09413654865784,40842.04002734756
2001-06-12 17:00:00,43320.0,43108.821056854256,211.1789431457437,211.1789431457437,44596.54602815324
2001-06-12 18:00:00,42225.0,42267.60382318311,-42.60382318311167,42.60382318311167,1815.0857498178436
2001-06-12 19:00:00,40823.0,40828.33045758534,-5.3304575853399,5.3304575853399,28.41377806910768
2001-06-12 20:00:00,40675.0,40206.10802777904,468.8919722209612,468.8919722209612,219859.68161326263
2001-06-12 21:00:00,40031.0,39891.601996353085,139.39800364691473,139.39800364691473,19431.80342074525
2001-06-12 22:00:00,36772.0,37264.21862380952,-492.21862380951643,492.21862380951643,242279.17362493425
2001-06-12 23:00:00,33119.0,33587.9219144258,-468.92191442580224,468.92191442580224,219887.7618287594
2001-06-13 00:00:00,30150.0,30269.7307250329,-119.7307250328995,119.7307250328995,14335.446516903787
2001-06-13 01:00:00,28621.0,28292.53569893517,328.46430106482876,328.46430106482876,107888.79707400646
2001-06-13 02:00:00,27401.0,27389.5414262092,11.458573790798255,11.458573790798255,131.2989133191687
2001-06-13 03:00:00,26570.0,26611.03419643932,-41.0341964393192,41.0341964393192,1683.8052774206367
2001-06-13 04:00:00,26502.0,26520.274184247817,-18.274184247817175,18.274184247817175,333.94580992316935
2001-06-13 05:00:00,27668.0,27598.582180696027,69.41781930397337,69.41781930397337,4818.833636919098
2001-06-13 06:00:00,30643.0,30112.19458455096,530.8054154490383,530.8054154490383,281754.3890700261
2001-06-13 07:00:00,34392.0,33324.87996653987,1067.1200334601308,1067.1200334601308,1138745.1658119506
2001-06-13 08:00:00,36996.0,36310.41305881021,685.5869411897875,685.5869411897875,470029.4539299691
2001-06-13 09:00:00,39126.0,38816.79478231909,309.2052176809084,309.2052176809084,95607.86664109795
2001-06-13 10:00:00,41222.0,41026.2008523809,195.79914761910186,195.79914761910186,38337.30620836684
2001-06-13 11:00:00,42839.0,42649.67350952378,189.32649047621817,189.32649047621817,35844.51999604153
2001-06-13 12:00:00,43855.0,44000.5889481009,-145.58894810089987,145.58894810089987,21196.141809126515
2001-06-13 13:00:00,44834.0,45172.99273809529,-338.99273809528677,338.99273809528677,114916.07648133968
2001-06-13 14:00:00,45827.0,45488.223110606086,338.77688939391373,338.77688939391373,114769.78078741606
2001-06-13 15:00:00,46438.0,46219.46900997367,218.53099002633098,218.53099002633098,47755.79360188837
2001-06-13 16:00:00,46937.0,46790.74639047619,146.25360952381016,146.25360952381016,21390.11829874313
2001-06-13 17:00:00,46663.0,46821.568359740275,-158.5683597402749,158.5683597402749,25143.924710721232
2001-06-13 18:00:00,45416.0,45453.13861904761,-37.13861904761143,37.13861904761143,1379.2770247636063
2001-06-13 19:00:00,43834.0,44185.223104467696,-351.2231044676955,351.2231044676955,123357.66911192576
2001-06-13 20:00:00,43064.0,43423.709347619006,-359.7093476190057,359.7093476190057,129390.81476449069
2001-06-13 21:00:00,42599.0,42414.1569047619,184.84309523810225,184.84309523810225,34166.96985720214
2001-06-13 22:00:00,39090.0,39335.158900000024,-245.158900000024,245.158900000024,60102.88624922177
2001-06-13 23:00:00,35104.0,35683.76997619047,-579.7699761904732,579.7699761904732,336133.2252919019
2001-06-14 00:00:00,31839.0,31984.4379195033,-145.43791950329978,145.43791950329978,21152.188429448306
2001-06-14 01:00:00,29922.0,29756.567713922534,165.43228607746642,165.43228607746642,27367.84127681669
2001-06-14 02:00:00,28578.0,28595.33715060089,-17.33715060089162,17.33715060089162,300.5767909579966
2001-06-14 03:00:00,27807.0,27872.0574480184,-65.05744801840046,65.05744801840046,4232.471542666878
2001-06-14 04:00:00,27827.0,27611.645245693573,215.3547543064269,215.3547543064269,46377.6702023815
2001-06-14 05:00:00,29136.0,28843.870543304896,292.1294566951037,292.1294566951037,85339.61946897648
2001-06-14 06:00:00,31828.0,31229.09076350021,598.9092364997887,598.9092364997887,358692.2735647598
2001-06-14 07:00:00,35061.0,34845.527739379766,215.472260620234,215.472260620234,46428.29509679405
2001-06-14 08:00:00,36950.0,37925.94525454543,-975.9452545454333,975.9452545454333,952469.1398697506
2001-06-14 09:00:00,38278.0,39302.761707792255,-1024.761707792255,1024.761707792255,1050136.5577572992
2001-06-14 10:00:00,39628.0,39790.706928571446,-162.70692857144604,162.70692857144604,26473.544605153646
2001-06-14 11:00:00,40682.0,40799.305381168866,-117.305381168866,117.305381168866,13760.552451172944
2001-06-14 12:00:00,41719.0,41496.157556349186,222.84244365081395,222.84244365081395,49658.75469226619
2001-06-14 13:00:00,42964.0,42628.851126190464,335.14887380953587,335.14887380953587,112324.7676158002
2001-06-14 14:00:00,44132.0,43656.865097311165,475.1349026888347,475.1349026888347,225753.17575312842
2001-06-14 15:00:00,45200.0,44373.568836444225,826.4311635557751,826.4311635557751,682988.4680961523
2001-06-14 16:00:00,45682.0,45020.301623809544,661.6983761904557,661.6983761904557,437844.7410530859
2001-06-14 17:00:00,45515.0,45175.47662619047,339.5233738095267,339.5233738095267,115276.12136300358
2001-06-14 18:00:00,44342.0,44626.089928265836,-284.0899282658356,284.0899282658356,80707.08734208763
2001-06-14 19:00:00,42730.0,43084.92613653834,-354.9261365383427,354.9261365383427,125972.56239803428
2001-06-14 20:00:00,41733.0,42231.38640197812,-498.38640197811765,498.38640197811765,248389.00567669387
2001-06-14 21:00:00,41405.0,40962.423637878805,442.5763621211954,442.5763621211954,195873.8363084315
2001-06-14 22:00:00,38316.0,38602.92262380951,-286.92262380950706,286.92262380950706,82324.5920537319
2001-06-14 23:00:00,34426.0,35196.88456666669,-770.8845666666894,770.8845666666894,594263.0151248894
2001-06-15 00:00:00,31259.0,31731.534727994243,-472.53472799424344,472.53472799424344,223289.06916059364
2001-06-15 01:00:00,29637.0,29467.21663371461,169.78336628538818,169.78336628538818,28826.39146719829
2001-06-15 02:00:00,28533.0,28518.80330460242,14.196695397578878,14.196695397578878,201.5461602116373
2001-06-15 03:00:00,27606.0,27782.01216969005,-176.01216969004963,176.01216969004963,30980.283878998827
2001-06-15 04:00:00,27783.0,27450.596774687074,332.4032253129262,332.4032253129262,110491.904198436
2001-06-15 05:00:00,29013.0,28759.77555734573,253.22444265427112,253.22444265427112,64122.61835756624
2001-06-15 06:00:00,31766.0,31330.076105769072,435.92389423092754,435.92389423092754,190029.6415614569
2001-06-15 07:00:00,35000.0,34714.73296765645,285.2670323435523,285.2670323435523,81377.2797420973
2001-06-15 08:00:00,37030.0,37548.96876147186,-518.9687614718569,518.9687614718569,269328.575383633
2001-06-15 09:00:00,38440.0,39173.06238636368,-733.0623863636793,733.0623863636793,537380.4623012121
2001-06-15 10:00:00,39817.0,40051.56922063493,-234.56922063492675,234.56922063492675,55022.719269276946
2001-06-15 11:00:00,41047.0,40987.62599142522,59.37400857477769,59.37400857477769,3525.272894237775
2001-06-15 12:00:00,42101.0,42033.32492754027,67.67507245972956,67.67507245972956,4579.915432429647
2001-06-15 13:00:00,43171.0,42861.68317193884,309.31682806115714,309.31682806115714,95676.90012181544
2001-06-15 14:00:00,43724.0,43844.30681984157,-120.30681984157127,120.30681984157127,14473.730900392286
2001-06-15 15:00:00,43949.0,44246.23988542047,-297.239885420473,297.239885420473,88351.54948477593
2001-06-15 16:00:00,43939.0,44073.86324310955,-134.8632431095466,134.8632431095466,18188.09434202467
2001-06-15 17:00:00,43263.0,43499.820161403775,-236.82016140377527,236.82016140377527,56083.78884731017
2001-06-15 18:00:00,41847.0,41822.033569021696,24.966430978303833,24.966430978303833,623.3226757944093
2001-06-15 19:00:00,40253.0,40926.43293227497,-673.4329322749691,673.4329322749691,453511.91427246307
2001-06-15 20:00:00,39324.0,39480.50771825019,-156.50771825019183,156.50771825019183,24494.66587188143
2001-06-15 21:00:00,39304.0,38508.11155775426,795.8884422457413,795.8884422457413,633438.4125003527
2001-06-15 22:00:00,36886.0,36819.27501904766,66.72498095234187,66.72498095234187,4452.2230830903845
2001-06-15 23:00:00,33817.0,33915.076953968266,-98.07695396826603,98.07695396826603,9619.088899693374
2001-06-16 00:00:00,31044.0,31093.75869631995,-49.758696319950104,49.758696319950104,2475.927859461016
2001-06-16 01:00:00,29117.0,29301.21879927749,-184.21879927748887,184.21879927748887,33936.56600723974
2001-06-16 02:00:00,27835.0,28194.70574819217,-359.70574819216927,359.70574819216927,129388.22528248829
2001-06-16 03:00:00,26956.0,27129.739241618572,-173.73924161857212,173.73924161857212,30185.324078196583
2001-06-16 04:00:00,26606.0,26801.441214256192,-195.44121425619232,195.44121425619232,38197.268229934874
2001-06-16 05:00:00,26824.0,27321.958127724378,-497.95812772437785,497.95812772437785,247962.2969667678
2001-06-16 06:00:00,27332.0,28282.871446336987,-950.871446336987,950.871446336987,904156.5074589936
2001-06-16 07:00:00,29283.0,29301.471901464898,-18.47190146489811,18.47190146489811,341.211143728905
2001-06-16 08:00:00,31917.0,32153.399311047615,-236.3993110476149,236.3993110476149,55884.63426378698
2001-06-16 09:00:00,34427.0,34429.4137410473,-2.4137410472976626,2.4137410472976626,5.826145843409617
2001-06-16 10:00:00,35912.0,36267.877431357374,-355.877431357374,355.877431357374,126648.74614952244
2001-06-16 11:00:00,36626.0,37055.24306438363,-429.2430643836269,429.2430643836269,184249.6083214465
2001-06-16 12:00:00,37043.0,37338.12317667561,-295.12317667561,295.12317667561,87097.68941110332
2001-06-16 13:00:00,36905.0,37398.80346611401,-493.8034661140118,493.8034661140118,243841.86314621204
2001-06-16 14:00:00,36595.0,37057.41586009404,-462.4158600940427,462.4158600940427,213828.4276665133
2001-06-16 15:00:00,36212.0,36477.61361362969,-265.6136136296918,265.6136136296918,70550.59174542321
2001-06-16 16:00:00,35784.0,35849.64468740711,-65.64468740711163,65.64468740711163,4309.224984777401
2001-06-16 17:00:00,35324.0,35367.10765663318,-43.10765663318307,43.10765663318307,1858.2700604044123
2001-06-16 18:00:00,34767.0,34869.896393852396,-102.8963938523957,102.8963938523957,10587.667867827337
2001-06-16 19:00:00,34245.0,34520.81599749472,-275.81599749471934,275.81599749471934,76074.46447400702
2001-06-16 20:00:00,34511.0,33828.75106436132,682.2489356386795,682.2489356386795,465463.6101801111
2001-06-16 21:00:00,34522.0,34300.12420247535,221.87579752464808,221.87579752464808,49228.86952719863
2001-06-16 22:00:00,32780.0,32868.70591074561,-88.70591074560798,88.70591074560798,7868.7386012077695
2001-06-16 23:00:00,30256.0,30749.084543659425,-493.0845436594245,493.0845436594245,243132.36719582294
2001-06-17 00:00:00,28092.0,28027.83089154089,64.16910845911116,64.16910845911116,4117.674480437171
2001-06-17 01:00:00,26514.0,26218.006319950942,295.99368004905773,295.99368004905773,87612.25862898395
2001-06-17 02:00:00,25415.0,25602.544822250467,-187.5448222504674,187.5448222504674,35173.060352959415
2001-06-17 03:00:00,24346.0,24872.063509146403,-526.0635091464028,526.0635091464028,276742.8156554274
2001-06-17 04:00:00,23864.0,24120.68807682304,-256.6880768230403,256.6880768230403,65888.76878311105
2001-06-17 05:00:00,23423.0,24108.213584010395,-685.2135840103947,685.2135840103947,469517.65571237024
2001-06-17 06:00:00,23239.0,23802.26959275489,-563.2695927548884,563.2695927548884,317272.6341222579
2001-06-17 07:00:00,24390.0,24116.651708686193,273.34829131380684,273.34829131380684,74719.2883641778
2001-06-17 08:00:00,26584.0,26818.028845365672,-234.02884536567217,234.02884536567217,54769.500463189695
2001-06-17 09:00:00,28490.0,28790.484838260043,-300.48483826004303,300.48483826004303,90291.13802416422
2001-06-17 10:00:00,30079.0,30077.207079550553,1.792920449446683,1.792920449446683,3.214563738044096
2001-06-17 11:00:00,30945.0,31698.843929993396,-753.8439299933962,753.8439299933962,568280.6707878883
2001-06-17 12:00:00,31352.0,31609.840991835143,-257.84099183514263,257.84099183514263,66481.97707053009
2001-06-17 13:00:00,31749.0,31496.93683514669,252.063164853309,252.063164853309,63535.839075866425
2001-06-17 14:00:00,32101.0,31835.752936592038,265.24706340796183,265.24706340796183,70356.00464654733
2001-06-17 15:00:00,32745.0,32133.112046801547,611.887953198453,611.887953198453,374406.86726939224
2001-06-17 16:00:00,33744.0,33067.60842061952,676.3915793804772,676.3915793804772,457505.5686568164
2001-06-17 17:00:00,34389.0,34258.909529054115,130.0904709458846,130.0904709458846,16923.530630922043
2001-06-17 18:00:00,34366.0,34601.519369419046,-235.5193694190457,235.5193694190457,55469.37337154491
2001-06-17 19:00:00,33649.0,34040.58275742483,-391.5827574248324,391.5827574248324,153337.0559124351
2001-06-17 20:00:00,33407.0,33334.44180045755,72.5581995424509,72.5581995424509,5264.692320842121
2001-06-17 21:00:00,34349.0,32771.272038896044,1577.7279611039557,1577.7279611039557,2489225.5192492455
2001-06-17 22:00:00,32732.0,32531.035018671173,200.96498132882698,200.96498132882698,40386.923720495775
2001-06-17 23:00:00,29670.0,30868.676337602894,-1198.676337602894,1198.676337602894,1436824.9623290868
2001-06-18 00:00:00,27053.0,27361.088439892075,-308.08843989207526,308.08843989207526,94918.48679513286
2001-06-18 01:00:00,25251.0,25492.26358341934,-241.26358341933883,241.26358341933883,58208.11668434027
2001-06-18 02:00:00,24264.0,24388.114551960098,-124.11455196009774,124.11455196009774,15404.422008255802
2001-06-18 03:00:00,23710.0,23722.887269285464,-12.887269285463844,12.887269285463844,166.0817096360598
2001-06-18 04:00:00,23851.0,23754.896013759262,96.10398624073787,96.10398624073787,9235.976171359933
2001-06-18 05:00:00,24854.0,24726.5992275157,127.40077248429952,127.40077248429952,16230.95682959625
2001-06-18 06:00:00,27407.0,26331.768110431098,1075.2318895689023,1075.2318895689023,1156123.616345912
2001-06-18 07:00:00,31134.0,30151.353618564874,982.6463814351264,982.6463814351264,965593.9109475479
2001-06-18 08:00:00,33878.0,33227.762506014624,650.2374939853762,650.2374939853762,422808.79858438217
2001-06-18 09:00:00,35729.0,35573.81854110913,155.18145889086736,155.18145889086736,24081.285183497956
2001-06-18 10:00:00,37337.0,36929.888765869364,407.11123413063615,407.11123413063615,165739.55695536966
2001-06-18 11:00:00,38466.0,38602.251270306995,-136.25127030699514,136.25127030699514,18564.408660269855
2001-06-18 12:00:00,39313.0,39296.77555020309,16.22444979690772,16.22444979690772,263.23277121237896
2001-06-18 13:00:00,40185.0,40168.928453667824,16.071546332175785,16.071546332175785,258.29460150727294
2001-06-18 14:00:00,40992.0,40813.176049715315,178.82395028468454,178.82395028468454,31978.00519541933
2001-06-18 15:00:00,41689.0,41357.93403986567,331.06596013432863,331.06596013432863,109604.66995966488
2001-06-18 16:00:00,42316.0,42098.04425396827,217.9557460317301,217.9557460317301,47504.70722824802
2001-06-18 17:00:00,42329.0,41957.32055027472,371.67944972527766,371.67944972527766,138145.6133480852
2001-06-18 18:00:00,41547.0,41268.94322047061,278.05677952939004,278.05677952939004,77315.57264225582
2001-06-18 19:00:00,39821.0,40184.31034979006,-363.31034979005926,363.31034979005926,131994.4102645752
2001-06-18 20:00:00,38664.0,39167.5320756312,-503.5320756311994,503.5320756311994,253544.5511894639
2001-06-18 21:00:00,38480.0,37895.604598767815,584.3954012321847,584.3954012321847,341517.9849813261
2001-06-18 22:00:00,35372.0,35598.42082857143,-226.42082857142668,226.42082857142668,51266.39161097139
2001-06-18 23:00:00,31801.0,32101.47501137418,-300.4750113741793,300.4750113741793,90285.23246031319
2001-06-19 00:00:00,28725.0,29120.517907800513,-395.51790780051306,395.51790780051306,156434.41539089516
2001-06-19 01:00:00,26638.0,27149.65359916455,-511.65359916455054,511.65359916455054,261789.40553803855
2001-06-19 02:00:00,25485.0,25718.959013602474,-233.95901360247444,233.95901360247444,54736.82004584282
2001-06-19 03:00:00,24719.0,24807.218929924118,-88.21892992411813,88.21892992411813,7782.579596956465
2001-06-19 04:00:00,24778.0,24515.707833558496,262.2921664415044,262.2921664415044,68797.18057657784
2001-06-19 05:00:00,26049.0,25712.944891271774,336.0551087282256,336.0551087282256,112933.03610233954
2001-06-19 06:00:00,28608.0,28222.259615735482,385.74038426451807,385.74038426451807,148795.64405253806
2001-06-19 07:00:00,32392.0,31628.77862560508,763.2213743949214,763.2213743949214,582506.8663332729
2001-06-19 08:00:00,35480.0,34893.09878061588,586.901219384119,586.901219384119,344453.0413145658
2001-06-19 09:00:00,37770.0,37462.13879985518,307.86120014482003,307.86120014482003,94778.51855460893
2001-06-19 10:00:00,39850.0,39605.07590298978,244.92409701021825,244.92409701021825,59987.8132962708
2001-06-19 11:00:00,41529.0,41216.78816124399,312.2118387560113,312.2118387560113,97476.23225940959
2001-06-19 12:00:00,42658.0,42394.72312337666,263.2768766233421,263.2768766233421,69314.7137645425
2001-06-19 13:00:00,43917.0,43576.31719959307,340.6828004069321,340.6828004069321,116064.77049310952
2001-06-19 14:00:00,44791.0,44367.616011914855,423.38398808514467,423.38398808514467,179254.00136688192
2001-06-19 15:00:00,45511.0,45246.29435254045,264.705647459552,264.705647459552,70069.07979698062
2001-06-19 16:00:00,46165.0,45739.041104112526,425.9588958874738,425.9588958874738,181440.98098567573
2001-06-19 17:00:00,46128.0,45542.711556044014,585.2884439559857,585.2884439559857,342562.562628419
2001-06-19 18:00:00,44782.0,44728.505831829614,53.49416817038582,53.49416817038582,2861.626028241519
2001-06-19 19:00:00,42894.0,43821.70312135081,-927.7031213508089,927.7031213508089,860633.0813640337
2001-06-19 20:00:00,41775.0,42104.759988816724,-329.7599888167242,329.7599888167242,108741.65022440608
2001-06-19 21:00:00,41396.0,41134.431600264,261.5683997360029,261.5683997360029,68418.0277404534
2001-06-19 22:00:00,37564.0,38307.73136666665,-743.7313666666523,743.7313666666523,553136.3457638464
2001-06-19 23:00:00,33660.0,34105.292884267044,-445.2928842670444,445.2928842670444,198285.75277886342
2001-06-20 00:00:00,30336.0,30709.008347655265,-373.0083476552645,373.0083476552645,139135.22742051067
2001-06-20 01:00:00,28454.0,28542.701995926673,-88.70199592667268,88.70199592667268,7868.044081375457
2001-06-20 02:00:00,27110.0,27235.31297768616,-125.3129776861606,125.3129776861606,15703.342376572184
2001-06-20 03:00:00,26411.0,26322.406255931528,88.593744068472,88.593744068472,7848.851488069919
2001-06-20 04:00:00,26298.0,26257.460293241515,40.53970675848541,40.53970675848541,1643.4678240639876
2001-06-20 05:00:00,27481.0,27391.940711059455,89.05928894054523,89.05928894054523,7931.556946595522
2001-06-20 06:00:00,29978.0,29655.24631072525,322.75368927474847,322.75368927474847,104169.94394046089
2001-06-20 07:00:00,33698.0,32518.161355903896,1179.838644096104,1179.838644096104,1392019.226102533
2001-06-20 08:00:00,36732.0,35777.22456791617,954.7754320838285,954.7754320838285,911596.1257108614
2001-06-20 09:00:00,39293.0,39124.050133333345,168.949866666655,168.949866666655,28544.0574466805
2001-06-20 10:00:00,41554.0,41505.01567619045,48.984323809549096,48.984323809549096,2399.4639790787583
2001-06-20 11:00:00,43506.0,42781.05338095233,724.9466190476669,724.9466190476669,525547.6004686431
2001-06-20 12:00:00,45219.0,44462.35498686214,756.6450131378588,756.6450131378588,572511.6759063904
2001-06-20 13:00:00,47012.0,45780.59504047623,1231.4049595237666,1231.4049595237666,1516358.1743397291
2001-06-20 14:00:00,47399.0,47373.141277731054,25.858722268945712,25.858722268945712,668.6735173824688
2001-06-20 15:00:00,48042.0,48062.85457150497,-20.8545715049695,20.8545715049695,434.9131526558858
2001-06-20 16:00:00,48410.0,48100.55208254244,309.44791745756083,309.44791745756083,95758.01361882138
2001-06-20 17:00:00,47728.0,48121.14915147909,-393.1491514790905,393.1491514790905,154566.25530872884
2001-06-20 18:00:00,46289.0,46829.923104761896,-540.923104761896,540.923104761896,292597.80526524904
2001-06-20 19:00:00,43677.0,44883.738280952406,-1206.738280952406,1206.738280952406,1456217.2787159681
2001-06-20 20:00:00,42039.0,43470.42751428573,-1431.4275142857296,1431.4275142857296,2048984.7286542226
2001-06-20 21:00:00,40800.0,41687.20734502161,-887.2073450216121,887.2073450216121,787136.8730602979
2001-06-20 22:00:00,37511.0,37791.859785714274,-280.85978571427404,280.85978571427404,78882.21923146793
2001-06-20 23:00:00,33842.0,34188.360577124186,-346.3605771241855,346.3605771241855,119965.64938579885
2001-06-21 00:00:00,30894.0,31123.889136292986,-229.88913629298622,229.88913629298622,52849.01498553519
2001-06-21 01:00:00,28748.0,28985.332681814638,-237.3326818146379,237.3326818146379,56326.80185732816
2001-06-21 02:00:00,27538.0,27646.234676867552,-108.23467686755248,108.23467686755248,11714.7452766235
2001-06-21 03:00:00,26756.0,26955.614704284224,-199.614704284224,199.614704284224,39846.030166478195
2001-06-21 04:00:00,26737.0,26634.316325445725,102.68367455427506,102.68367455427506,10543.937019968274
2001-06-21 05:00:00,27821.0,28037.70992991279,-216.70992991279127,216.70992991279127,46963.1937228069
2001-06-21 06:00:00,30475.0,30017.891726115908,457.10827388409234,457.10827388409234,208947.97405329437
2001-06-21 07:00:00,33895.0,33144.27268764955,750.7273123504492,750.7273123504492,563591.4975089289
2001-06-21 08:00:00,35973.0,35878.67529673385,94.32470326615294,94.32470326615294,8897.149646247803
2001-06-21 09:00:00,37892.0,37799.79128293981,92.20871706018806,92.20871706018806,8502.447501885817
2001-06-21 10:00:00,39632.0,39733.4177227106,-101.41772271059745,101.41772271059745,10285.554479803634
2001-06-21 11:00:00,40819.0,41004.18001212121,-185.18001212120726,185.18001212120726,34291.636889210466
2001-06-21 12:00:00,40969.0,41641.742388795676,-672.7423887956757,672.7423887956757,452582.321682512
2001-06-21 13:00:00,42254.0,41927.42019009439,326.5798099056119,326.5798099056119,106654.3722379856
2001-06-21 14:00:00,42712.0,42845.616042936315,-133.61604293631535,133.61604293631535,17853.246929959267
2001-06-21 15:00:00,42718.0,42836.26527801452,-118.26527801452175,118.26527801452175,13986.675983852123
2001-06-21 16:00:00,42287.0,42504.307235381304,-217.30723538130405,217.30723538130405,47222.43454906548
2001-06-21 17:00:00,41466.0,41603.42588319328,-137.42588319328206,137.42588319328206,18885.873371453607
2001-06-21 18:00:00,40039.0,39933.636681179334,105.36331882066588,105.36331882066588,11101.428952905286
2001-06-21 19:00:00,38597.0,38679.10852265332,-82.10852265331778,82.10852265331778,6741.809492310399
2001-06-21 20:00:00,38216.0,37636.826466471575,579.1735335284247,579.1735335284247,335441.98193980136
2001-06-21 21:00:00,37961.0,37225.69715974625,735.302840253753,735.302840253753,540670.2668852361
2001-06-21 22:00:00,35202.0,35193.45830000001,8.541699999987031,8.541699999987031,72.96063888977845
2001-06-21 23:00:00,31964.0,32157.108071545932,-193.10807154593203,193.10807154593203,37290.72729618881
2001-06-22 00:00:00,29400.0,28988.790478190233,411.20952180976747,411.20952180976747,169093.27082701764
2001-06-22 01:00:00,27715.0,27547.228878602597,167.77112139740348,167.77112139740348,28147.149174942293
2001-06-22 02:00:00,26812.0,26716.483486376637,95.5165136233627,95.5165136233627,9123.404374762033
2001-06-22 03:00:00,26152.0,26144.57748796414,7.422512035860564,7.422512035860564,55.09368492249493
2001-06-22 04:00:00,26328.0,26172.668406202494,155.33159379750578,155.33159379750578,24127.904031673334
2001-06-22 05:00:00,27534.0,27500.825479133637,33.17452086636331,33.17452086636331,1100.5488347127746
2001-06-22 06:00:00,29974.0,30144.754194668254,-170.75419466825406,170.75419466825406,29156.994996804002
2001-06-22 07:00:00,33472.0,32561.147818925856,910.852181074144,910.852181074144,829651.6957675252
2001-06-22 08:00:00,36132.0,35551.91605872206,580.0839412779387,580.0839412779387,336497.3789285471
2001-06-22 09:00:00,37957.0,38129.90706315784,-172.90706315784337,172.90706315784337,29896.852489870435
2001-06-22 10:00:00,39702.0,39561.4662091882,140.53379081180174,140.53379081180174,19749.74635993525
2001-06-22 11:00:00,41055.0,40791.27231326628,263.7276867337205,263.7276867337205,69552.2927499194
2001-06-22 12:00:00,41849.0,42046.71415195508,-197.7141519550787,197.7141519550787,39090.885883315954
2001-06-22 13:00:00,42723.0,42664.082672483666,58.9173275163339,58.9173275163339,3471.2514816669554
2001-06-22 14:00:00,43193.0,43221.1366442656,-28.136644265599898,28.136644265599898,791.6707505289156
2001-06-22 15:00:00,43186.0,43474.636018027166,-288.63601802716585,288.63601802716585,83310.75090257841
2001-06-22 16:00:00,42857.0,43306.978097177656,-449.9780971776563,449.9780971776563,202480.2879396243
2001-06-22 17:00:00,41970.0,42252.76514632883,-282.76514632882754,282.76514632882754,79956.12797836325
2001-06-22 18:00:00,40145.0,40705.84732243538,-560.8473224353802,560.8473224353802,314549.7190829353
2001-06-22 19:00:00,38532.0,39049.35772797998,-517.3577279799792,517.3577279799792,267659.0187006062
2001-06-22 20:00:00,37459.0,37679.46696489037,-220.46696489037276,220.46696489037276,48605.682607972856
2001-06-22 21:00:00,36854.0,36548.39762272159,305.60237727841013,305.60237727841013,93392.81299821573
2001-06-22 22:00:00,34534.0,34091.607834267044,442.3921657329556,442.3921657329556,195710.82830189486
2001-06-22 23:00:00,31566.0,31877.447702215428,-311.44770221542785,311.44770221542785,96999.67121526982
2001-06-23 00:00:00,28858.0,29215.261900503217,-357.2619005032175,357.2619005032175,127636.06555117086
2001-06-23 01:00:00,27219.0,27172.077514857905,46.922485142094956,46.922485142094956,2201.719611910122
2001-06-23 02:00:00,25992.0,26078.9502229938,-86.95022299380071,86.95022299380071,7560.341278671669
2001-06-23 03:00:00,25192.0,25255.542361112268,-63.54236111226783,63.54236111226783,4037.6316557218465
2001-06-23 04:00:00,25056.0,25019.3097933804,36.69020661960167,36.69020661960167,1346.171261789062
2001-06-23 05:00:00,25332.0,25581.35408931092,-249.35408931092024,249.35408931092024,62177.46185607839
2001-06-23 06:00:00,25931.0,26430.843026168433,-499.8430261684334,499.8430261684334,249843.0508092172
2001-06-23 07:00:00,27740.0,27432.53006294288,307.46993705712157,307.46993705712157,94537.7621939103
2001-06-23 08:00:00,30327.0,29980.037819019726,346.96218098027384,346.96218098027384,120382.7550305883
2001-06-23 09:00:00,32705.0,32669.191443070875,35.80855692912519,35.80855692912519,1282.2527493463995
2001-06-23 10:00:00,34325.0,34641.87462413351,-316.8746241335102,316.8746241335102,100409.52741975339
2001-06-23 11:00:00,35417.0,35766.62861071155,-349.628610711552,349.628610711552,122240.16542809
2001-06-23 12:00:00,35887.0,36268.84539984333,-381.8453998433324,381.8453998433324,145805.90938151442
2001-06-23 13:00:00,35641.0,36409.5923316035,-768.5923316034969,768.5923316034969,590734.1721996997
2001-06-23 14:00:00,34667.0,36192.09414882801,-1525.0941488280077,1525.0941488280077,2325912.1627894253
2001-06-23 15:00:00,33835.0,34584.51660183922,-749.5166018392192,749.5166018392192,561775.1364326107
2001-06-23 16:00:00,33398.0,33716.95922701307,-318.959227013067,318.959227013067,101734.9884967732
2001-06-23 17:00:00,33149.0,33135.60001399046,13.399986009542772,13.399986009542772,179.55962505594204
2001-06-23 18:00:00,32822.0,33084.36932761153,-262.36932761153,262.36932761153,68837.66407132638
2001-06-23 19:00:00,32229.0,32785.52866784098,-556.528667840983,556.528667840983,309724.1581288591
2001-06-23 20:00:00,31856.0,31930.23423452274,-74.23423452274073,74.23423452274073,5510.721575177272
2001-06-23 21:00:00,32108.0,31560.799354654286,547.2006453457143,547.2006453457143,299428.5462667662
2001-06-23 22:00:00,30458.0,30363.766255360544,94.23374463945584,94.23374463945584,8879.998628774172
2001-06-23 23:00:00,27925.0,28230.429442398832,-305.4294423988322,305.4294423988322,93287.14428406155
2001-06-24 00:00:00,25682.0,25535.46200880836,146.53799119163887,146.53799119163887,21473.38286248083
2001-06-24 01:00:00,23884.0,24014.123898720274,-130.12389872027416,130.12389872027416,16932.229018164166
2001-06-24 02:00:00,22770.0,22895.925549786327,-125.92554978632688,125.92554978632688,15857.244088988691
2001-06-24 03:00:00,21914.0,22159.59316581919,-245.5931658191912,245.5931658191912,60316.00309709275
2001-06-24 04:00:00,21576.0,21699.705067100607,-123.70506710060727,123.70506710060727,15302.943626365746
2001-06-24 05:00:00,21441.0,21733.080463085287,-292.0804630852872,292.0804630852872,85310.99691611581
2001-06-24 06:00:00,21238.0,22059.196671572863,-821.1966715728631,821.1966715728631,674363.9734023488
2001-06-24 07:00:00,22653.0,22447.78452746804,205.21547253195968,205.21547253195968,42113.3901665155
2001-06-24 08:00:00,24909.0,24773.87661349205,135.12338650794845,135.12338650794845,18258.329581376427
2001-06-24 09:00:00,26850.0,26784.370093122197,65.62990687780257,65.62990687780257,4307.284676789037
2001-06-24 10:00:00,28526.0,28366.844493230306,159.1555067696936,159.1555067696936,25330.475335117986
2001-06-24 11:00:00,29541.0,29360.908668789067,180.09133121093328,180.09133121093328,32432.88757732607
2001-06-24 12:00:00,30320.0,30113.207544645247,206.79245535475275,206.79245535475275,42763.11959164741
2001-06-24 13:00:00,30860.0,30660.662196733923,199.33780326607666,199.33780326607666,39735.55981094508
2001-06-24 14:00:00,31200.0,31209.176492914754,-9.176492914753908,9.176492914753908,84.20802221452867
2001-06-24 15:00:00,31471.0,31476.58884857392,-5.588848573919677,5.588848573919677,31.235228382204003
2001-06-24 16:00:00,31905.0,31835.00073936663,69.99926063336898,69.99926063336898,4899.896489218319
2001-06-24 17:00:00,32369.0,32067.532155823206,301.46784417679373,301.46784417679373,90882.86107260358
2001-06-24 18:00:00,32065.0,32143.346272841372,-78.34627284137241,78.34627284137241,6138.138468134768
2001-06-24 19:00:00,31447.0,31760.69030743984,-313.69030743983967,313.69030743983967,98401.60898170114
2001-06-24 20:00:00,31360.0,31221.664338836,138.33566116400107,138.33566116400107,19136.755149681314
2001-06-24 21:00:00,32162.0,31179.575275395324,982.4247246046762,982.4247246046762,965158.3395145738
2001-06-24 22:00:00,30489.0,30519.656515813735,-30.656515813734586,30.656515813734586,939.8219618377587
2001-06-24 23:00:00,27594.0,28264.7667725228,-670.7667725227984,670.7667725227984,449928.0631206516
2001-06-25 00:00:00,25348.0,25400.36077506192,-52.36077506191941,52.36077506191941,2741.6507650849217
2001-06-25 01:00:00,23814.0,23922.899403931424,-108.89940393142388,108.89940393142388,11859.080176619418
2001-06-25 02:00:00,23021.0,23050.947585350055,-29.947585350055306,29.947585350055306,896.8578682988472
2001-06-25 03:00:00,22588.0,22575.688796973347,12.311203026652947,12.311203026652947,151.5657199634687
2001-06-25 04:00:00,22859.0,22748.37087337894,110.629126621061,110.629126621061,12238.80365693875
2001-06-25 05:00:00,24158.0,24472.869914957275,-314.8699149572749,314.8699149572749,99143.06334520152
2001-06-25 06:00:00,26625.0,26807.102481615344,-182.102481615344,182.102481615344,33161.3138104667
2001-06-25 07:00:00,30197.0,29594.61455062732,602.3854493726794,602.3854493726794,362868.22961592494
2001-06-25 08:00:00,32921.0,32563.754198054674,357.2458019453261,357.2458019453261,127624.56300755916
2001-06-25 09:00:00,35058.0,34610.38960169405,447.6103983059511,447.6103983059511,200355.06867161219
2001-06-25 10:00:00,36839.0,36443.93263236449,395.06736763550725,395.06736763550725,156078.22497044905
2001-06-25 11:00:00,38110.0,38137.283509331275,-27.283509331275127,27.283509331275127,744.3898814297769
2001-06-25 12:00:00,38926.0,38996.29853423503,-70.29853423502936,70.29853423502936,4941.883915593596
2001-06-25 13:00:00,39782.0,39752.89071842929,29.109281570708845,29.109281570708845,847.3502735628095
2001-06-25 14:00:00,40551.0,40516.05002092417,34.94997907582729,34.94997907582729,1221.5010374007652
2001-06-25 15:00:00,40953.0,40904.69024029305,48.30975970694999,48.30975970694999,2333.832882943249
2001-06-25 16:00:00,41254.0,41271.71442857143,-17.7144285714312,17.7144285714312,313.800979612338
2001-06-25 17:00:00,41376.0,40866.0033407124,509.9966592876008,509.9966592876008,260096.59248451315
2001-06-25 18:00:00,40435.0,40392.00856297153,42.99143702846777,42.99143702846777,1848.2636577727098
2001-06-25 19:00:00,38953.0,39469.916889411346,-516.9168894113463,516.9168894113463,267203.07055870205
2001-06-25 20:00:00,37910.0,38302.83150360103,-392.8315036010317,392.8315036010317,154316.5902214474
2001-06-25 21:00:00,37865.0,37344.92158212204,520.0784178779577,520.0784178779577,270481.5607424396
2001-06-25 22:00:00,35100.0,34888.543966666664,211.45603333333565,211.45603333333565,44713.65403306876
2001-06-25 23:00:00,31167.0,31997.5419767958,-830.541976795801,830.541976795801,689799.9752198769
2001-06-26 00:00:00,28222.0,28312.691999386792,-90.6919993867923,90.6919993867923,8225.038752773935
2001-06-26 01:00:00,26381.0,26513.050124913345,-132.05012491334492,132.05012491334492,17437.235489629995
2001-06-26 02:00:00,25318.0,25346.56812158608,-28.568121586078632,28.568121586078632,816.1375709569719
2001-06-26 03:00:00,24569.0,24643.52183596936,-74.52183596936084,74.52183596936084,5553.504036244322
2001-06-26 04:00:00,24691.0,24425.594040759974,265.4059592400263,265.4059592400263,70440.3232001185
2001-06-26 05:00:00,25746.0,25773.682379990463,-27.682379990463232,27.682379990463232,766.3141619363992
2001-06-26 06:00:00,28289.0,27911.07498658936,377.92501341064053,377.92501341064053,142827.31576143284
2001-06-26 07:00:00,31915.0,31206.78790798865,708.2120920113484,708.2120920113484,501564.3672710907
2001-06-26 08:00:00,34900.0,34524.88690444788,375.1130955521221,375.1130955521221,140709.8344546955
2001-06-26 09:00:00,37267.0,36785.87679715133,481.1232028486702,481.1232028486702,231479.53631936264
2001-06-26 10:00:00,39653.0,38836.91901359001,816.0809864099865,816.0809864099865,665988.1763798966
2001-06-26 11:00:00,41174.0,40800.87996005634,373.1200399436566,373.1200399436566,139218.5642075559
2001-06-26 12:00:00,42324.0,42284.36957549121,39.630424508788565,39.630424508788565,1570.5705467467894
2001-06-26 13:00:00,43265.0,43142.39183056754,122.60816943246027,122.60816943246027,15032.763211578886
2001-06-26 14:00:00,43833.0,43728.68246846626,104.31753153374302,104.31753153374302,10882.14738529347
2001-06-26 15:00:00,44612.0,44139.91583920361,472.08416079638846,472.08416079638846,222863.45487483035
2001-06-26 16:00:00,45134.0,44712.56884138169,421.4311586183103,421.4311586183103,177604.2214543714
2001-06-26 17:00:00,45193.0,44681.107338095266,511.89266190473427,511.89266190473427,262034.09731191458
2001-06-26 18:00:00,44373.0,43981.0583612668,391.9416387332021,391.9416387332021,153618.24817286793
2001-06-26 19:00:00,42755.0,42755.009158241766,-0.009158241766272113,0.009158241766272113,8.387339224949095e-05
2001-06-26 20:00:00,41478.0,41857.476238564224,-379.47623856422433,379.47623856422433,144002.2156348521
2001-06-26 21:00:00,41367.0,40622.76105189568,744.238948104321,744.238948104321,553891.6118754263
2001-06-26 22:00:00,38273.0,38273.30074285714,-0.30074285714363214,0.30074285714363214,0.09044626612291513
2001-06-26 23:00:00,34168.0,34824.81892380951,-656.8189238095074,656.8189238095074,431411.09867427946
2001-06-27 00:00:00,30934.0,31125.498461111092,-191.49846111109218,191.49846111109218,36671.660607916485
2001-06-27 01:00:00,28791.0,29005.45802523768,-214.45802523767998,214.45802523767998,45992.24458884538
2001-06-27 02:00:00,27561.0,27768.660478179456,-207.66047817945582,207.66047817945582,43122.874197720244
2001-06-27 03:00:00,26728.0,26942.490710019774,-214.49071001977427,214.49071001977427,46006.2646847869
2001-06-27 04:00:00,26532.0,26564.392916915687,-32.39291691568724,32.39291691568724,1049.3010663066163
2001-06-27 05:00:00,27721.0,27647.823355555563,73.17664444443653,73.17664444443653,5354.821292147484
2001-06-27 06:00:00,30259.0,29898.07377802472,360.9262219752818,360.9262219752818,130267.73770935039
2001-06-27 07:00:00,34195.0,33150.688417622594,1044.311582377406,1044.311582377406,1090586.6810876017
2001-06-27 08:00:00,37538.0,36162.09325789448,1375.9067421055224,1375.9067421055224,1893119.3629714325
2001-06-27 09:00:00,40115.0,39509.22091709957,605.7790829004298,605.7790829004298,366968.2972796858
2001-06-27 10:00:00,42695.0,41985.433676190485,709.5663238095149,709.5663238095149,503484.3678845493
2001-06-27 11:00:00,44435.0,44260.329383333315,174.6706166666845,174.6706166666845,30509.824326719845
2001-06-27 12:00:00,45459.0,45535.57682857144,-76.57682857143664,76.57682857143664,5864.010674059195
2001-06-27 13:00:00,46686.0,46354.15235711546,331.8476428845388,331.8476428845388,110122.8580880244
2001-06-27 14:00:00,47561.0,47343.870961858076,217.12903814192396,217.12903814192396,47145.01920443707
2001-06-27 15:00:00,48339.0,47899.93484755115,439.0651524488494,439.0651524488494,192778.20809493135
2001-06-27 16:00:00,48881.0,48134.40894602893,746.5910539710676,746.5910539710676,557398.2018696296
2001-06-27 17:00:00,48758.0,48539.87902251081,218.1209774891904,218.1209774891904,47576.76082083991
2001-06-27 18:00:00,47667.0,47500.41655714285,166.58344285714702,166.58344285714702,27750.043434140367
2001-06-27 19:00:00,46005.0,46426.34712380952,-421.3471238095226,421.3471238095226,177533.39874255715
2001-06-27 20:00:00,44925.0,44801.00250476194,123.99749523805804,123.99749523805804,15375.378825312226
2001-06-27 21:00:00,44417.0,44083.17963809528,333.8203619047199,333.8203619047199,111436.03402219818
2001-06-27 22:00:00,41024.0,41144.68217619048,-120.68217619047937,120.68217619047937,14564.187650069905
2001-06-27 23:00:00,36924.0,37294.75337619048,-370.75337619047787,370.75337619047787,137458.065956638
2001-06-28 00:00:00,33575.0,33764.322671568654,-189.3226715686542,189.3226715686542,35843.0739698925
2001-06-28 01:00:00,31535.0,31404.23840378944,130.76159621055922,130.76159621055922,17098.595043533336
2001-06-28 02:00:00,30067.0,30162.752543650786,-95.75254365078581,95.75254365078581,9168.549615595643
2001-06-28 03:00:00,29150.0,29289.32423089573,-139.32423089573058,139.32423089573058,19411.241314686846
2001-06-28 04:00:00,28991.0,29012.02851054383,-21.028510543830635,21.028510543830635,442.19825569199617
2001-06-28 05:00:00,29989.0,29949.945861390137,39.054138609863,39.054138609863,1525.225742558392
2001-06-28 06:00:00,32549.0,31803.87976431845,745.1202356815484,745.1202356815484,555204.1656221262
2001-06-28 07:00:00,36261.0,35481.06351834054,779.9364816594607,779.9364816594607,608300.9154233383
2001-06-28 08:00:00,39589.0,38720.13401244219,868.8659875578087,868.8659875578087,754928.1043348062
2001-06-28 09:00:00,42162.0,41765.30926190476,396.6907380952398,396.6907380952398,157363.54169054615
2001-06-28 10:00:00,44664.0,44241.0425380952,422.95746190479986,422.95746190479986,178893.01458095023
2001-06-28 11:00:00,46402.0,45824.72627445892,577.273725541083,577.273725541083,333244.9542000816
2001-06-28 12:00:00,47730.0,47397.56573489842,332.43426510158315,332.43426510158315,110512.54061362967
2001-06-28 13:00:00,48833.0,49265.88921111112,-432.88921111111995,432.88921111111995,187393.06909640777
2001-06-28 14:00:00,49539.0,49317.17922092358,221.82077907642088,221.82077907642088,49204.45803007032
2001-06-28 15:00:00,49843.0,49313.39077142858,529.6092285714185,529.6092285714185,280485.934988013
2001-06-28 16:00:00,50157.0,49000.0248714286,1156.975128571401,1156.975128571401,1338591.44813281
2001-06-28 17:00:00,49840.0,48799.68258917742,1040.3174108225794,1040.3174108225794,1082260.3152605954
2001-06-28 18:00:00,48773.0,47597.573442857116,1175.4265571428841,1175.4265571428841,1381627.5912367739
2001-06-28 19:00:00,47082.0,46887.45498095239,194.54501904761128,194.54501904761128,37847.76443623543
2001-06-28 20:00:00,45858.0,45784.60650000004,73.39349999996193,73.39349999996193,5386.605842244412
2001-06-28 21:00:00,45261.0,44904.27285714285,356.72714285714756,356.72714285714756,127254.25445102376
2001-06-28 22:00:00,41822.0,41790.90466666669,31.0953333333091,31.0953333333091,966.919755109604
2001-06-28 23:00:00,37482.0,38555.632771428565,-1073.6327714285653,1073.6327714285653,1152687.3278853819
2001-06-29 00:00:00,34165.0,34647.16771428572,-482.16771428572247,482.16771428572247,232485.7046995181
2001-06-29 01:00:00,32066.0,32066.786828571436,-0.7868285714357626,0.7868285714357626,0.6190992008276429
2001-06-29 02:00:00,30633.0,30805.055149206353,-172.05514920635324,172.05514920635324,29602.974368420473
2001-06-29 03:00:00,29479.0,29946.328511272353,-467.32851127235335,467.32851127235335,218395.9374480341
2001-06-29 04:00:00,29384.0,29351.08739119965,32.91260880035043,32.91260880035043,1083.2398180449043
2001-06-29 05:00:00,30387.0,30309.803772580322,77.1962274196776,77.1962274196776,5959.257527830583
2001-06-29 06:00:00,32628.0,32541.308463279714,86.69153672028551,86.69153672028551,7515.422538924611
2001-06-29 07:00:00,36203.0,35720.54523767265,482.45476232734654,482.45476232734654,232762.59769233645
2001-06-29 08:00:00,39302.0,38540.263965860984,761.7360341390158,761.7360341390158,580241.7857058359
2001-06-29 09:00:00,41868.0,41426.451299999986,441.5487000000139,441.5487000000139,194965.2544717023
2001-06-29 10:00:00,44081.0,43947.277028571414,133.72297142858588,133.72297142858588,17881.833087690396
2001-06-29 11:00:00,45783.0,45485.85500303032,297.14499696967687,297.14499696967687,88295.14922410928
2001-06-29 12:00:00,46887.0,46684.24982324931,202.75017675069103,202.75017675069103,41107.634172436454
2001-06-29 13:00:00,47922.0,47734.64627789985,187.3537221001534,187.3537221001534,35101.41718478151
2001-06-29 14:00:00,48397.0,48606.67764632034,-209.67764632034232,209.67764632034232,43964.71536643856
2001-06-29 15:00:00,48415.0,48387.63338219001,27.366617809988384,27.366617809988384,748.9317703579734
2001-06-29 16:00:00,48199.0,48468.53494102565,-269.5349410256531,269.5349410256531,72649.08443370229
2001-06-29 17:00:00,47449.0,47957.749785714244,-508.74978571424435,508.74978571424435,258826.34446428955
2001-06-29 18:00:00,45932.0,46344.14767142859,-412.1476714285891,412.1476714285891,169865.70306400824
2001-06-29 19:00:00,44229.0,44678.84556666666,-449.8455666666632,449.8455666666632,202361.03384965134
2001-06-29 20:00:00,43073.0,43460.29917142859,-387.29917142858903,387.29917142858903,150000.6481892716
2001-06-29 21:00:00,42579.0,42496.80532380953,82.19467619046918,82.19467619046918,6755.964794056082
2001-06-29 22:00:00,40001.0,39513.30744761903,487.6925523809696,487.6925523809696,237844.02564786476
2001-06-29 23:00:00,36869.0,36827.00116190474,41.998838095263636,41.998838095263636,1763.902401352168
2001-06-30 00:00:00,34004.0,34043.36033968254,-39.36033968254196,39.36033968254196,1549.2363399250876
2001-06-30 01:00:00,31711.0,32080.392628571422,-369.3926285714224,369.3926285714224,136450.91404290483
2001-06-30 02:00:00,30321.0,30169.523368253955,151.4766317460453,151.4766317460453,22945.169965127025
2001-06-30 03:00:00,29299.0,29688.350382767134,-389.35038276713385,389.35038276713385,151593.72056091364
2001-06-30 04:00:00,28779.0,29161.32927175638,-382.3292717563818,382.3292717563818,146175.67204176524
2001-06-30 05:00:00,28647.0,29015.249148677245,-368.2491486772451,368.2491486772451,135607.43550151578
2001-06-30 06:00:00,29123.0,29264.143543795086,-141.14354379508586,141.14354379508586,19921.49995503532
2001-06-30 07:00:00,31786.0,30787.89033430726,998.1096656927402,998.1096656927402,996222.9047492737
2001-06-30 08:00:00,35923.0,35000.06987317793,922.9301268220734,922.9301268220734,851800.0189958084
2001-06-30 09:00:00,39541.0,38445.224997579244,1095.7750024207562,1095.7750024207562,1200722.8559302082
2001-06-30 10:00:00,42404.0,41798.47395714288,605.52604285712,605.52604285712,366661.7885782028
2001-06-30 11:00:00,44584.0,44077.89458095237,506.10541904762795,506.10541904762795,256142.69518937508
2001-06-30 12:00:00,45563.0,45514.17381731604,48.826182683958905,48.826182683958905,2383.9961154873286
2001-06-30 13:00:00,45903.0,46155.34651558444,-252.34651558443875,252.34651558443875,63678.76392760739
2001-06-30 14:00:00,46032.0,46294.930297818835,-262.93029781883524,262.93029781883524,69132.3415111014
2001-06-30 15:00:00,45934.0,46214.41027112331,-280.4102711233136,280.4102711233136,78629.92015145023
2001-06-30 16:00:00,45698.0,45962.6302793651,-264.6302793650975,264.6302793650975,70029.18475684956
2001-06-30 17:00:00,44899.0,45207.16069047622,-308.16069047622295,308.16069047622295,94963.01115478249
2001-06-30 18:00:00,43592.0,43836.81034817927,-244.8103481792714,244.8103481792714,59932.106575656086
2001-06-30 19:00:00,42234.0,42375.738870057736,-141.73887005773577,141.73887005773577,20089.907285243706
2001-06-30 20:00:00,41494.0,41618.13295133551,-124.13295133550855,124.13295133550855,15408.989607263735
2001-06-30 21:00:00,41069.0,40448.90206082876,620.097939171239,620.097939171239,384521.4541644176
2001-06-30 22:00:00,38596.0,38429.495619047666,166.50438095233403,166.50438095233403,27723.708876319975
2001-06-30 23:00:00,35760.0,35504.43699047622,255.56300952377933,255.56300952377933,65312.45183685132
2001-07-01 00:00:00,32664.0,32773.17940476189,-109.1794047618896,109.1794047618896,11920.142424160522
2001-07-01 01:00:00,30571.0,30638.57200493054,-67.57200493053824,67.57200493053824,4565.975850332685
2001-07-01 02:00:00,29179.0,29042.14764781054,136.85235218946036,136.85235218946036,18728.566299788097
2001-07-01 03:00:00,28221.0,28376.612183997808,-155.61218399780773,155.61218399780773,24215.15180856757
2001-07-01 04:00:00,27587.0,27898.550818292042,-311.5508182920421,311.5508182920421,97063.91237844103
2001-07-01 05:00:00,27080.0,27674.48549356347,-594.4854935634685,594.4854935634685,353413.0020574007
2001-07-01 06:00:00,27173.0,27891.32550883255,-718.3255088325495,718.3255088325495,515991.5366395412
2001-07-01 07:00:00,29054.0,28997.485687068856,56.51431293114365,56.51431293114365,3193.8675660792305
2001-07-01 08:00:00,32184.0,32098.244806815583,85.7551931844173,85.7551931844173,7353.9531580967305
2001-07-01 09:00:00,35351.0,35154.802239057215,196.19776094278495,196.19776094278495,38493.56139896219
2001-07-01 10:00:00,37778.0,37651.056180619955,126.94381938004517,126.94381938004517,16114.733278793532
2001-07-01 11:00:00,39361.0,39572.56496021609,-211.564960216092,211.564960216092,44759.73239123659
2001-07-01 12:00:00,40609.0,40754.002483549804,-145.0024835498043,145.0024835498043,21025.72023561127
2001-07-01 13:00:00,41391.0,41375.08971712991,15.910282870092487,15.910282870092487,253.13710100635845
2001-07-01 14:00:00,41616.0,42139.27343901215,-523.2734390121477,523.2734390121477,273815.0919755999
2001-07-01 15:00:00,41494.0,41961.81897698413,-467.8189769841265,467.8189769841265,218854.59522647466
2001-07-01 16:00:00,40428.0,41438.18162581454,-1010.1816258145409,1010.1816258145409,1020466.9171333091
2001-07-01 17:00:00,39076.0,40053.878799855716,-977.8787998557164,977.8787998557164,956246.9472072561
2001-07-01 18:00:00,36527.0,38357.292421204256,-1830.2924212042562,1830.2924212042562,3349970.3471177383
2001-07-01 19:00:00,34534.0,36270.728055462176,-1736.7280554621757,1736.7280554621757,3016224.33862943
2001-07-01 20:00:00,33911.0,34475.74213492063,-564.742134920627,564.742134920627,318933.6789547077
2001-07-01 21:00:00,33781.0,33634.18609606463,146.81390393537004,146.81390393537004,21554.32238874406
2001-07-01 22:00:00,31910.0,32322.395192857144,-412.39519285714414,412.39519285714414,170069.7950916811
2001-07-01 23:00:00,29180.0,29835.509734127,-655.5097341270011,655.5097341270011,429693.01153525175
2001-07-02 00:00:00,26775.0,27424.570659641002,-649.5706596410018,649.5706596410018,421942.04186644626
2001-07-02 01:00:00,25183.0,25534.613033063833,-351.6130330638334,351.6130330638334,123631.72502034841
2001-07-02 02:00:00,23479.0,24361.34526779522,-882.3452677952191,882.3452677952191,778533.1716006169
2001-07-02 03:00:00,22654.0,22997.547004030894,-343.54700403089373,343.54700403089373,118024.54397860292
2001-07-02 04:00:00,22915.0,22601.094264571402,313.90573542859784,313.90573542859784,98536.81073496887
2001-07-02 05:00:00,23432.0,23989.041698010493,-557.0416980104928,557.0416980104928,310295.4533224131
2001-07-02 06:00:00,25059.0,25520.544683113832,-461.54468311383243,461.54468311383243,213023.494510648
2001-07-02 07:00:00,27787.0,28022.452457578685,-235.45245757868543,235.45245757868543,55437.85977984266
2001-07-02 08:00:00,29572.0,30142.141224262064,-570.1412242620645,570.1412242620645,325061.0156030457
2001-07-02 09:00:00,30698.0,31021.254209368264,-323.2542093682641,323.2542093682641,104493.28387430155
2001-07-02 10:00:00,31582.0,31786.22130463576,-204.22130463576104,204.22130463576104,41706.34126713232
2001-07-02 11:00:00,32055.0,32183.461091174708,-128.4610911747077,128.4610911747077,16502.25194579656
2001-07-02 12:00:00,32152.0,32114.084292093332,37.9157079066681,37.9157079066681,1437.6009060637741
2001-07-02 13:00:00,32348.0,32151.911479318318,196.08852068168198,196.08852068168198,38450.70794313042
2001-07-02 14:00:00,32620.0,32258.953453650898,361.04654634910185,361.04654634910185,130354.60863061415
2001-07-02 15:00:00,32690.0,32759.748353221003,-69.74835322100262,69.74835322100262,4864.832777041746
2001-07-02 16:00:00,32934.0,32736.51882614571,197.4811738542885,197.4811738542885,38998.814026867716
2001-07-02 17:00:00,32881.0,32820.522711588754,60.47728841124626,60.47728841124626,3657.502413577062
2001-07-02 18:00:00,32145.0,32738.217554286057,-593.2175542860568,593.2175542860568,351907.0667131308
2001-07-02 19:00:00,31040.0,31706.981052585237,-666.9810525852372,666.9810525852372,444863.72450771095
2001-07-02 20:00:00,30469.0,30959.025327484465,-490.0253274844654,490.0253274844654,240124.82157625753
2001-07-02 21:00:00,30817.0,30567.539653736505,249.460346263495,249.460346263495,62230.46435790283
2001-07-02 22:00:00,28316.0,28684.70529345717,-368.7052934571693,368.7052934571693,135943.59342333736
2001-07-02 23:00:00,25448.0,25990.91844704105,-542.918447041051,542.918447041051,294760.4401374665
2001-07-03 00:00:00,23122.0,23227.36057564615,-105.36057564615112,105.36057564615112,11100.850900488333
2001-07-03 01:00:00,21859.0,21849.830360202093,9.169639797906711,9.169639797906711,84.08229402335463
2001-07-03 02:00:00,21123.0,21233.4491146716,-110.44911467159909,110.44911467159909,12199.006931740045
2001-07-03 03:00:00,20820.0,20710.136759283865,109.8632407161349,109.8632407161349,12069.9316606514
2001-07-03 04:00:00,21173.0,21045.07943593037,127.92056406963093,127.92056406963093,16363.670711892551
2001-07-03 05:00:00,22197.0,22413.331744718806,-216.33174471880557,216.33174471880557,46799.42377308246
2001-07-03 06:00:00,24356.0,25063.866546863806,-707.8665468638064,707.8665468638064,501075.0481688895
2001-07-03 07:00:00,27237.0,27161.216579013686,75.78342098631401,75.78342098631401,5743.126896388899
2001-07-03 08:00:00,29482.0,29476.239811179414,5.760188820586336,5.760188820586336,33.17977524880781
2001-07-03 09:00:00,31031.0,30721.939748519824,309.0602514801758,309.0602514801758,95518.2390449895
2001-07-03 10:00:00,32065.0,31953.181386515036,111.81861348496386,111.81861348496386,12503.402321699741
2001-07-03 11:00:00,32882.0,32773.515442836266,108.48455716373428,108.48455716373428,11768.899143011531
2001-07-03 12:00:00,33246.0,33371.00717889877,-125.00717889876978,125.00717889876978,15626.794776229033
2001-07-03 13:00:00,33737.0,33625.617582823645,111.38241717635537,111.38241717635537,12406.042856047665
2001-07-03 14:00:00,33895.0,34239.20739910043,-344.20739910042903,344.20739910042903,118478.73359548203
2001-07-03 15:00:00,33850.0,34127.18852840143,-277.1885284014279,277.1885284014279,76833.4802773492
2001-07-03 16:00:00,33753.0,33909.0668818963,-156.06688189630222,156.06688189630222,24356.871624834344
2001-07-03 17:00:00,33492.0,33570.844793416756,-78.84479341675615,78.84479341675615,6216.501448930953
2001-07-03 18:00:00,32455.0,32921.49921188962,-466.4992118896189,466.4992118896189,217621.51469363554
2001-07-03 19:00:00,31343.0,32256.938567347002,-913.9385673470024,913.9385673470024,835283.7048842913
2001-07-03 20:00:00,30995.0,31403.511040274123,-408.51104027412293,408.51104027412293,166881.27002584608
2001-07-03 21:00:00,31541.0,30646.81886431724,894.1811356827602,894.1811356827602,799559.9034109109
2001-07-03 22:00:00,29627.0,29075.09716337638,551.9028366236198,551.9028366236198,304596.741073198
2001-07-03 23:00:00,27072.0,26868.599511961165,203.40048803883474,203.40048803883474,41371.75853443615
2001-07-04 00:00:00,25058.0,24653.259240703832,404.7407592961681,404.7407592961681,163815.0822356387
2001-07-04 01:00:00,23603.0,23511.866485375853,91.13351462414721,91.13351462414721,8305.317487749653
2001-07-04 02:00:00,22753.0,22601.43750737172,151.56249262827987,151.56249262827987,22971.18917169739
2001-07-04 03:00:00,22242.0,22256.566008430753,-14.566008430752845,14.566008430752845,212.16860160476296
2001-07-04 04:00:00,22046.0,22294.70083489145,-248.70083489144963,248.70083489144963,61852.10527570409
2001-07-04 05:00:00,22331.0,23365.875826794076,-1034.8758267940757,1034.8758267940757,1070967.9768827218
2001-07-04 06:00:00,22560.0,24875.906268368046,-2315.906268368046,2315.906268368046,5363421.843866407
2001-07-04 07:00:00,23365.0,24863.042323489088,-1498.0423234890877,1498.0423234890877,2244130.8029645844
2001-07-04 08:00:00,25507.0,25794.656157406393,-287.6561574063926,287.6561574063926,82746.06489381132
2001-07-04 09:00:00,27960.0,27784.901090121217,175.09890987878316,175.09890987878316,30659.628240738228
2001-07-04 10:00:00,29817.0,29501.146669548692,315.85333045130756,315.85333045130756,99763.32635718289
2001-07-04 11:00:00,31218.0,30413.267464446526,804.732535553474,804.732535553474,647594.4537783233
2001-07-04 12:00:00,32018.0,32100.791459916418,-82.79145991641781,82.79145991641781,6854.425835091816
2001-07-04 13:00:00,32624.0,32531.59923552925,92.40076447074898,92.40076447074898,8537.901274778827
2001-07-04 14:00:00,33284.0,32978.20146853261,305.79853146739333,305.79853146739333,93512.74184761435
2001-07-04 15:00:00,33779.0,33577.59966900864,201.40033099136053,201.40033099136053,40562.09332342958
2001-07-04 16:00:00,34316.0,34164.76555597388,151.23444402612222,151.23444402612222,22871.857059890295
2001-07-04 17:00:00,34110.0,34467.272949645274,-357.2729496452739,357.2729496452739,127643.96054823443
2001-07-04 18:00:00,33157.0,33793.934790813066,-636.9347908130658,636.9347908130658,405685.92774808384
2001-07-04 19:00:00,32282.0,32492.471311528752,-210.47131152875227,210.47131152875227,44298.17297663309
2001-07-04 20:00:00,32303.0,31992.84944827781,310.15055172218854,310.15055172218854,96193.36473357795
2001-07-04 21:00:00,32240.0,32051.276881858594,188.7231181414063,188.7231181414063,35616.4153210152
2001-07-04 22:00:00,31055.0,30085.208615912947,969.7913840870533,969.7913840870533,940495.3286494826
2001-07-04 23:00:00,28791.0,28527.910575865862,263.0894241341375,263.0894241341375,69216.0450912321
2001-07-05 00:00:00,26575.0,26330.755360991825,244.244639008175,244.244639008175,59655.44368423372
2001-07-05 01:00:00,24934.0,24822.050588360744,111.94941163925614,111.94941163925614,12532.670766375619
2001-07-05 02:00:00,23986.0,23697.08415673268,288.9158432673212,288.9158432673212,83472.3644908673
2001-07-05 03:00:00,23404.0,23357.169325635827,46.83067436417332,46.83067436417332,2193.11206140324
2001-07-05 04:00:00,23460.0,23344.649731557634,115.35026844236563,115.35026844236563,13305.684429725812
2001-07-05 05:00:00,24460.0,24361.752336658035,98.24766334196465,98.24766334196465,9652.603352156026
2001-07-05 06:00:00,26600.0,26151.07302403552,448.92697596448124,448.92697596448124,201535.4297486139
2001-07-05 07:00:00,30277.0,29273.32761580715,1003.6723841928506,1003.6723841928506,1007358.254791361
2001-07-05 08:00:00,33418.0,32389.73090449269,1028.2690955073085,1028.2690955073085,1057337.3327754184
2001-07-05 09:00:00,35697.0,34693.72885649079,1003.2711435092133,1003.2711435092133,1006552.9873982845
2001-07-05 10:00:00,37804.0,37029.81311732194,774.1868826780628,774.1868826780628,599365.3293107767
2001-07-05 11:00:00,39017.0,39025.987336820894,-8.987336820893688,8.987336820893688,80.77222313219147
2001-07-05 12:00:00,39933.0,39846.11535315886,86.88464684114297,86.88464684114297,7548.941856710135
2001-07-05 13:00:00,40460.0,40742.66285391842,-282.66285391841666,282.66285391841666,79898.28898530416
2001-07-05 14:00:00,40541.0,40913.03339608349,-372.0333960834905,372.0333960834905,138408.84780141534
2001-07-05 15:00:00,40285.0,40788.13500832778,-503.13500832777936,503.13500832777936,253144.8366049946
2001-07-05 16:00:00,39917.0,40287.24897519294,-370.2489751929388,370.2489751929388,137084.3036314214
2001-07-05 17:00:00,39086.0,39401.93778398231,-315.9377839823064,315.9377839823064,99816.68334765053
2001-07-05 18:00:00,37690.0,37950.18378068746,-260.18378068746097,260.18378068746097,67695.59973282079
2001-07-05 19:00:00,36136.0,37030.73100799141,-894.7310079914096,894.7310079914096,800543.5766613238
2001-07-05 20:00:00,35026.0,35797.9238790984,-771.9238790984018,771.9238790984018,595866.4751223241
2001-07-05 21:00:00,34262.0,34719.167573033,-457.16757303300255,457.16757303300255,209002.18983288572
2001-07-05 22:00:00,31613.0,31502.523517288264,110.47648271173603,110.47648271173603,12205.05323235651
2001-07-05 23:00:00,28589.0,28896.01438534595,-307.01438534594854,307.01438534594854,94257.83280935058
2001-07-06 00:00:00,25967.0,26246.353861420575,-279.3538614205754,279.3538614205754,78038.57989058606
2001-07-06 01:00:00,24476.0,24572.37209087745,-96.3720908774485,96.3720908774485,9287.579900091192
2001-07-06 02:00:00,23522.0,23584.823886678598,-62.82388667859777,62.82388667859777,3946.840737405295
2001-07-06 03:00:00,22834.0,23029.89428954607,-195.89428954607138,195.89428954607138,38374.57267676005
2001-07-06 04:00:00,22753.0,22883.868349432625,-130.8683494326251,130.8683494326251,17126.52488321967
2001-07-06 05:00:00,23432.0,23898.781235803206,-466.7812358032061,466.7812358032061,217884.72209796828
2001-07-06 06:00:00,25220.0,25645.82366765678,-425.82366765677943,425.82366765677943,181325.79593667135
2001-07-06 07:00:00,28207.0,28261.444180124992,-54.44418012499227,54.44418012499227,2964.1687494826033
2001-07-06 08:00:00,30569.0,30439.82914470925,129.1708552907512,129.1708552907512,16685.10985654419
2001-07-06 09:00:00,32080.0,32419.37273583735,-339.3727358373508,339.3727358373508,115173.85382972826
2001-07-06 10:00:00,33016.0,33148.557040446016,-132.5570404460159,132.5570404460159,17571.368971806693
2001-07-06 11:00:00,33523.0,33633.70880692215,-110.70880692214996,110.70880692214996,12256.43993012588
2001-07-06 12:00:00,33658.0,33939.85490658234,-281.854906582339,281.854906582339,79442.18836453906
2001-07-06 13:00:00,33980.0,33953.975627718166,26.024372281834076,26.024372281834076,677.2679526634937
2001-07-06 14:00:00,34023.0,34135.99572577595,-112.99572577595245,112.99572577595245,12768.034043634245
2001-07-06 15:00:00,34038.0,34061.27397339825,-23.273973398252565,23.273973398252565,541.677837742568
2001-07-06 16:00:00,34073.0,34000.97121212395,72.02878787605005,72.02878787605005,5188.146282893014
2001-07-06 17:00:00,33775.0,33662.110957174176,112.88904282582371,112.88904282582371,12743.93599013066
2001-07-06 18:00:00,32926.0,33206.68758832235,-280.68758832234744,280.68758832234744,78785.52223821559
2001-07-06 19:00:00,31521.0,32174.79177536827,-653.7917753682705,653.7917753682705,427443.685539195
2001-07-06 20:00:00,30596.0,31297.017277733907,-701.0172777339067,701.0172777339067,491425.2236814572
2001-07-06 21:00:00,30726.0,30348.574618268853,377.42538173114735,377.42538173114735,142449.9187749023
2001-07-06 22:00:00,28692.0,28530.39305707971,161.60694292029075,161.60694292029075,26116.804000042113
2001-07-06 23:00:00,26202.0,26317.85906087565,-115.85906087564945,115.85906087564945,13423.321986987445
2001-07-07 00:00:00,23644.0,24155.160644884287,-511.16064488428674,511.16064488428674,261285.2048785199
2001-07-07 01:00:00,22307.0,22334.367828878305,-27.367828878304863,27.367828878304863,748.9980575121776
2001-07-07 02:00:00,21275.0,21572.687871997536,-297.6878719975357,297.6878719975357,88618.0691344212
2001-07-07 03:00:00,20767.0,20756.71082153917,10.289178460829135,10.289178460829135,105.86719339879019
2001-07-07 04:00:00,20601.0,20587.913352028656,13.086647971344064,13.086647971344064,171.2603551258837
2001-07-07 05:00:00,20907.0,20726.298435777444,180.70156422255604,180.70156422255604,32653.055312478547
2001-07-07 06:00:00,21442.0,21452.528291741583,-10.528291741582507,10.528291741582507,110.84492699587442
2001-07-07 07:00:00,23045.0,22970.80401125443,74.1959887455705,74.1959887455705,5505.044745932824
2001-07-07 08:00:00,25671.0,25470.38937152766,200.61062847233916,200.61062847233916,40244.6242560669
2001-07-07 09:00:00,27937.0,27613.459307971152,323.54069202884784,323.54069202884784,104678.57939850577
2001-07-07 10:00:00,29723.0,29105.068955893737,617.9310441062626,617.9310441062626,381838.7752702558
2001-07-07 11:00:00,30499.0,30156.166879668363,342.8331203316375,342.8331203316375,117534.54839632702
2001-07-07 12:00:00,30986.0,30852.013480131634,133.98651986836558,133.98651986836558,17952.387506435924
2001-07-07 13:00:00,31093.0,31348.83247451563,-255.83247451563147,255.83247451563147,65450.25501679123
2001-07-07 14:00:00,31439.0,31325.30706657157,113.69293342842866,113.69293342842866,12926.08311156111
2001-07-07 15:00:00,31720.0,31696.29381210145,23.706187898551434,23.706187898551434,561.9833446814265
2001-07-07 16:00:00,32233.0,31877.830445864918,355.16955413508185,355.16955413508185,126145.41218451284
2001-07-07 17:00:00,32616.0,32111.442748530648,504.5572514693522,504.5572514693522,254578.0200103071
2001-07-07 18:00:00,32182.0,32569.784914490654,-387.78491449065405,387.78491449065405,150377.13990652387
2001-07-07 19:00:00,31289.0,31857.447490033253,-568.4474900332534,568.4474900332534,323132.5489251057
2001-07-07 20:00:00,31008.0,30779.46300358648,228.53699641352068,228.53699641352068,52229.15872971356
2001-07-07 21:00:00,31293.0,30550.15835637533,742.8416436246698,742.8416436246698,551813.707503001
2001-07-07 22:00:00,29721.0,29280.185386130208,440.8146138697921,440.8146138697921,194317.5238011739
2001-07-07 23:00:00,27754.0,27486.56618266027,267.43381733973,267.43381733973,71520.84665690007
2001-07-08 00:00:00,25581.0,25689.821625222015,-108.82162522201543,108.82162522201543,11842.146115960784
2001-07-08 01:00:00,24020.0,23700.396863023358,319.6031369766424,319.6031369766424,102146.16516531045
2001-07-08 02:00:00,23115.0,23105.029912264676,9.970087735324341,9.970087735324341,99.40264945006486
2001-07-08 03:00:00,22546.0,22564.321852939924,-18.3218529399237,18.3218529399237,335.6902951521908
2001-07-08 04:00:00,22272.0,22450.320881193275,-178.32088119327454,178.32088119327454,31798.336669545934
2001-07-08 05:00:00,22338.0,22739.95400524141,-401.9540052414086,401.9540052414086,161567.02232961034
2001-07-08 06:00:00,22473.0,22766.911105380725,-293.9111053807246,293.9111053807246,86383.73786611941
2001-07-08 07:00:00,23249.0,23172.717672662242,76.28232733775803,76.28232733775803,5818.993464064866
2001-07-08 08:00:00,24842.0,24946.4126615522,-104.4126615522,104.4126615522,10902.003892414266
2001-07-08 09:00:00,26559.0,26617.75343885016,-58.753438850159,58.753438850159,3451.966576719373
2001-07-08 10:00:00,28220.0,27957.514071032932,262.4859289670676,262.4859289670676,68898.86290570446
2001-07-08 11:00:00,29384.0,29032.484975842402,351.5150241575975,351.5150241575975,123562.81220851636
2001-07-08 12:00:00,30112.0,30153.799918183744,-41.79991818374401,41.79991818374401,1747.2331601676933
2001-07-08 13:00:00,30686.0,30798.336226374944,-112.33622637494409,112.33622637494409,12619.427756162684
2001-07-08 14:00:00,31053.0,30895.98289889985,157.0171011001512,157.0171011001512,24654.3700378951
2001-07-08 15:00:00,31473.0,31187.85596250492,285.14403749507983,285.14403749507983,81307.1221189955
2001-07-08 16:00:00,32073.0,31802.688921953708,270.3110780462921,270.3110780462921,73068.07891454862
2001-07-08 17:00:00,32686.0,32130.8753553156,555.1246446844016,555.1246446844016,308163.3711359831
2001-07-08 18:00:00,32932.0,32846.48765329822,85.51234670177655,85.51234670177655,7312.361438444835
2001-07-08 19:00:00,32728.0,32561.02086555484,166.9791344451587,166.9791344451587,27882.031340054386
2001-07-08 20:00:00,33141.0,32341.18159303581,799.8184069641902,799.8184069641902,639709.484118735
2001-07-08 21:00:00,33757.0,32377.14527513457,1379.8547248654286,1379.8547248654286,1903999.0617334477
2001-07-08 22:00:00,32327.0,31837.454975411514,489.54502458848583,489.54502458848583,239654.3310993412
2001-07-08 23:00:00,29768.0,30113.90349310182,-345.90349310182137,345.90349310182137,119649.22654004178
2001-07-09 00:00:00,27692.0,27439.440880444407,252.5591195555935,252.5591195555935,63786.10887069657
2001-07-09 01:00:00,26096.0,26252.6260470765,-156.62604707650098,156.62604707650098,24531.718622810302
2001-07-09 02:00:00,25355.0,25297.17442345785,57.825576542149065,57.825576542149065,3343.7973024319404
2001-07-09 03:00:00,24791.0,24744.569667854485,46.43033214551542,46.43033214551542,2155.7757431428827
2001-07-09 04:00:00,24910.0,24657.538662504307,252.46133749569344,252.46133749569344,63736.726930114426
2001-07-09 05:00:00,26253.0,26200.663626186055,52.3363738139451,52.3363738139451,2739.0960239929987
2001-07-09 06:00:00,28646.0,28870.157476109256,-224.1574761092561,224.1574761092561,50246.57409567172
2001-07-09 07:00:00,32163.0,31179.86466693971,983.1353330602906,983.1353330602906,966555.0831115685
2001-07-09 08:00:00,35325.0,34139.37140449451,1185.6285955054918,1185.6285955054918,1405715.1664803252
2001-07-09 09:00:00,37903.0,36473.19021949542,1429.8097805045836,1429.8097805045836,2044356.0084265657
2001-07-09 10:00:00,39781.0,39282.07085303658,498.92914696341904,498.92914696341904,248930.293689645
2001-07-09 11:00:00,41195.0,41183.06558466386,11.934415336138045,11.934415336138045,142.43026941544696
2001-07-09 12:00:00,42467.0,42306.981626505505,160.01837349449488,160.01837349449488,25605.879855823663
2001-07-09 13:00:00,43617.0,43440.05697742041,176.9430225795877,176.9430225795877,31308.833239600484
2001-07-09 14:00:00,44460.0,44316.07574526213,143.92425473786716,143.92425473786716,20714.191101850476
2001-07-09 15:00:00,45157.0,44715.99441887,441.00558112999715,441.00558112999715,194485.9225878065
2001-07-09 16:00:00,45789.0,45264.92885238091,524.0711476190918,524.0711476190918,274650.5677667919
2001-07-09 17:00:00,46006.0,45412.14335714284,593.8566428571576,593.8566428571576,352665.7122655736
2001-07-09 18:00:00,45320.0,45077.88138571435,242.11861428565317,242.11861428565317,58621.423383604895
2001-07-09 19:00:00,43698.0,44256.91303968254,-558.9130396825421,558.9130396825421,312383.7859271789
2001-07-09 20:00:00,42305.0,42951.523587179494,-646.5235871794939,646.5235871794939,417992.74877944065
2001-07-09 21:00:00,41884.0,41463.14233186814,420.8576681318591,420.8576681318591,177121.17682538606
2001-07-09 22:00:00,38539.0,38942.49174285717,-403.49174285717163,403.49174285717163,162805.5865539179
2001-07-09 23:00:00,34702.0,35173.59048095235,-471.590480952349,471.590480952349,222397.58172486786
2001-07-10 00:00:00,31625.0,31722.260997402576,-97.26099740257632,97.26099740257632,9459.701615743958
2001-07-10 01:00:00,29443.0,29376.353234865182,66.64676513481754,66.64676513481754,4441.791302935531
2001-07-10 02:00:00,28084.0,28138.291838840392,-54.2918388403923,54.2918388403923,2947.60376467113
2001-07-10 03:00:00,27227.0,27336.754551302423,-109.75455130242335,109.75455130242335,12046.061531596279
2001-07-10 04:00:00,26992.0,26999.409282156455,-7.409282156455447,7.409282156455447,54.89746207396908
2001-07-10 05:00:00,28151.0,28055.688007659377,95.31199234062296,95.31199234062296,9084.37588393897
2001-07-10 06:00:00,30368.0,30181.56492371252,186.4350762874783,186.4350762874783,34758.037670317855
2001-07-10 07:00:00,34210.0,33294.057362036874,915.9426379631259,915.9426379631259,838950.9160388499
2001-07-10 08:00:00,37241.0,36808.969221360494,432.030778639506,432.030778639506,186650.59369185785
2001-07-10 09:00:00,40007.0,39459.06014090912,547.9398590908822,547.9398590908822,300238.08918053587
2001-07-10 10:00:00,42623.0,42169.1997857143,453.80021428570035,453.80021428570035,205934.63448574755
2001-07-10 11:00:00,44625.0,44283.78282619048,341.2171738095203,341.2171738095203,116429.1597025564
2001-07-10 12:00:00,45556.0,45635.21425238098,-79.21425238098163,79.21425238098163,6274.8977802778545
2001-07-10 13:00:00,46690.0,46367.1107566104,322.8892433896035,322.8892433896035,104257.46349671061
2001-07-10 14:00:00,47157.0,47390.71443090572,-233.71443090571847,233.71443090571847,54622.435213583856
2001-07-10 15:00:00,46773.0,47296.188838265036,-523.1888382650359,523.1888382650359,273726.5604851179
2001-07-10 16:00:00,46449.0,46552.67987619048,-103.67987619047926,103.67987619047926,10749.51672687311
2001-07-10 17:00:00,45174.0,45958.262933333346,-784.2629333333462,784.2629333333462,615068.3486006246
2001-07-10 18:00:00,43266.0,44061.8405997581,-795.8405997580994,795.8405997580994,633362.2602233314
2001-07-10 19:00:00,41340.0,42084.26191513621,-744.2619151362087,744.2619151362087,553925.7983222171
2001-07-10 20:00:00,40372.0,40809.49831444063,-437.49831444062875,437.49831444062875,191404.77513839127
2001-07-10 21:00:00,39654.0,39517.25674915343,136.74325084657175,136.74325084657175,18698.716652088446
2001-07-10 22:00:00,36319.0,36557.692085714305,-238.692085714305,238.692085714305,56973.911782645126
2001-07-10 23:00:00,33207.0,33042.337433302804,164.66256669719587,164.66256669719587,27113.760871308477
2001-07-11 00:00:00,30057.0,30477.990991867304,-420.9909918673038,420.9909918673038,177233.41523341628
2001-07-11 01:00:00,28214.0,28209.740017355576,4.2599826444238715,4.2599826444238715,18.1474521307926
2001-07-11 02:00:00,27018.0,27040.922916832442,-22.922916832441842,22.922916832441842,525.4601161070456
2001-07-11 03:00:00,26399.0,26289.016669512348,109.98333048765198,109.98333048765198,12096.332985156077
2001-07-11 04:00:00,26461.0,26317.287980465066,143.71201953493437,143.71201953493437,20653.14455880936
2001-07-11 05:00:00,27703.0,27539.99473047053,163.00526952946893,163.00526952946893,26570.71789437481
2001-07-11 06:00:00,30045.0,30132.589358363617,-87.58935836361707,87.58935836361707,7671.8956985501345
2001-07-11 07:00:00,33062.0,33000.389071545076,61.61092845492385,61.61092845492385,3795.9065050777454
2001-07-11 08:00:00,35382.0,35492.02539975784,-110.0253997578402,110.0253997578402,12105.588591872543
2001-07-11 09:00:00,37343.0,37263.10565110867,79.89434889132826,79.89434889132826,6383.106984769286
2001-07-11 10:00:00,38960.0,39029.98267688275,-69.98267688274791,69.98267688274791,4897.575063675099
2001-07-11 11:00:00,40176.0,40544.49650533913,-368.4965053391279,368.4965053391279,135789.6744471499
2001-07-11 12:00:00,40918.0,41228.781115872975,-310.7811158729746,310.7811158729746,96584.90198325129
2001-07-11 13:00:00,41444.0,41804.63592184045,-360.6359218404468,360.6359218404468,130058.26812170887
2001-07-11 14:00:00,41745.0,41858.8197717683,-113.81977176829969,113.81977176829969,12954.94044538783
2001-07-11 15:00:00,41735.0,42320.31409730025,-585.3140973002519,585.3140973002519,342592.59249840875
2001-07-11 16:00:00,41775.0,41886.956353615235,-111.95635361523455,111.95635361523455,12534.225114819441
2001-07-11 17:00:00,41253.0,41181.81497936509,71.18502063491178,71.18502063491178,5067.307162792816
2001-07-11 18:00:00,39836.0,39700.51569726881,135.4843027311872,135.4843027311872,18355.99628655598
2001-07-11 19:00:00,37706.0,38413.79450911684,-707.7945091168367,707.7945091168367,500973.06713594386
2001-07-11 20:00:00,36438.0,37150.10434813271,-712.104348132707,712.104348132707,507092.6026295075
2001-07-11 21:00:00,36258.0,35550.085782102185,707.9142178978145,707.9142178978145,501142.53990187444
2001-07-11 22:00:00,33361.0,33586.15721535687,-225.15721535687044,225.15721535687044,50695.77162726013
2001-07-11 23:00:00,29965.0,30470.065167501343,-505.06516750134324,505.06516750134324,255090.8234231599
2001-07-12 00:00:00,27074.0,27585.55876950199,-511.55876950198945,511.55876950198945,261692.37465438957
2001-07-12 01:00:00,25425.0,25701.525065606613,-276.52506560661277,276.52506560661277,76466.1119087415
2001-07-12 02:00:00,24315.0,24426.578867174656,-111.5788671746559,111.5788671746559,12449.843599979504
2001-07-12 03:00:00,23677.0,23764.464295636706,-87.46429563670608,87.46429563670608,7650.0030112251225
2001-07-12 04:00:00,23771.0,23812.68227122903,-41.68227122903045,41.68227122903045,1737.4117348104594
2001-07-12 05:00:00,24894.0,25043.26367877844,-149.2636787784395,149.2636787784395,22279.64580247317
2001-07-12 06:00:00,26714.0,26772.98750866389,-58.98750866388946,58.98750866388946,3479.5261783724336
2001-07-12 07:00:00,30221.0,29571.6639794798,649.3360205202007,649.3360205202007,421637.2675450105
2001-07-12 08:00:00,32684.0,32656.64714019927,27.352859800728766,27.352859800728766,748.1789392783237
2001-07-12 09:00:00,34134.0,34654.108070813665,-520.1080708136651,520.1080708136651,270512.40532551246
2001-07-12 10:00:00,35652.0,35571.3498189987,80.65018100129964,80.65018100129964,6504.451695542394
2001-07-12 11:00:00,36463.0,36791.47755317645,-328.4775531764535,328.4775531764535,107897.50294078984
2001-07-12 12:00:00,36879.0,37030.13350021647,-151.13350021647057,151.13350021647057,22841.334887681907
2001-07-12 13:00:00,37272.0,37489.05697724572,-217.05697724571655,217.05697724571655,47113.731371047514
2001-07-12 14:00:00,37431.0,37767.873525947776,-336.8735259477762,336.8735259477762,113483.77248448705
2001-07-12 15:00:00,37551.0,37646.27253838623,-95.2725383862271,95.2725383862271,9076.856570555115
2001-07-12 16:00:00,37628.0,37432.72865077886,195.27134922114055,195.27134922114055,38130.89982664463
2001-07-12 17:00:00,37322.0,37286.70469062993,35.295309370070754,35.295309370070754,1245.7588635290044
2001-07-12 18:00:00,36282.0,36246.90251784676,35.09748215324362,35.09748215324362,1231.8332534972542
2001-07-12 19:00:00,34905.0,35316.902531481304,-411.9025314813043,411.9025314813043,169663.69544070688
2001-07-12 20:00:00,34448.0,34399.88566860743,48.11433139257133,48.11433139257133,2314.988885354175
2001-07-12 21:00:00,34358.0,34125.31094846516,232.6890515348423,232.6890515348423,54144.19470418449
2001-07-12 22:00:00,31838.0,32083.53911484103,-245.53911484103082,245.53911484103082,60289.456916916926
2001-07-12 23:00:00,28718.0,29070.495262309243,-352.4952623092431,352.4952623092431,124252.90995046211
2001-07-13 00:00:00,26266.0,26306.754065525245,-40.754065525245096,40.754065525245096,1660.8938568359708
2001-07-13 01:00:00,24383.0,24745.264002273776,-362.264002273776,362.264002273776,131235.20734341437
2001-07-13 02:00:00,23372.0,23526.743168303932,-154.74316830393218,154.74316830393218,23945.44813673908
2001-07-13 03:00:00,22903.0,22850.567978191746,52.43202180825392,52.43202180825392,2749.116910901215
2001-07-13 04:00:00,23096.0,22973.927469076378,122.07253092362225,122.07253092362225,14901.70280609871
2001-07-13 05:00:00,24150.0,24240.037814684947,-90.03781468494708,90.03781468494708,8106.808073240872
2001-07-13 06:00:00,25871.0,26647.75839291629,-776.7583929162902,776.7583929162902,603353.6009658978
2001-07-13 07:00:00,29370.0,28723.389341370224,646.6106586297756,646.6106586297756,418105.34385363216
2001-07-13 08:00:00,31770.0,31573.286885200683,196.71311479931683,196.71311479931683,38696.0495340492
2001-07-13 09:00:00,33555.0,33426.46321744244,128.5367825575595,128.5367825575595,16521.70447024933
2001-07-13 10:00:00,34988.0,34936.87602863625,51.12397136374784,51.12397136374784,2613.6604480013093
2001-07-13 11:00:00,35800.0,35890.44007733582,-90.44007733582112,90.44007733582112,8179.407588509304
2001-07-13 12:00:00,36202.0,36503.47085635395,-301.4708563539534,301.4708563539534,90884.67723078602
2001-07-13 13:00:00,36456.0,36626.88102772786,-170.88102772786078,170.88102772786078,29200.325637329926
2001-07-13 14:00:00,36494.0,36702.3970167172,-208.39701671720104,208.39701671720104,43429.31657662937
2001-07-13 15:00:00,36311.0,36601.932377444384,-290.93237744438375,290.93237744438375,84641.64824544136
2001-07-13 16:00:00,36062.0,36018.68075673271,43.319243267287675,43.319243267287675,1876.5568372504486
2001-07-13 17:00:00,35521.0,35553.7325129676,-32.732512967602815,32.732512967602815,1071.4174051742864
2001-07-13 18:00:00,34484.0,34743.34263878698,-259.34263878697675,259.34263878697675,67258.6042929923
2001-07-13 19:00:00,33143.0,34039.19075906568,-896.1907590656774,896.1907590656774,803157.876634715
2001-07-13 20:00:00,32504.0,32825.356029933086,-321.35602993308567,321.35602993308567,103269.69797435425
2001-07-13 21:00:00,32476.0,32106.09193305536,369.9080669446412,369.9080669446412,136831.97799072115
2001-07-13 22:00:00,30281.0,30213.625075053802,67.374924946198,67.374924946198,4539.380511505815
2001-07-13 23:00:00,27544.0,27749.480682571433,-205.48068257143314,205.48068257143314,42222.31091002207
2001-07-14 00:00:00,25229.0,25101.47543519453,127.52456480546971,127.52456480546971,16262.514628824443
2001-07-14 01:00:00,23572.0,23731.95997773843,-159.95997773842828,159.95997773842828,25587.19447807847
2001-07-14 02:00:00,22534.0,22662.988832383424,-128.98883238342387,128.98883238342387,16638.11887963902
2001-07-14 03:00:00,21988.0,22111.78400492347,-123.78400492346918,123.78400492346918,15322.479874893443
2001-07-14 04:00:00,21740.0,21834.72592472807,-94.72592472807082,94.72592472807082,8973.000815588139
2001-07-14 05:00:00,21911.0,22016.50102501756,-105.50102501755828,105.50102501755828,11130.466279755457
2001-07-14 06:00:00,22299.0,22518.797989033195,-219.79798903319534,219.79798903319534,48311.15598303666
2001-07-14 07:00:00,24095.0,23844.628012242105,250.3719877578951,250.3719877578951,62686.13225383958
2001-07-14 08:00:00,26767.0,26279.01014015993,487.9898598400687,487.9898598400687,238134.10330672987
2001-07-14 09:00:00,28995.0,28734.65776585994,260.3422341400583,260.3422341400583,67778.07887703693
2001-07-14 10:00:00,30477.0,30512.646733089474,-35.646733089473855,35.646733089473855,1270.6895799521903
2001-07-14 11:00:00,31227.0,31494.27369897826,-267.27369897826065,267.27369897826065,71435.23016552189
2001-07-14 12:00:00,31573.0,31690.9628081718,-117.96280817180013,117.96280817180013,13915.224111776917
2001-07-14 13:00:00,31531.0,31827.829767722516,-296.8297677225164,296.8297677225164,88107.91100620304
2001-07-14 14:00:00,31500.0,31642.487834228737,-142.48783422873748,142.48783422873748,20302.782903196174
2001-07-14 15:00:00,31580.0,31455.997700174645,124.0022998253553,124.0022998253553,15376.57036197731
2001-07-14 16:00:00,31742.0,31517.60881267228,224.39118732772113,224.39118732772113,50351.40495034443
2001-07-14 17:00:00,31871.0,31691.21659317424,179.78340682576163,179.78340682576163,32322.073369877315
2001-07-14 18:00:00,31358.0,31648.315850092087,-290.3158500920872,290.3158500920872,84283.29281469125
2001-07-14 19:00:00,30548.0,30745.436218664574,-197.43621866457397,197.43621866457397,38981.06044056547
2001-07-14 20:00:00,30367.0,30479.50133808505,-112.50133808505052,112.50133808505052,12656.551070926838
2001-07-14 21:00:00,30727.0,30267.74358904473,459.25641095526953,459.25641095526953,210916.45100351542
2001-07-14 22:00:00,28948.0,28872.855852000655,75.14414799934457,75.14414799934457,5646.6429785474
2001-07-14 23:00:00,26751.0,26845.532051601604,-94.5320516016036,94.5320516016036,8936.308780008245
2001-07-15 00:00:00,24498.0,24542.087588072372,-44.087588072372455,44.087588072372455,1943.7154220391978
2001-07-15 01:00:00,23036.0,23015.471367146863,20.528632853136514,20.528632853136514,421.4247668188758
2001-07-15 02:00:00,22005.0,22119.564463951152,-114.56446395115199,114.56446395115199,13125.016400414805
2001-07-15 03:00:00,21308.0,21470.427326013694,-162.42732601369426,162.42732601369426,26382.63623595892
2001-07-15 04:00:00,21066.0,21067.96985612045,-1.969856120449549,1.969856120449549,3.8803331352725485
2001-07-15 05:00:00,20792.0,21106.78746779637,-314.78746779637004,314.78746779637004,99091.14988165071
2001-07-15 06:00:00,20931.0,21209.0153451267,-278.0153451266997,278.0153451266997,77292.53212591793
2001-07-15 07:00:00,22445.0,22195.957571505154,249.0424284948458,249.0424284948458,62022.13119061039
2001-07-15 08:00:00,24864.0,24740.709426385674,123.2905736143257,123.2905736143257,15200.565542149463
2001-07-15 09:00:00,27002.0,26727.800443873017,274.1995561269832,274.1995561269832,75185.39658023462
2001-07-15 10:00:00,28690.0,28488.43007294181,201.56992705818993,201.56992705818993,40630.43549424401
2001-07-15 11:00:00,30100.0,29583.254977287866,516.7450227121335,516.7450227121335,267025.4184977634
2001-07-15 12:00:00,31066.0,30977.93653471086,88.06346528913855,88.06346528913855,7755.17391873131
2001-07-15 13:00:00,31611.0,31501.030758520723,109.96924147927712,109.96924147927712,12093.234071527562
2001-07-15 14:00:00,32081.0,31808.54562021185,272.4543797881488,272.4543797881488,74231.38906574482
2001-07-15 15:00:00,32732.0,32297.523027598236,434.4769724017642,434.4769724017642,188770.23954740338
2001-07-15 16:00:00,33395.0,33057.30354595498,337.6964540450208,337.6964540450208,114038.89507458084
2001-07-15 17:00:00,33743.0,33442.84778094022,300.1522190597825,300.1522190597825,90091.35460651167
2001-07-15 18:00:00,33393.0,33673.3881229252,-280.38812292520015,280.38812292520015,78617.49947751715
2001-07-15 19:00:00,32711.0,32895.66751733166,-184.66751733166166,184.66751733166166,34102.09195743956
2001-07-15 20:00:00,32789.0,32356.10831614021,432.89168385979065,432.89168385979065,187395.20995496493
2001-07-15 21:00:00,33342.0,32396.648620889384,945.3513791106161,945.3513791106161,893689.2299863438
2001-07-15 22:00:00,31504.0,31187.421836346115,316.578163653885,316.578163653885,100221.73370246598
2001-07-15 23:00:00,28724.0,29430.887637328768,-706.8876373287676,706.8876373287676,499690.13180824724
2001-07-16 00:00:00,26394.0,26244.49455271857,149.50544728142995,149.50544728142995,22351.87876682043
2001-07-16 01:00:00,24940.0,24707.422196720752,232.57780327924775,232.57780327924775,54092.43457820046
2001-07-16 02:00:00,24095.0,23832.701623302633,262.2983766973666,262.2983766973666,68800.43841807364
2001-07-16 03:00:00,23600.0,23583.118823788634,16.881176211365528,16.881176211365528,284.9741102791734
2001-07-16 04:00:00,23804.0,23548.665644736826,255.33435526317407,255.33435526317407,65195.63297766079
2001-07-16 05:00:00,24996.0,24767.345493460864,228.6545065391365,228.6545065391365,52282.883360656015
2001-07-16 06:00:00,27109.0,27606.72762404457,-497.7276240445717,497.7276240445717,247732.78773705452
2001-07-16 07:00:00,30638.0,30120.30840690818,517.6915930918185,517.6915930918185,268004.58555794496
2001-07-16 08:00:00,33634.0,32967.42097374098,666.5790262590235,666.5790262590235,444327.59824842797
2001-07-16 09:00:00,35965.0,35210.667955988465,754.3320440115349,754.3320440115349,569016.8326226202
2001-07-16 10:00:00,38073.0,37278.21132636729,794.7886736327127,794.7886736327127,631689.0357348467
2001-07-16 11:00:00,39563.0,39290.02731734662,272.9726826533806,272.9726826533806,74514.08547498324
2001-07-16 12:00:00,40660.0,40367.21353271816,292.7864672818396,292.7864672818396,85723.91542337972
2001-07-16 13:00:00,41719.0,41500.63990476195,218.36009523805114,218.36009523805114,47681.13119237077
2001-07-16 14:00:00,42369.0,42561.980584299126,-192.98058429912635,192.98058429912635,37241.50591643221
2001-07-16 15:00:00,42689.0,42667.16593125408,21.834068745920376,21.834068745920376,476.726558001577
2001-07-16 16:00:00,42773.0,42976.903967460355,-203.9039674603555,203.9039674603555,41576.82794607371
2001-07-16 17:00:00,42423.0,42724.85408888891,-301.85408888891106,301.85408888891106,91115.89097895462
2001-07-16 18:00:00,41486.0,41254.43625672255,231.5637432774529,231.5637432774529,53621.76720066611
2001-07-16 19:00:00,40210.0,40191.36652883321,18.633471166787785,18.633471166787785,347.20624772351175
2001-07-16 20:00:00,39790.0,39732.34548011061,57.6545198893873,57.6545198893873,3324.043663675756
2001-07-16 21:00:00,39480.0,38912.04596146595,567.9540385340515,567.9540385340515,322571.7898871389
2001-07-16 22:00:00,36432.0,36621.251504761916,-189.2515047619163,189.2515047619163,35816.13205464963
2001-07-16 23:00:00,32989.0,33147.55243188482,-158.55243188481836,158.55243188481836,25138.873656589967
2001-07-17 00:00:00,30270.0,29826.06568418946,443.9343158105403,443.9343158105403,197077.6767541725
2001-07-17 01:00:00,28489.0,28358.44777116137,130.55222883863098,130.55222883863098,17043.88445473427
2001-07-17 02:00:00,27302.0,27277.88691041311,24.113089586888236,24.113089586888236,581.441089425298
2001-07-17 03:00:00,26594.0,26459.82750700992,134.17249299008108,134.17249299008108,18002.257875173356
2001-07-17 04:00:00,26656.0,26575.123645822943,80.87635417705678,80.87635417705678,6540.98466497273
2001-07-17 05:00:00,28002.0,27960.809346189923,41.19065381007749,41.19065381007749,1696.6699613016515
2001-07-17 06:00:00,30259.0,30514.5225368236,-255.52253682359878,255.52253682359878,65291.766824767394
2001-07-17 07:00:00,33475.0,33195.70838197345,279.2916180265529,279.2916180265529,78003.80789988993
2001-07-17 08:00:00,36170.0,35841.62781698759,328.3721830124123,328.3721830124123,107828.29057633718
2001-07-17 09:00:00,38365.0,38382.14444987871,-17.144449878709565,17.144449878709565,293.93216164358444
2001-07-17 10:00:00,40548.0,40114.54480610243,433.455193897571,433.455193897571,187883.40511678086
2001-07-17 11:00:00,42652.0,41790.90552092353,861.0944790764697,861.0944790764697,741483.7018959768
2001-07-17 12:00:00,43931.0,43795.84605594405,135.15394405594998,135.15394405594998,18266.588593878856
2001-07-17 13:00:00,45032.0,45220.03601428574,-188.03601428573893,188.03601428573893,35357.542668466616
2001-07-17 14:00:00,45986.0,45541.652772510846,444.34722748915374,444.34722748915374,197444.45857729774
2001-07-17 15:00:00,46552.0,46322.091816972235,229.9081830277646,229.9081830277646,52857.77262312811
2001-07-17 16:00:00,46845.0,46890.03867142857,-45.038671428570524,45.038671428570524,2028.4819240507347
2001-07-17 17:00:00,46442.0,46774.57066190476,-332.57066190476326,332.57066190476326,110603.24515977236
2001-07-17 18:00:00,45230.0,45033.178329323324,196.82167067667615,196.82167067667615,38738.77004795796
2001-07-17 19:00:00,43566.0,44177.71439970583,-611.7143997058301,611.7143997058301,374194.5068074641
2001-07-17 20:00:00,42983.0,42988.11559469903,-5.115594699032954,5.115594699032954,26.16930912477406
2001-07-17 21:00:00,41884.0,42180.26484285711,-296.26484285711194,296.26484285711194,87772.85711314924
2001-07-17 22:00:00,38308.0,38757.10234285714,-449.1023428571425,449.1023428571425,201692.91435977438
2001-07-17 23:00:00,34642.0,34952.007466666655,-310.0074666666551,310.0074666666551,96104.62938907726
2001-07-18 00:00:00,31607.0,31627.411464574303,-20.411464574302954,20.411464574302954,416.62788606802445
2001-07-18 01:00:00,29735.0,29675.499011923555,59.50098807644463,59.50098807644463,3540.367582073206
2001-07-18 02:00:00,28289.0,28387.849022823077,-98.84902282307667,98.84902282307667,9771.129313077132
2001-07-18 03:00:00,27532.0,27504.505440618952,27.49455938104802,27.49455938104802,755.9507955579757
2001-07-18 04:00:00,27496.0,27417.776598056727,78.22340194327262,78.22340194327262,6118.900611578787
2001-07-18 05:00:00,28774.0,28315.63393859252,458.3660614074797,458.3660614074797,210099.44625020548
2001-07-18 06:00:00,31071.0,30924.24036281349,146.7596371865111,146.7596371865111,21538.39110711637
2001-07-18 07:00:00,33813.0,33628.86499247919,184.13500752081018,184.13500752081018,33905.70099468882
2001-07-18 08:00:00,35922.0,36825.62329927078,-903.623299270781,903.623299270781,816535.0669850115
2001-07-18 09:00:00,36820.0,37750.182325476206,-930.1823254762057,930.1823254762057,865239.158628322
2001-07-18 10:00:00,38049.0,38767.16225975692,-718.1622597569221,718.1622597569221,515757.0313391689
2001-07-18 11:00:00,38872.0,38914.0624196332,-42.06241963319917,42.06241963319917,1769.247145399339
2001-07-18 12:00:00,39291.0,39706.67005264734,-415.67005264734325,415.67005264734325,172781.5926678451
2001-07-18 13:00:00,39808.0,39934.16812775691,-126.16812775690778,126.16812775690778,15918.396461683404
2001-07-18 14:00:00,40256.0,40343.68640884381,-87.68640884380875,87.68640884380875,7688.906295923582
2001-07-18 15:00:00,40497.0,40560.098114285705,-63.09811428570538,63.09811428570538,3981.372026411937
2001-07-18 16:00:00,40619.0,40442.773771428576,176.22622857142414,176.22622857142414,31055.683636507827
2001-07-18 17:00:00,40387.0,40161.42095018316,225.5790498168426,225.5790498168426,50885.907716269554
2001-07-18 18:00:00,39316.0,39377.5930331231,-61.5930331230993,61.5930331230993,3793.701729303208
2001-07-18 19:00:00,37892.0,38161.98424433665,-269.9842443366506,269.9842443366506,72891.49219003225
2001-07-18 20:00:00,37566.0,37252.69509767483,313.3049023251733,313.3049023251733,98159.9618209864
2001-07-18 21:00:00,37290.0,36733.25401680231,556.7459831976885,556.7459831976885,309966.08980676084
2001-07-18 22:00:00,34659.0,34423.495608802295,235.50439119770454,235.50439119770454,55462.318273401455
2001-07-18 23:00:00,31462.0,31935.961607858626,-473.96160785862594,473.96160785862594,224639.6057239339
2001-07-19 00:00:00,28801.0,28880.881844350082,-79.88184435008225,79.88184435008225,6381.109056770767
2001-07-19 01:00:00,27073.0,27213.210695238115,-140.21069523811457,140.21069523811457,19659.039059155442
2001-07-19 02:00:00,26061.0,26138.07356137516,-77.07356137516035,77.07356137516035,5940.33386305061
2001-07-19 03:00:00,25447.0,25524.63212261922,-77.63212261921944,77.63212261921944,6026.746462365523
2001-07-19 04:00:00,25560.0,25444.92965147423,115.07034852576908,115.07034852576908,13241.185109841967
2001-07-19 05:00:00,26923.0,26912.342796031735,10.657203968265094,10.657203968265094,113.57599642120526
2001-07-19 06:00:00,29167.0,29467.300048664565,-300.3000486645651,300.3000486645651,90180.11922794017
2001-07-19 07:00:00,32011.0,32235.417552110797,-224.41755211079726,224.41755211079726,50363.2376954024
2001-07-19 08:00:00,34023.0,34669.41772737827,-646.4177273782698,646.4177273782698,417855.8782688871
2001-07-19 09:00:00,35188.0,35677.707924140836,-489.70792414083553,489.70792414083553,239813.85096632634
2001-07-19 10:00:00,36551.0,36237.48725674415,313.5127432558511,313.5127432558511,98290.2401838092
2001-07-19 11:00:00,37441.0,37439.6746079699,1.325392030099465,1.325392030099465,1.7566640334511812
2001-07-19 12:00:00,38102.0,38147.08961998612,-45.08961998612358,45.08961998612358,2033.073830493035
2001-07-19 13:00:00,38813.0,38449.90987046822,363.0901295317817,363.0901295317817,131834.44216340603
2001-07-19 14:00:00,39288.0,39078.37175940791,209.6282405920865,209.6282405920865,43943.99925373371
2001-07-19 15:00:00,39789.0,39489.73604862556,299.2639513744434,299.2639513744434,89558.91259224524
2001-07-19 16:00:00,39960.0,39939.7616408026,20.238359197399404,20.238359197399404,409.5911830029611
2001-07-19 17:00:00,39690.0,39720.56466290511,-30.564662905111618,30.564662905111618,934.1986185031062
2001-07-19 18:00:00,38421.0,38743.31729230764,-322.31729230764176,322.31729230764176,103888.43692052978
2001-07-19 19:00:00,36738.0,37342.33286806153,-604.3328680615305,604.3328680615305,365218.21541947516
2001-07-19 20:00:00,36209.0,36204.16620048917,4.833799510830431,4.833799510830431,23.365617710904516
2001-07-19 21:00:00,35986.0,35293.51322154035,692.4867784596499,692.4867784596499,479537.9383414243
2001-07-19 22:00:00,33280.0,33509.7666814493,-229.76668144929863,229.76668144929863,52792.72790422347
2001-07-19 23:00:00,30351.0,30566.580935282294,-215.58093528229438,215.58093528229438,46475.139657188796
2001-07-20 00:00:00,27461.0,27882.45569003345,-421.4556900334501,421.4556900334501,177624.89866157155
2001-07-20 01:00:00,25807.0,25727.33996381987,79.66003618012837,79.66003618012837,6345.721364219361
2001-07-20 02:00:00,24642.0,24817.334706103164,-175.33470610316363,175.33470610316363,30742.259164282765
2001-07-20 03:00:00,24072.0,24011.871493792507,60.12850620749305,60.12850620749305,3615.43725874453
2001-07-20 04:00:00,24075.0,24136.254198201972,-61.25419820197203,61.25419820197203,3752.076797366474
2001-07-20 05:00:00,25286.0,25205.051254905553,80.94874509444708,80.94874509444708,6552.69933236577
2001-07-20 06:00:00,27259.0,27419.65088089569,-160.65088089568962,160.65088089568962,25808.705532561053
2001-07-20 07:00:00,30418.0,30086.29960910297,331.70039089702914,331.70039089702914,110025.14932124193
2001-07-20 08:00:00,32686.0,33025.21593674306,-339.2159367430577,339.2159367430577,115067.4517404701
2001-07-20 09:00:00,34478.0,34511.02496682659,-33.02496682658966,33.02496682658966,1090.6484338973476
2001-07-20 10:00:00,36329.0,35985.04030229599,343.9596977040128,343.9596977040128,118308.27364463586
2001-07-20 11:00:00,37210.0,37359.01078650997,-149.01078650997079,149.01078650997079,22204.21449632009
2001-07-20 12:00:00,37759.0,37900.37187776554,-141.37187776553765,141.37187776553765,19986.007822954118
2001-07-20 13:00:00,38185.0,38334.536405693165,-149.53640569316485,149.53640569316485,22361.136627630785
2001-07-20 14:00:00,38682.0,38622.17389826398,59.826101736020064,59.826101736020064,3579.162448928623
2001-07-20 15:00:00,38863.0,38776.89315650261,86.10684349739313,86.10684349739313,7414.388497084554
2001-07-20 16:00:00,39037.0,38771.683758698295,265.3162413017053,265.3162413017053,70392.70789846471
2001-07-20 17:00:00,38702.0,38708.9781262225,-6.978126222500578,6.978126222500578,48.69424557715018
2001-07-20 18:00:00,37500.0,37462.035183979344,37.964816020656144,37.964816020656144,1441.3272554822695
2001-07-20 19:00:00,35872.0,35992.64729762448,-120.64729762447678,120.64729762447678,14555.77042408908
2001-07-20 20:00:00,34697.0,35431.16979927491,-734.1697992749105,734.1697992749105,539005.2941673624
2001-07-20 21:00:00,34348.0,34186.20667932763,161.79332067236828,161.79332067236828,26177.078614191792
2001-07-20 22:00:00,31922.0,32238.094514019653,-316.0945140196527,316.0945140196527,99915.74179332043
2001-07-20 23:00:00,28879.0,29262.056746041028,-383.0567460410275,383.0567460410275,146732.47068754025
2001-07-21 00:00:00,26404.0,26492.232478765578,-88.23247876557798,88.23247876557798,7784.970309118169
2001-07-21 01:00:00,24422.0,24979.527044785795,-557.5270447857947,557.5270447857947,310836.40566758154
2001-07-21 02:00:00,23405.0,23480.24769083704,-75.24769083704086,75.24769083704086,5662.214976306884
2001-07-21 03:00:00,22635.0,22859.90458039152,-224.90458039152145,224.90458039152145,50582.07028108634
2001-07-21 04:00:00,22323.0,22418.03291166835,-95.0329116683497,95.0329116683497,9031.254300164355
2001-07-21 05:00:00,22404.0,22573.407027590172,-169.40702759017222,169.40702759017222,28698.740996937373
2001-07-21 06:00:00,22674.0,23047.304894987457,-373.3048949874574,373.3048949874574,139356.54462159658
2001-07-21 07:00:00,24646.0,24181.497794360315,464.5022056396847,464.5022056396847,215762.2990441319
2001-07-21 08:00:00,27408.0,27185.872593726624,222.12740627337553,222.12740627337553,49340.58461773723
2001-07-21 09:00:00,29966.0,29647.758989150876,318.241010849124,318.241010849124,101277.34098627226
2001-07-21 10:00:00,31825.0,31765.67960551556,59.32039448443902,59.32039448443902,3518.909201789463
2001-07-21 11:00:00,33224.0,33118.6473187873,105.35268121270201,105.35268121270201,11099.187438705216
2001-07-21 12:00:00,33961.0,33978.4544464424,-17.454446442403423,17.454446442403423,304.65770061072953
2001-07-21 13:00:00,34445.0,34438.31215752387,6.687842476130754,6.687842476130754,44.72723698553874
2001-07-21 14:00:00,34978.0,34698.409438645234,279.59056135476567,279.59056135476567,78170.88199867298
2001-07-21 15:00:00,35566.0,35501.2958834196,64.70411658039666,64.70411658039666,4186.622702449562
2001-07-21 16:00:00,36011.0,35882.641341937815,128.358658062185,128.358658062185,16475.945099524928
2001-07-21 17:00:00,36088.0,36163.309434873314,-75.30943487331388,75.30943487331388,5671.510980937905
2001-07-21 18:00:00,35466.0,35724.94646121959,-258.94646121958795,258.94646121958795,67053.26977814756
2001-07-21 19:00:00,34232.0,34891.43484387134,-659.4348438713423,659.4348438713423,434854.3133116216
2001-07-21 20:00:00,33645.0,33813.36868163274,-168.36868163273903,168.36868163273903,28348.01295474663
2001-07-21 21:00:00,33589.0,33602.431932980886,-13.431932980885904,13.431932980885904,180.41682360301047
2001-07-21 22:00:00,31510.0,31429.6907796015,80.30922039849975,80.30922039849975,6449.570881014808
2001-07-21 23:00:00,28860.0,29220.115265555978,-360.1152655559781,360.1152655559781,129683.00448645264
2001-07-22 00:00:00,26328.0,26465.040322001074,-137.04032200107395,137.04032200107395,18780.04985415803
2001-07-22 01:00:00,24433.0,24826.29378131256,-393.2937813125609,393.2937813125609,154679.99841913246
2001-07-22 02:00:00,23251.0,23324.11775581063,-73.1177558106283,73.1177558106283,5346.206214782668
2001-07-22 03:00:00,22566.0,22446.75351729523,119.24648270476973,119.24648270476973,14219.723637458947
2001-07-22 04:00:00,22057.0,22322.483058674927,-265.4830586749267,265.4830586749267,70481.25444339459
2001-07-22 05:00:00,22003.0,22118.843493025965,-115.84349302596456,115.84349302596456,13419.714876456701
2001-07-22 06:00:00,21908.0,22216.448100453268,-308.4481004532681,308.4481004532681,95140.23067322938
2001-07-22 07:00:00,23210.0,22976.124154178873,233.87584582112686,233.87584582112686,54697.9112585475
2001-07-22 08:00:00,25858.0,25530.05979649035,327.94020350965,327.94020350965,107544.77707795067
2001-07-22 09:00:00,28274.0,28299.808395733984,-25.80839573398407,25.80839573398407,666.0732903619272
2001-07-22 10:00:00,30462.0,30164.995483281513,297.00451671848714,297.00451671848714,88211.68295118211
2001-07-22 11:00:00,32120.0,31992.084941022895,127.91505897710522,127.91505897710522,16362.262313116305
2001-07-22 12:00:00,33129.0,33152.155878888836,-23.155878888836014,23.155878888836014,536.1947271144414
2001-07-22 13:00:00,34190.0,33838.503299763404,351.49670023659564,351.49670023659564,123549.93027721517
2001-07-22 14:00:00,35056.0,34692.878780702544,363.12121929745626,363.12121929745626,131857.01990407132
2001-07-22 15:00:00,35782.0,35613.268084869655,168.73191513034544,168.73191513034544,28470.459183554096
2001-07-22 16:00:00,36434.0,36169.26786129203,264.7321387079719,264.7321387079719,70083.10526489688
2001-07-22 17:00:00,36752.0,36692.753209771574,59.24679022842611,59.24679022842611,3510.1821523711274
2001-07-22 18:00:00,36268.0,36574.14209353387,-306.1420935338683,306.1420935338683,93722.98143329978
2001-07-22 19:00:00,35294.0,35640.23937735809,-346.2393773580916,346.2393773580916,119881.70643331895
2001-07-22 20:00:00,34810.0,34961.20091653719,-151.20091653719282,151.20091653719282,22861.71716168715
2001-07-22 21:00:00,35273.0,34293.548126042835,979.4518739571649,979.4518739571649,959325.9733982021
2001-07-22 22:00:00,33241.0,33199.14934285713,41.85065714287339,41.85065714287339,1751.4775032903392
2001-07-22 23:00:00,30638.0,30595.723820725874,42.27617927412575,42.27617927412575,1787.2753340180197
2001-07-23 00:00:00,28206.0,27933.13117902859,272.86882097140915,272.86882097140915,74457.39345832694
2001-07-23 01:00:00,26582.0,26496.669193016212,85.33080698378762,85.33080698378762,7281.346620504419
2001-07-23 02:00:00,25679.0,25432.501463656776,246.49853634322426,246.49853634322426,60761.52841935185
2001-07-23 03:00:00,25308.0,24968.320771475253,339.6792285247466,339.6792285247466,115381.978291167
2001-07-23 04:00:00,25354.0,25200.215756215504,153.78424378449563,153.78424378449563,23649.593636369184
2001-07-23 05:00:00,26669.0,26737.36108510673,-68.36108510673148,68.36108510673148,4673.237956969784
2001-07-23 06:00:00,29020.0,29106.655362323643,-86.6553623236432,86.6553623236432,7509.151819441882
2001-07-23 07:00:00,32396.0,31998.07612856624,397.9238714337589,397.9238714337589,158343.4074568307
2001-07-23 08:00:00,35539.0,34653.03445477956,885.9655452204388,885.9655452204388,784934.9473177494
2001-07-23 09:00:00,38242.0,36624.01408260473,1617.9859173952718,1617.9859173952718,2617878.4288894194
2001-07-23 10:00:00,40929.0,39544.31877460318,1384.6812253968164,1384.6812253968164,1917342.0959664292
2001-07-23 11:00:00,43170.0,42238.71031471861,931.2896852813865,931.2896852813865,867300.4779115039
2001-07-23 12:00:00,44712.0,44072.74725238093,639.2527476190735,639.2527476190735,408644.0753385349
2001-07-23 13:00:00,46320.0,45501.20593655462,818.7940634453771,818.7940634453771,670423.7183333922
2001-07-23 14:00:00,47067.0,46820.20006666664,246.79993333335733,246.79993333335733,60910.20709334962
2001-07-23 15:00:00,47839.0,47327.483784127005,511.5162158729945,511.5162158729945,261648.83910102793
2001-07-23 16:00:00,48428.0,47674.77142626541,753.2285737345883,753.2285737345883,567353.2842902421
2001-07-23 17:00:00,48332.0,47677.36937012987,654.6306298701311,654.6306298701311,428541.26156416454
2001-07-23 18:00:00,47327.0,46771.99504285717,555.0049571428317,555.0049571428317,308030.50245311647
2001-07-23 19:00:00,45700.0,45538.039338095245,161.9606619047554,161.9606619047554,26231.256004626488
2001-07-23 20:00:00,44738.0,44592.808276190495,145.19172380950477,145.19172380950477,21080.636662775512
2001-07-23 21:00:00,44236.0,43819.64970981246,416.35029018753994,416.35029018753994,173347.56413924872
2001-07-23 22:00:00,40789.0,41012.35050952381,-223.35050952380698,223.35050952380698,49885.450104544194
2001-07-23 23:00:00,37011.0,37305.156434920646,-294.15643492064555,294.15643492064555,86528.00820522399
2001-07-24 00:00:00,33898.0,33623.50624285715,274.4937571428527,274.4937571428527,75346.8227103994
2001-07-24 01:00:00,31936.0,31341.623802744194,594.3761972558059,594.3761972558059,353283.06386427267
2001-07-24 02:00:00,30660.0,30270.050936724394,389.949063275606,389.949063275606,152060.27194952258
2001-07-24 03:00:00,29790.0,29719.077031066885,70.92296893311504,70.92296893311504,5030.067522287602
2001-07-24 04:00:00,29754.0,29321.821124813654,432.178875186346,432.178875186346,186778.5801573352
2001-07-24 05:00:00,31027.0,30361.842038133564,665.1579618664364,665.1579618664364,442435.1142343116
2001-07-24 06:00:00,33470.0,32660.89145007213,809.1085499278706,809.1085499278706,654656.6455663815
2001-07-24 07:00:00,36828.0,36448.113784056404,379.88621594359574,379.88621594359574,144313.53706394427
2001-07-24 08:00:00,39517.0,39769.5493842713,-252.54938427129673,252.54938427129673,63781.1914958111
2001-07-24 09:00:00,41974.0,41524.15579999998,449.8442000000214,449.8442000000214,202359.80427365922
2001-07-24 10:00:00,44690.0,44416.760819047595,273.23918095240515,273.23918095240515,74659.6500075412
2001-07-24 11:00:00,46912.0,46072.67117763355,839.3288223664495,839.3288223664495,704472.8720550509
2001-07-24 12:00:00,48486.0,47649.196261521785,836.8037384782147,836.8037384782147,700240.4967311163
2001-07-24 13:00:00,49564.0,49377.664080952374,186.3359190476258,186.3359190476258,34721.07472732335
2001-07-24 14:00:00,50410.0,49451.02453203467,958.975467965327,958.975467965327,919633.9481593178
2001-07-24 15:00:00,51104.0,50211.7482748917,892.2517251082973,892.2517251082973,796113.1409587325
2001-07-24 16:00:00,51550.0,50576.90395714278,973.0960428572216,973.0960428572216,946915.9086243837
2001-07-24 17:00:00,51508.0,50158.33350476192,1349.6664952380816,1349.6664952380816,1821599.6483682464
2001-07-24 18:00:00,50482.0,49390.24111904763,1091.7588809523731,1091.7588809523731,1191937.4541383781
2001-07-24 19:00:00,49002.0,48478.04431428573,523.955685714267,523.955685714267,274529.56059230777
2001-07-24 20:00:00,48570.0,47621.6606666667,948.3393333333006,948.3393333333006,899347.491147049
2001-07-24 21:00:00,47952.0,46541.67776666669,1410.3222333333106,1410.3222333333106,1989008.8018342569
2001-07-24 22:00:00,44315.0,45197.894280952394,-882.8942809523942,882.8942809523942,779502.3113384452
2001-07-24 23:00:00,40438.0,40983.24414761907,-545.2441476190725,545.2441476190725,297291.1805128489
2001-07-25 00:00:00,37386.0,37237.92530476191,148.07469523808686,148.07469523808686,21926.115369852305
2001-07-25 01:00:00,35120.0,34384.511965079364,735.488034920636,735.488034920636,540942.6495114187
2001-07-25 02:00:00,34081.0,32850.629114285715,1230.3708857142847,1230.3708857142847,1513812.5164133534
2001-07-25 03:00:00,33230.0,33270.96916992736,-40.96916992736078,40.96916992736078,1678.472884536963
2001-07-25 04:00:00,33230.0,33348.223402514785,-118.22340251478454,118.22340251478454,13976.772902172763
2001-07-25 05:00:00,34212.0,33812.22393829736,399.77606170264335,399.77606170264335,159820.8995104757
2001-07-25 06:00:00,36335.0,35958.58909556276,376.41090443723806,376.41090443723806,141685.16897925956
2001-07-25 07:00:00,39759.0,38985.091461255404,773.9085387445957,773.9085387445957,598934.4263417954
2001-07-25 08:00:00,42732.0,41501.41544285713,1230.5845571428727,1230.5845571428727,1514338.3522785201
2001-07-25 09:00:00,45413.0,44205.48554761903,1207.5144523809722,1207.5144523809722,1458091.1527089193
2001-07-25 10:00:00,47775.0,46727.23874761907,1047.7612523809294,1047.7612523809294,1097803.6419908535
2001-07-25 11:00:00,49761.0,49203.314566666675,557.6854333333249,557.6854333333249,311013.0425521784
2001-07-25 12:00:00,50807.0,50129.48672857142,677.5132714285792,677.5132714285792,459024.2329618556
2001-07-25 13:00:00,51686.0,51009.682352380914,676.3176476190856,676.3176476190856,457405.5604810137
2001-07-25 14:00:00,52132.0,51473.00498095222,658.995019047783,658.995019047783,434274.4351297879
2001-07-25 15:00:00,51959.0,51544.09173809508,414.90826190492226,414.90826190492226,172148.86579696357
2001-07-25 16:00:00,52024.0,51547.213623809366,476.78637619063375,476.78637619063375,227325.2485209965
2001-07-25 17:00:00,51477.0,51330.20128571414,146.79871428586193,146.79871428586193,21549.862515982124
2001-07-25 18:00:00,50398.0,51149.936966666544,-751.9369666665443,751.9369666665443,565409.2018396838
2001-07-25 19:00:00,48930.0,50652.647433333295,-1722.6474333332953,1722.6474333332953,2967514.17956979
2001-07-25 20:00:00,48362.0,48754.74506190479,-392.7450619047886,392.7450619047886,154248.68365059624
2001-07-25 21:00:00,47017.0,46815.373880952415,201.62611904758523,201.62611904758523,40653.091882191016
2001-07-25 22:00:00,43487.0,45463.54264285716,-1976.542642857159,1976.542642857159,3906720.819032763
2001-07-25 23:00:00,39599.0,41118.25845238098,-1519.2584523809783,1519.2584523809783,2308146.245131045
2001-07-26 00:00:00,36472.0,36717.47243333336,-245.4724333333579,245.4724333333579,60256.715526599844
2001-07-26 01:00:00,34674.0,33980.36347142858,693.6365285714201,693.6365285714201,481131.6337686104
2001-07-26 02:00:00,33251.0,32906.15795171904,344.8420482809597,344.8420482809597,118916.03826260775
2001-07-26 03:00:00,32287.0,32905.333302433515,-618.3333024335152,618.3333024335152,382336.072898337
2001-07-26 04:00:00,32192.0,32080.87644780169,111.12355219831079,111.12355219831079,12348.443853170704
2001-07-26 05:00:00,33286.0,32668.37273333333,617.62726666667,617.62726666667,381463.44053014193
2001-07-26 06:00:00,35488.0,35118.0542823593,369.94571764070133,369.94571764070133,136859.83400069352
2001-07-26 07:00:00,38241.0,38464.804221222286,-223.8042212222863,223.8042212222863,50088.32943691406
2001-07-26 08:00:00,40295.0,39983.02243174604,311.9775682539621,311.9775682539621,97330.00309365557
2001-07-26 09:00:00,41562.0,41994.355509523804,-432.35550952380436,432.35550952380436,186931.28661558847
2001-07-26 10:00:00,42376.0,42720.36019761903,-344.360197619033,344.360197619033,118583.94570421946
2001-07-26 11:00:00,42624.0,43895.91399523811,-1271.9139952381083,1271.9139952381083,1617765.2112825667
2001-07-26 12:00:00,42584.0,43757.80419523811,-1173.80419523811,1173.80419523811,1377816.288758587
2001-07-26 13:00:00,42285.0,43696.91415238094,-1411.9141523809376,1411.9141523809376,1993501.5736935814
2001-07-26 14:00:00,41695.0,43028.28471428572,-1333.2847142857208,1333.2847142857208,1777648.1293479563
2001-07-26 15:00:00,40597.0,42007.445119047574,-1410.4451190475738,1410.4451190475738,1989355.4338451247
2001-07-26 16:00:00,39887.0,40650.34019480518,-763.3401948051833,763.3401948051833,582688.2530052152
2001-07-26 17:00:00,39006.0,39936.69286223152,-930.6928622315172,930.6928622315172,866189.2038086939
2001-07-26 18:00:00,37808.0,39116.288875461476,-1308.288875461476,1308.288875461476,1711619.7816562534
2001-07-26 19:00:00,36404.0,37725.21731633923,-1321.217316339229,1321.217316339229,1745615.1969946343
2001-07-26 20:00:00,36157.0,36252.67167272726,-95.67167272725783,95.67167272725783,9153.06896243153
2001-07-26 21:00:00,36129.0,36108.28189999999,20.718100000012782,20.718100000012782,429.23966761052964
2001-07-26 22:00:00,34289.0,34790.76087175421,-501.7608717542098,501.7608717542098,251763.9724235446
2001-07-26 23:00:00,32440.0,32789.3128833333,-349.31288333330303,349.31288333330303,122019.49046262578
2001-07-27 00:00:00,30611.0,30961.61901638186,-350.619016381861,350.619016381861,122933.69464858371
2001-07-27 01:00:00,26213.0,29420.167092840493,-3207.167092840493,3207.167092840493,10285920.761398938
2001-07-27 02:00:00,24980.0,26169.79329498747,-1189.7932949874703,1189.7932949874703,1415608.0847971416
2001-07-27 03:00:00,24139.0,25635.15231610273,-1496.152316102729,1496.152316102729,2238471.7529795603
2001-07-27 04:00:00,24217.0,25016.464768131875,-799.4647681318747,799.4647681318747,639143.9154841523
2001-07-27 05:00:00,25080.0,25680.963442146724,-600.9634421467235,600.9634421467235,361157.05879683833
2001-07-27 06:00:00,26963.0,27180.371786836353,-217.37178683635284,217.37178683635284,47250.49371242882
2001-07-27 07:00:00,29602.0,29653.529184839743,-51.52918483974281,51.52918483974281,2655.2568902483804
2001-07-27 08:00:00,31805.0,32082.37017946911,-277.37017946911146,277.37017946911146,76934.2164587271
2001-07-27 09:00:00,33207.0,33647.73964679416,-440.73964679415803,440.73964679415803,194251.4362562392
2001-07-27 10:00:00,34375.0,34283.64186489461,91.35813510538719,91.35813510538719,8346.30884993418
2001-07-27 11:00:00,35029.0,35369.99044655119,-340.9904465511936,340.9904465511936,116274.48463918242
2001-07-27 12:00:00,35422.0,35560.159436843074,-138.15943684307422,138.15943684307422,19088.029988795413
2001-07-27 13:00:00,35776.0,35849.45270165755,-73.4527016575521,73.4527016575521,5395.299380793356
2001-07-27 14:00:00,36064.0,36192.6473318016,-128.64733180159965,128.64733180159965,16550.13597967087
2001-07-27 15:00:00,36149.0,36266.99315721042,-117.99315721041785,117.99315721041785,13922.38514848238
2001-07-27 16:00:00,36323.0,36083.73160911181,239.26839088818815,239.26839088818815,57249.3628782228
2001-07-27 17:00:00,35897.0,35780.749345261596,116.25065473840368,116.25065473840368,13514.21472710754
2001-07-27 18:00:00,34552.0,35133.52533461658,-581.5253346165773,581.5253346165773,338171.7148009222
2001-07-27 19:00:00,32860.0,34037.26757489512,-1177.2675748951224,1177.2675748951224,1385958.9428994425
2001-07-27 20:00:00,32567.0,32689.475536239624,-122.47553623962449,122.47553623962449,15000.256977183572
2001-07-27 21:00:00,32347.0,32125.8340270083,221.16597299170098,221.16597299170098,48914.38760936581
2001-07-27 22:00:00,30010.0,30512.375635025484,-502.37563502548437,502.37563502548437,252381.27866725868
2001-07-27 23:00:00,27428.0,27541.06894553281,-113.06894553281018,113.06894553281018,12784.586443901595
2001-07-28 00:00:00,25145.0,25146.257758995784,-1.2577589957836608,1.2577589957836608,1.5819576914747229
2001-07-28 01:00:00,23559.0,23684.59951052237,-125.59951052237011,125.59951052237011,15775.23704345896
2001-07-28 02:00:00,22564.0,22641.857328952097,-77.8573289520973,77.8573289520973,6061.763671555089
2001-07-28 03:00:00,21894.0,22087.85004105968,-193.85004105967892,193.85004105967892,37577.8384188392
2001-07-28 04:00:00,21752.0,21771.074040356874,-19.07404035687432,19.07404035687432,363.81901553567025
2001-07-28 05:00:00,21968.0,22123.755304906204,-155.7553049062044,155.7553049062044,24259.7150064247
2001-07-28 06:00:00,22517.0,22693.85727460318,-176.85727460317867,176.85727460317867,31278.495580064147
2001-07-28 07:00:00,23868.0,24189.41670507501,-321.4167050750111,321.4167050750111,103308.69830127669
2001-07-28 08:00:00,26437.0,26115.200137348864,321.7998626511362,321.7998626511362,103555.15160229013
2001-07-28 09:00:00,28654.0,28411.468685464548,242.5313145354521,242.5313145354521,58821.43853029441
2001-07-28 10:00:00,30260.0,29759.743364313224,500.25663568677555,500.25663568677555,250256.70154865127
2001-07-28 11:00:00,31210.0,31485.0939586599,-275.09395865990155,275.09395865990155,75676.68609117562
2001-07-28 12:00:00,31452.0,31835.971860649926,-383.9718606499264,383.9718606499264,147434.3897709665
2001-07-28 13:00:00,31572.0,31761.66697987995,-189.66697987994849,189.66697987994849,35973.563256780784
2001-07-28 14:00:00,31568.0,31735.67514566144,-167.67514566144018,167.67514566144018,28114.95447258518
2001-07-28 15:00:00,31513.0,31599.94588805787,-86.94588805787134,86.94588805787134,7559.5874501718945
2001-07-28 16:00:00,31712.0,31406.11638105192,305.88361894807895,305.88361894807895,93564.78834077356
2001-07-28 17:00:00,31707.0,31669.371909600086,37.62809039991407,37.62809039991407,1415.8731871441055
2001-07-28 18:00:00,31106.0,31627.36228336798,-521.3622833679801,521.3622833679801,271818.630518674
2001-07-28 19:00:00,30081.0,30702.965185839657,-621.9651858396574,621.9651858396574,386840.6923965595
2001-07-28 20:00:00,30223.0,30200.98503381593,22.014966184069635,22.014966184069635,484.6587360857296
2001-07-28 21:00:00,30345.0,30273.247800644287,71.75219935571295,71.75219935571295,5148.378112381974
2001-07-28 22:00:00,28593.0,28630.35076115489,-37.35076115488846,37.35076115488846,1395.0793588495246
2001-07-28 23:00:00,26417.0,26562.359075066768,-145.35907506676813,145.35907506676813,21129.260704266333
2001-07-29 00:00:00,24553.0,24254.819157326074,298.18084267392624,298.18084267392624,88911.81493773275
2001-07-29 01:00:00,23075.0,23109.30577800238,-34.305778002380976,34.305778002380976,1176.8864043486465
2001-07-29 02:00:00,22144.0,22259.659259409596,-115.65925940959642,115.65925940959642,13377.064287176318
2001-07-29 03:00:00,21612.0,21551.876043108023,60.123956891977286,60.123956891977286,3614.890192348343
2001-07-29 04:00:00,21319.0,21464.573595104986,-145.57359510498645,145.57359510498645,21191.671591790535
2001-07-29 05:00:00,21445.0,21350.26829160492,94.7317083950802,94.7317083950802,8974.096575450509
2001-07-29 06:00:00,21429.0,21786.373929389036,-357.37392938903577,357.37392938903577,127716.12540695952
2001-07-29 07:00:00,22326.0,22490.914402472565,-164.9144024725647,164.9144024725647,27196.76014288305
2001-07-29 08:00:00,24110.0,24500.81304437953,-390.81304437953077,390.81304437953077,152734.83565719708
2001-07-29 09:00:00,25848.0,25994.441210989036,-146.44121098903634,146.44121098903634,21445.028275935456
2001-07-29 10:00:00,27200.0,27357.08047854651,-157.08047854651159,157.08047854651159,24674.276740401085
2001-07-29 11:00:00,28011.0,28039.083827685,-28.08382768500087,28.08382768500087,788.7013774408213
2001-07-29 12:00:00,28359.0,28278.71758418009,80.28241581991097,80.28241581991097,6445.26628988109
2001-07-29 13:00:00,28416.0,28384.854194524327,31.145805475673114,31.145805475673114,970.0611987284693
2001-07-29 14:00:00,28239.0,28318.741846718676,-79.74184671867624,79.74184671867624,6358.762118104857
2001-07-29 15:00:00,28048.0,28307.91985471575,-259.91985471575026,259.91985471575026,67558.33087545673
2001-07-29 16:00:00,28080.0,28120.834656079434,-40.83465607943435,40.83465607943435,1667.469137125685
2001-07-29 17:00:00,28263.0,28231.103839120122,31.896160879878153,31.896160879878153,1017.3650788750695
2001-07-29 18:00:00,28044.0,28525.41533272014,-481.4153327201384,481.4153327201384,231760.72257804155
2001-07-29 19:00:00,27954.0,28148.221749926885,-194.2217499268845,194.2217499268845,37722.08814466126
2001-07-29 20:00:00,28830.0,28172.552916041353,657.4470839586465,657.4470839586465,432236.66820572765
2001-07-29 21:00:00,28925.0,28602.69025573165,322.3097442683502,322.3097442683502,103883.57125032929
2001-07-29 22:00:00,27311.0,27173.011257409995,137.98874259000513,137.98874259000513,19040.893081570695
2001-07-29 23:00:00,25419.0,25539.40141658946,-120.40141658945868,120.40141658945868,14496.501116748375
2001-07-30 00:00:00,23842.0,23762.588023732365,79.4119762676346,79.4119762676346,6306.261974731361
2001-07-30 01:00:00,22712.0,22454.415114909687,257.58488509031304,257.58488509031304,66349.97302698977
2001-07-30 02:00:00,22237.0,22166.518758460617,70.48124153938261,70.48124153938261,4967.605408932793
2001-07-30 03:00:00,22074.0,22228.122587338097,-154.12258733809722,154.12258733809722,23753.771927789407
2001-07-30 04:00:00,22584.0,22565.318823544745,18.6811764552549,18.6811764552549,348.98635375237
2001-07-30 05:00:00,24029.0,24294.112119660487,-265.1121196604872,265.1121196604872,70284.4359908765
2001-07-30 06:00:00,26408.0,26872.97692030967,-464.97692030966937,464.97692030966937,216203.5364206646
2001-07-30 07:00:00,29319.0,29127.596288943736,191.403711056264,191.403711056264,36635.3806061098
2001-07-30 08:00:00,31694.0,31029.227448914327,664.7725510856726,664.7725510856726,441922.54467695317
2001-07-30 09:00:00,33341.0,32564.704996327247,776.2950036727525,776.2950036727525,602633.9327272788
2001-07-30 10:00:00,34557.0,34253.05443887705,303.9455611229496,303.9455611229496,92382.90412634469
2001-07-30 11:00:00,35385.0,35122.307184323865,262.69281567613507,262.69281567613507,69007.51540785587
2001-07-30 12:00:00,35727.0,35768.982939280795,-41.98293928079511,41.98293928079511,1762.567190654929
2001-07-30 13:00:00,36077.0,35936.58457793798,140.41542206201848,140.41542206201848,19716.490752854785
2001-07-30 14:00:00,36273.0,36126.752187303464,146.24781269653613,146.24781269653613,21388.422718521113
2001-07-30 15:00:00,36185.0,36128.31358017978,56.68641982021654,56.68641982021654,3213.350192033839
2001-07-30 16:00:00,36220.0,35912.422302002684,307.57769799731614,307.57769799731614,94604.0403053282
2001-07-30 17:00:00,35856.0,35700.94052046448,155.05947953552095,155.05947953552095,24043.44219382664
2001-07-30 18:00:00,35045.0,35108.45074705093,-63.45074705092702,63.45074705092702,4025.997301320724
2001-07-30 19:00:00,33848.0,34865.339918629914,-1017.3399186299139,1017.3399186299139,1034980.5100379199
2001-07-30 20:00:00,33908.0,33745.12224446033,162.8777555396664,162.8777555396664,26529.16324963933
2001-07-30 21:00:00,33878.0,33394.13159671937,483.8684032806268,483.8684032806268,234128.6316933433
2001-07-30 22:00:00,31239.0,31210.070614483913,28.929385516086768,28.929385516086768,836.9093463383708
2001-07-30 23:00:00,28369.0,28388.86134170708,-19.86134170708101,19.86134170708101,394.4728944054356
2001-07-31 00:00:00,25903.0,25813.84511580271,89.15488419729081,89.15488419729081,7948.593376232335
2001-07-31 01:00:00,24342.0,24392.72275432137,-50.7227543213703,50.7227543213703,2572.7978059460897
2001-07-31 02:00:00,23591.0,23568.280020894344,22.71997910565551,22.71997910565551,516.197450561423
2001-07-31 03:00:00,23083.0,23120.95892349187,-37.958923491871246,37.958923491871246,1440.8798726617347
2001-07-31 04:00:00,23362.0,23197.936884610484,164.0631153895156,164.0631153895156,26916.705831313506
2001-07-31 05:00:00,24760.0,24567.65339266086,192.34660733913915,192.34660733913915,36997.21735487698
2001-07-31 06:00:00,26941.0,27069.940679626052,-128.94067962605186,128.94067962605186,16625.698862428144
2001-07-31 07:00:00,29812.0,29590.898883857164,221.10111614283596,221.10111614283596,48885.703559607835
2001-07-31 08:00:00,32109.0,31834.930638700098,274.0693612999021,274.0693612999021,75114.01480333626
2001-07-31 09:00:00,33833.0,33555.18245510124,277.8175448987604,277.8175448987604,77182.58825357475
2001-07-31 10:00:00,35239.0,35260.56566359114,-21.5656635911364,21.5656635911364,465.0778461260661
2001-07-31 11:00:00,36574.0,36061.27012649376,512.7298735062432,512.7298735062432,262891.92318572814
2001-07-31 12:00:00,37275.0,37351.50723057394,-76.5072305739377,76.5072305739377,5853.3563300936685
2001-07-31 13:00:00,38216.0,38018.91721575821,197.08278424179298,197.08278424179298,38841.623844497124
2001-07-31 14:00:00,38723.0,38748.2920694903,-25.29206949030049,25.29206949030049,639.688779102189
2001-07-31 15:00:00,39211.0,38957.95085067644,253.0491493235604,253.0491493235604,64033.87197337757
2001-07-31 16:00:00,39486.0,39293.59853027403,192.40146972596995,192.40146972596995,37018.32555271333
2001-07-31 17:00:00,39273.0,39307.097396252895,-34.09739625289512,34.09739625289512,1162.6324312269464
2001-07-31 18:00:00,38116.0,38137.53481269222,-21.53481269221811,21.53481269221811,463.74815768891824
2001-07-31 19:00:00,36536.0,36848.11475731069,-312.1147573106864,312.1147573106864,97415.62173110867
2001-07-31 20:00:00,36210.0,35991.42109361758,218.57890638241952,218.57890638241952,47776.738315334514
2001-07-31 21:00:00,35701.0,35658.04075840793,42.95924159207061,42.95924159207061,1845.4964381658895
2001-07-31 22:00:00,32842.0,33252.73238211528,-410.73238211528223,410.73238211528223,168701.0897180942
2001-07-31 23:00:00,29553.0,29898.034570315445,-345.0345703154453,345.0345703154453,119048.85471276398
2001-08-01 00:00:00,26928.0,27030.2842128941,-102.28421289410107,102.28421289410107,10462.060207365792
2001-08-01 01:00:00,25303.0,25331.09869033663,-28.09869033662835,28.09869033662835,789.5363986337314
2001-08-01 02:00:00,24293.0,24348.257132868115,-55.25713286811515,55.25713286811515,3053.3507328045316
2001-08-01 03:00:00,23789.0,23744.123347133813,44.876652866187214,44.876652866187214,2013.913972472269
2001-08-01 04:00:00,24002.0,23809.909762670854,192.09023732914648,192.09023732914648,36898.65927716782
2001-08-01 05:00:00,25209.0,25144.35883973016,64.64116026983902,64.64116026983902,4178.479601031015
2001-08-01 06:00:00,27414.0,27597.797490890458,-183.797490890458,183.797490890458,33781.51765762799
2001-08-01 07:00:00,30366.0,30176.231165468213,189.76883453178743,189.76883453178743,36012.21055955292
2001-08-01 08:00:00,33161.0,32810.96381683758,350.03618316241773,350.03618316241773,122525.32952291366
2001-08-01 09:00:00,35346.0,34840.129588753836,505.8704112461637,505.8704112461637,255904.8729743628
2001-08-01 10:00:00,37121.0,36836.55640447138,284.44359552861715,284.44359552861715,80908.15903724755
2001-08-01 11:00:00,39268.0,38156.59833305324,1111.40166694676,1111.40166694676,1235213.665292037
2001-08-01 12:00:00,40325.0,40207.67665840733,117.32334159267339,117.32334159267339,13764.766482471125
2001-08-01 13:00:00,41589.0,41213.22228704803,375.77771295196726,375.77771295196726,141208.8895514111
2001-08-01 14:00:00,42385.0,42072.99668509043,312.00331490956887,312.00331490956887,97346.0685145596
2001-08-01 15:00:00,42848.0,42769.30567696684,78.69432303315989,78.69432303315989,6192.796477647319
2001-08-01 16:00:00,43358.0,43164.89214539914,193.10785460085754,193.10785460085754,37290.64350854594
2001-08-01 17:00:00,43391.0,43191.672004761924,199.32799523807626,199.32799523807626,39731.64968563055
2001-08-01 18:00:00,42312.0,42352.063945137095,-40.06394513709529,40.06394513709529,1605.1196999481813
2001-08-01 19:00:00,40609.0,40813.571579186515,-204.571579186515,204.571579186515,41849.53101086458
2001-08-01 20:00:00,40072.0,40034.05969380875,37.9403061912526,37.9403061912526,1439.4668338860006
2001-08-01 21:00:00,39171.0,39271.2733456379,-100.27334563789918,100.27334563789918,10054.743845417595
2001-08-01 22:00:00,35878.0,36393.771829870144,-515.7718298701438,515.7718298701438,266020.5804875966
2001-08-01 23:00:00,32497.0,32703.561727610697,-206.56172761069683,206.56172761069683,42667.74731351571
2001-08-02 00:00:00,29115.0,29485.5722286737,-370.5722286737,370.5722286737,137323.77666419302
2001-08-02 01:00:00,27367.0,27413.43364384484,-46.433643844840844,46.433643844840844,2156.083280709526
2001-08-02 02:00:00,26103.0,26254.2189933551,-151.2189933551017,151.2189933551017,22867.18395133029
2001-08-02 03:00:00,25356.0,25477.63471025572,-121.63471025571926,121.63471025571926,14795.002738992775
2001-08-02 04:00:00,25492.0,25220.911442787583,271.0885572124171,271.0885572124171,73489.00585150992
2001-08-02 05:00:00,26579.0,26641.04832906005,-62.04832906004958,62.04832906004958,3849.9951391441937
2001-08-02 06:00:00,28541.0,28911.422668890365,-370.42266889036546,370.42266889036546,137212.9536278613
2001-08-02 07:00:00,31570.0,31430.23699050184,139.7630094981614,139.7630094981614,19533.698823983155
2001-08-02 08:00:00,34344.0,34266.97956619389,77.02043380610849,77.02043380610849,5932.147223681139
2001-08-02 09:00:00,36879.0,36231.84437448907,647.1556255109317,647.1556255109317,418810.4036304453
2001-08-02 10:00:00,39060.0,38679.02365983685,380.97634016314987,380.97634016314987,145142.97176410808
2001-08-02 11:00:00,40891.0,40742.51202857144,148.48797142856347,148.48797142856347,22048.677658969882
2001-08-02 12:00:00,42272.0,42192.89725396824,79.1027460317564,79.1027460317564,6257.2444297645525
2001-08-02 13:00:00,43522.0,43209.575351875894,312.42464812410617,312.42464812410617,97609.16075547156
2001-08-02 14:00:00,44393.0,43911.24400532763,481.75599467237043,481.75599467237043,232088.83840276502
2001-08-02 15:00:00,45330.0,44725.67348088864,604.3265191113605,604.3265191113605,365210.5417012536
2001-08-02 16:00:00,45820.0,45290.34513095236,529.6548690476411,529.6548690476411,280534.28030587384
2001-08-02 17:00:00,45681.0,45356.21179285715,324.78820714284666,324.78820714284666,105487.37949906467
2001-08-02 18:00:00,44183.0,44722.025512781955,-539.0255127819546,539.0255127819546,290548.5034298491
2001-08-02 19:00:00,42105.0,43053.917860317466,-948.917860317466,948.917860317466,900445.1056294779
2001-08-02 20:00:00,41337.0,41512.6451680077,-175.6451680077007,175.6451680077007,30851.225044453407
2001-08-02 21:00:00,40392.0,40824.1795800488,-432.1795800488035,432.1795800488035,186779.18941116013
2001-08-02 22:00:00,36954.0,37507.55018571429,-553.5501857142881,553.5501857142881,306417.8081043228
2001-08-02 23:00:00,33299.0,33809.438302521026,-510.43830252102634,510.43830252102634,260547.2606805468
2001-08-03 00:00:00,30226.0,30488.248548019765,-262.2485480197647,262.2485480197647,68774.30093847484
2001-08-03 01:00:00,28566.0,28300.650703112246,265.34929688775446,265.34929688775446,70410.24935882566
2001-08-03 02:00:00,27334.0,27212.7657990468,121.23420095320034,121.23420095320034,14697.731480760964
2001-08-03 03:00:00,26570.0,26451.774171647576,118.22582835242429,118.22582835242429,13977.34648961689
2001-08-03 04:00:00,26662.0,26471.08873710358,190.91126289642125,190.91126289642125,36447.11030070647
2001-08-03 05:00:00,27899.0,27947.643633711108,-48.64363371110812,48.64363371110812,2366.2031006204547
2001-08-03 06:00:00,30085.0,30304.96849164825,-219.96849164825107,219.96849164825107,48386.1373180067
2001-08-03 07:00:00,32794.0,32917.339387754,-123.3393877540002,123.3393877540002,15212.604571531614
2001-08-03 08:00:00,35304.0,35477.644422950936,-173.64442295093613,173.64442295093613,30152.385621963596
2001-08-03 09:00:00,37448.0,37412.69600010413,35.30399989587022,35.30399989587022,1246.3724086476045
2001-08-03 10:00:00,39289.0,39391.27512507899,-102.27512507898791,102.27512507898791,10460.201209922623
2001-08-03 11:00:00,40983.0,40900.612641486274,82.38735851372621,82.38735851372621,6787.676842869255
2001-08-03 12:00:00,42165.0,42156.93581671223,8.06418328777363,8.06418328777363,65.03105209880752
2001-08-03 13:00:00,43322.0,43115.34353383279,206.65646616720915,206.65646616720915,42706.89500871886
2001-08-03 14:00:00,44137.0,43899.401388336904,237.59861166309565,237.59861166309565,56453.10026423053
2001-08-03 15:00:00,44573.0,44416.76837817487,156.23162182512897,156.23162182512897,24408.319658110115
2001-08-03 16:00:00,44391.0,44687.05471976183,-296.0547197618289,296.0547197618289,87648.39709325504
2001-08-03 17:00:00,44061.0,44108.36339599721,-47.36339599720668,47.36339599720668,2243.2912803882136
2001-08-03 18:00:00,42548.0,42965.663140853605,-417.663140853605,417.663140853605,174442.49922769828
2001-08-03 19:00:00,40796.0,41589.24283618095,-793.2428361809507,793.2428361809507,629234.1971523985
2001-08-03 20:00:00,40462.0,40085.22746579405,376.77253420594934,376.77253420594934,141957.54253197327
2001-08-03 21:00:00,39515.0,39608.43940348026,-93.43940348026081,93.43940348026081,8730.922122746975
2001-08-03 22:00:00,36721.0,36882.96493571429,-161.96493571429164,161.96493571429164,26232.640400934622
2001-08-03 23:00:00,33698.0,33613.853980875996,84.14601912400394,84.14601912400394,7080.552534417237
2001-08-04 00:00:00,30952.0,30684.941243126963,267.05875687303705,267.05875687303705,71320.37962257191
2001-08-04 01:00:00,29139.0,29008.210526298546,130.78947370145397,130.78947370145397,17105.88643110332
2001-08-04 02:00:00,27799.0,27933.162494586108,-134.16249458610764,134.16249458610764,17999.57495356736
2001-08-04 03:00:00,26898.0,27122.286858130665,-224.28685813066477,224.28685813066477,50304.59473012495
2001-08-04 04:00:00,26500.0,26622.75410970483,-122.75410970483063,122.75410970483063,15068.571449425592
2001-08-04 05:00:00,26890.0,26794.98633047617,95.01366952382887,95.01366952382887,9027.597396383366
2001-08-04 06:00:00,27358.0,28162.528750421567,-804.5287504215667,804.5287504215667,647266.5102548875
2001-08-04 07:00:00,28590.0,29277.690812087607,-687.6908120876069,687.6908120876069,472918.65302971227
2001-08-04 08:00:00,31238.0,30677.391374653627,560.6086253463727,560.6086253463727,314282.0308127497
2001-08-04 09:00:00,33773.0,33810.26861301713,-37.26861301712779,37.26861301712779,1388.949516220427
2001-08-04 10:00:00,35789.0,35601.57564836114,187.42435163885966,187.42435163885966,35127.887587246914
2001-08-04 11:00:00,37035.0,36980.97967903013,54.02032096986659,54.02032096986659,2918.195077687408
2001-08-04 12:00:00,38041.0,38055.30639680856,-14.306396808562567,14.306396808562567,204.6729896440492
2001-08-04 13:00:00,38804.0,38461.73219637959,342.2678036204088,342.2678036204088,117147.24939513873
2001-08-04 14:00:00,39306.0,39210.42904274896,95.57095725103864,95.57095725103864,9133.807869879854
2001-08-04 15:00:00,39147.0,39648.10548697917,-501.10548697916965,501.10548697916965,251106.70908063077
2001-08-04 16:00:00,38815.0,39257.84924493017,-442.84924493017024,442.84924493017024,196115.4537352219
2001-08-04 17:00:00,38034.0,38586.003777830796,-552.003777830796,552.003777830796,304708.1707394708
2001-08-04 18:00:00,36966.0,37312.11608207494,-346.1160820749428,346.1160820749428,119796.34227090856
2001-08-04 19:00:00,35927.0,36157.30347318809,-230.30347318809072,230.30347318809072,53039.68976249762
2001-08-04 20:00:00,35929.0,35587.8531964878,341.1468035122016,341.1468035122016,116381.14154659267
2001-08-04 21:00:00,35506.0,35524.464895078876,-18.464895078875998,18.464895078875998,340.952350273899
2001-08-04 22:00:00,33515.0,33260.81939548537,254.18060451462952,254.18060451462952,64607.7797114225
2001-08-04 23:00:00,31106.0,30809.023102458275,296.9768975417246,296.9768975417246,88195.277673508
2001-08-05 00:00:00,28706.0,28443.992434363383,262.0075656366171,262.0075656366171,68647.9644508262
2001-08-05 01:00:00,27116.0,26967.246238026306,148.75376197369405,148.75376197369405,22127.681701326426
2001-08-05 02:00:00,25930.0,25985.444877974038,-55.44487797403781,55.44487797403781,3074.1344935559428
2001-08-05 03:00:00,25103.0,25279.72882393836,-176.7288239383597,176.7288239383597,31233.077210635744
2001-08-05 04:00:00,24658.0,24893.713264492937,-235.71326449293701,235.71326449293701,55560.74305791728
2001-08-05 05:00:00,24658.0,24758.303770287355,-100.30377028735529,100.30377028735529,10060.846333858539
2001-08-05 06:00:00,24613.0,25028.42409157396,-415.42409157396105,415.42409157396105,172577.17586005077
2001-08-05 07:00:00,25778.0,25516.75209121913,261.2479087808715,261.2479087808715,68250.46984237856
2001-08-05 08:00:00,28322.0,27968.580806041336,353.4191939586635,353.4191939586635,124905.12665839143
2001-08-05 09:00:00,31009.0,30680.01357509142,328.9864249085804,328.9864249085804,108232.067774129
2001-08-05 10:00:00,33676.0,32934.41970894423,741.5802910557686,741.5802910557686,549941.3280823585
2001-08-05 11:00:00,35949.0,35405.546001135444,543.4539988645556,543.4539988645556,295342.2488818764
2001-08-05 12:00:00,38173.0,37121.1909437466,1051.809056253398,1051.809056253398,1106302.2908166638
2001-08-05 13:00:00,39634.0,39187.89895331578,446.1010466842199,446.1010466842199,199006.14385275656
2001-08-05 14:00:00,40718.0,40369.79430186219,348.20569813781185,348.20569813781185,121247.20821564095
2001-08-05 15:00:00,41496.0,41251.912765649606,244.08723435039428,244.08723435039428,59578.5779728243
2001-08-05 16:00:00,42239.0,41762.98087242784,476.01912757215905,476.01912757215905,226594.20981455944
2001-08-05 17:00:00,42546.0,42262.0735423596,283.9264576404021,283.9264576404021,80614.23334822703
2001-08-05 18:00:00,41781.0,41786.42460028556,-5.424600285557972,5.424600285557972,29.42628825807563
2001-08-05 19:00:00,40564.0,41209.71115551723,-645.7111555172305,645.7111555172305,416942.89635939704
2001-08-05 20:00:00,40825.0,39889.26701162006,935.7329883799393,935.7329883799393,875596.2255424517
2001-08-05 21:00:00,40486.0,39882.65920986465,603.3407901353494,603.3407901353494,364020.1090411477
2001-08-05 22:00:00,37997.0,37825.962808633456,171.037191366544,171.037191366544,29253.72083055579
2001-08-05 23:00:00,34760.0,34986.523047619026,-226.52304761902633,226.52304761902633,51312.69110261167
2001-08-06 00:00:00,32050.0,31943.71712945318,106.28287054682005,106.28287054682005,11296.048571672109
2001-08-06 01:00:00,30370.0,29663.29587224729,706.7041277527096,706.7041277527096,499430.7241827181
2001-08-06 02:00:00,29142.0,28409.96761238931,732.0323876106886,732.0323876106886,535871.4165110055
2001-08-06 03:00:00,28533.0,28401.659931297552,131.34006870244775,131.34006870244775,17250.213646763696
2001-08-06 04:00:00,28691.0,28444.30523173265,246.694768267349,246.694768267349,60858.30869048102
2001-08-06 05:00:00,29881.0,29524.81701060661,356.18298939339,356.18298939339,126866.32193321179
2001-08-06 06:00:00,32056.0,31764.632784902733,291.36721509726704,291.36721509726704,84894.85403353708
2001-08-06 07:00:00,35399.0,35241.066415645655,157.93358435434493,157.93358435434493,24943.017067010987
2001-08-06 08:00:00,38917.0,37601.2596532227,1315.7403467772965,1315.7403467772965,1731172.6601376405
2001-08-06 09:00:00,42116.0,40588.27828644692,1527.721713553081,1527.721713553081,2333933.634061562
2001-08-06 10:00:00,45127.0,43834.753109523816,1292.2468904761845,1292.2468904761845,1669902.025945368
2001-08-06 11:00:00,47571.0,45710.760926190465,1860.2390738095346,1860.2390738095346,3460489.4117277553
2001-08-06 12:00:00,49200.0,47948.804133333324,1251.195866666676,1251.195866666676,1565491.0967637745
2001-08-06 13:00:00,50355.0,49457.847695238146,897.1523047618539,897.1523047618539,804882.2579395063
2001-08-06 14:00:00,51164.0,49900.11050000005,1263.8894999999466,1263.8894999999466,1597416.6682101148
2001-08-06 15:00:00,51490.0,50162.37277619051,1327.6272238094898,1327.6272238094898,1762594.045400093
2001-08-06 16:00:00,51660.0,50055.244895238095,1604.7551047619054,1604.7551047619054,2575238.946259394
2001-08-06 17:00:00,51349.0,49788.896095238095,1560.1039047619051,1560.1039047619051,2433924.1936533437
2001-08-06 18:00:00,50378.0,48941.86470476191,1436.1352952380912,1436.1352952380912,2062484.5862285993
2001-08-06 19:00:00,49011.0,48090.87479047623,920.1252095237724,920.1252095237724,846630.401201166
2001-08-06 20:00:00,48781.0,47283.40188571432,1497.5981142856836,1497.5981142856836,2242800.1119120354
2001-08-06 21:00:00,47438.0,46357.47528571428,1080.5247142857188,1080.5247142857188,1167533.6581822343
2001-08-06 22:00:00,43531.0,44459.94132380952,-928.9413238095221,928.9413238095221,862931.9830809875
2001-08-06 23:00:00,39474.0,40441.47919523812,-967.4791952381202,967.4791952381202,936015.9932186006
2001-08-07 00:00:00,36295.0,36303.6330142857,-8.633014285696845,8.633014285696845,74.5289356570458
2001-08-07 01:00:00,34462.0,33043.87669366517,1418.1233063348336,1418.1233063348336,2011073.7119700403
2001-08-07 02:00:00,32919.0,32289.134576190478,629.8654238095223,629.8654238095223,396730.4521107492
2001-08-07 03:00:00,31924.0,32630.05330132911,-706.0533013291097,706.0533013291097,498511.2643177345
2001-08-07 04:00:00,31720.0,31706.51286950379,13.487130496210739,13.487130496210739,181.90268902181774
2001-08-07 05:00:00,32931.0,32114.409534837865,816.5904651621349,816.5904651621349,666819.987793712
2001-08-07 06:00:00,34803.0,34916.00461948052,-113.00461948051816,113.00461948051816,12770.044023936704
2001-08-07 07:00:00,38172.0,37385.21087236931,786.7891276306909,786.7891276306909,619037.1313578637
2001-08-07 08:00:00,41100.0,40020.00290317461,1079.997096825391,1079.997096825391,1166393.7291512731
2001-08-07 09:00:00,44240.0,43140.19210000004,1099.8078999999634,1099.8078999999634,1209577.4169023295
2001-08-07 10:00:00,46948.0,45734.84174761909,1213.158252380912,1213.158252380912,1471752.9453199087
2001-08-07 11:00:00,48884.0,47860.96571904761,1023.0342809523936,1023.0342809523936,1046599.140003781
2001-08-07 12:00:00,50155.0,50090.287457142855,64.71254285714531,64.71254285714531,4187.713203037868
2001-08-07 13:00:00,51407.0,50262.25177142856,1144.7482285714432,1144.7482285714432,1310448.506817457
2001-08-07 14:00:00,52394.0,50746.02660952376,1647.9733904762397,1647.9733904762397,2715816.295717753
2001-08-07 15:00:00,53076.0,51443.256152380796,1632.7438476192037,1632.7438476192037,2665852.4719383614
2001-08-07 16:00:00,53253.0,51526.54005238079,1726.4599476192088,1726.4599476192088,2980663.9507333213
2001-08-07 17:00:00,52964.0,51159.8815380951,1804.1184619049018,1804.1184619049018,3254843.4245861084
2001-08-07 18:00:00,52019.0,50920.735976190364,1098.2640238096355,1098.2640238096355,1206183.8659945317
2001-08-07 19:00:00,50606.0,50471.53079999994,134.46920000005775,134.46920000005775,18081.965748655533
2001-08-07 20:00:00,50382.0,49101.63854285718,1280.3614571428188,1280.3614571428188,1639325.4609368823
2001-08-07 21:00:00,48918.0,48469.60766666669,448.39233333330776,448.39233333330776,201055.6845920882
2001-08-07 22:00:00,45123.0,47000.68385714289,-1877.6838571428889,1877.6838571428889,3525696.667374997
2001-08-07 23:00:00,41378.0,42324.32371904766,-946.3237190476575,946.3237190476575,895528.5812321898
2001-08-08 00:00:00,37867.0,38425.977300000006,-558.9773000000059,558.9773000000059,312455.62191529665
2001-08-08 01:00:00,35938.0,35375.07237838831,562.9276216116923,562.9276216116923,316887.50717339665
2001-08-08 02:00:00,34450.0,33843.74871428571,606.2512857142865,606.2512857142865,367540.62143022544
2001-08-08 03:00:00,33379.0,33661.726608034594,-282.7266080345944,282.7266080345944,79934.33489074718
2001-08-08 04:00:00,33292.0,33304.86039456125,-12.86039456124854,12.86039456124854,165.38974827099105
2001-08-08 05:00:00,34346.0,33705.82356435698,640.1764356430213,640.1764356430213,409825.8687526033
2001-08-08 06:00:00,36465.0,36194.283720204774,270.716279795226,270.716279795226,73287.3041461671
2001-08-08 07:00:00,39673.0,38818.62220606061,854.3777939393913,854.3777939393913,729961.414776741
2001-08-08 08:00:00,42910.0,41297.38642857141,1612.613571428592,1612.613571428592,2600522.5307556787
2001-08-08 09:00:00,45912.0,44324.25066190475,1587.749338095251,1587.749338095251,2520947.960621908
2001-08-08 10:00:00,48768.0,46935.13105714286,1832.8689428571379,1832.8689428571379,3359408.561690242
2001-08-08 11:00:00,50772.0,49953.63609523809,818.3639047619072,818.3639047619072,669719.4806171559
2001-08-08 12:00:00,52033.0,50983.68691428567,1049.3130857143333,1049.3130857143333,1101057.9518513358
2001-08-08 13:00:00,52815.0,51462.83961904747,1352.1603809525332,1352.1603809525332,1828337.6958176997
2001-08-08 14:00:00,53427.0,51563.45824761887,1863.5417523811266,1863.5417523811266,3472787.86286772
2001-08-08 15:00:00,53604.0,51569.51550952365,2034.4844904763522,2034.4844904763522,4139127.1419888227
2001-08-08 16:00:00,53789.0,51568.23812380936,2220.7618761906415,2220.7618761906415,4931783.310741778
2001-08-08 17:00:00,53356.0,51476.84573809507,1879.1542619049287,1879.1542619049287,3531220.7400354575
2001-08-08 18:00:00,52307.0,51175.04706666654,1131.9529333334576,1131.9529333334576,1281317.443282219
2001-08-08 19:00:00,51468.0,50811.72290952374,656.2770904762583,656.2770904762583,430699.6194839829
2001-08-08 20:00:00,51036.0,50302.29309999995,733.7069000000483,733.7069000000483,538325.815107681
2001-08-08 21:00:00,49396.0,49587.20054761907,-191.20054761906795,191.20054761906795,36557.64940983147
2001-08-08 22:00:00,45586.0,47952.68951428575,-2366.6895142857466,2366.6895142857466,5601219.257030103
2001-08-08 23:00:00,41424.0,43063.792823809556,-1639.7928238095556,1639.7928238095556,2688920.505017316
2001-08-09 00:00:00,38326.0,39289.38741428572,-963.3874142857167,963.3874142857167,928115.3100041191
2001-08-09 01:00:00,36169.0,35982.6233069597,186.37669304029987,186.37669304029987,34736.27170863816
2001-08-09 02:00:00,34679.0,34015.296042857146,663.703957142854,663.703957142854,440502.94272708346
2001-08-09 03:00:00,33636.0,34001.31291401392,-365.3129140139208,365.3129140139208,133453.5251453423
2001-08-09 04:00:00,33335.0,33584.971255510834,-249.97125551083445,249.97125551083445,62485.62858166288
2001-08-09 05:00:00,34362.0,33796.133295893844,565.8667041061562,565.8667041061562,320205.1268159642
2001-08-09 06:00:00,36291.0,36064.48776089743,226.5122391025725,226.5122391025725,51307.79446326097
2001-08-09 07:00:00,39526.0,38743.598282251085,782.401717748915,782.401717748915,612152.4479364528
2001-08-09 08:00:00,43024.0,41119.88705714285,1904.1129428571512,1904.1129428571512,3625646.099156121
2001-08-09 09:00:00,46245.0,44591.36047142859,1653.6395285714098,1653.6395285714098,2734523.6904538744
2001-08-09 10:00:00,49193.0,47306.18981904759,1886.8101809524087,1886.8101809524087,3560052.658945661
2001-08-09 11:00:00,51544.0,49979.69114285714,1564.3088571428598,1564.3088571428598,2447062.2005356
2001-08-09 12:00:00,52527.0,51013.506747618994,1513.4932523810057,1513.4932523810057,2290661.8250028347
2001-08-09 13:00:00,53654.0,51497.63791904746,2156.3620809525382,2156.3620809525382,4649897.424169961
2001-08-09 14:00:00,54030.0,51567.157890476024,2462.8421095239755,2462.8421095239755,6065591.256444505
2001-08-09 15:00:00,53631.0,51575.18690952365,2055.813090476353,2055.813090476353,4226367.462973934
2001-08-09 16:00:00,53618.0,51571.997509523644,2046.002490476356,2046.002490476356,4186126.191035451
2001-08-09 17:00:00,53455.0,51500.98483809507,1954.0151619049284,1954.0151619049284,3818175.2529543433
2001-08-09 18:00:00,52868.0,51194.819833333204,1673.1801666667961,1673.1801666667961,2799531.8701271275
2001-08-09 19:00:00,51947.0,50851.012499999924,1095.9875000000757,1095.9875000000757,1201188.600156416
2001-08-09 20:00:00,52344.0,50427.21066190471,1916.7893380952883,1916.7893380952883,3674081.3666357733
2001-08-09 21:00:00,51163.0,49711.26067142859,1451.7393285714134,1451.7393285714134,2107547.078120978
2001-08-09 22:00:00,47650.0,49130.08541904766,-1480.0854190476603,1480.0854190476603,2190652.847677488
2001-08-09 23:00:00,44058.0,46339.65989047624,-2281.659890476243,2281.659890476243,5205971.855808062
2001-08-10 00:00:00,40662.0,41846.01465714286,-1184.0146571428631,1184.0146571428631,1401890.7083291318
2001-08-10 01:00:00,38621.0,37952.37058095238,668.6294190476183,668.6294190476183,447065.3000159555
2001-08-10 02:00:00,36988.0,36405.44284761904,582.5571523809631,582.5571523809631,339372.83579021663
2001-08-10 03:00:00,35966.0,36303.30717619049,-337.30717619048664,337.30717619048664,113776.1311096
2001-08-10 04:00:00,35613.0,35567.355765363514,45.644234636485635,45.644234636485635,2083.396155550555
2001-08-10 05:00:00,36622.0,36161.5825601578,460.4174398421965,460.4174398421965,211984.2189108426
2001-08-10 06:00:00,38472.0,38339.55221904762,132.44778095238144,132.44778095238144,17542.414679210015
2001-08-10 07:00:00,41347.0,40258.68680952383,1088.3131904761685,1088.3131904761685,1184425.6005644172
2001-08-10 08:00:00,44482.0,42870.608995238086,1611.3910047619138,1611.3910047619138,2596580.97022761
2001-08-10 09:00:00,47163.0,45487.16318571431,1675.8368142856925,1675.8368142856925,2808429.0281152185
2001-08-10 10:00:00,49410.0,47586.507928571424,1823.4920714285763,1823.4920714285763,3325123.33456288
2001-08-10 11:00:00,51109.0,49800.5368,1308.4631999999983,1308.4631999999983,1712075.9457542356
2001-08-10 12:00:00,51907.0,50986.67362857138,920.3263714286222,920.3263714286222,847000.6299469743
2001-08-10 13:00:00,52122.0,51503.89222380936,618.1077761906417,618.1077761906417,382057.2229873405
2001-08-10 14:00:00,50703.0,51567.157890476024,-864.1578904760245,864.1578904760245,746768.8596719727
2001-08-10 15:00:00,48723.0,51539.60297619033,-2816.6029761903264,2816.6029761903264,7933252.325484205
2001-08-10 16:00:00,47538.0,50164.69724761894,-2626.6972476189403,2626.6972476189403,6899538.430648916
2001-08-10 17:00:00,46509.0,47447.192576190486,-938.1925761904859,938.1925761904859,880205.3100189406
2001-08-10 18:00:00,45206.0,45484.34425714283,-278.34425714283134,278.34425714283134,77475.52548439462
2001-08-10 19:00:00,43753.0,44109.97198627455,-356.9719862745478,356.9719862745478,127428.99898479595
2001-08-10 20:00:00,43541.0,43083.341219047696,457.65878095230437,457.65878095230437,209451.5597827493
2001-08-10 21:00:00,42027.0,42661.07523809525,-634.0752380952472,634.0752380952472,402051.4075655444
2001-08-10 22:00:00,39761.0,40387.59515714286,-626.5951571428595,626.5951571428595,392621.49095488485
2001-08-10 23:00:00,37034.0,37794.13020952379,-760.1302095237916,760.1302095237916,577797.9354306833
2001-08-11 00:00:00,34088.0,35486.126028571416,-1398.126028571416,1398.126028571416,1954756.3917688802
2001-08-11 01:00:00,32229.0,33311.737259523805,-1082.7372595238048,1082.7372595238048,1172319.973161119
2001-08-11 02:00:00,31143.0,31603.142238095228,-460.1422380952281,460.1422380952281,211730.87927928558
2001-08-11 03:00:00,30221.0,31284.524547619054,-1063.524547619054,1063.524547619054,1131084.4633883133
2001-08-11 04:00:00,29777.0,31214.200250793663,-1437.2002507936631,1437.2002507936631,2065544.5608813684
2001-08-11 05:00:00,29952.0,30592.72170158732,-640.7217015873211,640.7217015873211,410524.2988849522
2001-08-11 06:00:00,30561.0,31067.266421367527,-506.2664213675271,506.2664213675271,256305.6894042825
2001-08-11 07:00:00,31596.0,33003.36830799353,-1407.368307993529,1407.368307993529,1980685.5543445686
2001-08-11 08:00:00,33825.0,34573.26450205054,-748.264502050537,748.264502050537,559899.7650289381
2001-08-11 09:00:00,36054.0,36416.535263760685,-362.53526376068476,362.53526376068476,131431.81747002926
2001-08-11 10:00:00,37533.0,37824.62919270885,-291.6291927088532,291.6291927088532,85047.58604001746
2001-08-11 11:00:00,38286.0,39075.66102198022,-789.6610219802169,789.6610219802169,623564.5296348406
2001-08-11 12:00:00,38385.0,38747.21975577031,-362.21975577031117,362.21975577031117,131203.15147030386
2001-08-11 13:00:00,37929.0,38512.950516493926,-583.9505164939255,583.9505164939255,340998.2057135224
2001-08-11 14:00:00,37320.0,37810.93246252507,-490.9324625250665,490.9324625250665,241014.68276092585
2001-08-11 15:00:00,36471.0,37139.97518174413,-668.9751817441283,668.9751817441283,447527.79378958954
2001-08-11 16:00:00,35705.0,36286.15568869196,-581.155688691957,581.155688691957,337741.9344990229
2001-08-11 17:00:00,35167.0,35281.872017433416,-114.87201743341575,114.87201743341575,13195.580389222972
2001-08-11 18:00:00,34820.0,35096.88903443282,-276.8890344328174,276.8890344328174,76667.53738913796
2001-08-11 19:00:00,34539.0,34904.82525555555,-365.82525555555185,365.82525555555185,133828.11760228482
2001-08-11 20:00:00,35091.0,34742.28230328006,348.71769671994116,348.71769671994116,121604.03200566086
2001-08-11 21:00:00,34617.0,35638.4758456044,-1021.4758456044001,1021.4758456044001,1043412.9031532243
2001-08-11 22:00:00,32964.0,33692.45189291475,-728.4518929147525,728.4518929147525,530642.1602910861
2001-08-11 23:00:00,30961.0,31261.246814482365,-300.24681448236515,300.24681448236515,90148.1496068078
2001-08-12 00:00:00,28855.0,29192.51829058163,-337.5182905816291,337.5182905816291,113918.59647714502
2001-08-12 01:00:00,27333.0,27710.266354540312,-377.266354540312,377.266354540312,142329.90226813641
2001-08-12 02:00:00,26362.0,26593.236309224856,-231.2363092248561,231.2363092248561,53470.230703933266
2001-08-12 03:00:00,26009.0,25932.630650773153,76.36934922684668,76.36934922684668,5832.277501332068
2001-08-12 04:00:00,25674.0,26005.87478565257,-331.8747856525697,331.8747856525697,110140.87335193908
2001-08-12 05:00:00,25782.0,26161.886709353505,-379.88670935350456,379.88670935350456,144313.91194343404
2001-08-12 06:00:00,26176.0,26849.888598173573,-673.888598173573,673.888598173573,454125.8427483433
2001-08-12 07:00:00,27045.0,27584.186324758557,-539.186324758557,539.186324758557,290721.8928066401
2001-08-12 08:00:00,29009.0,29011.55006647626,-2.5500664762585075,2.5500664762585075,6.502839033337481
2001-08-12 09:00:00,31266.0,31018.42641988978,247.57358011022006,247.57358011022006,61292.67756859155
2001-08-12 10:00:00,32945.0,32679.324177685463,265.6758223145371,265.6758223145371,70583.64256250547
2001-08-12 11:00:00,34109.0,33947.42196757444,161.5780324255611,161.5780324255611,26107.460562515676
2001-08-12 12:00:00,34768.0,34622.582629242876,145.41737075712444,145.41737075712444,21146.21171791499
2001-08-12 13:00:00,35160.0,34965.32504724409,194.67495275590773,194.67495275590773,37898.3372305149
2001-08-12 14:00:00,35207.0,35335.98311273427,-128.98311273426953,128.98311273426953,16636.64337062128
2001-08-12 15:00:00,35425.0,35147.797267546564,277.2027324534356,277.2027324534356,76841.354879651
2001-08-12 16:00:00,35788.0,35213.47442679217,574.5255732078294,574.5255732078294,330079.63426978496
2001-08-12 17:00:00,35972.0,35706.052247540625,265.9477524593749,265.9477524593749,70728.20703819295
2001-08-12 18:00:00,35989.0,35571.601383190784,417.39861680921604,417.39861680921604,174221.60531424676
2001-08-12 19:00:00,35896.0,35387.37578388411,508.624216115888,508.624216115888,258698.59321950152
2001-08-12 20:00:00,36413.0,35231.8837905757,1181.1162094242973,1181.1162094242973,1395035.5001648203
2001-08-12 21:00:00,35823.0,35488.371585046916,334.62841495308385,334.62841495308385,111976.17609401327
2001-08-12 22:00:00,33901.0,33964.773997619064,-63.773997619064176,63.773997619064176,4067.122772316403
2001-08-12 23:00:00,31519.0,31471.84134984768,47.15865015231975,47.15865015231975,2223.938284188888
2001-08-13 00:00:00,29479.0,29274.5241170423,204.47588295770038,204.47588295770038,41810.386711331186
2001-08-13 01:00:00,28036.0,27679.109931262552,356.890068737448,356.890068737448,127370.52116342037
2001-08-13 02:00:00,27292.0,27150.352148348262,141.64785165173816,141.64785165173816,20064.113877552823
2001-08-13 03:00:00,26888.0,26838.189152042818,49.81084795718198,49.81084795718198,2481.1205742135
2001-08-13 04:00:00,27136.0,27099.602367174757,36.39763282524291,36.39763282524291,1324.7876752812
2001-08-13 05:00:00,28661.0,28519.88735679134,141.1126432086603,141.1126432086603,19912.778073334663
2001-08-13 06:00:00,31150.0,30836.173438508355,313.8265614916454,313.8265614916454,98487.1106976695
2001-08-13 07:00:00,33960.0,33851.15880231371,108.84119768629171,108.84119768629171,11846.40631378643
2001-08-13 08:00:00,36558.0,36252.8067253189,305.19327468109987,305.19327468109987,93142.93491057327
2001-08-13 09:00:00,38591.0,37758.133454238254,832.8665457617462,832.8665457617462,693666.6830491029
2001-08-13 10:00:00,40371.0,39653.85937002451,717.140629975489,717.140629975489,514290.68316164124
2001-08-13 11:00:00,41737.0,41570.289319388765,166.71068061123515,166.71068061123515,27792.451029861255
2001-08-13 12:00:00,42704.0,42871.9968491823,-167.99684918230196,167.99684918230196,28222.94133518111
2001-08-13 13:00:00,43480.0,43512.48397284243,-32.48397284242674,32.48397284242674,1055.2084916275178
2001-08-13 14:00:00,43872.0,43935.196413388156,-63.196413388155634,63.196413388155634,3993.7866651266568
2001-08-13 15:00:00,44076.0,44026.44476615133,49.55523384866683,49.55523384866683,2455.7212017960546
2001-08-13 16:00:00,43938.0,43850.72968874645,87.27031125355279,87.27031125355279,7616.107226291982
2001-08-13 17:00:00,43441.0,43172.7219999778,268.2780000221974,268.2780000221974,71973.08529591013
2001-08-13 18:00:00,42086.0,42017.08339075296,68.91660924704047,68.91660924704047,4749.499030109264
2001-08-13 19:00:00,40802.0,41041.761538326544,-239.7615383265438,239.7615383265438,57485.59526071074
2001-08-13 20:00:00,40859.0,40169.931633770095,689.0683662299052,689.0683662299052,474815.21333875076
2001-08-13 21:00:00,39271.0,39434.98063801619,-163.9806380161899,163.9806380161899,26889.64964419671
2001-08-13 22:00:00,36085.0,36270.516683333335,-185.5166833333351,185.5166833333351,34416.43979500093
2001-08-13 23:00:00,32832.0,32877.73579528191,-45.735795281907485,45.735795281907485,2091.762970068551
2001-08-14 00:00:00,30104.0,30276.242855170098,-172.24285517009776,172.24285517009776,29667.60115714727
2001-08-14 01:00:00,28374.0,28220.772434231196,153.2275657688042,153.2275657688042,23478.686911433215
2001-08-14 02:00:00,27116.0,27245.950333248573,-129.95033324857286,129.95033324857286,16887.08911141514
2001-08-14 03:00:00,26479.0,26412.352584349963,66.64741565003715,66.64741565003715,4441.878012828816
2001-08-14 04:00:00,26634.0,26444.37351837541,189.62648162458936,189.62648162458936,35958.20253332073
2001-08-14 05:00:00,27949.0,27820.251648808207,128.7483511917926,128.7483511917926,16576.137934605165
2001-08-14 06:00:00,30226.0,30655.198694888528,-429.1986948885278,429.1986948885278,184211.5196940156
2001-08-14 07:00:00,32655.0,33036.396451824425,-381.39645182442473,381.39645182442473,145463.25346426072
2001-08-14 08:00:00,35092.0,35362.70849087491,-270.70849087490933,270.70849087490933,73283.08703177086
2001-08-14 09:00:00,37326.0,37282.13593215146,43.86406784853898,43.86406784853898,1924.056448221231
2001-08-14 10:00:00,39199.0,39030.868982946486,168.13101705351437,168.13101705351437,28268.03889544914
2001-08-14 11:00:00,41075.0,40667.161724603175,407.83827539682534,407.83827539682534,166332.05887865674
2001-08-14 12:00:00,42122.0,42238.54059925191,-116.54059925190813,116.54059925190813,13581.711273993851
2001-08-14 13:00:00,43033.0,43034.28861557884,-1.2886155788364704,1.2886155788364704,1.6605301100200516
2001-08-14 14:00:00,43658.0,43704.82271565507,-46.82271565507108,46.82271565507108,2192.3667013156382
2001-08-14 15:00:00,44083.0,44083.20100263326,-0.2010026332573034,0.2010026332573034,0.040402058576370005
2001-08-14 16:00:00,44273.0,44174.59663701906,98.40336298094189,98.40336298094189,9683.221845959006
2001-08-14 17:00:00,43877.0,43981.33410582626,-104.33410582625947,104.33410582625947,10885.605638565112
2001-08-14 18:00:00,42955.0,42726.73666861753,228.26333138246991,228.26333138246991,52104.148453823276
2001-08-14 19:00:00,42548.0,41751.98828633858,796.0117136614208,796.0117136614208,633634.6482861917
2001-08-14 20:00:00,40755.0,41552.08282072937,-797.0828207293671,797.0828207293671,635341.0231018843
2001-08-14 21:00:00,38957.0,40030.65700950176,-1073.6570095017596,1073.6570095017596,1152739.3740522615
2001-08-14 22:00:00,35776.0,35972.03975714287,-196.03975714286935,196.03975714286935,38431.58638063519
2001-08-14 23:00:00,32352.0,32640.11446459929,-288.11446459928993,288.11446459928993,83009.9447113355
2001-08-15 00:00:00,29645.0,29684.007445628187,-39.00744562818727,39.00744562818727,1521.5808144359862
2001-08-15 01:00:00,27706.0,27991.87924496138,-285.8792449613793,285.8792449613793,81726.94269968831
2001-08-15 02:00:00,26564.0,26644.589155308746,-80.58915530874583,80.58915530874583,6494.611953377156
2001-08-15 03:00:00,26001.0,25901.24807586062,99.75192413937839,99.75192413937839,9950.446369508301
2001-08-15 04:00:00,26013.0,25937.269613052405,75.73038694759452,75.73038694759452,5735.091507232395
2001-08-15 05:00:00,27291.0,27026.717738835214,264.2822611647862,264.2822611647862,69845.11356637225
2001-08-15 06:00:00,29671.0,29641.35753415911,29.64246584089051,29.64246584089051,878.6757811283607
2001-08-15 07:00:00,32272.0,32225.0129697983,46.98703020170069,46.98703020170069,2207.781007175533
2001-08-15 08:00:00,34680.0,34865.42458713772,-185.42458713772066,185.42458713772066,34382.27751519416
2001-08-15 09:00:00,36844.0,36570.729697410985,273.27030258901505,273.27030258901505,74676.65827709185
2001-08-15 10:00:00,38770.0,38653.10660793195,116.89339206805016,116.89339206805016,13664.065109174893
2001-08-15 11:00:00,40208.0,39963.505313166585,244.49468683341547,244.49468683341547,59777.651889769906
2001-08-15 12:00:00,41183.0,41391.32136141631,-208.32136141631054,208.32136141631054,43397.78962234507
2001-08-15 13:00:00,42377.0,42141.11198901218,235.88801098782278,235.88801098782278,55643.1537277912
2001-08-15 14:00:00,42996.0,42875.350323021754,120.64967697824613,120.64967697824613,14556.344554955136
2001-08-15 15:00:00,43368.0,43601.23549371159,-233.2354937115888,233.2354937115888,54398.79552688857
2001-08-15 16:00:00,43638.0,43540.4053207071,97.59467929290258,97.59467929290258,9524.721426284508
2001-08-15 17:00:00,43070.0,43374.43164052521,-304.43164052521024,304.43164052521024,92678.62375287083
2001-08-15 18:00:00,41673.0,41843.23267121763,-170.2326712176291,170.2326712176291,28979.162349889408
2001-08-15 19:00:00,39896.0,40468.93213691545,-572.9321369154495,572.9321369154495,328251.23351050337
2001-08-15 20:00:00,39973.0,39232.65956730058,740.3404326994205,740.3404326994205,548103.9562895652
2001-08-15 21:00:00,38458.0,39124.321954257684,-666.3219542576844,666.3219542576844,443984.9467257797
2001-08-15 22:00:00,35068.0,35471.126700000015,-403.12670000001526,403.12670000001526,162511.1362529023
2001-08-15 23:00:00,31792.0,32078.171981505442,-286.1719815054421,286.1719815054421,81894.40299875109
2001-08-16 00:00:00,29082.0,29130.85438813294,-48.854388132938766,48.854388132938766,2386.751239843828
2001-08-16 01:00:00,27126.0,27188.273749672917,-62.27374967291689,62.27374967291689,3878.0198983251166
2001-08-16 02:00:00,25916.0,26105.841302574918,-189.8413025749178,189.8413025749178,36039.72016334149
2001-08-16 03:00:00,25266.0,25245.335708668666,20.664291331333516,20.664291331333516,427.01293622622546
2001-08-16 04:00:00,25306.0,25233.669753137605,72.33024686239514,72.33024686239514,5231.664611175022
2001-08-16 05:00:00,26766.0,26421.12378906052,344.8762109394811,344.8762109394811,118939.60087197347
2001-08-16 06:00:00,29094.0,29122.553840489894,-28.553840489894355,28.553840489894355,815.3218067223303
2001-08-16 07:00:00,32040.0,31914.03897512145,125.96102487855023,125.96102487855023,15866.17978845475
2001-08-16 08:00:00,34399.0,34746.680933829404,-347.68093382940424,347.68093382940424,120882.03174848657
2001-08-16 09:00:00,36617.0,36196.84495980576,420.1550401942368,420.1550401942368,176530.25780062072
2001-08-16 10:00:00,38629.0,38338.23602381231,290.7639761876926,290.7639761876926,84543.68984847708
2001-08-16 11:00:00,40293.0,39910.06428293884,382.935717061162,382.935717061162,146639.7634011463
2001-08-16 12:00:00,41586.0,41102.448734476064,483.5512655239363,483.5512655239363,233821.82638980035
2001-08-16 13:00:00,42989.0,42342.99489402848,646.0051059715188,646.0051059715188,417322.5969412732
2001-08-16 14:00:00,43729.0,43622.62280111701,106.37719888299034,106.37719888299034,11316.108442191282
2001-08-16 15:00:00,44261.0,44194.79944191627,66.20055808372854,66.20055808372854,4382.513890597116
2001-08-16 16:00:00,44523.0,44321.32837213337,201.6716278666281,201.6716278666281,40671.445486375735
2001-08-16 17:00:00,44100.0,44183.993363457535,-83.99336345753545,83.99336345753545,7054.885104909652
2001-08-16 18:00:00,42505.0,43053.46985569989,-548.4698556998919,548.4698556998919,300819.1826114603
2001-08-16 19:00:00,40819.0,41221.16116016023,-402.16116016022715,402.16116016022715,161733.59874141988
2001-08-16 20:00:00,40995.0,40250.859631854946,744.1403681450538,744.1403681450538,553744.8875030562
2001-08-16 21:00:00,39572.0,40276.04290060611,-704.0429006061095,704.0429006061095,495676.4058938641
2001-08-16 22:00:00,36589.0,36617.787004761885,-28.787004761885328,28.787004761885328,828.6916431608086
2001-08-16 23:00:00,33435.0,33482.667057019775,-47.6670570197748,47.6670570197748,2272.148324926462
2001-08-17 00:00:00,30843.0,30554.91908282135,288.08091717864954,288.08091717864954,82990.61484249194
2001-08-17 01:00:00,29055.0,28840.45233676421,214.5476632357895,214.5476632357895,46030.69979993775
2001-08-17 02:00:00,28036.0,27940.394032976386,95.60596702361363,95.60596702361363,9140.500930520297
2001-08-17 03:00:00,27582.0,27312.63734337258,269.36265662742153,269.36265662742153,72556.2407853822
2001-08-17 04:00:00,27746.0,27543.287539880395,202.71246011960466,202.71246011960466,41092.341487742306
2001-08-17 05:00:00,29021.0,28661.84885131225,359.1511486877498,359.1511486877498,128989.54760373017
2001-08-17 06:00:00,31602.0,31158.54157546699,443.45842453301157,443.45842453301157,196655.3742893007
2001-08-17 07:00:00,34095.0,34355.792271188126,-260.7922711881256,260.7922711881256,68012.60871146084
2001-08-17 08:00:00,36734.0,36421.83772307146,312.16227692853863,312.16227692853863,97445.28713720964
2001-08-17 09:00:00,38673.0,38734.480571522356,-61.4805715223556,61.4805715223556,3779.8606747154827
2001-08-17 10:00:00,40368.0,40428.60275584417,-60.60275584417104,60.60275584417104,3672.6940159082073
2001-08-17 11:00:00,41184.0,41766.78505970694,-582.785059706941,582.785059706941,339638.42581762274
2001-08-17 12:00:00,41984.0,42102.47604615501,-118.47604615501041,118.47604615501041,14036.573512524157
2001-08-17 13:00:00,43103.0,42763.83018533366,339.16981466634024,339.16981466634024,115036.16318079959
2001-08-17 14:00:00,44133.0,43768.62817489581,364.3718251041864,364.3718251041864,132766.82692975583
2001-08-17 15:00:00,45029.0,44412.759851118586,616.2401488814139,616.2401488814139,379751.9210933872
2001-08-17 16:00:00,45399.0,44902.80946190476,496.19053809523757,496.19053809523757,246205.0500952414
2001-08-17 17:00:00,44890.0,44814.77289047618,75.22710952381749,75.22710952381749,5659.118007308432
2001-08-17 18:00:00,43417.0,43862.709609708065,-445.7096097080648,445.7096097080648,198657.05618611546
2001-08-17 19:00:00,41648.0,42137.44169480299,-489.44169480299024,489.44169480299024,239553.17261162345
2001-08-17 20:00:00,41440.0,41188.18083902709,251.81916097291105,251.81916097291105,63412.88983310089
2001-08-17 21:00:00,40101.0,40235.84098680208,-134.84098680208263,134.84098680208263,18182.09172175942
2001-08-17 22:00:00,36881.0,37234.413288095246,-353.41328809524566,353.41328809524566,124900.9522022931
2001-08-17 23:00:00,33407.0,33889.00996659028,-482.0099665902817,482.0099665902817,232333.60789236447
2001-08-18 00:00:00,30339.0,30726.786725748298,-387.7867257482976,387.7867257482976,150378.5446665854
2001-08-18 01:00:00,28204.0,28660.195757499096,-456.19575749909563,456.19575749909563,208114.56916017368
2001-08-18 02:00:00,26784.0,27170.982743205048,-386.9827432050479,386.9827432050479,149755.64353850402
2001-08-18 03:00:00,25566.0,26138.36764239927,-572.3676423992692,572.3676423992692,327604.71806569776
2001-08-18 04:00:00,25074.0,25473.547745583433,-399.5477455834334,399.5477455834334,159638.40100080403
2001-08-18 05:00:00,25126.0,25493.512328538127,-367.5123285381269,367.5123285381269,135065.31162751612
2001-08-18 06:00:00,25427.0,26117.719719543187,-690.7197195431872,690.7197195431872,477093.7309658192
2001-08-18 07:00:00,26896.0,26849.46413969084,46.535860309159034,46.535860309159034,2165.5862947135633
2001-08-18 08:00:00,30040.0,29715.502986163214,324.4970138367862,324.4970138367862,105298.31198899142
2001-08-18 09:00:00,32968.0,32876.33770767235,91.66229232765181,91.66229232765181,8401.975834759896
2001-08-18 10:00:00,35125.0,35147.245744246015,-22.24574424601451,22.24574424601451,494.8731370590877
2001-08-18 11:00:00,36553.0,36694.635351289915,-141.63535128991498,141.63535128991498,20060.57273501762
2001-08-18 12:00:00,37301.0,37610.017267292766,-309.0172672927656,309.0172672927656,95491.67148508855
2001-08-18 13:00:00,37713.0,37969.498487300654,-256.49848730065423,256.49848730065423,65791.47398752387
2001-08-18 14:00:00,37826.0,38202.470045170034,-376.4700451700337,376.4700451700337,141729.6949103272
2001-08-18 15:00:00,37986.0,38116.04200562715,-130.04200562714686,130.04200562714686,16910.923227530897
2001-08-18 16:00:00,37912.0,37958.214035708625,-46.21403570862458,46.21403570862458,2135.7370964780275
2001-08-18 17:00:00,37417.0,37774.0757513814,-357.07575138140237,357.07575138140237,127503.09222459307
2001-08-18 18:00:00,36509.0,36642.18980536593,-133.18980536593153,133.18980536593153,17739.524253414726
2001-08-18 19:00:00,35865.0,35693.984230311034,171.01576968896552,171.01576968896552,29246.393482309297
2001-08-18 20:00:00,36432.0,35270.06255492995,1161.9374450700489,1161.9374450700489,1350098.6262559127
2001-08-18 21:00:00,35471.0,35934.052870374806,-463.05287037480593,463.05287037480593,214417.96076234683
2001-08-18 22:00:00,33333.0,33237.784868535375,95.2151314646253,95.2151314646253,9065.921259825878
2001-08-18 23:00:00,30868.0,30731.90146129093,136.09853870906954,136.09853870906954,18522.8122387441
2001-08-19 00:00:00,28556.0,28235.84434163109,320.1556583689089,320.1556583689089,102499.64558562952
2001-08-19 01:00:00,26753.0,26695.69849620245,57.30150379754923,57.30150379754923,3283.462337460549
2001-08-19 02:00:00,25635.0,25699.83260067497,-64.83260067497031,64.83260067497031,4203.26611028016
2001-08-19 03:00:00,24701.0,24976.61760543956,-275.61760543955825,275.61760543955825,75965.064428236
2001-08-19 04:00:00,24295.0,24288.432978371042,6.567021628958173,6.567021628958173,43.12577307520446
2001-08-19 05:00:00,24241.0,24428.86668351864,-187.86668351864137,187.86668351864137,35293.89077629335
2001-08-19 06:00:00,24268.0,24646.985902179727,-378.9859021797274,378.9859021797274,143630.31405098192
2001-08-19 07:00:00,25164.0,25175.421886343694,-11.421886343694496,11.421886343694496,130.45948764827483
2001-08-19 08:00:00,27625.0,27409.927678512064,215.07232148793628,215.07232148793628,46256.10347021022
2001-08-19 09:00:00,30187.0,30161.810163251863,25.189836748137168,25.189836748137168,634.5278753978017
2001-08-19 10:00:00,32466.0,32406.32727519552,59.67272480448082,59.67272480448082,3560.8340855913007
2001-08-19 11:00:00,34039.0,33964.90115496763,74.09884503237117,74.09884503237117,5490.638835131358
2001-08-19 12:00:00,34878.0,35238.43578771152,-360.43578771151806,360.43578771151806,129913.95706322251
2001-08-19 13:00:00,35238.0,35571.209943309485,-333.2099433094845,333.2099433094845,111028.86632030988
2001-08-19 14:00:00,35473.0,35723.023232254774,-250.02323225477448,250.02323225477448,62511.6166671249
2001-08-19 15:00:00,35638.0,35741.58890191394,-103.58890191394312,103.58890191394312,10730.660599736528
2001-08-19 16:00:00,36120.0,35991.660978420725,128.33902157927514,128.33902157927514,16470.90445992565
2001-08-19 17:00:00,36162.0,36198.64662278334,-36.64662278333708,36.64662278333708,1342.9749614242003
2001-08-19 18:00:00,35770.0,35735.83252847822,34.16747152178141,34.16747152178141,1167.4161101917434
2001-08-19 19:00:00,35471.0,35069.66691591977,401.33308408023004,401.33308408023004,161068.24437734898
2001-08-19 20:00:00,36615.0,34878.07440002393,1736.9255999760717,1736.9255999760717,3016910.5398522364
2001-08-19 21:00:00,35893.0,36038.0488740378,-145.04887403779867,145.04887403779867,21039.175859633186
2001-08-19 22:00:00,33710.0,34135.79896190477,-425.798961904773,425.798961904773,181304.75595918234
2001-08-19 23:00:00,31480.0,31028.856420374228,451.14357962577196,451.14357962577196,203530.52943755523
2001-08-20 00:00:00,29433.0,29186.16359580118,246.83640419882067,246.83640419882067,60928.21043780357
2001-08-20 01:00:00,28000.0,27622.69396915278,377.3060308472195,377.3060308472195,142359.84091368297
2001-08-20 02:00:00,27071.0,26984.648881514237,86.35111848576344,86.35111848576344,7456.515663742356
2001-08-20 03:00:00,26783.0,26658.687315359086,124.31268464091409,124.31268464091409,15453.643562631356
2001-08-20 04:00:00,26935.0,26969.038110199846,-34.038110199846415,34.038110199846415,1158.5929459768886
2001-08-20 05:00:00,28506.0,28219.651627505056,286.34837249494376,286.34837249494376,81995.39043050306
2001-08-20 06:00:00,31266.0,30725.25733261611,540.742667383889,540.742667383889,292402.6323294433
2001-08-20 07:00:00,33968.0,33804.71764101379,163.28235898620915,163.28235898620915,26661.128756101276
2001-08-20 08:00:00,36589.0,36397.05797284638,191.9420271536219,191.9420271536219,36841.741787841725
2001-08-20 09:00:00,38913.0,37923.93107840963,989.0689215903694,989.0689215903694,978257.3316559363
2001-08-20 10:00:00,41136.0,40077.56436325963,1058.435636740367,1058.435636740367,1120285.9971219862
2001-08-20 11:00:00,42669.0,42296.08009706957,372.9199029304291,372.9199029304291,139069.25400164066
2001-08-20 12:00:00,43686.0,43607.31481214894,78.68518785105698,78.68518785105698,6191.358787156125
2001-08-20 13:00:00,44588.0,44628.351128763825,-40.35112876382482,40.35112876382482,1628.2135925147707
2001-08-20 14:00:00,45238.0,45035.223812420925,202.77618757907476,202.77618757907476,41118.18224910411
2001-08-20 15:00:00,45587.0,45421.78159761904,165.21840238096047,165.21840238096047,27297.120485316966
2001-08-20 16:00:00,45676.0,45459.46817619047,216.53182380952785,216.53182380952785,46886.03072228041
2001-08-20 17:00:00,45317.0,45138.56511904762,178.4348809523799,178.4348809523799,31839.006740489986
2001-08-20 18:00:00,43762.0,44410.35598096428,-648.3559809642829,648.3559809642829,420365.4780521576
2001-08-20 19:00:00,42221.0,42756.50001758242,-535.5000175824171,535.5000175824171,286760.268830769
2001-08-20 20:00:00,42005.0,41582.980144342495,422.0198556575051,422.0198556575051,178100.75856918143
2001-08-20 21:00:00,40339.0,40940.04095554798,-601.0409555479782,601.0409555479782,361250.23024602677
2001-08-20 22:00:00,36642.0,37109.40660952382,-467.40660952382314,467.40660952382314,218468.93862655567
2001-08-20 23:00:00,32986.0,33590.365204685506,-604.3652046855059,604.3652046855059,365257.3006345534
2001-08-21 00:00:00,30279.0,30448.778914249553,-169.77891424955305,169.77891424955305,28824.87972375709
2001-08-21 01:00:00,28489.0,28580.95116208024,-91.95116208024047,91.95116208024047,8455.016207906652
2001-08-21 02:00:00,27230.0,27308.689647931107,-78.68964793110717,78.68964793110717,6192.060691521599
2001-08-21 03:00:00,26450.0,26482.000051453488,-32.000051453487686,32.000051453487686,1024.0032930258594
2001-08-21 04:00:00,26335.0,26322.459530430217,12.540469569783454,12.540469569783454,157.2633770306648
2001-08-21 05:00:00,27631.0,27494.043363353318,136.95663664668245,136.95663664668245,18757.120321571405
2001-08-21 06:00:00,29808.0,30146.3332915293,-338.33329152929946,338.33329152929946,114469.41615704994
2001-08-21 07:00:00,32345.0,32253.974455199685,91.0255448003154,91.0255448003154,8285.649806194226
2001-08-21 08:00:00,34647.0,34864.03792967108,-217.03792967108166,217.03792967108166,47105.46291590939
2001-08-21 09:00:00,36540.0,36434.73267201418,105.26732798582088,105.26732798582088,11081.210341274389
2001-08-21 10:00:00,38304.0,38063.50785399193,240.49214600807318,240.49214600807318,57836.47229156839
2001-08-21 11:00:00,39582.0,39376.835072019,205.1649279810008,205.1649279810008,42092.647673449246
2001-08-21 12:00:00,40465.0,40465.009849555005,-0.009849555004620925,0.009849555004620925,9.701373378905311e-05
2001-08-21 13:00:00,41104.0,41102.61585005349,1.3841499465124798,1.3841499465124798,1.9158710744305008
2001-08-21 14:00:00,41534.0,41878.6870497114,-344.6870497113996,344.6870497113996,118809.16223874886
2001-08-21 15:00:00,41786.0,41817.3084280886,-31.30842808860325,31.30842808860325,980.217669379241
2001-08-21 16:00:00,41967.0,42157.64234549787,-190.64234549787216,190.64234549787216,36344.50389693006
2001-08-21 17:00:00,41658.0,41480.14126095238,177.85873904761684,177.85873904761684,31633.731055608263
2001-08-21 18:00:00,40442.0,40306.61765574875,135.3823442512512,135.3823442512512,18328.37913496429
2001-08-21 19:00:00,38774.0,39113.59512244449,-339.59512244448706,339.59512244448706,115324.84718808616
2001-08-21 20:00:00,39150.0,37858.08942414081,1291.9105758591904,1291.9105758591904,1669032.936016825
2001-08-21 21:00:00,37616.0,38234.430301476095,-618.4303014760953,618.4303014760953,382456.0377838142
2001-08-21 22:00:00,34503.0,34566.59266507935,-63.59266507934808,63.59266507934808,4044.027051894137
2001-08-21 23:00:00,31249.0,31688.85666283273,-439.8566628327317,439.8566628327317,193473.8838383474
2001-08-22 00:00:00,28729.0,28379.39373412428,349.60626587571824,349.60626587571824,122224.54113956339
2001-08-22 01:00:00,26863.0,26973.109839045894,-110.10983904589375,110.10983904589375,12124.176654712628
2001-08-22 02:00:00,25767.0,25843.24665077855,-76.24665077855025,76.24665077855025,5813.551754946197
2001-08-22 03:00:00,25207.0,25117.746900033882,89.25309996611759,89.25309996611759,7966.11585356178
2001-08-22 04:00:00,25261.0,25269.227664509486,-8.227664509486203,8.227664509486203,67.69446328065885
2001-08-22 05:00:00,26643.0,26451.12021048908,191.8797895109201,191.8797895109201,36817.853622755
2001-08-22 06:00:00,28889.0,29346.537629136088,-457.53762913608807,457.53762913608807,209340.68207547246
2001-08-22 07:00:00,31452.0,31667.109388449753,-215.10938844975317,215.10938844975317,46272.048999226805
2001-08-22 08:00:00,34178.0,34158.59505585155,19.40494414845307,19.40494414845307,376.551857404583
2001-08-22 09:00:00,36615.0,35954.354972738794,660.6450272612055,660.6450272612055,436451.852044959
2001-08-22 10:00:00,38499.0,38325.4085098461,173.59149015389994,173.59149015389994,30134.00545385154
2001-08-22 11:00:00,40051.0,39857.15352932141,193.84647067858896,193.84647067858896,37576.45419454505
2001-08-22 12:00:00,41048.0,40872.59688005474,175.40311994525837,175.40311994525837,30766.254486530695
2001-08-22 13:00:00,41979.0,42034.04015427822,-55.04015427822014,55.04015427822014,3029.418582970275
2001-08-22 14:00:00,42629.0,42789.87200514213,-160.87200514213328,160.87200514213328,25879.802038450554
2001-08-22 15:00:00,43142.0,43036.34975921939,105.65024078061106,105.65024078061106,11161.973377001092
2001-08-22 16:00:00,43516.0,43327.02785227625,188.97214772374718,188.97214772374718,35710.47261532573
2001-08-22 17:00:00,43083.0,43128.41029047617,-45.410290476167575,45.410290476167575,2062.0944811299155
2001-08-22 18:00:00,41666.0,42008.43690128752,-342.4369012875177,342.4369012875177,117263.03136339714
2001-08-22 19:00:00,39966.0,40514.235941405605,-548.2359414056045,548.2359414056045,300562.64744888945
2001-08-22 20:00:00,40112.0,39485.84277570689,626.157224293107,626.157224293107,392072.8695344483
2001-08-22 21:00:00,38494.0,39323.42992364398,-829.4299236439765,829.4299236439765,687953.9982360527
2001-08-22 22:00:00,35172.0,35425.9882857143,-253.98828571430204,253.98828571430204,64510.04928008992
2001-08-22 23:00:00,31919.0,32100.335701583008,-181.3357015830079,181.3357015830079,32882.63666860169
2001-08-23 00:00:00,29573.0,29279.865900968038,293.13409903196225,293.13409903196225,85927.60001528026
2001-08-23 01:00:00,27714.0,27946.308453584348,-232.30845358434817,232.30845358434817,53967.21760675125
2001-08-23 02:00:00,26549.0,26750.555390780355,-201.55539078035508,201.55539078035508,40624.575552621645
2001-08-23 03:00:00,25846.0,25918.14043727352,-72.14043727351964,72.14043727351964,5204.242690014621
2001-08-23 04:00:00,26004.0,25760.547652666508,243.45234733349207,243.45234733349207,59269.045422187264
2001-08-23 05:00:00,27340.0,26955.32519176968,384.6748082303202,384.6748082303202,147974.70808703362
2001-08-23 06:00:00,29727.0,29809.093717663174,-82.09371766317417,82.09371766317417,6739.378479760955
2001-08-23 07:00:00,32596.0,32345.48378839607,250.51621160392824,250.51621160392824,62758.37227638415
2001-08-23 08:00:00,34614.0,35132.93795261212,-518.9379526121193,518.9379526121193,269296.5986612581
2001-08-23 09:00:00,36532.0,36418.51830614118,113.4816938588192,113.4816938588192,12878.094841066762
2001-08-23 10:00:00,38553.0,37987.737697114455,565.2623028855451,565.2623028855451,319521.4710634697
2001-08-23 11:00:00,40021.0,39800.82615004709,220.17384995290922,220.17384995290922,48476.524203086185
2001-08-23 12:00:00,40797.0,40827.38986375713,-30.389863757132844,30.389863757132844,923.5438191770963
2001-08-23 13:00:00,41242.0,41596.98832043049,-354.98832043049333,354.98832043049333,126016.70764206261
2001-08-23 14:00:00,41343.0,41823.04660996224,-480.04660996224266,480.04660996224266,230444.74773624152
2001-08-23 15:00:00,41100.0,41708.37312251783,-608.3731225178271,608.3731225178271,370117.8562020911
2001-08-23 16:00:00,40739.0,41092.759028195454,-353.75902819545445,353.75902819545445,125145.45002979234
2001-08-23 17:00:00,40172.0,39863.89900609031,308.10099390969117,308.10099390969117,94926.22244813955
2001-08-23 18:00:00,39194.0,38602.84819743941,591.151802560591,591.151802560591,349460.453670636
2001-08-23 19:00:00,38881.0,38064.86628317581,816.133716824188,816.133716824188,666074.243737264
2001-08-23 20:00:00,38923.0,38053.27322196686,869.7267780331385,869.7267780331385,756424.6684279043
2001-08-23 21:00:00,37353.0,37992.46567947457,-639.4656794745679,639.4656794745679,408916.3552258708
2001-08-23 22:00:00,34435.0,34267.244813054924,167.75518694507628,167.75518694507628,28141.80274697749
2001-08-23 23:00:00,31561.0,31617.589889383078,-56.589889383078116,56.589889383078116,3202.415580389017
2001-08-24 00:00:00,29063.0,29154.080240650204,-91.08024065020436,91.08024065020436,8295.610236899138
2001-08-24 01:00:00,27384.0,27237.960912852857,146.0390871471427,146.0390871471427,21327.41497477074
2001-08-24 02:00:00,26166.0,26265.417100906383,-99.41710090638298,99.41710090638298,9883.759952629936
2001-08-24 03:00:00,25573.0,25576.22834929185,-3.2283492918504635,3.2283492918504635,10.42223915019139
2001-08-24 04:00:00,25777.0,25597.820763469605,179.17923653039543,179.17923653039543,32105.198803615393
2001-08-24 05:00:00,27049.0,27017.96835774371,31.03164225629007,31.03164225629007,962.9628211223675
2001-08-24 06:00:00,29400.0,29559.165199430034,-159.16519943003368,159.16519943003368,25333.560709602392
2001-08-24 07:00:00,31835.0,32021.278543990633,-186.2785439906329,186.2785439906329,34699.69595127016
2001-08-24 08:00:00,34108.0,34297.19841896066,-189.19841896065918,189.19841896065918,35796.04173721312
2001-08-24 09:00:00,36151.0,35730.88255460783,420.11744539217034,420.11744539217034,176498.66792284322
2001-08-24 10:00:00,38165.0,37611.828613464524,553.1713865354759,553.1713865354759,305998.58288158086
2001-08-24 11:00:00,39456.0,39252.113657467475,203.8863425325253,203.8863425325253,41569.64067129024
2001-08-24 12:00:00,40444.0,40334.077539439284,109.92246056071599,109.92246056071599,12082.947335722163
2001-08-24 13:00:00,41579.0,41117.171597775035,461.8284022249645,461.8284022249645,213285.4731016636
2001-08-24 14:00:00,42296.0,42085.82659432035,210.17340567964857,210.17340567964857,44172.86045498213
2001-08-24 15:00:00,42541.0,42783.79009158769,-242.79009158768895,242.79009158768895,58947.028573158386
2001-08-24 16:00:00,42580.0,42752.88191757756,-172.88191757755703,172.88191757755703,29888.157425293222
2001-08-24 17:00:00,42096.0,42312.94566373629,-216.94566373628913,216.94566373628913,47065.42101397904
2001-08-24 18:00:00,40461.0,41025.014344494084,-564.0143444940841,564.0143444940841,318112.1807950913
2001-08-24 19:00:00,38845.0,39210.35781104625,-365.35781104624766,365.35781104624766,133486.3300925056
2001-08-24 20:00:00,38852.0,38123.72791768416,728.2720823158379,728.2720823158379,530380.2258806466
2001-08-24 21:00:00,37221.0,37922.24230196633,-701.2423019663329,701.2423019663329,491740.7660670416
2001-08-24 22:00:00,34347.0,34287.659333689844,59.34066631015594,59.34066631015594,3521.314678133276
2001-08-24 23:00:00,31447.0,31527.031716956055,-80.03171695605488,80.03171695605488,6405.075718934082
2001-08-25 00:00:00,28815.0,29094.614344606627,-279.6143446066271,279.6143446066271,78184.18170979363
2001-08-25 01:00:00,26907.0,27067.368592701314,-160.3685927013139,160.3685927013139,25718.08552499991
2001-08-25 02:00:00,25659.0,25814.526165729014,-155.52616572901388,155.52616572901388,24188.388226368694
2001-08-25 03:00:00,24889.0,24973.55473266402,-84.55473266401896,84.55473266401896,7149.502815883714
2001-08-25 04:00:00,24389.0,24481.924459082624,-92.9244590826238,92.9244590826238,8634.955095798225
2001-08-25 05:00:00,24688.0,24602.934517421138,85.06548257886243,85.06548257886243,7236.136326374747
2001-08-25 06:00:00,25122.0,25174.557969584395,-52.55796958439532,52.55796958439532,2762.340166834224
2001-08-25 07:00:00,26447.0,26671.6369011053,-224.63690110529933,224.63690110529933,50461.73733819203
2001-08-25 08:00:00,29169.0,29159.19824682476,9.801753175241174,9.801753175241174,96.07436530835044
2001-08-25 09:00:00,31649.0,31853.511037737157,-204.51103773715658,204.51103773715658,41824.764556328686
2001-08-25 10:00:00,33626.0,33632.782523609436,-6.782523609435884,6.782523609435884,46.002626512555175
2001-08-25 11:00:00,34620.0,35280.772594273854,-660.7725942738543,660.7725942738543,436620.42134339974
2001-08-25 12:00:00,35190.0,35487.683705606025,-297.6837056060249,297.6837056060249,88615.5885833345
2001-08-25 13:00:00,35270.0,35662.04924209506,-392.04924209506135,392.04924209506135,153702.608227312
2001-08-25 14:00:00,35548.0,35714.24672752851,-166.24672752850893,166.24672752850893,27637.97441393829
2001-08-25 15:00:00,35640.0,35847.707377092476,-207.70737709247624,207.70737709247624,43142.35449863612
2001-08-25 16:00:00,35883.0,36099.95569308062,-216.95569308062113,216.95569308062113,47069.772760092674
2001-08-25 17:00:00,35611.0,36056.64268311192,-445.642683111917,445.642683111917,198597.40101118846
2001-08-25 18:00:00,34407.0,35357.0597099441,-950.0597099441002,950.0597099441002,902613.4524590678
2001-08-25 19:00:00,33125.0,33850.6144705419,-725.6144705418992,725.6144705418992,526516.3598598007
2001-08-25 20:00:00,33447.0,32881.65072400767,565.349275992332,565.349275992332,319619.8038650539
2001-08-25 21:00:00,32193.0,33104.50094761925,-911.5009476192499,911.5009476192499,830833.9775107906
2001-08-25 22:00:00,30074.0,30279.959984852227,-205.95998485222663,205.95998485222663,42419.515360329424
2001-08-25 23:00:00,27759.0,27767.56561217902,-8.565612179019809,8.565612179019809,73.36971200137248
2001-08-26 00:00:00,25580.0,25308.458394402605,271.54160559739466,271.54160559739466,73734.84357041103
2001-08-26 01:00:00,24000.0,23969.52790027876,30.47209972123892,30.47209972123892,928.548861421129
2001-08-26 02:00:00,22920.0,23045.309791892232,-125.30979189223217,125.30979189223217,15702.543944074536
2001-08-26 03:00:00,22179.0,22236.867656309736,-57.86765630973605,57.86765630973605,3348.6656467817343
2001-08-26 04:00:00,21909.0,21885.73310390041,23.266896099590667,23.266896099590667,541.3484541091474
2001-08-26 05:00:00,21915.0,22105.699013130037,-190.6990131300372,190.6990131300372,36366.1136087701
2001-08-26 06:00:00,22059.0,22441.390766999684,-382.3907669996843,382.3907669996843,146222.69868660683
2001-08-26 07:00:00,22676.0,23392.804527856126,-716.8045278561258,716.8045278561258,513808.7311550434
2001-08-26 08:00:00,25257.0,24857.80558108345,399.1944189165515,399.1944189165515,159356.18409412322
2001-08-26 09:00:00,27449.0,27433.300431420084,15.699568579915649,15.699568579915649,246.47645359547468
2001-08-26 10:00:00,29474.0,28949.709154359654,524.2908456403457,524.2908456403457,274880.89082226873
2001-08-26 11:00:00,31125.0,30465.679844546255,659.3201554537445,659.3201554537445,434703.06738754985
2001-08-26 12:00:00,32389.0,32133.646502550517,255.35349744948326,255.35349744948326,65205.40865968325
2001-08-26 13:00:00,33513.0,33121.44607580866,391.55392419134296,391.55392419134296,153314.47554963996
2001-08-26 14:00:00,34233.0,33936.257325203056,296.7426747969439,296.7426747969439,88056.2150456448
2001-08-26 15:00:00,35042.0,34823.88175099226,218.11824900774081,218.11824900774081,47575.57055020283
2001-08-26 16:00:00,35721.0,35530.70435581266,190.29564418733935,190.29564418733935,36212.43219667446
2001-08-26 17:00:00,35945.0,35937.67297966272,7.327020337281283,7.327020337281283,53.685227022933525
2001-08-26 18:00:00,35361.0,35759.1753227119,-398.175322711897,398.175322711897,158543.58761672335
2001-08-26 19:00:00,34788.0,34948.45192060612,-160.45192060612317,160.45192060612317,25744.818826193652
2001-08-26 20:00:00,35967.0,34386.83188045946,1580.16811954054,1580.16811954054,2496931.286012286
2001-08-26 21:00:00,34973.0,35129.104035811615,-156.10403581161518,156.10403581161518,24368.469996674034
2001-08-26 22:00:00,32641.0,32757.08629999998,-116.08629999998084,116.08629999998084,13476.029047685552
2001-08-26 23:00:00,30033.0,30042.521766763024,-9.521766763024061,9.521766763024061,90.6640422894297
2001-08-27 00:00:00,28114.0,27573.852128811366,540.1478711886339,540.1478711886339,291759.722749613
2001-08-27 01:00:00,26701.0,26407.511479740722,293.4885202592777,293.4885202592777,86135.51152398047
2001-08-27 02:00:00,25980.0,25777.871946787174,202.12805321282576,202.12805321282576,40855.749895606925
2001-08-27 03:00:00,25585.0,25475.75747900149,109.24252099850855,109.24252099850855,11933.928394109582
2001-08-27 04:00:00,25911.0,25702.107098020246,208.89290197975424,208.89290197975424,43636.244497523214
2001-08-27 05:00:00,27552.0,27208.09577300068,343.9042269993188,343.9042269993188,118270.11734799898
2001-08-27 06:00:00,30399.0,30614.368944226197,-215.36894422619662,215.36894422619662,46383.78213710659
2001-08-27 07:00:00,33045.0,33569.448518398895,-524.4485183988945,524.4485183988945,275046.2484507956
2001-08-27 08:00:00,35783.0,35236.699968628716,546.3000313712837,546.3000313712837,298443.72427626554
2001-08-27 09:00:00,38179.0,37051.54351000167,1127.4564899983307,1127.4564899983307,1271158.1368393558
2001-08-27 10:00:00,40504.0,39512.46906190476,991.5309380952385,991.5309380952385,983133.6012000238
2001-08-27 11:00:00,42404.0,41557.462655393625,846.537344606375,846.537344606375,716625.4758132125
2001-08-27 12:00:00,43701.0,43441.97153845413,259.02846154587314,259.02846154587314,67095.74389082188
2001-08-27 13:00:00,44871.0,44662.74051924002,208.25948075998167,208.25948075998167,43372.011326417174
2001-08-27 14:00:00,45588.0,45367.04052619049,220.9594738095111,220.9594738095111,48823.08906617603
2001-08-27 15:00:00,45526.0,46006.339277633444,-480.339277633444,480.339277633444,230725.8216374188
2001-08-27 16:00:00,45231.0,45702.065314285726,-471.06531428572634,471.06531428572634,221902.53032311014
2001-08-27 17:00:00,44605.0,45120.9869666667,-515.9869666667,515.9869666667,266242.5497699022
2001-08-27 18:00:00,43211.0,43545.05432564104,-334.0543256410383,334.0543256410383,111592.29247948887
2001-08-27 19:00:00,42272.0,41942.55192921967,329.44807078033045,329.44807078033045,108536.03134088163
2001-08-27 20:00:00,42653.0,41358.64287233674,1294.3571276632574,1294.3571276632574,1675360.373932678
2001-08-27 21:00:00,40497.0,41444.710680764416,-947.7106807644159,947.7106807644159,898155.5344349525
2001-08-27 22:00:00,36782.0,37190.02624285717,-408.0262428571732,408.0262428571732,166485.41486014088
2001-08-27 23:00:00,33420.0,33489.42153823529,-69.42153823529225,69.42153823529225,4819.349970954143
2001-08-28 00:00:00,30723.0,30561.13723176948,161.86276823051958,161.86276823051958,26199.555739246898
2001-08-28 01:00:00,28891.0,28808.819117076124,82.1808829238762,82.1808829238762,6753.6975181478465
2001-08-28 02:00:00,27885.0,27848.682217125337,36.31778287466295,36.31778287466295,1318.9813529311616
2001-08-28 03:00:00,27209.0,27281.529472208917,-72.52947220891656,72.52947220891656,5260.524338904
2001-08-28 04:00:00,27270.0,27113.358097976987,156.64190202301324,156.64190202301324,24536.68546938728
2001-08-28 05:00:00,28767.0,28195.522665130557,571.4773348694434,571.4773348694434,326586.344269482
2001-08-28 06:00:00,31562.0,30993.752694505336,568.247305494664,568.247305494664,322905.000201946
2001-08-28 07:00:00,33907.0,34328.58671240407,-421.58671240406693,421.58671240406693,177735.35607566944
2001-08-28 08:00:00,35986.0,36219.08747073048,-233.0874707304829,233.0874707304829,54329.76901153372
2001-08-28 09:00:00,38026.0,37656.05251030037,369.94748969963257,369.94748969963257,136861.14513505975
2001-08-28 10:00:00,40341.0,39679.456129408005,661.5438705919951,661.5438705919951,437640.2927178383
2001-08-28 11:00:00,42366.0,41690.15274285713,675.847257142872,675.847257142872,456769.5149875433
2001-08-28 12:00:00,43616.0,43374.540033189005,241.45996681099496,241.45996681099496,58302.91557236679
2001-08-28 13:00:00,44710.0,44721.825023981255,-11.825023981255072,11.825023981255072,139.83119215725753
2001-08-28 14:00:00,45616.0,45406.91578015875,209.08421984125016,209.08421984125016,43716.210986624224
2001-08-28 15:00:00,46073.0,46148.85759070958,-75.85759070958011,75.85759070958011,5754.374068262175
2001-08-28 16:00:00,46301.0,45945.85720604396,355.1427939560381,355.1427939560381,126126.40409890091
2001-08-28 17:00:00,45760.0,45894.24558354982,-134.24558354981855,134.24558354981855,18021.87670263131
2001-08-28 18:00:00,43880.0,44514.22409382102,-634.2240938210234,634.2240938210234,402240.2011830983
2001-08-28 19:00:00,42374.0,43292.72517142857,-918.7251714285667,918.7251714285667,844055.9406164492
2001-08-28 20:00:00,42604.0,41834.42867960373,769.5713203962732,769.5713203962732,592240.0171764634
2001-08-28 21:00:00,40539.0,41730.1062864672,-1191.1062864671985,1191.1062864671985,1418734.18566168
2001-08-28 22:00:00,37026.0,37272.01308095239,-246.01308095239074,246.01308095239074,60522.43599968756
2001-08-28 23:00:00,33408.0,33940.0976046855,-532.0976046854994,532.0976046854994,283127.860912046
2001-08-29 00:00:00,30613.0,30634.42234628298,-21.42234628297956,21.42234628297956,458.9169202678882
2001-08-29 01:00:00,28707.0,28762.03506984232,-55.03506984232081,55.03506984232081,3028.8589125491294
2001-08-29 02:00:00,27473.0,27519.17389929431,-46.173899294310104,46.173899294310104,2132.028976041091
2001-08-29 03:00:00,26809.0,26699.120392255936,109.87960774406383,109.87960774406383,12073.528197989333
2001-08-29 04:00:00,26673.0,26739.25203048945,-66.25203048944968,66.25203048944968,4389.33154397497
2001-08-29 05:00:00,28121.0,28070.90652140847,50.093478591530584,50.093478591530584,2509.356597400133
2001-08-29 06:00:00,30840.0,30666.791194366797,173.20880563320316,173.20880563320316,30001.29034888075
2001-08-29 07:00:00,33251.0,33340.37829967916,-89.37829967916332,89.37829967916332,7988.4804535383255
2001-08-29 08:00:00,35512.0,35568.829617833144,-56.82961783314386,56.82961783314386,3229.6054630611825
2001-08-29 09:00:00,37573.0,37573.78465362513,-0.7846536251308862,0.7846536251308862,0.6156813114310413
2001-08-29 10:00:00,39314.0,39441.0496372002,-127.04963720020169,127.04963720020169,16141.610312702873
2001-08-29 11:00:00,40667.0,40760.33442079032,-93.33442079032102,93.33442079032102,8711.314104264708
2001-08-29 12:00:00,41567.0,41609.766937301596,-42.766937301596045,42.766937301596045,1829.0109261586472
2001-08-29 13:00:00,42527.0,42300.18498355534,226.81501644466334,226.81501644466334,51445.0516847929
2001-08-29 14:00:00,42882.0,43097.87231470292,-215.87231470292318,215.87231470292318,46600.856255197905
2001-08-29 15:00:00,43244.0,43029.65343827714,214.3465617228576,214.3465617228576,45944.4485224108
2001-08-29 16:00:00,43401.0,43359.971459379536,41.0285406204639,41.0285406204639,1683.3411454450563
2001-08-29 17:00:00,42989.0,43073.71069778004,-84.71069778004312,84.71069778004312,7175.902318381803
2001-08-29 18:00:00,41400.0,41531.50362473558,-131.50362473558198,131.50362473558198,17293.20331859677
2001-08-29 19:00:00,40125.0,40354.496824373535,-229.49682437353476,229.49682437353476,52668.79239753706
2001-08-29 20:00:00,40574.0,39431.45528334326,1142.5447166567392,1142.5447166567392,1305408.4295602285
2001-08-29 21:00:00,38529.0,39401.870780631674,-872.8707806316743,872.8707806316743,761903.3996805485
2001-08-29 22:00:00,34826.0,35668.49261062271,-842.4926106227067,842.4926106227067,709793.7989538637
2001-08-29 23:00:00,31731.0,31921.71849327698,-190.71849327698146,190.71849327698146,36373.543677842026
2001-08-30 00:00:00,29033.0,28946.578277072545,86.42172292745454,86.42172292745454,7468.714193749722
2001-08-30 01:00:00,27457.0,27148.293541422474,308.70645857752606,308.70645857752606,95299.67756747782
2001-08-30 02:00:00,26350.0,26349.83140224375,0.16859775624834583,0.16859775624834583,0.028425203411976636
2001-08-30 03:00:00,25913.0,25777.44418519294,135.5558148070595,135.5558148070595,18375.37892800581
2001-08-30 04:00:00,26103.0,25823.526855117598,279.47314488240227,279.47314488240227,78105.23871046021
2001-08-30 05:00:00,27801.0,27308.463336492743,492.5366635072569,492.5366635072569,242592.3648988608
2001-08-30 06:00:00,30865.0,30478.443430616397,386.55656938360335,386.55656938360335,149425.98133362056
2001-08-30 07:00:00,33170.0,33196.708906023414,-26.708906023413874,26.708906023413874,713.3656609675539
2001-08-30 08:00:00,35065.0,35130.81001338188,-65.81001338188071,65.81001338188071,4330.957861323318
2001-08-30 09:00:00,36518.0,37144.3421780056,-626.3421780056015,626.3421780056015,392304.5239488005
2001-08-30 10:00:00,37906.0,37847.406584152144,58.593415847855795,58.593415847855795,3433.1883807197587
2001-08-30 11:00:00,39520.0,38912.0280060609,607.9719939390998,607.9719939390998,369629.94541428477
2001-08-30 12:00:00,40518.0,40434.396344700355,83.60365529964474,83.60365529964474,6989.571179461816
2001-08-30 13:00:00,41370.0,41216.31662578736,153.68337421264005,153.68337421264005,23618.579509382354
2001-08-30 14:00:00,41799.0,41963.959577061825,-164.95957706182526,164.95957706182526,27211.662064416265
2001-08-30 15:00:00,42073.0,42428.38988129988,-355.3898812998814,355.3898812998814,126301.96773034378
2001-08-30 16:00:00,42093.0,42313.27620502657,-220.27620502656646,220.27620502656646,48521.606500905946
2001-08-30 17:00:00,41289.0,41514.76481133315,-225.76481133315247,225.76481133315247,50969.750036293924
2001-08-30 18:00:00,39943.0,39790.80594232653,152.19405767347052,152.19405767347052,23163.03119111567
2001-08-30 19:00:00,39433.0,38753.89391960567,679.1060803943328,679.1060803943328,461185.06842855405
2001-08-30 20:00:00,40054.0,38826.06531766581,1227.9346823341912,1227.9346823341912,1507823.584079171
2001-08-30 21:00:00,38297.0,39160.85063921268,-863.8506392126801,863.8506392126801,746237.9268681561
2001-08-30 22:00:00,35357.0,35355.67401428572,1.3259857142766123,1.3259857142766123,1.7582381144656576
2001-08-30 23:00:00,32467.0,32094.071591061173,372.9284089388275,372.9284089388275,139075.59819364533
2001-08-31 00:00:00,29899.0,29831.747078577508,67.25292142249236,67.25292142249236,4522.955439859932
2001-08-31 01:00:00,28347.0,28030.213870969095,316.7861290309047,316.7861290309047,100353.451546385
2001-08-31 02:00:00,27395.0,27210.713983071615,184.28601692838492,184.28601692838492,33961.336035328975
2001-08-31 03:00:00,26917.0,26599.004893581143,317.9951064188572,317.9951064188572,101120.8877063403
2001-08-31 04:00:00,27191.0,26907.864801539607,283.13519846039344,283.13519846039344,80165.54060720638
2001-08-31 05:00:00,28635.0,28415.262047556,219.73795244400026,219.73795244400026,48284.76774428172
2001-08-31 06:00:00,31494.0,31181.41909863094,312.5809013690596,312.5809013690596,97706.81990069375
2001-08-31 07:00:00,34066.0,34213.47938536482,-147.47938536482252,147.47938536482252,21750.169107585825
2001-08-31 08:00:00,36339.0,36016.85939148894,322.1406085110575,322.1406085110575,103774.57165187442
2001-08-31 09:00:00,38481.0,38078.569562998986,402.43043700101407,402.43043700101407,161950.25662482716
2001-08-31 10:00:00,40476.0,40204.63643369724,271.36356630275986,271.36356630275986,73638.18511655235
2001-08-31 11:00:00,42312.0,41652.2600687172,659.7399312827984,659.7399312827984,435256.7769290315
2001-08-31 12:00:00,43564.0,43178.67285396823,385.3271460317701,385.3271460317701,148477.00946898907
2001-08-31 13:00:00,44637.0,44240.211698036226,396.78830196377385,396.78830196377385,157440.956575295
2001-08-31 14:00:00,45347.0,45061.83954660896,285.1604533910431,285.1604533910431,81316.48417818527
2001-08-31 15:00:00,45505.0,45658.684373809505,-153.6843738095049,153.6843738095049,23618.88675321964
2001-08-31 16:00:00,45459.0,45580.30069285714,-121.30069285714126,121.30069285714126,14713.85808762252
2001-08-31 17:00:00,44539.0,44875.479257142855,-336.4792571428552,336.4792571428552,113218.29048740768
2001-08-31 18:00:00,42732.0,43258.417810897314,-526.4178108973138,526.4178108973138,277115.71162992
2001-08-31 19:00:00,41620.0,41937.04658826151,-317.0465882615099,317.0465882615099,100518.53912826338
2001-08-31 20:00:00,41372.0,40807.082514107235,564.9174858927654,564.9174858927654,319131.7658674028
2001-08-31 21:00:00,39392.0,40188.25666667223,-796.2566666722269,796.2566666722269,634024.6792199658
2001-08-31 22:00:00,36455.0,36638.41567380951,-183.41567380951165,183.41567380951165,33641.309398997175
2001-08-31 23:00:00,33489.0,33109.5516844933,379.44831550669915,379.44831550669915,143981.0241408715
2001-09-01 00:00:00,30773.0,30789.397828762438,-16.39782876243771,16.39782876243771,268.88878812222947
2001-09-01 01:00:00,28977.0,28833.300120323885,143.6998796761145,143.6998796761145,20649.655418929786
2001-09-01 02:00:00,27609.0,27983.767894586104,-374.7678945861044,374.7678945861044,140450.97481250143
2001-09-01 03:00:00,26620.0,26937.58520375817,-317.5852037581717,317.5852037581717,100860.36164611943
2001-09-01 04:00:00,26143.0,26496.120160277183,-353.12016027718346,353.12016027718346,124693.84759418374
2001-09-01 05:00:00,26219.0,26396.842664480595,-177.84266448059498,177.84266448059498,31628.01330955748
2001-09-01 06:00:00,26700.0,27004.344717710956,-304.3447177109556,304.3447177109556,92625.70719856124
2001-09-01 07:00:00,27327.0,28653.317597490724,-1326.3175974907244,1326.3175974907244,1759118.3694135672
2001-09-01 08:00:00,29476.0,29572.55499015063,-96.55499015063106,96.55499015063106,9322.86612298846
2001-09-01 09:00:00,31103.0,31851.583497968822,-748.5834979688225,748.5834979688225,560377.253431238
2001-09-01 10:00:00,32197.0,32705.20614446645,-508.2061444664505,508.2061444664505,258273.48527345475
2001-09-01 11:00:00,32676.0,33054.49771338395,-378.4977133839493,378.4977133839493,143260.51903687825
2001-09-01 12:00:00,32866.0,33186.35122188703,-320.351221887031,320.351221887031,102624.90536451376
2001-09-01 13:00:00,33061.0,32884.72315050215,176.2768494978518,176.2768494978518,31073.527668888295
2001-09-01 14:00:00,33191.0,32898.15206417243,292.84793582757266,292.84793582757266,85759.91351847012
2001-09-01 15:00:00,33366.0,33160.0982983362,205.90170166380267,205.90170166380267,42395.5107480496
2001-09-01 16:00:00,33609.0,33379.46096971348,229.53903028651985,229.53903028651985,52688.166424875875
2001-09-01 17:00:00,33442.0,33951.389735398334,-509.38973539833387,509.38973539833387,259477.9025291846
2001-09-01 18:00:00,32280.0,33484.71993862933,-1204.7199386293287,1204.7199386293287,1451350.1305310535
2001-09-01 19:00:00,31306.0,32000.5081852592,-694.5081852592011,694.5081852592011,482341.61939202884
2001-09-01 20:00:00,31687.0,31123.919656394337,563.0803436056631,563.0803436056631,317059.4733550716
2001-09-01 21:00:00,30174.0,31864.75723126912,-1690.757231269119,1690.757231269119,2858660.0150888176
2001-09-01 22:00:00,28026.0,29289.900257238725,-1263.9002572387253,1263.9002572387253,1597443.860248116
2001-09-01 23:00:00,25711.0,26430.69475190449,-719.6947519044916,719.6947519044916,517960.5359188677
2001-09-02 00:00:00,24431.0,24242.82256412806,188.17743587194127,188.17743587194127,35410.74737133857
2001-09-02 01:00:00,22106.0,23403.849169275174,-1297.849169275174,1297.849169275174,1684412.4661882594
2001-09-02 02:00:00,21079.0,21720.81846988684,-641.818469886839,641.818469886839,411930.94828788325
2001-09-02 03:00:00,20391.0,20975.306045562218,-584.3060455622181,584.3060455622181,341413.5548805568
2001-09-02 04:00:00,20113.0,20814.391910101007,-701.3919101010069,701.3919101010069,491950.611555139
2001-09-02 05:00:00,20187.0,20857.38337619048,-670.3833761904789,670.3833761904789,449413.8710725451
2001-09-02 06:00:00,20231.0,21093.948211566232,-862.9482115662322,862.9482115662322,744679.6158453587
2001-09-02 07:00:00,20985.0,21577.75274761905,-592.7527476190517,592.7527476190517,351355.8198099352
2001-09-02 08:00:00,23039.0,22884.11253415862,154.88746584138062,154.88746584138062,23990.12707476485
2001-09-02 09:00:00,24825.0,25053.869504125298,-228.86950412529768,228.86950412529768,52381.24991855965
2001-09-02 10:00:00,26015.0,26303.788812850984,-288.78881285098396,288.78881285098396,83398.97842788063
2001-09-02 11:00:00,27161.0,27021.515636721608,139.48436327839227,139.48436327839227,19455.887599178506
2001-09-02 12:00:00,27338.0,27680.46281732913,-342.4628173291312,342.4628173291312,117280.78125300589
2001-09-02 13:00:00,27580.0,27312.85441358372,267.14558641628173,267.14558641628173,71366.76434169905
2001-09-02 14:00:00,27728.0,27713.866536358135,14.133463641865092,14.133463641865092,199.75479451592247
2001-09-02 15:00:00,27960.0,27807.39515286858,152.60484713142068,152.60484713142068,23288.239368004277
2001-09-02 16:00:00,28275.0,28169.216617360176,105.78338263982369,105.78338263982369,11190.124042723352
2001-09-02 17:00:00,28473.0,28638.8822254079,-165.88222540789866,165.88222540789866,27516.9127062769
2001-09-02 18:00:00,27921.0,28687.438015044154,-766.4380150441539,766.4380150441539,587427.2309048226
2001-09-02 19:00:00,27565.0,28073.7230419052,-508.72304190519935,508.72304190519935,258799.1333652792
2001-09-02 20:00:00,28412.0,28026.92272309695,385.0772769030482,385.0772769030482,148284.50918706684
2001-09-02 21:00:00,27381.0,28271.874686073512,-890.8746860735118,890.8746860735118,793657.7062865783
2001-09-02 22:00:00,25801.0,25995.597779829306,-194.5977798293061,194.5977798293061,37868.29591449509
2001-09-02 23:00:00,23922.0,23900.540541087987,21.45945891201336,21.45945891201336,460.50837679638965
2001-09-03 00:00:00,22115.0,22214.82003413699,-99.8200341369884,99.8200341369884,9964.03921510953
2001-09-03 01:00:00,20967.0,21007.14835583579,-40.148355835790426,40.148355835790426,1611.8904763172472
2001-09-03 02:00:00,20210.0,20452.73593087916,-242.73593087916015,242.73593087916015,58920.732139772415
2001-09-03 03:00:00,19757.0,19924.983761932108,-167.98376193210788,167.98376193210788,28218.5442728631
2001-09-03 04:00:00,19651.0,20115.801000454274,-464.8010004542739,464.8010004542739,216039.97002329392
2001-09-03 05:00:00,19976.0,20743.205002900177,-767.2050029001766,767.2050029001766,588603.51647506
2001-09-03 06:00:00,20373.0,21430.04757305196,-1057.047573051961,1057.047573051961,1117349.571695041
2001-09-03 07:00:00,21027.0,22515.020134454953,-1488.0201344549532,1488.0201344549532,2214203.9205433372
2001-09-03 08:00:00,23303.0,23301.51108391407,1.4889160859311232,1.4889160859311232,2.216871110944456
2001-09-03 09:00:00,25804.0,25020.532318263944,783.467681736056,783.467681736056,613821.6083248699
2001-09-03 10:00:00,27687.0,26608.20428477401,1078.7957152259914,1078.7957152259914,1163800.1951899584
2001-09-03 11:00:00,28758.0,28676.79717263393,81.20282736606896,81.20282736606896,6593.899172243598
2001-09-03 12:00:00,29202.0,29311.78671955436,-109.78671955435857,109.78671955435857,12053.123790507378
2001-09-03 13:00:00,29585.0,29954.869472650356,-369.86947265035633,369.86947265035633,136803.42679865268
2001-09-03 14:00:00,30060.0,30010.803712963083,49.196287036917056,49.196287036917056,2420.2746582187333
2001-09-03 15:00:00,30172.0,30730.05680643527,-558.0568064352701,558.0568064352701,311427.39920873253
2001-09-03 16:00:00,30691.0,30522.096253548647,168.90374645135307,168.90374645135307,28528.475565302964
2001-09-03 17:00:00,30888.0,31047.42668425604,-159.42668425603915,159.42668425603915,25416.867652874804
2001-09-03 18:00:00,30299.0,30837.935625417747,-538.9356254177474,538.9356254177474,290451.6083444185
2001-09-03 19:00:00,30558.0,30360.96374856902,197.0362514309818,197.0362514309818,38823.284377973076
2001-09-03 20:00:00,32037.0,30431.991469496264,1605.0085305037355,1605.0085305037355,2576052.3829897605
2001-09-03 21:00:00,30958.0,30896.897419025245,61.102580974755256,61.102580974755256,3733.525401776523
2001-09-03 22:00:00,28211.0,28790.109217163244,-579.1092171632445,579.1092171632445,335367.4854034258
2001-09-03 23:00:00,25910.0,25898.827811042156,11.1721889578439,11.1721889578439,124.81780610976918
2001-09-04 00:00:00,23985.0,23825.42506569315,159.57493430684917,159.57493430684917,25464.159659035227
2001-09-04 01:00:00,23001.0,22557.93152528458,443.06847471541914,443.06847471541914,196309.673286648
2001-09-04 02:00:00,22406.0,22274.70136778417,131.29863221582855,131.29863221582855,17239.33082174741
2001-09-04 03:00:00,22232.0,22064.912983201797,167.08701679820297,167.08701679820297,27918.07118252296
2001-09-04 04:00:00,22600.0,22535.853970343847,64.14602965615268,64.14602965615268,4114.713120648019
2001-09-04 05:00:00,24388.0,24121.078180993438,266.92181900656215,266.92181900656215,71247.25746177192
2001-09-04 06:00:00,27953.0,27289.88636687387,663.1136331261296,663.1136331261296,439719.6904377352
2001-09-04 07:00:00,30606.0,30432.709258086186,173.2907419138137,173.2907419138137,30029.681233039984
2001-09-04 08:00:00,32733.0,31696.692144411933,1036.3078555880675,1036.3078555880675,1073933.971553539
2001-09-04 09:00:00,34668.0,34068.528054711016,599.471945288984,599.471945288984,359366.6131885586
2001-09-04 10:00:00,36064.0,35515.54268717005,548.4573128299526,548.4573128299526,300805.4239966525
2001-09-04 11:00:00,37397.0,36795.14216313926,601.8578368607414,601.8578368607414,362232.85579069075
2001-09-04 12:00:00,38688.0,38042.96799874422,645.0320012557786,645.0320012557786,416066.28264403477
2001-09-04 13:00:00,39458.0,39216.662839523815,241.3371604761851,241.3371604761851,58243.625026707916
2001-09-04 14:00:00,39678.0,39976.09445545629,-298.0944554562884,298.0944554562884,88860.30437378112
2001-09-04 15:00:00,40352.0,39962.59801259616,389.4019874038422,389.4019874038422,151633.90779406208
2001-09-04 16:00:00,40518.0,40523.963794473166,-5.963794473165763,5.963794473165763,35.5668445181625
2001-09-04 17:00:00,40232.0,39959.97367569458,272.02632430542144,272.02632430542144,73998.32111511832
2001-09-04 18:00:00,39061.0,39260.25678388317,-199.25678388316737,199.25678388316737,39703.26592346327
2001-09-04 19:00:00,38475.0,38088.34570161753,386.6542983824693,386.6542983824693,149501.54645763958
2001-09-04 20:00:00,39123.0,38125.35405853684,997.6459414631609,997.6459414631609,995297.4245179165
2001-09-04 21:00:00,37139.0,38224.863551958464,-1085.863551958464,1085.863551958464,1179099.653471852
2001-09-04 22:00:00,33533.0,34134.88083939392,-601.880839393918,601.880839393918,362260.5448295273
2001-09-04 23:00:00,30074.0,30169.942505140752,-95.94250514075247,95.94250514075247,9204.964292683315
2001-09-05 00:00:00,27670.0,27384.587893703687,285.41210629631314,285.41210629631314,81460.07042049796
2001-09-05 01:00:00,26023.0,26164.454579867863,-141.45457986786278,141.45457986786278,20009.398165593568
2001-09-05 02:00:00,24937.0,25022.115256571044,-85.11525657104357,85.11525657104357,7244.606901154576
2001-09-05 03:00:00,24201.0,24476.8544637014,-275.85446370139834,275.85446370139834,76095.68514398609
2001-09-05 04:00:00,24219.0,24252.431771652376,-33.43177165237648,33.43177165237648,1117.6833558166438
2001-09-05 05:00:00,25752.0,25401.869899496854,350.1301005031455,350.1301005031455,122591.08727834278
2001-09-05 06:00:00,28971.0,28278.068563921115,692.9314360788849,692.9314360788849,480153.9751063457
2001-09-05 07:00:00,30892.0,31646.258312738824,-754.2583127388243,754.2583127388243,568905.6023356181
2001-09-05 08:00:00,32463.0,32984.3924807855,-521.3924807855001,521.3924807855001,271850.1190196581
2001-09-05 09:00:00,33861.0,34195.77639733015,-334.77639733014803,334.77639733014803,112075.23620935314
2001-09-05 10:00:00,34723.0,35073.523621455126,-350.523621455126,350.523621455126,122866.80919801645
2001-09-05 11:00:00,35404.0,35355.334726932786,48.665273067214,48.665273067214,2368.3088027065046
2001-09-05 12:00:00,35918.0,35897.614105024084,20.385894975916017,20.385894975916017,415.5847139690779
2001-09-05 13:00:00,36538.0,36399.83565178687,138.16434821313305,138.16434821313305,19089.387117159884
2001-09-05 14:00:00,36941.0,36915.505227470036,25.494772529964393,25.494772529964393,649.983426354627
2001-09-05 15:00:00,37185.0,37131.318891474264,53.68110852573591,53.68110852573591,2881.6614125518363
2001-09-05 16:00:00,37436.0,37100.02460471259,335.9753952874089,335.9753952874089,112879.46623853066
2001-09-05 17:00:00,37113.0,37079.676158676666,33.32384132333391,33.32384132333391,1110.4784005427366
2001-09-05 18:00:00,35836.0,36345.89243294187,-509.89243294187327,509.89243294187327,259990.2931713827
2001-09-05 19:00:00,35080.0,35146.632212910175,-66.63221291017544,66.63221291017544,4439.85179730695
2001-09-05 20:00:00,35452.0,35020.766551763874,431.2334482361257,431.2334482361257,185962.2868776193
2001-09-05 21:00:00,33393.0,34652.71302377021,-1259.7130237702077,1259.7130237702077,1586876.9022562797
2001-09-05 22:00:00,29938.0,30812.46048195379,-874.460481953789,874.460481953789,764681.1344988529
2001-09-05 23:00:00,26827.0,27365.014131113803,-538.0141311138032,538.0141311138032,289459.20527814055
2001-09-06 00:00:00,24510.0,24751.329018248365,-241.32901824836517,241.32901824836517,58239.69504871977
2001-09-06 01:00:00,23190.0,23152.578453690923,37.4215463090768,37.4215463090768,1400.3721281623796
2001-09-06 02:00:00,22482.0,22401.540687473156,80.45931252684386,80.45931252684386,6473.700972292333
2001-09-06 03:00:00,22084.0,22058.77138479851,25.228615201489447,25.228615201489447,636.4830249848244
2001-09-06 04:00:00,22474.0,22251.77512119738,222.22487880261906,222.22487880261906,49383.89675883873
2001-09-06 05:00:00,23997.0,23799.80251662109,197.19748337890996,197.19748337890996,38886.847450975474
2001-09-06 06:00:00,27210.0,27164.775668523584,45.22433147641641,45.22433147641641,2045.240157488788
2001-09-06 07:00:00,29290.0,29626.204968314727,-336.204968314727,336.204968314727,113033.7807195066
2001-09-06 08:00:00,30850.0,30921.33894724582,-71.33894724581842,71.33894724581842,5089.245394141663
2001-09-06 09:00:00,32196.0,32277.463768770544,-81.46376877054354,81.46376877054354,6636.345622300585
2001-09-06 10:00:00,33493.0,33033.5290477427,459.470952257303,459.470952257303,211113.5559682328
2001-09-06 11:00:00,34305.0,34114.549689427615,190.4503105723852,190.4503105723852,36271.32079711798
2001-09-06 12:00:00,34851.0,34830.03830057364,20.96169942636334,20.96169942636334,439.3928428412011
2001-09-06 13:00:00,35611.0,35308.275442392536,302.7245576074638,302.7245576074638,91642.15777863466
2001-09-06 14:00:00,36075.0,36072.2790225236,2.7209774763978203,2.7209774763978203,7.40371842706425
2001-09-06 15:00:00,36608.0,36346.42678980146,261.57321019854135,261.57321019854135,68420.54429357029
2001-09-06 16:00:00,36914.0,36696.62234738024,217.37765261976165,217.37765261976165,47253.043858477766
2001-09-06 17:00:00,36759.0,36768.993852283376,-9.993852283376327,9.993852283376327,99.87708346194623
2001-09-06 18:00:00,35541.0,35960.42439379402,-419.4243937940191,419.4243937940191,175916.82210948042
2001-09-06 19:00:00,35121.0,34828.7741278583,292.225872141702,292.225872141702,85395.96034897836
2001-09-06 20:00:00,35511.0,35058.514340235066,452.4856597649341,452.4856597649341,204743.2722929077
2001-09-06 21:00:00,33347.0,34626.41142298962,-1279.4114229896222,1279.4114229896222,1636893.58927633
2001-09-06 22:00:00,30206.0,30694.007156235162,-488.00715623516226,488.00715623516226,238150.98453673007
2001-09-06 23:00:00,27240.0,27532.743932800582,-292.7439328005821,292.7439328005821,85699.01019155174
2001-09-07 00:00:00,24966.0,24995.235748833096,-29.235748833096295,29.235748833096295,854.7290098318914
2001-09-07 01:00:00,23635.0,23874.328970808547,-239.32897080854673,239.32897080854673,57278.356268278214
2001-09-07 02:00:00,22710.0,22807.631556252378,-97.63155625237778,97.63155625237778,9531.920776261206
2001-09-07 03:00:00,22446.0,22250.87910618438,195.12089381561964,195.12089381561964,38072.163203406315
2001-09-07 04:00:00,22762.0,22539.09993701776,222.90006298224034,222.90006298224034,49684.43807748671
2001-09-07 05:00:00,24337.0,24043.730050858623,293.26994914137686,293.26994914137686,86007.26306938576
2001-09-07 06:00:00,27569.0,27647.39555437521,-78.39555437520903,78.39555437520903,6145.862945796356
2001-09-07 07:00:00,29892.0,30134.31865014936,-242.3186501493583,242.3186501493583,58718.328210207095
2001-09-07 08:00:00,31636.0,31333.175381214558,302.824618785442,302.824618785442,91702.74974254827
2001-09-07 09:00:00,33201.0,33003.663579536915,197.33642046308523,197.33642046308523,38941.66284118356
2001-09-07 10:00:00,34738.0,34235.991825412966,502.00817458703386,502.00817458703386,252012.20735220588
2001-09-07 11:00:00,35745.0,35501.023961704646,243.97603829535365,243.97603829535365,59524.30726229587
2001-09-07 12:00:00,36484.0,36460.73132250362,23.268677496380406,23.268677496380406,541.4313524305599
2001-09-07 13:00:00,37495.0,37225.766391901394,269.23360809860606,269.23360809860606,72486.73572979379
2001-09-07 14:00:00,38095.0,38022.761363431724,72.23863656827598,72.23863656827598,5218.420613243459
2001-09-07 15:00:00,38516.0,38315.71803776524,200.2819622347597,200.2819622347597,40112.86439660571
2001-09-07 16:00:00,38639.0,38598.323826792024,40.67617320797581,40.67617320797581,1654.551066845249
2001-09-07 17:00:00,38138.0,38273.74964990403,-135.74964990402805,135.74964990402805,18427.967449066182
2001-09-07 18:00:00,36656.0,37117.09896359963,-461.0989635996302,461.0989635996302,212612.25423265313
2001-09-07 19:00:00,35843.0,36026.17105249398,-183.1710524939772,183.1710524939772,33551.63447175135
2001-09-07 20:00:00,35880.0,35374.497963052134,505.50203694786615,505.50203694786615,255532.30935844182
2001-09-07 21:00:00,33974.0,34859.994549675685,-885.9945496756845,885.9945496756845,784986.342055019
2001-09-07 22:00:00,31332.0,31437.971443376668,-105.9714433766676,105.9714433766676,11229.946811334266
2001-09-07 23:00:00,28662.0,28458.088210532045,203.9117894679548,203.9117894679548,41580.017884023524
2001-09-08 00:00:00,26399.0,26323.51811470598,75.48188529401887,75.48188529401887,5697.515007539421
2001-09-08 01:00:00,24939.0,25018.12085874446,-79.12085874445984,79.12085874445984,6260.110288460767
2001-09-08 02:00:00,23757.0,24043.695513223764,-286.69551322376356,286.69551322376356,82194.31730263718
2001-09-08 03:00:00,23064.0,23307.443038569523,-243.4430385695232,243.4430385695232,59264.513027962355
2001-09-08 04:00:00,22798.0,23076.701857214743,-278.70185721474263,278.70185721474263,77674.72521494678
2001-09-08 05:00:00,23216.0,23337.56698960416,-121.56698960416179,121.56698960416179,14778.532961418381
2001-09-08 06:00:00,23868.0,23813.018445155532,54.98155484446761,54.98155484446761,3022.9713731151996
2001-09-08 07:00:00,24904.0,25345.03674718845,-441.0367471884492,441.0367471884492,194513.41237056808
2001-09-08 08:00:00,27777.0,27189.24937342119,587.7506265788106,587.7506265788106,345450.7990437845
2001-09-08 09:00:00,30164.0,29943.843422609192,220.1565773908078,220.1565773908078,48468.91856843474
2001-09-08 10:00:00,31978.0,32022.48614483407,-44.48614483407073,44.48614483407073,1979.0170821979177
2001-09-08 11:00:00,33141.0,33083.4872220506,57.512777949399606,57.512777949399606,3307.7196274569455
2001-09-08 12:00:00,34040.0,33841.2997407047,198.70025929529947,198.70025929529947,39481.79304401924
2001-09-08 13:00:00,34775.0,34423.7100031432,351.28999685680174,351.28999685680174,123404.66189165178
2001-09-08 14:00:00,35268.0,35109.166292422335,158.83370757766534,158.83370757766534,25228.146662867304
2001-09-08 15:00:00,35815.0,35728.81737219389,86.18262780611258,86.18262780611258,7427.445335566928
2001-09-08 16:00:00,35964.0,36141.90195577712,-177.9019557771171,177.9019557771171,31649.10586932333
2001-09-08 17:00:00,35860.0,36049.875162266246,-189.87516226624575,189.87516226624575,36052.577245633154
2001-09-08 18:00:00,34817.0,35275.41634632474,-458.4163463247387,458.4163463247387,210145.54657772277
2001-09-08 19:00:00,34601.0,34160.70866683429,440.29133316571097,440.29133316571097,193856.4580608391
2001-09-08 20:00:00,35189.0,34350.17620381179,838.8237961882114,838.8237961882114,703625.361051602
2001-09-08 21:00:00,33642.0,34449.511360291275,-807.5113602912752,807.5113602912752,652074.5969994656
2001-09-08 22:00:00,31450.0,31348.129914717705,101.8700852822949,101.8700852822949,10377.514275422034
2001-09-08 23:00:00,29340.0,29096.87999228619,243.12000771380917,243.12000771380917,59107.33815076263
2001-09-09 00:00:00,26689.0,26894.420053892565,-205.4200538925652,205.4200538925652,42197.398541224386
2001-09-09 01:00:00,24976.0,25187.889689876196,-211.88968987619592,211.88968987619592,44897.24067583048
2001-09-09 02:00:00,23974.0,24043.059471380257,-69.05947138025658,69.05947138025658,4769.210587320478
2001-09-09 03:00:00,23169.0,23365.374718278443,-196.37471827844274,196.37471827844274,38563.02997893775
2001-09-09 04:00:00,22734.0,23029.016617130976,-295.01661713097565,295.01661713097565,87034.80438340467
2001-09-09 05:00:00,22855.0,22720.20618060597,134.79381939403174,134.79381939403174,18169.373746830846
2001-09-09 06:00:00,23142.0,23072.847748283668,69.1522517163321,69.1522517163321,4782.033917438956
2001-09-09 07:00:00,23926.0,24068.94819202171,-142.9481920217113,142.9481920217113,20434.185602276044
2001-09-09 08:00:00,26365.0,26111.63866430733,253.36133569266894,253.36133569266894,64191.96642397328
2001-09-09 09:00:00,29072.0,28724.110290723453,347.88970927654736,347.88970927654736,121027.24982052065
2001-09-09 10:00:00,31246.0,31062.288031480428,183.7119685195721,183.7119685195721,33750.087377336255
2001-09-09 11:00:00,32966.0,32750.003535326177,215.99646467382263,215.99646467382263,46654.47275158991
2001-09-09 12:00:00,34456.0,34137.78680045882,318.21319954117644,318.21319954117644,101259.64036223257
2001-09-09 13:00:00,35282.0,35342.942164527514,-60.94216452751425,60.94216452751425,3713.947417298616
2001-09-09 14:00:00,35937.0,35887.17987341371,49.8201265862881,49.8201265862881,2482.04501307377
2001-09-09 15:00:00,36420.0,36293.440779505436,126.55922049456422,126.55922049456422,16017.236292191723
2001-09-09 16:00:00,37065.0,36703.448806161774,361.551193838226,361.551193838226,130719.26576584649
2001-09-09 17:00:00,37087.0,37229.63119122725,-142.63119122725038,142.63119122725038,20343.656710904466
2001-09-09 18:00:00,36186.0,36618.078755843824,-432.0787558438242,432.0787558438242,186692.05125154703
2001-09-09 19:00:00,36270.0,35599.903805019574,670.0961949804259,670.0961949804259,449028.910527245
2001-09-09 20:00:00,37248.0,35861.352755688444,1386.6472443115563,1386.6472443115563,1922790.580156833
2001-09-09 21:00:00,35632.0,36048.543353807196,-416.5433538071957,416.5433538071957,173508.3656009466
2001-09-09 22:00:00,32938.0,33432.70669523811,-494.7066952381065,494.7066952381065,244734.71431340877
2001-09-09 23:00:00,30277.0,30308.63613754982,-31.636137549819978,31.636137549819978,1000.8451990711296
2001-09-10 00:00:00,27998.0,27856.91881808292,141.08118191708127,141.08118191708127,19903.899891120578
2001-09-10 01:00:00,26745.0,26281.304317366437,463.6956826335627,463.6956826335627,215013.68609300567
2001-09-10 02:00:00,26059.0,25953.378325833426,105.62167416657394,105.62167416657394,11155.938053749913
2001-09-10 03:00:00,25795.0,25595.10519403799,199.89480596200883,199.89480596200883,39957.93345058916
2001-09-10 04:00:00,26207.0,26005.76759517739,201.232404822611,201.232404822611,40494.48075069119
2001-09-10 05:00:00,28098.0,27668.14955339104,429.85044660896165,429.85044660896165,184771.4064499238
2001-09-10 06:00:00,32016.0,30892.11919087183,1123.8808091281717,1123.8808091281717,1263108.0731265938
2001-09-10 07:00:00,34930.0,34615.31895373346,314.68104626653803,314.68104626653803,99024.16087940305
2001-09-10 08:00:00,36925.0,36504.77361419596,420.2263858040387,420.2263858040387,176590.2153259248
2001-09-10 09:00:00,38546.0,38596.609581112316,-50.60958111231594,50.60958111231594,2561.329700364086
2001-09-10 10:00:00,40000.0,39740.088018670554,259.91198132944555,259.91198132944555,67554.23803859805
2001-09-10 11:00:00,41021.0,41134.244057011936,-113.24405701193609,113.24405701193609,12824.216448522631
2001-09-10 12:00:00,41994.0,41947.08256591212,46.9174340878817,46.9174340878817,2201.245621390724
2001-09-10 13:00:00,42394.0,42891.65116257414,-497.65116257414047,497.65116257414047,247656.6796113936
2001-09-10 14:00:00,43012.0,42837.88020889031,174.1197911096897,174.1197911096897,30317.701656081972
2001-09-10 15:00:00,43184.0,43327.88477104373,-143.88477104373305,143.88477104373305,20702.82733830748
2001-09-10 16:00:00,42998.0,43191.8405900794,-193.84059007940232,193.84059007940232,37574.17436233089
2001-09-10 17:00:00,42158.0,42354.65561912637,-196.6556191263735,196.6556191263735,38673.43253397728
2001-09-10 18:00:00,41109.0,41026.15780876334,82.84219123666117,82.84219123666117,6862.82864889154
2001-09-10 19:00:00,40518.0,40911.94489939803,-393.94489939803316,393.94489939803316,155192.58376172648
2001-09-10 20:00:00,40375.0,39844.21457122084,530.7854287791633,530.7854287791633,281733.1714042803
2001-09-10 21:00:00,37644.0,39121.52991529534,-1477.5299152953376,1477.5299152953376,2183094.6505926475
2001-09-10 22:00:00,33927.0,34496.39949061624,-569.3994906162407,569.3994906162407,324215.77991403436
2001-09-10 23:00:00,30510.0,31089.12744211489,-579.1274421148883,579.1274421148883,335388.59421053325
2001-09-11 00:00:00,27611.0,28312.78572505092,-701.7857250509187,701.7857250509187,492503.2038852437
2001-09-11 01:00:00,25944.0,26202.49920587804,-258.4992058780408,258.4992058780408,66821.83943957773
2001-09-11 02:00:00,24850.0,25064.71604008497,-214.7160400849716,214.7160400849716,46102.97786977114
2001-09-11 03:00:00,24296.0,24134.5594433036,161.44055669640147,161.44055669640147,26063.05334644402
2001-09-11 04:00:00,24414.0,24356.571129641183,57.42887035881722,57.42887035881722,3298.075150689835
2001-09-11 05:00:00,25843.0,25658.735544322346,184.26445567765404,184.26445567765404,33953.38962618213
2001-09-11 06:00:00,29166.0,28422.718997749074,743.2810022509257,743.2810022509257,552466.6483071406
2001-09-11 07:00:00,31269.0,31745.207466452677,-476.2074664526772,476.2074664526772,226773.55110527767
2001-09-11 08:00:00,32704.0,33783.338379462744,-1079.3383794627443,1079.3383794627443,1164971.337381263
2001-09-11 09:00:00,33887.0,34292.105697604435,-405.1056976044347,405.1056976044347,164110.62623157568
2001-09-11 10:00:00,34796.0,34968.1973249309,-172.19732493090123,172.19732493090123,29651.91871335838
2001-09-11 11:00:00,35451.0,35508.717047658036,-57.71704765803588,57.71704765803588,3331.257590359985
2001-09-11 12:00:00,35790.0,35960.88820086825,-170.88820086824853,170.88820086824853,29202.77719598686
2001-09-11 13:00:00,36476.0,36340.84518036548,135.15481963451748,135.15481963451748,18266.825270438952
2001-09-11 14:00:00,36914.0,36909.232134570884,4.767865429115773,4.767865429115773,22.73254075015733
2001-09-11 15:00:00,37122.0,37116.44023465031,5.55976534968795,5.55976534968795,30.910990743590776
2001-09-11 16:00:00,37187.0,36990.62881113764,196.3711888623584,196.3711888623584,38561.643815216026
2001-09-11 17:00:00,36762.0,36652.68029643274,109.31970356725651,109.31970356725651,11950.797588032836
2001-09-11 18:00:00,35460.0,35951.238426852324,-491.23842685232376,491.23842685232376,241315.19201634583
2001-09-11 19:00:00,34865.0,35017.66996034607,-152.6699603460729,152.6699603460729,23308.116792071476
2001-09-11 20:00:00,35178.0,34528.327450654535,649.6725493454651,649.6725493454651,422074.42137303576
2001-09-11 21:00:00,32949.0,34577.13238065344,-1628.132380653442,1628.132380653442,2650815.0489322445
2001-09-11 22:00:00,29931.0,30552.213126380928,-621.2131263809279,621.2131263809279,385905.74838796665
2001-09-11 23:00:00,27052.0,27339.604971265308,-287.60497126530754,287.60497126530754,82716.61949651838
2001-09-12 00:00:00,24763.0,24840.39817811373,-77.39817811372995,77.39817811372995,5990.477975324667
2001-09-12 01:00:00,23567.0,23191.7184031885,375.2815968114992,375.2815968114992,140836.27690538863
2001-09-12 02:00:00,22835.0,22796.900441744583,38.09955825541692,38.09955825541692,1451.5763392579079
2001-09-12 03:00:00,22472.0,22331.907429021743,140.09257097825684,140.09257097825684,19625.928443297933
2001-09-12 04:00:00,22684.0,22657.497013388147,26.502986611852975,26.502986611852975,702.4082993480581
2001-09-12 05:00:00,24144.0,24137.57872227994,6.421277720059152,6.421277720059152,41.23280755812806
2001-09-12 06:00:00,27346.0,27585.399104414,-239.39910441399843,239.39910441399843,57311.931194224526
2001-09-12 07:00:00,29368.0,29680.90138416773,-312.9013841677297,312.9013841677297,97907.27621408117
2001-09-12 08:00:00,31077.0,30972.095183516136,104.90481648386412,104.90481648386412,11005.02052151321
2001-09-12 09:00:00,32759.0,32379.15731734503,379.8426826549694,379.8426826549694,144280.46356652377
2001-09-12 10:00:00,34121.0,33999.53337799379,121.46662200621358,121.46662200621358,14754.14026160037
2001-09-12 11:00:00,34818.0,34914.88774859172,-96.88774859171826,96.88774859171826,9387.235827172004
2001-09-12 12:00:00,35315.0,35355.3197839068,-40.319783906801604,40.319783906801604,1625.6849742911777
2001-09-12 13:00:00,35997.0,35825.43702593747,171.56297406252997,171.56297406252997,29433.854069180332
2001-09-12 14:00:00,36576.0,36349.12928002914,226.87071997085877,226.87071997085877,51470.32358009582
2001-09-12 15:00:00,37033.0,36842.49081771128,190.50918228871888,190.50918228871888,36293.748536316314
2001-09-12 16:00:00,37292.0,37054.81307773829,237.1869222617097,237.1869222617097,56257.63609198232
2001-09-12 17:00:00,36954.0,36813.82037138256,140.1796286174431,140.1796286174431,19650.32827932427
2001-09-12 18:00:00,35519.0,36171.87221825194,-652.8722182519414,652.8722182519414,426242.13336521055
2001-09-12 19:00:00,35045.0,35020.03409806322,24.965901936782757,24.965901936782757,623.296259517053
2001-09-12 20:00:00,35351.0,35152.27869809383,198.72130190616735,198.72130190616735,39490.155831282114
2001-09-12 21:00:00,33164.0,34514.97274891819,-1350.9727489181896,1350.9727489181896,1825127.3683195699
2001-09-12 22:00:00,29691.0,30630.308499324565,-939.3084993245648,939.3084993245648,882300.4569033659
2001-09-12 23:00:00,26871.0,27025.530672080622,-154.53067208062203,154.53067208062203,23879.728613688734
2001-09-13 00:00:00,24604.0,24708.149671283354,-104.14967128335411,104.14967128335411,10847.154028430716
2001-09-13 01:00:00,23204.0,23308.692371414527,-104.69237141452686,104.69237141452686,10960.492632397241
2001-09-13 02:00:00,22583.0,22363.16510502102,219.83489497897972,219.83489497897972,48327.38105041904
2001-09-13 03:00:00,22328.0,22169.46568302639,158.53431697361157,158.53431697361157,25133.129658289545
2001-09-13 04:00:00,22556.0,22452.35827009642,103.64172990357838,103.64172990357838,10741.608177406293
2001-09-13 05:00:00,24240.0,23943.24334544989,296.7566545501104,296.7566545501104,88064.51201977355
2001-09-13 06:00:00,27618.0,27709.94923883983,-91.94923883982847,91.94923883982847,8454.66252322382
2001-09-13 07:00:00,29690.0,30138.724118306847,-448.72411830684723,448.72411830684723,201353.33435025744
2001-09-13 08:00:00,31294.0,31076.948157942425,217.0518420575754,217.0518420575754,47111.502140586665
2001-09-13 09:00:00,32908.0,32686.600528584895,221.39947141510493,221.39947141510493,49017.72594288786
2001-09-13 10:00:00,34482.0,34105.029290922364,376.97070907763555,376.97070907763555,142106.91550249534
2001-09-13 11:00:00,35468.0,35373.0742522182,94.92574778180278,94.92574778180278,9010.897591934436
2001-09-13 12:00:00,36392.0,36069.852213046324,322.1477869536757,322.1477869536757,103779.19663915082
2001-09-13 13:00:00,37387.0,36861.98322941735,525.0167705826534,525.0167705826534,275642.6093930385
2001-09-13 14:00:00,38293.0,37994.06090998374,298.9390900162616,298.9390900162616,89364.57953975057
2001-09-13 15:00:00,39121.0,38785.98411313001,335.0158868699873,335.0158868699873,112235.64445528413
2001-09-13 16:00:00,39551.0,39253.40409899939,297.5959010006118,297.5959010006118,88563.32029236593
2001-09-13 17:00:00,39198.0,39307.20259073908,-109.202590739078,109.202590739078,11925.205824126566
2001-09-13 18:00:00,37754.0,38196.41244627904,-442.41244627904234,442.41244627904234,195728.7726226065
2001-09-13 19:00:00,37771.0,36688.356021286796,1082.643978713204,1082.643978713204,1172117.9846439564
2001-09-13 20:00:00,38008.0,37006.48588743955,1001.5141125604496,1001.5141125604496,1003030.5176577448
2001-09-13 21:00:00,35718.0,36844.462168423976,-1126.4621684239755,1126.4621684239755,1268917.016890445
2001-09-13 22:00:00,32145.0,33209.26767445889,-1064.2676744588898,1064.2676744588898,1132665.6828981335
2001-09-13 23:00:00,28992.0,29167.273894300735,-175.27389430073526,175.27389430073526,30720.93802334532
2001-09-14 00:00:00,26558.0,26415.232971731555,142.76702826844485,142.76702826844485,20382.42436060293
2001-09-14 01:00:00,24930.0,25122.12265872349,-192.1226587234887,192.1226587234887,36911.115994982116
2001-09-14 02:00:00,23970.0,24010.511138078284,-40.51113807828369,40.51113807828369,1641.152308397767
2001-09-14 03:00:00,23383.0,23456.003580006305,-73.00358000630513,73.00358000630513,5329.5226937369935
2001-09-14 04:00:00,23310.0,23400.682392662882,-90.6823926628822,90.6823926628822,8223.296339065151
2001-09-14 05:00:00,24731.0,24418.968814054195,312.0311859458052,312.0311859458052,97363.46100274565
2001-09-14 06:00:00,28018.0,27370.960671592384,647.0393284076163,647.0393284076163,418659.8925061791
2001-09-14 07:00:00,30307.0,30547.477842259028,-240.47784225902797,240.47784225902797,57829.59261755794
2001-09-14 08:00:00,31170.0,32607.184517444904,-1437.1845174449045,1437.1845174449045,2065499.337183343
2001-09-14 09:00:00,31713.0,32665.61049456656,-952.6104945665611,952.6104945665611,907466.7543583481
2001-09-14 10:00:00,32078.0,32674.5003980129,-596.5003980129004,596.5003980129004,355812.7248295486
2001-09-14 11:00:00,31824.0,32193.004072878746,-369.00407287874623,369.00407287874623,136164.00580110305
2001-09-14 12:00:00,31303.0,31555.486038882245,-252.48603888224534,252.48603888224534,63749.199830446705
2001-09-14 13:00:00,31276.0,30996.768959518806,279.2310404811942,279.2310404811942,77969.97396821032
2001-09-14 14:00:00,31040.0,31151.01908934177,-111.01908934177118,111.01908934177118,12325.23819827617
2001-09-14 15:00:00,30548.0,31163.967743544636,-615.9677435446356,615.9677435446356,379416.26108747
2001-09-14 16:00:00,30279.0,30601.389392402638,-322.3893924026379,322.3893924026379,103934.92033374203
2001-09-14 17:00:00,29774.0,31163.775922485875,-1389.7759224858746,1389.7759224858746,1931477.1147214638
2001-09-14 18:00:00,28972.0,30347.48177343618,-1375.4817734361786,1375.4817734361786,1891950.109055135
2001-09-14 19:00:00,29318.0,29642.009060323475,-324.00906032347484,324.00906032347484,104981.87117170116
2001-09-14 20:00:00,29759.0,30121.914939067792,-362.91493906779215,362.91493906779215,131707.2529985793
2001-09-14 21:00:00,28253.0,29804.226731649665,-1551.2267316496655,1551.2267316496655,2406304.3729845034
2001-09-14 22:00:00,26265.0,26793.244156249908,-528.244156249908,528.244156249908,279041.88861217716
2001-09-14 23:00:00,23923.0,24414.304797087934,-491.3047970879343,491.3047970879343,241380.40364161629
2001-09-15 00:00:00,22120.0,22335.162371131813,-215.16237113181342,215.16237113181342,46294.84595106421
2001-09-15 01:00:00,20923.0,21173.348750008903,-250.34875000890315,250.34875000890315,62674.49663102029
2001-09-15 02:00:00,20330.0,20454.4518083557,-124.45180835570136,124.45180835570136,15488.252603004219
2001-09-15 03:00:00,19914.0,20155.714423076348,-241.71442307634788,241.71442307634788,58425.862323131696
2001-09-15 04:00:00,19919.0,20245.605857785933,-326.60585778593304,326.60585778593304,106671.38634008511
2001-09-15 05:00:00,20400.0,20734.551439682542,-334.55143968254197,334.55143968254197,111924.66579366152
2001-09-15 06:00:00,21314.0,21697.333914285715,-383.33391428571485,383.33391428571485,146944.88984160777
2001-09-15 07:00:00,22309.0,22782.650217476974,-473.6502174769739,473.6502174769739,224344.52851598468
2001-09-15 08:00:00,24491.0,24421.40005281474,69.59994718525923,69.59994718525923,4844.152648190873
2001-09-15 09:00:00,26010.0,26238.288003678692,-228.2880036786919,228.2880036786919,52115.412623602446
2001-09-15 10:00:00,26950.0,27049.601969376454,-99.60196937645378,99.60196937645378,9920.552303668037
2001-09-15 11:00:00,26982.0,27258.343896487757,-276.34389648775687,276.34389648775687,76365.94912603608
2001-09-15 12:00:00,26826.0,26774.82732099702,51.17267900297884,51.17267900297884,2618.643076341911
2001-09-15 13:00:00,26563.0,26477.793368563434,85.20663143656566,85.20663143656566,7260.1700407667395
2001-09-15 14:00:00,26214.0,26240.10763349961,-26.10763349961053,26.10763349961053,681.608526949986
2001-09-15 15:00:00,25964.0,25934.961667635376,29.038332364623784,29.038332364623784,843.2247465183572
2001-09-15 16:00:00,26111.0,25987.724037874934,123.27596212506614,123.27596212506614,15196.962837860743
2001-09-15 17:00:00,26084.0,26154.671721789102,-70.67172178910187,70.67172178910187,4994.492260636215
2001-09-15 18:00:00,26044.0,26246.45577147641,-202.4557714764087,202.4557714764087,40988.33940410782
2001-09-15 19:00:00,26894.0,26751.523689213962,142.47631078603808,142.47631078603808,20299.499135199712
2001-09-15 20:00:00,27510.0,27379.76752182118,130.2324781788193,130.2324781788193,16960.498372596645
2001-09-15 21:00:00,26461.0,26888.18830708115,-427.1883070811491,427.1883070811491,182489.84970685813
2001-09-15 22:00:00,24726.0,24810.12135191837,-84.12135191836933,84.12135191836933,7076.401848574139
2001-09-15 23:00:00,22853.0,22860.02933537343,-7.029335373430513,7.029335373430513,49.41155579216149
2001-09-16 00:00:00,21098.0,21212.201660022896,-114.20166002289625,114.20166002289625,13042.01915198518
2001-09-16 01:00:00,19939.0,20142.3117695528,-203.3117695528017,203.3117695528017,41335.675638691544
2001-09-16 02:00:00,19414.0,19390.746627204753,23.253372795246833,23.253372795246833,540.7193463547255
2001-09-16 03:00:00,19023.0,19094.577820681086,-71.57782068108645,71.57782068108645,5123.384413453768
2001-09-16 04:00:00,19056.0,18951.258812307035,104.74118769296547,104.74118769296547,10970.716399333021
2001-09-16 05:00:00,19211.0,19248.35464523651,-37.354645236511715,37.354645236511715,1395.3695207456474
2001-09-16 06:00:00,19814.0,19728.099149773545,85.90085022645508,85.90085022645508,7378.956069627868
2001-09-16 07:00:00,20493.0,20587.517333627868,-94.51733362786763,94.51733362786763,8933.526356121636
2001-09-16 08:00:00,22376.0,22232.945937741297,143.0540622587032,143.0540622587032,20464.464728716932
2001-09-16 09:00:00,24018.0,23923.212145093272,94.78785490672817,94.78785490672817,8984.737437818952
2001-09-16 10:00:00,24889.0,24871.32741092862,17.672589071378752,17.672589071378752,312.3204044858157
2001-09-16 11:00:00,25412.0,25269.736480370724,142.26351962927583,142.26351962927583,20238.90901730935
2001-09-16 12:00:00,25804.0,25510.653617028704,293.3463829712964,293.3463829712964,86052.1004023425
2001-09-16 13:00:00,25974.0,25656.01271449998,317.98728550002124,317.98728550002124,101115.91373967202
2001-09-16 14:00:00,25934.0,25868.72845413394,65.27154586606048,65.27154586606048,4260.374699745236
2001-09-16 15:00:00,26193.0,25887.629428404645,305.3705715953547,305.3705715953547,93251.18599647365
2001-09-16 16:00:00,26514.0,26439.80361608306,74.19638391694025,74.19638391694025,5505.10338634999
2001-09-16 17:00:00,26910.0,26665.667279716163,244.33272028383726,244.33272028383726,59698.47820129986
2001-09-16 18:00:00,26927.0,27061.22206480851,-134.22206480850946,134.22206480850946,18015.562681459713
2001-09-16 19:00:00,28132.0,27772.66862969716,359.3313703028398,359.3313703028398,129119.03368371657
2001-09-16 20:00:00,28879.0,28190.27701971189,688.7229802881084,688.7229802881084,474339.34357693413
2001-09-16 21:00:00,27368.0,27801.445613819506,-433.4456138195055,433.4456138195055,187875.10013936792
2001-09-16 22:00:00,25153.0,25503.73295506715,-350.7329550671493,350.7329550671493,123013.60577013498
2001-09-16 23:00:00,23096.0,23177.835787246186,-81.83578724618565,81.83578724618565,6697.096074202961
2001-09-17 00:00:00,21498.0,21445.45676062237,52.5432393776282,52.5432393776282,2760.7920042947385
2001-09-17 01:00:00,20585.0,20544.915072228087,40.0849277719135,40.0849277719135,1606.8014344795222
2001-09-17 02:00:00,20077.0,20187.249377242606,-110.24937724260599,110.24937724260599,12154.925182382447
2001-09-17 03:00:00,20056.0,19920.26827126544,135.73172873456133,135.73172873456133,18423.102185272543
2001-09-17 04:00:00,20562.0,20499.34089823601,62.6591017639912,62.6591017639912,3926.1630338702053
2001-09-17 05:00:00,22345.0,22307.124755251356,37.875244748644036,37.875244748644036,1434.5341647696875
2001-09-17 06:00:00,25868.0,26079.100823361867,-211.1008233618668,211.1008233618668,44563.557624058085
2001-09-17 07:00:00,28243.0,28393.404762427977,-150.4047624279774,150.4047624279774,22621.59256101632
2001-09-17 08:00:00,29461.0,29667.163250496553,-206.1632504965528,206.1632504965528,42503.28585530438
2001-09-17 09:00:00,30552.0,30438.344564887575,113.65543511242504,113.65543511242504,12917.557930594658
2001-09-17 10:00:00,31624.0,31320.246292839438,303.75370716056204,303.75370716056204,92266.31461378447
2001-09-17 11:00:00,32236.0,32116.716005314604,119.28399468539646,119.28399468539646,14228.671388105691
2001-09-17 12:00:00,32559.0,32295.521645542125,263.47835445787496,263.47835445787496,69420.8432678296
2001-09-17 13:00:00,33003.0,32645.901844055876,357.0981559441243,357.0981559441243,127519.09297869411
2001-09-17 14:00:00,33184.0,33009.226654059225,174.77334594077547,174.77334594077547,30545.72245133398
2001-09-17 15:00:00,33292.0,33111.0850523034,180.91494769659766,180.91494769659766,32730.21830006267
2001-09-17 16:00:00,33306.0,33179.29459892051,126.70540107948909,126.70540107948909,16054.258662714195
2001-09-17 17:00:00,32955.0,32900.906460558144,54.09353944185568,54.09353944185568,2926.1110093475963
2001-09-17 18:00:00,32192.0,32433.485971135928,-241.48597113592768,241.48597113592768,58315.4742554621
2001-09-17 19:00:00,32826.0,32144.064937616895,681.9350623831051,681.9350623831051,465035.42930744943
2001-09-17 20:00:00,32841.0,32647.802227159704,193.19777284029624,193.19777284029624,37325.37943045071
2001-09-17 21:00:00,30716.0,31470.66283909158,-754.6628390915794,754.6628390915794,569516.000705763
2001-09-17 22:00:00,27795.0,27975.037957570465,-180.03795757046464,180.03795757046464,32413.666166144427
2001-09-17 23:00:00,24975.0,25250.465164150457,-275.465164150457,275.465164150457,75881.05666043822
2001-09-18 00:00:00,23088.0,23142.61588467757,-54.61588467756883,54.61588467756883,2982.8948591134977
2001-09-18 01:00:00,22009.0,22092.025209534764,-83.02520953476414,83.02520953476414,6893.185418291491
2001-09-18 02:00:00,21482.0,21490.828309716548,-8.828309716547665,8.828309716547665,77.93905245128991
2001-09-18 03:00:00,21138.0,21163.50003954603,-25.500039546030166,25.500039546030166,650.2520168491023
2001-09-18 04:00:00,21422.0,21395.29731467733,26.70268532267073,26.70268532267073,713.0334034415749
2001-09-18 05:00:00,23173.0,23059.40012013323,113.59987986677152,113.59987986677152,12904.93270574492
2001-09-18 06:00:00,26363.0,26513.121381986894,-150.12138198689354,150.12138198689354,22536.429329654802
2001-09-18 07:00:00,28368.0,29030.13119313778,-662.1311931377786,662.1311931377786,438417.7169260583
2001-09-18 08:00:00,29886.0,29911.664800977782,-25.66480097778185,25.66480097778185,658.6820092291523
2001-09-18 09:00:00,30971.0,30828.97661614127,142.02338385873009,142.02338385873009,20170.64156268419
2001-09-18 10:00:00,32059.0,31742.432871109755,316.56712889024493,316.56712889024493,100214.74709381294
2001-09-18 11:00:00,32754.0,32620.748795986077,133.2512040139227,133.2512040139227,17755.883371160045
2001-09-18 12:00:00,33129.0,33194.48405599516,-65.48405599516263,65.48405599516263,4288.161589577596
2001-09-18 13:00:00,33607.0,33481.35729730161,125.64270269838744,125.64270269838744,15786.088741355374
2001-09-18 14:00:00,33759.0,33818.52891616223,-59.52891616222769,59.52891616222769,3543.691859449533
2001-09-18 15:00:00,33419.0,34010.59707127134,-591.5970712713388,591.5970712713388,349987.0947368255
2001-09-18 16:00:00,33312.0,33150.93544915087,161.06455084912886,161.06455084912886,25941.789540231617
2001-09-18 17:00:00,32865.0,32989.39571220327,-124.39571220327343,124.39571220327343,15474.293214559631
2001-09-18 18:00:00,32181.0,32194.73936194743,-13.739361947431462,13.739361947431462,188.77006672252764
2001-09-18 19:00:00,32963.0,31877.79702792345,1085.2029720765495,1085.2029720765495,1177665.4906037762
2001-09-18 20:00:00,33181.0,32889.960637154305,291.039362845695,291.039362845695,84703.91072562811
2001-09-18 21:00:00,31268.0,31809.070039003214,-541.0700390032143,541.0700390032143,292756.7871069399
2001-09-18 22:00:00,28251.0,28634.04703683344,-383.04703683343905,383.04703683343905,146725.03242687802
2001-09-18 23:00:00,25495.0,25573.850182343467,-78.85018234346717,78.85018234346717,6217.351255598021
2001-09-19 00:00:00,23575.0,23441.088997197545,133.9110028024552,133.9110028024552,17932.15667155916
2001-09-19 01:00:00,22504.0,22556.544377641836,-52.544377641836036,52.544377641836036,2760.911621767879
2001-09-19 02:00:00,21755.0,21889.95708330318,-134.9570833031794,134.9570833031794,18213.4143337013
2001-09-19 03:00:00,21498.0,21432.086335589713,65.91366441028731,65.91366441028731,4344.611155991976
2001-09-19 04:00:00,21924.0,21751.973557444617,172.02644255538326,172.02644255538326,29593.096938260576
2001-09-19 05:00:00,23566.0,23420.377067625617,145.6229323743828,145.6229323743828,21206.038433314065
2001-09-19 06:00:00,27070.0,27150.39388700125,-80.39388700124982,80.39388700124982,6463.177067169725
2001-09-19 07:00:00,29005.0,29778.51095797829,-773.5109579782911,773.5109579782911,598319.2021124937
2001-09-19 08:00:00,30242.0,30399.66368138221,-157.6636813822115,157.6636813822115,24857.836426991507
2001-09-19 09:00:00,31552.0,31314.22541485807,237.7745851419313,237.7745851419313,56536.75333941754
2001-09-19 10:00:00,32905.0,32403.231976445404,501.76802355459586,501.76802355459586,251771.14946188545
2001-09-19 11:00:00,33688.0,33636.809803410615,51.19019658938487,51.19019658938487,2620.43622685987
2001-09-19 12:00:00,33967.0,34192.725980597264,-225.72598059726442,225.72598059726442,50952.2183165966
2001-09-19 13:00:00,34368.0,34325.91950347995,42.08049652005138,42.08049652005138,1770.7681873740567
2001-09-19 14:00:00,34719.0,34685.888324480205,33.11167551979452,33.11167551979452,1096.3830557281594
2001-09-19 15:00:00,34601.0,34742.14965938487,-141.14965938487148,141.14965938487148,19923.226344465238
2001-09-19 16:00:00,34522.0,34399.396275291765,122.60372470823495,122.60372470823495,15031.673312332661
2001-09-19 17:00:00,33806.0,34209.57512053905,-403.57512053904793,403.57512053904793,162872.87791810706
2001-09-19 18:00:00,32949.0,33409.301960078876,-460.3019600788757,460.3019600788757,211877.8944524549
2001-09-19 19:00:00,33929.0,32527.907005780653,1401.092994219347,1401.092994219347,1963061.5784505352
2001-09-19 20:00:00,33894.0,33931.759377882154,-37.759377882153785,37.759377882153785,1425.7706180472844
2001-09-19 21:00:00,31978.0,32773.75288732107,-795.7528873210686,795.7528873210686,633222.6576798172
2001-09-19 22:00:00,29072.0,29439.77040872276,-367.7704087227612,367.7704087227612,135255.07353210682
2001-09-19 23:00:00,26541.0,26346.22905146862,194.77094853137896,194.77094853137896,37935.72239181307
2001-09-20 00:00:00,24546.0,24322.141361617723,223.8586383822767,223.8586383822767,50112.68997836692
2001-09-20 01:00:00,23490.0,23424.508445708878,65.49155429112216,65.49155429112216,4289.143683467001
2001-09-20 02:00:00,22902.0,22813.227426131794,88.77257386820565,88.77257386820565,7880.56987118603
2001-09-20 03:00:00,22608.0,22545.936213768662,62.06378623133787,62.06378623133787,3851.913561369204
2001-09-20 04:00:00,23091.0,22759.426186320692,331.57381367930793,331.57381367930793,109941.19391784041
2001-09-20 05:00:00,25043.0,24570.53751145424,472.4624885457597,472.4624885457597,223220.8030828521
2001-09-20 06:00:00,28919.0,28441.279267306847,477.72073269315297,477.72073269315297,228217.0984448829
2001-09-20 07:00:00,31293.0,31261.738343079465,31.261656920534733,31.261656920534733,977.2911934172172
2001-09-20 08:00:00,32596.0,32455.741343294467,140.2586567055332,140.2586567055332,19672.490780840617
2001-09-20 09:00:00,33480.0,33840.289258477416,-360.2892584774163,360.2892584774163,129808.3497742065
2001-09-20 10:00:00,34156.0,33995.915289187426,160.08471081257449,160.08471081257449,25627.114635945603
2001-09-20 11:00:00,34400.0,34540.04327620944,-140.0432762094424,140.0432762094424,19612.11921147418
2001-09-20 12:00:00,34155.0,34670.90312916112,-515.9031291611172,515.9031291611172,266156.0386782324
2001-09-20 13:00:00,34110.0,34228.996806961644,-118.99680696164432,118.99680696164432,14160.240067066843
2001-09-20 14:00:00,33897.0,34032.569856847964,-135.56985684796382,135.56985684796382,18379.1860857774
2001-09-20 15:00:00,33681.0,33768.61019319798,-87.61019319797924,87.61019319797924,7675.545952187248
2001-09-20 16:00:00,33688.0,33674.60379863568,13.396201364317676,13.396201364317676,179.45821099334677
2001-09-20 17:00:00,33564.0,33996.520419798246,-432.5204197982457,432.5204197982457,187073.9135424507
2001-09-20 18:00:00,33378.0,33717.34360572167,-339.3436057216677,339.3436057216677,115154.08274418267
2001-09-20 19:00:00,34309.0,33192.25367207421,1116.7463279257936,1116.7463279257936,1247122.3609357441
2001-09-20 20:00:00,34119.0,33923.48170619483,195.51829380517302,195.51829380517302,38227.40321248596
2001-09-20 21:00:00,32027.0,32533.003591887176,-506.0035918871763,506.0035918871763,256039.63500272407
2001-09-20 22:00:00,29719.0,29492.55808145321,226.44191854678866,226.44191854678866,51275.94247515047
2001-09-20 23:00:00,26931.0,27045.264605996934,-114.26460599693382,114.26460599693382,13056.400183634525
2001-09-21 00:00:00,24888.0,24835.080011854974,52.919988145025854,52.919988145025854,2800.525145269677
2001-09-21 01:00:00,23714.0,23422.97378215622,291.0262178437806,291.0262178437806,84696.25947245565
2001-09-21 02:00:00,23005.0,23095.68241004695,-90.68241004694937,90.68241004694937,8223.299491923064
2001-09-21 03:00:00,22819.0,22671.511648380663,147.48835161933675,147.48835161933675,21752.813863389114
2001-09-21 04:00:00,23194.0,23085.23347508069,108.76652491930872,108.76652491930872,11830.156943022605
2001-09-21 05:00:00,24858.0,24759.26097412921,98.73902587078919,98.73902587078919,9749.395229912378
2001-09-21 06:00:00,28487.0,28023.942454095002,463.0575459049978,463.0575459049978,214422.29081955916
2001-09-21 07:00:00,31004.0,30794.734448056923,209.2655519430773,209.2655519430773,43792.07123004078
2001-09-21 08:00:00,32284.0,32223.202986826138,60.79701317386207,60.79701317386207,3696.276810862758
2001-09-21 09:00:00,33395.0,33259.0856385835,135.91436141650047,135.91436141650047,18472.71363925511
2001-09-21 10:00:00,34468.0,34020.13583158821,447.86416841179016,447.86416841179016,200582.31334718433
2001-09-21 11:00:00,35143.0,34969.09062597741,173.90937402258714,173.90937402258714,30244.47037292811
2001-09-21 12:00:00,35646.0,35622.08372333372,23.916276666277554,23.916276666277554,571.9882895779322
2001-09-21 13:00:00,36122.0,35999.168318830525,122.8316811694749,122.8316811694749,15087.621898919537
2001-09-21 14:00:00,36400.0,36325.29397815288,74.70602184712334,74.70602184712334,5580.98970022287
2001-09-21 15:00:00,36305.0,36459.32289435378,-154.32289435378334,154.32289435378334,23815.555721728975
2001-09-21 16:00:00,36026.0,35981.60457183294,44.395428167059436,44.395428167059436,1970.9540421365343
2001-09-21 17:00:00,35241.0,35467.12760029038,-226.12760029038327,226.12760029038327,51133.69161308734
2001-09-21 18:00:00,34327.0,34604.66063816526,-277.66063816526,277.66063816526,77095.42998633946
2001-09-21 19:00:00,34614.0,33819.17556892073,794.8244310792725,794.8244310792725,631745.8762404892
2001-09-21 20:00:00,34089.0,34418.968194248824,-329.96819424882415,329.96819424882415,108879.00921582975
2001-09-21 21:00:00,32368.0,32881.07644696865,-513.0764469686474,513.0764469686474,263247.44043397123
2001-09-21 22:00:00,30151.0,29781.25542289531,369.7445771046914,369.7445771046914,136711.0522983271
2001-09-21 23:00:00,27706.0,27567.86167870427,138.13832129572984,138.13832129572984,19082.19581040229
2001-09-22 00:00:00,25214.0,25639.756236799127,-425.7562367991268,425.7562367991268,181268.3731733541
2001-09-22 01:00:00,23818.0,23914.652628526008,-96.6526285260079,96.6526285260079,9341.730600986477
2001-09-22 02:00:00,22863.0,23075.71908826398,-212.71908826398067,212.71908826398067,45249.4105118592
2001-09-22 03:00:00,22364.0,22419.235882090943,-55.23588209094305,55.23588209094305,3051.002670364563
2001-09-22 04:00:00,22202.0,22280.31849740781,-78.31849740781036,78.31849740781036,6133.787036217197
2001-09-22 05:00:00,22660.0,22670.753667099565,-10.753667099565064,10.753667099565064,115.6413560882681
2001-09-22 06:00:00,23690.0,23743.282805005245,-53.28280500524488,53.28280500524488,2839.057309226949
2001-09-22 07:00:00,24840.0,25336.593666755907,-496.5936667559072,496.5936667559072,246605.269862077
2001-09-22 08:00:00,27007.0,27049.347346226168,-42.347346226168156,42.347346226168156,1793.2977323989585
2001-09-22 09:00:00,29116.0,28814.251213578704,301.74878642129624,301.74878642129624,91052.33010672506
2001-09-22 10:00:00,30627.0,30633.09353669561,-6.093536695610965,6.093536695610965,37.1311894607574
2001-09-22 11:00:00,31654.0,31601.489613093836,52.51038690616406,52.51038690616406,2757.3407330350456
2001-09-22 12:00:00,32359.0,32188.70130927741,170.29869072258953,170.29869072258953,29001.6440618282
2001-09-22 13:00:00,32752.0,32355.625174483866,396.37482551613357,396.37482551613357,157113.00230294533
2001-09-22 14:00:00,32867.0,32975.79105380236,-108.79105380235706,108.79105380235706,11835.493387427348
2001-09-22 15:00:00,32938.0,32901.22271121526,36.77728878473863,36.77728878473863,1352.5689703560618
2001-09-22 16:00:00,32757.0,32808.1841184429,-51.18411844289949,51.18411844289949,2619.813980776764
2001-09-22 17:00:00,32313.0,32643.77274057021,-330.77274057020986,330.77274057020986,109410.60590432736
2001-09-22 18:00:00,31634.0,31835.038951871178,-201.03895187117814,201.03895187117814,40416.66016946188
2001-09-22 19:00:00,32572.0,31261.567717056736,1310.432282943264,1310.432282943264,1717232.7681798947
2001-09-22 20:00:00,32259.0,32512.58107284227,-253.58107284226935,253.58107284226935,64303.36050383632
2001-09-22 21:00:00,30865.0,31802.262582307507,-937.2625823075068,937.2625823075068,878461.148193736
2001-09-22 22:00:00,28723.0,28792.251700357698,-69.2517003576977,69.2517003576977,4795.798002432348
2001-09-22 23:00:00,26537.0,26615.97896030292,-78.97896030292031,78.97896030292031,6237.676170530262
2001-09-23 00:00:00,24274.0,24498.133596431082,-224.13359643108197,224.13359643108197,50235.86904913112
2001-09-23 01:00:00,23158.0,22972.714797424112,185.28520257588752,185.28520257588752,34330.606293587676
2001-09-23 02:00:00,21982.0,22314.98177576398,-332.9817757639794,332.9817757639794,110876.86299093305
2001-09-23 03:00:00,21472.0,21557.591825470987,-85.5918254709868,85.5918254709868,7325.960587455866
2001-09-23 04:00:00,21160.0,21297.17431737155,-137.1743173715513,137.1743173715513,18816.793346351078
2001-09-23 05:00:00,21314.0,21375.200108794237,-61.20010879423717,61.20010879423717,3745.4533164264653
2001-09-23 06:00:00,21743.0,21909.48060020421,-166.48060020420962,166.48060020420962,27715.79024435388
2001-09-23 07:00:00,22282.0,22854.11331468831,-572.1133146883112,572.1133146883112,327313.6448436466
2001-09-23 08:00:00,24316.0,24482.318631721977,-166.318631721977,166.318631721977,27661.887257870614
2001-09-23 09:00:00,26394.0,26415.136126132107,-21.136126132107165,21.136126132107165,446.7358278723434
2001-09-23 10:00:00,27881.0,27819.236634934594,61.763365065406106,61.763365065406106,3814.713264202627
2001-09-23 11:00:00,29194.0,28746.775675230154,447.22432476984613,447.22432476984613,200009.59666584482
2001-09-23 12:00:00,30159.0,29747.841257563257,411.1587424367426,411.1587424367426,169051.51148216365
2001-09-23 13:00:00,30820.0,30694.26133187583,125.73866812416964,125.73866812416964,15810.212661640073
2001-09-23 14:00:00,31141.0,31271.08914199874,-130.08914199873834,130.08914199873834,16923.18486596791
2001-09-23 15:00:00,31339.0,31374.47333797449,-35.47333797449028,35.47333797449028,1258.357707052414
2001-09-23 16:00:00,31578.0,31307.120878567217,270.879121432783,270.879121432783,73375.4984281964
2001-09-23 17:00:00,31609.0,31640.666645142705,-31.66664514270451,31.66664514270451,1002.7764145939711
2001-09-23 18:00:00,31337.0,31499.245716174144,-162.24571617414404,162.24571617414404,26323.672416860903
2001-09-23 19:00:00,32566.0,30844.745650908317,1721.2543490916833,1721.2543490916833,2962716.5342670344
2001-09-23 20:00:00,32553.0,32471.180167779046,81.81983222095369,81.81983222095369,6694.4849446650105
2001-09-23 21:00:00,30992.0,31853.295343381153,-861.2953433811526,861.2953433811526,741829.6685300577
2001-09-23 22:00:00,28527.0,29221.83322522865,-694.8332252286491,694.8332252286491,482793.2108816466
2001-09-23 23:00:00,26189.0,26381.35114304152,-192.35114304152012,192.35114304152012,36998.962229379336
2001-09-24 00:00:00,24419.0,24258.055121473204,160.94487852679595,160.94487852679595,25903.253924005105
2001-09-24 01:00:00,23461.0,23180.622030877785,280.3779691222153,280.3779691222153,78611.80556909791
2001-09-24 02:00:00,22875.0,22917.78775131484,-42.787751314841444,42.787751314841444,1830.7916625807156
2001-09-24 03:00:00,22718.0,22653.370852000546,64.62914799945429,64.62914799945429,4176.926771135367
2001-09-24 04:00:00,23225.0,22956.608897165825,268.3911028341754,268.3911028341754,72033.78408054491
2001-09-24 05:00:00,25032.0,24869.17978097302,162.82021902698034,162.82021902698034,26510.423723993852
2001-09-24 06:00:00,29256.0,28488.541705264866,767.4582947351337,767.4582947351337,588992.2341577593
2001-09-24 07:00:00,31870.0,31687.98745166709,182.01254833291023,182.01254833291023,33128.56775063998
2001-09-24 08:00:00,33019.0,33174.60573207729,-155.60573207728885,155.60573207728885,24213.143855309
2001-09-24 09:00:00,34405.0,34063.965409298595,341.03459070140525,341.03459070140525,116304.592054875
2001-09-24 10:00:00,35511.0,35470.19237280829,40.80762719170889,40.80762719170889,1665.2624370174988
2001-09-24 11:00:00,36100.0,36091.56230402169,8.43769597831124,8.43769597831124,71.19471342240966
2001-09-24 12:00:00,36531.0,36444.40650072745,86.59349927255244,86.59349927255244,7498.434116265539
2001-09-24 13:00:00,37177.0,36940.78158682922,236.2184131707836,236.2184131707836,55799.13872092303
2001-09-24 14:00:00,37238.0,37427.509615773204,-189.50961577320413,189.50961577320413,35913.89447050746
2001-09-24 15:00:00,37075.0,37266.748372558315,-191.74837255831517,191.74837255831517,36767.43837876243
2001-09-24 16:00:00,36920.0,36749.64131512201,170.3586848779887,170.3586848779887,29022.081513357858
2001-09-24 17:00:00,36634.0,36329.89639836105,304.103601638948,304.103601638948,92479.00052978
2001-09-24 18:00:00,36446.0,35919.18873600344,526.811263996562,526.811263996562,277530.1078736554
2001-09-24 19:00:00,37175.0,35879.51359296935,1295.4864070306503,1295.4864070306503,1678285.0308011838
2001-09-24 20:00:00,36110.0,36385.7050063811,-275.7050063810966,275.7050063810966,76013.25054360052
2001-09-24 21:00:00,34011.0,34690.57298528332,-679.5729852833174,679.5729852833174,461819.44232687994
2001-09-24 22:00:00,30961.0,31328.130785333415,-367.1307853334147,367.1307853334147,134785.0135395298
2001-09-24 23:00:00,28139.0,28201.919081517037,-62.91908151703683,62.91908151703683,3958.8108189475256
2001-09-25 00:00:00,26026.0,26068.119515710234,-42.11951571023383,42.11951571023383,1774.0536036646342
2001-09-25 01:00:00,24842.0,24736.349536592395,105.65046340760455,105.65046340760455,11162.020418241587
2001-09-25 02:00:00,23934.0,24023.314877484027,-89.31487748402651,89.31487748402651,7977.147339986665
2001-09-25 03:00:00,23527.0,23584.65378761166,-57.653787611659936,57.653787611659936,3323.9592259703927
2001-09-25 04:00:00,23631.0,23676.133103095948,-45.13310309594817,45.13310309594817,2036.9969950694865
2001-09-25 05:00:00,25258.0,25183.5909373352,74.40906266479942,74.40906266479942,5536.708606654047
2001-09-25 06:00:00,29085.0,28367.945105449133,717.0548945508672,717.0548945508672,514167.72179935523
2001-09-25 07:00:00,31370.0,31767.404908227203,-397.4049082272031,397.4049082272031,157930.66108307173
2001-09-25 08:00:00,32018.0,32900.23784561399,-882.2378456139922,882.2378456139922,778343.6162336185
2001-09-25 09:00:00,32587.0,33069.06304721915,-482.06304721914785,482.06304721914785,232384.78149421036
2001-09-25 10:00:00,33007.0,33167.80799320104,-160.80799320103688,160.80799320103688,25859.210677344723
2001-09-25 11:00:00,33279.0,33130.61722135912,148.38277864088013,148.38277864088013,22017.448997188432
2001-09-25 12:00:00,33152.0,33429.10782070451,-277.1078207045066,277.1078207045066,76788.74429560098
2001-09-25 13:00:00,33534.0,33048.13730774228,485.86269225771684,485.86269225771684,236062.55572791686
2001-09-25 14:00:00,33317.0,33889.33566806328,-572.3356680632787,572.3356680632787,327568.11693743954
2001-09-25 15:00:00,32513.0,33399.517813326485,-886.5178133264853,886.5178133264853,785913.8333451732
2001-09-25 16:00:00,32295.0,32539.844703256447,-244.84470325644725,244.84470325644725,59948.92871273771
2001-09-25 17:00:00,31941.0,32111.377545880896,-170.37754588089592,170.37754588089592,29028.508140396796
2001-09-25 18:00:00,31258.0,31891.36513280634,-633.3651328063388,633.3651328063388,401151.3914547912
2001-09-25 19:00:00,32359.0,31136.092044387708,1222.9079556122924,1222.9079556122924,1495503.8678998365
2001-09-25 20:00:00,31724.0,32864.55067310136,-1140.5506731013593,1140.5506731013593,1300855.8379119637
2001-09-25 21:00:00,29751.0,30858.86946024838,-1107.869460248381,1107.869460248381,1227374.7409510391
2001-09-25 22:00:00,27134.0,27424.07750635522,-290.077506355221,290.077506355221,84144.95969326327
2001-09-25 23:00:00,24195.0,24867.14626971596,-672.1462697159586,672.1462697159586,451780.6078930782
2001-09-26 00:00:00,22414.0,22452.250238805722,-38.25023880572189,38.25023880572189,1463.080768694753
2001-09-26 01:00:00,21452.0,21379.578089982853,72.42191001714673,72.42191001714673,5244.9330505316975
2001-09-26 02:00:00,20857.0,21003.64198127584,-146.6419812758395,146.6419812758395,21503.87067250366
2001-09-26 03:00:00,20647.0,20651.30761382125,-4.307613821249106,4.307613821249106,18.555536833016326
2001-09-26 04:00:00,21109.0,20948.257218492698,160.74278150730242,160.74278150730242,25838.241806704365
2001-09-26 05:00:00,22833.0,22393.87388790548,439.12611209452007,439.12611209452007,192831.742323249
2001-09-26 06:00:00,26790.0,26142.546348765678,647.453651234322,647.453651234322,419196.2304966551
2001-09-26 07:00:00,28733.0,29274.456487055137,-541.4564870551367,541.4564870551367,293175.1273740894
2001-09-26 08:00:00,29301.0,29825.700559456767,-524.7005594567672,524.7005594567672,275310.6770942445
2001-09-26 09:00:00,30280.0,29954.864952269574,325.13504773042587,325.13504773042587,105712.7992626663
2001-09-26 10:00:00,30323.0,30956.24088155724,-633.2408815572417,633.2408815572417,400994.01407539257
2001-09-26 11:00:00,30579.0,30474.421466154632,104.57853384536793,104.57853384536793,10936.669741246766
2001-09-26 12:00:00,30557.0,30504.970691920626,52.02930807937446,52.02930807937446,2707.0488992184605
2001-09-26 13:00:00,30499.0,30462.400211352284,36.599788647716196,36.599788647716196,1339.5445290574953
2001-09-26 14:00:00,30423.0,30412.070534584516,10.929465415483719,10.929465415483719,119.4532142682547
2001-09-26 15:00:00,30279.0,30307.111865729865,-28.111865729864803,28.111865729864803,790.2769948139471
2001-09-26 16:00:00,30236.0,30375.238225636735,-139.23822563673457,139.23822563673457,19387.283478466208
2001-09-26 17:00:00,29983.0,30273.41291325139,-290.4129132513917,290.4129132513917,84339.66018316038
2001-09-26 18:00:00,29913.0,30350.609407364955,-437.6094073649547,437.6094073649547,191501.99341430684
2001-09-26 19:00:00,31423.0,30402.583173460687,1020.4168265393128,1020.4168265393128,1041250.4998845619
2001-09-26 20:00:00,30870.0,31151.341873791454,-281.3418737914544,281.3418737914544,79153.24994848667
2001-09-26 21:00:00,29241.0,29431.45345883065,-190.45345883064874,190.45345883064874,36272.51998055761
2001-09-26 22:00:00,26567.0,26739.116394210956,-172.11639421095606,172.11639421095606,29624.053156181228
2001-09-26 23:00:00,24201.0,24054.683894427893,146.3161055721066,146.3161055721066,21408.402749787845
2001-09-27 00:00:00,22382.0,22297.985264249703,84.0147357502974,84.0147357502974,7058.475823192301
2001-09-27 01:00:00,21407.0,21527.699246480355,-120.69924648035521,120.69924648035521,14568.30810092554
2001-09-27 02:00:00,20786.0,20962.860444820693,-176.86044482069337,176.86044482069337,31279.616942173525
2001-09-27 03:00:00,20761.0,20632.92879864766,128.07120135234072,128.07120135234072,16402.2326158318
2001-09-27 04:00:00,21107.0,21157.61543004184,-50.61543004183841,50.61543004183841,2561.921758320238
2001-09-27 05:00:00,22721.0,22812.15114006823,-91.15114006822841,91.15114006822841,8308.530335737796
2001-09-27 06:00:00,26225.0,26321.063837515012,-96.06383751501198,96.06383751501198,9228.260878110623
2001-09-27 07:00:00,28172.0,28773.93024431924,-601.9302443192391,601.9302443192391,362320.0190262189
2001-09-27 08:00:00,29125.0,29376.57827065724,-251.57827065723905,251.57827065723905,63291.626266887026
2001-09-27 09:00:00,29897.0,29817.72510498501,79.27489501499076,79.27489501499076,6284.508979637807
2001-09-27 10:00:00,30467.0,30291.35116607099,175.64883392901174,175.64883392901174,30852.512860621548
2001-09-27 11:00:00,30750.0,30573.92713036118,176.07286963882143,176.07286963882143,31001.655422849406
2001-09-27 12:00:00,30660.0,30695.43988675908,-35.439886759078945,35.439886759078945,1255.9855734963392
2001-09-27 13:00:00,30807.0,30592.309709876718,214.69029012328247,214.69029012328247,46091.920673219196
2001-09-27 14:00:00,30330.0,30704.6100823685,-374.610082368501,374.610082368501,140332.71381213513
2001-09-27 15:00:00,30096.0,30157.38184016683,-61.381840166828624,61.381840166828624,3767.730302266096
2001-09-27 16:00:00,29910.0,30002.34246419748,-92.3424641974816,92.3424641974816,8527.130694063171
2001-09-27 17:00:00,29742.0,29672.989178920194,69.01082107980619,69.01082107980619,4762.493426109023
2001-09-27 18:00:00,30127.0,29841.72669512088,285.2733048791197,285.2733048791197,81380.85847665516
2001-09-27 19:00:00,31610.0,30989.34755038332,620.6524496166785,620.6524496166785,385209.46321518364
2001-09-27 20:00:00,30901.0,31178.241803705838,-277.2418037058378,277.2418037058378,76863.0177220663
2001-09-27 21:00:00,29206.0,29437.923691162217,-231.92369116221744,231.92369116221744,53788.59852230761
2001-09-27 22:00:00,26567.0,26691.93287294185,-124.93287294184847,124.93287294184847,15608.222741504054
2001-09-27 23:00:00,24032.0,24081.479988606003,-49.479988606002735,49.479988606002735,2448.2692724501603
2001-09-28 00:00:00,22301.0,22211.709095107148,89.29090489285227,89.29090489285227,7972.865696584389
2001-09-28 01:00:00,21362.0,21451.77052974349,-89.77052974349135,89.77052974349135,8058.748010427065
2001-09-28 02:00:00,20814.0,20863.58306666227,-49.58306666227145,49.58306666227145,2458.4804996352545
2001-09-28 03:00:00,20733.0,20572.310532157415,160.68946784258515,160.68946784258515,25821.105075533207
2001-09-28 04:00:00,20927.0,21083.203244402128,-156.2032444021279,156.2032444021279,24399.4535617509
2001-09-28 05:00:00,22895.0,22645.069481785376,249.9305182146236,249.9305182146236,62465.26393503029
2001-09-28 06:00:00,26600.0,26541.57007805531,58.42992194469116,58.42992194469116,3414.0557784627017
2001-09-28 07:00:00,28608.0,29146.091536117045,-538.0915361170446,538.0915361170446,289542.5012408007
2001-09-28 08:00:00,29277.0,29518.0452632599,-241.04526325990082,241.04526325990082,58102.81894003489
2001-09-28 09:00:00,29912.0,30016.8141265555,-104.81412655549866,104.81412655549866,10986.001125592089
2001-09-28 10:00:00,30445.0,30268.497137309714,176.50286269028584,176.50286269028584,31153.260537865895
2001-09-28 11:00:00,30516.0,30530.157606256897,-14.157606256896543,14.157606256896543,200.43781492531613
2001-09-28 12:00:00,30231.0,30487.197337915288,-256.1973379152878,256.1973379152878,65637.07595488016
2001-09-28 13:00:00,30194.0,30127.69358563186,66.3064143681404,66.3064143681404,4396.540586359535
2001-09-28 14:00:00,29950.0,30043.55929450313,-93.55929450313124,93.55929450313124,8753.341587923644
2001-09-28 15:00:00,29497.0,29704.02524961826,-207.02524961825839,207.02524961825839,42859.45397950219
2001-09-28 16:00:00,29292.0,29370.876798760095,-78.87679876009497,78.87679876009497,6221.54938264052
2001-09-28 17:00:00,28911.0,29155.197267554504,-244.19726755450392,244.19726755450392,59632.305481085976
2001-09-28 18:00:00,28961.0,29187.289739009437,-226.28973900943674,226.28973900943674,51207.045980958996
2001-09-28 19:00:00,30039.0,29665.046582670206,373.9534173297943,373.9534173297943,139841.1583326313
2001-09-28 20:00:00,29551.0,30121.89767383628,-570.8976738362799,570.8976738362799,325924.1539916754
2001-09-28 21:00:00,28070.0,28370.346046009283,-300.3460460092829,300.3460460092829,90207.74735341026
2001-09-28 22:00:00,26114.0,26146.57153499289,-32.57153499289052,32.57153499289052,1060.9048917930916
2001-09-28 23:00:00,23945.0,23946.91701672815,-1.9170167281517934,1.9170167281517934,3.674953136013807
2001-09-29 00:00:00,22154.0,21980.90217400822,173.09782599177925,173.09782599177925,29962.857363080286
2001-09-29 01:00:00,21015.0,21100.519899764582,-85.51989976458208,85.51989976458208,7313.653255744166
2001-09-29 02:00:00,20288.0,20532.213467544014,-244.21346754401384,244.21346754401384,59640.2177298711
2001-09-29 03:00:00,19975.0,19915.930049783325,59.06995021667535,59.06995021667535,3489.2590186005045
2001-09-29 04:00:00,19992.0,19967.250399505214,24.749600494786137,24.749600494786137,612.5427246515181
2001-09-29 05:00:00,20588.0,20636.317641056157,-48.3176410561573,48.3176410561573,2334.5944372316576
2001-09-29 06:00:00,21727.0,21690.925568145853,36.074431854147406,36.074431854147406,1301.364633599525
2001-09-29 07:00:00,22869.0,23033.672903709437,-164.67290370943738,164.67290370943738,27117.165216097634
2001-09-29 08:00:00,24828.0,24813.984751115266,14.01524888473432,14.01524888473432,196.42720130104658
2001-09-29 09:00:00,26189.0,26017.83264304511,171.16735695489115,171.16735695489115,29298.26408692312
2001-09-29 10:00:00,26845.0,27015.63282851825,-170.63282851824988,170.63282851824988,29115.56216813847
2001-09-29 11:00:00,26715.0,26904.91897796914,-189.91897796914054,189.91897796914054,36069.21819284289
2001-09-29 12:00:00,26305.0,26364.84750563796,-59.84750563796115,59.84750563796115,3581.7239310857913
2001-09-29 13:00:00,25887.0,25805.028909531582,81.97109046841797,81.97109046841797,6719.259672581563
2001-09-29 14:00:00,25391.0,25410.15758478542,-19.157584785418294,19.157584785418294,367.0130548104905
2001-09-29 15:00:00,25080.0,25121.100076193412,-41.10007619341195,41.10007619341195,1689.216263104268
2001-09-29 16:00:00,25117.0,25321.301479530695,-204.30147953069536,204.30147953069536,41739.094538431134
2001-09-29 17:00:00,25182.0,25518.64790657905,-336.6479065790518,336.6479065790518,113331.81300405797
2001-09-29 18:00:00,25692.0,26160.032561073796,-468.0325610737964,468.0325610737964,219054.47822529695
2001-09-29 19:00:00,27250.0,26931.345172866386,318.65482713361416,318.65482713361416,101540.89885555352
2001-09-29 20:00:00,26982.0,27185.44324658978,-203.44324658978076,203.44324658978076,41389.15458299034
2001-09-29 21:00:00,25956.0,26142.429717897645,-186.42971789764488,186.42971789764488,34756.03971539545
2001-09-29 22:00:00,24609.0,24553.094162289344,55.90583771065576,55.90583771065576,3125.4626901301795
2001-09-29 23:00:00,22841.0,22812.059700192025,28.940299807974952,28.940299807974952,837.5409529754751
2001-09-30 00:00:00,21091.0,21179.847767558356,-88.84776755835628,88.84776755835628,7893.925800103707
2001-09-30 01:00:00,20137.0,20168.544371388558,-31.54437138855792,31.54437138855792,995.0473662992715
2001-09-30 02:00:00,19497.0,19596.96955161334,-99.96955161333972,99.96955161333972,9993.911249772194
2001-09-30 03:00:00,19238.0,19269.63018875853,-31.630188758528675,31.630188758528675,1000.4688409001537
2001-09-30 04:00:00,19188.0,19085.34310460826,102.65689539174127,102.65689539174127,10538.43817147091
2001-09-30 05:00:00,19491.0,19494.165830406855,-3.1658304068550933,3.1658304068550933,10.022482164968286
2001-09-30 06:00:00,20166.0,20145.208775966013,20.79122403398651,20.79122403398651,432.27499683141826
2001-09-30 07:00:00,21036.0,20900.255186059498,135.74481394050235,135.74481394050235,18426.654511741603
2001-09-30 08:00:00,22876.0,22683.85962313614,192.14037686385927,192.14037686385927,36917.92442138587
2001-09-30 09:00:00,24337.0,24090.90494614474,246.09505385526063,246.09505385526063,60562.77553202363
2001-09-30 10:00:00,24924.0,25014.40525519882,-90.40525519882067,90.40525519882067,8173.110167563892
2001-09-30 11:00:00,25150.0,25265.0608499735,-115.06084997349899,115.06084997349899,13238.999196624043
2001-09-30 12:00:00,24913.0,25147.60799950318,-234.6079995031796,234.6079995031796,55040.91343088392
2001-09-30 13:00:00,24755.0,24816.14592314376,-61.14592314375841,61.14592314375841,3738.82391710241
2001-09-30 14:00:00,24884.0,24496.84541546917,387.1545845308283,387.1545845308283,149888.67232323828
2001-09-30 15:00:00,24936.0,24636.924170949434,299.0758290505655,299.0758290505655,89446.35152228309
2001-09-30 16:00:00,25316.0,25306.514378168216,9.485621831783646,9.485621831783646,89.97702153561055
2001-09-30 17:00:00,25934.0,25739.064126044017,194.93587395598297,194.93587395598297,37999.99495498288
2001-09-30 18:00:00,26888.0,26666.654635821997,221.34536417800336,221.34536417800336,48993.770243092935
2001-09-30 19:00:00,28295.0,27677.54951631045,617.4504836895503,617.4504836895503,381245.09980845964
2001-09-30 20:00:00,28159.0,27906.623667313772,252.37633268622812,252.37633268622812,63693.8133001497
2001-09-30 21:00:00,26859.0,26902.12891908371,-43.12891908370875,43.12891908370875,1860.103661329097
2001-09-30 22:00:00,24941.0,24994.437591647285,-53.437591647285444,53.437591647285444,2855.576201062031
2001-09-30 23:00:00,22827.0,23097.52755018757,-270.52755018756943,270.52755018756943,73185.1554104879
2001-10-01 00:00:00,21478.0,21253.1355437653,224.8644562346999,224.8644562346999,50564.023677727266
2001-10-01 01:00:00,20543.0,20578.939564359964,-35.9395643599637,35.9395643599637,1291.6522863839728
2001-10-01 02:00:00,20205.0,20192.741435934608,12.25856406539242,12.25856406539242,150.27239294533035
2001-10-01 03:00:00,20163.0,20040.687080204956,122.31291979504385,122.31291979504385,14960.45034878883
2001-10-01 04:00:00,20709.0,20617.48195955919,91.51804044080927,91.51804044080927,8375.5517261256
2001-10-01 05:00:00,22578.0,22527.22425287537,50.77574712462956,50.77574712462956,2578.1764960643272
2001-10-01 06:00:00,26532.0,26254.762633261187,277.23736673881285,277.23736673881285,76860.55751627102
2001-10-01 07:00:00,29016.0,28990.756835982374,25.24316401762553,25.24316401762553,637.2173296207444
2001-10-01 08:00:00,29812.0,29689.231067182332,122.76893281766752,122.76893281766752,15072.210865188961
2001-10-01 09:00:00,30368.0,30222.51203279131,145.48796720868995,145.48796720868995,21166.748602516844
2001-10-01 10:00:00,30753.0,30762.97354968757,-9.973549687569175,9.973549687569175,99.47169337041119
2001-10-01 11:00:00,30843.0,30805.199235194894,37.800764805106155,37.800764805106155,1428.8978198509521
2001-10-01 12:00:00,30630.0,30711.825198882158,-81.82519888215757,81.82519888215757,6695.3631721046395
2001-10-01 13:00:00,30558.0,30507.762543474815,50.237456525184825,50.237456525184825,2523.8020381198353
2001-10-01 14:00:00,30230.0,30391.655559135725,-161.65555913572462,161.65555913572462,26132.519799483758
2001-10-01 15:00:00,30007.0,30057.95280955031,-50.9528095503083,50.9528095503083,2596.188801069989
2001-10-01 16:00:00,29963.0,29797.792222531138,165.20777746886233,165.20777746886233,27293.609736201135
2001-10-01 17:00:00,29996.0,29859.767244526145,136.23275547385492,136.23275547385492,18559.36366399915
2001-10-01 18:00:00,30180.0,30288.87829234994,-108.87829234993842,108.87829234993842,11854.48254503866
2001-10-01 19:00:00,31855.0,30845.592574236107,1009.4074257638931,1009.4074257638931,1018903.3511872893
2001-10-01 20:00:00,31334.0,31304.275080666295,29.724919333704747,29.724919333704747,883.5708293952542
2001-10-01 21:00:00,29586.0,29733.820979443786,-147.8209794437862,147.8209794437862,21851.04196372026
2001-10-01 22:00:00,26926.0,27028.324130980163,-102.32413098016332,102.32413098016332,10470.227780845618
2001-10-01 23:00:00,24364.0,24384.107091246937,-20.10709124693676,20.10709124693676,404.29511841264093
2001-10-02 00:00:00,22531.0,22425.77292744461,105.2270725553899,105.2270725553899,11072.736798577289
2001-10-02 01:00:00,21507.0,21575.033919357167,-68.03391935716718,68.03391935716718,4628.614183097527
2001-10-02 02:00:00,21124.0,21096.710974852052,27.28902514794754,27.28902514794754,744.6908935253133
2001-10-02 03:00:00,20908.0,20969.43364071762,-61.43364071761971,61.43364071761971,3774.092211821582
2001-10-02 04:00:00,21387.0,21311.793743857666,75.20625614233359,75.20625614233359,5655.980962946288
2001-10-02 05:00:00,23255.0,23352.950162926867,-97.95016292686705,97.95016292686705,9594.2344173998
2001-10-02 06:00:00,27250.0,27134.109230765516,115.89076923448374,115.89076923448374,13430.670393760363
2001-10-02 07:00:00,29130.0,29605.92232076499,-475.9223207649884,475.9223207649884,226502.0554023325
2001-10-02 08:00:00,29697.0,29881.004098895013,-184.00409889501316,184.00409889501316,33857.508410165785
2001-10-02 09:00:00,30037.0,30103.59809293325,-66.59809293325088,66.59809293325088,4435.305982345921
2001-10-02 10:00:00,30835.0,30459.67911209674,375.3208879032609,375.3208879032609,140865.7688964921
2001-10-02 11:00:00,31175.0,30937.823081307066,237.17691869293412,237.17691869293412,56252.89076067469
2001-10-02 12:00:00,31238.0,31133.1957999527,104.80420004729967,104.80420004729967,10983.92034755441
2001-10-02 13:00:00,31599.0,31143.939594779768,455.0604052202325,455.0604052202325,207079.9723992022
2001-10-02 14:00:00,31731.0,31476.30247618937,254.69752381063154,254.69752381063154,64870.82863526722
2001-10-02 15:00:00,31537.0,31551.633082891483,-14.633082891483355,14.633082891483355,214.12711490902285
2001-10-02 16:00:00,31483.0,31368.04998921051,114.95001078948917,114.95001078948917,13213.504980503676
2001-10-02 17:00:00,31198.0,31376.809733019803,-178.8097330198034,178.8097330198034,31972.920622613365
2001-10-02 18:00:00,31079.0,30994.472930583983,84.52706941601718,84.52706941601718,7144.825464060188
2001-10-02 19:00:00,32559.0,30915.285432957415,1643.7145670425853,1643.7145670425853,2701797.5779079935
2001-10-02 20:00:00,31943.0,31978.653176469037,-35.653176469037135,35.653176469037135,1271.1489923323034
2001-10-02 21:00:00,30100.0,30454.209483812065,-354.2094838120647,354.2094838120647,125464.35842240934
2001-10-02 22:00:00,27145.0,27421.720383915108,-276.72038391510796,276.72038391510796,76574.17087412474
2001-10-02 23:00:00,24521.0,24705.822036948575,-184.82203694857526,184.82203694857526,34159.18534182052
2001-10-03 00:00:00,22634.0,22510.94200007966,123.05799992034008,123.05799992034008,15143.27134439442
2001-10-03 01:00:00,21663.0,21689.290768987386,-26.2907689873864,26.2907689873864,691.2045339481185
2001-10-03 02:00:00,21134.0,21167.08068733017,-33.080687330169894,33.080687330169894,1094.331874236463
2001-10-03 03:00:00,20854.0,20913.58917894526,-59.589178945261665,59.589178945261665,3550.870247370416
2001-10-03 04:00:00,21146.0,21262.97793649641,-116.9779364964088,116.9779364964088,13683.837626957851
2001-10-03 05:00:00,22987.0,22804.1831203696,182.81687963040167,182.81687963040167,33422.011477796776
2001-10-03 06:00:00,26883.0,26714.7191309444,168.28086905560122,168.28086905560122,28318.4508901084
2001-10-03 07:00:00,28985.0,29300.859702079233,-315.8597020792331,315.8597020792331,99767.3513975819
2001-10-03 08:00:00,29749.0,29884.439359382613,-135.43935938261347,135.43935938261347,18343.820069972728
2001-10-03 09:00:00,30439.0,30212.4024960004,226.59750399960103,226.59750399960103,51346.42881884921
2001-10-03 10:00:00,31482.0,30907.519950131675,574.4800498683253,574.4800498683253,330027.3276967135
2001-10-03 11:00:00,32389.0,31987.020602944944,401.9793970550563,401.9793970550563,161587.43565674662
2001-10-03 12:00:00,32759.0,32653.681484390756,105.31851560924406,105.31851560924406,11091.989730134585
2001-10-03 13:00:00,33339.0,33104.5864806007,234.41351939929882,234.41351939929882,54949.69807716544
2001-10-03 14:00:00,33490.0,33471.21391743833,18.78608256167354,18.78608256167354,352.91689801401463
2001-10-03 15:00:00,33537.0,33448.19088576794,88.80911423206271,88.80911423206271,7887.058770683564
2001-10-03 16:00:00,33451.0,33416.066511410296,34.93348858970421,34.93348858970421,1220.3486250469944
2001-10-03 17:00:00,32921.0,33119.074190104315,-198.07419010431477,198.07419010431477,39233.38478548022
2001-10-03 18:00:00,32446.0,32294.292836424833,151.70716357516721,151.70716357516721,23015.06348002254
2001-10-03 19:00:00,34004.0,32050.51468290295,1953.4853170970491,1953.4853170970491,3816104.8841137583
2001-10-03 20:00:00,33262.0,33481.346058219635,-219.34605821963487,219.34605821963487,48112.69325649145
2001-10-03 21:00:00,31263.0,31783.859632827243,-520.8596328272433,520.8596328272433,271294.75710893073
2001-10-03 22:00:00,28369.0,28595.56323953448,-226.5632395344801,226.5632395344801,51330.901508358205
2001-10-03 23:00:00,25512.0,25605.9703524184,-93.97035241840058,93.97035241840058,8830.427133638404
2001-10-04 00:00:00,23518.0,23472.249927431018,45.75007256898243,45.75007256898243,2093.069140067159
2001-10-04 01:00:00,22258.0,22561.03327307088,-303.03327307087966,303.03327307087966,91829.16458805032
2001-10-04 02:00:00,21679.0,21764.211011670577,-85.21101167057714,85.21101167057714,7260.916509923233
2001-10-04 03:00:00,21448.0,21315.156249114196,132.84375088580418,132.84375088580418,17647.4621494096
2001-10-04 04:00:00,21701.0,21698.83320263977,2.166797360230703,2.166797360230703,4.695010800302742
2001-10-04 05:00:00,23513.0,23229.08865968833,283.91134031167167,283.91134031167167,80605.64915756985
2001-10-04 06:00:00,27353.0,27140.497408023137,212.5025919768632,212.5025919768632,45157.3515968852
2001-10-04 07:00:00,29389.0,29866.773919311516,-477.7739193115158,477.7739193115158,228267.9179742868
2001-10-04 08:00:00,30133.0,30586.387698678296,-453.38769867829615,453.38769867829615,205560.40531280145
2001-10-04 09:00:00,31331.0,31199.81070105689,131.18929894311077,131.18929894311077,17210.632157184886
2001-10-04 10:00:00,32637.0,32056.94713970589,580.0528602941085,580.0528602941085,336461.3207353766
2001-10-04 11:00:00,33541.0,33201.55707320018,339.44292679982027,339.44292679982027,115221.50055442814
2001-10-04 12:00:00,33694.0,33838.716234316664,-144.71623431666376,144.71623431666376,20942.78847479553
2001-10-04 13:00:00,34171.0,34027.03038612903,143.96961387096962,143.96961387096962,20727.24971815609
2001-10-04 14:00:00,34123.0,34459.873636074735,-336.87363607473526,336.87363607473526,113483.84668221317
2001-10-04 15:00:00,34133.0,34206.65455001846,-73.6545500184584,73.6545500184584,5424.99273842159
2001-10-04 16:00:00,34023.0,34036.65781676699,-13.657816766986798,13.657816766986798,186.53595884058572
2001-10-04 17:00:00,33367.0,33687.517212260944,-320.5172122609438,320.5172122609438,102731.28335552689
2001-10-04 18:00:00,32867.0,32734.66499336654,132.33500663346058,132.33500663346058,17512.553980678054
2001-10-04 19:00:00,34055.0,32405.598127835532,1649.401872164468,1649.401872164468,2720526.5358996517
2001-10-04 20:00:00,33177.0,33862.53918593599,-685.5391859359879,685.5391859359879,469963.975453777
2001-10-04 21:00:00,31094.0,32166.433204149518,-1072.4332041495181,1072.4332041495181,1150112.977362402
2001-10-04 22:00:00,28224.0,28568.635583672884,-344.6355836728835,344.6355836728835,118773.6855335491
2001-10-04 23:00:00,25291.0,25707.807479120514,-416.8074791205145,416.8074791205145,173728.4746507981
2001-10-05 00:00:00,23327.0,23401.504162575777,-74.50416257577672,74.50416257577672,5550.870241117768
2001-10-05 01:00:00,22028.0,22311.598734380415,-283.5987343804154,283.5987343804154,80428.24214217342
2001-10-05 02:00:00,21551.0,21525.030643806014,25.969356193985732,25.969356193985732,674.407461130105
2001-10-05 03:00:00,21234.0,21214.686540709532,19.313459290468018,19.313459290468018,373.0097097645654
2001-10-05 04:00:00,21299.0,21536.04686183639,-237.04686183638842,237.04686183638842,56191.21470647982
2001-10-05 05:00:00,23030.0,22590.820273526133,439.17972647386705,439.17972647386705,192878.83214566068
2001-10-05 06:00:00,26755.0,26453.732984490995,301.26701550900543,301.26701550900543,90761.81463370332
2001-10-05 07:00:00,28728.0,29422.069790355075,-694.0697903550754,694.0697903550754,481732.8738835383
2001-10-05 08:00:00,29675.0,30162.21984232554,-487.2198423255395,487.2198423255395,237383.17475572356
2001-10-05 09:00:00,30624.0,30455.789716693966,168.2102833060344,168.2102833060344,28294.699409896355
2001-10-05 10:00:00,31865.0,31286.01241835411,578.9875816458916,578.9875816458916,335226.619700158
2001-10-05 11:00:00,32649.0,32368.739634866397,280.26036513360305,280.26036513360305,78545.8722648205
2001-10-05 12:00:00,32834.0,33101.303924245476,-267.3039242454761,267.3039242454761,71451.38791703121
2001-10-05 13:00:00,33275.0,33130.16318068291,144.83681931708998,144.83681931708998,20977.70422989137
2001-10-05 14:00:00,33400.0,33447.564090293235,-47.564090293235495,47.564090293235495,2262.342685423059
2001-10-05 15:00:00,33313.0,33384.88476809451,-71.88476809451095,71.88476809451095,5167.419884001619
2001-10-05 16:00:00,33034.0,33204.04182241478,-170.04182241477974,170.04182241477974,28914.22137013949
2001-10-05 17:00:00,32097.0,32542.17494961413,-445.17494961413104,445.17494961413104,198180.7357639441
2001-10-05 18:00:00,31493.0,31632.085581030704,-139.0855810307039,139.0855810307039,19344.7988506485
2001-10-05 19:00:00,32341.0,31244.39398937747,1096.6060106225304,1096.6060106225304,1202544.7425334614
2001-10-05 20:00:00,31298.0,32486.141093220915,-1188.1410932209146,1188.1410932209146,1411679.2574001902
2001-10-05 21:00:00,29861.0,30197.864802808897,-336.86480280889737,336.86480280889737,113477.89537147731
2001-10-05 22:00:00,27562.0,27490.873898694634,71.12610130536632,71.12610130536632,5058.922286901233
2001-10-05 23:00:00,25221.0,25136.705856008073,84.29414399192683,84.29414399192683,7105.502711331695
2001-10-06 00:00:00,23372.0,23141.49678721538,230.5032127846207,230.5032127846207,53131.73110403213
2001-10-06 01:00:00,22183.0,22254.59801597476,-71.59801597475962,71.59801597475962,5126.275891521934
2001-10-06 02:00:00,21396.0,21526.830949218827,-130.8309492188273,130.8309492188273,17116.737273499366
2001-10-06 03:00:00,21013.0,21093.470637599883,-80.47063759988305,80.47063759988305,6475.523515731711
2001-10-06 04:00:00,20936.0,21025.854151429026,-89.85415142902639,89.85415142902639,8073.768529030405
2001-10-06 05:00:00,21541.0,21456.48164682539,84.51835317461155,84.51835317461155,7143.35202334837
2001-10-06 06:00:00,22656.0,22521.805712648482,134.19428735151814,134.19428735151814,18008.10675778182
2001-10-06 07:00:00,24052.0,24090.33521781287,-38.335217812869814,38.335217812869814,1469.588924760171
2001-10-06 08:00:00,26039.0,26082.7306027336,-43.7306027336017,43.7306027336017,1912.3656154440923
2001-10-06 09:00:00,27510.0,27581.649897966705,-71.64989796670488,71.64989796670488,5133.70787863922
2001-10-06 10:00:00,27889.0,28501.208695390254,-612.2086953902544,612.2086953902544,374799.48671143735
2001-10-06 11:00:00,27458.0,28271.561837522153,-813.5618375221529,813.5618375221529,661882.863472422
2001-10-06 12:00:00,26824.0,27200.511425454515,-376.5114254545151,376.5114254545151,141760.8534977909
2001-10-06 13:00:00,26170.0,26499.376179264862,-329.376179264862,329.376179264862,108488.66746711852
2001-10-06 14:00:00,25582.0,25867.746504759474,-285.7465047594742,285.7465047594742,81651.06498225621
2001-10-06 15:00:00,25264.0,25492.91021884673,-228.91021884672955,228.91021884672955,52399.88829245762
2001-10-06 16:00:00,25272.0,25775.925098505977,-503.9250985059771,503.9250985059771,253940.5049042587
2001-10-06 17:00:00,25161.0,26322.702383920358,-1161.7023839203575,1161.7023839203575,1349552.4288062418
2001-10-06 18:00:00,25724.0,26421.464117630007,-697.4641176300065,697.4641176300065,486456.19538140355
2001-10-06 19:00:00,27207.0,27357.39155850049,-150.39155850049065,150.39155850049065,22617.6208682065
2001-10-06 20:00:00,26870.0,27715.496288756734,-845.4962887567344,845.4962887567344,714863.9743014113
2001-10-06 21:00:00,25839.0,26425.327010357552,-586.3270103575524,586.3270103575524,343779.3630748253
2001-10-06 22:00:00,24484.0,24648.17405911186,-164.17405911186142,164.17405911186142,26953.12168526497
2001-10-06 23:00:00,22756.0,22880.343464635396,-124.34346463539623,124.34346463539623,15461.297197534033
2001-10-07 00:00:00,21361.0,21310.159681620964,50.840318379036034,50.840318379036034,2584.737972881749
2001-10-07 01:00:00,20248.0,20276.175358351604,-28.17535835160379,28.17535835160379,793.8508182412895
2001-10-07 02:00:00,19612.0,19697.023595655624,-85.02359565562438,85.02359565562438,7229.011818211108
2001-10-07 03:00:00,19309.0,19408.95013771374,-99.95013771373851,99.95013771373851,9990.030028995294
2001-10-07 04:00:00,19299.0,19288.301063742692,10.69893625730765,10.69893625730765,114.46723703793224
2001-10-07 05:00:00,19708.0,19724.298549181636,-16.29854918163619,16.29854918163619,265.6427054262137
2001-10-07 06:00:00,20598.0,20407.282901370854,190.71709862914577,190.71709862914577,36373.01170951931
2001-10-07 07:00:00,21487.0,21533.81726943641,-46.81726943641115,46.81726943641115,2191.856717481518
2001-10-07 08:00:00,23176.0,23199.539483230656,-23.539483230655605,23.539483230655605,554.1072707663164
2001-10-07 09:00:00,24339.0,24404.54100665899,-65.54100665899023,65.54100665899023,4295.623553873801
2001-10-07 10:00:00,24832.0,25065.967125701656,-233.9671257016562,233.9671257016562,54740.61590909459
2001-10-07 11:00:00,24898.0,25035.238326462477,-137.23832646247683,137.23832646247683,18834.35825022137
2001-10-07 12:00:00,24713.0,24785.066163468317,-72.06616346831652,72.06616346831652,5193.531917042118
2001-10-07 13:00:00,24456.0,24558.33093517372,-102.3309351737189,102.3309351737189,10471.62029352786
2001-10-07 14:00:00,24154.0,24304.54230506614,-150.54230506614113,150.54230506614113,22662.9856146271
2001-10-07 15:00:00,24071.0,24007.190330880996,63.809669119003956,63.809669119003956,4071.673873076767
2001-10-07 16:00:00,24425.0,24265.893948120527,159.10605187947294,159.10605187947294,25314.735744673537
2001-10-07 17:00:00,25016.0,25227.656418838338,-211.65641883833814,211.65641883833814,44798.43963547002
2001-10-07 18:00:00,26063.0,26376.3748848113,-313.3748848112991,313.3748848112991,98203.818430495
2001-10-07 19:00:00,28118.0,27280.149263047642,837.8507369523577,837.8507369523577,701993.8574116089
2001-10-07 20:00:00,28015.0,27758.799681903114,256.2003180968859,256.2003180968859,65638.60299294551
2001-10-07 21:00:00,26918.0,26836.014109559892,81.98589044010805,81.98589044010805,6721.6862312574
2001-10-07 22:00:00,25348.0,24956.565041603608,391.4349583963922,391.4349583963922,153221.32665478528
2001-10-07 23:00:00,23631.0,23507.687510738564,123.31248926143599,123.31248926143599,15205.970007851765
2001-10-08 00:00:00,22242.0,21634.03730455929,607.9626954407104,607.9626954407104,369618.639047534
2001-10-08 01:00:00,21466.0,21311.99108736909,154.00891263091034,154.00891263091034,23718.745169755377
2001-10-08 02:00:00,21242.0,21122.69516515291,119.30483484709112,119.30483484709112,14233.643617891687
2001-10-08 03:00:00,21299.0,21207.394107003456,91.60589299654384,91.60589299654384,8391.639631694241
2001-10-08 04:00:00,21881.0,21919.513922446837,-38.51392244683666,38.51392244683666,1483.3222222409486
2001-10-08 05:00:00,23620.0,23882.994290570543,-262.99429057054294,262.99429057054294,69165.99687270317
2001-10-08 06:00:00,27193.0,27052.88976108619,140.11023891381046,140.11023891381046,19630.879048485047
2001-10-08 07:00:00,29376.0,29547.844620804164,-171.84462080416415,171.84462080416415,29530.573699326967
2001-10-08 08:00:00,30277.0,30001.338370186146,275.66162981385423,275.66162981385423,75989.3341516304
2001-10-08 09:00:00,30711.0,30783.30685396319,-72.3068539631895,72.3068539631895,5228.2811300540125
2001-10-08 10:00:00,30954.0,30776.39328341661,177.60671658338833,177.60671658338833,31544.14577553203
2001-10-08 11:00:00,30688.0,30772.439350258654,-84.43935025865358,84.43935025865358,7130.00387210358
2001-10-08 12:00:00,30177.0,30484.115785395938,-307.11578539593756,307.11578539593756,94320.10563936358
2001-10-08 13:00:00,29800.0,29994.726346840598,-194.72634684059813,194.72634684059813,37918.35015388492
2001-10-08 14:00:00,29428.0,29556.22715506011,-128.22715506011082,128.22715506011082,16442.203294809704
2001-10-08 15:00:00,28995.0,29254.42739761569,-259.427397615691,259.427397615691,67302.57463364984
2001-10-08 16:00:00,29013.0,28929.60625521694,83.39374478306127,83.39374478306127,6954.516668942358
2001-10-08 17:00:00,29211.0,29075.68743480966,135.31256519033923,135.31256519033923,18309.490298389803
2001-10-08 18:00:00,30284.0,30132.954131276634,151.04586872336586,151.04586872336586,22814.854458396272
2001-10-08 19:00:00,32070.0,31511.944803744846,558.0551962551544,558.0551962551544,311425.60206737893
2001-10-08 20:00:00,31600.0,31424.204993448737,175.7950065512632,175.7950065512632,30903.884328358676
2001-10-08 21:00:00,30188.0,29998.974591078208,189.0254089217924,189.0254089217924,35730.605218050834
2001-10-08 22:00:00,27764.0,27624.82656417781,139.1734358221911,139.1734358221911,19369.245238553543
2001-10-08 23:00:00,25600.0,25473.923796493422,126.07620350657817,126.07620350657817,15895.209090632114
2001-10-09 00:00:00,23991.0,23641.67490621929,349.3250937807097,349.3250937807097,122028.02114490164
2001-10-09 01:00:00,23267.0,22818.70988037908,448.29011962092045,448.29011962092045,200964.03134973918
2001-10-09 02:00:00,22992.0,22798.300267961124,193.6997320388764,193.6997320388764,37519.58619193252
2001-10-09 03:00:00,23084.0,22886.745667132385,197.25433286761472,197.25433286761472,38909.27183504775
2001-10-09 04:00:00,23671.0,23596.929867848306,74.07013215169354,74.07013215169354,5486.384476969345
2001-10-09 05:00:00,25794.0,25480.48278921797,313.517210782029,313.517210782029,98293.0414565432
2001-10-09 06:00:00,29937.0,29308.875128272575,628.1248717274248,628.1248717274248,394540.85448259383
2001-10-09 07:00:00,31921.0,31742.882518539525,178.11748146047466,178.11748146047466,31725.837201822535
2001-10-09 08:00:00,31981.0,32192.378345648565,-211.3783456485653,211.3783456485653,44680.80500912434
2001-10-09 09:00:00,31600.0,31844.290082157826,-244.29008215782596,244.29008215782596,59677.64424067736
2001-10-09 10:00:00,31365.0,31339.905451011287,25.09454898871263,25.09454898871263,629.7363889468982
2001-10-09 11:00:00,30944.0,30956.75506633686,-12.755066336860182,12.755066336860182,162.69171725770383
2001-10-09 12:00:00,30503.0,30591.241319590357,-88.2413195903573,88.2413195903573,7786.530483047576
2001-10-09 13:00:00,30342.0,30272.925560234435,69.07443976556533,69.07443976556533,4771.278228926713
2001-10-09 14:00:00,29905.0,30077.83587622447,-172.83587622447158,172.83587622447158,29872.240110280858
2001-10-09 15:00:00,29663.0,29607.68209254362,55.31790745638136,55.31790745638136,3060.0708853527726
2001-10-09 16:00:00,29663.0,29518.389994594603,144.6100054053968,144.6100054053968,20912.053663348892
2001-10-09 17:00:00,29772.0,29738.2540027812,33.74599721880077,33.74599721880077,1138.792328291309
2001-10-09 18:00:00,30544.0,30379.660485023047,164.33951497695307,164.33951497695307,27007.47618286018
2001-10-09 19:00:00,32153.0,31608.30487599872,544.6951240012786,544.6951240012786,296692.7781107683
2001-10-09 20:00:00,31482.0,31585.31083034267,-103.31083034267067,103.31083034267067,10673.127666092083
2001-10-09 21:00:00,29869.0,29948.45892789579,-79.45892789579011,79.45892789579011,6313.721222348372
2001-10-09 22:00:00,27275.0,27410.087729720624,-135.08772972062434,135.08772972062434,18248.694721072454
2001-10-09 23:00:00,25090.0,24977.880508435963,112.11949156403716,112.11949156403716,12570.7803885782
2001-10-10 00:00:00,23293.0,23304.254584812097,-11.254584812097164,11.254584812097164,126.66567929268815
2001-10-10 01:00:00,22531.0,22374.825483977398,156.1745160226019,156.1745160226019,24390.479454893935
2001-10-10 02:00:00,22236.0,22224.428931017457,11.571068982542783,11.571068982542783,133.88963739876368
2001-10-10 03:00:00,22191.0,22186.21168092678,4.788319073220919,4.788319073220919,22.927999546971236
2001-10-10 04:00:00,22714.0,22687.16845008634,26.83154991365882,26.83154991365882,719.9320707691645
2001-10-10 05:00:00,24690.0,24632.670727435805,57.32927256419498,57.32927256419498,3286.6454927397594
2001-10-10 06:00:00,28676.0,28290.914131242615,385.08586875738547,385.08586875738547,148291.1263166303
2001-10-10 07:00:00,30644.0,30724.742435217177,-80.74243521717653,80.74243521717653,6519.34084479995
2001-10-10 08:00:00,30660.0,30978.76241435701,-318.76241435701013,318.76241435701013,101609.47680671021
2001-10-10 09:00:00,30511.0,30721.992689361414,-210.9926893614138,210.9926893614138,44517.91496396206
2001-10-10 10:00:00,30618.0,30548.142970994937,69.85702900506294,69.85702900506294,4880.004501414205
2001-10-10 11:00:00,30591.0,30469.982565745733,121.01743425426685,121.01743425426685,14645.219393485799
2001-10-10 12:00:00,30350.0,30393.046860017515,-43.04686001751543,43.04686001751543,1853.0321573675683
2001-10-10 13:00:00,30467.0,30107.234972812228,359.7650271877719,359.7650271877719,129430.87478741827
2001-10-10 14:00:00,30304.0,30262.88863410863,41.11136589137095,41.11136589137095,1690.144405454179
2001-10-10 15:00:00,30089.0,30080.485142374135,8.514857625865261,8.514857625865261,72.50280038875579
2001-10-10 16:00:00,30080.0,30128.055252552804,-48.05525255280372,48.05525255280372,2309.3072979137487
2001-10-10 17:00:00,29989.0,30288.514078774984,-299.5140787749842,299.5140787749842,89708.68338442745
2001-10-10 18:00:00,30747.0,30424.257259190796,322.7427408092044,322.7427408092044,104162.8767450373
2001-10-10 19:00:00,32189.0,31379.05114065834,809.9488593416609,809.9488593416609,656017.1547488575
2001-10-10 20:00:00,31447.0,31458.312348664695,-11.312348664694582,11.312348664694582,127.96923231161729
2001-10-10 21:00:00,29680.0,29960.81012676506,-280.81012676506,280.81012676506,78854.32729380905
2001-10-10 22:00:00,26995.0,27222.129487273025,-227.129487273025,227.129487273025,51587.80398890723
2001-10-10 23:00:00,24662.0,24557.84973560725,104.1502643927488,104.1502643927488,10847.277573079478
2001-10-11 00:00:00,22950.0,22758.538093745963,191.46190625403688,191.46190625403688,36657.661546429605
2001-10-11 01:00:00,21872.0,21983.82848163145,-111.82848163145172,111.82848163145172,12505.609303995936
2001-10-11 02:00:00,21364.0,21469.2171420872,-105.21714208720005,105.21714208720005,11070.646988998044
2001-10-11 03:00:00,21201.0,21210.691991692132,-9.691991692132433,9.691991692132433,93.9347029603641
2001-10-11 04:00:00,21712.0,21666.494913090595,45.50508690940478,45.50508690940478,2070.7129346324823
2001-10-11 05:00:00,23558.0,23550.896113582847,7.103886417153262,7.103886417153262,50.465202227814615
2001-10-11 06:00:00,27389.0,27379.23271699069,9.767283009310631,9.767283009310631,95.39981738396814
2001-10-11 07:00:00,29604.0,29829.46611207006,-225.46611207005844,225.46611207005844,50834.96769198815
2001-10-11 08:00:00,29915.0,30144.437895995437,-229.43789599543743,229.43789599543743,52641.748118813164
2001-10-11 09:00:00,30311.0,30209.569587722774,101.43041227722642,101.43041227722642,10288.128534728125
2001-10-11 10:00:00,30983.0,30459.440695984937,523.5593040150634,523.5593040150634,274114.34482073755
2001-10-11 11:00:00,31208.0,31025.024024654755,182.9759753452454,182.9759753452454,33480.20755354385
2001-10-11 12:00:00,31216.0,31102.270791613762,113.72920838623759,113.72920838623759,12934.332840160254
2001-10-11 13:00:00,31437.0,31086.903975947494,350.0960240525055,350.0960240525055,122567.22605737252
2001-10-11 14:00:00,31441.0,31355.72769405555,85.27230594445064,85.27230594445064,7271.366161083991
2001-10-11 15:00:00,31385.0,31349.70261180285,35.29738819714839,35.29738819714839,1245.9056135401906
2001-10-11 16:00:00,31134.0,31199.544211979366,-65.54421197936608,65.54421197936608,4296.043723996077
2001-10-11 17:00:00,30898.0,31007.918755912506,-109.91875591250573,109.91875591250573,12082.132901353014
2001-10-11 18:00:00,31272.0,30930.657343497558,341.34265650244197,341.34265650244197,116514.8091481441
2001-10-11 19:00:00,32667.0,31501.73043077162,1165.2695692283814,1165.2695692283814,1357853.1689696976
2001-10-11 20:00:00,31765.0,32297.938981023093,-532.9389810230932,532.9389810230932,284023.9574939329
2001-10-11 21:00:00,30026.0,30182.51633187798,-156.51633187798143,156.51633187798143,24497.362144538427
2001-10-11 22:00:00,27331.0,27383.31044914743,-52.31044914742961,52.31044914742961,2736.383090005819
2001-10-11 23:00:00,24779.0,24860.064500387685,-81.06450038768526,81.06450038768526,6571.453223105023
2001-10-12 00:00:00,22828.0,22786.30401145596,41.69598854404103,41.69598854404103,1738.5554606648006
2001-10-12 01:00:00,21601.0,21807.623137062663,-206.62313706266286,206.62313706266286,42693.12076961596
2001-10-12 02:00:00,21064.0,21150.34464291073,-86.34464291073164,86.34464291073164,7455.397359381759
2001-10-12 03:00:00,20765.0,20865.41443613446,-100.41443613445881,100.41443613445881,10083.058984201307
2001-10-12 04:00:00,21118.0,21106.03346803307,11.966531966929324,11.966531966929324,143.1978873155414
2001-10-12 05:00:00,22991.0,22694.752881329572,296.2471186704279,296.2471186704279,87762.35532053058
2001-10-12 06:00:00,26712.0,26678.72635006415,33.2736499358507,33.2736499358507,1107.1357800535372
2001-10-12 07:00:00,28839.0,29329.607680063204,-490.6076800632036,490.6076800632036,240695.89573699873
2001-10-12 08:00:00,29426.0,29825.346277690656,-399.3462776906563,399.3462776906563,159477.44950538277
2001-10-12 09:00:00,30127.0,29972.144740051248,154.85525994875206,154.85525994875206,23980.151533795575
2001-10-12 10:00:00,30920.0,30700.662708588403,219.3372914115971,219.3372914115971,48108.84740377587
2001-10-12 11:00:00,31247.0,31157.006118861438,89.99388113856185,89.99388113856185,8098.898642381598
2001-10-12 12:00:00,31617.0,31210.62512114173,406.3748788582707,406.3748788582707,165140.54216707416
2001-10-12 13:00:00,31740.0,31654.52380989517,85.47619010482958,85.47619010482958,7306.179074836967
2001-10-12 14:00:00,31578.0,31707.49356168417,-129.49356168416853,129.49356168416853,16768.582517651557
2001-10-12 15:00:00,31197.0,31385.59424942699,-188.59424942699115,188.59424942699115,35567.79091693016
2001-10-12 16:00:00,30760.0,31010.668480609213,-250.66848060921257,250.66848060921257,62834.687170931174
2001-10-12 17:00:00,30185.0,30567.995760163012,-382.99576016301216,382.99576016301216,146685.75230284352
2001-10-12 18:00:00,30726.0,30527.139907523706,198.86009247629408,198.86009247629408,39545.33637968024
2001-10-12 19:00:00,31232.0,31152.849547446687,79.15045255331279,79.15045255331279,6264.794139394219
2001-10-12 20:00:00,30180.0,31211.038773328582,-1031.0387733285825,1031.0387733285825,1063040.952106908
2001-10-12 21:00:00,28735.0,29239.236495233115,-504.2364952331154,504.2364952331154,254254.44312497563
2001-10-12 22:00:00,26578.0,26643.348221856486,-65.3482218564859,65.3482218564859,4270.390099804502
2001-10-12 23:00:00,24492.0,24171.599639565437,320.4003604345635,320.4003604345635,102656.39096659819
2001-10-13 00:00:00,22403.0,22450.705731033766,-47.705731033765915,47.705731033765915,2275.8367734660164
2001-10-13 01:00:00,21236.0,21270.645632453692,-34.64563245369209,34.64563245369209,1200.3198481163224
2001-10-13 02:00:00,20547.0,20646.893036303394,-99.89303630339418,99.89303630339418,9978.618701911228
2001-10-13 03:00:00,20038.0,20228.94171039928,-190.94171039927824,190.94171039927824,36458.73677020184
2001-10-13 04:00:00,20036.0,20039.14773311269,-3.1477331126916397,3.1477331126916397,9.908223748735399
2001-10-13 05:00:00,20508.0,20620.934233577515,-112.93423357751453,112.93423357751453,12754.14111374061
2001-10-13 06:00:00,21665.0,21663.792694160085,1.2073058399146248,1.2073058399146248,1.4575873910919577
2001-10-13 07:00:00,22829.0,22885.026355058337,-56.026355058336776,56.026355058336776,3138.952461122819
2001-10-13 08:00:00,24714.0,24825.42414059664,-111.42414059663861,111.42414059663861,12415.339107699489
2001-10-13 09:00:00,26359.0,26293.344739126092,65.65526087390754,65.65526087390754,4310.613280420854
2001-10-13 10:00:00,27308.0,27299.630563345858,8.369436654142191,8.369436654142191,70.04746990769884
2001-10-13 11:00:00,27670.0,27507.18454005305,162.81545994694898,162.81545994694898,26508.873997736548
2001-10-13 12:00:00,27718.0,27551.744380319014,166.25561968098555,166.25561968098555,27640.93107550851
2001-10-13 13:00:00,27773.0,27374.330506180533,398.6694938194669,398.6694938194669,158937.36530226993
2001-10-13 14:00:00,27514.0,27579.215388017234,-65.21538801723364,65.21538801723364,4253.04683423834
2001-10-13 15:00:00,27337.0,27541.721568432775,-204.7215684327748,204.7215684327748,41910.920581575294
2001-10-13 16:00:00,27229.0,27562.37836430137,-333.3783643013703,333.3783643013703,111141.13378425718
2001-10-13 17:00:00,27279.0,27616.90622300867,-337.9062230086711,337.9062230086711,114180.61554798576
2001-10-13 18:00:00,28157.0,27982.242900869962,174.7570991300381,174.7570991300381,30540.04369634597
2001-10-13 19:00:00,29175.0,28588.69411508481,586.3058849151894,586.3058849151894,343754.5906861833
2001-10-13 20:00:00,28382.0,29126.235504034332,-744.2355040343318,744.2355040343318,553886.4854652359
2001-10-13 21:00:00,27014.0,27499.181996750794,-485.1819967507945,485.1819967507945,235401.56997108797
2001-10-13 22:00:00,25282.0,25383.480347071407,-101.48034707140687,101.48034707140687,10298.260841733196
2001-10-13 23:00:00,23545.0,23347.58051655573,197.41948344427146,197.41948344427146,38974.45244340297
2001-10-14 00:00:00,21796.0,21749.26699006637,46.73300993362864,46.73300993362864,2183.9742174566327
2001-10-14 01:00:00,20556.0,20682.094187274735,-126.0941872747353,126.0941872747353,15899.744064476019
2001-10-14 02:00:00,19859.0,20024.47676045418,-165.4767604541812,165.4767604541812,27382.558250410468
2001-10-14 03:00:00,19382.0,19486.665766812923,-104.66576681292281,104.66576681292281,10954.922742537134
2001-10-14 04:00:00,19227.0,19153.23395878518,73.7660412148216,73.7660412148216,5441.428836506759
2001-10-14 05:00:00,19610.0,19415.3039957973,194.69600420269853,194.69600420269853,37906.534052497205
2001-10-14 06:00:00,20256.0,20165.44810646538,90.55189353461901,90.55189353461901,8199.645422704976
2001-10-14 07:00:00,21131.0,21083.52984367294,47.47015632706098,47.47015632706098,2253.4157417156075
2001-10-14 08:00:00,22559.0,22757.300082915233,-198.30008291523336,198.30008291523336,39322.922884188425
2001-10-14 09:00:00,24200.0,24174.7827147577,25.217285242299113,25.217285242299113,635.9114749914767
2001-10-14 10:00:00,25132.0,25173.48775259916,-41.48775259916147,41.48775259916147,1721.233615729229
2001-10-14 11:00:00,25590.0,25571.236871888865,18.763128111135302,18.763128111135302,352.0549765148758
2001-10-14 12:00:00,25871.0,25693.684705390388,177.31529460961247,177.31529460961247,31440.713702493664
2001-10-14 13:00:00,25881.0,25674.94965949402,206.05034050597897,206.05034050597897,42456.74282262987
2001-10-14 14:00:00,25688.0,25625.399996338554,62.60000366144595,62.60000366144595,3918.7604584130468
2001-10-14 15:00:00,25729.0,25513.319564055804,215.68043594419578,215.68043594419578,46518.050449078335
2001-10-14 16:00:00,26123.0,25964.991983546737,158.00801645326283,158.00801645326283,24966.533263494577
2001-10-14 17:00:00,26800.0,26654.89864473735,145.10135526265003,145.10135526265003,21054.403299057776
2001-10-14 18:00:00,28474.0,27443.27390968963,1030.7260903103706,1030.7260903103706,1062396.2732465023
2001-10-14 19:00:00,29442.0,28599.271504034023,842.7284959659773,842.7284959659773,710191.3179130782
2001-10-14 20:00:00,28755.0,29123.89656127722,-368.896561277219,368.896561277219,136084.67292215698
2001-10-14 21:00:00,27397.0,27657.430885677666,-260.4308856776661,260.4308856776661,67824.24621485359
2001-10-14 22:00:00,25467.0,25596.020433403686,-129.02043340368618,129.02043340368618,16646.27223567502
2001-10-14 23:00:00,23303.0,23546.133125632463,-243.1331256324629,243.1331256324629,59113.71677981099
2001-10-15 00:00:00,21834.0,21560.53989978008,273.4601002199197,273.4601002199197,74780.42641228852
2001-10-15 01:00:00,20747.0,20769.3085334905,-22.30853349050085,22.30853349050085,497.670666496798
2001-10-15 02:00:00,20256.0,20347.28222303722,-91.2822230372185,91.2822230372185,8332.444242616504
2001-10-15 03:00:00,20106.0,20026.631095003442,79.36890499655783,79.36890499655783,6299.4230803526225
2001-10-15 04:00:00,20455.0,20567.54483757444,-112.54483757444177,112.54483757444177,12666.34046465748
2001-10-15 05:00:00,22409.0,22203.242211725545,205.75778827445538,205.75778827445538,42336.267435595604
2001-10-15 06:00:00,26346.0,26192.669829526047,153.33017047395333,153.33017047395333,23510.14117757159
2001-10-15 07:00:00,28682.0,29009.3144427237,-327.31444272369845,327.31444272369845,107134.74441552527
2001-10-15 08:00:00,29388.0,29612.83478359405,-224.83478359405126,224.83478359405126,50550.67991378386
2001-10-15 09:00:00,30197.0,30238.43802463755,-41.43802463755128,41.43802463755128,1717.1098858623068
2001-10-15 10:00:00,30724.0,30912.43288479488,-188.4328847948782,188.4328847948782,35506.952072119835
2001-10-15 11:00:00,30907.0,30912.346677626818,-5.346677626817836,5.346677626817836,28.58696164511441
2001-10-15 12:00:00,30993.0,30802.14685276216,190.85314723784177,190.85314723784177,36424.92381058931
2001-10-15 13:00:00,30901.0,30812.370307184294,88.62969281570622,88.62969281570622,7855.222448606447
2001-10-15 14:00:00,30849.0,30765.24373850269,83.75626149731033,83.75626149731033,7015.111340005829
2001-10-15 15:00:00,30644.0,30710.2697767246,-66.26977672459907,66.26977672459907,4391.683307128213
2001-10-15 16:00:00,30527.0,30592.144072484207,-65.14407248420684,65.14407248420684,4243.750179827595
2001-10-15 17:00:00,30390.0,30650.252238245994,-260.2522382459938,260.2522382459938,67731.22751204952
2001-10-15 18:00:00,31081.0,30380.220872069644,700.7791279303565,700.7791279303565,491091.38614283095
2001-10-15 19:00:00,32262.0,31359.052006389764,902.9479936102362,902.9479936102362,815315.0791647511
2001-10-15 20:00:00,31225.0,31661.87284161584,-436.872841615841,436.872841615841,190857.87974149972
2001-10-15 21:00:00,29394.0,29608.14653932104,-214.1465393210383,214.1465393210383,45858.740303177
2001-10-15 22:00:00,26555.0,26900.4891802977,-345.48918029769993,345.48918029769993,119362.77370277661
2001-10-15 23:00:00,24272.0,24056.432504466164,215.56749553383634,215.56749553383634,46469.34513073055
2001-10-16 00:00:00,22522.0,22332.174147532773,189.82585246722738,189.82585246722738,36033.854264909576
2001-10-16 01:00:00,21464.0,21585.14493849517,-121.14493849517021,121.14493849517021,14676.096122998573
2001-10-16 02:00:00,21049.0,21028.819583525517,20.180416474482627,20.180416474482627,407.2492090835698
2001-10-16 03:00:00,20901.0,20866.014350869442,34.98564913055816,34.98564913055816,1223.9956450865247
2001-10-16 04:00:00,21421.0,21281.035903151682,139.96409684831815,139.96409684831815,19589.94840656538
2001-10-16 05:00:00,23422.0,23293.638059254914,128.36194074508603,128.36194074508603,16476.787831844977
2001-10-16 06:00:00,27601.0,27100.27616249744,500.72383750255904,500.72383750255904,250724.36144328915
2001-10-16 07:00:00,29751.0,29826.768320382012,-75.76832038201246,75.76832038201246,5740.838373511285
2001-10-16 08:00:00,30035.0,30177.366180573295,-142.36618057329542,142.36618057329542,20268.12937102816
2001-10-16 09:00:00,30165.0,30591.871963557947,-426.8719635579473,426.8719635579473,182219.6732718175
2001-10-16 10:00:00,30737.0,30419.142033082127,317.85796691787255,317.85796691787255,101033.68713316336
2001-10-16 11:00:00,30900.0,30724.110682969193,175.88931703080743,175.88931703080743,30937.051845563885
2001-10-16 12:00:00,30725.0,30844.663094983178,-119.66309498317787,119.66309498317787,14319.25630095305
2001-10-16 13:00:00,30717.0,30594.78378184232,122.21621815767867,122.21621815767867,14936.803980765306
2001-10-16 14:00:00,30613.0,30557.91377225481,55.08622774518881,55.08622774518881,3034.492487194809
2001-10-16 15:00:00,30565.0,30492.85234535734,72.1476546426602,72.1476546426602,5205.284070436568
2001-10-16 16:00:00,30342.0,30465.165718402524,-123.16571840252436,123.16571840252436,15169.79418960993
2001-10-16 17:00:00,30729.0,30204.322907349502,524.6770926504978,524.6770926504978,275286.05155217904
2001-10-16 18:00:00,31848.0,31314.028258955652,533.9717410443482,533.9717410443482,285125.8202339324
2001-10-16 19:00:00,32357.0,32023.7580910364,333.2419089635987,333.2419089635987,111050.1698897034
2001-10-16 20:00:00,31319.0,31545.59219634486,-226.59219634485999,226.59219634485999,51344.02344438758
2001-10-16 21:00:00,29453.0,29705.114446734136,-252.11444673413644,252.11444673413644,63561.694252059715
2001-10-16 22:00:00,26729.0,27056.536212820632,-327.5362128206325,327.5362128206325,107279.97070888267
2001-10-16 23:00:00,24265.0,24390.677696418985,-125.67769641898485,125.67769641898485,15794.883377182518
2001-10-17 00:00:00,22658.0,22368.285245783987,289.7147542160128,289.7147542160128,83934.63881044471
2001-10-17 01:00:00,21618.0,21710.184895048027,-92.1848950480271,92.1848950480271,8498.054875015772
2001-10-17 02:00:00,21228.0,21193.43761968628,34.562380313720496,34.562380313720496,1194.558132950254
2001-10-17 03:00:00,21146.0,21098.813110741914,47.18688925808601,47.18688925808601,2226.602517854873
2001-10-17 04:00:00,21764.0,21519.29873722276,244.7012627772383,244.7012627772383,59878.70800477503
2001-10-17 05:00:00,23626.0,23511.303978036383,114.69602196361666,114.69602196361666,13155.177454278435
2001-10-17 06:00:00,27746.0,27395.91413407182,350.0858659281803,350.0858659281803,122560.11352268382
2001-10-17 07:00:00,30189.0,30065.973729613397,123.02627038660285,123.02627038660285,15135.463205237513
2001-10-17 08:00:00,30350.0,30671.49890818976,-321.49890818975837,321.49890818975837,103361.54796720669
2001-10-17 09:00:00,30452.0,30555.16794490871,-103.16794490870961,103.16794490870961,10643.624856686542
2001-10-17 10:00:00,30691.0,30596.645746543025,94.35425345697513,94.35425345697513,8902.725145423103
2001-10-17 11:00:00,30505.0,30605.239189593012,-100.23918959301227,100.23918959301227,10047.89513026386
2001-10-17 12:00:00,30335.0,30397.020198320333,-62.02019832033329,62.02019832033329,3846.5049996934727
2001-10-17 13:00:00,30114.0,30122.338586640624,-8.338586640624271,8.338586640624271,69.53202716319757
2001-10-17 14:00:00,29854.0,29997.420488452197,-143.42048845219688,143.42048845219688,20569.43650786674
2001-10-17 15:00:00,29914.0,29629.888698018764,284.11130198123647,284.11130198123647,80719.23191347334
2001-10-17 16:00:00,29835.0,29856.62429762396,-21.624297623959137,21.624297623959137,467.6102477295648
2001-10-17 17:00:00,30102.0,30109.82912469847,-7.829124698469968,7.829124698469968,61.29519354419247
2001-10-17 18:00:00,31408.0,31531.360058323637,-123.36005832363662,123.36005832363662,15217.70398961103
2001-10-17 19:00:00,32405.0,31986.362808314883,418.6371916851167,418.6371916851167,175257.09826200115
2001-10-17 20:00:00,31584.0,31684.916134343846,-100.91613434384635,100.91613434384635,10184.066170905246
2001-10-17 21:00:00,29962.0,29999.04812814171,-37.04812814170873,37.04812814170873,1372.5637988044705
2001-10-17 22:00:00,27801.0,27380.561073913563,420.4389260864373,420.4389260864373,176768.89056871666
2001-10-17 23:00:00,25351.0,25459.796737293993,-108.79673729399292,108.79673729399292,11836.730045818109
2001-10-18 00:00:00,23558.0,23536.76290341439,21.237096585609834,21.237096585609834,451.0142713865209
2001-10-18 01:00:00,22697.0,22528.273407008735,168.72659299126462,168.72659299126462,28468.66318243987
2001-10-18 02:00:00,22403.0,22225.07586488082,177.9241351191813,177.9241351191813,31656.997857908686
2001-10-18 03:00:00,22353.0,22251.662218549645,101.33778145035467,101.33778145035467,10269.345949279847
2001-10-18 04:00:00,22947.0,22873.361977307966,73.6380226920337,73.6380226920337,5422.55838599247
2001-10-18 05:00:00,24943.0,24913.646820957678,29.353179042322154,29.353179042322154,861.6091198906205
2001-10-18 06:00:00,29323.0,28601.469939838724,721.5300601612762,721.5300601612762,520605.6277163348
2001-10-18 07:00:00,31170.0,31232.468375806817,-62.468375806816766,62.468375806816766,3902.2979759416903
2001-10-18 08:00:00,31356.0,31394.3631917001,-38.36319170010029,38.36319170010029,1471.7344774186436
2001-10-18 09:00:00,31237.0,31312.918029022425,-75.91802902242489,75.91802902242489,5763.5471306497475
2001-10-18 10:00:00,30908.0,31101.467233919793,-193.46723391979322,193.46723391979322,37429.570600575986
2001-10-18 11:00:00,30672.0,30615.86092829698,56.139071703019,56.139071703019,3151.5953716767085
2001-10-18 12:00:00,30511.0,30420.256309555298,90.74369044470222,90.74369044470222,8234.417355523941
2001-10-18 13:00:00,30302.0,30319.910451638378,-17.910451638377708,17.910451638377708,320.7842778906667
2001-10-18 14:00:00,29952.0,30034.361972624905,-82.36197262490532,82.36197262490532,6783.494534665653
2001-10-18 15:00:00,29434.0,29693.39448903125,-259.39448903124867,259.39448903124867,67285.50093978259
2001-10-18 16:00:00,29506.0,29312.389242083897,193.61075791610347,193.61075791610347,37485.12558084802
2001-10-18 17:00:00,29722.0,29806.66566560263,-84.66566560263163,84.66566560263163,7168.274931936641
2001-10-18 18:00:00,31075.0,30644.246882711657,430.75311728834276,430.75311728834276,185548.2480536248
2001-10-18 19:00:00,32384.0,31710.844892758883,673.1551072411166,673.1551072411166,453137.79840479925
2001-10-18 20:00:00,31660.0,31803.03368745896,-143.03368745895932,143.03368745895932,20458.635748107255
2001-10-18 21:00:00,30284.0,30082.530865966975,201.4691340330246,201.4691340330246,40589.81196801683
2001-10-18 22:00:00,27823.0,27838.47572846498,-15.475728464978602,15.475728464978602,239.49817152174893
2001-10-18 23:00:00,25551.0,25523.65082934618,27.349170653818874,27.349170653818874,747.9771354517075
2001-10-19 00:00:00,23911.0,23762.543567463614,148.45643253638627,148.45643253638627,22039.31236143061
2001-10-19 01:00:00,22889.0,22961.066339542227,-72.06633954222707,72.06633954222707,5193.557295015561
2001-10-19 02:00:00,22603.0,22514.823362815754,88.17663718424592,88.17663718424592,7775.11934512214
2001-10-19 03:00:00,22647.0,22501.847788931715,145.1522110682854,145.1522110682854,21069.164378012072
2001-10-19 04:00:00,23198.0,23254.413135836017,-56.41313583601732,56.41313583601732,3182.4418948529415
2001-10-19 05:00:00,25107.0,25160.05559655774,-53.0555965577405,53.0555965577405,2814.8963260977257
2001-10-19 06:00:00,29065.0,28749.942756130724,315.05724386927614,315.05724386927614,99261.06691450454
2001-10-19 07:00:00,31338.0,31038.932338397157,299.06766160284315,299.06766160284315,89441.4662165927
2001-10-19 08:00:00,31420.0,31507.643110506775,-87.64311050677497,87.64311050677497,7681.31481930277
2001-10-19 09:00:00,31212.0,31466.86747217188,-254.86747217188167,254.86747217188167,64957.42837128488
2001-10-19 10:00:00,31200.0,31023.054554324128,176.94544567587218,176.94544567587218,31309.690745433032
2001-10-19 11:00:00,30895.0,30979.96458783504,-84.9645878350384,84.9645878350384,7218.981185977956
2001-10-19 12:00:00,30356.0,30565.058723345144,-209.05872334514424,209.05872334514424,43705.54980670156
2001-10-19 13:00:00,29979.0,30111.4689120142,-132.4689120141993,132.4689120141993,17548.012650225675
2001-10-19 14:00:00,29614.0,29691.64019639158,-77.64019639158141,77.64019639158141,6028.0000957233315
2001-10-19 15:00:00,29137.0,29421.123121118282,-284.12312111828214,284.12312111828214,80725.94795399402
2001-10-19 16:00:00,28835.0,29037.142689061384,-202.14268906138386,202.14268906138386,40861.66674096732
2001-10-19 17:00:00,28651.0,28957.797525730468,-306.7975257304679,306.7975257304679,94124.7217943371
2001-10-19 18:00:00,29988.0,29574.3980513522,413.6019486477999,413.6019486477999,171066.57192525727
2001-10-19 19:00:00,30514.0,30702.05017589813,-188.05017589812996,188.05017589812996,35362.86865531762
2001-10-19 20:00:00,29645.0,30559.61244713594,-914.6124471359399,914.6124471359399,836515.9284559924
2001-10-19 21:00:00,28371.0,28442.589610788422,-71.58961078842185,71.58961078842185,5125.072372837726
2001-10-19 22:00:00,26469.0,26365.011458552322,103.98854144767756,103.98854144767756,10813.616752415353
2001-10-19 23:00:00,24327.0,24382.060663179247,-55.06066317924706,55.06066317924706,3031.676629738493
2001-10-20 00:00:00,22385.0,22491.49671304627,-106.49671304626827,106.49671304626827,11341.549889659205
2001-10-20 01:00:00,21388.0,21333.02445118493,54.97554881506949,54.97554881506949,3022.310967518088
2001-10-20 02:00:00,20872.0,20913.919973791297,-41.9199737912968,41.9199737912968,1757.2842026630103
2001-10-20 03:00:00,20652.0,20577.978396844614,74.0216031553864,74.0216031553864,5479.19773369351
2001-10-20 04:00:00,20747.0,20688.47821929929,58.521780700710224,58.521780700710224,3424.7988163820196
2001-10-20 05:00:00,21293.0,21400.44433009768,-107.44433009768181,107.44433009768181,11544.284070139614
2001-10-20 06:00:00,22627.0,22327.17945466725,299.82054533275004,299.82054533275004,89892.35940362762
2001-10-20 07:00:00,23931.0,23942.010533612305,-11.010533612305153,11.010533612305153,121.23185042770156
2001-10-20 08:00:00,25577.0,25530.519814850817,46.480185149182944,46.480185149182944,2160.4076115023267
2001-10-20 09:00:00,26605.0,26923.256099932754,-318.2560999327543,318.2560999327543,101286.94514440729
2001-10-20 10:00:00,26887.0,26989.867871800237,-102.86787180023748,102.86787180023748,10581.799048710094
2001-10-20 11:00:00,26729.0,26697.51980444946,31.480195550539065,31.480195550539065,991.0027119001795
2001-10-20 12:00:00,26392.0,26288.780889223315,103.21911077668483,103.21911077668483,10654.184829529535
2001-10-20 13:00:00,25830.0,25937.20970230418,-107.20970230417879,107.20970230417879,11493.92026815064
2001-10-20 14:00:00,25287.0,25352.055890555668,-65.05589055566816,65.05589055566816,4232.268895991073
2001-10-20 15:00:00,24984.0,25074.55082441593,-90.55082441592822,90.55082441592822,8199.451802404263
2001-10-20 16:00:00,24937.0,25286.571602097974,-349.5716020979744,349.5716020979744,122200.30499334453
2001-10-20 17:00:00,25161.0,25583.331667326962,-422.3316673269619,422.3316673269619,178364.03722717162
2001-10-20 18:00:00,26603.0,26419.2646786689,183.73532133109984,183.73532133109984,33758.66830464251
2001-10-20 19:00:00,27604.0,27593.984557411175,10.015442588824953,10.015442588824953,100.30909025004868
2001-10-20 20:00:00,26823.0,27257.01622890005,-434.0162289000509,434.0162289000509,188370.0869486214
2001-10-20 21:00:00,25707.0,25950.242824026376,-243.24282402637618,243.24282402637618,59167.07144032661
2001-10-20 22:00:00,24247.0,24336.11689612093,-89.1168961209296,89.1168961209296,7941.821174228557
2001-10-20 23:00:00,22632.0,22549.94275295274,82.05724704726163,82.05724704726163,6733.391792975327
2001-10-21 00:00:00,21137.0,21142.660673735525,-5.660673735525052,5.660673735525052,32.043227140063145
2001-10-21 01:00:00,20035.0,20211.169588329605,-176.16958832960518,176.16958832960518,31035.72385222256
2001-10-21 02:00:00,19423.0,19612.990917634485,-189.9909176344845,189.9909176344845,36096.54878359348
2001-10-21 03:00:00,19274.0,19214.416525096985,59.583474903014576,59.583474903014576,3550.190481518168
2001-10-21 04:00:00,19121.0,19194.7109888924,-73.71098889239875,73.71098889239875,5433.309883495332
2001-10-21 05:00:00,19618.0,19513.231529654124,104.76847034587627,104.76847034587627,10976.432378614754
2001-10-21 06:00:00,20573.0,20303.20929873496,269.7907012650394,269.7907012650394,72787.02248908172
2001-10-21 07:00:00,21453.0,21478.44561721223,-25.44561721222999,25.44561721222999,647.4794353113351
2001-10-21 08:00:00,22957.0,23121.01378938211,-164.01378938210837,164.01378938210837,26900.523107478606
2001-10-21 09:00:00,24008.0,24108.69587801003,-100.69587801002854,100.69587801002854,10139.65984821055
2001-10-21 10:00:00,24348.0,24714.410214788968,-366.410214788968,366.410214788968,134256.44550169766
2001-10-21 11:00:00,24622.0,24629.894563315316,-7.894563315316191,7.894563315316191,62.324129939536164
2001-10-21 12:00:00,24750.0,24550.043567821653,199.9564321783473,199.9564321783473,39982.57476949401
2001-10-21 13:00:00,24631.0,24600.55148573337,30.44851426663081,30.44851426663081,927.1120210452199
2001-10-21 14:00:00,24449.0,24446.18994238652,2.8100576134784205,2.8100576134784205,7.896423791068036
2001-10-21 15:00:00,24439.0,24400.206875301188,38.79312469881188,38.79312469881188,1504.9065238975684
2001-10-21 16:00:00,24909.0,24863.751678061653,45.248321938346635,45.248321938346635,2047.4106382362613
2001-10-21 17:00:00,25757.0,25765.844473036792,-8.844473036791896,8.844473036791896,78.22470329853887
2001-10-21 18:00:00,27549.0,26954.286816707983,594.7131832920168,594.7131832920168,353683.77038132393
2001-10-21 19:00:00,28977.0,27918.855030167557,1058.1449698324432,1058.1449698324432,1119670.777181702
2001-10-21 20:00:00,28293.0,28562.90438592867,-269.9043859286685,269.9043859286685,72848.37754353162
2001-10-21 21:00:00,26884.0,27060.39981269841,-176.39981269841155,176.39981269841155,31116.893920034676
2001-10-21 22:00:00,24967.0,24982.150512378572,-15.150512378571875,15.150512378571875,229.5380253332596
2001-10-21 23:00:00,22883.0,23129.694837312418,-246.6948373124178,246.6948373124178,60858.34275660029
2001-10-22 00:00:00,21427.0,21417.88470226227,9.115297737731453,9.115297737731453,83.08865284749214
2001-10-22 01:00:00,20502.0,20595.380611498644,-93.3806114986437,93.3806114986437,8719.938603860628
2001-10-22 02:00:00,20116.0,20118.744551508244,-2.744551508243603,2.744551508243603,7.532562981402237
2001-10-22 03:00:00,19974.0,19997.977011459367,-23.977011459366622,23.977011459366622,574.8970785225983
2001-10-22 04:00:00,20632.0,20510.30131885423,121.6986811457682,121.6986811457682,14810.568992619357
2001-10-22 05:00:00,22472.0,22533.0740545676,-61.074054567601706,61.074054567601706,3730.0401413263908
2001-10-22 06:00:00,26347.0,26217.19394754691,129.80605245308834,129.80605245308834,16849.61125345392
2001-10-22 07:00:00,29009.0,28917.178003674024,91.82199632597622,91.82199632597622,8431.27900928759
2001-10-22 08:00:00,29660.0,29640.43536595102,19.564634048980224,19.564634048980224,382.77490547051633
2001-10-22 09:00:00,30252.0,30047.678337798487,204.3216622015134,204.3216622015134,41747.34164478935
2001-10-22 10:00:00,31169.0,30682.87632593496,486.12367406503836,486.12367406503836,236316.22648649165
2001-10-22 11:00:00,31534.0,31246.57211114401,287.4278888559893,287.4278888559893,82614.79129221094
2001-10-22 12:00:00,31734.0,31319.663704615912,414.33629538408786,414.33629538408786,171674.5656726101
2001-10-22 13:00:00,32060.0,31538.802002952518,521.1979970474822,521.1979970474822,271647.35212630726
2001-10-22 14:00:00,32007.0,31896.66748445775,110.3325155422499,110.3325155422499,12173.263985880814
2001-10-22 15:00:00,31883.0,31852.30069361713,30.699306382870418,30.699306382870418,942.4474123893484
2001-10-22 16:00:00,31811.0,31641.343975947624,169.65602405237587,169.65602405237587,28783.16649726034
2001-10-22 17:00:00,31857.0,31549.952206129903,307.04779387009694,307.04779387009694,94278.34772049353
2001-10-22 18:00:00,32891.0,31537.23966661722,1353.7603333827792,1353.7603333827792,1832667.0402406536
2001-10-22 19:00:00,33334.0,32685.24595465888,648.7540453411202,648.7540453411202,420881.8113464683
2001-10-22 20:00:00,32141.0,32469.436006794826,-328.4360067948255,328.4360067948255,107870.21055933068
2001-10-22 21:00:00,30410.0,30569.313928824293,-159.31392882429282,159.31392882429282,25380.927917431836
2001-10-22 22:00:00,27341.0,27708.382684970344,-367.3826849703437,367.3826849703437,134970.0372160188
2001-10-22 23:00:00,24708.0,24826.805506320627,-118.80550632062659,118.80550632062659,14114.748332100446
2001-10-23 00:00:00,22820.0,22837.055316655813,-17.05531665581293,17.05531665581293,290.88382623005
2001-10-23 01:00:00,21756.0,21799.272918389943,-43.27291838994279,43.27291838994279,1872.5454659826487
2001-10-23 02:00:00,21208.0,21205.850580379407,2.1494196205931075,2.1494196205931075,4.620004705390619
2001-10-23 03:00:00,20987.0,20981.922980111216,5.07701988878398,5.07701988878398,25.776130951108094
2001-10-23 04:00:00,21394.0,21308.44473492105,85.55526507895047,85.55526507895047,7319.703382729482
2001-10-23 05:00:00,23232.0,23110.599549210325,121.40045078967523,121.40045078967523,14738.069451936359
2001-10-23 06:00:00,27107.0,26928.439216436313,178.56078356368744,178.56078356368744,31883.95342687803
2001-10-23 07:00:00,29650.0,29864.081855539127,-214.081855539127,214.081855539127,45831.04087107564
2001-10-23 08:00:00,30107.0,30418.66093055536,-311.6609305553611,311.6609305553611,97132.53563463362
2001-10-23 09:00:00,30643.0,30914.664913933815,-271.6649139338151,271.6649139338151,73801.82546266717
2001-10-23 10:00:00,31191.0,31041.0344934291,149.9655065709012,149.9655065709012,22489.65316106701
2001-10-23 11:00:00,31435.0,31507.783466747158,-72.78346674715795,72.78346674715795,5297.433031734647
2001-10-23 12:00:00,31564.0,31683.035325596524,-119.03532559652376,119.03532559652376,14169.408739870425
2001-10-23 13:00:00,31682.0,31610.861116254724,71.13888374527596,71.13888374527596,5060.740780523888
2001-10-23 14:00:00,31572.0,31702.285599972758,-130.28559997275806,130.28559997275806,16974.337560261534
2001-10-23 15:00:00,31740.0,31441.034364651685,298.9656353483151,298.9656353483151,89380.45111922173
2001-10-23 16:00:00,31623.0,31816.67434695023,-193.67434695022894,193.67434695022894,37509.752666597655
2001-10-23 17:00:00,31556.0,31607.73520699325,-51.73520699324945,51.73520699324945,2676.5316426343666
2001-10-23 18:00:00,32973.0,31418.01012594096,1554.9898740590397,1554.9898740590397,2417993.5084261484
2001-10-23 19:00:00,33387.0,32869.409502858296,517.590497141704,517.590497141704,267899.9227313963
2001-10-23 20:00:00,32444.0,32851.91695864189,-407.9169586418866,407.9169586418866,166396.2451476466
2001-10-23 21:00:00,30558.0,30942.65571918898,-384.6557191889806,384.6557191889806,147960.0223047919
2001-10-23 22:00:00,27604.0,28049.33630785905,-445.33630785904825,445.33630785904825,198324.427097529
2001-10-23 23:00:00,25145.0,25188.75707176156,-43.75707176155993,43.75707176155993,1914.6813291463052
2001-10-24 00:00:00,23459.0,23290.932815589887,168.06718441011253,168.06718441011253,28246.578475542774
2001-10-24 01:00:00,22258.0,22525.151228846815,-267.1512288468148,267.1512288468148,71369.77907436319
2001-10-24 02:00:00,21762.0,21818.702598009197,-56.70259800919666,56.70259800919666,3215.1846209925534
2001-10-24 03:00:00,21522.0,21485.72911299244,36.270887007558485,36.270887007558485,1315.577244315075
2001-10-24 04:00:00,21851.0,21848.107350433485,2.892649566514592,2.892649566514592,8.367421514657059
2001-10-24 05:00:00,23831.0,23458.920383832854,372.079616167146,372.079616167146,138443.2407670907
2001-10-24 06:00:00,27686.0,27523.84395463107,162.1560453689308,162.1560453689308,26294.58304969074
2001-10-24 07:00:00,30267.0,30117.911388010136,149.08861198986415,149.08861198986415,22227.414225064265
2001-10-24 08:00:00,30738.0,31082.64975029097,-344.6497502909697,344.6497502909697,118783.45037562776
2001-10-24 09:00:00,31432.0,31045.49301833242,386.50698166757866,386.50698166757866,149387.64687778198
2001-10-24 10:00:00,32379.0,31929.10867178636,449.8913282136382,449.8913282136382,202402.2072018315
2001-10-24 11:00:00,32851.0,32675.857787588768,175.14221241123232,175.14221241123232,30674.794568301222
2001-10-24 12:00:00,33179.0,33174.43372592648,4.566274073520617,4.566274073520617,20.85085891450657
2001-10-24 13:00:00,33667.0,33529.72006107781,137.27993892219092,137.27993892219092,18845.78163048047
2001-10-24 14:00:00,33943.0,33806.08279548763,136.91720451237052,136.91720451237052,18746.320891482294
2001-10-24 15:00:00,33888.0,33900.61875405442,-12.618754054419696,12.618754054419696,159.2329538859335
2001-10-24 16:00:00,33805.0,33772.61133080505,32.388669194951945,32.388669194951945,1049.025892220029
2001-10-24 17:00:00,33351.0,33728.10312377341,-377.10312377341324,377.10312377341324,142206.76595966623
2001-10-24 18:00:00,34403.0,32720.10780266233,1682.892197337671,1682.892197337671,2832126.1478600143
2001-10-24 19:00:00,34789.0,34131.55809012449,657.4419098755097,657.4419098755097,432229.8648607579
2001-10-24 20:00:00,33626.0,34062.76164279891,-436.76164279891236,436.76164279891236,190760.7326204047
2001-10-24 21:00:00,31734.0,32246.33448059861,-512.3344805986089,512.3344805986089,262486.6200102464
2001-10-24 22:00:00,28837.0,29113.7172521762,-276.7172521762004,276.7172521762004,76572.4376519469
2001-10-24 23:00:00,25994.0,26259.78351638075,-265.78351638075037,265.78351638075037,70640.8775797166
2001-10-25 00:00:00,24002.0,24128.21002790428,-126.21002790427883,126.21002790427883,15928.971143598841
2001-10-25 01:00:00,22907.0,22961.345673105967,-54.34567310596685,54.34567310596685,2953.452185340609
2001-10-25 02:00:00,22211.0,22270.522996187927,-59.522996187926765,59.522996187926765,3542.9870751879444
2001-10-25 03:00:00,21915.0,21947.241853332915,-32.241853332914616,32.241853332914616,1039.5371063411774
2001-10-25 04:00:00,22360.0,22190.969820128994,169.0301798710061,169.0301798710061,28571.201707224678
2001-10-25 05:00:00,24291.0,23968.359937220317,322.6400627796829,322.6400627796829,104096.61011047773
2001-10-25 06:00:00,28380.0,27918.494288300015,461.5057116999851,461.5057116999851,212987.52193170978
2001-10-25 07:00:00,30806.0,30575.375167000588,230.62483299941232,230.62483299941232,53187.813596006825
2001-10-25 08:00:00,31372.0,31737.723980011662,-365.7239800116622,365.7239800116622,133754.02955557068
2001-10-25 09:00:00,32198.0,32024.751371916995,173.24862808300531,173.24862808300531,30015.087132643497
2001-10-25 10:00:00,33025.0,32788.80134086125,236.19865913874673,236.19865913874673,55789.80657894187
2001-10-25 11:00:00,32992.0,33514.58190962333,-522.5819096233317,522.5819096233317,273091.85226556804
2001-10-25 12:00:00,32370.0,33036.64729181285,-666.6472918128493,666.6472918128493,444418.6116814062
2001-10-25 13:00:00,32286.0,32004.433957234553,281.5660427654475,281.5660427654475,79279.43643859381
2001-10-25 14:00:00,31800.0,31941.30941291129,-141.30941291129056,141.30941291129056,19968.350177333614
2001-10-25 15:00:00,31396.0,31518.297653640027,-122.29765364002742,122.29765364002742,14956.716085856113
2001-10-25 16:00:00,31053.0,31237.844719422832,-184.844719422832,184.844719422832,34167.57029850548
2001-10-25 17:00:00,30720.0,31069.77935102727,-349.77935102727133,349.77935102727133,122345.59440505909
2001-10-25 18:00:00,31731.0,31027.585473056693,703.4145269433066,703.4145269433066,494791.99671487574
2001-10-25 19:00:00,32365.0,32826.1029288365,-461.10292883650254,461.10292883650254,212615.91098160073
2001-10-25 20:00:00,31138.0,32489.28816569056,-1351.2881656905593,1351.2881656905593,1825979.7067353562
2001-10-25 21:00:00,29491.0,29742.89771335483,-251.89771335482874,251.89771335482874,63452.457993391465
2001-10-25 22:00:00,26839.0,27066.273315778955,-227.2733157789553,227.2733157789553,51653.16006516073
2001-10-25 23:00:00,24379.0,24465.540064210276,-86.54006421027589,86.54006421027589,7489.182713518673
2001-10-26 00:00:00,22512.0,22474.92021061803,37.07978938196902,37.07978938196902,1374.9107806111826
2001-10-26 01:00:00,21506.0,21447.999073604064,58.0009263959364,58.0009263959364,3364.107462786832
2001-10-26 02:00:00,20923.0,21066.637192423685,-143.6371924236846,143.6371924236846,20631.6430473586
2001-10-26 03:00:00,20868.0,20630.431280755274,237.5687192447258,237.5687192447258,56438.89636357935
2001-10-26 04:00:00,21348.0,21222.753486597052,125.24651340294804,125.24651340294804,15686.689119594843
2001-10-26 05:00:00,23000.0,23183.173633524886,-183.1736335248861,183.1736335248861,33552.580018709275
2001-10-26 06:00:00,26845.0,26631.18403609855,213.8159639014484,213.8159639014484,45717.266419105494
2001-10-26 07:00:00,29597.0,29340.505605945822,256.494394054178,256.494394054178,65789.37418121993
2001-10-26 08:00:00,30123.0,30435.698768152022,-312.69876815202224,312.69876815202224,97780.51960379216
2001-10-26 09:00:00,30356.0,31141.279317007007,-785.2793170070072,785.2793170070072,616663.6057189917
2001-10-26 10:00:00,30670.0,30762.582045025094,-92.58204502509398,92.58204502509398,8571.435061028527
2001-10-26 11:00:00,30286.0,30677.365342221423,-391.3653422214229,391.3653422214229,153166.83109209148
2001-10-26 12:00:00,29882.0,30238.51615525607,-356.5161552560712,356.5161552560712,127103.76895857108
2001-10-26 13:00:00,29708.0,29735.723027276195,-27.723027276195353,27.723027276195353,768.5662413566715
2001-10-26 14:00:00,29469.0,29524.14371738426,-55.143717384260526,55.143717384260526,3040.8295669551967
2001-10-26 15:00:00,29037.0,29360.77083513637,-323.770835136369,323.770835136369,104827.55368490182
2001-10-26 16:00:00,28859.0,29035.47705928903,-176.47705928903088,176.47705928903088,31144.15245530412
2001-10-26 17:00:00,29337.0,29207.90913894856,129.0908610514416,129.0908610514416,16664.450407002605
2001-10-26 18:00:00,30858.0,30332.74295568825,525.2570443117511,525.2570443117511,275894.96259911684
2001-10-26 19:00:00,31204.0,31379.07020546608,-175.07020546607964,175.07020546607964,30649.57684193534
2001-10-26 20:00:00,30324.0,30790.819549500146,-466.8195495001455,466.8195495001455,217920.4917955188
2001-10-26 21:00:00,29235.0,29153.166183074623,81.8338169253766,81.8338169253766,6696.773592576053
2001-10-26 22:00:00,27402.0,27102.62970776502,299.3702922349803,299.3702922349803,89622.5718728575
2001-10-26 23:00:00,25469.0,24909.973955394293,559.0260446057073,559.0260446057073,312510.1185475022
2001-10-27 00:00:00,23470.0,23486.871044697047,-16.871044697047182,16.871044697047182,284.63214916976386
2001-10-27 01:00:00,22519.0,22232.26796805351,286.73203194648886,286.73203194648886,82215.2581441623
2001-10-27 02:00:00,21854.0,21920.54633105277,-66.54633105277026,66.54633105277026,4428.414176584894
2001-10-27 03:00:00,21670.0,21647.458665301507,22.5413346984933,22.5413346984933,508.1117699894981
2001-10-27 04:00:00,21638.0,21834.870314657448,-196.87031465744803,196.87031465744803,38757.9207933226
2001-10-27 05:00:00,22243.0,22256.619649533153,-13.619649533153279,13.619649533153279,185.49485340592233
2001-10-27 06:00:00,23558.0,23297.035343722935,260.96465627706493,260.96465627706493,68102.55182580664
2001-10-27 07:00:00,24919.0,24846.950836461267,72.04916353873341,72.04916353873341,5191.081966631152
2001-10-27 08:00:00,26468.0,26516.72507982741,-48.72507982741081,48.72507982741081,2374.1334041875557
2001-10-27 09:00:00,27531.0,27398.226982373137,132.7730176268633,132.7730176268633,17628.674209743353
2001-10-27 10:00:00,27910.0,28010.09210666934,-100.09210666934086,100.09210666934086,10018.42981750671
2001-10-27 11:00:00,27625.0,27803.020230063474,-178.02023006347372,178.02023006347372,31691.20231185211
2001-10-27 12:00:00,26992.0,27161.3518702502,-169.3518702502006,169.3518702502006,28680.055957240776
2001-10-27 13:00:00,26589.0,26516.99912104989,72.00087895011166,72.00087895011166,5184.126569588631
2001-10-27 14:00:00,26154.0,26136.6782463014,17.321753698601242,17.321753698601242,300.0431511950058
2001-10-27 15:00:00,26158.0,25825.321481071056,332.67851892894396,332.67851892894396,110674.99695675573
2001-10-27 16:00:00,26475.0,26378.60560858957,96.39439141043113,96.39439141043113,9291.878695387399
2001-10-27 17:00:00,27260.0,27351.243321372785,-91.24332137278543,91.24332137278543,8325.343695137402
2001-10-27 18:00:00,28837.0,28812.758424477946,24.24157552205361,24.24157552205361,587.6539837914287
2001-10-27 19:00:00,29082.0,28962.562957801274,119.43704219872598,119.43704219872598,14265.20704918025
2001-10-27 20:00:00,28336.0,28745.900185974977,-409.9001859749769,409.9001859749769,168018.16246232067
2001-10-27 21:00:00,27445.0,27346.16167798085,98.83832201914993,98.83832201914993,9769.013899561178
2001-10-27 22:00:00,26214.0,25928.596046641607,285.40395335839276,285.40395335839276,81455.41659259962
2001-10-27 23:00:00,24708.0,24382.776925114093,325.2230748859074,325.2230748859074,105770.04843824454
2001-10-28 00:00:00,23017.0,22918.02387309171,98.97612690828828,98.97612690828828,9796.273697765588
2001-10-28 01:00:00,22176.5,21934.119978741655,242.38002125834464,242.38002125834464,58748.0747051956
2001-10-28 02:00:00,21336.0,21717.0664447577,-381.0664447577001,381.0664447577001,145211.6353202733
2001-10-28 03:00:00,21265.0,21067.540476357826,197.45952364217374,197.45952364217374,38990.263476994165
2001-10-28 04:00:00,21519.0,21326.517684279366,192.48231572063378,192.48231572063378,37049.44186517774
2001-10-28 05:00:00,22169.0,21959.31334306266,209.68665693734147,209.68665693734147,43968.49409755833
2001-10-28 06:00:00,23124.0,22977.827896339088,146.1721036609124,146.1721036609124,21366.28388865652
2001-10-28 07:00:00,24510.0,24130.82093669677,379.17906330322876,379.17906330322876,143776.76204751397
2001-10-28 08:00:00,25849.0,25817.378675786633,31.62132421336719,31.62132421336719,999.908145006882
2001-10-28 09:00:00,26447.0,26565.193021183077,-118.19302118307678,118.19302118307678,13969.590256383237
2001-10-28 10:00:00,26446.0,26751.56125166358,-305.56125166358106,305.56125166358106,93367.67851821432
2001-10-28 11:00:00,26084.0,26330.7342499472,-246.73424994719971,246.73424994719971,60877.79009700722
2001-10-28 12:00:00,25652.0,25817.547786436302,-165.54778643630198,165.54778643630198,27406.069593959448
2001-10-28 13:00:00,25211.0,25355.875980540375,-144.87598054037517,144.87598054037517,20989.049737535162
2001-10-28 14:00:00,24883.0,25034.30077129413,-151.30077129412894,151.30077129412894,22891.92339419831
2001-10-28 15:00:00,24912.0,24744.362837480294,167.63716251970618,167.63716251970618,28102.218257658384
2001-10-28 16:00:00,25864.0,25446.17455310852,417.82544689147835,417.82544689147835,174578.1040700636
2001-10-28 17:00:00,28754.0,27360.84784452505,1393.1521554749488,1393.1521554749488,1940872.928304496
2001-10-28 18:00:00,30121.0,29341.518555417882,779.4814445821175,779.4814445821175,607591.3224478248
2001-10-28 19:00:00,29601.0,30415.0560401975,-814.0560401975017,814.0560401975017,662687.2365820365
2001-10-28 20:00:00,29127.0,29204.24398101924,-77.24398101924089,77.24398101924089,5966.6326037008475
2001-10-28 21:00:00,27800.0,28016.065713556156,-216.06571355615597,216.06571355615597,46684.392574530844
2001-10-28 22:00:00,26017.0,26136.47269251594,-119.47269251594116,119.47269251594116,14273.724257008624
2001-10-28 23:00:00,24427.0,24260.664960546816,166.33503945318444,166.33503945318444,27667.345349892425
2001-10-29 00:00:00,23503.0,22891.481961128393,611.5180388716071,611.5180388716071,373954.3118653764
2001-10-29 01:00:00,23024.0,22456.2008390066,567.7991609933997,567.7991609933997,322395.8872248086
2001-10-29 02:00:00,22998.0,22664.83083475415,333.1691652458503,333.1691652458503,111001.69267061671
2001-10-29 03:00:00,23275.0,22943.848576815602,331.1514231843976,331.1514231843976,109661.26507705197
2001-10-29 04:00:00,24193.0,23808.499096991804,384.5009030081965,384.5009030081965,147840.9444141185
2001-10-29 05:00:00,26443.0,26474.923413560362,-31.92341356036195,31.92341356036195,1019.1043333459013
2001-10-29 06:00:00,30517.0,29558.102343033985,958.8976569660153,958.8976569660153,919484.716534914
2001-10-29 07:00:00,32120.0,32121.797570296905,-1.7975702969051781,1.7975702969051781,3.23125897231577
2001-10-29 08:00:00,32079.0,32427.533348455836,-348.53334845583595,348.53334845583595,121475.49498583717
2001-10-29 09:00:00,31784.0,32046.74919353693,-262.74919353692894,262.74919353692894,69037.13870430655
2001-10-29 10:00:00,31511.0,31520.755081054154,-9.755081054154289,9.755081054154289,95.16160637311995
2001-10-29 11:00:00,31124.0,31231.386183916573,-107.38618391657292,107.38618391657292,11531.792496164024
2001-10-29 12:00:00,30619.0,30787.26610448626,-168.2661044862616,168.2661044862616,28313.48191898151
2001-10-29 13:00:00,30411.0,30418.256647678278,-7.256647678277659,7.256647678277659,52.65893552665254
2001-10-29 14:00:00,30094.0,30144.284213524224,-50.28421352422447,50.28421352422447,2528.502129749799
2001-10-29 15:00:00,29783.0,30016.026181762543,-233.02618176254327,233.02618176254327,54301.20138682985
2001-10-29 16:00:00,30324.0,30283.121532388428,40.87846761157198,40.87846761157198,1671.0491142703393
2001-10-29 17:00:00,32912.0,32217.673545531037,694.3264544689628,694.3264544689628,482089.2253754406
2001-10-29 18:00:00,33678.0,33317.15573623682,360.8442637631815,360.8442637631815,130208.58269079251
2001-10-29 19:00:00,32902.0,33323.80756403095,-421.8075640309471,421.8075640309471,177921.62107372153
2001-10-29 20:00:00,31774.0,32274.593282809605,-500.5932828096047,500.5932828096047,250593.6347940969
2001-10-29 21:00:00,29948.0,30275.9761699634,-327.9761699634,327.9761699634,107568.36806386107
2001-10-29 22:00:00,27264.0,27450.923675944265,-186.9236759442647,186.9236759442647,34940.46062851648
2001-10-29 23:00:00,24921.0,25193.272787395465,-272.27278739546455,272.27278739546455,74132.47075609583
2001-10-30 00:00:00,23229.0,23468.29559305183,-239.2955930518292,239.2955930518292,57262.38085402665
2001-10-30 01:00:00,22494.0,22317.092582037923,176.90741796207658,176.90741796207658,31296.234530008856
2001-10-30 02:00:00,22290.0,22219.99063597405,70.00936402595107,70.00936402595107,4901.311051318132
2001-10-30 03:00:00,22214.0,22239.56280951945,-25.562809519451548,25.562809519451548,653.4572305277627
2001-10-30 04:00:00,22868.0,22841.331026659125,26.6689733408748,26.6689733408748,711.2341390562908
2001-10-30 05:00:00,24977.0,24897.998354348118,79.00164565188243,79.00164565188243,6241.260015705594
2001-10-30 06:00:00,28675.0,28594.540972226474,80.45902777352603,80.45902777352603,6473.655150261034
2001-10-30 07:00:00,30656.0,30711.34253247437,-55.342532474369364,55.342532474369364,3062.7959006766278
2001-10-30 08:00:00,30619.0,31055.044468533288,-436.0444685332877,436.0444685332877,190134.77853847735
2001-10-30 09:00:00,30608.0,30724.076125268406,-116.07612526840603,116.07612526840603,13473.666857326689
2001-10-30 10:00:00,30666.0,30594.083822618988,71.91617738101195,71.91617738101195,5171.9365690971745
2001-10-30 11:00:00,30728.0,30486.811866358363,241.18813364163725,241.18813364163725,58171.71580953627
2001-10-30 12:00:00,30258.0,30497.81213343417,-239.8121334341704,239.8121334341704,57509.85934224835
2001-10-30 13:00:00,30145.0,30028.825653967375,116.17434603262518,116.17434603262518,13496.478676108134
2001-10-30 14:00:00,29864.0,29979.016698922158,-115.01669892215796,115.01669892215796,13228.84103095033
2001-10-30 15:00:00,29590.0,29617.010032254133,-27.010032254132966,27.010032254132966,729.5418423693031
2001-10-30 16:00:00,30010.0,30066.2349716684,-56.23497166840025,56.23497166840025,3162.3720385457787
2001-10-30 17:00:00,32565.0,31689.882066654303,875.1179333456967,875.1179333456967,765831.3972632432
2001-10-30 18:00:00,33175.0,32774.362268648685,400.63773135131487,400.63773135131487,160510.59178232835
2001-10-30 19:00:00,32435.0,32489.04870191789,-54.04870191789087,54.04870191789087,2921.2621790090197
2001-10-30 20:00:00,31523.0,31688.918869982597,-165.91886998259724,165.91886998259724,27529.07141630201
2001-10-30 21:00:00,29764.0,30032.922635177045,-268.92263517704487,268.92263517704487,72319.38371056596
2001-10-30 22:00:00,27259.0,27266.975221976103,-7.975221976103057,7.975221976103057,63.60416556811715
2001-10-30 23:00:00,25035.0,24837.11317365881,197.8868263411896,197.8868263411896,39159.19603938812
2001-10-31 00:00:00,23350.0,23382.635988591075,-32.63598859107515,32.63598859107515,1065.1077513167872
2001-10-31 01:00:00,22610.0,22477.517429632433,132.48257036756695,132.48257036756695,17551.63145119733
2001-10-31 02:00:00,22345.0,22245.354346071395,99.64565392860459,99.64565392860459,9929.25634685923
2001-10-31 03:00:00,22379.0,22283.89370671244,95.10629328756113,95.10629328756113,9045.207022899594
2001-10-31 04:00:00,23050.0,22960.609528045796,89.39047195420426,89.39047195420426,7990.656476195378
2001-10-31 05:00:00,25278.0,24991.84070868301,286.1592913169916,286.1592913169916,81887.14000704285
2001-10-31 06:00:00,29107.0,28730.821843854814,376.1781561451862,376.1781561451862,141510.00516079212
2001-10-31 07:00:00,31171.0,31118.86398786458,52.13601213541915,52.13601213541915,2718.163761384573
2001-10-31 08:00:00,31338.0,31394.324283069083,-56.32428306908332,56.32428306908332,3172.4248632462263
2001-10-31 09:00:00,31242.0,31286.88840551521,-44.88840551520843,44.88840551520843,2014.9689496977949
2001-10-31 10:00:00,31453.0,31083.798858324906,369.2011416750938,369.2011416750938,136309.4830141927
2001-10-31 11:00:00,31205.0,31228.795052515656,-23.795052515655698,23.795052515655698,566.2045242228126
2001-10-31 12:00:00,30928.0,30959.134601891317,-31.13460189131729,31.13460189131729,969.363434930818
2001-10-31 13:00:00,30614.0,30664.42600733112,-50.42600733111976,50.42600733111976,2542.782215358144
2001-10-31 14:00:00,29906.0,30440.00062464615,-534.0006246461489,534.0006246461489,285156.66712247726
2001-10-31 15:00:00,29813.0,29640.81067109847,172.18932890153155,172.18932890153155,29649.16498755981
2001-10-31 16:00:00,30320.0,30107.360781930707,212.63921806929284,212.63921806929284,45215.437061120276
2001-10-31 17:00:00,32387.0,32157.213806886073,229.78619311392686,229.78619311392686,52801.69454579089
2001-10-31 18:00:00,32095.0,32780.38469487322,-685.3846948732171,685.3846948732171,469752.1799664529
2001-10-31 19:00:00,31083.0,31484.878172797966,-401.8781727979658,401.8781727979658,161506.06577143166
2001-10-31 20:00:00,30575.0,30530.182729108423,44.81727089157721,44.81727089157721,2008.5877701690138
2001-10-31 21:00:00,29333.0,29335.117095865866,-2.117095865865849,2.117095865865849,4.48209490526627
2001-10-31 22:00:00,26808.0,26939.967146137893,-131.967146137893,131.967146137893,17415.327659780007
2001-10-31 23:00:00,24262.0,24476.117203066162,-214.1172030661619,214.1172030661619,45846.176648876004
2001-11-01 00:00:00,22595.0,22405.474351855264,189.5256481447359,189.5256481447359,35919.971304682236
2001-11-01 01:00:00,21778.0,21568.922570315055,209.07742968494495,209.07742968494495,43713.3716036631
2001-11-01 02:00:00,21498.0,21308.272255197156,189.72774480284352,189.72774480284352,35996.61714797292
2001-11-01 03:00:00,21547.0,21310.620882773343,236.3791172266574,236.3791172266574,55875.08706085384
2001-11-01 04:00:00,22187.0,22033.958024480882,153.04197551911784,153.04197551911784,23421.846270794264
2001-11-01 05:00:00,24296.0,24027.397900689535,268.60209931046484,268.60209931046484,72147.08775398882
2001-11-01 06:00:00,27937.0,27961.63799315206,-24.637993152060517,24.637993152060517,607.0307065609809
2001-11-01 07:00:00,29680.0,30152.25198057271,-472.2519805727097,472.2519805727097,223021.933154847
2001-11-01 08:00:00,30091.0,30164.917761426277,-73.91776142627714,73.91776142627714,5463.835454272024
2001-11-01 09:00:00,30233.0,30576.04625310034,-343.0462531003395,343.0462531003395,117680.7317661822
2001-11-01 10:00:00,30505.0,30389.747311633557,115.25268836644318,115.25268836644318,13283.182175692467
2001-11-01 11:00:00,30507.0,30473.59680251783,33.40319748217007,33.40319748217007,1115.773602032853
2001-11-01 12:00:00,30479.0,30420.925702163157,58.07429783684347,58.07429783684347,3372.624069242402
2001-11-01 13:00:00,30548.0,30293.649267737517,254.35073226248278,254.35073226248278,64694.2950024612
2001-11-01 14:00:00,30242.0,30439.40369211135,-197.40369211135112,197.40369211135112,38968.217659193106
2001-11-01 15:00:00,29924.0,30143.94466605171,-219.94466605170965,219.94466605170965,48375.65612459808
2001-11-01 16:00:00,30439.0,30169.37061611596,269.62938388403927,269.62938388403927,72700.00465368661
2001-11-01 17:00:00,32783.0,31108.840188266793,1674.1598117332069,1674.1598117332069,2802811.0752225667
2001-11-01 18:00:00,33080.0,32933.03190424839,146.96809575161024,146.96809575161024,21599.621168854475
2001-11-01 19:00:00,32485.0,32320.413821295253,164.586178704747,164.586178704747,27088.610220630915
2001-11-01 20:00:00,31420.0,31727.03650695236,-307.0365069523614,307.0365069523614,94271.41660150746
2001-11-01 21:00:00,29491.0,29931.784387142576,-440.7843871425757,440.7843871425757,194290.8759486561
2001-11-01 22:00:00,26810.0,27166.646241186118,-356.64624118611755,356.64624118611755,127196.54135218632
2001-11-01 23:00:00,24560.0,24495.024193475787,64.97580652421311,64.97580652421311,4221.855433471976
2001-11-02 00:00:00,22628.0,22627.291251545823,0.7087484541771119,0.7087484541771119,0.5023243712984456
2001-11-02 01:00:00,21610.0,21698.55697572692,-88.55697572691861,88.55697572691861,7842.337949898051
2001-11-02 02:00:00,21184.0,21203.362253850777,-19.36225385077705,19.36225385077705,374.89687418193074
2001-11-02 03:00:00,21099.0,21088.313340156,10.686659843999223,10.686659843999223,114.2046986213455
2001-11-02 04:00:00,21613.0,21520.162532870967,92.83746712903303,92.83746712903303,8618.795302934288
2001-11-02 05:00:00,23525.0,23398.000096148215,126.99990385178535,126.99990385178535,16128.975578362722
2001-11-02 06:00:00,27190.0,27125.27756051657,64.72243948343021,64.72243948343021,4188.994172686285
2001-11-02 07:00:00,29179.0,29777.04741876965,-598.0474187696491,598.0474187696491,357660.71509704
2001-11-02 08:00:00,30111.0,29944.49383954786,166.50616045213974,166.50616045213974,27724.301468513702
2001-11-02 09:00:00,30505.0,30642.084432251853,-137.0844322518533,137.0844322518533,18792.14156581295
2001-11-02 10:00:00,30991.0,30702.025691692852,288.974308307148,288.974308307148,83506.15086159464
2001-11-02 11:00:00,31400.0,30924.793542289593,475.20645771040654,475.20645771040654,225821.1774496724
2001-11-02 12:00:00,31171.0,31316.244410731073,-145.244410731073,145.244410731073,21095.938848616635
2001-11-02 13:00:00,31033.0,31043.50886119347,-10.508861193469784,10.508861193469784,110.43616358361517
2001-11-02 14:00:00,30966.0,30775.102457289307,190.8975427106925,190.8975427106925,36441.871812980666
2001-11-02 15:00:00,30503.0,30854.156951731242,-351.15695173124186,351.15695173124186,123311.20474917772
2001-11-02 16:00:00,30604.0,30835.009604850035,-231.00960485003452,231.00960485003452,53365.437532969096
2001-11-02 17:00:00,32521.0,31356.6096001753,1164.3903998247006,1164.3903998247006,1355805.0032039261
2001-11-02 18:00:00,32385.0,32855.31514044895,-470.3151404489472,470.3151404489472,221196.33133551292
2001-11-02 19:00:00,31103.0,31906.288230967333,-803.2882309673332,803.2882309673332,645271.9820106276
2001-11-02 20:00:00,29704.0,30649.83871538785,-945.8387153878502,945.8387153878502,894610.8755265388
2001-11-02 21:00:00,27949.0,28619.803088211793,-670.8030882117928,670.8030882117928,449976.78315447824
2001-11-02 22:00:00,25987.0,26155.708531054242,-168.70853105424248,168.70853105424248,28462.5684504803
2001-11-02 23:00:00,23983.0,23975.756108452897,7.243891547102976,7.243891547102976,52.47396474618994
2001-11-03 00:00:00,22243.0,22082.25056686398,160.74943313602125,160.74943313602125,25840.380253552168
2001-11-03 01:00:00,21250.0,21272.537028964452,-22.537028964452475,22.537028964452475,507.91767454456976
2001-11-03 02:00:00,20584.0,20746.835379063177,-162.83537906317724,162.83537906317724,26515.360674648622
2001-11-03 03:00:00,20133.0,20312.046737770517,-179.0467377705172,179.0467377705172,32057.734306264356
2001-11-03 04:00:00,20066.0,20151.34194700686,-85.34194700685839,85.34194700685839,7283.2479189214255
2001-11-03 05:00:00,20809.0,20724.959367620333,84.04063237966693,84.04063237966693,7062.8278907743215
2001-11-03 06:00:00,21883.0,22032.867793045552,-149.8677930455524,149.8677930455524,22460.35539234452
2001-11-03 07:00:00,23177.0,23343.012341527832,-166.01234152783218,166.01234152783218,27560.097539553593
2001-11-03 08:00:00,25404.0,25155.450475674545,248.54952432545542,248.54952432545542,61776.866042410154
2001-11-03 09:00:00,26893.0,26706.76989552885,186.2301044711494,186.2301044711494,34681.651811335214
2001-11-03 10:00:00,27377.0,27344.39626791921,32.603732080791815,32.603732080791815,1063.0033455960534
2001-11-03 11:00:00,27355.0,27334.915619979714,20.084380020285607,20.084380020285607,403.3823207992477
2001-11-03 12:00:00,26887.0,27033.70389171501,-146.70389171500938,146.70389171500938,21522.031844329198
2001-11-03 13:00:00,26140.0,26413.63077658951,-273.6307765895108,273.6307765895108,74873.80189697877
2001-11-03 14:00:00,25587.0,25779.71403887119,-192.71403887118868,192.71403887118868,37138.70077804602
2001-11-03 15:00:00,25295.0,25394.961784671978,-99.96178467197751,99.96178467197751,9992.358394806799
2001-11-03 16:00:00,25642.0,25763.607349649752,-121.607349649752,121.607349649752,14788.347488837037
2001-11-03 17:00:00,28077.0,27054.35661264523,1022.6433873547685,1022.6433873547685,1045799.4977004351
2001-11-03 18:00:00,28503.0,28992.163606765946,-489.1636067659456,489.1636067659456,239281.03418426865
2001-11-03 19:00:00,27694.0,28147.207171835616,-453.20717183561646,453.20717183561646,205396.740603238
2001-11-03 20:00:00,26823.0,27325.866452275917,-502.86645227591725,502.86645227591725,252874.66882456737
2001-11-03 21:00:00,25745.0,26023.195773239073,-278.1957732390729,278.1957732390729,77392.88824808566
2001-11-03 22:00:00,24276.0,24349.977142551477,-73.9771425514773,73.9771425514773,5472.6176200815935
2001-11-03 23:00:00,22344.0,22559.989535801953,-215.98953580195302,215.98953580195302,46651.47957594315
2001-11-04 00:00:00,20901.0,20964.25448412151,-63.25448412150945,63.25448412150945,4001.129761478291
2001-11-04 01:00:00,19895.0,19945.780898921348,-50.780898921348125,50.780898921348125,2578.6996952601753
2001-11-04 02:00:00,19543.0,19389.55095673732,153.4490432626808,153.4490432626808,23546.60887823208
2001-11-04 03:00:00,19204.0,19264.667903332687,-60.667903332687274,60.667903332687274,3680.5944947842877
2001-11-04 04:00:00,19544.0,19142.818864436933,401.1811355630671,401.1811355630671,160946.303531672
2001-11-04 05:00:00,19922.0,19908.81604236358,13.1839576364182,13.1839576364182,173.81673895886976
2001-11-04 06:00:00,20600.0,20714.88725496315,-114.88725496314873,114.88725496314873,13199.081352967543
2001-11-04 07:00:00,21780.0,21594.11726403887,185.8827359611314,185.8827359611314,34552.391528395696
2001-11-04 08:00:00,23312.0,23416.72378820505,-104.72378820505037,104.72378820505037,10967.071816016247
2001-11-04 09:00:00,24319.0,24361.349020435224,-42.34902043522379,42.34902043522379,1793.4395318230024
2001-11-04 10:00:00,24622.0,24927.41670641958,-305.416706419579,305.416706419579,93279.3645601833
2001-11-04 11:00:00,24734.0,24941.90880511081,-207.90880511080832,207.90880511080832,43226.07124260408
2001-11-04 12:00:00,24722.0,24640.56890053734,81.43109946266122,81.43109946266122,6631.0239596978245
2001-11-04 13:00:00,24427.0,24562.440004450127,-135.44000445012716,135.44000445012716,18343.994805450464
2001-11-04 14:00:00,24207.0,24296.23716502687,-89.23716502686875,89.23716502686875,7963.271622032607
2001-11-04 15:00:00,24197.0,24173.869718900263,23.13028109973675,23.13028109973675,535.009903752839
2001-11-04 16:00:00,25158.0,25070.529675349368,87.47032465063239,87.47032465063239,7651.057694487029
2001-11-04 17:00:00,28225.0,27610.46942814353,614.5305718564705,614.5305718564705,377647.82374624064
2001-11-04 18:00:00,28886.0,28413.853355547966,472.1466444520338,472.1466444520338,222922.45386731523
2001-11-04 19:00:00,28312.0,28573.645212093525,-261.6452120935246,261.6452120935246,68458.21701146547
2001-11-04 20:00:00,27516.0,27638.420862773713,-122.42086277371345,122.42086277371345,14986.86764226038
2001-11-04 21:00:00,26247.0,26398.73714072871,-151.73714072871007,151.73714072871007,23024.159876524365
2001-11-04 22:00:00,24392.0,24620.241733162733,-228.241733162733,228.241733162733,52094.28875712821
2001-11-04 23:00:00,22716.0,22663.079743607956,52.920256392044394,52.920256392044394,2800.5535365997157
2001-11-05 00:00:00,21426.0,21168.169777574654,257.8302224253457,257.8302224253457,66476.42359590324
2001-11-05 01:00:00,20367.0,20633.672418531463,-266.67241853146334,266.67241853146334,71114.17880541996
2001-11-05 02:00:00,20412.0,20154.68256719923,257.3174328007699,257.3174328007699,66212.26122317874
2001-11-05 03:00:00,20384.0,20350.622687361785,33.37731263821479,33.37731263821479,1114.0449989491326
2001-11-05 04:00:00,21213.0,21006.467238242374,206.53276175762585,206.53276175762585,42655.78167923224
2001-11-05 05:00:00,23463.0,23072.692324009582,390.3076759904179,390.3076759904179,152340.08193704105
2001-11-05 06:00:00,27234.0,26852.400444444447,381.5995555555528,381.5995555555528,145618.2208001954
2001-11-05 07:00:00,29381.0,29503.671171088172,-122.67117108817183,122.67117108817183,15048.216216143524
2001-11-05 08:00:00,30099.0,29905.115691862087,193.88430813791274,193.88430813791274,37591.124942117094
2001-11-05 09:00:00,30501.0,30693.954174222843,-192.954174222843,192.954174222843,37231.31335001925
2001-11-05 10:00:00,30874.0,30653.874807036755,220.12519296324535,220.12519296324535,48455.100577106
2001-11-05 11:00:00,30789.0,30723.502205774163,65.49779422583742,65.49779422583742,4289.961048450142
2001-11-05 12:00:00,30536.0,30580.414726135936,-44.41472613593578,44.41472613593578,1972.667897730177
2001-11-05 13:00:00,30456.0,30361.837220432775,94.16277956722479,94.16277956722479,8866.629055825766
2001-11-05 14:00:00,30121.0,30260.385284520555,-139.3852845205547,139.3852845205547,19428.257540875988
2001-11-05 15:00:00,30049.0,30004.00242535654,44.99757464346112,44.99757464346112,2024.7817237938552
2001-11-05 16:00:00,30981.0,30274.89869262576,706.1013073742397,706.1013073742397,498579.0562756105
2001-11-05 17:00:00,33590.0,32153.920988124795,1436.0790118752047,1436.0790118752047,2062322.9283484644
2001-11-05 18:00:00,34003.0,33332.60962579001,670.3903742099865,670.3903742099865,449423.2538334057
2001-11-05 19:00:00,33139.0,33277.1296282074,-138.12962820740358,138.12962820740358,19079.794188715543
2001-11-05 20:00:00,32097.0,32116.240052890484,-19.24005289048364,19.24005289048364,370.1796352286078
2001-11-05 21:00:00,30317.0,30479.74528596715,-162.74528596715027,162.74528596715027,26486.028104529516
2001-11-05 22:00:00,27679.0,27822.454012517097,-143.454012517097,143.454012517097,20579.05370725542
2001-11-05 23:00:00,25216.0,25406.24046766426,-190.2404676642618,190.2404676642618,36191.435537117046
2001-11-06 00:00:00,23570.0,23419.293723408035,150.70627659196543,150.70627659196543,22712.38180421399
2001-11-06 01:00:00,22845.0,22646.090281553756,198.90971844624437,198.90971844624437,39565.07609236421
2001-11-06 02:00:00,22409.0,22479.22831711411,-70.22831711410981,70.22831711410981,4932.01652467997
2001-11-06 03:00:00,22402.0,22326.0900170915,75.90998290849893,75.90998290849893,5762.3255051686
2001-11-06 04:00:00,23101.0,23019.439544974928,81.56045502507186,81.56045502507186,6652.107823896769
2001-11-06 05:00:00,25247.0,25027.514280052896,219.48571994710437,219.48571994710437,48173.98126069873
2001-11-06 06:00:00,29037.0,28729.30728586988,307.6927141301203,307.6927141301203,94674.80632875992
2001-11-06 07:00:00,30658.0,31161.84656166851,-503.8465616685098,503.8465616685098,253861.35770517946
2001-11-06 08:00:00,30784.0,31071.74276310423,-287.7427631042301,287.7427631042301,82795.89771885709
2001-11-06 09:00:00,30722.0,30805.66640093984,-83.66640093984097,83.66640093984097,7000.066646226222
2001-11-06 10:00:00,30633.0,30631.776082656706,1.2239173432935786,1.2239173432935786,1.4979736632148115
2001-11-06 11:00:00,30301.0,30419.065115787635,-118.06511578763457,118.06511578763457,13939.371565947557
2001-11-06 12:00:00,29904.0,30010.4022954029,-106.40229540289874,106.40229540289874,11321.448467005726
2001-11-06 13:00:00,29798.0,29664.581650345506,133.4183496544938,133.4183496544938,17800.456024528765
2001-11-06 14:00:00,29438.0,29585.350938142736,-147.35093814273569,147.35093814273569,21712.29897154432
2001-11-06 15:00:00,29227.0,29338.42033899523,-111.42033899523085,111.42033899523085,12414.49194181216
2001-11-06 16:00:00,29927.0,30013.896148125423,-86.89614812542277,86.89614812542277,7550.940559035415
2001-11-06 17:00:00,32887.0,32266.845317911288,620.1546820887124,620.1546820887124,384591.829716552
2001-11-06 18:00:00,33269.0,33107.71202026953,161.2879797304704,161.2879797304704,26013.812405536628
2001-11-06 19:00:00,32625.0,32681.556837941505,-56.556837941505364,56.556837941505364,3198.675917941701
2001-11-06 20:00:00,31798.0,31922.015863738667,-124.01586373866667,124.01586373866667,15379.934458847538
2001-11-06 21:00:00,30357.0,30361.809169993874,-4.809169993874093,4.809169993874093,23.128116029978944
2001-11-06 22:00:00,27341.0,27980.807342300104,-639.8073423001042,639.8073423001042,409353.4352611227
2001-11-06 23:00:00,25096.0,24959.65332746786,136.34667253214138,136.34667253214138,18590.415110586997
2001-11-07 00:00:00,23316.0,23470.57483558469,-154.57483558469175,154.57483558469175,23893.37979603449
2001-11-07 01:00:00,22373.0,22489.06622988081,-116.06622988080926,116.06622988080926,13471.36971874486
2001-11-07 02:00:00,22009.0,21988.275682583153,20.724317416847043,20.724317416847043,429.4973323942297
2001-11-07 03:00:00,21953.0,22040.533262660763,-87.53326266076328,87.53326266076328,7662.072072038176
2001-11-07 04:00:00,22693.0,22531.683701748527,161.3162982514732,161.3162982514732,26022.948081558254
2001-11-07 05:00:00,24619.0,24481.401362825778,137.59863717422195,137.59863717422195,18933.384952203174
2001-11-07 06:00:00,28253.0,28270.539735829363,-17.539735829363053,17.539735829363053,307.642332963842
2001-11-07 07:00:00,29856.0,30421.4837277067,-565.4837277067018,565.4837277067018,319771.8463010672
2001-11-07 08:00:00,30062.0,30405.586839332227,-343.5868393322271,343.5868393322271,118051.91616230964
2001-11-07 09:00:00,30133.0,30437.644856053546,-304.6448560535464,304.6448560535464,92808.488319886
2001-11-07 10:00:00,30104.0,30200.13737345781,-96.13737345780828,96.13737345780828,9242.3945753661
2001-11-07 11:00:00,30071.0,29989.83780972836,81.1621902716397,81.1621902716397,6587.301129689847
2001-11-07 12:00:00,29721.0,29924.164210310417,-203.16421031041682,203.16421031041682,41275.696351055274
2001-11-07 13:00:00,29653.0,29478.41914033875,174.58085966125145,174.58085966125145,30478.476560061576
2001-11-07 14:00:00,29444.0,29456.323037554674,-12.323037554673647,12.323037554673647,151.85725457389705
2001-11-07 15:00:00,29248.0,29268.933250606064,-20.933250606063666,20.933250606063666,438.20098093626484
2001-11-07 16:00:00,29692.0,29967.791973628202,-275.79197362820196,275.79197362820196,76061.21271773885
2001-11-07 17:00:00,32360.0,31422.26655118739,937.7334488126107,937.7334488126107,879344.0210219932
2001-11-07 18:00:00,32444.0,32556.759032713886,-112.75903271388597,112.75903271388597,12714.599458571207
2001-11-07 19:00:00,31501.0,31916.123713427027,-415.1237134270268,415.1237134270268,172327.69744944427
2001-11-07 20:00:00,30560.0,30985.777811029842,-425.77781102984227,425.77781102984227,181286.74436536408
2001-11-07 21:00:00,28887.0,29233.823393863055,-346.82339386305466,346.82339386305466,120286.46653068754
2001-11-07 22:00:00,26197.0,26575.047690714327,-378.0476907143275,378.0476907143275,142920.0564544358
2001-11-07 23:00:00,23759.0,24092.117767939595,-333.11776793959507,333.11776793959507,110967.44731705791
2001-11-08 00:00:00,22478.0,22037.051328704252,440.9486712957478,440.9486712957478,194435.73071748542
2001-11-08 01:00:00,21558.0,21544.158251781435,13.841748218565044,13.841748218565044,191.59399374614858
2001-11-08 02:00:00,21251.0,21179.385591717604,71.61440828239574,71.61440828239574,5128.623473637672
2001-11-08 03:00:00,21187.0,21188.49343342184,-1.4934334218414733,1.4934334218414733,2.230343385473132
2001-11-08 04:00:00,21500.0,21721.28638727906,-221.28638727905854,221.28638727905854,48967.665195017486
2001-11-08 05:00:00,24184.0,23511.578730564186,672.4212694358139,672.4212694358139,452150.3635896714
2001-11-08 06:00:00,27953.0,27689.45036172028,263.54963827972097,263.54963827972097,69458.41183737176
2001-11-08 07:00:00,29668.0,30101.7178864732,-433.71788647320136,433.71788647320136,188111.2050467808
2001-11-08 08:00:00,29958.0,29990.442364433806,-32.44236443380578,32.44236443380578,1052.5070100558662
2001-11-08 09:00:00,30035.0,30128.85595935635,-93.85595935635138,93.85595935635138,8808.941106701082
2001-11-08 10:00:00,30101.0,30144.56766679641,-43.567666796410776,43.567666796410776,1898.141590083074
2001-11-08 11:00:00,29935.0,30033.808408523688,-98.80840852368783,98.80840852368783,9763.101594983986
2001-11-08 12:00:00,29670.0,29703.375822522292,-33.375822522291855,33.375822522291855,1113.9455290395242
2001-11-08 13:00:00,29627.0,29477.25006978001,149.74993021999035,149.74993021999035,22425.04160089198
2001-11-08 14:00:00,29294.0,29453.163785532743,-159.16378553274262,159.16378553274262,25333.11062511289
2001-11-08 15:00:00,29023.0,29141.96850704745,-118.96850704745157,118.96850704745157,14153.505669099533
2001-11-08 16:00:00,29615.0,29673.406901900624,-58.40690190062378,58.40690190062378,3411.3661896290896
2001-11-08 17:00:00,32205.0,31693.45415867611,511.54584132388845,511.54584132388845,261679.14777576487
2001-11-08 18:00:00,32397.0,32161.715503940533,235.28449605946662,235.28449605946662,55358.79408595716
2001-11-08 19:00:00,31582.0,31875.018795888373,-293.01879588837255,293.01879588837255,85860.01474387174
2001-11-08 20:00:00,30452.0,30915.53721273303,-463.5372127330302,463.5372127330302,214866.74758830646
2001-11-08 21:00:00,28715.0,29087.627934119108,-372.6279341191075,372.6279341191075,138851.57728587394
2001-11-08 22:00:00,26304.0,26308.652678939925,-4.652678939924954,4.652678939924954,21.64742131802119
2001-11-08 23:00:00,23894.0,24053.719072870277,-159.71907287027716,159.71907287027716,25510.182238540907
2001-11-09 00:00:00,21987.0,22031.83086178,-44.830861779999395,44.830861779999395,2009.8061679374105
2001-11-09 01:00:00,21235.0,21071.792842743187,163.20715725681293,163.20715725681293,26636.576179850068
2001-11-09 02:00:00,20792.0,20784.404842678712,7.595157321287843,7.595157321287843,57.68641473511232
2001-11-09 03:00:00,20705.0,20604.875832238165,100.12416776183454,100.12416776183454,10024.848969999988
2001-11-09 04:00:00,21400.0,21147.41942224888,252.58057775111956,252.58057775111956,63796.94825708935
2001-11-09 05:00:00,23297.0,23429.748055094107,-132.74805509410726,132.74805509410726,17622.046131268136
2001-11-09 06:00:00,26928.0,27025.242066917974,-97.24206691797372,97.24206691797372,9456.019578479678
2001-11-09 07:00:00,28807.0,29182.730526169362,-375.73052616936184,375.73052616936184,141173.4282955055
2001-11-09 08:00:00,29560.0,29393.360204621757,166.63979537824343,166.63979537824343,27768.82140370284
2001-11-09 09:00:00,29891.0,29884.692002001728,6.307997998272185,6.307997998272185,39.79083874620589
2001-11-09 10:00:00,30041.0,30089.429721977984,-48.42972197798372,48.42972197798372,2345.4379708647994
2001-11-09 11:00:00,29898.0,30088.78302167819,-190.7830216781913,190.7830216781913,36398.16136066121
2001-11-09 12:00:00,29387.0,29665.14572480892,-278.14572480892093,278.14572480892093,77365.04422947997
2001-11-09 13:00:00,29404.0,29200.91856415958,203.08143584042045,203.08143584042045,41242.06958300681
2001-11-09 14:00:00,28761.0,29190.20713847203,-429.2071384720293,429.2071384720293,184218.76771534776
2001-11-09 15:00:00,28611.0,28621.472678609756,-10.472678609756258,10.472678609756258,109.67699726324626
2001-11-09 16:00:00,29608.0,29370.091835309788,237.9081646902123,237.9081646902123,56600.29482626517
2001-11-09 17:00:00,32244.0,31959.23887537094,284.76112462906167,284.76112462906167,81088.898100008
2001-11-09 18:00:00,32200.0,32064.4683806058,135.5316193942017,135.5316193942017,18368.81985561475
2001-11-09 19:00:00,31419.0,31549.35891456636,-130.3589145663609,130.3589145663609,16993.44660691978
2001-11-09 20:00:00,30539.0,30873.996227612035,-334.996227612035,334.996227612035,112222.47251429436
2001-11-09 21:00:00,29288.0,29067.585507736225,220.41449226377517,220.41449226377517,48582.54839989781
2001-11-09 22:00:00,27430.0,27094.885139890433,335.1148601095665,335.1148601095665,112301.96946625433
2001-11-09 23:00:00,25424.0,24882.991232278517,541.0087677214833,541.0087677214833,292690.48675151786
2001-11-10 00:00:00,23871.0,23531.3051436074,339.69485639260165,339.69485639260165,115392.59545959026
2001-11-10 01:00:00,23010.0,22614.827209348015,395.17279065198454,395.17279065198454,156161.5344716772
2001-11-10 02:00:00,22571.0,22466.99927289276,104.00072710723907,104.00072710723907,10816.151238834413
2001-11-10 03:00:00,22457.0,22415.274677768335,41.725322231664904,41.725322231664904,1741.0025153362694
2001-11-10 04:00:00,22569.0,22809.077062874057,-240.07706287405745,240.07706287405745,57636.996118234136
2001-11-10 05:00:00,23569.0,23494.759142411473,74.24085758852743,74.24085758852743,5511.704935480011
2001-11-10 06:00:00,24713.0,24474.28587810457,238.71412189543116,238.71412189543116,56984.43199230677
2001-11-10 07:00:00,25891.0,25888.24951659865,2.7504834013489017,2.7504834013489017,7.565158941095824
2001-11-10 08:00:00,27488.0,27273.462205797005,214.53779420299543,214.53779420299543,46026.46514148682
2001-11-10 09:00:00,27960.0,28307.38644488178,-347.38644488178033,347.38644488178033,120677.34208760221
2001-11-10 10:00:00,27644.0,28069.335546780632,-425.3355467806323,425.3355467806323,180910.32735517944
2001-11-10 11:00:00,27161.0,27255.875882857137,-94.87588285713719,94.87588285713719,9001.433147921218
2001-11-10 12:00:00,26424.0,26741.449372943272,-317.44937294327246,317.44937294327246,100774.10438207688
2001-11-10 13:00:00,25721.0,25913.927409777843,-192.92740977784342,192.92740977784342,37220.98544358792
2001-11-10 14:00:00,25114.0,25297.101646170602,-183.10164617060218,183.10164617060218,33526.21283038439
2001-11-10 15:00:00,24926.0,25041.00177051061,-115.0017705106111,115.0017705106111,13225.40722057526
2001-11-10 16:00:00,25814.0,25883.03908832166,-69.03908832166053,69.03908832166053,4766.395716286043
2001-11-10 17:00:00,28560.0,28060.640177514142,499.3598224858579,499.3598224858579,249360.2323131075
2001-11-10 18:00:00,28718.0,29324.261692388518,-606.261692388518,606.261692388518,367553.23965779
2001-11-10 19:00:00,28051.0,28441.96338308546,-390.9633830854582,390.9633830854582,152852.36691362673
2001-11-10 20:00:00,27102.0,27764.84906703233,-662.8490670323299,662.8490670323299,439368.88566563017
2001-11-10 21:00:00,25965.0,26438.7100643676,-473.71006436759853,473.71006436759853,224401.22508315434
2001-11-10 22:00:00,24574.0,24750.18406002582,-176.18406002581833,176.18406002581833,31040.823007181156
2001-11-10 23:00:00,22862.0,23064.369447074794,-202.36944707479415,202.36944707479415,40953.39310935791
2001-11-11 00:00:00,21431.0,21843.332142558014,-412.3321425580143,412.3321425580143,170017.79578648263
2001-11-11 01:00:00,20493.0,20692.665775987018,-199.6657759870177,199.6657759870177,39866.42210049793
2001-11-11 02:00:00,19896.0,20094.44511184539,-198.44511184539078,198.44511184539078,39380.46241532966
2001-11-11 03:00:00,19674.0,19737.936471591333,-63.93647159133252,63.93647159133252,4087.8723995492705
2001-11-11 04:00:00,19675.0,19761.63198892941,-86.63198892941,86.63198892941,7505.101505865417
2001-11-11 05:00:00,20280.0,20199.436599600936,80.56340039906354,80.56340039906354,6490.461483859831
2001-11-11 06:00:00,21111.0,21022.329121089653,88.6708789103468,88.6708789103468,7862.524766733385
2001-11-11 07:00:00,21889.0,22301.945687587428,-412.9456875874275,412.9456875874275,170524.1408970533
2001-11-11 08:00:00,23341.0,23635.953203359844,-294.95320335984434,294.95320335984434,86997.3921722337
2001-11-11 09:00:00,24614.0,24576.646570735815,37.35342926418525,37.35342926418525,1395.2786777944912
2001-11-11 10:00:00,24900.0,25144.161723541616,-244.16172354161608,244.16172354161608,59614.94724281256
2001-11-11 11:00:00,24954.0,24948.408684688777,5.591315311223298,5.591315311223298,31.26280690952008
2001-11-11 12:00:00,24786.0,24852.64235467988,-66.64235467987965,66.64235467987965,4441.203437278877
2001-11-11 13:00:00,24574.0,24585.996329557405,-11.99632955740526,11.99632955740526,143.9119228498751
2001-11-11 14:00:00,24578.0,24339.94585242789,238.0541475721111,238.0541475721111,56669.77717628445
2001-11-11 15:00:00,24433.0,24587.70912242661,-154.70912242661143,154.70912242661143,23934.912562012243
2001-11-11 16:00:00,25483.0,25412.387605803422,70.61239419657795,70.61239419657795,4986.110214172915
2001-11-11 17:00:00,28620.0,28046.28832891701,573.7116710829905,573.7116710829905,329145.0815368375
2001-11-11 18:00:00,29376.0,29071.921288001075,304.0787119989254,304.0787119989254,92463.86309092543
2001-11-11 19:00:00,28993.0,29239.515555669608,-246.51555566960815,246.51555566960815,60769.91918709567
2001-11-11 20:00:00,28643.0,28523.587193871597,119.41280612840274,119.41280612840274,14259.418267459498
2001-11-11 21:00:00,27662.0,27378.918460537232,283.081539462768,283.081539462768,80135.15798461066
2001-11-11 22:00:00,25918.0,25829.499331928215,88.50066807178519,88.50066807178519,7832.368249152298
2001-11-11 23:00:00,24339.0,24198.650009479556,140.3499905204444,140.3499905204444,19698.119839088835
2001-11-12 00:00:00,23093.0,22625.6924026523,467.3075973476989,467.3075973476989,218376.3905388791
2001-11-12 01:00:00,22707.0,22016.843916500286,690.1560834997144,690.1560834997144,476315.4195916648
2001-11-12 02:00:00,22656.0,22279.911698808497,376.088301191503,376.088301191503,141442.41029311065
2001-11-12 03:00:00,22574.0,22526.50507758403,47.494922415971814,47.494922415971814,2255.767655299182
2001-11-12 04:00:00,23418.0,23111.838138755385,306.16186124461456,306.16186124461456,93735.08528076662
2001-11-12 05:00:00,25559.0,25237.893208047106,321.1067919528941,321.1067919528941,103109.57183827923
2001-11-12 06:00:00,29311.0,29235.038226782533,75.96177321746654,75.96177321746654,5770.190990341817
2001-11-12 07:00:00,31110.0,31271.093342027012,-161.0933420270121,161.0933420270121,25951.06484543191
2001-11-12 08:00:00,31696.0,31407.41449374024,288.5855062597584,288.5855062597584,83281.59442320105
2001-11-12 09:00:00,31395.0,31528.76453958317,-133.76453958317143,133.76453958317143,17892.952049897835
2001-11-12 10:00:00,31142.0,31086.603466726974,55.39653327302585,55.39653327302585,3068.7758986694603
2001-11-12 11:00:00,30790.0,30922.1680574683,-132.1680574683014,132.1680574683014,17468.395414944225
2001-11-12 12:00:00,30392.0,30518.759922104913,-126.75992210491313,126.75992210491313,16068.077852043645
2001-11-12 13:00:00,30023.0,30186.227240382923,-163.2272403829229,163.2272403829229,26643.132003024497
2001-11-12 14:00:00,29665.0,29709.11799801404,-44.117998014040495,44.117998014040495,1946.397748766881
2001-11-12 15:00:00,29537.0,29479.26301598341,57.736984016588394,57.736984016588394,3333.5593233317836
2001-11-12 16:00:00,30377.0,30050.761093344074,326.23890665592626,326.23890665592626,106431.82421605417
2001-11-12 17:00:00,33815.0,32780.44157583228,1034.5584241677207,1034.5584241677207,1070311.1330163975
2001-11-12 18:00:00,34011.0,33809.61115169356,201.38884830643656,201.38884830643656,40557.46822219292
2001-11-12 19:00:00,33355.0,33315.953162219506,39.04683778049366,39.04683778049366,1524.6555406561872
2001-11-12 20:00:00,32553.0,32459.19864983974,93.80135016026179,93.80135016026179,8798.693291888045
2001-11-12 21:00:00,30931.0,31072.12285991313,-141.1228599131282,141.1228599131282,19915.661590060405
2001-11-12 22:00:00,28635.0,28649.913554198134,-14.91355419813408,14.91355419813408,222.41409882068263
2001-11-12 23:00:00,26258.0,26322.242517621256,-64.24251762125641,64.24251762125641,4127.101070317441
2001-11-13 00:00:00,24704.0,24475.798677235853,228.20132276414733,228.20132276414733,52075.84371130655
2001-11-13 01:00:00,24106.0,23747.437435859472,358.5625641405277,358.5625641405277,128567.11240303003
2001-11-13 02:00:00,23877.0,23727.111784533263,149.88821546673717,149.88821546673717,22466.477135803027
2001-11-13 03:00:00,23995.0,23882.47417854092,112.52582145907945,112.52582145907945,12662.060495040625
2001-11-13 04:00:00,24784.0,24503.44279599219,280.5572040078114,280.5572040078114,78712.34472068069
2001-11-13 05:00:00,27665.0,26729.88997059922,935.1100294007811,935.1100294007811,874430.7670859296
2001-11-13 06:00:00,31716.0,31025.948739913783,690.0512600862166,690.0512600862166,476170.7415465754
2001-11-13 07:00:00,33260.0,32974.1165059565,285.8834940434972,285.8834940434972,81729.3721665183
2001-11-13 08:00:00,32966.0,33336.43638019789,-370.4363801978907,370.4363801978907,137223.11177411623
2001-11-13 09:00:00,32037.0,32724.560878876066,-687.5608788760655,687.5608788760655,472739.96216082765
2001-11-13 10:00:00,31321.0,31703.21463704962,-382.21463704961934,382.21463704961934,146088.02877497225
2001-11-13 11:00:00,30661.0,30873.45319983512,-212.45319983511945,212.45319983511945,45136.3621201812
2001-11-13 12:00:00,30227.0,30378.84787069589,-151.84787069588856,151.84787069588856,23057.77583487529
2001-11-13 13:00:00,29939.0,29966.19597012322,-27.195970123219013,27.195970123219013,739.6207909430211
2001-11-13 14:00:00,29425.0,29665.78170177629,-240.78170177629,240.78170177629,57975.82791028625
2001-11-13 15:00:00,29353.0,29281.97151076548,71.02848923451893,71.02848923451893,5045.046282938171
2001-11-13 16:00:00,30346.0,30085.953228022656,260.0467719773442,260.0467719773442,67624.32361583684
2001-11-13 17:00:00,33416.0,32594.783926195436,821.2160738045641,821.2160738045641,674395.8398749832
2001-11-13 18:00:00,33689.0,33612.617670775086,76.38232922491443,76.38232922491443,5834.260217823216
2001-11-13 19:00:00,33135.0,33212.34747372523,-77.3474737252327,77.3474737252327,5982.631691675563
2001-11-13 20:00:00,32337.0,32259.07014818092,77.9298518190808,77.9298518190808,6073.0618045438905
2001-11-13 21:00:00,30571.0,30871.904204945226,-300.9042049452255,300.9042049452255,90543.34055371827
2001-11-13 22:00:00,28115.0,28253.627007048075,-138.62700704807503,138.62700704807503,19217.447083107043
2001-11-13 23:00:00,25858.0,25839.016381270947,18.983618729052978,18.983618729052978,360.377780050051
2001-11-14 00:00:00,24200.0,24250.186123255146,-50.1861232551455,50.1861232551455,2518.6469673806564
2001-11-14 01:00:00,23484.0,23299.549793587044,184.4502064129556,184.4502064129556,34021.87864578192
2001-11-14 02:00:00,23217.0,23190.133542353113,26.866457646887284,26.866457646887284,721.8065464919882
2001-11-14 03:00:00,23317.0,23185.36491606041,131.6350839395891,131.6350839395891,17327.795323782666
2001-11-14 04:00:00,24073.0,23866.002640181283,206.9973598187171,206.9973598187171,42847.90697191943
2001-11-14 05:00:00,26672.0,26103.661959862973,568.3380401370268,568.3380401370268,323008.12786679674
2001-11-14 06:00:00,30653.0,29966.178908009962,686.8210919900375,686.8210919900375,471723.2124023876
2001-11-14 07:00:00,32457.0,32191.004445008683,265.9955549913175,265.9955549913175,70753.635275139
2001-11-14 08:00:00,32266.0,32506.3851712627,-240.38517126270017,240.38517126270017,57785.030562997694
2001-11-14 09:00:00,31713.0,32046.44110679972,-333.4411067997207,333.4411067997207,111182.97170382277
2001-11-14 10:00:00,31412.0,31336.77367773841,75.22632226159112,75.22632226159112,5658.99956100476
2001-11-14 11:00:00,30910.0,31127.709982954108,-217.70998295410755,217.70998295410755,47397.636677877796
2001-11-14 12:00:00,30293.0,30547.106567670722,-254.10656767072214,254.10656767072214,64570.14773339529
2001-11-14 13:00:00,30005.0,30021.256440183985,-16.256440183984523,16.256440183984523,264.27184745546674
2001-11-14 14:00:00,29552.0,29710.061365992693,-158.06136599269303,158.06136599269303,24983.395419476055
2001-11-14 15:00:00,29662.0,29472.280010274477,189.7199897255232,189.7199897255232,35993.674501452624
2001-11-14 16:00:00,30591.0,30463.54202849356,127.45797150643921,127.45797150643921,16245.534500536269
2001-11-14 17:00:00,33359.0,32926.65151918451,432.3484808154899,432.3484808154899,186925.20886346203
2001-11-14 18:00:00,33452.0,33428.28202088136,23.71797911864269,23.71797911864269,562.5425334723706
2001-11-14 19:00:00,32632.0,32970.961538198506,-338.9615381985059,338.9615381985059,114894.92437789716
2001-11-14 20:00:00,31968.0,31844.417892147536,123.5821078524641,123.5821078524641,15272.537381258071
2001-11-14 21:00:00,30382.0,30684.7794647984,-302.779464798401,302.779464798401,91675.40430360616
2001-11-14 22:00:00,27927.0,27897.073342859818,29.926657140182215,29.926657140182215,895.6048075860191
2001-11-14 23:00:00,25466.0,25604.196247299282,-138.19624729928182,138.19624729928182,19098.20276760426
2001-11-15 00:00:00,23828.0,23896.310343809986,-68.31034380998608,68.31034380998608,4666.303071438503
2001-11-15 01:00:00,23068.0,22964.866092680262,103.13390731973777,103.13390731973777,10636.60283903626
2001-11-15 02:00:00,22697.0,22821.462351593127,-124.4623515931271,124.4623515931271,15490.876964091187
2001-11-15 03:00:00,22617.0,22622.08080728307,-5.080807283069589,5.080807283069589,25.81460264769298
2001-11-15 04:00:00,23230.0,23323.10393709222,-93.10393709221898,93.10393709221898,8668.34310207187
2001-11-15 05:00:00,25209.0,25180.6072914023,28.39270859770113,28.39270859770113,806.1459015139717
2001-11-15 06:00:00,29218.0,28904.16673047528,313.83326952471907,313.83326952471907,98491.32106057496
2001-11-15 07:00:00,31094.0,31314.02418843621,-220.02418843621126,220.02418843621126,48410.6434970134
2001-11-15 08:00:00,31252.0,31342.185966717225,-90.1859667172248,90.1859667172248,8133.50859272038
2001-11-15 09:00:00,30925.0,31181.564889475987,-256.564889475987,256.564889475987,65825.54251182542
2001-11-15 10:00:00,30790.0,30728.433481379765,61.566518620235,61.566518620235,3790.436215015743
2001-11-15 11:00:00,30819.0,30533.761234181326,285.23876581867444,285.23876581867444,81361.1535257606
2001-11-15 12:00:00,30562.0,30596.994189264027,-34.99418926402723,34.99418926402723,1224.5932822465584
2001-11-15 13:00:00,30539.0,30345.944221867103,193.0557781328971,193.0557781328971,37270.53347049839
2001-11-15 14:00:00,30187.0,30363.534827013937,-176.5348270139366,176.5348270139366,31164.545148840516
2001-11-15 15:00:00,29966.0,30073.54911980243,-107.54911980242832,107.54911980242832,11566.81317027708
2001-11-15 16:00:00,30747.0,30495.76543223893,251.23456776106832,251.23456776106832,63118.80803809083
2001-11-15 17:00:00,33382.0,32616.622860345167,765.3771396548327,765.3771396548327,585802.1659062133
2001-11-15 18:00:00,33198.0,33325.43852148016,-127.43852148015867,127.43852148015867,16240.576757048862
2001-11-15 19:00:00,32394.0,32563.36552679538,-169.36552679538,169.36552679538,28684.681666676577
2001-11-15 20:00:00,31446.0,31625.7305081614,-179.73050816139948,179.73050816139948,32303.055563954887
2001-11-15 21:00:00,29697.0,29888.045999769703,-191.04599976970349,191.04599976970349,36498.57402800555
2001-11-15 22:00:00,27145.0,27279.752910172097,-134.75291017209747,134.75291017209747,18158.34679984937
2001-11-15 23:00:00,24905.0,24832.60683137411,72.39316862589112,72.39316862589112,5240.770863696706
2001-11-16 00:00:00,23128.0,23210.994104581932,-82.99410458193233,82.99410458193233,6888.021395356722
2001-11-16 01:00:00,22164.0,22230.806329410876,-66.80632941087606,66.80632941087606,4463.085649354483
2001-11-16 02:00:00,21830.0,21710.614229728442,119.3857702715577,119.3857702715577,14252.96214333315
2001-11-16 03:00:00,21724.0,21721.787701738853,2.2122982611472253,2.2122982611472253,4.894263596275037
2001-11-16 04:00:00,22205.0,22184.549461610146,20.450538389854046,20.450538389854046,418.2245204348941
2001-11-16 05:00:00,24147.0,24010.336435365152,136.66356463484772,136.66356463484772,18676.929898703198
2001-11-16 06:00:00,27994.0,27952.023847838085,41.9761521619148,41.9761521619148,1761.9973503202243
2001-11-16 07:00:00,29556.0,30335.642192487187,-779.6421924871865,779.6421924871865,607841.9483062272
2001-11-16 08:00:00,29731.0,30236.463477090947,-505.463477090947,505.463477090947,255493.3266728703
2001-11-16 09:00:00,29809.0,30024.143622790158,-215.14362279015768,215.14362279015768,46286.77842727365
2001-11-16 10:00:00,29849.0,29852.093368020604,-3.0933680206035206,3.0933680206035206,9.568925710892543
2001-11-16 11:00:00,29912.0,29703.255125919786,208.74487408021378,208.74487408021378,43574.4224547643
2001-11-16 12:00:00,29723.0,29743.42896132445,-20.42896132445094,20.42896132445094,417.34246079591225
2001-11-16 13:00:00,29656.0,29502.614498273542,153.38550172645773,153.38550172645773,23527.11213987717
2001-11-16 14:00:00,29337.0,29467.8425108901,-130.84251089009922,130.84251089009922,17119.762656025734
2001-11-16 15:00:00,28876.0,29165.478784265957,-289.4787842659571,289.4787842659571,83797.96654009652
2001-11-16 16:00:00,29350.0,29722.033844558406,-372.0338445584057,372.0338445584057,138409.18149690796
2001-11-16 17:00:00,31655.0,30963.27747295283,691.7225270471718,691.7225270471718,478480.05442452524
2001-11-16 18:00:00,31658.0,31859.35191957787,-201.35191957787174,201.35191957787174,40542.59551769373
2001-11-16 19:00:00,30709.0,31203.912369424983,-494.9123694249829,494.9123694249829,244938.25340985076
2001-11-16 20:00:00,29608.0,29957.83579841583,-349.8357984158283,349.8357984158283,122385.08585324007
2001-11-16 21:00:00,28283.0,28232.471778385294,50.528221614706126,50.528221614706126,2553.1011795448553
2001-11-16 22:00:00,26165.0,26312.454999136517,-147.45499913651656,147.45499913651656,21742.9767703501
2001-11-16 23:00:00,24139.0,24119.78599476625,19.21400523374905,19.21400523374905,369.1779971225358
2001-11-17 00:00:00,22423.0,22345.16413266019,77.83586733981065,77.83586733981065,6058.422244540602
2001-11-17 01:00:00,21105.0,21372.29651584063,-267.2965158406296,267.2965158406296,71447.42738053994
2001-11-17 02:00:00,20583.0,20664.4303269814,-81.43032698140087,81.43032698140087,6630.898152297862
2001-11-17 03:00:00,20412.0,20352.37979898212,59.62020101787857,59.62020101787857,3554.568369412249
2001-11-17 04:00:00,20598.0,20522.520864449434,75.47913555056584,75.47913555056584,5697.099903460692
2001-11-17 05:00:00,21500.0,21290.959322134222,209.04067786577798,209.04067786577798,43698.00500258396
2001-11-17 06:00:00,22830.0,22623.15402222777,206.84597777223098,206.84597777223098,42785.25852055028
2001-11-17 07:00:00,24228.0,24041.89091546055,186.10908453945012,186.10908453945012,34636.59134811219
2001-11-17 08:00:00,26084.0,25764.525466185718,319.47453381428204,319.47453381428204,102063.97775585284
2001-11-17 09:00:00,26814.0,27276.83528229404,-462.83528229403964,462.83528229403964,214216.49853620338
2001-11-17 10:00:00,27117.0,27003.259866955665,113.74013304433538,113.74013304433538,12936.817864943114
2001-11-17 11:00:00,26510.0,26907.943387546682,-397.94338754668206,397.94338754668206,158358.9396921288
2001-11-17 12:00:00,25805.0,26088.835747045207,-283.8357470452065,283.8357470452065,80562.73130071045
2001-11-17 13:00:00,25213.0,25236.356934759828,-23.35693475982771,23.35693475982771,545.5464013748478
2001-11-17 14:00:00,24627.0,24790.47124351994,-163.4712435199399,163.4712435199399,26722.84745795549
2001-11-17 15:00:00,24481.0,24506.39966657629,-25.399666576289746,25.399666576289746,645.1430621866905
2001-11-17 16:00:00,25787.0,25163.289188576233,623.7108114237672,623.7108114237672,389015.176286894
2001-11-17 17:00:00,28993.0,28113.524122379004,879.4758776209965,879.4758776209965,773477.819317222
2001-11-17 18:00:00,29293.0,29251.136547501992,41.86345249800797,41.86345249800797,1752.54865505297
2001-11-17 19:00:00,28783.0,28966.134653204073,-183.1346532040734,183.1346532040734,33538.301204176234
2001-11-17 20:00:00,28221.0,28212.508843714615,8.491156285384932,8.491156285384932,72.09973506283204
2001-11-17 21:00:00,27216.0,27099.43229215081,116.5677078491899,116.5677078491899,13588.03051321409
2001-11-17 22:00:00,25969.0,25571.65486357469,397.34513642530874,397.34513642530874,157883.15744084722
2001-11-17 23:00:00,24274.0,24237.921085991627,36.07891400837252,36.07891400837252,1301.6880360235389
2001-11-18 00:00:00,22853.0,22531.264005891986,321.735994108014,321.735994108014,103514.049904672
2001-11-18 01:00:00,22130.0,21663.09009723555,466.90990276445154,466.90990276445154,218004.8572995096
2001-11-18 02:00:00,21762.0,21766.75711408344,-4.757114083440683,4.757114083440683,22.630134402869693
2001-11-18 03:00:00,21679.0,21599.0820497749,79.91795022509905,79.91795022509905,6386.878768181409
2001-11-18 04:00:00,21889.0,21800.491380469062,88.50861953093772,88.50861953093772,7833.775731272291
2001-11-18 05:00:00,22484.0,22489.345472964116,-5.3454729641161975,5.3454729641161975,28.57408121009721
2001-11-18 06:00:00,23286.0,23292.907301932835,-6.907301932835253,6.907301932835253,47.710819991349624
2001-11-18 07:00:00,23988.0,24096.11907454574,-108.11907454573884,108.11907454573884,11689.734280627032
2001-11-18 08:00:00,25363.0,25133.20054844048,229.7994515595201,229.7994515595201,52807.78793705622
2001-11-18 09:00:00,26092.0,25935.232720458076,156.76727954192393,156.76727954192393,24575.97993497572
2001-11-18 10:00:00,26028.0,26412.937181355108,-384.9371813551079,384.9371813551079,148176.63358961523
2001-11-18 11:00:00,25787.0,25897.66538245003,-110.66538245003176,110.66538245003176,12246.826872811796
2001-11-18 12:00:00,25565.0,25564.938183509104,0.0618164908955805,0.0618164908955805,0.003821278546643387
2001-11-18 13:00:00,25159.0,25367.92813659322,-208.92813659321837,208.92813659321837,43650.96626031451
2001-11-18 14:00:00,24756.0,24960.93238026842,-204.93238026841937,204.93238026841937,41997.28048248004
2001-11-18 15:00:00,24774.0,24769.671182368063,4.328817631936545,4.328817631936545,18.738662090564716
2001-11-18 16:00:00,26181.0,25374.211997574494,806.7880024255064,806.7880024255064,650906.8808577389
2001-11-18 17:00:00,29386.0,28170.350904388368,1215.6490956116322,1215.6490956116322,1477802.7236613794
2001-11-18 18:00:00,29859.0,29785.08743675207,73.91256324792994,73.91256324792994,5463.067005879244
2001-11-18 19:00:00,29511.0,29669.921094447145,-158.92109444714515,158.92109444714515,25255.91426027843
2001-11-18 20:00:00,28974.0,29091.51549778784,-117.51549778784101,117.51549778784101,13809.892220324065
2001-11-18 21:00:00,27829.0,27903.700601856402,-74.7006018564025,74.7006018564025,5580.179917708764
2001-11-18 22:00:00,26014.0,26131.48652911193,-117.4865291119313,117.4865291119313,13803.084522768682
2001-11-18 23:00:00,24084.0,24243.167142794206,-159.16714279420557,159.16714279420557,25334.179345271026
2001-11-19 00:00:00,22808.0,22682.415234141616,125.58476585838434,125.58476585838434,15771.533415705218
2001-11-19 01:00:00,22228.0,22106.804383980252,121.19561601974783,121.19561601974783,14688.377342406156
2001-11-19 02:00:00,22096.0,22109.35885979556,-13.35885979556042,13.35885979556042,178.45913503744057
2001-11-19 03:00:00,22211.0,22283.737649237228,-72.73764923722774,72.73764923722774,5290.765616557977
2001-11-19 04:00:00,23069.0,22857.58893310904,211.41106689095977,211.41106689095977,44694.63920397387
2001-11-19 05:00:00,25005.0,25116.807889695378,-111.80788969537753,111.80788969537753,12501.004198133707
2001-11-19 06:00:00,28866.0,28991.568136043963,-125.56813604396302,125.56813604396302,15767.356789555206
2001-11-19 07:00:00,31001.0,31251.29085371296,-250.29085371295878,250.29085371295878,62645.51145236173
2001-11-19 08:00:00,31386.0,31381.84511140397,4.1548885960291955,4.1548885960291955,17.26309924541346
2001-11-19 09:00:00,31156.0,31374.39854546531,-218.39854546530842,218.39854546530842,47697.92466136239
2001-11-19 10:00:00,31053.0,31148.70236836377,-95.7023683637708,95.7023683637708,9158.94331043488
2001-11-19 11:00:00,30716.0,30835.64181090301,-119.64181090300917,119.64181090300917,14314.162916151405
2001-11-19 12:00:00,30125.0,30440.35194764384,-315.3519476438414,315.3519476438414,99446.85088276409
2001-11-19 13:00:00,29973.0,29954.41985766713,18.58014233287031,18.58014233287031,345.22168910971936
2001-11-19 14:00:00,29770.0,29685.971939829884,84.02806017011608,84.02806017011608,7060.714895952648
2001-11-19 15:00:00,29500.0,29678.731253317328,-178.73125331732808,178.73125331732808,31944.8609123829
2001-11-19 16:00:00,30036.0,29989.120633897885,46.879366102115455,46.879366102115455,2197.6749661361714
2001-11-19 17:00:00,32499.0,31992.901602157617,506.09839784238284,506.09839784238284,256135.58829862683
2001-11-19 18:00:00,32738.0,32939.847280159345,-201.84728015934525,201.84728015934525,40742.32450772521
2001-11-19 19:00:00,32615.0,32409.38575772951,205.61424227049065,205.61424227049065,42277.21662446803
2001-11-19 20:00:00,31824.0,31943.651835615234,-119.65183561523372,119.65183561523372,14316.561766094914
2001-11-19 21:00:00,30098.0,30340.07052128409,-242.07052128409123,242.07052128409123,58598.137274751665
2001-11-19 22:00:00,27463.0,27615.13238796572,-152.13238796572114,152.13238796572114,23144.263468152694
2001-11-19 23:00:00,24830.0,25061.102688672127,-231.10268867212653,231.10268867212653,53408.45271148584
2001-11-20 00:00:00,22953.0,23209.77854786847,-256.7785478684709,256.7785478684709,65935.22264544062
2001-11-20 01:00:00,21969.0,22066.866957343515,-97.86695734351451,97.86695734351451,9577.941339677289
2001-11-20 02:00:00,21563.0,21584.301267494295,-21.301267494294734,21.301267494294734,453.74399686349744
2001-11-20 03:00:00,21471.0,21414.317172915464,56.68282708453626,56.68282708453626,3212.942886295437
2001-11-20 04:00:00,22182.0,21860.943607808,321.0563921920002,321.0563921920002,103077.20696734345
2001-11-20 05:00:00,24225.0,23992.466941777373,232.533058222627,232.533058222627,54071.62316636764
2001-11-20 06:00:00,28108.0,28012.208778571232,95.79122142876804,95.79122142876804,9175.95810281527
2001-11-20 07:00:00,30431.0,30358.828450585443,72.17154941455738,72.17154941455738,5208.732544897897
2001-11-20 08:00:00,30967.0,30750.311383236498,216.68861676350207,216.68861676350207,46953.95663487987
2001-11-20 09:00:00,31255.0,30994.665385205783,260.3346147942175,260.3346147942175,67774.1116600536
2001-11-20 10:00:00,31331.0,31264.82817805047,66.17182194953057,66.17182194953057,4378.710020120376
2001-11-20 11:00:00,31202.0,31036.4347224508,165.5652775492017,165.5652775492017,27411.861129944195
2001-11-20 12:00:00,30895.0,30993.226182343296,-98.22618234329639,98.22618234329639,9648.382897738511
2001-11-20 13:00:00,30761.0,30694.78692542123,66.21307457876901,66.21307457876901,4384.171245173627
2001-11-20 14:00:00,30480.0,30599.287958540976,-119.28795854097552,119.28795854097552,14229.617052873495
2001-11-20 15:00:00,30609.0,30324.14972018818,284.85027981182066,284.85027981182066,81139.68190887252
2001-11-20 16:00:00,31743.0,31129.21067465493,613.7893253450711,613.7893253450711,376737.3359075576
2001-11-20 17:00:00,34840.0,33515.04181896758,1324.9581810324235,1324.9581810324235,1755514.1814847481
2001-11-20 18:00:00,34848.0,34761.7372411189,86.26275888110104,86.26275888110104,7441.263569778976
2001-11-20 19:00:00,34191.0,34155.3051905317,35.69480946830299,35.69480946830299,1274.119422978453
2001-11-20 20:00:00,33615.0,33429.629455710376,185.37054428962438,185.37054428962438,34362.23869023159
2001-11-20 21:00:00,32435.0,32192.138324019088,242.86167598091197,242.86167598091197,58981.79366025747
2001-11-20 22:00:00,29753.0,29840.898031507117,-87.89803150711668,87.89803150711668,7726.063942826077
2001-11-20 23:00:00,27372.0,27005.65883690737,366.3411630926312,366.3411630926312,134205.8477760618
2001-11-21 00:00:00,25606.0,25181.901384375367,424.09861562463266,424.09861562463266,179859.63577472992
2001-11-21 01:00:00,24807.0,24480.599192662892,326.40080733710784,326.40080733710784,106537.4870303158
2001-11-21 02:00:00,24495.0,24280.16708191342,214.83291808658032,214.83291808658032,46153.18269359533
2001-11-21 03:00:00,24633.0,24358.664659312457,274.33534068754307,274.33534068754307,75259.87915015033
2001-11-21 04:00:00,25375.0,25210.35141670074,164.64858329925846,164.64858329925846,27109.155982452852
2001-11-21 05:00:00,27400.0,27457.58539133648,-57.585391336480825,57.585391336480825,3316.077295375641
2001-11-21 06:00:00,31198.0,30992.82464286572,205.1753571342815,205.1753571342815,42096.92717517996
2001-11-21 07:00:00,33049.0,33138.67685582887,-89.6768558288677,89.6768558288677,8041.938471351523
2001-11-21 08:00:00,33309.0,33288.294983689855,20.705016310144856,20.705016310144856,428.69770040336454
2001-11-21 09:00:00,32861.0,33066.83795142676,-205.83795142675808,205.83795142675808,42369.26224756442
2001-11-21 10:00:00,32480.0,32626.815003603824,-146.81500360382415,146.81500360382415,21554.645283190897
2001-11-21 11:00:00,32070.0,32020.821101680616,49.178898319383734,49.178898319383734,2418.564039908284
2001-11-21 12:00:00,31116.0,31661.431211082643,-545.4312110826431,545.4312110826431,297495.2060230788
2001-11-21 13:00:00,30722.0,30721.419417863704,0.5805821362955612,0.5805821362955612,0.33707561698551763
2001-11-21 14:00:00,30205.0,30401.488282776874,-196.48828277687426,196.48828277687426,38607.6452686049
2001-11-21 15:00:00,29940.0,30077.698981389647,-137.6989813896471,137.6989813896471,18961.009475746374
2001-11-21 16:00:00,30880.0,30829.020470234525,50.97952976547458,50.97952976547458,2598.912455108909
2001-11-21 17:00:00,33760.0,33366.14541478889,393.85458521111286,393.85458521111286,155121.43429181777
2001-11-21 18:00:00,33939.0,34284.308005048304,-345.30800504830404,345.30800504830404,119237.61835043957
2001-11-21 19:00:00,33213.0,33392.287557907846,-179.28755790784635,179.28755790784635,32144.028420559356
2001-11-21 20:00:00,32521.0,32533.70411854781,-12.70411854780832,12.70411854780832,161.3946280767674
2001-11-21 21:00:00,31178.0,31320.83382159448,-142.83382159447865,142.83382159447865,20401.500591283355
2001-11-21 22:00:00,29036.0,28946.984112648537,89.01588735146288,89.01588735146288,7923.828200968329
2001-11-21 23:00:00,26709.0,26596.014830961925,112.98516903807467,112.98516903807467,12765.648422562308
2001-11-22 00:00:00,24858.0,24895.036205871067,-37.03620587106707,37.03620587106707,1371.6805453240627
2001-11-22 01:00:00,23781.0,23867.03322883802,-86.03322883801957,86.03322883801957,7401.716464295042
2001-11-22 02:00:00,23260.0,23425.311032591646,-165.31103259164593,165.31103259164593,27327.73749651622
2001-11-22 03:00:00,23138.0,23177.660341071045,-39.66034107104497,39.66034107104497,1572.9426538716164
2001-11-22 04:00:00,23346.0,23661.898243034953,-315.89824303495334,315.89824303495334,99791.69995257045
2001-11-22 05:00:00,24009.0,25077.081337991243,-1068.0813379912433,1068.0813379912433,1140797.7445651647
2001-11-22 06:00:00,25067.0,27129.14985665875,-2062.1498566587507,2062.1498566587507,4252462.031317706
2001-11-22 07:00:00,25857.0,27982.082544659213,-2125.0825446592135,2125.0825446592135,4515975.821615278
2001-11-22 08:00:00,27008.0,28007.918816923364,-999.9188169233639,999.9188169233639,999837.6404374198
2001-11-22 09:00:00,27703.0,28558.229230098692,-855.2292300986919,855.2292300986919,731417.0360152014
2001-11-22 10:00:00,27867.0,28476.764609032616,-609.7646090326161,609.7646090326161,371812.8784286992
2001-11-22 11:00:00,27427.0,27955.15364189622,-528.1536418962205,528.1536418962205,278946.2694482411
2001-11-22 12:00:00,26487.0,27262.48772355429,-775.4877235542917,775.4877235542917,601381.2093834176
2001-11-22 13:00:00,25284.0,26118.631330654163,-834.6313306541633,834.6313306541633,696609.4581095394
2001-11-22 14:00:00,24235.0,25219.05785127677,-984.0578512767715,984.0578512767715,968369.8546594566
2001-11-22 15:00:00,23487.0,24474.40316773538,-987.4031677353814,987.4031677353814,974965.0156538658
2001-11-22 16:00:00,23734.0,24178.059488095223,-444.05948809522306,444.05948809522306,197188.82896739154
2001-11-22 17:00:00,25518.0,24781.175283793953,736.824716206047,736.824716206047,542910.6624121218
2001-11-22 18:00:00,25724.0,27632.751354648182,-1908.7513546481823,1908.7513546481823,3643331.733871271
2001-11-22 19:00:00,25817.0,27480.191678425617,-1663.1916784256173,1663.1916784256173,2766206.559184222
2001-11-22 20:00:00,25885.0,27196.74436414021,-1311.7443641402097,1311.7443641402097,1720673.2768536028
2001-11-22 21:00:00,25599.0,26238.59822588218,-639.5982258821787,639.5982258821787,409085.89055163047
2001-11-22 22:00:00,24654.0,24941.11119662097,-287.11119662096826,287.11119662096826,82432.83922512429
2001-11-22 23:00:00,23294.0,23511.057620016127,-217.05762001612675,217.05762001612675,47114.01040706527
2001-11-23 00:00:00,22051.0,22482.452677370846,-431.4526773708458,431.4526773708458,186151.41281047114
2001-11-23 01:00:00,21382.0,21526.836427461854,-144.83642746185433,144.83642746185433,20977.59071991299
2001-11-23 02:00:00,21285.0,21175.80807460336,109.19192539664073,109.19192539664073,11922.876571825554
2001-11-23 03:00:00,21373.0,21230.374180015922,142.62581998407768,142.62581998407768,20342.12452613053
2001-11-23 04:00:00,21936.0,22037.804807190052,-101.80480719005209,101.80480719005209,10364.218767003682
2001-11-23 05:00:00,23208.0,23724.125484321456,-516.1254843214556,516.1254843214556,266385.5155660571
2001-11-23 06:00:00,25138.0,25921.24006440248,-783.2400644024783,783.2400644024783,613464.9984851984
2001-11-23 07:00:00,26208.0,27607.67975939006,-1399.6797593900592,1399.6797593900592,1959103.428846214
2001-11-23 08:00:00,27303.0,27443.192560720207,-140.19256072020653,140.19256072020653,19653.954081288794
2001-11-23 09:00:00,27590.0,27836.02442483147,-246.02442483147024,246.02442483147024,60528.01761365575
2001-11-23 10:00:00,27383.0,27889.429373658695,-506.4293736586951,506.4293736586951,256470.71050433823
2001-11-23 11:00:00,27071.0,27197.96380709434,-126.96380709434015,126.96380709434015,16119.808311888819
2001-11-23 12:00:00,26506.0,26937.233764939814,-431.23376493981414,431.23376493981414,185962.56002416686
2001-11-23 13:00:00,26065.0,26227.50782466087,-162.5078246608682,162.5078246608682,26408.793076007485
2001-11-23 14:00:00,25535.0,26040.081441072856,-505.08144107285625,505.08144107285625,255107.26211623315
2001-11-23 15:00:00,25411.0,25682.191853516466,-271.1918535164659,271.1918535164659,73545.02141369632
2001-11-23 16:00:00,26577.0,25906.513902965362,670.4860970346381,670.4860970346381,449551.6063167421
2001-11-23 17:00:00,29655.0,27324.900898941225,2330.099101058775,2330.099101058775,5429361.820754911
2001-11-23 18:00:00,29591.0,29568.324136713138,22.675863286862295,22.675863286862295,514.1947758044693
2001-11-23 19:00:00,28912.0,29241.3008649966,-329.30086499659956,329.30086499659956,108439.05968750869
2001-11-23 20:00:00,28260.0,28682.77552003338,-422.7755200333813,422.7755200333813,178739.14033949602
2001-11-23 21:00:00,27101.0,27312.79836601537,-211.79836601536954,211.79836601536954,44858.54784678044
2001-11-23 22:00:00,25568.0,25375.952173798036,192.0478262019642,192.0478262019642,36882.36754889985
2001-11-23 23:00:00,23630.0,23672.23999082941,-42.23999082941009,42.23999082941009,1784.2168252686486
2001-11-24 00:00:00,22012.0,21913.992277350906,98.00772264909392,98.00772264909392,9605.513698861718
2001-11-24 01:00:00,21066.0,21179.09050517529,-113.09050517528885,113.09050517528885,12789.462360802036
2001-11-24 02:00:00,20506.0,20588.844370781975,-82.84437078197516,82.84437078197516,6863.18977026138
2001-11-24 03:00:00,20251.0,20305.455982697265,-54.455982697265426,54.455982697265426,2965.4540515248714
2001-11-24 04:00:00,20261.0,20327.789339810013,-66.78933981001319,66.78933981001319,4460.8159122574125
2001-11-24 05:00:00,20822.0,20948.37624655825,-126.3762465582513,126.3762465582513,15970.955694151922
2001-11-24 06:00:00,21841.0,21798.446629420458,42.55337057954239,42.55337057954239,1810.7893476798638
2001-11-24 07:00:00,22978.0,23000.197398514076,-22.197398514075758,22.197398514075758,492.72450079269265
2001-11-24 08:00:00,24906.0,24421.124967116455,484.8750328835449,484.8750328835449,235103.79751381878
2001-11-24 09:00:00,26440.0,25633.32785794951,806.672142050491,806.672142050491,650719.9447603275
2001-11-24 10:00:00,27000.0,26762.622157082333,237.3778429176673,237.3778429176673,56348.24030824473
2001-11-24 11:00:00,26950.0,26870.52886945613,79.47113054386864,79.47113054386864,6315.660589920611
2001-11-24 12:00:00,26495.0,26589.42709342806,-94.4270934280612,94.4270934280612,8916.475973271798
2001-11-24 13:00:00,25933.0,26064.419192939957,-131.4191929399567,131.4191929399567,17271.004272989565
2001-11-24 14:00:00,25409.0,25528.21738053006,-119.21738053005902,119.21738053005902,14212.783820448894
2001-11-24 15:00:00,25440.0,25295.510405982714,144.48959401728644,144.48959401728644,20877.242779280255
2001-11-24 16:00:00,26784.0,25916.027573761214,867.9724262387863,867.9724262387863,753376.1327108453
2001-11-24 17:00:00,28971.0,27857.303951371283,1113.696048628717,1113.696048628717,1240318.8887312177
2001-11-24 18:00:00,28737.0,29288.263081456284,-551.2630814562835,551.2630814562835,303890.9849766771
2001-11-24 19:00:00,28267.0,28305.52968061607,-38.52968061606953,38.52968061606953,1484.536288376324
2001-11-24 20:00:00,27502.0,27684.052211529117,-182.0522115291169,182.0522115291169,33143.007722642324
2001-11-24 21:00:00,26412.0,26545.10356312154,-133.1035631215418,133.1035631215418,17716.558515650264
2001-11-24 22:00:00,24868.0,24856.38844106734,11.611558932658227,11.611558932658227,134.82830084659506
2001-11-24 23:00:00,23055.0,23139.470944352764,-84.47094435276449,84.47094435276449,7135.340439847835
2001-11-25 00:00:00,21211.0,21421.57370227951,-210.57370227951105,210.57370227951105,44341.28409170016
2001-11-25 01:00:00,20033.0,20227.423061451034,-194.4230614510343,194.4230614510343,37800.32682399266
2001-11-25 02:00:00,19423.0,19626.970565198317,-203.97056519831676,203.97056519831676,41603.99146732079
2001-11-25 03:00:00,19084.0,19121.212153880246,-37.21215388024575,37.21215388024575,1384.744396407089
2001-11-25 04:00:00,19031.0,19023.45539199954,7.544608000458538,7.544608000458538,56.92110988058298
2001-11-25 05:00:00,19336.0,19367.320727015125,-31.320727015125158,31.320727015125158,980.9879407559908
2001-11-25 06:00:00,20051.0,20021.124456427617,29.87554357238332,29.87554357238332,892.5481037453744
2001-11-25 07:00:00,20775.0,20904.60266691388,-129.60266691388097,129.60266691388097,16796.851271190375
2001-11-25 08:00:00,22546.0,22490.89361663513,55.106383364869544,55.106383364869544,3036.713487555971
2001-11-25 09:00:00,23979.0,24089.74035240637,-110.74035240637022,110.74035240637022,12263.425651087067
2001-11-25 10:00:00,24796.0,24868.283594261717,-72.28359426171664,72.28359426171664,5224.917999392475
2001-11-25 11:00:00,25177.0,25090.22392692022,86.77607307978178,86.77607307978178,7530.086859147628
2001-11-25 12:00:00,25533.0,25228.6643749967,304.33562500329936,304.33562500329936,92620.17264614884
2001-11-25 13:00:00,25458.0,25406.02069990343,51.979300096569204,51.979300096569204,2701.8476385291992
2001-11-25 14:00:00,25318.0,25251.128991731493,66.87100826850656,66.87100826850656,4471.731746846673
2001-11-25 15:00:00,25653.0,25232.138338305802,420.8616616941981,420.8616616941981,177124.53828400167
2001-11-25 16:00:00,27417.0,26289.60152719422,1127.3984728057803,1127.3984728057803,1271027.316484806
2001-11-25 17:00:00,29368.0,28138.24214230261,1229.7578576973901,1229.7578576973901,1512304.3885684744
2001-11-25 18:00:00,29373.0,29689.248462224972,-316.2484622249722,316.2484622249722,100013.08985965965
2001-11-25 19:00:00,28740.0,29231.832570278988,-491.832570278988,491.832570278988,241899.27718723565
2001-11-25 20:00:00,27864.0,28284.16217756126,-420.16217756125843,420.16217756125843,176536.25545301847
2001-11-25 21:00:00,26493.0,27078.83660305381,-585.8366030538091,585.8366030538091,343204.52547762624
2001-11-25 22:00:00,24571.0,24828.361759155327,-257.3617591553266,257.3617591553266,66235.07507552432
2001-11-25 23:00:00,22333.0,22756.80411854938,-423.8041185493785,423.8041185493785,179609.93089941563
2001-11-26 00:00:00,20844.0,21085.339646996887,-241.3396469968866,241.3396469968866,58244.825212581825
2001-11-26 01:00:00,20019.0,19978.923242896162,40.076757103837735,40.076757103837735,1606.1464599600083
2001-11-26 02:00:00,19738.0,19780.220611354474,-42.220611354474386,42.220611354474386,1782.5800231455714
2001-11-26 03:00:00,19730.0,19632.356042233365,97.64395776663514,97.64395776663514,9534.342488332426
2001-11-26 04:00:00,20423.0,20147.107544120197,275.8924558798026,275.8924558798026,76116.64721138882
2001-11-26 05:00:00,22336.0,22334.93364867364,1.0663513263607456,1.0663513263607456,1.1371051512313213
2001-11-26 06:00:00,25816.0,26053.301181785817,-237.30118178581688,237.30118178581688,56311.85087694531
2001-11-26 07:00:00,27836.0,28297.906121317636,-461.90612131763555,461.90612131763555,213357.26491070224
2001-11-26 08:00:00,28753.0,29084.469292823156,-331.46929282315614,331.46929282315614,109871.89208468323
2001-11-26 09:00:00,29265.0,29474.278356141367,-209.2783561413671,209.2783561413671,43797.43034923289
2001-11-26 10:00:00,29507.0,29998.607617224596,-491.60761722459574,491.60761722459574,241678.04931324464
2001-11-26 11:00:00,29574.0,29758.828921388584,-184.8289213885837,184.8289213885837,34161.73018166725
2001-11-26 12:00:00,29378.0,29447.60367283038,-69.60367283038067,69.60367283038067,4844.671271478673
2001-11-26 13:00:00,29207.0,29288.4581595491,-81.45815954909995,81.45815954909995,6635.431757126623
2001-11-26 14:00:00,28905.0,29196.320163281438,-291.320163281438,291.320163281438,84867.43753432369
2001-11-26 15:00:00,28791.0,29076.421689962524,-285.4216899625244,285.4216899625244,81465.5411010634
2001-11-26 16:00:00,30017.0,28919.806299390457,1097.1937006095432,1097.1937006095432,1203834.0166572637
2001-11-26 17:00:00,33001.0,31012.39877249858,1988.6012275014218,1988.6012275014218,3954534.8420201614
2001-11-26 18:00:00,33040.0,33030.268431156415,9.731568843584682,9.731568843584682,94.70343215742811
2001-11-26 19:00:00,32338.0,32363.970613570913,-25.970613570912974,25.970613570912974,674.4727692496891
2001-11-26 20:00:00,31344.0,31512.79356288351,-168.79356288351119,168.79356288351119,28491.266870909843
2001-11-26 21:00:00,29719.0,29829.28121311388,-110.28121311388168,110.28121311388168,12161.945965869389
2001-11-26 22:00:00,27020.0,26980.943662685793,39.05633731420676,39.05633731420676,1525.397484401099
2001-11-26 23:00:00,24587.0,24444.949163109603,142.05083689039748,142.05083689039748,20178.44026126231
2001-11-27 00:00:00,22874.0,22972.365422705025,-98.36542270502468,98.36542270502468,9675.756383938186
2001-11-27 01:00:00,22015.0,21807.23459331376,207.76540668624148,207.76540668624148,43166.46421549931
2001-11-27 02:00:00,21739.0,21612.669007194087,126.33099280591341,126.33099280591341,15959.519743327746
2001-11-27 03:00:00,21837.0,21573.677994315934,263.3220056840655,263.3220056840655,69338.47867747903
2001-11-27 04:00:00,22492.0,22354.065036938904,137.9349630610959,137.9349630610959,19026.054034665893
2001-11-27 05:00:00,24644.0,24382.44834257451,261.5516574254907,261.5516574254907,68409.26950202124
2001-11-27 06:00:00,28576.0,28223.59137348915,352.408626510849,352.408626510849,124191.84003926306
2001-11-27 07:00:00,30472.0,30664.645348982205,-192.64534898220518,192.64534898220518,37112.23048447562
2001-11-27 08:00:00,31091.0,30857.85854887554,233.1414511244584,233.1414511244584,54354.93623241822
2001-11-27 09:00:00,31114.0,31048.1806500075,65.81934999250007,65.81934999250007,4332.186833435218
2001-11-27 10:00:00,31075.0,30997.49080865136,77.50919134863943,77.50919134863943,6007.674743520002
2001-11-27 11:00:00,30932.0,30791.14815727467,140.85184272532933,140.85184272532933,19839.24159912091
2001-11-27 12:00:00,30850.0,30680.99614026511,169.00385973489028,169.00385973489028,28562.30460529047
2001-11-27 13:00:00,30544.0,30660.90660031713,-116.90660031712832,116.90660031712832,13667.153197708789
2001-11-27 14:00:00,30217.0,30378.725712728938,-161.72571272893765,161.72571272893765,26155.206157682867
2001-11-27 15:00:00,30285.0,30090.31252110924,194.68747889075894,194.68747889075894,37903.214436839706
2001-11-27 16:00:00,31808.0,31192.965301243,615.034698757001,615.034698757001,378267.68067511497
2001-11-27 17:00:00,34450.0,33498.090885270176,951.9091147298241,951.9091147298241,906130.9627057173
2001-11-27 18:00:00,34314.0,34291.67431742457,22.3256825754288,22.3256825754288,498.4361024588051
2001-11-27 19:00:00,33468.0,33662.566115656824,-194.56611565682397,194.56611565682397,37855.9733617846
2001-11-27 20:00:00,32324.0,32793.30391011035,-469.30391011034953,469.30391011034953,220246.16004486303
2001-11-27 21:00:00,30452.0,30680.500192745694,-228.50019274569422,228.50019274569422,52212.33808481941
2001-11-27 22:00:00,27507.0,27885.05411323826,-378.05411323826047,378.05411323826047,142924.91253636748
2001-11-27 23:00:00,24880.0,25068.997377428088,-188.99737742808793,188.99737742808793,35720.00867469512
2001-11-28 00:00:00,23073.0,23315.25023965356,-242.25023965356013,242.25023965356013,58685.17861220732
2001-11-28 01:00:00,21945.0,22179.30789028987,-234.30789028987056,234.30789028987056,54900.18745209002
2001-11-28 02:00:00,21568.0,21522.14089458142,45.85910541858175,45.85910541858175,2103.057549792594
2001-11-28 03:00:00,21492.0,21351.59588519379,140.4041148062097,140.4041148062097,19713.315454515312
2001-11-28 04:00:00,21957.0,21883.31495015041,73.68504984959145,73.68504984959145,5429.486571336777
2001-11-28 05:00:00,23960.0,23587.60696022217,372.3930397778313,372.3930397778313,138676.57607497345
2001-11-28 06:00:00,27870.0,27527.324867225885,342.6751327741149,342.6751327741149,117426.24662175728
2001-11-28 07:00:00,30090.0,30321.029553371158,-231.02955337115782,231.02955337115782,53374.65453087666
2001-11-28 08:00:00,30525.0,30826.68946508275,-301.68946508274894,301.68946508274894,91016.53334191519
2001-11-28 09:00:00,30620.0,30738.520702955535,-118.52070295553494,118.52070295553494,14047.15702907415
2001-11-28 10:00:00,30725.0,30702.313885096497,22.68611490350304,22.68611490350304,514.6598094149427
2001-11-28 11:00:00,30647.0,30545.36994938806,101.63005061194053,101.63005061194053,10328.667187385594
2001-11-28 12:00:00,30386.0,30443.384704435673,-57.384704435673484,57.384704435673484,3293.004303169604
2001-11-28 13:00:00,30276.0,30150.95557288763,125.04442711237061,125.04442711237061,15636.108751860967
2001-11-28 14:00:00,30112.0,30094.435125806114,17.56487419388577,17.56487419388577,308.52480544703434
2001-11-28 15:00:00,30091.0,30231.022957748253,-140.02295774825325,140.02295774825325,19606.428696569114
2001-11-28 16:00:00,31566.0,31098.815726987003,467.18427301299744,467.18427301299744,218261.14495068294
2001-11-28 17:00:00,34000.0,33300.21991043784,699.7800895621622,699.7800895621622,489692.1737476277
2001-11-28 18:00:00,33746.0,34048.08647295422,-302.0864729542227,302.0864729542227,91256.23714192232
2001-11-28 19:00:00,32933.0,33450.818547554234,-517.8185475542341,517.8185475542341,268136.0481911766
2001-11-28 20:00:00,32168.0,32230.749186131008,-62.74918613100817,62.74918613100817,3937.4603601039084
2001-11-28 21:00:00,30338.0,30645.386368328236,-307.38636832823613,307.38636832823613,94486.37943402205
2001-11-28 22:00:00,27541.0,27878.197103545677,-337.19710354567724,337.19710354567724,113701.88663959417
2001-11-28 23:00:00,24731.0,25210.710244866113,-479.7102448661135,479.7102448661135,230121.91902950656
2001-11-29 00:00:00,22778.0,23179.45310390569,-401.4531039056892,401.4531039056892,161164.5946355121
2001-11-29 01:00:00,21825.0,21838.155224350052,-13.155224350051867,13.155224350051867,173.05992770019756
2001-11-29 02:00:00,21352.0,21350.705036392013,1.294963607986574,1.294963607986574,1.6769307460096055
2001-11-29 03:00:00,21237.0,21161.40054250095,75.59945749905091,75.59945749905091,5715.277974150806
2001-11-29 04:00:00,21711.0,21644.631537766363,66.36846223363682,66.36846223363682,4404.772779257677
2001-11-29 05:00:00,23793.0,23354.295331417306,438.70466858269356,438.70466858269356,192461.786236251
2001-11-29 06:00:00,27664.0,27394.736724716335,269.2632752836653,269.2632752836653,72502.71141648691
2001-11-29 07:00:00,30271.0,30112.4559641119,158.54403588809873,158.54403588809873,25136.211315686738
2001-11-29 08:00:00,30937.0,30800.25045523802,136.74954476198036,136.74954476198036,18700.43799260887
2001-11-29 09:00:00,31367.0,31045.460060361056,321.5399396389439,321.5399396389439,103387.93278301568
2001-11-29 10:00:00,31680.0,31431.628517569025,248.37148243097545,248.37148243097545,61688.393284960344
2001-11-29 11:00:00,31639.0,31506.778459619673,132.2215403803275,132.2215403803275,17482.535740546577
2001-11-29 12:00:00,31385.0,31459.347379228253,-74.34737922825298,74.34737922825298,5527.532798109662
2001-11-29 13:00:00,31332.0,31146.230430246625,185.76956975337453,185.76956975337453,34510.33304635388
2001-11-29 14:00:00,31176.0,31073.156497972952,102.84350202704809,102.84350202704809,10576.785909187445
2001-11-29 15:00:00,31267.0,31111.27481671908,155.72518328091974,155.72518328091974,24250.332707876045
2001-11-29 16:00:00,32586.0,31722.268533458548,863.7314665414524,863.7314665414524,746032.0462938481
2001-11-29 17:00:00,34576.0,33782.33255158084,793.6674484191608,793.6674484191608,629908.0186801812
2001-11-29 18:00:00,34233.0,34559.32745974149,-326.32745974149293,326.32745974149293,106489.61098133569
2001-11-29 19:00:00,33427.0,33597.91582196096,-170.91582196095987,170.91582196095987,29212.218196590533
2001-11-29 20:00:00,32482.0,32798.40355013698,-316.4035501369799,316.4035501369799,100111.20653928435
2001-11-29 21:00:00,30554.0,31039.683554673506,-485.68355467350557,485.68355467350557,235888.51528029208
2001-11-29 22:00:00,27965.0,28119.047689935687,-154.04768993568723,154.04768993568723,23730.690774521634
2001-11-29 23:00:00,25193.0,25471.901301889855,-278.90130188985495,278.90130188985495,77785.936195856
2001-11-30 00:00:00,23077.0,23338.717118951357,-261.7171189513574,261.7171189513574,68495.85035219896
2001-11-30 01:00:00,22027.0,22146.249879506246,-119.24987950624563,119.24987950624563,14220.533762254103
2001-11-30 02:00:00,21551.0,21502.118778731634,48.88122126836606,48.88122126836606,2389.3737926869626
2001-11-30 03:00:00,21374.0,21225.97872723249,148.0212727675098,148.0212727675098,21910.297191713536
2001-11-30 04:00:00,21851.0,21685.318117610157,165.68188238984294,165.68188238984294,27450.48615224175
2001-11-30 05:00:00,23717.0,23392.2288693225,324.7711306775018,324.7711306775018,105476.28732154294
2001-11-30 06:00:00,27610.0,27367.030796356354,242.96920364364632,242.96920364364632,59034.03391922768
2001-11-30 07:00:00,30087.0,30073.696495148695,13.303504851304751,13.303504851304751,176.98324132868905
2001-11-30 08:00:00,30730.0,31067.101002674714,-337.1010026747135,337.1010026747135,113637.08600429722
2001-11-30 09:00:00,31232.0,31006.484660290058,225.51533970994205,225.51533970994205,50857.16844449057
2001-11-30 10:00:00,31541.0,31469.84178863901,71.15821136099112,71.15821136099112,5063.491044095485
2001-11-30 11:00:00,31622.0,31542.88579369371,79.11420630629073,79.11420630629073,6259.057639474331
2001-11-30 12:00:00,31304.0,31472.906868012335,-168.9068680123346,168.9068680123346,28529.53006173622
2001-11-30 13:00:00,31275.0,31046.760390585776,228.2396094142241,228.2396094142241,52093.319305557576
2001-11-30 14:00:00,30960.0,31084.277172692135,-124.27717269213463,124.27717269213463,15444.815652350653
2001-11-30 15:00:00,30831.0,31058.88188313894,-227.88188313893988,227.88188313893988,51930.152662949455
2001-11-30 16:00:00,31970.0,31462.602211623365,507.3977883766347,507.3977883766347,257452.5156495002
2001-11-30 17:00:00,33686.0,33903.99394372956,-217.99394372956158,217.99394372956158,47521.35950276726
2001-11-30 18:00:00,33104.0,33759.76052047741,-655.7605204774081,655.7605204774081,430021.86021680123
2001-11-30 19:00:00,31855.0,32329.711230715402,-474.71123071540205,474.71123071540205,225350.75256733168
2001-11-30 20:00:00,30863.0,31329.155844646186,-466.15584464618587,466.15584464618587,217301.27149779897
2001-11-30 21:00:00,29514.0,29397.769929750855,116.23007024914477,116.23007024914477,13509.42923012113
2001-11-30 22:00:00,27361.0,27370.48723782609,-9.487237826091587,9.487237826091587,90.00768156882302
2001-11-30 23:00:00,24885.0,24890.710109767755,-5.710109767755057,5.710109767755057,32.60535355981171
2001-12-01 00:00:00,22665.0,23052.609965900567,-387.60996590056675,387.60996590056675,150241.48566543852
2001-12-01 01:00:00,21430.0,21608.86629007922,-178.86629007921874,178.86629007921874,31993.149726703225
2001-12-01 02:00:00,20730.0,20914.15477034508,-184.1547703450815,184.1547703450815,33912.979440849704
2001-12-01 03:00:00,20415.0,20424.396598113377,-9.396598113376967,9.396598113376967,88.29605610431959
2001-12-01 04:00:00,20428.0,20435.200382667885,-7.200382667884696,7.200382667884696,51.84551056397434
2001-12-01 05:00:00,21110.0,20891.31306895929,218.68693104070917,218.68693104070917,47823.97380800389
2001-12-01 06:00:00,22292.0,22100.15016493507,191.84983506493154,191.84983506493154,36806.359214441436
2001-12-01 07:00:00,23394.0,23690.72995380371,-296.7299538037114,296.7299538037114,88048.66548435269
2001-12-01 08:00:00,25233.0,25373.718443023045,-140.71844302304453,140.71844302304453,19801.68020682983
2001-12-01 09:00:00,26558.0,26871.024657903497,-313.0246579034974,313.0246579034974,97984.4364556016
2001-12-01 10:00:00,27125.0,27376.542490043073,-251.54249004307349,251.54249004307349,63273.62429706972
2001-12-01 11:00:00,26867.0,27195.76307455884,-328.76307455883943,328.76307455883943,108085.15919338101
2001-12-01 12:00:00,26825.0,26551.68029864691,273.31970135309166,273.31970135309166,74703.65914774321
2001-12-01 13:00:00,26285.0,26481.562056485593,-196.56205648559262,196.56205648559262,38636.6420498453
2001-12-01 14:00:00,25740.0,25897.17660300818,-157.1766030081817,157.1766030081817,24704.484533191553
2001-12-01 15:00:00,25522.0,25634.231835789407,-112.23183578940734,112.23183578940734,12595.984964660494
2001-12-01 16:00:00,26652.0,26205.503844276813,446.49615572318726,446.49615572318726,199358.8170755847
2001-12-01 17:00:00,29715.0,28790.076059210704,924.9239407892965,924.9239407892965,855484.296245202
2001-12-01 18:00:00,29612.0,29765.827357738486,-153.82735773848617,153.82735773848617,23662.8559888042
2001-12-01 19:00:00,28828.0,29282.502078133322,-454.50207813332236,454.50207813332236,206572.13902750867
2001-12-01 20:00:00,28247.0,28234.240619002852,12.759380997147673,12.759380997147673,162.80180343037316
2001-12-01 21:00:00,27260.0,27343.73074880116,-83.7307488011611,83.7307488011611,7010.83829480314
2001-12-01 22:00:00,25727.0,25696.650075776142,30.34992422385767,30.34992422385767,921.1179003939026
2001-12-01 23:00:00,23751.0,23809.7345330206,-58.73453302060079,58.73453302060079,3449.745369148045
2001-12-02 00:00:00,21977.0,21959.00485607719,17.995143922809802,17.995143922809802,323.82520480263855
2001-12-02 01:00:00,20853.0,21039.260227544164,-186.26022754416408,186.26022754416408,34692.87236480378
2001-12-02 02:00:00,20230.0,20137.09701239716,92.90298760283986,92.90298760283986,8630.965105533416
2001-12-02 03:00:00,19985.0,19770.567067631557,214.4329323684433,214.4329323684433,45981.482484129374
2001-12-02 04:00:00,20067.0,19899.625649820027,167.37435017997268,167.37435017997268,28014.17309816812
2001-12-02 05:00:00,20559.0,20381.20297449322,177.7970255067812,177.7970255067812,31611.782279059007
2001-12-02 06:00:00,21509.0,21232.829875572723,276.1701244272772,276.1701244272772,76269.93762617777
2001-12-02 07:00:00,22480.0,22406.225703238735,73.77429676126485,73.77429676126485,5442.646862619174
2001-12-02 08:00:00,24307.0,24050.527915704235,256.47208429576494,256.47208429576494,65777.93002301396
2001-12-02 09:00:00,25558.0,25305.17350923721,252.82649076278904,252.82649076278904,63921.23443142665
2001-12-02 10:00:00,26046.0,25820.570654140924,225.42934585907642,225.42934585907642,50818.38997445109
2001-12-02 11:00:00,26177.0,26204.578714221487,-27.578714221486734,27.578714221486734,760.5854781104347
2001-12-02 12:00:00,26175.0,26060.222455510855,114.77754448914493,114.77754448914493,13173.884718957645
2001-12-02 13:00:00,26019.0,25951.96472702454,67.03527297545952,67.03527297545952,4493.727822894373
2001-12-02 14:00:00,25855.0,25731.81282654389,123.18717345611003,123.18717345611003,15175.07970410574
2001-12-02 15:00:00,25981.0,25737.93337050758,243.06662949241945,243.06662949241945,59081.386372805115
2001-12-02 16:00:00,27375.0,26451.446238457116,923.5537615428839,923.5537615428839,852951.5504600101
2001-12-02 17:00:00,30864.0,28647.89115310697,2216.1088468930284,2216.1088468930284,4911138.421277548
2001-12-02 18:00:00,31344.0,31028.059831596038,315.94016840396216,315.94016840396216,99818.19001112397
2001-12-02 19:00:00,30959.0,31179.99282182884,-220.99282182884053,220.99282182884053,48837.82729987366
2001-12-02 20:00:00,30701.0,30398.314053847207,302.6859461527929,302.6859461527929,91618.78199841145
2001-12-02 21:00:00,29644.0,29562.687784401493,81.31221559850746,81.31221559850746,6611.676405538161
2001-12-02 22:00:00,27587.0,27569.078239459268,17.921760540732066,17.921760540732066,321.1895008793409
2001-12-02 23:00:00,25441.0,25401.235278425498,39.76472157450189,39.76472157450189,1581.2330818976561
2001-12-03 00:00:00,23762.0,23714.902012654566,47.097987345434376,47.097987345434376,2218.2204119906964
2001-12-03 01:00:00,23100.0,22529.996007387832,570.0039926121681,570.0039926121681,324904.55159381253
2001-12-03 02:00:00,22950.0,22781.932346503836,168.06765349616398,168.06765349616398,28246.736151706642
2001-12-03 03:00:00,23180.0,22824.80967925862,355.1903207413816,355.1903207413816,126160.16394836553
2001-12-03 04:00:00,23923.0,23638.585005159755,284.4149948402446,284.4149948402446,80891.88928997637
2001-12-03 05:00:00,26258.0,25874.30269591803,383.69730408196847,383.69730408196847,147223.62115977058
2001-12-03 06:00:00,30492.0,29742.160449996045,749.8395500039551,749.8395500039551,562259.3507501339
2001-12-03 07:00:00,32640.0,32634.796098701398,5.203901298602432,5.203901298602432,27.080588725596076
2001-12-03 08:00:00,32770.0,32796.439299923775,-26.439299923775252,26.439299923775252,699.0365804593421
2001-12-03 09:00:00,32226.0,32739.58883748033,-513.588837480329,513.588837480329,263773.49398439575
2001-12-03 10:00:00,31725.0,31928.863231758085,-203.86323175808502,203.86323175808502,41560.21726285069
2001-12-03 11:00:00,31177.0,31347.866591984464,-170.86659198446432,170.86659198446432,29195.392256385407
2001-12-03 12:00:00,30638.0,30881.72130755787,-243.7213075578693,243.7213075578693,59400.07575771752
2001-12-03 13:00:00,30397.0,30426.15202978406,-29.152029784061597,29.152029784061597,849.8408405308144
2001-12-03 14:00:00,30033.0,30132.796236556223,-99.79623655622345,99.79623655622345,9959.28883078571
2001-12-03 15:00:00,29828.0,30018.879621165946,-190.87962116594645,190.87962116594645,36435.02977645523
2001-12-03 16:00:00,31102.0,30324.47913639411,777.5208636058887,777.5208636058887,604538.693342447
2001-12-03 17:00:00,34677.0,32722.219028358923,1954.7809716410775,1954.7809716410775,3821168.647090035
2001-12-03 18:00:00,35047.0,34860.45755126876,186.54244873124117,186.54244873124117,34798.085178647736
2001-12-03 19:00:00,34570.0,34675.84561178455,-105.84561178454896,105.84561178454896,11203.293534045451
2001-12-03 20:00:00,33770.0,33869.81192518499,-99.81192518499302,99.81192518499302,9962.420409134644
2001-12-03 21:00:00,32021.0,32582.605479765523,-561.6054797655233,561.6054797655233,315400.71490266366
2001-12-03 22:00:00,29218.0,29681.73025371294,-463.7302537129399,463.7302537129399,215045.7482086676
2001-12-03 23:00:00,26286.0,26826.133213255955,-540.1332132559546,540.1332132559546,291743.88806220255
2001-12-04 00:00:00,24441.0,24532.89148917589,-91.89148917589046,91.89148917589046,8444.045782962792
2001-12-04 01:00:00,23638.0,23625.97899854421,12.021001455788792,12.021001455788792,144.50447600007624
2001-12-04 02:00:00,23263.0,23239.515748224723,23.48425177527679,23.48425177527679,551.510081444591
2001-12-04 03:00:00,23269.0,23190.458101661272,78.54189833872806,78.54189833872806,6168.829794651094
2001-12-04 04:00:00,23885.0,23777.93987118455,107.0601288154503,107.0601288154503,11461.87118198081
2001-12-04 05:00:00,26230.0,25858.980816173764,371.01918382623626,371.01918382623626,137655.23476708648
2001-12-04 06:00:00,30225.0,29868.62121173847,356.3787882615288,356.3787882615288,127005.8407227556
2001-12-04 07:00:00,32159.0,32588.415995653155,-429.4159956531548,429.4159956531548,184398.09732279027
2001-12-04 08:00:00,32304.0,32344.909046627057,-40.90904662705725,40.90904662705725,1673.5500959347441
2001-12-04 09:00:00,31625.0,32173.434845306885,-548.4348453068851,548.4348453068851,300780.779546787
2001-12-04 10:00:00,31284.0,31310.212374119237,-26.21237411923721,26.21237411923721,687.0885569668568
2001-12-04 11:00:00,30920.0,30888.287382680257,31.712617319743003,31.712617319743003,1005.6900972684639
2001-12-04 12:00:00,30490.0,30564.515525357372,-74.5155253573721,74.5155253573721,5552.563519285164
2001-12-04 13:00:00,30454.0,30227.091806981327,226.90819301867305,226.90819301867305,51487.32805899938
2001-12-04 14:00:00,30165.0,30192.5213163671,-27.521316367099644,27.521316367099644,757.4228545779868
2001-12-04 15:00:00,30025.0,30084.41640667874,-59.41640667874162,59.41640667874162,3530.3093826136123
2001-12-04 16:00:00,30978.0,30832.867806960236,145.1321930397644,145.1321930397644,21063.353456531433
2001-12-04 17:00:00,34191.0,33402.31471871838,788.6852812816214,788.6852812816214,622024.4729102703
2001-12-04 18:00:00,34594.0,34352.72339538081,241.27660461919004,241.27660461919004,58214.39993656496
2001-12-04 19:00:00,33702.0,34123.479282409215,-421.47928240921465,421.47928240921465,177644.78550018652
2001-12-04 20:00:00,33007.0,33150.42553948628,-143.42553948627756,143.42553948627756,20570.885376929764
2001-12-04 21:00:00,31276.0,31676.08088099816,-400.08088099816086,400.08088099816086,160064.71134026456
2001-12-04 22:00:00,28259.0,28924.463588954048,-665.4635889540477,665.4635889540477,442841.7882236018
2001-12-04 23:00:00,25251.0,25870.55885690559,-619.5588569055908,619.5588569055908,383853.1771701623
2001-12-05 00:00:00,23148.0,23602.29237068715,-454.29237068715156,454.29237068715156,206381.55806455232
2001-12-05 01:00:00,22322.0,22277.077450886525,44.922549113474815,44.922549113474815,2018.0354188525569
2001-12-05 02:00:00,21789.0,21893.662197779868,-104.66219777986771,104.66219777986771,10954.175644112145
2001-12-05 03:00:00,21641.0,21706.728403660516,-65.72840366051605,65.72840366051605,4320.2230477597395
2001-12-05 04:00:00,22291.0,22171.787540369198,119.21245963080219,119.21245963080219,14211.61053122564
2001-12-05 05:00:00,24367.0,23972.213814724517,394.78618527548315,394.78618527548315,155856.13208436812
2001-12-05 06:00:00,28235.0,27951.092604990215,283.9073950097845,283.9073950097845,80603.40894124183
2001-12-05 07:00:00,30676.0,30417.84863088431,258.1513691156906,258.1513691156906,66642.12937630554
2001-12-05 08:00:00,30862.0,31242.860075164746,-380.8600751647464,380.8600751647464,145054.39685449627
2001-12-05 09:00:00,30917.0,30910.966007909617,6.033992090382526,6.033992090382526,36.409060546798884
2001-12-05 10:00:00,30906.0,30846.827911900644,59.17208809935619,59.17208809935619,3501.33601003797
2001-12-05 11:00:00,30780.0,30713.598695701967,66.40130429803321,66.40130429803321,4409.133212480004
2001-12-05 12:00:00,30612.0,30564.196022843236,47.80397715676372,47.80397715676372,2285.2202320043875
2001-12-05 13:00:00,30511.0,30437.789441261073,73.21055873892692,73.21055873892692,5359.785910865869
2001-12-05 14:00:00,30343.0,30342.768131114677,0.2318688853229105,0.2318688853229105,0.053763179980889024
2001-12-05 15:00:00,30274.0,30192.701626398415,81.2983736015849,81.2983736015849,6609.425550262877
2001-12-05 16:00:00,31204.0,31219.110034954443,-15.110034954443108,15.110034954443108,228.31315632449255
2001-12-05 17:00:00,34173.0,33104.031395249265,1068.9686047507348,1068.9686047507348,1142693.8779427328
2001-12-05 18:00:00,34190.0,34229.39141576344,-39.39141576344264,39.39141576344264,1551.683635848397
2001-12-05 19:00:00,33479.0,33704.68869411923,-225.68869411922788,225.68869411922788,50935.3866532424
2001-12-05 20:00:00,32747.0,32937.19903287386,-190.19903287386114,190.19903287386114,36175.67210615211
2001-12-05 21:00:00,30905.0,31513.54610420283,-608.5461042028292,608.5461042028292,370328.3609404406
2001-12-05 22:00:00,27284.0,28579.953840626582,-1295.953840626582,1295.953840626582,1679496.3570347882
2001-12-05 23:00:00,25071.0,24900.646634470188,170.35336552981244,170.35336552981244,29020.26914733389
2001-12-06 00:00:00,22888.0,23418.487656975463,-530.4876569754633,530.4876569754633,281417.15420331684
2001-12-06 01:00:00,21862.0,21991.498246202704,-129.49824620270374,129.49824620270374,16769.795769576074
2001-12-06 02:00:00,21359.0,21416.84313167865,-57.843131678648206,57.843131678648206,3345.8278823934356
2001-12-06 03:00:00,21310.0,21160.047146764224,149.95285323577627,149.95285323577627,22485.85819355026
2001-12-06 04:00:00,21770.0,21700.476586310473,69.52341368952693,69.52341368952693,4833.505051045101
2001-12-06 05:00:00,23665.0,23340.694726214897,324.30527378510305,324.30527378510305,105173.91060483066
2001-12-06 06:00:00,27424.0,27296.816157901994,127.1838420980057,127.1838420980057,16175.729690810447
2001-12-06 07:00:00,30145.0,29946.66087084899,198.33912915100882,198.33912915100882,39338.41015238056
2001-12-06 08:00:00,30357.0,30961.738464424416,-604.7384644244157,604.7384644244157,365708.6103544003
2001-12-06 09:00:00,30569.0,30607.1572371187,-38.15723711869941,38.15723711869941,1455.9747445326523
2001-12-06 10:00:00,30736.0,30694.086473367235,41.91352663276484,41.91352663276484,1756.7437147954877
2001-12-06 11:00:00,30819.0,30584.292201921595,234.70779807840518,234.70779807840518,55087.75047881342
2001-12-06 12:00:00,30716.0,30664.746691063163,51.25330893683713,51.25330893683713,2626.9016769748687
2001-12-06 13:00:00,30707.0,30528.320319700026,178.67968029997428,178.67968029997428,31926.428152101016
2001-12-06 14:00:00,30412.0,30516.456535275105,-104.45653527510513,104.45653527510513,10911.167761679282
2001-12-06 15:00:00,30489.0,30215.43449796562,273.5655020343802,273.5655020343802,74838.08390332248
2001-12-06 16:00:00,31872.0,31165.887739836988,706.1122601630123,706.1122601630123,498594.5239525175
2001-12-06 17:00:00,34451.0,33559.98004510423,891.019954895768,891.019954895768,793916.5600224565
2001-12-06 18:00:00,34328.0,34461.13228997951,-133.13228997951228,133.13228997951228,17724.206635188944
2001-12-06 19:00:00,33535.0,33751.55863201824,-216.55863201824104,216.55863201824104,46897.64110161193
2001-12-06 20:00:00,32654.0,32995.57536159905,-341.575361599047,341.575361599047,116673.72765151973
2001-12-06 21:00:00,30915.0,31513.272197949278,-598.272197949278,598.272197949278,357929.62283906015
2001-12-06 22:00:00,28094.0,28512.79735718484,-418.79735718484153,418.79735718484153,175391.22638500773
2001-12-06 23:00:00,25019.0,25625.964851486442,-606.9648514864421,606.9648514864421,368406.3309399587
2001-12-07 00:00:00,22884.0,23412.083061905785,-528.0830619057851,528.0830619057851,278871.7202717893
2001-12-07 01:00:00,21895.0,21914.254498182887,-19.25449818288689,19.25449818288689,370.7357002747946
2001-12-07 02:00:00,21408.0,21410.04035526707,-2.040355267068662,2.040355267068662,4.163049615854832
2001-12-07 03:00:00,21204.0,21246.96869888186,-42.9686988818612,42.9686988818612,1846.30908360006
2001-12-07 04:00:00,21616.0,21647.543152232975,-31.543152232974535,31.543152232974535,994.9704527926064
2001-12-07 05:00:00,23415.0,23253.905239799824,161.0947602001761,161.0947602001761,25951.52176395224
2001-12-07 06:00:00,27423.0,26877.502175046295,545.4978249537053,545.4978249537053,297567.8770292233
2001-12-07 07:00:00,29996.0,29989.218704768464,6.781295231536205,6.781295231536205,45.98596501725568
2001-12-07 08:00:00,30452.0,30575.454097971095,-123.4540979710946,123.4540979710946,15240.914305856622
2001-12-07 09:00:00,30631.0,30653.09702275644,-22.0970227564394,22.0970227564394,488.2784146986007
2001-12-07 10:00:00,30717.0,30733.761415580117,-16.76141558011659,16.76141558011659,280.9450522493752
2001-12-07 11:00:00,30457.0,30551.60621540883,-94.60621540882858,94.60621540882858,8950.335993981673
2001-12-07 12:00:00,30079.0,30226.391732012424,-147.39173201242374,147.39173201242374,21724.322665622138
2001-12-07 13:00:00,29977.0,29950.06434237832,26.935657621681457,26.935657621681457,725.5296515124464
2001-12-07 14:00:00,29779.0,29705.45463241894,73.54536758106042,73.54536758106042,5408.921092633293
2001-12-07 15:00:00,29842.0,29628.180774901426,213.81922509857395,213.81922509857395,45718.66102175464
2001-12-07 16:00:00,31159.0,30497.517730081214,661.4822699187862,661.4822699187862,437558.79341690993
2001-12-07 17:00:00,33941.0,32889.476632929924,1051.5233670700763,1051.5233670700763,1105701.3914943906
2001-12-07 18:00:00,33509.0,34009.67014487403,-500.67014487402776,500.67014487402776,250670.59396817995
2001-12-07 19:00:00,32543.0,33045.79265957086,-502.7926595708632,502.7926595708632,252800.4585183419
2001-12-07 20:00:00,31748.0,31858.883014113282,-110.88301411328212,110.88301411328212,12295.042818846321
2001-12-07 21:00:00,30277.0,30358.612497943755,-81.61249794375544,81.61249794375544,6660.599820619486
2001-12-07 22:00:00,28213.0,28084.304029166058,128.69597083394183,128.69597083394183,16562.652908890806
2001-12-07 23:00:00,25441.0,25843.122694498186,-402.1226944981863,402.1226944981863,161702.66143048168
2001-12-08 00:00:00,23587.0,23517.139681427438,69.86031857256239,69.86031857256239,4880.464111059906
2001-12-08 01:00:00,22444.0,22626.48284114288,-182.4828411428789,182.4828411428789,33299.98731157718
2001-12-08 02:00:00,21922.0,21889.39161377482,32.608386225179856,32.608386225179856,1063.3068522104993
2001-12-08 03:00:00,21713.0,21695.1306395915,17.869360408498324,17.869360408498324,319.3140414088074
2001-12-08 04:00:00,21920.0,21844.578636223476,75.42136377652423,75.42136377652423,5688.382113910801
2001-12-08 05:00:00,22672.0,22647.11182117523,24.888178824770876,24.888178824770876,619.4214452137734
2001-12-08 06:00:00,24090.0,23850.542471280027,239.4575287199732,239.4575287199732,57339.90806067679
2001-12-08 07:00:00,25552.0,25425.66732505055,126.33267494945176,126.33267494945176,15959.944759883836
2001-12-08 08:00:00,27413.0,27209.014645784177,203.98535421582346,203.98535421582346,41610.024734554965
2001-12-08 09:00:00,28866.0,28532.482449524457,333.5175504755425,333.5175504755425,111233.95647520605
2001-12-08 10:00:00,29425.0,29518.300368765576,-93.30036876557642,93.30036876557642,8704.958811792549
2001-12-08 11:00:00,29421.0,29465.854809644115,-44.85480964411545,44.85480964411545,2011.9539482098323
2001-12-08 12:00:00,29251.0,29176.50005518549,74.49994481450994,74.49994481450994,5550.241777365027
2001-12-08 13:00:00,29051.0,28765.82486719415,285.175132805849,285.175132805849,81324.85637083362
2001-12-08 14:00:00,29022.0,28703.770079615417,318.22992038458324,318.22992038458324,101270.28222797818
2001-12-08 15:00:00,29481.0,28983.111884691687,497.888115308313,497.888115308313,247892.57536526397
2001-12-08 16:00:00,31417.0,30164.91096766062,1252.0890323393796,1252.0890323393796,1567726.944904564
2001-12-08 17:00:00,33035.0,31903.394599081512,1131.6054009184882,1131.6054009184882,1280530.7833878924
2001-12-08 18:00:00,32641.0,33213.97353703107,-572.9735370310664,572.9735370310664,328298.6741378908
2001-12-08 19:00:00,31842.0,32165.875589334708,-323.8755893347079,323.8755893347079,104895.39736690436
2001-12-08 20:00:00,31121.0,31184.08498496911,-63.08498496911125,63.08498496911125,3979.715328552992
2001-12-08 21:00:00,29834.0,29845.347285888245,-11.347285888245096,11.347285888245096,128.7608970295663
2001-12-08 22:00:00,28337.0,27753.346575710144,583.653424289856,583.653424289856,340651.31968527474
2001-12-08 23:00:00,26106.0,26248.733002732522,-142.73300273252244,142.73300273252244,20372.710069042256
2001-12-09 00:00:00,23965.0,24146.254799242586,-181.25479924258616,181.25479924258616,32853.30224847021
2001-12-09 01:00:00,22766.0,22541.220758202795,224.77924179720503,224.77924179720503,50525.707542926364
2001-12-09 02:00:00,22109.0,22167.613979498492,-58.61397949849197,58.61397949849197,3435.5985926496373
2001-12-09 03:00:00,21739.0,21793.484448208143,-54.48444820814257,54.48444820814257,2968.5550965457696
2001-12-09 04:00:00,21808.0,21734.214229071527,73.78577092847263,73.78577092847263,5444.339991509037
2001-12-09 05:00:00,22241.0,22066.5832007034,174.4167992965995,174.4167992965995,30421.21987687027
2001-12-09 06:00:00,23152.0,23011.889570165273,140.11042983472726,140.11042983472726,19630.93254847203
2001-12-09 07:00:00,24207.0,24160.198706378273,46.80129362172738,46.80129362172738,2190.36108466714
2001-12-09 08:00:00,25935.0,25706.50702431825,228.49297568175098,228.49297568175098,52209.039935901244
2001-12-09 09:00:00,27058.0,27278.00540971595,-220.0054097159482,220.0054097159482,48402.38030428223
2001-12-09 10:00:00,27377.0,27839.227134111254,-462.2271341112537,462.2271341112537,213653.9235087029
2001-12-09 11:00:00,27274.0,27507.879936449786,-233.87993644978633,233.87993644978633,54699.82467375609
2001-12-09 12:00:00,27146.0,27113.60756027015,32.392439729850594,32.392439729850594,1049.2701516520033
2001-12-09 13:00:00,26763.0,26981.278896461,-218.27889646100084,218.27889646100084,47645.67664023233
2001-12-09 14:00:00,26495.0,26616.427695849245,-121.42769584924463,121.42769584924463,14744.685319256661
2001-12-09 15:00:00,26683.0,26606.628895030884,76.37110496911555,76.37110496911555,5832.545674203666
2001-12-09 16:00:00,28396.0,27937.339299711693,458.66070028830654,458.66070028830654,210369.63798895976
2001-12-09 17:00:00,32214.0,30651.329053591344,1562.6709464086562,1562.6709464086562,2441940.486749725
2001-12-09 18:00:00,32854.0,32313.450637067916,540.5493629320845,540.5493629320845,292193.6137662824
2001-12-09 19:00:00,32719.0,32663.752549291272,55.24745070872814,55.24745070872814,3052.280809813345
2001-12-09 20:00:00,32443.0,32393.04742022826,49.95257977173969,49.95257977173969,2495.2602258520174
2001-12-09 21:00:00,31358.0,31541.453492578996,-183.4534925789958,183.4534925789958,33655.18393943166
2001-12-09 22:00:00,29145.0,29664.413309523778,-519.4133095237776,519.4133095237776,269790.18611044355
2001-12-09 23:00:00,26848.0,27165.543343135443,-317.54334313544314,317.54334313544314,100833.77476963378
2001-12-10 00:00:00,24874.0,24669.86453443434,204.13546556566143,204.13546556566143,41671.28830170935
2001-12-10 01:00:00,24422.0,23666.253335505655,755.7466644943452,755.7466644943452,571153.0208943284
2001-12-10 02:00:00,24304.0,23828.148188991225,475.85181100877526,475.85181100877526,226434.94604033115
2001-12-10 03:00:00,24461.0,24120.197068560123,340.8029314398773,340.8029314398773,116146.6380780137
2001-12-10 04:00:00,25247.0,24969.75473711985,277.24526288015113,277.24526288015113,76864.93578948411
2001-12-10 05:00:00,27710.0,27252.573477360987,457.42652263901255,457.42652263901255,209239.02361361907
2001-12-10 06:00:00,32094.0,30988.410744727324,1105.5892552726764,1105.5892552726764,1222327.6013743912
2001-12-10 07:00:00,34400.0,33736.230002326345,663.7699976736549,663.7699976736549,440590.60981168377
2001-12-10 08:00:00,34487.0,34798.26173560164,-311.2617356016417,311.2617356016417,96883.8680497463
2001-12-10 09:00:00,34179.0,34456.4460782404,-277.4460782403985,277.4460782403985,76976.32633097732
2001-12-10 10:00:00,33707.0,33977.28157279903,-270.281572799031,270.281572799031,73052.12859471788
2001-12-10 11:00:00,33043.0,33405.209430709954,-362.2094307099542,362.2094307099542,131195.6716952291
2001-12-10 12:00:00,32540.0,32705.048065501946,-165.04806550194553,165.04806550194553,27240.863925934504
2001-12-10 13:00:00,32272.0,32233.328703314164,38.67129668583584,38.67129668583584,1495.469187363938
2001-12-10 14:00:00,32008.0,31849.02607764315,158.97392235685038,158.97392235685038,25272.707989521892
2001-12-10 15:00:00,32208.0,31994.035643634626,213.96435636537353,213.96435636537353,45780.74579484856
2001-12-10 16:00:00,34250.0,32902.76476354825,1347.23523645175,1347.23523645175,1815042.782337203
2001-12-10 17:00:00,37194.0,35946.297532154196,1247.7024678458038,1247.7024678458038,1556761.448268509
2001-12-10 18:00:00,37177.0,37212.63451460261,-35.63451460260694,35.63451460260694,1269.8186309634073
2001-12-10 19:00:00,36479.0,36509.27941028655,-30.279410286551865,30.279410286551865,916.842687301343
2001-12-10 20:00:00,35698.0,35624.238644289246,73.76135571075429,73.76135571075429,5440.737596288424
2001-12-10 21:00:00,33925.0,34383.33048825528,-458.3304882552766,458.3304882552766,210066.83646432022
2001-12-10 22:00:00,30810.0,31448.319298043585,-638.3192980435851,638.3192980435851,407451.5262548553
2001-12-10 23:00:00,27424.0,28276.785431964374,-852.7854319643739,852.7854319643739,727242.9929706637
2001-12-11 00:00:00,25372.0,25368.019585119153,3.9804148808470927,3.9804148808470927,15.843702623668975
2001-12-11 01:00:00,24266.0,24253.24317233359,12.756827666409663,12.756827666409663,162.736652110475
2001-12-11 02:00:00,23745.0,23762.576893407793,-17.57689340779325,17.57689340779325,308.9471818689258
2001-12-11 03:00:00,23566.0,23573.567416599803,-7.567416599802527,7.567416599802527,57.26579399496684
2001-12-11 04:00:00,24144.0,24105.635497858304,38.36450214169599,38.36450214169599,1471.8350245801964
2001-12-11 05:00:00,26336.0,26095.899269227295,240.100730772705,240.100730772705,57648.360917586964
2001-12-11 06:00:00,30334.0,29988.776304948657,345.2236950513434,345.2236950513434,119179.39962490293
2001-12-11 07:00:00,32740.0,33104.08904315142,-364.0890431514199,364.0890431514199,132560.8313429165
2001-12-11 08:00:00,32850.0,33473.829779443266,-623.8297794432656,623.8297794432656,389163.59372023336
2001-12-11 09:00:00,32707.0,32873.90782785684,-166.90782785684132,166.90782785684132,27858.222999888978
2001-12-11 10:00:00,32325.0,32703.230355995107,-378.23035599510695,378.23035599510695,143058.20219618533
2001-12-11 11:00:00,32142.0,31895.748341250524,246.2516587494756,246.2516587494756,60639.879436868185
2001-12-11 12:00:00,31558.0,31723.905635997544,-165.90563599754387,165.90563599754387,27524.680055749523
2001-12-11 13:00:00,31301.0,31236.071025726673,64.92897427332719,64.92897427332719,4215.771700186384
2001-12-11 14:00:00,30738.0,30996.3375238124,-258.337523812399,258.337523812399,66738.27620952182
2001-12-11 15:00:00,30621.0,30736.96820370184,-115.96820370183923,115.96820370183923,13448.624269831278
2001-12-11 16:00:00,32108.0,31333.451943011805,774.5480569881947,774.5480569881947,599924.6925841877
2001-12-11 17:00:00,35849.0,34645.56763493059,1203.4323650694132,1203.4323650694132,1448249.4572965614
2001-12-11 18:00:00,36121.0,36055.12100453832,65.87899546168046,65.87899546168046,4340.042043040115
2001-12-11 19:00:00,35553.0,35620.53658019821,-67.5365801982116,67.5365801982116,4561.1896648694665
2001-12-11 20:00:00,34881.0,34882.605140164385,-1.605140164385375,1.605140164385375,2.576474947323109
2001-12-11 21:00:00,33449.0,33683.420952898225,-234.42095289822464,234.42095289822464,54953.18315771165
2001-12-11 22:00:00,30409.0,31006.62253917744,-597.6225391774387,597.6225391774387,357152.6993328893
2001-12-11 23:00:00,27436.0,27655.37821504866,-219.3782150486586,219.3782150486586,48126.8012379355
2001-12-12 00:00:00,25343.0,25332.45338628354,10.546613716458523,10.546613716458523,111.23106088419107
2001-12-12 01:00:00,24519.0,24406.62629761546,112.37370238453877,112.37370238453877,12627.848987608895
2001-12-12 02:00:00,24154.0,24143.627763213826,10.372236786173744,10.372236786173744,107.58329594845584
2001-12-12 03:00:00,24178.0,24100.209705955713,77.7902940442873,77.7902940442873,6051.329847496679
2001-12-12 04:00:00,24927.0,24684.50029968373,242.49970031627163,242.49970031627163,58806.10465348155
2001-12-12 05:00:00,27184.0,26977.081211742756,206.91878825724416,206.91878825724416,42815.384933846246
2001-12-12 06:00:00,31329.0,31039.072823646453,289.9271763535471,289.9271763535471,84057.76758834081
2001-12-12 07:00:00,33955.0,33678.26984757345,276.73015242654947,276.73015242654947,76579.5772620213
2001-12-12 08:00:00,33736.0,33782.578156631345,-46.57815663134534,46.57815663134534,2169.5246751741397
2001-12-12 09:00:00,33331.0,33604.45976340289,-273.45976340289053,273.45976340289053,74780.24220036487
2001-12-12 10:00:00,33178.0,32863.93036414641,314.06963585359335,314.06963585359335,98639.73616520873
2001-12-12 11:00:00,32794.0,32787.69538767419,6.304612325810012,6.304612325810012,39.748136578755535
2001-12-12 12:00:00,32267.0,32497.64911081272,-230.6491108127193,230.6491108127193,53199.01231869806
2001-12-12 13:00:00,32307.0,31780.019428867716,526.9805711322842,526.9805711322842,277708.5223509085
2001-12-12 14:00:00,32319.0,31890.8396132549,428.1603867451013,428.1603867451013,183321.3167777147
2001-12-12 15:00:00,32122.0,32169.422814398695,-47.422814398694754,47.422814398694754,2248.9233254930505
2001-12-12 16:00:00,34102.0,32825.234115637904,1276.7658843620957,1276.7658843620957,1630131.1234709243
2001-12-12 17:00:00,36776.0,35806.21070687784,969.7892931221577,969.7892931221577,940491.2730543743
2001-12-12 18:00:00,36585.0,36879.21674542521,-294.21674542521214,294.21674542521214,86563.49328860409
2001-12-12 19:00:00,35744.0,35867.18285634002,-123.1828563400195,123.1828563400195,15174.016096085881
2001-12-12 20:00:00,34931.0,35052.49519130673,-121.49519130672707,121.49519130672707,14761.081510658209
2001-12-12 21:00:00,33216.0,33665.95272851388,-449.9527285138829,449.9527285138829,202457.45789708802
2001-12-12 22:00:00,30237.0,30813.789648514186,-576.7896485141864,576.7896485141864,332686.2986331187
2001-12-12 23:00:00,27073.0,27599.501424108355,-526.5014241083554,526.5014241083554,277203.7495881263
2001-12-13 00:00:00,24984.0,25016.701568402557,-32.701568402557314,32.701568402557314,1069.392575987135
2001-12-13 01:00:00,23869.0,24054.478869645824,-185.47886964582358,185.47886964582358,34402.41108509242
2001-12-13 02:00:00,23376.0,23418.474437428376,-42.474437428376405,42.474437428376405,1804.0778348570625
2001-12-13 03:00:00,23457.0,23259.342089899896,197.65791010010435,197.65791010010435,39068.64942514093
2001-12-13 04:00:00,23987.0,23909.253474768284,77.74652523171608,77.74652523171608,6044.522185605864
2001-12-13 05:00:00,25895.0,25970.108979602446,-75.1089796024462,75.1089796024462,5641.358816920679
2001-12-13 06:00:00,29569.0,29740.493124748584,-171.4931247485838,171.4931247485838,29409.891836033323
2001-12-13 07:00:00,32243.0,32149.005162132187,93.99483786781275,93.99483786781275,8835.029545796406
2001-12-13 08:00:00,32393.0,32682.013887815992,-289.01388781599235,289.01388781599235,83529.02735051501
2001-12-13 09:00:00,32432.0,32396.88687831176,35.11312168823861,35.11312168823861,1232.9313146930524
2001-12-13 10:00:00,32691.0,32315.953738162756,375.04626183724395,375.04626183724395,140659.69851809053
2001-12-13 11:00:00,32488.0,32613.41229933093,-125.41229933092836,125.41229933092836,15728.244823470375
2001-12-13 12:00:00,32260.0,32061.358543694467,198.6414563055332,198.6414563055332,39458.42816318306
2001-12-13 13:00:00,32163.0,31856.548734244618,306.45126575538234,306.45126575538234,93912.37828307597
2001-12-13 14:00:00,31714.0,31944.379270845675,-230.3792708456749,230.3792708456749,53074.608435384835
2001-12-13 15:00:00,31718.0,31644.60161033154,73.39838966845855,73.39838966845855,5387.323605922883
2001-12-13 16:00:00,33289.0,32592.355971847926,696.6440281520736,696.6440281520736,485312.9019599471
2001-12-13 17:00:00,35951.0,35329.36787365519,621.6321263448117,621.6321263448117,386426.50050397194
2001-12-13 18:00:00,35789.0,36076.92937250641,-287.9293725064126,287.9293725064126,82903.32355193653
2001-12-13 19:00:00,34983.0,35208.192431264084,-225.192431264084,225.192431264084,50711.6310986292
2001-12-13 20:00:00,34129.0,34411.9151294795,-282.91512947950105,282.91512947950105,80040.97048840285
2001-12-13 21:00:00,32486.0,32879.55677619293,-393.5567761929269,393.5567761929269,154886.93608736957
2001-12-13 22:00:00,29481.0,30093.762547545415,-612.7625475454151,612.7625475454151,375477.9396743472
2001-12-13 23:00:00,26518.0,27127.553160503692,-609.5531605036922,609.5531605036922,371555.05548003997
2001-12-14 00:00:00,24121.0,24717.435768387277,-596.4357683872768,596.4357683872768,355735.62581172126
2001-12-14 01:00:00,22936.0,23112.357593532324,-176.35759353232424,176.35759353232424,31102.000796512493
2001-12-14 02:00:00,22305.0,22461.851075141065,-156.85107514106494,156.85107514106494,24602.259772908
2001-12-14 03:00:00,22116.0,22056.328065468297,59.6719345317033,59.6719345317033,3560.739770755885
2001-12-14 04:00:00,22578.0,22362.87480490294,215.1251950970618,215.1251950970618,46278.8495655489
2001-12-14 05:00:00,24552.0,24015.33762312871,536.6623768712889,536.6623768712889,288006.50674914126
2001-12-14 06:00:00,28587.0,27865.788392296843,721.2116077031569,721.2116077031569,520146.1830857723
2001-12-14 07:00:00,31280.0,30802.407104647496,477.59289535250355,477.59289535250355,228094.9736911874
2001-12-14 08:00:00,31750.0,32364.703822118474,-614.7038221184739,614.7038221184739,377860.78892706044
2001-12-14 09:00:00,32086.0,32197.192425968504,-111.19242596850381,111.19242596850381,12363.755592761201
2001-12-14 10:00:00,32189.0,32337.747581240783,-148.7475812407829,148.7475812407829,22125.842924983306
2001-12-14 11:00:00,31979.0,32086.840425801005,-107.84042580100504,107.84042580100504,11629.557436942074
2001-12-14 12:00:00,31775.0,31715.88851632969,59.1114836703091,59.1114836703091,3494.1675017052194
2001-12-14 13:00:00,31646.0,31502.473451087288,143.52654891271231,143.52654891271231,20599.8702427932
2001-12-14 14:00:00,31517.0,31422.601635746545,94.39836425345493,94.39836425345493,8911.051173727958
2001-12-14 15:00:00,31750.0,31424.20489369566,325.79510630434015,325.79510630434015,106142.4512918563
2001-12-14 16:00:00,32833.0,32169.89862422694,663.1013757730616,663.1013757730616,439703.43455212703
2001-12-14 17:00:00,34810.0,34862.57704308661,-52.5770430866105,52.5770430866105,2764.345459731297
2001-12-14 18:00:00,34376.0,35052.565542755685,-676.5655427556849,676.5655427556849,457740.93364429445
2001-12-14 19:00:00,33303.0,33744.13436965439,-441.1343696543918,441.1343696543918,194599.53209037756
2001-12-14 20:00:00,32329.0,32610.573326154656,-281.57332615465566,281.57332615465566,79283.5380017961
2001-12-14 21:00:00,30996.0,31092.90312997395,-96.90312997395085,96.90312997395085,9390.216598748413
2001-12-14 22:00:00,28721.0,28994.238428481058,-273.2384284810578,273.2384284810578,74659.23879879813
2001-12-14 23:00:00,25905.0,26400.301834897004,-495.3018348970036,495.3018348970036,245323.9076523386
2001-12-15 00:00:00,23705.0,24177.789694493596,-472.78969449359647,472.78969449359647,223530.0952193483
2001-12-15 01:00:00,22285.0,22721.830801502347,-436.83080150234673,436.83080150234673,190821.14914118266
2001-12-15 02:00:00,21649.0,21742.04917200048,-93.0491720004793,93.0491720004793,8658.148409974781
2001-12-15 03:00:00,21392.0,21294.391537455653,97.60846254434728,97.60846254434728,9527.411960271245
2001-12-15 04:00:00,21583.0,21380.28531965887,202.7146803411306,202.7146803411306,41093.24162580675
2001-12-15 05:00:00,22487.0,22185.627930956634,301.3720690433656,301.3720690433656,90825.12399947914
2001-12-15 06:00:00,23977.0,23908.621372723006,68.37862727699394,68.37862727699394,4675.63666828606
2001-12-15 07:00:00,25644.0,25481.704875831252,162.29512416874786,162.29512416874786,26339.707328949287
2001-12-15 08:00:00,27564.0,27477.909208104382,86.09079189561817,86.09079189561817,7411.624449214634
2001-12-15 09:00:00,28869.0,28991.585955617837,-122.58595561783659,122.58595561783659,15027.316514738202
2001-12-15 10:00:00,29075.0,29599.02741211949,-524.0274121194889,524.0274121194889,274604.7286526486
2001-12-15 11:00:00,28879.0,29006.06405669363,-127.06405669363085,127.06405669363085,16145.274503442233
2001-12-15 12:00:00,28226.0,28561.94196794236,-335.94196794235904,335.94196794235904,112857.005824985
2001-12-15 13:00:00,27599.0,27842.752683666025,-243.7526836660254,243.7526836660254,59415.37079438945
2001-12-15 14:00:00,26979.0,27301.39791524151,-322.3979152415086,322.3979152415086,103940.41575207096
2001-12-15 15:00:00,26903.0,26942.617391946922,-39.617391946922,39.617391946922,1569.53774467604
2001-12-15 16:00:00,28664.0,27891.100010951188,772.8999890488121,772.8999890488121,597374.3930716539
2001-12-15 17:00:00,32400.0,31026.95882607295,1373.0411739270494,1373.0411739270494,1885242.0652989699
2001-12-15 18:00:00,32679.0,32755.369436829744,-76.36943682974379,76.36943682974379,5832.290881692227
2001-12-15 19:00:00,32252.0,32292.462538204294,-40.462538204294106,40.462538204294106,1637.21699793396
2001-12-15 20:00:00,31831.0,31702.95430569186,128.0456943081408,128.0456943081408,16395.699830853842
2001-12-15 21:00:00,31099.0,30968.293312465277,130.70668753472273,130.70668753472273,17084.23816629964
2001-12-15 22:00:00,29733.0,29488.889664285696,244.1103357143038,244.1103357143038,59589.85600255011
2001-12-15 23:00:00,27599.0,27547.169149691814,51.8308503081862,51.8308503081862,2686.4370436696054
2001-12-16 00:00:00,25695.0,25486.782501996942,208.2174980030577,208.2174980030577,43354.526474653336
2001-12-16 01:00:00,24480.0,24131.21323627406,348.78676372594055,348.78676372594055,121652.20655041508
2001-12-16 02:00:00,23931.0,23743.92532927182,187.07467072817963,187.07467072817963,34996.932428056825
2001-12-16 03:00:00,23661.0,23641.721088539012,19.27891146098773,19.27891146098773,371.676427120604
2001-12-16 04:00:00,23993.0,23709.58913865304,283.4108613469616,283.4108613469616,80321.7163294267
2001-12-16 05:00:00,24574.0,24376.501567786367,197.49843221363335,197.49843221363335,39005.63072684313
2001-12-16 06:00:00,25734.0,25413.274481920387,320.7255180796128,320.7255180796128,102864.85794743604
2001-12-16 07:00:00,26695.0,26955.122231071375,-260.1222310713747,260.1222310713747,67663.57509754965
2001-12-16 08:00:00,28236.0,27754.935118665973,481.0648813340267,481.0648813340267,231423.42005292122
2001-12-16 09:00:00,28956.0,28972.74251773264,-16.742517732640408,16.742517732640408,280.3119000277785
2001-12-16 10:00:00,28770.0,29341.119459260983,-571.1194592609827,571.1194592609827,326177.43674655724
2001-12-16 11:00:00,28456.0,28550.903210299213,-94.90321029921324,94.90321029921324,9006.619325096695
2001-12-16 12:00:00,28251.0,28120.73642660651,130.26357339349124,130.26357339349124,16968.598553241478
2001-12-16 13:00:00,27813.0,27903.83073932961,-90.83073932960906,90.83073932960906,8250.22320716339
2001-12-16 14:00:00,27392.0,27443.614900324257,-51.61490032425718,51.61490032425718,2664.0979354830038
2001-12-16 15:00:00,27495.0,27314.340250959915,180.65974904008544,180.65974904008544,32637.944923226652
2001-12-16 16:00:00,29867.0,28917.561552072428,949.4384479275723,949.4384479275723,901433.3664031173
2001-12-16 17:00:00,33228.0,32113.3451528034,1114.6548471966016,1114.6548471966016,1242455.4283788793
2001-12-16 18:00:00,33663.0,33453.886832886616,209.1131671133844,209.1131671133844,43728.316660190234
2001-12-16 19:00:00,33466.0,33493.171591578735,-27.171591578735388,27.171591578735388,738.2953889216038
2001-12-16 20:00:00,32989.0,33062.4285908455,-73.42859084549855,73.42859084549855,5391.757953555633
2001-12-16 21:00:00,31788.0,32024.111978610035,-236.1119786100353,236.1119786100353,55748.866443145766
2001-12-16 22:00:00,29502.0,29994.37339625466,-492.3733962546612,492.3733962546612,242431.56133934963
2001-12-16 23:00:00,26755.0,27433.15757040934,-678.1575704093411,678.1575704093411,459897.69030350045
2001-12-17 00:00:00,24642.0,25021.591484417484,-379.591484417484,379.591484417484,144089.695042269
2001-12-17 01:00:00,23656.0,23717.26959382411,-61.2695938241086,61.2695938241086,3753.963127371246
2001-12-17 02:00:00,23246.0,23201.39136401069,44.60863598930882,44.60863598930882,1989.9304048266583
2001-12-17 03:00:00,23356.0,23101.893253364036,254.10674663596365,254.10674663596365,64570.23868591382
2001-12-17 04:00:00,23940.0,23873.622514342856,66.37748565714355,66.37748565714355,4405.970602164298
2001-12-17 05:00:00,26036.0,25506.876446981332,529.1235530186677,529.1235530186677,279971.7343590989
2001-12-17 06:00:00,30196.0,29293.94706193251,902.0529380674889,902.0529380674889,813699.5030761888
2001-12-17 07:00:00,33075.0,32857.82503220446,217.17496779553767,217.17496779553767,47164.96663699282
2001-12-17 08:00:00,33431.0,33774.66276956768,-343.6627695676798,343.6627695676798,118104.09918692817
2001-12-17 09:00:00,33511.0,33566.96004111513,-55.96004111513321,55.96004111513321,3131.5262016073993
2001-12-17 10:00:00,33958.0,33510.496721540774,447.50327845922584,447.50327845922584,200259.1842317554
2001-12-17 11:00:00,33386.0,33889.153439197355,-503.1534391973546,503.1534391973546,253163.383376126
2001-12-17 12:00:00,32971.0,33072.56014698137,-101.56014698137005,101.56014698137005,10314.463454877488
2001-12-17 13:00:00,32754.0,32688.135771057347,65.86422894265343,65.86422894265343,4338.096654210265
2001-12-17 14:00:00,32339.0,32533.10702909155,-194.1070290915486,194.1070290915486,37677.538742747296
2001-12-17 15:00:00,32432.0,32205.00350749361,226.9964925063905,226.9964925063905,51527.407610203794
2001-12-17 16:00:00,34375.0,33188.045507246774,1186.954492753226,1186.954492753226,1408860.9678670682
2001-12-17 17:00:00,36963.0,36289.14635298877,673.8536470112304,673.8536470112304,454078.73759033583
2001-12-17 18:00:00,36856.0,36990.89264383285,-134.892643832849,134.892643832849,18196.025360215852
2001-12-17 19:00:00,36071.0,36282.335451559076,-211.33545155907632,211.33545155907632,44662.673085678696
2001-12-17 20:00:00,35179.0,35521.289919710456,-342.28991971045616,342.28991971045616,117162.38913539052
2001-12-17 21:00:00,33429.0,33786.916291949245,-357.9162919492446,357.9162919492446,128104.0720426969
2001-12-17 22:00:00,30419.0,30890.14424740437,-471.1442474043688,471.1442474043688,221976.90186222908
2001-12-17 23:00:00,27345.0,27673.431050293322,-328.4310502933222,328.4310502933222,107866.95479677473
2001-12-18 00:00:00,24640.0,25267.361484941175,-627.3614849411751,627.3614849411751,393582.4327875963
2001-12-18 01:00:00,23345.0,23739.141549963726,-394.141549963726,394.141549963726,155347.5614078083
2001-12-18 02:00:00,22698.0,22820.921456620254,-122.9214566202536,122.9214566202536,15109.684497644887
2001-12-18 03:00:00,22465.0,22354.345011679616,110.65498832038429,110.65498832038429,12244.526440184383
2001-12-18 04:00:00,22850.0,22746.68175240747,103.3182475925314,103.3182475925314,10674.660285591623
2001-12-18 05:00:00,24964.0,24446.52230245774,517.477697542261,517.477697542261,267783.1674536398
2001-12-18 06:00:00,29021.0,28613.373252509653,407.62674749034704,407.62674749034704,166159.56526955916
2001-12-18 07:00:00,31911.0,31552.05668453965,358.9433154603503,358.9433154603503,128840.30371366853
2001-12-18 08:00:00,32301.0,32727.68404214158,-426.68404214158,426.68404214158,182059.2718182776
2001-12-18 09:00:00,32495.0,32444.57627015056,50.42372984944086,50.42372984944086,2542.5525319293934
2001-12-18 10:00:00,32460.0,32659.900212744415,-199.9002127444146,199.9002127444146,39960.095055262216
2001-12-18 11:00:00,32256.0,32293.9318496286,-37.93184962859959,37.93184962859959,1438.825216246691
2001-12-18 12:00:00,31903.0,31905.5493882361,-2.54938823610064,2.54938823610064,6.499380378368332
2001-12-18 13:00:00,31754.0,31601.01367346247,152.98632653753157,152.98632653753157,23404.816107448234
2001-12-18 14:00:00,31514.0,31512.810519746647,1.1894802533533948,1.1894802533533948,1.4148632731176563
2001-12-18 15:00:00,31704.0,31433.964986879124,270.0350131208761,270.0350131208761,72918.90831119173
2001-12-18 16:00:00,33457.0,32316.03293542663,1140.9670645733713,1140.9670645733713,1301805.8424411756
2001-12-18 17:00:00,36983.0,35433.65290206936,1549.3470979306367,1549.3470979306367,2400476.4298660858
2001-12-18 18:00:00,36938.0,37040.8924725863,-102.89247258630348,102.89247258630348,10586.860914923214
2001-12-18 19:00:00,36389.0,36464.06970691919,-75.06970691918832,75.06970691918832,5635.460896932831
2001-12-18 20:00:00,35761.0,35709.82090018638,51.17909981362027,51.17909981362027,2619.3002577325065
2001-12-18 21:00:00,34090.0,34693.92866119916,-603.9286611991629,603.9286611991629,364729.82781781326
2001-12-18 22:00:00,31457.0,31615.928429311927,-158.92842931192718,158.92842931192718,25258.245643556234
2001-12-18 23:00:00,28315.0,28769.364552096176,-454.36455209617634,454.36455209617634,206447.14620155893
2001-12-19 00:00:00,25649.0,26217.947023912915,-568.947023912915,568.947023912915,323700.7160193631
2001-12-19 01:00:00,24596.0,24528.900898019587,67.09910198041325,67.09910198041325,4502.289486577897
2001-12-19 02:00:00,24212.0,24146.142375611966,65.85762438803431,65.85762438803431,4337.226690035412
2001-12-19 03:00:00,24118.0,24033.320870684303,84.67912931569663,84.67912931569663,7170.554941664472
2001-12-19 04:00:00,24683.0,24447.886160224076,235.11383977592413,235.11383977592413,55278.517654178926
2001-12-19 05:00:00,27104.0,26481.07091739613,622.9290826038705,622.9290826038705,388040.6419536997
2001-12-19 06:00:00,31230.0,30819.290090346767,410.7099096532329,410.7099096532329,168682.62988736673
2001-12-19 07:00:00,33565.0,33879.46524625408,-314.46524625408347,314.46524625408347,98888.39110164136
2001-12-19 08:00:00,33417.0,33939.99240188148,-522.9924018814781,522.9924018814781,273521.0524257575
2001-12-19 09:00:00,32982.0,33119.6873067007,-137.68730670070363,137.68730670070363,18957.794426493627
2001-12-19 10:00:00,32658.0,32698.18553341515,-40.18553341515144,40.18553341515144,1614.877095860253
2001-12-19 11:00:00,31947.0,32196.004165369188,-249.00416536918783,249.00416536918783,62003.07437120584
2001-12-19 12:00:00,31266.0,31434.065953674482,-168.06595367448244,168.06595367448244,28246.16478451328
2001-12-19 13:00:00,30930.0,30839.37436319351,90.62563680648964,90.62563680648964,8213.00604658177
2001-12-19 14:00:00,30477.0,30637.301584611396,-160.3015846113958,160.3015846113958,25696.59802892449
2001-12-19 15:00:00,30533.0,30274.75722116209,258.24277883791,258.24277883791,66689.3328219257
2001-12-19 16:00:00,32027.0,31635.888651410874,391.11134858912556,391.11134858912556,152968.08699520447
2001-12-19 17:00:00,36033.0,34712.60760504057,1320.3923949594318,1320.3923949594318,1743436.0766667041
2001-12-19 18:00:00,36376.0,36082.77295957294,293.2270404270603,293.2270404270603,85982.09723761283
2001-12-19 19:00:00,35703.0,35721.718316479746,-18.718316479746136,18.718316479746136,350.37537183593577
2001-12-19 20:00:00,35197.0,35109.0799963906,87.9200036093971,87.9200036093971,7729.927034676399
2001-12-19 21:00:00,33794.0,33852.261192133505,-58.261192133504665,58.261192133504665,3394.3665088171456
2001-12-19 22:00:00,31137.0,31368.390343941654,-231.39034394165355,231.39034394165355,53541.49126943673
2001-12-19 23:00:00,28020.0,28470.378361478553,-450.3783614785534,450.3783614785534,202840.66848810652
2001-12-20 00:00:00,25552.0,26157.926710487074,-605.9267104870742,605.9267104870742,367147.17848168657
2001-12-20 01:00:00,24529.0,24521.44549181973,7.554508180270204,7.554508180270204,57.07059384576944
2001-12-20 02:00:00,24018.0,24061.365033313403,-43.36503331340282,43.36503331340282,1880.5261142725362
2001-12-20 03:00:00,23909.0,23805.423901709415,103.57609829058492,103.57609829058492,10728.00813710091
2001-12-20 04:00:00,24498.0,24273.282859895742,224.71714010425785,224.71714010425785,50497.79305663665
2001-12-20 05:00:00,26709.0,26363.039546615582,345.96045338441763,345.96045338441763,119688.6353059518
2001-12-20 06:00:00,30923.0,30477.208622710936,445.79137728906426,445.79137728906426,198729.95206528084
2001-12-20 07:00:00,33384.0,33380.969227982845,3.030772017154959,3.030772017154959,9.18557901996954
2001-12-20 08:00:00,33701.0,33693.68003687113,7.319963128873496,7.319963128873496,53.58186020806747
2001-12-20 09:00:00,33513.0,33604.040688025,-91.04068802500115,91.04068802500115,8288.406876065586
2001-12-20 10:00:00,33375.0,33118.16641888355,256.83358111645066,256.83358111645066,65963.48838910044
2001-12-20 11:00:00,33123.0,32925.062194036815,197.93780596318538,197.93780596318538,39179.37502951963
2001-12-20 12:00:00,32589.0,32729.21746556168,-140.21746556168,140.21746556168,19660.937648540916
2001-12-20 13:00:00,32504.0,32262.06389431616,241.93610568383883,241.93610568383883,58533.079233461634
2001-12-20 14:00:00,32165.0,32331.546961391945,-166.54696139194493,166.54696139194493,27737.890348889996
2001-12-20 15:00:00,32423.0,32020.147848503628,402.85215149637224,402.85215149637224,162289.85596525605
2001-12-20 16:00:00,34020.0,33334.16691873202,685.8330812679778,685.8330812679778,470367.01536152867
2001-12-20 17:00:00,37717.0,36166.308796545716,1550.6912034542838,1550.6912034542838,2404643.208470495
2001-12-20 18:00:00,37982.0,37699.01114977605,282.98885022394825,282.98885022394825,80082.68935107221
2001-12-20 19:00:00,37508.0,37337.375011226024,170.62498877397593,170.62498877397593,29112.88679411941
2001-12-20 20:00:00,36894.0,36777.12536510799,116.87463489201036,116.87463489201036,13659.680281140727
2001-12-20 21:00:00,35561.0,35747.22243732046,-186.222437320459,186.222437320459,34678.79616157228
2001-12-20 22:00:00,33116.0,33150.266521118734,-34.26652111873409,34.26652111873409,1174.1944695806494
2001-12-20 23:00:00,29793.0,30688.11129605507,-895.1112960550709,895.1112960550709,801224.2323253887
2001-12-21 00:00:00,27364.0,27657.516981738536,-293.51698173853583,293.51698173853583,86152.21856889997
2001-12-21 01:00:00,26104.0,26133.24256312777,-29.242563127769245,29.242563127769245,855.1274982815694
2001-12-21 02:00:00,25547.0,25534.803455884863,12.19654411513693,12.19654411513693,148.7556883524813
2001-12-21 03:00:00,25359.0,25414.03703432694,-55.03703432693874,55.03703432693874,3029.075147504633
2001-12-21 04:00:00,25897.0,25673.27989579363,223.72010420637162,223.72010420637162,50050.68502610977
2001-12-21 05:00:00,27998.0,27491.224655786504,506.7753442134963,506.7753442134963,256821.24950270765
2001-12-21 06:00:00,31932.0,31691.180278646738,240.81972135326214,240.81972135326214,57994.138192662824
2001-12-21 07:00:00,34194.0,34614.85396118004,-420.853961180037,420.853961180037,177118.0566409281
2001-12-21 08:00:00,34249.0,34805.68646666296,-556.6864666629626,556.6864666629626,309899.8221656938
2001-12-21 09:00:00,33912.0,33967.76045180215,-55.760451802147145,55.760451802147145,3109.2279851795747
2001-12-21 10:00:00,33700.0,33469.70835854217,230.29164145782852,230.29164145782852,53034.24012534104
2001-12-21 11:00:00,33093.0,33337.15797803663,-244.15797803663008,244.15797803663008,59613.11823893554
2001-12-21 12:00:00,32330.0,32565.685926199818,-235.6859261998179,235.6859261998179,55547.85580866602
2001-12-21 13:00:00,31854.0,31717.000290233023,136.9997097669766,136.9997097669766,18768.92047623582
2001-12-21 14:00:00,31378.0,31400.5253832402,-22.525383240201336,22.525383240201336,507.39289011794324
2001-12-21 15:00:00,31274.0,31069.770104691423,204.2298953085774,204.2298953085774,41709.85013775248
2001-12-21 16:00:00,32858.0,32033.944126654907,824.0558733450926,824.0558733450926,679068.0823945432
2001-12-21 17:00:00,36734.0,35674.58764096873,1059.4123590312665,1059.4123590312665,1122354.5464681932
2001-12-21 18:00:00,36873.0,37037.43347690795,-164.43347690795053,164.43347690795053,27038.3683280375
2001-12-21 19:00:00,36206.0,36438.0693095682,-232.06930956819997,232.06930956819997,53856.16444346103
2001-12-21 20:00:00,35461.0,35536.13118169318,-75.1311816931775,75.1311816931775,5644.694462613249
2001-12-21 21:00:00,34178.0,34133.07618325442,44.923816745576914,44.923816745576914,2018.149310990177
2001-12-21 22:00:00,32248.0,32078.50860023547,169.4913997645308,169.4913997645308,28727.33459413999
2001-12-21 23:00:00,29651.0,30028.887060279252,-377.8870602792522,377.8870602792522,142798.6303264952
2001-12-22 00:00:00,27377.0,27723.693551699787,-346.69355169978735,346.69355169978735,120196.41879021312
2001-12-22 01:00:00,26051.0,26330.297121171185,-279.2971211711847,279.2971211711847,78006.88189451143
2001-12-22 02:00:00,25852.0,25577.631653280845,274.36834671915494,274.36834671915494,75277.98968140243
2001-12-22 03:00:00,25807.0,25651.902181272242,155.09781872775784,155.09781872775784,24055.33337410843
2001-12-22 04:00:00,25841.0,25951.53162975652,-110.53162975651867,110.53162975651867,12217.241176632124
2001-12-22 05:00:00,26616.0,26701.805420089495,-85.80542008949487,85.80542008949487,7362.570116734691
2001-12-22 06:00:00,27990.0,28043.71113882878,-53.71113882878126,53.71113882878126,2884.8864342846136
2001-12-22 07:00:00,29253.0,29337.25854198979,-84.25854198979141,84.25854198979141,7099.501898245442
2001-12-22 08:00:00,30638.0,30767.587944475727,-129.58794447572654,129.58794447572654,16793.035353443986
2001-12-22 09:00:00,31223.0,31791.95015018916,-568.9501501891609,568.9501501891609,323704.27340026875
2001-12-22 10:00:00,30984.0,31311.740993897372,-327.7409938973724,327.7409938973724,107414.15908083749
2001-12-22 11:00:00,30174.0,30565.29496183872,-391.29496183872106,391.29496183872106,153111.74716036618
2001-12-22 12:00:00,29249.0,29624.382598580843,-375.3825985808435,375.3825985808435,140912.09531730667
2001-12-22 13:00:00,28384.0,28490.404180448142,-106.40418044814214,106.40418044814214,11321.849616840795
2001-12-22 14:00:00,27817.0,27662.855295679954,154.144704320046,154.144704320046,23760.58986991441
2001-12-22 15:00:00,27686.0,27491.499732923712,194.50026707628786,194.50026707628786,37830.353892747306
2001-12-22 16:00:00,29525.0,28306.786096286563,1218.2139037134366,1218.2139037134366,1484045.1152007303
2001-12-22 17:00:00,33430.0,31750.8878565293,1679.1121434706984,1679.1121434706984,2819417.590350763
2001-12-22 18:00:00,33821.0,34106.71459198011,-285.71459198011144,285.71459198011144,81632.82807036156
2001-12-22 19:00:00,33564.0,33647.37441809414,-83.37441809414304,83.37441809414304,6951.293592536966
2001-12-22 20:00:00,33192.0,33158.554790430164,33.44520956983615,33.44520956983615,1118.5820431702598
2001-12-22 21:00:00,32340.0,32397.475133191412,-57.47513319141217,57.47513319141217,3303.390935370569
2001-12-22 22:00:00,31189.0,30581.62171237564,607.3782876243604,607.3782876243604,368908.38427750027
2001-12-22 23:00:00,29426.0,29405.717180540123,20.28281945987692,20.28281945987692,411.3927652419618
2001-12-23 00:00:00,27141.0,27739.14961130549,-598.1496113054891,598.1496113054891,357782.9575049077
2001-12-23 01:00:00,25425.0,26269.538414935083,-844.538414935083,844.538414935083,713245.1343010624
2001-12-23 02:00:00,24901.0,24736.916765472466,164.08323452753393,164.08323452753393,26923.307853017704
2001-12-23 03:00:00,24633.0,24510.007644400266,122.99235559973386,122.99235559973386,15127.119535971384
2001-12-23 04:00:00,24684.0,24774.699344881454,-90.69934488145373,90.69934488145373,8226.371161924886
2001-12-23 05:00:00,25327.0,25167.73340346587,159.26659653412935,159.26659653412935,25365.848771565143
2001-12-23 06:00:00,26357.0,26392.319889810416,-35.3198898104165,35.3198898104165,1247.4946162199633
2001-12-23 07:00:00,27471.0,27541.810922236,-70.8109222359999,70.8109222359999,5014.186707912824
2001-12-23 08:00:00,28661.0,28816.64987858633,-155.64987858632958,155.64987858632958,24226.88470393914
2001-12-23 09:00:00,28931.0,29561.70331140715,-630.7033114071492,630.7033114071492,397786.66701994336
2001-12-23 10:00:00,28564.0,29369.88383772863,-805.8838377286302,805.8838377286302,649448.7599122251
2001-12-23 11:00:00,27879.0,28468.08066224612,-589.0806622461205,589.0806622461205,347016.0266323279
2001-12-23 12:00:00,27441.0,27533.543133871306,-92.54313387130605,92.54313387130605,8564.231626722474
2001-12-23 13:00:00,26971.0,27159.466345856163,-188.46634585616266,188.46634585616266,35519.56352037472
2001-12-23 14:00:00,26666.0,26766.45044034002,-100.45044034002058,100.45044034002058,10090.290964504033
2001-12-23 15:00:00,26989.0,26747.0070220252,241.99297797480176,241.99297797480176,58560.60138911289
2001-12-23 16:00:00,29163.0,28245.751008610656,917.2489913893442,917.2489913893442,841345.7122047691
2001-12-23 17:00:00,32119.0,31060.62556143369,1058.3744385663085,1058.3744385663085,1120156.4522105488
2001-12-23 18:00:00,32279.0,32593.605001863438,-314.6050018634378,314.6050018634378,98976.30719749369
2001-12-23 19:00:00,31896.0,31932.772905713548,-36.772905713547516,36.772905713547516,1352.2465946174555
2001-12-23 20:00:00,31354.0,31434.986015826118,-80.98601582611809,80.98601582611809,6558.73475938825
2001-12-23 21:00:00,30407.0,30687.397462680656,-280.39746268065574,280.39746268065574,78622.73707774973
2001-12-23 22:00:00,28523.0,29051.63204243436,-528.6320424343612,528.6320424343612,279451.83628832427
2001-12-23 23:00:00,26125.0,26865.23515944524,-740.2351594452412,740.2351594452412,547948.0912789216
2001-12-24 00:00:00,23811.0,24722.325714643343,-911.3257146433425,911.3257146433425,830514.5581701989
2001-12-24 01:00:00,22421.0,22960.550722530395,-539.5507225303954,539.5507225303954,291114.9821830718
2001-12-24 02:00:00,21629.0,21920.99965587882,-291.9996558788189,291.9996558788189,85263.79903334865
2001-12-24 03:00:00,21678.0,21497.971325498598,180.02867450140184,180.02867450140184,32410.32364273169
2001-12-24 04:00:00,21634.0,22030.873729476072,-396.8737294760722,396.8737294760722,157508.7571482465
2001-12-24 05:00:00,22770.0,23244.737041586195,-474.7370415861951,474.7370415861951,225375.25865401275
2001-12-24 06:00:00,24686.0,26037.71650009227,-1351.7165000922687,1351.7165000922687,1827137.4966216923
2001-12-24 07:00:00,26463.0,27315.6393477912,-852.6393477911988,852.6393477911988,726993.8574018009
2001-12-24 08:00:00,27988.0,28548.574131649486,-560.5741316494859,560.5741316494859,314243.3570745752
2001-12-24 09:00:00,29121.0,29286.96132041138,-165.96132041138117,165.96132041138117,27543.159872689124
2001-12-24 10:00:00,29263.0,29827.13529540872,-564.1352954087197,564.1352954087197,318248.63152588345
2001-12-24 11:00:00,28937.0,29803.15514582607,-866.1551458260692,866.1551458260692,750224.7366409792
2001-12-24 12:00:00,28370.0,29147.568061212634,-777.5680612126343,777.5680612126343,604612.0898179751
2001-12-24 13:00:00,27817.0,28394.52999794558,-577.5299979455813,577.5299979455813,333540.8985270231
2001-12-24 14:00:00,27612.0,27819.148218736613,-207.14821873661276,207.14821873661276,42910.384525751564
2001-12-24 15:00:00,27584.0,27751.92705284819,-167.92705284819021,167.92705284819021,28199.49507827887
2001-12-24 16:00:00,29106.0,28715.64089943931,390.3591005606904,390.3591005606904,152380.2273905512
2001-12-24 17:00:00,32592.0,31234.095776443493,1357.9042235565066,1357.9042235565066,1843903.880352599
2001-12-24 18:00:00,32211.0,33066.71892724586,-855.7189272458636,855.7189272458636,732254.8824468117
2001-12-24 19:00:00,31251.0,31979.244668983552,-728.2446689835524,728.2446689835524,530340.2979029638
2001-12-24 20:00:00,30846.0,30807.986866098658,38.01313390134237,38.01313390134237,1444.9983490013847
2001-12-24 21:00:00,30568.0,29842.99890350742,725.0010964925787,725.0010964925787,525626.5899154413
2001-12-24 22:00:00,29717.0,28729.580333546,987.4196664539995,987.4196664539995,974997.5977001276
2001-12-24 23:00:00,28106.0,27390.969393303352,715.0306066966477,715.0306066966477,511268.7685129761
2001-12-25 00:00:00,26466.0,25715.66762924867,750.33237075133,750.33237075133,562998.6665973114
2001-12-25 01:00:00,25154.0,25270.149478731044,-116.14947873104393,116.14947873104393,13490.701409493226
2001-12-25 02:00:00,24415.0,24365.466811510923,49.533188489076565,49.533188489076565,2453.536761894387
2001-12-25 03:00:00,24156.0,24116.1098270592,39.89017294079895,39.89017294079895,1591.2258972468485
2001-12-25 04:00:00,24300.0,24366.079663041986,-66.07966304198635,66.07966304198635,4366.521867742456
2001-12-25 05:00:00,24975.0,25505.777049830478,-530.7770498304781,530.7770498304781,281724.2766267458
2001-12-25 06:00:00,26130.0,27080.761978242503,-950.7619782425027,950.7619782425027,903948.3392715971
2001-12-25 07:00:00,27211.0,28617.967832418442,-1406.9678324184424,1406.9678324184424,1979558.4814602502
2001-12-25 08:00:00,28191.0,29057.235342867083,-866.2353428670831,866.2353428670831,750363.669232053
2001-12-25 09:00:00,28909.0,29345.623981098324,-436.6239810983243,436.6239810983243,190640.50087014984
2001-12-25 10:00:00,28811.0,29467.134225548638,-656.1342255486379,656.1342255486379,430512.12193631084
2001-12-25 11:00:00,28259.0,28878.461378894848,-619.4613788948482,619.4613788948482,383732.3999423066
2001-12-25 12:00:00,27366.0,28323.489651046726,-957.4896510467261,957.4896510467261,916786.4318615813
2001-12-25 13:00:00,26864.0,27260.35277061829,-396.3527706182904,396.3527706182904,157095.5187767951
2001-12-25 14:00:00,25667.0,26676.428337001886,-1009.4283370018857,1009.4283370018857,1018945.5675423924
2001-12-25 15:00:00,25709.0,25625.971265112505,83.02873488749538,83.02873488749538,6893.770817017991
2001-12-25 16:00:00,27226.0,26450.665805293225,775.3341947067747,775.3341947067747,601143.1134816029
2001-12-25 17:00:00,29990.0,29193.004003028665,796.9959969713345,796.9959969713345,635202.6191883315
2001-12-25 18:00:00,30362.0,30895.97363611437,-533.9736361143696,533.9736361143696,285127.8440652012
2001-12-25 19:00:00,30510.0,30487.855524082206,22.144475917793898,22.144475917793898,490.3778136737539
2001-12-25 20:00:00,30692.0,30419.239129726066,272.7608702739344,272.7608702739344,74398.49235259408
2001-12-25 21:00:00,30230.0,29965.451992639057,264.5480073609433,264.5480073609433,69985.64819864571
2001-12-25 22:00:00,28868.0,28905.46112184615,-37.46112184615049,37.46112184615049,1403.3356499721335
2001-12-25 23:00:00,26833.0,26953.6159870823,-120.6159870822994,120.6159870822994,14548.216339837416
2001-12-26 00:00:00,25144.0,25036.875883096174,107.12411690382578,107.12411690382578,11475.576422424532
2001-12-26 01:00:00,24246.0,24161.15175377534,84.84824622466112,84.84824622466112,7199.224887400721
2001-12-26 02:00:00,23839.0,23928.09158078591,-89.09158078590917,89.09158078590917,7937.3097669321805
2001-12-26 03:00:00,23820.0,23788.011524529098,31.988475470901903,31.988475470901903,1023.2625629524928
2001-12-26 04:00:00,24564.0,24299.260706108034,264.73929389196564,264.73929389196564,70086.89373041656
2001-12-26 05:00:00,26255.0,26258.357314026805,-3.3573140268053976,3.3573140268053976,11.271557474584274
2001-12-26 06:00:00,28981.0,29439.045343801143,-458.04534380114274,458.04534380114274,209805.53697790706
2001-12-26 07:00:00,31268.0,30988.213547638672,279.786452361328,279.786452361328,78280.45892493764
2001-12-26 08:00:00,32455.0,31788.809123632058,666.1908763679421,666.1908763679421,443810.2837558867
2001-12-26 09:00:00,33188.0,32736.56496465476,451.43503534523916,451.43503534523916,203793.59113715732
2001-12-26 10:00:00,33274.0,33009.63992866982,264.36007133017847,264.36007133017847,69886.24731369705
2001-12-26 11:00:00,33192.0,32920.125939704965,271.8740602950347,271.8740602950347,73915.50466130818
2001-12-26 12:00:00,32620.0,32861.43549893245,-241.43549893244926,241.43549893244926,58291.10014476071
2001-12-26 13:00:00,32088.0,32223.69698562243,-135.69698562243138,135.69698562243138,18413.671907014348
2001-12-26 14:00:00,31577.0,31739.229083392613,-162.22908339261267,162.22908339261267,26318.275498407274
2001-12-26 15:00:00,31453.0,31376.177830308792,76.82216969120782,76.82216969120782,5901.6457560647295
2001-12-26 16:00:00,33083.0,31585.213318680217,1497.7866813197834,1497.7866813197834,2243364.94273893
2001-12-26 17:00:00,37104.0,34066.565637260624,3037.4343627393755,3037.4343627393755,9226007.507949956
2001-12-26 18:00:00,37531.0,36822.25186166782,708.7481383321792,708.7481383321792,502323.9235893299
2001-12-26 19:00:00,37000.0,36839.147762105924,160.8522378940761,160.8522378940761,25873.44243553245
2001-12-26 20:00:00,36376.0,36352.9775783433,23.022421656700317,23.022421656700317,530.0318989389037
2001-12-26 21:00:00,35099.0,35071.315668114104,27.684331885895517,27.684331885895517,766.4222319684112
2001-12-26 22:00:00,32732.0,32555.640596443416,176.35940355658386,176.35940355658386,31102.639222834
2001-12-26 23:00:00,30328.0,30284.35950663916,43.64049336083917,43.64049336083917,1904.492660777448
2001-12-27 00:00:00,28332.0,27828.254030385608,503.7459696143924,503.7459696143924,253760.00190274432
2001-12-27 01:00:00,27329.0,27188.835836606813,140.16416339318675,140.16416339318675,19645.992699711955
2001-12-27 02:00:00,26986.0,26786.014420967633,199.98557903236724,199.98557903236724,39994.231820911205
2001-12-27 03:00:00,27009.0,26844.983196249574,164.01680375042633,164.01680375042633,26901.511912505866
2001-12-27 04:00:00,27555.0,27477.80460671662,77.19539328337851,77.19539328337851,5959.128744175479
2001-12-27 05:00:00,29332.0,29635.998136011895,-303.99813601189453,303.99813601189453,92414.86669870632
2001-12-27 06:00:00,32132.0,32839.24934680059,-707.2493468005923,707.2493468005923,500201.6385498645
2001-12-27 07:00:00,33888.0,34728.265863761524,-840.2658637615241,840.2658637615241,706046.7218029002
2001-12-27 08:00:00,34827.0,34741.477582261236,85.52241773876449,85.52241773876449,7314.083935883739
2001-12-27 09:00:00,34997.0,34939.503733148296,57.496266851703695,57.496266851703695,3305.820701882321
2001-12-27 10:00:00,35021.0,34722.018121659,298.981878341001,298.981878341001,89390.16357631312
2001-12-27 11:00:00,34786.0,34600.715217616606,185.2847823833945,185.2847823833945,34330.45058286185
2001-12-27 12:00:00,34341.0,34124.031648846954,216.96835115304566,216.96835115304566,47075.26540207133
2001-12-27 13:00:00,34121.0,33844.78668780847,276.21331219153217,276.21331219153217,76293.79383181682
2001-12-27 14:00:00,33726.0,33805.52229704098,-79.52229704098136,79.52229704098136,6323.795726674072
2001-12-27 15:00:00,33546.0,33710.41502715162,-164.41502715161914,164.41502715161914,27032.30115326766
2001-12-27 16:00:00,34757.0,34464.59452940233,292.40547059766686,292.40547059766686,85500.95923544302
2001-12-27 17:00:00,38391.0,36719.701390596965,1671.2986094030348,1671.2986094030348,2793239.041792518
2001-12-27 18:00:00,38743.0,38716.81120640036,26.18879359964194,26.18879359964194,685.8529102046466
2001-12-27 19:00:00,37919.0,38132.84535078065,-213.845350780648,213.845350780648,45729.83405049839
2001-12-27 20:00:00,37161.0,37166.602501094465,-5.602501094464969,5.602501094464969,31.388018513481178
2001-12-27 21:00:00,35743.0,35944.46123342831,-201.46123342830833,201.46123342830833,40586.62857445534
2001-12-27 22:00:00,33252.0,33449.309493137574,-197.30949313757446,197.30949313757446,38931.03608220654
2001-12-27 23:00:00,30659.0,30756.086268203817,-97.08626820381687,97.08626820381687,9425.743473743463
2001-12-28 00:00:00,28511.0,28534.05965492678,-23.05965492677933,23.05965492677933,531.7476853421383
2001-12-28 01:00:00,27574.0,27258.85326110488,315.1467388951205,315.1467388951205,99317.46703622927
2001-12-28 02:00:00,27139.0,27070.987190180665,68.0128098193345,68.0128098193345,4625.7422995209645
2001-12-28 03:00:00,27198.0,26939.060530073333,258.9394699266668,258.9394699266668,67049.64908590318
2001-12-28 04:00:00,27772.0,27610.884848467955,161.11515153204527,161.11515153204527,25958.092053193912
2001-12-28 05:00:00,29414.0,29486.093042954668,-72.09304295466791,72.09304295466791,5197.4068424635925
2001-12-28 06:00:00,32066.0,32692.018088191064,-626.0180881910637,626.0180881910637,391898.6467423944
2001-12-28 07:00:00,33942.0,34750.654338325454,-808.6543383254539,808.6543383254539,653921.8388925776
2001-12-28 08:00:00,34705.0,34958.951127877095,-253.95112787709513,253.95112787709513,64491.175350048725
2001-12-28 09:00:00,35134.0,34797.714608098424,336.2853919015761,336.2853919015761,113087.86480639661
2001-12-28 10:00:00,35049.0,35016.038263916256,32.961736083743745,32.961736083743745,1086.4760456543745
2001-12-28 11:00:00,34415.0,34689.38800881137,-274.38800881137286,274.38800881137286,75288.77937947003
2001-12-28 12:00:00,33481.0,33917.22404126927,-436.22404126926995,436.22404126926995,190291.41418129372
2001-12-28 13:00:00,32985.0,32989.65214961961,-4.652149619607371,4.652149619607371,21.642496083213008
2001-12-28 14:00:00,32639.0,32521.672391629418,117.32760837058231,117.32760837058231,13765.767685960736
2001-12-28 15:00:00,32490.0,32466.420024260104,23.579975739896327,23.579975739896327,556.0152558940994
2001-12-28 16:00:00,33859.0,33430.79438533474,428.20561466526124,428.20561466526124,183360.0484308542
2001-12-28 17:00:00,36840.0,36604.10220505883,235.89779494117101,235.89779494117101,55647.76965810677
2001-12-28 18:00:00,36773.0,37477.24607249881,-704.2460724988123,704.2460724988123,495962.5306300024
2001-12-28 19:00:00,35941.0,36029.51359374607,-88.51359374607273,88.51359374607273,7834.656277844805
2001-12-28 20:00:00,35138.0,35234.707343416376,-96.7073434163758,96.7073434163758,9352.310270652844
2001-12-28 21:00:00,33979.0,34002.86282938266,-23.862829382662312,23.862829382662312,569.4346261460518
2001-12-28 22:00:00,32054.0,32060.55369942283,-6.553699422831414,6.553699422831414,42.95097612482081
2001-12-28 23:00:00,29997.0,29802.175260279346,194.82473972065418,194.82473972065418,37956.679207220644
2001-12-29 00:00:00,27925.0,27927.95177847368,-2.9517784736817703,2.9517784736817703,8.712996157691082
2001-12-29 01:00:00,26721.0,27021.368273092805,-300.3682730928049,300.3682730928049,90221.09948075381
2001-12-29 02:00:00,26111.0,26351.05356041863,-240.0535604186298,240.0535604186298,57625.71186966074
2001-12-29 03:00:00,25832.0,25973.222181841742,-141.22218184174199,141.22218184174199,19943.70464414204
2001-12-29 04:00:00,25867.0,25928.496265835358,-61.49626583535792,61.49626583535792,3781.7907116930096
2001-12-29 05:00:00,26404.0,26634.128254339463,-230.12825433946273,230.12825433946273,52959.01344532845
2001-12-29 06:00:00,27381.0,27815.751032570744,-434.7510325707444,434.7510325707444,189008.4603213285
2001-12-29 07:00:00,28609.0,28860.29264554847,-251.29264554847032,251.29264554847032,63147.99370674914
2001-12-29 08:00:00,30073.0,30050.75157450312,22.248425496880373,22.248425496880373,494.99243709023665
2001-12-29 09:00:00,31518.0,31722.262313466712,-204.26231346671193,204.26231346671193,41723.09270277328
2001-12-29 10:00:00,31890.0,32202.276107415702,-312.2761074157024,312.2761074157024,97516.36726270332
2001-12-29 11:00:00,31296.0,31846.00437721361,-550.0043772136087,550.0043772136087,302504.8149541296
2001-12-29 12:00:00,30422.0,30565.06318546347,-143.0631854634703,143.0631854634703,20467.075034955298
2001-12-29 13:00:00,29566.0,29764.840596626887,-198.84059662688742,198.84059662688742,39537.58286693655
2001-12-29 14:00:00,29046.0,29170.15190889638,-124.15190889637961,124.15190889637961,15413.696482614941
2001-12-29 15:00:00,29101.0,29123.96514517024,-22.965145170241158,22.965145170241158,527.3978926902507
2001-12-29 16:00:00,30710.0,29981.608344777807,728.3916552221926,728.3916552221926,530554.4033973255
2001-12-29 17:00:00,34092.0,32869.18336608077,1222.8166339192321,1222.8166339192321,1495280.5201895614
2001-12-29 18:00:00,34788.0,34467.775634513164,320.2243654868362,320.2243654868362,102543.64425144684
2001-12-29 19:00:00,34604.0,34529.44220188173,74.55779811827233,74.55779811827233,5558.865260245053
2001-12-29 20:00:00,34216.0,34100.92859701297,115.0714029870287,115.0714029870287,13241.427785403159
2001-12-29 21:00:00,33411.0,33344.54186652252,66.45813347747753,66.45813347747753,4416.6835053102195
2001-12-29 22:00:00,32058.0,31935.68762988579,122.31237011421035,122.31237011421035,14960.315882955578
2001-12-29 23:00:00,30080.0,30267.377042067194,-187.37704206719354,187.37704206719354,35110.15589385082
2001-12-30 00:00:00,28326.0,28234.036062009793,91.96393799020734,91.96393799020734,8457.3658906667
2001-12-30 01:00:00,27362.0,27295.199597800496,66.80040219950388,66.80040219950388,4462.293734015482
2001-12-30 02:00:00,27108.0,26905.515209866637,202.48479013336328,202.48479013336328,41000.09023535217
2001-12-30 03:00:00,26865.0,26971.598448996643,-106.59844899664313,106.59844899664313,11363.229328489926
2001-12-30 04:00:00,26808.0,26984.23740377927,-176.2374037792688,176.2374037792688,31059.622490857026
2001-12-30 05:00:00,27352.0,27451.319068252848,-99.3190682528475,99.3190682528475,9864.27731861378
2001-12-30 06:00:00,28403.0,28413.700422521433,-10.700422521433211,10.700422521433211,114.49904213719508
2001-12-30 07:00:00,29305.0,29487.15312131789,-182.1531213178896,182.1531213178896,33179.75960584981
2001-12-30 08:00:00,30329.0,30410.761438806596,-81.76143880659583,81.76143880659583,6684.932875724715
2001-12-30 09:00:00,31206.0,31263.330239066912,-57.33023906691233,57.33023906691233,3286.7563114693203
2001-12-30 10:00:00,31460.0,31509.499774412383,-49.499774412382976,49.499774412382976,2450.2276668768045
2001-12-30 11:00:00,31384.0,31280.044663110777,103.95533688922296,103.95533688922296,10806.71206775184
2001-12-30 12:00:00,31058.0,30948.80017732531,109.19982267469095,109.19982267469095,11924.601272183947
2001-12-30 13:00:00,30583.0,30624.087988207637,-41.087988207636954,41.087988207636954,1688.2227749509134
2001-12-30 14:00:00,30150.0,30241.101426720663,-91.10142672066286,91.10142672066286,8299.469950540304
2001-12-30 15:00:00,30235.0,29925.516534669132,309.48346533086806,309.48346533086806,95780.01531320262
2001-12-30 16:00:00,31981.0,31311.561621995632,669.4383780043681,669.4383780043681,448147.7419451193
2001-12-30 17:00:00,35848.0,34376.80280644631,1471.197193553693,1471.197193553693,2164421.182320263
2001-12-30 18:00:00,36532.0,36141.32088779101,390.6791122089926,390.6791122089926,152630.16871640662
2001-12-30 19:00:00,36353.0,36180.51331970301,172.48668029699184,172.48668029699184,29751.65487987667
2001-12-30 20:00:00,35974.0,35752.969491569704,221.03050843029632,221.03050843029632,48854.485656955294
2001-12-30 21:00:00,34979.0,35018.92455846631,-39.924558466307644,39.924558466307644,1593.9703687296173
2001-12-30 22:00:00,33331.0,32910.77805783146,420.22194216853677,420.22194216853677,176586.48067989707
2001-12-30 23:00:00,31014.0,31415.093946434274,-401.0939464342737,401.0939464342737,160876.35386622
2001-12-31 00:00:00,29001.0,29124.23757951084,-123.23757951083826,123.23757951083826,15187.501003690182
2001-12-31 01:00:00,28138.0,27888.902076490573,249.09792350942735,249.09792350942735,62049.77549670852
2001-12-31 02:00:00,27830.0,27598.02857726949,231.9714227305085,231.9714227305085,53810.74096361627
2001-12-31 03:00:00,27874.0,27785.002728144773,88.99727185522715,88.99727185522715,7920.514397673207
2001-12-31 04:00:00,28427.0,28460.732257740412,-33.732257740412024,33.732257740412024,1137.865212265587
2001-12-31 05:00:00,29688.0,30109.388274795965,-421.3882747959651,421.3882747959651,177568.0781355198
2001-12-31 06:00:00,31942.0,32068.03900903252,-126.03900903251997,126.03900903251997,15885.831797899651
2001-12-31 07:00:00,33380.0,35035.325097003064,-1655.325097003064,1655.325097003064,2740101.1767682033
2001-12-31 08:00:00,34339.0,34514.929495647055,-175.92949564705486,175.92949564705486,30951.187438627097
2001-12-31 09:00:00,34757.0,34751.28477348688,5.715226513122616,5.715226513122616,32.663814096299696
2001-12-31 10:00:00,34970.0,34462.81477429447,507.18522570552886,507.18522570552886,257236.85317396827
2001-12-31 11:00:00,34428.0,34689.04150429242,-261.04150429242145,261.04150429242145,68142.66696325029
2001-12-31 12:00:00,33642.0,33879.126135533814,-237.1261355338138,237.1261355338138,56228.80415320063
2001-12-31 13:00:00,32719.0,33232.67240267394,-513.6724026739394,513.6724026739394,263859.3372688177
2001-12-31 14:00:00,31941.0,32423.94578042977,-482.9457804297708,482.9457804297708,233236.6268349204
2001-12-31 15:00:00,31759.0,31695.188738120203,63.8112618797968,63.8112618797968,4071.8771426920084
2001-12-31 16:00:00,33587.0,32335.942882188883,1251.0571178111168,1251.0571178111168,1565143.9120258584
2001-12-31 17:00:00,37568.0,35752.56758218967,1815.432417810327,1815.432417810327,3295794.8636366497
2001-12-31 18:00:00,37570.0,37894.05744080532,-324.0574408053217,324.0574408053217,105013.22494129457
2001-12-31 19:00:00,36392.0,36980.66517188392,-588.6651718839203,588.6651718839203,346526.6845891254
2001-12-31 20:00:00,35082.0,35639.69753953368,-557.6975395336776,557.6975395336776,311026.5456019179
2001-12-31 21:00:00,33890.0,34127.38315159543,-237.3831515954298,237.3831515954298,56350.76066137881
2001-12-31 22:00:00,32590.0,31781.56619009337,808.4338099066299,808.4338099066299,653565.225000149
2001-12-31 23:00:00,31569.0,30458.38694072144,1110.6130592785594,1110.6130592785594,1233461.3674400807
