timestamp,actual,prediction,error,absolute_error,squared_error
2001-06-10 09:00:00,25718.0,25592.195809444165,125.8041905558348,125.8041905558348,15826.694361408792
2001-06-10 10:00:00,27213.0,26971.676140789757,241.32385921024252,241.32385921024252,58237.20502412495
2001-06-10 11:00:00,28267.0,28123.84352486586,143.15647513413933,143.15647513413933,20493.776372831453
2001-06-10 12:00:00,28845.0,28816.4793567648,28.520643235198804,28.520643235198804,813.4270905494914
2001-06-10 13:00:00,29061.0,29115.1356827897,-54.135682789699786,54.135682789699786,2930.6721511069977
2001-06-10 14:00:00,29329.0,29326.28521056917,2.7147894308291143,2.7147894308291143,7.370081653741466
2001-06-10 15:00:00,29576.0,29549.075362137577,26.92463786242297,26.92463786242297,724.9361240226206
2001-06-10 16:00:00,29926.0,29743.239866368684,182.76013363131642,182.76013363131642,33401.266444936635
2001-06-10 17:00:00,30384.0,30013.028346287127,370.9716537128734,370.9716537128734,137619.96785846405
2001-06-10 18:00:00,30328.0,30282.50916864953,45.490831350471126,45.490831350471126,2069.4157369570066
2001-06-10 19:00:00,29944.0,30114.341227127425,-170.34122712742465,170.34122712742465,29016.13365927687
2001-06-10 20:00:00,30358.0,29672.691211782032,685.308788217968,685.308788217968,469648.13520877965
2001-06-10 21:00:00,30961.0,29768.843160438635,1192.156839561365,1192.156839561365,1421237.930112942
2001-06-10 22:00:00,29177.0,29044.581839571834,132.41816042816572,132.41816042816572,17534.569211179434
2001-06-10 23:00:00,26590.0,26792.852631737023,-202.85263173702333,202.85263173702333,41149.190202636404
2001-06-11 00:00:00,24371.0,24053.54858322155,317.45141677845095,317.45141677845095,100775.40201464576
2001-06-11 01:00:00,23054.0,22970.278443709165,83.721556290835,83.721556290835,7009.298987759453
2001-06-11 02:00:00,22322.0,22318.578556576645,3.4214434233545035,3.4214434233545035,11.706275099215784
2001-06-11 03:00:00,22122.0,21952.372699855612,169.62730014438785,169.62730014438785,28773.42095427424
2001-06-11 04:00:00,22387.0,22356.659119392767,30.340880607232975,30.340880607232975,920.569036022366
2001-06-11 05:00:00,23702.0,24063.353357301577,-361.3533573015775,361.3533573015775,130576.24883312153
2001-06-11 06:00:00,26620.0,26151.08740238094,468.91259761905894,468.91259761905894,219879.0242058535
2001-06-11 07:00:00,30130.0,29417.01936185786,712.9806381421404,712.9806381421404,508341.3903655737
2001-06-11 08:00:00,32315.0,32162.069307070582,152.930692929418,152.930692929418,23387.796839871942
2001-06-11 09:00:00,34143.0,33542.95162713203,600.0483728679683,600.0483728679683,360058.0497814963
2001-06-11 10:00:00,35710.0,35177.37350094148,532.6264990585187,532.6264990585187,283690.9874993342
2001-06-11 11:00:00,36771.0,36613.53318583562,157.46681416437787,157.46681416437787,24795.797563078715
2001-06-11 12:00:00,37442.0,37664.26907281763,-222.26907281763124,222.26907281763124,49403.54073120946
2001-06-11 13:00:00,38125.0,38238.807158428914,-113.80715842891368,113.80715842891368,12952.069309663859
2001-06-11 14:00:00,38713.0,38786.89654552043,-73.89654552043066,73.89654552043066,5460.6994398530815
2001-06-11 15:00:00,39141.0,39114.17741368709,26.82258631291188,26.82258631291188,719.4511365136077
2001-06-11 16:00:00,39406.0,39253.14391437548,152.8560856245167,152.8560856245167,23364.982912449585
2001-06-11 17:00:00,39133.0,38848.69062155166,284.3093784483426,284.3093784483426,80831.82267368291
2001-06-11 18:00:00,38113.0,38012.375863382455,100.62413661754545,100.62413661754545,10125.21687002645
2001-06-11 19:00:00,37280.0,37116.852784004055,163.14721599594486,163.14721599594486,26617.014087227486
2001-06-11 20:00:00,37357.0,36472.11571932279,884.8842806772082,884.8842806772082,783020.1901896201
2001-06-11 21:00:00,37476.0,36192.919344631315,1283.0806553686853,1283.0806553686853,1646295.968181335
2001-06-11 22:00:00,34581.0,34554.68116666667,26.318833333330986,26.318833333330986,692.6809880276542
2001-06-11 23:00:00,30864.0,31678.857438930656,-814.8574389306559,814.8574389306559,663992.6457806276
2001-06-12 00:00:00,28083.0,28043.79879520426,39.20120479573961,39.20120479573961,1536.7344574375184
2001-06-12 01:00:00,26556.0,26285.49702848727,270.50297151273116,270.50297151273116,73171.85759721744
2001-06-12 02:00:00,25464.0,25484.88571273777,-20.88571273777052,20.88571273777052,436.21299656466965
2001-06-12 03:00:00,24844.0,24812.64345381041,31.3565461895887,31.3565461895887,983.2329889398095
2001-06-12 04:00:00,24824.0,24615.18859519378,208.8114048062198,208.8114048062198,43602.202777146995
2001-06-12 05:00:00,26008.0,25842.420637007122,165.57936299287758,165.57936299287758,27416.525449127115
2001-06-12 06:00:00,28990.0,28157.4576710509,832.5423289491009,832.5423289491009,693126.729491993
2001-06-12 07:00:00,32354.0,32217.07780004445,136.92219995554842,136.92219995554842,18747.688840667186
2001-06-12 08:00:00,34684.0,34634.994317619225,49.0056823807754,49.0056823807754,2401.55690560544
2001-06-12 09:00:00,36603.0,36235.01155591813,367.9884440818714,367.9884440818714,135415.4949777966
2001-06-12 10:00:00,38263.0,38249.06025629922,13.939743700779218,13.939743700779218,194.31645444341387
2001-06-12 11:00:00,39492.0,39389.07212914309,102.92787085691089,102.92787085691089,10594.146599136926
2001-06-12 12:00:00,40402.0,40321.32683789131,80.6731621086874,80.6731621086874,6508.1590846145555
2001-06-12 13:00:00,41298.0,41282.23713564821,15.762864351789176,15.762864351789176,248.467892572906
2001-06-12 14:00:00,42266.0,42093.11944695564,172.88055304435693,172.88055304435693,29887.68562092271
2001-06-12 15:00:00,42985.0,42768.72445317221,216.2755468277901,216.2755468277901,46775.112155659626
2001-06-12 16:00:00,43512.0,43283.20952857142,228.79047142858326,228.79047142858326,52345.079816513375
2001-06-12 17:00:00,43320.0,43126.732592673994,193.26740732600592,193.26740732600592,37352.29073451629
2001-06-12 18:00:00,42225.0,42301.10226094001,-76.10226094000973,76.10226094000973,5791.55412018133
2001-06-12 19:00:00,40823.0,40863.2442537406,-40.24425374060229,40.24425374060229,1619.5999591379814
2001-06-12 20:00:00,40675.0,40195.337656836484,479.6623431635162,479.6623431635162,230075.9634491148
2001-06-12 21:00:00,40031.0,39942.84236417529,88.15763582471118,88.15763582471118,7771.7687542024
2001-06-12 22:00:00,36772.0,37214.18243333333,-442.18243333332794,442.18243333332794,195525.304348583
2001-06-12 23:00:00,33119.0,33558.56976904761,-439.56976904760813,439.56976904760813,193221.58186056756
2001-06-13 00:00:00,30150.0,30250.400099515835,-100.40009951583488,100.40009951583488,10080.179982789548
2001-06-13 01:00:00,28621.0,28283.075833899806,337.92416610019427,337.92416610019427,114192.74203451168
2001-06-13 02:00:00,27401.0,27388.84297122059,12.157028779409302,12.157028779409302,147.79334874338602
2001-06-13 03:00:00,26570.0,26611.688702864558,-41.688702864557854,41.688702864557854,1737.9479465293941
2001-06-13 04:00:00,26502.0,26526.8292346283,-24.829234628301492,24.829234628301492,616.4908922272459
2001-06-13 05:00:00,27668.0,27611.01615959596,56.98384040403835,56.98384040403835,3247.158067192913
2001-06-13 06:00:00,30643.0,30108.221972571206,534.7780274287943,534.7780274287943,285987.53862063226
2001-06-13 07:00:00,34392.0,33319.64518459968,1072.354815400322,1072.354815400322,1149944.8501122587
2001-06-13 08:00:00,36996.0,36258.38756443214,737.6124355678621,737.6124355678621,544072.1051043535
2001-06-13 09:00:00,39126.0,38855.39070491176,270.60929508823756,270.60929508823756,73229.39058815283
2001-06-13 10:00:00,41222.0,41006.019424416445,215.98057558355504,215.98057558355504,46647.60902940373
2001-06-13 11:00:00,42839.0,42655.33460476192,183.66539523808024,183.66539523808024,33732.97740796023
2001-06-13 12:00:00,43855.0,43999.54152869673,-144.5415286967327,144.5415286967327,20892.253517988407
2001-06-13 13:00:00,44834.0,45166.25578968256,-332.25578968256013,332.25578968256013,110393.90977758163
2001-06-13 14:00:00,45827.0,45446.88396189759,380.1160381024092,380.1160381024092,144488.2024226722
2001-06-13 15:00:00,46438.0,46224.27825471383,213.72174528617325,213.72174528617325,45676.98440816792
2001-06-13 16:00:00,46937.0,46728.49917777777,208.50082222223136,208.50082222223136,43472.59286734653
2001-06-13 17:00:00,46663.0,46770.08372380955,-107.08372380954825,107.08372380954825,11466.92390491961
2001-06-13 18:00:00,45416.0,45425.87177619047,-9.871776190469973,9.871776190469973,97.45196515472985
2001-06-13 19:00:00,43834.0,44171.91487216531,-337.91487216531095,337.91487216531095,114186.46083049844
2001-06-13 20:00:00,43064.0,43433.38939047617,-369.3893904761717,369.3893904761717,136448.52179635764
2001-06-13 21:00:00,42599.0,42392.51915934068,206.48084065932198,206.48084065932198,42634.337559380314
2001-06-13 22:00:00,39090.0,39318.616142857165,-228.61614285716496,228.61614285716496,52265.340774887656
2001-06-13 23:00:00,35104.0,35592.25727142856,-488.2572714285634,488.2572714285634,238395.16310286583
2001-06-14 00:00:00,31839.0,32035.534563650785,-196.53456365078455,196.53456365078455,38625.834709404284
2001-06-14 01:00:00,29922.0,29726.591512889296,195.4084871107043,195.4084871107043,38184.47683489429
2001-06-14 02:00:00,28578.0,28584.284119841297,-6.28411984129707,6.28411984129707,39.49016217978351
2001-06-14 03:00:00,27807.0,27865.593591824443,-58.59359182444314,58.59359182444314,3433.2090028894495
2001-06-14 04:00:00,27827.0,27626.401673804296,200.59832619570443,200.59832619570443,40239.68847251824
2001-06-14 05:00:00,29136.0,28828.287441926866,307.71255807313355,307.71255807313355,94687.01839591158
2001-06-14 06:00:00,31828.0,31257.19327942344,570.8067205765583,570.8067205765583,325820.3122553651
2001-06-14 07:00:00,35061.0,34786.880688028315,274.1193119716845,274.1193119716845,75141.3971958297
2001-06-14 08:00:00,36950.0,37944.489087552996,-994.4890875529964,994.4890875529964,989008.5452619912
2001-06-14 09:00:00,38278.0,39248.23983650792,-970.2398365079207,970.2398365079207,941365.3403469167
2001-06-14 10:00:00,39628.0,39722.12712887114,-94.12712887114321,94.12712887114321,8859.916389524802
2001-06-14 11:00:00,40682.0,40780.165355653764,-98.16535565376398,98.16535565376398,9636.437050629973
2001-06-14 12:00:00,41719.0,41514.83552222221,204.16447777779103,204.16447777779103,41683.13398627813
2001-06-14 13:00:00,42964.0,42645.45927818519,318.54072181481024,318.54072181481024,101468.19145430032
2001-06-14 14:00:00,44132.0,43681.12686478575,450.8731352142495,450.8731352142495,203286.5840579269
2001-06-14 15:00:00,45200.0,44396.9659292406,803.0340707594005,803.0340707594005,644863.7188004139
2001-06-14 16:00:00,45682.0,45058.58461428572,623.415385714281,623.415385714281,388646.74314528576
2001-06-14 17:00:00,45515.0,45235.775442857186,279.22455714281386,279.22455714281386,77966.35331160053
2001-06-14 18:00:00,44342.0,44707.499318197064,-365.499318197064,365.499318197064,133589.75160251863
2001-06-14 19:00:00,42730.0,43057.429166588954,-327.4291665889541,327.4291665889541,107209.85913313706
2001-06-14 20:00:00,41733.0,42275.81364474787,-542.8136447478682,542.8136447478682,294646.6529244649
2001-06-14 21:00:00,41405.0,41052.51759238908,352.48240761092165,352.48240761092165,124243.84767519192
2001-06-14 22:00:00,38316.0,38487.88954761906,-171.88954761905916,171.88954761905916,29546.016580684805
2001-06-14 23:00:00,34426.0,35118.831015873,-692.8310158730019,692.8310158730019,480014.8165556158
2001-06-15 00:00:00,31259.0,31737.885057287167,-478.885057287167,478.885057287167,229330.89809293323
2001-06-15 01:00:00,29637.0,29496.130954104236,140.86904589576443,140.86904589576443,19844.088091582984
2001-06-15 02:00:00,28533.0,28493.508344724545,39.49165527545483,39.49165527545483,1559.5908363953595
2001-06-15 03:00:00,27606.0,27786.477277438036,-180.47727743803625,180.47727743803625,32572.04767144591
2001-06-15 04:00:00,27783.0,27486.00512796383,296.9948720361717,296.9948720361717,88205.95401578202
2001-06-15 05:00:00,29013.0,28755.48240840087,257.51759159913126,257.51759159913126,66315.30998301697
2001-06-15 06:00:00,31766.0,31317.02409852447,448.9759014755291,448.9759014755291,201579.360105764
2001-06-15 07:00:00,35000.0,34663.97529093761,336.02470906238887,336.02470906238887,112912.60510046309
2001-06-15 08:00:00,37030.0,37548.044698468475,-518.044698468475,518.044698468475,268370.30961129314
2001-06-15 09:00:00,38440.0,39091.97685555554,-651.976855555542,651.976855555542,425073.82018009207
2001-06-15 10:00:00,39817.0,40031.41416190479,-214.41416190478776,214.41416190478776,45973.43282533254
2001-06-15 11:00:00,41047.0,40940.534867433205,106.46513256679464,106.46513256679464,11334.824452465156
2001-06-15 12:00:00,42101.0,42034.455215000366,66.54478499963443,66.54478499963443,4428.208410647571
2001-06-15 13:00:00,43171.0,42920.99690687207,250.00309312793252,250.00309312793252,62501.5465735337
2001-06-15 14:00:00,43724.0,43828.264911144935,-104.26491114493547,104.26491114493547,10871.171696061288
2001-06-15 15:00:00,43949.0,44273.59708741748,-324.5970874174818,324.5970874174818,105363.26915991234
2001-06-15 16:00:00,43939.0,44077.76687730354,-138.76687730354024,138.76687730354024,19256.246236575793
2001-06-15 17:00:00,43263.0,43427.137554906236,-164.1375549062359,164.1375549062359,26941.1369305976
2001-06-15 18:00:00,41847.0,41808.996833766265,38.0031662337351,38.0031662337351,1444.2406437889038
2001-06-15 19:00:00,40253.0,40902.98232169494,-649.9823216949371,649.9823216949371,422477.01851594076
2001-06-15 20:00:00,39324.0,39512.586536022856,-188.5865360228563,188.5865360228563,35564.88156910008
2001-06-15 21:00:00,39304.0,38474.33640656082,829.6635934391816,829.6635934391816,688341.6782784156
2001-06-15 22:00:00,36886.0,36805.18043492063,80.81956507937139,80.81956507937139,6531.802099618747
2001-06-15 23:00:00,33817.0,33871.4862027417,-54.486202741696616,54.486202741696616,2968.7462892092676
2001-06-16 00:00:00,31044.0,31068.003374095573,-24.003374095573236,24.003374095573236,576.1619679720362
2001-06-16 01:00:00,29117.0,29304.039118039294,-187.0391180392944,187.0391180392944,34983.63167691711
2001-06-16 02:00:00,27835.0,28136.741392640168,-301.74139264016776,301.74139264016776,91047.86803242788
2001-06-16 03:00:00,26956.0,27134.489857685647,-178.4898576856467,178.4898576856467,31858.629296642415
2001-06-16 04:00:00,26606.0,26801.611000765064,-195.6110007650641,195.6110007650641,38263.663620309904
2001-06-16 05:00:00,26824.0,27400.28657924298,-576.2865792429802,576.2865792429802,332106.2214155757
2001-06-16 06:00:00,27332.0,28430.858096612843,-1098.858096612843,1098.858096612843,1207489.1164916
2001-06-16 07:00:00,29283.0,29336.61948395175,-53.61948395174841,53.61948395174841,2875.049059251805
2001-06-16 08:00:00,31917.0,32188.61375958592,-271.6137595859218,271.6137595859218,73774.03439639893
2001-06-16 09:00:00,34427.0,34435.963348679266,-8.963348679266346,8.963348679266346,80.34161954610575
2001-06-16 10:00:00,35912.0,36268.70335010509,-356.70335010509007,356.70335010509007,127237.27997619446
2001-06-16 11:00:00,36626.0,37040.72210559945,-414.72210559945233,414.72210559945233,171994.4248728433
2001-06-16 12:00:00,37043.0,37373.34188874139,-330.34188874139363,330.34188874139363,109125.76345723128
2001-06-16 13:00:00,36905.0,37357.80077059245,-452.8007705924465,452.8007705924465,205028.53784911337
2001-06-16 14:00:00,36595.0,37091.06242877097,-496.0624287709725,496.0624287709725,246077.93323815614
2001-06-16 15:00:00,36212.0,36517.484492860196,-305.48449286019604,305.48449286019604,93320.77537805117
2001-06-16 16:00:00,35784.0,35894.267201700866,-110.26720170086628,110.26720170086628,12158.855770939528
2001-06-16 17:00:00,35324.0,35385.918784592934,-61.91878459293366,61.91878459293366,3833.935885466119
2001-06-16 18:00:00,34767.0,34904.33456225861,-137.334562258613,137.334562258613,18860.78199076485
2001-06-16 19:00:00,34245.0,34415.67768063745,-170.67768063744734,170.67768063744734,29130.870667778465
2001-06-16 20:00:00,34511.0,33854.924525317,656.0754746829989,656.0754746829989,430435.02848052233
2001-06-16 21:00:00,34522.0,34300.87069355328,221.12930644671724,221.12930644671724,48898.17016960618
2001-06-16 22:00:00,32780.0,32886.44983610278,-106.44983610277995,106.44983610277995,11331.567606308714
2001-06-16 23:00:00,30256.0,30773.30045963583,-517.3004596358296,517.3004596358296,267599.76553944056
2001-06-17 00:00:00,28092.0,28073.27780687172,18.722193128280196,18.722193128280196,350.5205155326222
2001-06-17 01:00:00,26514.0,26214.504604054015,299.49539594598536,299.49539594598536,89697.49219284255
2001-06-17 02:00:00,25415.0,25578.25203324,-163.25203324000177,163.25203324000177,26651.22635699464
2001-06-17 03:00:00,24346.0,24874.400751578865,-528.4007515788653,528.4007515788653,279207.3542691097
2001-06-17 04:00:00,23864.0,24123.582733043408,-259.58273304340764,259.58273304340764,67383.19529428503
2001-06-17 05:00:00,23423.0,24155.260815153866,-732.2608151538661,732.2608151538661,536205.9014098045
2001-06-17 06:00:00,23239.0,23791.270037512906,-552.2700375129061,552.2700375129061,305002.19433450676
2001-06-17 07:00:00,24390.0,24116.91861601732,273.08138398268056,273.08138398268056,74573.44227789622
2001-06-17 08:00:00,26584.0,26850.545679540835,-266.5456795408354,266.5456795408354,71046.59928188572
2001-06-17 09:00:00,28490.0,28827.825189988856,-337.82518998885644,337.82518998885644,114125.85899100694
2001-06-17 10:00:00,30079.0,30027.847960020714,51.1520399792862,51.1520399792862,2616.531194042494
2001-06-17 11:00:00,30945.0,31704.803087990113,-759.8030879901125,759.8030879901125,577300.7325193107
2001-06-17 12:00:00,31352.0,31574.929969505618,-222.92996950561792,222.92996950561792,49697.771303775735
2001-06-17 13:00:00,31749.0,31570.702688490095,178.29731150990483,178.29731150990483,31789.931291660043
2001-06-17 14:00:00,32101.0,31841.409192676474,259.59080732352595,259.59080732352595,67387.38724687997
2001-06-17 15:00:00,32745.0,32122.611255211163,622.3887447888374,622.3887447888374,387367.7496398245
2001-06-17 16:00:00,33744.0,33091.95334792144,652.046652078563,652.046652078563,425164.8364868627
2001-06-17 17:00:00,34389.0,34236.22835742105,152.77164257894765,152.77164257894765,23339.17477626973
2001-06-17 18:00:00,34366.0,34573.33758331427,-207.3375833142709,207.3375833142709,42988.873454602224
2001-06-17 19:00:00,33649.0,34016.34314849188,-367.3431484918765,367.3431484918765,134940.98874392483
2001-06-17 20:00:00,33407.0,33281.688943267916,125.31105673208367,125.31105673208367,15702.860939311493
2001-06-17 21:00:00,34349.0,32720.7628019381,1628.237198061899,1628.237198061899,2651156.373152464
2001-06-17 22:00:00,32732.0,32490.113435410494,241.88656458950572,241.88656458950572,58509.110128913126
2001-06-17 23:00:00,29670.0,30834.45112355401,-1164.4511235540085,1164.4511235540085,1355946.4191461927
2001-06-18 00:00:00,27053.0,27359.465161242373,-306.46516124237314,306.46516124237314,93920.89505531377
2001-06-18 01:00:00,25251.0,25488.836001163218,-237.8360011632176,237.8360011632176,56565.96344931004
2001-06-18 02:00:00,24264.0,24390.476097126564,-126.47609712656413,126.47609712656413,15996.203144368083
2001-06-18 03:00:00,23710.0,23687.46186408364,22.538135916358442,22.538135916358442,507.9675705842464
2001-06-18 04:00:00,23851.0,23680.293658758445,170.7063412415555,170.7063412415555,29140.654940078388
2001-06-18 05:00:00,24854.0,24753.074451229528,100.92554877047223,100.92554877047223,10185.96639462097
2001-06-18 06:00:00,27407.0,26495.24445137908,911.7555486209203,911.7555486209203,831298.1804410354
2001-06-18 07:00:00,31134.0,30209.377912437158,924.6220875628424,924.6220875628424,854926.0048090685
2001-06-18 08:00:00,33878.0,33219.59198973477,658.4080102652297,658.4080102652297,433501.1079814188
2001-06-18 09:00:00,35729.0,35485.59213173471,243.40786826529074,243.40786826529074,59247.390333453135
2001-06-18 10:00:00,37337.0,36914.69901249567,422.3009875043281,422.3009875043281,178338.12404713067
2001-06-18 11:00:00,38466.0,38505.770365522054,-39.77036552205391,39.77036552205391,1581.6819737577741
2001-06-18 12:00:00,39313.0,39324.46691863754,-11.466918637539493,11.466918637539493,131.4902230399506
2001-06-18 13:00:00,40185.0,40118.18022279793,66.81977720207215,66.81977720207215,4464.8826253345605
2001-06-18 14:00:00,40992.0,40805.45580303453,186.5441969654712,186.5441969654712,34798.737421492515
2001-06-18 15:00:00,41689.0,41381.874865556645,307.1251344433549,307.1251344433549,94325.84820684882
2001-06-18 16:00:00,42316.0,42078.43211330337,237.56788669662637,237.56788669662637,56438.50078950111
2001-06-18 17:00:00,42329.0,41993.247912698374,335.7520873016256,335.7520873016256,112729.4641273984
2001-06-18 18:00:00,41547.0,41232.90322152591,314.0967784740933,314.0967784740933,98656.78624780364
2001-06-18 19:00:00,39821.0,40207.57954255277,-386.57954255276854,386.57954255276854,149443.74272030778
2001-06-18 20:00:00,38664.0,39136.72112686342,-472.72112686342007,472.72112686342007,223465.26378302168
2001-06-18 21:00:00,38480.0,37919.46663596496,560.5333640350436,560.5333640350436,314197.65219644277
2001-06-18 22:00:00,35372.0,35579.4044825397,-207.40448253969953,207.40448253969953,43016.61937756053
2001-06-18 23:00:00,31801.0,32211.480987334326,-410.4809873343256,410.4809873343256,168494.6409629628
2001-06-19 00:00:00,28725.0,29102.124258421383,-377.1242584213833,377.1242584213833,142222.70628987826
2001-06-19 01:00:00,26638.0,27205.350047893775,-567.3500478937749,567.3500478937749,321886.07684506866
2001-06-19 02:00:00,25485.0,25752.579843753927,-267.579843753927,267.579843753927,71598.97278337598
2001-06-19 03:00:00,24719.0,24845.134544251116,-126.13454425111559,126.13454425111559,15909.923253436637
2001-06-19 04:00:00,24778.0,24493.643442138182,284.35655786181815,284.35655786181815,80858.65199902153
2001-06-19 05:00:00,26049.0,25734.039068209808,314.96093179019226,314.96093179019226,99200.38855414615
2001-06-19 06:00:00,28608.0,28258.99642935752,349.00357064247873,349.00357064247873,121803.49232119965
2001-06-19 07:00:00,32392.0,31625.511049409502,766.4889505904976,766.4889505904976,587505.3113773222
2001-06-19 08:00:00,35480.0,34924.62944644661,555.3705535533882,555.3705535533882,308436.4517541968
2001-06-19 09:00:00,37770.0,37466.34652560541,303.65347439458856,303.65347439458856,92205.43251190505
2001-06-19 10:00:00,39850.0,39671.40685750915,178.59314249084855,178.59314249084855,31895.510544756533
2001-06-19 11:00:00,41529.0,41273.55708017769,255.44291982230789,255.44291982230789,65251.08528734602
2001-06-19 12:00:00,42658.0,42414.34487690508,243.65512309491896,243.65512309491896,59367.81901040011
2001-06-19 13:00:00,43917.0,43625.41995704211,291.5800429578885,291.5800429578885,85018.9214513241
2001-06-19 14:00:00,44791.0,44424.95244973916,366.04755026083876,366.04755026083876,133990.8090519613
2001-06-19 15:00:00,45511.0,45275.205942063476,235.79405793652404,235.79405793652404,55598.83775817286
2001-06-19 16:00:00,46165.0,45757.80364863469,407.19635136530997,407.19635136530997,165808.86856522097
2001-06-19 17:00:00,46128.0,45592.166557142846,535.8334428571543,535.8334428571543,287117.47848415124
2001-06-19 18:00:00,44782.0,44754.43549411764,27.56450588235748,27.56450588235748,759.8019845385202
2001-06-19 19:00:00,42894.0,43854.41094576597,-960.4109457659724,960.4109457659724,922389.1847470896
2001-06-19 20:00:00,41775.0,42001.610180824006,-226.6101808240055,226.6101808240055,51352.17405308848
2001-06-19 21:00:00,41396.0,41111.857678571425,284.1423214285751,284.1423214285751,80736.85882681968
2001-06-19 22:00:00,37564.0,38280.77759047615,-716.7775904761511,716.7775904761511,513770.11420879693
2001-06-19 23:00:00,33660.0,34158.35418095237,-498.35418095236673,498.35418095236673,248356.88967270427
2001-06-20 00:00:00,30336.0,30731.29632635773,-395.2963263577294,395.2963263577294,156259.1856319165
2001-06-20 01:00:00,28454.0,28473.697089632617,-19.697089632616553,19.697089632616553,387.9753399953305
2001-06-20 02:00:00,27110.0,27241.47571605074,-131.47571605073972,131.47571605073972,17285.863911054737
2001-06-20 03:00:00,26411.0,26362.97111055996,48.028889440040075,48.028889440040075,2306.774220843593
2001-06-20 04:00:00,26298.0,26276.736608272255,21.26339172774533,21.26339172774533,452.1318277675485
2001-06-20 05:00:00,27481.0,27389.72912081153,91.27087918846883,91.27087918846883,8330.37338783607
2001-06-20 06:00:00,29978.0,29662.20112668147,315.79887331853024,315.79887331853024,99728.92838925311
2001-06-20 07:00:00,33698.0,32417.25433797899,1280.7456620210105,1280.7456620210105,1640309.4507856364
2001-06-20 08:00:00,36732.0,35810.46899848212,921.5310015178766,921.5310015178766,849219.3867585406
2001-06-20 09:00:00,39293.0,39065.30972525254,227.69027474745963,227.69027474745963,51842.86121457365
2001-06-20 10:00:00,41554.0,41520.85296300363,33.14703699637175,33.14703699637175,1098.7260616388378
2001-06-20 11:00:00,43506.0,42813.751685714305,692.2483142856945,692.2483142856945,479207.72863138566
2001-06-20 12:00:00,45219.0,44445.07898252065,773.9210174793479,773.9210174793479,598953.7412962692
2001-06-20 13:00:00,47012.0,45803.191127777776,1208.8088722222237,1208.8088722222237,1461218.8895631644
2001-06-20 14:00:00,47399.0,47461.776134487714,-62.776134487714444,62.776134487714444,3940.8430612196107
2001-06-20 15:00:00,48042.0,48060.412787662346,-18.41278766234609,18.41278766234609,339.0307494986444
2001-06-20 16:00:00,48410.0,48079.30389820764,330.6961017923604,330.6961017923604,109359.9117406632
2001-06-20 17:00:00,47728.0,48102.85672230575,-374.8567223057471,374.8567223057471,140517.562257808
2001-06-20 18:00:00,46289.0,46813.22307142858,-524.2230714285834,524.2230714285834,274809.8286180176
2001-06-20 19:00:00,43677.0,44905.79389047618,-1228.7938904761832,1228.7938904761832,1509934.425271594
2001-06-20 20:00:00,42039.0,43465.69129047619,-1426.691290476192,1426.691290476192,2035448.0383206222
2001-06-20 21:00:00,40800.0,41704.54419765605,-904.5441976560469,904.5441976560469,818200.2055132217
2001-06-20 22:00:00,37511.0,37824.330452380935,-313.33045238093473,313.33045238093473,98175.9723892412
2001-06-20 23:00:00,33842.0,34240.856933333314,-398.8569333333144,398.8569333333144,159086.85326805597
2001-06-21 00:00:00,30894.0,31105.10950467537,-211.10950467536895,211.10950467536895,44567.22296427962
2001-06-21 01:00:00,28748.0,28951.06584229989,-203.06584229988948,203.06584229988948,41235.736308963584
2001-06-21 02:00:00,27538.0,27583.38034161794,-45.38034161793985,45.38034161793985,2059.3754053609237
2001-06-21 03:00:00,26756.0,26921.936950787425,-165.9369507874253,165.9369507874253,27535.071636628407
2001-06-21 04:00:00,26737.0,26618.779799811873,118.22020018812691,118.22020018812691,13976.015732520802
2001-06-21 05:00:00,27821.0,27930.27616836026,-109.27616836025845,109.27616836025845,11941.280971499551
2001-06-21 06:00:00,30475.0,29974.2562902208,500.743709779199,500.743709779199,250744.26288343465
2001-06-21 07:00:00,33895.0,33193.270131449906,701.7298685500937,701.7298685500937,492424.80841533176
2001-06-21 08:00:00,35973.0,35937.752416363284,35.24758363671572,35.24758363671572,1242.3921522272697
2001-06-21 09:00:00,37892.0,37798.435948302395,93.56405169760546,93.56405169760546,8754.231770072189
2001-06-21 10:00:00,39632.0,39729.48846904762,-97.4884690476174,97.4884690476174,9504.001597248256
2001-06-21 11:00:00,40819.0,40988.13554621166,-169.1355462116626,169.1355462116626,28606.83299231745
2001-06-21 12:00:00,40969.0,41718.85940158731,-749.8594015873095,749.8594015873095,562289.1221488779
2001-06-21 13:00:00,42254.0,41958.82235791861,295.17764208139124,295.17764208139124,87129.84038472992
2001-06-21 14:00:00,42712.0,42900.798113257675,-188.79811325767514,188.79811325767514,35644.72756965793
2001-06-21 15:00:00,42718.0,42894.144759153045,-176.14475915304502,176.14475915304502,31026.976177084234
2001-06-21 16:00:00,42287.0,42526.225450793674,-239.2254507936741,239.2254507936741,57228.81630743659
2001-06-21 17:00:00,41466.0,41589.290257804256,-123.29025780425582,123.29025780425582,15200.487669439863
2001-06-21 18:00:00,40039.0,39875.57272027675,163.42727972324792,163.42727972324792,26708.47575774072
2001-06-21 19:00:00,38597.0,38621.1523692691,-24.152369269097107,24.152369269097107,583.3369413108263
2001-06-21 20:00:00,38216.0,37615.84518656858,600.1548134314216,600.1548134314216,360185.80008490453
2001-06-21 21:00:00,37961.0,37200.8095336242,760.1904663758032,760.1904663758032,577889.5451686612
2001-06-21 22:00:00,35202.0,35167.624542857135,34.37545714286534,34.37545714286534,1181.672053780972
2001-06-21 23:00:00,31964.0,32157.691413288707,-193.69141328870683,193.69141328870683,37516.36358177663
2001-06-22 00:00:00,29400.0,29061.145295245613,338.85470475438706,338.85470475438706,114822.51093418282
2001-06-22 01:00:00,27715.0,27523.75278564062,191.24721435938045,191.24721435938045,36575.497000222815
2001-06-22 02:00:00,26812.0,26729.985342434964,82.01465756503603,82.01465756503603,6726.404055510122
2001-06-22 03:00:00,26152.0,26155.389348021512,-3.389348021511978,3.389348021511978,11.487680010927159
2001-06-22 04:00:00,26328.0,26151.907971583878,176.09202841612205,176.09202841612205,31008.402471704336
2001-06-22 05:00:00,27534.0,27433.902008299163,100.09799170083716,100.09799170083716,10019.607942540864
2001-06-22 06:00:00,29974.0,30008.077277833723,-34.0772778337232,34.0772778337232,1161.2608645567627
2001-06-22 07:00:00,33472.0,32406.025151767528,1065.9748482324721,1065.9748482324721,1136302.377064242
2001-06-22 08:00:00,36132.0,35586.92468478045,545.0753152195466,545.0753152195466,297107.0992616881
2001-06-22 09:00:00,37957.0,38081.83844507199,-124.83844507198955,124.83844507198955,15584.637367992153
2001-06-22 10:00:00,39702.0,39571.907096715055,130.09290328494535,130.09290328494535,16924.163485106146
2001-06-22 11:00:00,41055.0,40816.316461558556,238.6835384414444,238.6835384414444,56969.83152292846
2001-06-22 12:00:00,41849.0,42065.87304798399,-216.8730479839869,216.8730479839869,47033.918941864686
2001-06-22 13:00:00,42723.0,42698.30774939743,24.69225060257304,24.69225060257304,609.7072398202687
2001-06-22 14:00:00,43193.0,43229.830969572366,-36.830969572365575,36.830969572365575,1356.520319640519
2001-06-22 15:00:00,43186.0,43454.31287290208,-268.31287290208274,268.31287290208274,71991.7977649692
2001-06-22 16:00:00,42857.0,43269.6296950575,-412.6296950574979,412.6296950574979,170263.2652432437
2001-06-22 17:00:00,41970.0,42188.44435413347,-218.44435413346946,218.44435413346946,47717.935852788614
2001-06-22 18:00:00,40145.0,40676.26656235091,-531.2665623509092,531.2665623509092,282244.1602721525
2001-06-22 19:00:00,38532.0,39055.60193887057,-523.6019388705681,523.6019388705681,274158.99038901814
2001-06-22 20:00:00,37459.0,37695.88632481502,-236.88632481502282,236.88632481502282,56115.1308843685
2001-06-22 21:00:00,36854.0,36557.71761595364,296.2823840463607,296.2823840463607,87783.25109619516
2001-06-22 22:00:00,34534.0,34053.34905620488,480.6509437951172,480.6509437951172,231025.32977113692
2001-06-22 23:00:00,31566.0,31817.951738390828,-251.9517383908278,251.9517383908278,63479.67847816014
2001-06-23 00:00:00,28858.0,29224.248514553004,-366.2485145530045,366.2485145530045,134137.97441228235
2001-06-23 01:00:00,27219.0,27222.599563406497,-3.5995634064966,3.5995634064966,12.956856717389405
2001-06-23 02:00:00,25992.0,26104.428112386842,-112.42811238684226,112.42811238684226,12640.080454868434
2001-06-23 03:00:00,25192.0,25255.657057007487,-63.65705700748731,63.65705700748731,4052.2209068544894
2001-06-23 04:00:00,25056.0,25026.234357061683,29.765642938316887,29.765642938316887,885.9934995313739
2001-06-23 05:00:00,25332.0,25563.4869190894,-231.48691908939873,231.48691908939873,53586.19370950183
2001-06-23 06:00:00,25931.0,26393.88351979382,-462.8835197938206,462.8835197938206,214261.15289671632
2001-06-23 07:00:00,27740.0,27429.235483808963,310.7645161910368,310.7645161910368,96574.58452344919
2001-06-23 08:00:00,30327.0,29910.02788755711,416.97211244289065,416.97211244289065,173865.74255508665
2001-06-23 09:00:00,32705.0,32646.986318984895,58.01368101510525,58.01368101510525,3365.587184922383
2001-06-23 10:00:00,34325.0,34663.63809330556,-338.6380933055625,338.6380933055625,114675.75823762685
2001-06-23 11:00:00,35417.0,35759.3791546677,-342.3791546677021,342.3791546677021,117223.48555097028
2001-06-23 12:00:00,35887.0,36260.48389400881,-373.4838940088084,373.4838940088084,139490.21908398284
2001-06-23 13:00:00,35641.0,36402.55201124164,-761.5520112416416,761.5520112416416,579961.4658261894
2001-06-23 14:00:00,34667.0,36198.2024630091,-1531.2024630090964,1531.2024630090964,2344580.9827251234
2001-06-23 15:00:00,33835.0,34536.533231571266,-701.5332315712658,701.5332315712658,492148.8749988232
2001-06-23 16:00:00,33398.0,33677.65042416448,-279.6504241644798,279.6504241644798,78204.35973537345
2001-06-23 17:00:00,33149.0,33132.37349625412,16.626503745879745,16.626503745879745,276.4406268117532
2001-06-23 18:00:00,32822.0,32980.263482709495,-158.2634827094953,158.2634827094953,25047.329959338716
2001-06-23 19:00:00,32229.0,32624.767044319466,-395.76704431946564,395.76704431946564,156631.5533693659
2001-06-23 20:00:00,31856.0,31906.93979563715,-50.93979563715038,50.93979563715038,2594.862779554645
2001-06-23 21:00:00,32108.0,31616.326727641936,491.6732723580644,491.6732723580644,241742.60675128739
2001-06-23 22:00:00,30458.0,30361.16774094267,96.8322590573298,96.8322590573298,9376.486394145828
2001-06-23 23:00:00,27925.0,28271.75921965847,-346.7592196584701,346.7592196584701,120241.95641815112
2001-06-24 00:00:00,25682.0,25583.46921348976,98.53078651024043,98.53078651024043,9708.315890326578
2001-06-24 01:00:00,23884.0,24031.220057296698,-147.22005729669763,147.22005729669763,21673.745270442934
2001-06-24 02:00:00,22770.0,22897.594595637518,-127.59459563751807,127.59459563751807,16280.380835901746
2001-06-24 03:00:00,21914.0,22190.25630312361,-276.25630312360954,276.25630312360954,76317.54501552363
2001-06-24 04:00:00,21576.0,21721.233413371854,-145.2334133718541,145.2334133718541,21092.74435963985
2001-06-24 05:00:00,21441.0,21749.842709415592,-308.84270941559225,308.84270941559225,95383.81915916396
2001-06-24 06:00:00,21238.0,22043.58855627706,-805.58855627706,805.58855627706,648972.9220045578
2001-06-24 07:00:00,22653.0,22544.93959797943,108.06040202056829,108.06040202056829,11677.050484846839
2001-06-24 08:00:00,24909.0,24803.020576923107,105.979423076893,105.979423076893,11231.63811571108
2001-06-24 09:00:00,26850.0,26771.86523908752,78.13476091247867,78.13476091247867,6105.040862850205
2001-06-24 10:00:00,28526.0,28317.881863270355,208.1181367296449,208.1181367296449,43313.15883581917
2001-06-24 11:00:00,29541.0,29334.604292392814,206.3957076071856,206.3957076071856,42599.188118670856
2001-06-24 12:00:00,30320.0,30079.476931343866,240.52306865613355,240.52306865613355,57851.34655576313
2001-06-24 13:00:00,30860.0,30683.39470696429,176.60529303571093,176.60529303571093,31189.429528229328
2001-06-24 14:00:00,31200.0,31215.12546041149,-15.125460411491076,15.125460411491076,228.7795526595838
2001-06-24 15:00:00,31471.0,31469.991826041954,1.0081739580455178,1.0081739580455178,1.0164147296811654
2001-06-24 16:00:00,31905.0,31780.477704913403,124.5222950865973,124.5222950865973,15505.801973633614
2001-06-24 17:00:00,32369.0,32041.585134593337,327.414865406663,327.414865406663,107200.49408926326
2001-06-24 18:00:00,32065.0,32121.88515582898,-56.885155828978895,56.885155828978895,3235.9209536872117
2001-06-24 19:00:00,31447.0,31741.745771211914,-294.74577121191396,294.74577121191396,86875.06964730594
2001-06-24 20:00:00,31360.0,31153.119032644165,206.8809673558353,206.8809673558353,42799.7346540862
2001-06-24 21:00:00,32162.0,31058.55321654529,1103.4467834547104,1103.4467834547104,1217594.8039165465
2001-06-24 22:00:00,30489.0,30506.919226984126,-17.919226984126,17.919226984126,321.09869570862935
2001-06-24 23:00:00,27594.0,28294.625756264457,-700.6257562644569,700.6257562644569,490876.45034114213
2001-06-25 00:00:00,25348.0,25396.5990983812,-48.59909838120075,48.59909838120075,2361.872363465629
2001-06-25 01:00:00,23814.0,23904.95198313543,-90.95198313543005,90.95198313543005,8272.263236267554
2001-06-25 02:00:00,23021.0,23048.672624451345,-27.672624451344745,27.672624451344745,765.7741440251631
2001-06-25 03:00:00,22588.0,22563.075417167325,24.924582832674787,24.924582832674787,621.2348293828667
2001-06-25 04:00:00,22859.0,22743.98210345708,115.0178965429186,115.0178965429186,13229.116525157528
2001-06-25 05:00:00,24158.0,24504.63855440212,-346.6385544021214,346.6385544021214,120158.28739799246
2001-06-25 06:00:00,26625.0,26725.7724093795,-100.77240937950046,100.77240937950046,10155.078492149632
2001-06-25 07:00:00,30197.0,29615.51372598469,581.4862740153112,581.4862740153112,338126.2868682096
2001-06-25 08:00:00,32921.0,32503.80036952545,417.19963047455167,417.19963047455167,174055.53166810246
2001-06-25 09:00:00,35058.0,34595.18476730094,462.8152326990603,462.8152326990603,214197.93961828534
2001-06-25 10:00:00,36839.0,36330.62754114291,508.37245885709126,508.37245885709126,258442.55692440495
2001-06-25 11:00:00,38110.0,38007.443044036445,102.55695596355508,102.55695596355508,10517.929216510576
2001-06-25 12:00:00,38926.0,38949.40034436762,-23.400344367619255,23.400344367619255,547.5761165231702
2001-06-25 13:00:00,39782.0,39791.88456054834,-9.884560548336594,9.884560548336594,97.70453723373224
2001-06-25 14:00:00,40551.0,40486.1519492452,64.84805075480108,64.84805075480108,4205.2696866972565
2001-06-25 15:00:00,40953.0,40860.507391819294,92.49260818070616,92.49260818070616,8554.882568069632
2001-06-25 16:00:00,41254.0,41266.74682233897,-12.746822338973288,12.746822338973288,162.48147974134847
2001-06-25 17:00:00,41376.0,40840.441559912535,535.558440087465,535.558440087465,286822.8427489188
2001-06-25 18:00:00,40435.0,40365.75988179987,69.24011820012674,69.24011820012674,4794.193968367523
2001-06-25 19:00:00,38953.0,39522.77586471513,-569.7758647151277,569.7758647151277,324644.5360118715
2001-06-25 20:00:00,37910.0,38357.67876385574,-447.67876385574345,447.67876385574345,200416.2756074065
2001-06-25 21:00:00,37865.0,37286.52183842743,578.4781615725733,578.4781615725733,334636.9834163842
2001-06-25 22:00:00,35100.0,34897.918339682525,202.08166031747533,202.08166031747533,40836.99743666748
2001-06-25 23:00:00,31167.0,32001.852289157214,-834.8522891572138,834.8522891572138,696978.3447110401
2001-06-26 00:00:00,28222.0,28319.728678950385,-97.72867895038507,97.72867895038507,9550.894689387438
2001-06-26 01:00:00,26381.0,26514.193834415142,-133.1938344151422,133.1938344151422,17740.597526208316
2001-06-26 02:00:00,25318.0,25335.977083298152,-17.977083298152138,17.977083298152138,323.17552390870054
2001-06-26 03:00:00,24569.0,24661.84412436408,-92.84412436408093,92.84412436408093,8620.031428932925
2001-06-26 04:00:00,24691.0,24415.165362234413,275.8346377655871,275.8346377655871,76084.74739127266
2001-06-26 05:00:00,25746.0,25812.560226319656,-66.56022631965607,66.56022631965607,4430.263727723836
2001-06-26 06:00:00,28289.0,27987.46905515476,301.530944845239,301.530944845239,90920.91069926256
2001-06-26 07:00:00,31915.0,31159.61061192666,755.3893880733413,755.3893880733413,570613.127613817
2001-06-26 08:00:00,34900.0,34536.51543022495,363.48456977504975,363.48456977504975,132121.03246455302
2001-06-26 09:00:00,37267.0,36724.2526813195,542.7473186805,542.7473186805,294574.65193487226
2001-06-26 10:00:00,39653.0,38893.02935031962,759.9706496803774,759.9706496803774,577555.3883756149
2001-06-26 11:00:00,41174.0,40815.22502122655,358.77497877345013,358.77497877345013,128719.4853938896
2001-06-26 12:00:00,42324.0,42274.09253116879,49.90746883121028,49.90746883121028,2490.7554451382257
2001-06-26 13:00:00,43265.0,43106.29538650088,158.70461349911784,158.70461349911784,25187.154345904375
2001-06-26 14:00:00,43833.0,43748.03010158844,84.96989841156028,84.96989841156028,7219.883636070874
2001-06-26 15:00:00,44612.0,44147.37058647372,464.6294135262797,464.6294135262797,215880.4919137746
2001-06-26 16:00:00,45134.0,44649.1791353236,484.8208646764033,484.8208646764033,235051.27082557534
2001-06-26 17:00:00,45193.0,44649.26413333332,543.7358666666769,543.7358666666769,295648.69269976224
2001-06-26 18:00:00,44373.0,43925.5566785714,447.4433214285964,447.4433214285964,200205.52589105422
2001-06-26 19:00:00,42755.0,42756.66219682535,-1.6621968253530213,1.6621968253530213,2.7628982862136624
2001-06-26 20:00:00,41478.0,41723.00623259015,-245.00623259015265,245.00623259015265,60028.05400801998
2001-06-26 21:00:00,41367.0,40645.672637205615,721.3273627943854,721.3273627943854,520313.1643159029
2001-06-26 22:00:00,38273.0,38189.169814285684,83.83018571431603,83.83018571431603,7027.500036896716
2001-06-26 23:00:00,34168.0,34898.25642380952,-730.256423809522,730.256423809522,533274.4445150722
2001-06-27 00:00:00,30934.0,31126.23394621489,-192.23394621488842,192.23394621488842,36953.89007734862
2001-06-27 01:00:00,28791.0,29026.516366405973,-235.5163664059728,235.5163664059728,55467.95884507243
2001-06-27 02:00:00,27561.0,27774.853278070175,-213.8532780701753,213.8532780701753,45733.22454135972
2001-06-27 03:00:00,26728.0,26947.49030711924,-219.49030711923842,219.49030711923842,48175.994919297606
2001-06-27 04:00:00,26532.0,26578.702455637314,-46.702455637314415,46.702455637314415,2181.119362555321
2001-06-27 05:00:00,27721.0,27573.050058521305,147.9499414786951,147.9499414786951,21889.185183549307
2001-06-27 06:00:00,30259.0,29896.531849288578,362.4681507114219,362.4681507114219,131383.16028015807
2001-06-27 07:00:00,34195.0,33128.509358218194,1066.4906417818056,1066.4906417818056,1137402.2890081676
2001-06-27 08:00:00,37538.0,36177.277676958525,1360.7223230414747,1360.7223230414747,1851565.2404233876
2001-06-27 09:00:00,40115.0,39549.52824906202,565.471750937977,565.471750937977,319758.3011088616
2001-06-27 10:00:00,42695.0,42041.08313809521,653.9168619047923,653.9168619047923,427607.2622834112
2001-06-27 11:00:00,44435.0,44284.18563809521,150.81436190479144,150.81436190479144,22744.971756749408
2001-06-27 12:00:00,45459.0,45472.70468571427,-13.704685714270454,13.704685714270454,187.81841052692866
2001-06-27 13:00:00,46686.0,46349.67735132276,336.32264867724007,336.32264867724007,113112.92401327426
2001-06-27 14:00:00,47561.0,47435.039154725804,125.96084527419589,125.96084527419589,15866.134542189917
2001-06-27 15:00:00,48339.0,47929.43090115444,409.5690988455608,409.5690988455608,167746.84672916477
2001-06-27 16:00:00,48881.0,48116.37087071845,764.6291292815513,764.6291292815513,584657.7053458632
2001-06-27 17:00:00,48758.0,48509.20521666663,248.79478333336738,248.79478333336738,61898.84421389722
2001-06-27 18:00:00,47667.0,47446.400000000016,220.599999999984,220.599999999984,48664.359999992936
2001-06-27 19:00:00,46005.0,46412.57875714288,-407.57875714288093,407.57875714288093,166120.44327413553
2001-06-27 20:00:00,44925.0,44817.00885714287,107.99114285712858,107.99114285712858,11662.086935588753
2001-06-27 21:00:00,44417.0,44105.6871520147,311.3128479852967,311.3128479852967,96915.68932071644
2001-06-27 22:00:00,41024.0,41237.195266666684,-213.1952666666839,213.1952666666839,45452.221729078454
2001-06-27 23:00:00,36924.0,37424.24969084242,-500.24969084242184,500.24969084242184,250249.75318793862
2001-06-28 00:00:00,33575.0,33787.37200670996,-212.37200670995662,212.37200670995662,45101.86923401386
2001-06-28 01:00:00,31535.0,31400.209408730156,134.7905912698443,134.7905912698443,18168.503494874225
2001-06-28 02:00:00,30067.0,30127.869257137165,-60.86925713716482,60.86925713716482,3705.0664644302906
2001-06-28 03:00:00,29150.0,29248.60335745834,-98.60335745834163,98.60335745834163,9722.622102057498
2001-06-28 04:00:00,28991.0,29013.02938324606,-22.029383246059297,22.029383246059297,485.29372620175803
2001-06-28 05:00:00,29989.0,29965.356174110082,23.643825889917935,23.643825889917935,559.0305027127536
2001-06-28 06:00:00,32549.0,31830.772290028657,718.2277099713428,718.2277099713428,515851.04337067937
2001-06-28 07:00:00,36261.0,35429.02182991948,831.9781700805179,831.9781700805179,692187.6754905272
2001-06-28 08:00:00,39589.0,38787.592362198506,801.4076378014943,801.4076378014943,642254.2019265711
2001-06-28 09:00:00,42162.0,41767.75292380951,394.2470761904915,394.2470761904915,155430.7570847512
2001-06-28 10:00:00,44664.0,44253.07085714285,410.9291428571523,410.9291428571523,168862.7604493139
2001-06-28 11:00:00,46402.0,45827.448173809564,574.5518261904363,574.5518261904363,330109.8009787653
2001-06-28 12:00:00,47730.0,47461.4762258852,268.5237741148012,268.5237741148012,72105.01726485678
2001-06-28 13:00:00,48833.0,49088.74073011207,-255.7407301120693,255.7407301120693,65403.32103825426
2001-06-28 14:00:00,49539.0,49296.86336666676,242.13663333324075,242.13663333324075,58630.14920195628
2001-06-28 15:00:00,49843.0,49261.11814761911,581.8818523808877,581.8818523808877,338586.4901302132
2001-06-28 16:00:00,50157.0,48962.617357142895,1194.3826428571047,1194.3826428571047,1426549.897558322
2001-06-28 17:00:00,49840.0,48765.46515714284,1074.5348428571597,1074.5348428571597,1154625.1285140608
2001-06-28 18:00:00,48773.0,47557.54140952382,1215.458590476177,1215.458590476177,1477339.585162335
2001-06-28 19:00:00,47082.0,46809.02960000003,272.97039999996923,272.97039999996923,74512.8392761432
2001-06-28 20:00:00,45858.0,45801.123466666686,56.876533333314,56.876533333314,3234.9400440155787
2001-06-28 21:00:00,45261.0,44893.47600952377,367.5239904762275,367.5239904762275,135073.88357557016
2001-06-28 22:00:00,41822.0,41821.125523809555,0.8744761904454208,0.8744761904454208,0.7647086076559358
2001-06-28 23:00:00,37482.0,38500.85882380953,-1018.8588238095326,1018.8588238095326,1038073.3028545443
2001-06-29 00:00:00,34165.0,34636.68706190473,-471.6870619047331,471.6870619047331,222488.68436831955
2001-06-29 01:00:00,32066.0,32090.56991904761,-24.56991904761162,24.56991904761162,603.6809220061883
2001-06-29 02:00:00,30633.0,30793.43698412697,-160.43698412696904,160.43698412696904,25740.025875757314
2001-06-29 03:00:00,29479.0,29923.110505745757,-444.1105057457571,444.1105057457571,197234.14131375216
2001-06-29 04:00:00,29384.0,29373.133386182173,10.866613817826874,10.866613817826874,118.08329586578594
2001-06-29 05:00:00,30387.0,30350.203872993636,36.79612700636426,36.79612700636426,1353.954962668489
2001-06-29 06:00:00,32628.0,32553.970082324086,74.02991767591448,74.02991767591448,5480.428711102674
2001-06-29 07:00:00,36203.0,35742.356658641256,460.6433413587438,460.6433413587438,212192.28793814816
2001-06-29 08:00:00,39302.0,38527.49911937857,774.5008806214319,774.5008806214319,599851.6140833735
2001-06-29 09:00:00,41868.0,41445.70460476193,422.29539523807034,422.29539523807034,178333.40083927804
2001-06-29 10:00:00,44081.0,43920.88654761909,160.1134523809087,160.1134523809087,25636.31763333352
2001-06-29 11:00:00,45783.0,45415.815159523794,367.18484047620586,367.18484047620586,134824.70707553675
2001-06-29 12:00:00,46887.0,46706.4186183261,180.5813816739028,180.5813816739028,32609.63540725576
2001-06-29 13:00:00,47922.0,47775.448844372215,146.5511556277852,146.5511556277852,21477.241215839316
2001-06-29 14:00:00,48397.0,48575.53489629587,-178.53489629586693,178.53489629586693,31874.70919537596
2001-06-29 15:00:00,48415.0,48396.04210358329,18.957896416708536,18.957896416708536,359.4018365466504
2001-06-29 16:00:00,48199.0,48411.002716154064,-212.00271615406382,212.00271615406382,44945.15165670055
2001-06-29 17:00:00,47449.0,47892.411025966176,-443.41102596617566,443.41102596617566,196613.33794837652
2001-06-29 18:00:00,45932.0,46365.8816666667,-433.88166666669713,433.88166666669713,188253.3006694709
2001-06-29 19:00:00,44229.0,44685.312138095294,-456.31213809529436,456.31213809529436,208220.767373099
2001-06-29 20:00:00,43073.0,43440.2627047619,-367.26270476190257,367.26270476190257,134881.8943090284
2001-06-29 21:00:00,42579.0,42472.45079047615,106.54920952385146,106.54920952385146,11352.734050157598
2001-06-29 22:00:00,40001.0,39473.72189523809,527.2781047619064,527.2781047619064,278022.199761308
2001-06-29 23:00:00,36869.0,36855.06211904761,13.937880952391424,13.937880952391424,194.26452544303567
2001-06-30 00:00:00,34004.0,34028.68377222222,-24.683772222218977,24.683772222218977,609.2886111183892
2001-06-30 01:00:00,31711.0,32052.72259047619,-341.7225904761908,341.7225904761908,116774.32884175841
2001-06-30 02:00:00,30321.0,30083.096752813846,237.90324718615375,237.90324718615375,56597.955021716174
2001-06-30 03:00:00,29299.0,29646.605763443284,-347.60576344328365,347.60576344328365,120829.76677898807
2001-06-30 04:00:00,28779.0,29097.27751192279,-318.27751192279175,318.27751192279175,101300.57459576284
2001-06-30 05:00:00,28647.0,29047.205611382724,-400.2056113827239,400.2056113827239,160164.5313822198
2001-06-30 06:00:00,29123.0,29260.521131373876,-137.52113137387641,137.52113137387641,18912.061574350977
2001-06-30 07:00:00,31786.0,30824.068015989284,961.9319840107164,961.9319840107164,925313.1418627931
2001-06-30 08:00:00,35923.0,34907.684305343944,1015.3156946560557,1015.3156946560557,1030865.9598149089
2001-06-30 09:00:00,39541.0,38408.30511477801,1132.6948852219866,1132.6948852219866,1282997.7030080494
2001-06-30 10:00:00,42404.0,41801.27118571428,602.7288142857215,602.7288142857215,363282.02357027173
2001-06-30 11:00:00,44584.0,44055.60352857142,528.396471428583,528.396471428583,279202.8310181774
2001-06-30 12:00:00,45563.0,45510.72889047618,52.27110952381918,52.27110952381918,2732.2688908511
2001-06-30 13:00:00,45903.0,46195.93883095237,-292.93883095237106,292.93883095237106,85813.15867974183
2001-06-30 14:00:00,46032.0,46294.716019047584,-262.71601904758427,262.71601904758427,69019.70666421067
2001-06-30 15:00:00,45934.0,46237.04455238097,-303.0445523809685,303.0445523809685,91836.00072778157
2001-06-30 16:00:00,45698.0,45975.34290476191,-277.34290476190654,277.34290476190654,76919.08682177195
2001-06-30 17:00:00,44899.0,45266.66649523806,-367.6664952380597,367.6664952380597,135178.65172063818
2001-06-30 18:00:00,43592.0,43847.11874444444,-255.11874444443674,255.11874444443674,65085.57376690582
2001-06-30 19:00:00,42234.0,42491.65147568543,-257.65147568543034,257.65147568543034,66384.28292287991
2001-06-30 20:00:00,41494.0,41624.25102407406,-130.2510240740594,130.2510240740594,16965.329272341198
2001-06-30 21:00:00,41069.0,40405.39352535079,663.606474649212,663.606474649212,440373.5531963553
2001-06-30 22:00:00,38596.0,38356.31012380955,239.6898761904522,239.6898761904522,57451.2367481943
2001-06-30 23:00:00,35760.0,35441.29053809524,318.7094619047566,318.7094619047566,101575.72110761951
2001-07-01 00:00:00,32664.0,32799.897626190475,-135.89762619047542,135.89762619047542,18468.16480420619
2001-07-01 01:00:00,30571.0,30673.7311090714,-102.73110907139926,102.73110907139926,10553.680771039732
2001-07-01 02:00:00,29179.0,29038.205979604925,140.79402039507477,140.79402039507477,19822.95617900873
2001-07-01 03:00:00,28221.0,28451.392510988066,-230.39251098806562,230.39251098806562,53080.70911938594
2001-07-01 04:00:00,27587.0,27890.27906710309,-303.2790671030889,303.2790671030889,91978.19254291989
2001-07-01 05:00:00,27080.0,27712.60289777723,-632.6028977772294,632.6028977772294,400186.4262761477
2001-07-01 06:00:00,27173.0,27931.67102757826,-758.6710275782607,758.6710275782607,575581.728086654
2001-07-01 07:00:00,29054.0,28966.715444459525,87.28455554047468,87.28455554047468,7618.59363589821
2001-07-01 08:00:00,32184.0,32114.272500443363,69.72749955663676,69.72749955663676,4861.92419442078
2001-07-01 09:00:00,35351.0,35186.03295891843,164.967041081567,164.967041081567,27214.124643207415
2001-07-01 10:00:00,37778.0,37599.59604209097,178.4039579090313,178.4039579090313,31827.972197607414
2001-07-01 11:00:00,39361.0,39604.62045228756,-243.62045228756324,243.62045228756324,59350.924772796876
2001-07-01 12:00:00,40609.0,40700.065147493726,-91.06514749372582,91.06514749372582,8292.861088054038
2001-07-01 13:00:00,41391.0,41372.174743837546,18.825256162454025,18.825256162454025,354.3902695820132
2001-07-01 14:00:00,41616.0,42066.01541904763,-450.01541904763144,450.01541904763144,202513.87738061533
2001-07-01 15:00:00,41494.0,42008.07774126985,-514.0777412698517,514.0777412698517,264275.9240691126
2001-07-01 16:00:00,40428.0,41392.83516929181,-964.8351692918077,964.8351692918077,930906.9039023512
2001-07-01 17:00:00,39076.0,40104.64040865799,-1028.6404086579932,1028.6404086579932,1058101.0903240833
2001-07-01 18:00:00,36527.0,38341.85889980047,-1814.8588998004707,1814.8588998004707,3293712.826184975
2001-07-01 19:00:00,34534.0,36260.033745000015,-1726.0337450000152,1726.0337450000152,2979192.4888787773
2001-07-01 20:00:00,33911.0,34492.16625760235,-581.1662576023518,581.1662576023518,337754.2189755232
2001-07-01 21:00:00,33781.0,33641.81720858589,139.1827914141104,139.1827914141104,19371.849425823762
2001-07-01 22:00:00,31910.0,32281.55598795281,-371.5559879528082,371.5559879528082,138053.85218358735
2001-07-01 23:00:00,29180.0,29853.523654509376,-673.5236545093758,673.5236545093758,453634.113183665
2001-07-02 00:00:00,26775.0,27447.101657511153,-672.1016575111535,672.1016575111535,451720.63802923984
2001-07-02 01:00:00,25183.0,25500.32791926105,-317.32791926104983,317.32791926104983,100697.00834254736
2001-07-02 02:00:00,23479.0,24371.00490595411,-892.0049059541088,892.0049059541088,795672.7522461986
2001-07-02 03:00:00,22654.0,22945.724210958768,-291.7242109587678,291.7242109587678,85103.01525951565
2001-07-02 04:00:00,22915.0,22593.46036215029,321.53963784970983,321.53963784970983,103387.73870852255
2001-07-02 05:00:00,23432.0,23867.915493939985,-435.915493939985,435.915493939985,190022.3178569411
2001-07-02 06:00:00,25059.0,25542.261198968878,-483.2611989688776,483.2611989688776,233541.38642883708
2001-07-02 07:00:00,27787.0,28030.19826822379,-243.19826822379036,243.19826822379036,59145.39766705068
2001-07-02 08:00:00,29572.0,30113.016846882445,-541.016846882445,541.016846882445,292699.2286106229
2001-07-02 09:00:00,30698.0,31007.904090597203,-309.9040905972033,309.9040905972033,96040.5453688796
2001-07-02 10:00:00,31582.0,31795.23835977478,-213.23835977477938,213.23835977477938,45470.59807943825
2001-07-02 11:00:00,32055.0,32165.826144678656,-110.82614467865642,110.82614467865642,12282.434344334484
2001-07-02 12:00:00,32152.0,32080.757954369317,71.2420456306827,71.2420456306827,5075.429065644275
2001-07-02 13:00:00,32348.0,32213.810861408307,134.18913859169334,134.18913859169334,18006.72491598068
2001-07-02 14:00:00,32620.0,32263.514563102828,356.4854368971719,356.4854368971719,127081.86671976752
2001-07-02 15:00:00,32690.0,32735.267750815205,-45.267750815204636,45.267750815204636,2049.16926386746
2001-07-02 16:00:00,32934.0,32738.65665793107,195.3433420689289,195.3433420689289,38159.02129065857
2001-07-02 17:00:00,32881.0,32791.14232910127,89.85767089873116,89.85767089873116,8074.401019344677
2001-07-02 18:00:00,32145.0,32693.085185606567,-548.0851856065674,548.0851856065674,300397.37068138545
2001-07-02 19:00:00,31040.0,31695.40039054703,-655.4003905470308,655.4003905470308,429549.67192920053
2001-07-02 20:00:00,30469.0,30928.349323318398,-459.3493233183981,459.3493233183981,211001.8008330702
2001-07-02 21:00:00,30817.0,30580.033992055076,236.96600794492406,236.96600794492406,56152.88892135381
2001-07-02 22:00:00,28316.0,28754.517461872034,-438.5174618720339,438.5174618720339,192297.5643666907
2001-07-02 23:00:00,25448.0,26048.329756806685,-600.3297568066846,600.3297568066846,360395.8169075731
2001-07-03 00:00:00,23122.0,23239.352192936727,-117.35219293672708,117.35219293672708,13771.537187058817
2001-07-03 01:00:00,21859.0,21873.534496461984,-14.534496461983508,14.534496461983508,211.25158740341112
2001-07-03 02:00:00,21123.0,21238.035524462022,-115.0355244620223,115.0355244620223,13233.17188825253
2001-07-03 03:00:00,20820.0,20724.44957460074,95.55042539925853,95.55042539925853,9129.88379397927
2001-07-03 04:00:00,21173.0,21029.791256865068,143.20874313493186,143.20874313493186,20508.744110286894
2001-07-03 05:00:00,22197.0,22392.352560659372,-195.3525606593721,195.3525606593721,38162.622956173655
2001-07-03 06:00:00,24356.0,24984.509388472732,-628.5093884727321,628.5093884727321,395024.0513983677
2001-07-03 07:00:00,27237.0,27061.304799697038,175.6952003029619,175.6952003029619,30868.8034094979
2001-07-03 08:00:00,29482.0,29413.224575516113,68.77542448388704,68.77542448388704,4730.059012938848
2001-07-03 09:00:00,31031.0,30704.908733061384,326.0912669386162,326.0912669386162,106335.51437363183
2001-07-03 10:00:00,32065.0,31929.938580549675,135.06141945032505,135.06141945032505,18241.58702393664
2001-07-03 11:00:00,32882.0,32794.86391000694,87.1360899930587,87.1360899930587,7592.698179278425
2001-07-03 12:00:00,33246.0,33392.277253251705,-146.27725325170468,146.27725325170468,21397.034818863347
2001-07-03 13:00:00,33737.0,33638.95344646941,98.04655353059206,98.04655353059206,9613.126659227255
2001-07-03 14:00:00,33895.0,34225.029598070214,-330.029598070214,330.029598070214,108919.53560238698
2001-07-03 15:00:00,33850.0,34105.7768045645,-255.7768045644989,255.7768045644989,65421.77375322586
2001-07-03 16:00:00,33753.0,33857.37720516519,-104.37720516519039,104.37720516519039,10894.600958096247
2001-07-03 17:00:00,33492.0,33553.56220341855,-61.56220341855078,61.56220341855078,3789.904889747025
2001-07-03 18:00:00,32455.0,32873.294690179726,-418.2946901797259,418.2946901797259,174970.44783255286
2001-07-03 19:00:00,31343.0,32170.095912972574,-827.0959129725743,827.0959129725743,684087.6492559362
2001-07-03 20:00:00,30995.0,31403.083159620408,-408.08315962040797,408.08315962040797,166531.86516577538
2001-07-03 21:00:00,31541.0,30706.482879600335,834.5171203996651,834.5171203996651,696418.8242401492
2001-07-03 22:00:00,29627.0,29121.781347316057,505.2186526839432,505.2186526839432,255245.88701977883
2001-07-03 23:00:00,27072.0,26898.682151079658,173.31784892034193,173.31784892034193,30039.07675437447
2001-07-04 00:00:00,25058.0,24640.296013039206,417.7039869607943,417.7039869607943,174476.6207229434
2001-07-04 01:00:00,23603.0,23489.33681003199,113.66318996801056,113.66318996801056,12919.320753704056
2001-07-04 02:00:00,22753.0,22569.347845791883,183.65215420811728,183.65215420811728,33728.11374528209
2001-07-04 03:00:00,22242.0,22257.050689612934,-15.050689612933638,15.050689612933638,226.52325782486852
2001-07-04 04:00:00,22046.0,22314.419872937426,-268.4198729374257,268.4198729374257,72049.22818774375
2001-07-04 05:00:00,22331.0,23329.556400826976,-998.5564008269757,998.5564008269757,997114.8856325238
2001-07-04 06:00:00,22560.0,24883.729845575028,-2323.729845575028,2323.729845575028,5399720.395216143
2001-07-04 07:00:00,23365.0,24909.23773834708,-1544.2377383470812,1544.2377383470812,2384670.192535308
2001-07-04 08:00:00,25507.0,25633.80049040072,-126.80049040072117,126.80049040072117,16078.364365863383
2001-07-04 09:00:00,27960.0,27797.61921619885,162.38078380114894,162.38078380114894,26367.518947875473
2001-07-04 10:00:00,29817.0,29470.04445004099,346.95554995900966,346.95554995900966,120378.15364735885
2001-07-04 11:00:00,31218.0,30435.932592331337,782.0674076686628,782.0674076686628,611629.4301375824
2001-07-04 12:00:00,32018.0,32122.87602359149,-104.87602359148877,104.87602359148877,10998.98032436251
2001-07-04 13:00:00,32624.0,32548.28586346748,75.71413653251875,75.71413653251875,5732.63047086489
2001-07-04 14:00:00,33284.0,32997.75827836665,286.2417216333488,286.2417216333488,81934.32320362354
2001-07-04 15:00:00,33779.0,33576.774584271254,202.22541572874616,202.22541572874616,40895.118766664214
2001-07-04 16:00:00,34316.0,34122.65656010573,193.34343989426998,193.34343989426998,37381.68575014919
2001-07-04 17:00:00,34110.0,34472.05210683111,-362.05210683111363,362.05210683111363,131081.7280608481
2001-07-04 18:00:00,33157.0,33799.682967994806,-642.682967994806,642.682967994806,413041.3973506128
2001-07-04 19:00:00,32282.0,32456.956952499637,-174.95695249963683,174.95695249963683,30609.935227960177
2001-07-04 20:00:00,32303.0,32012.67945514159,290.32054485840854,290.32054485840854,84286.01876688321
2001-07-04 21:00:00,32240.0,32041.962337717094,198.03766228290624,198.03766228290624,39218.91568247842
2001-07-04 22:00:00,31055.0,30115.943870915078,939.0561290849218,939.0561290849218,881826.4135719574
2001-07-04 23:00:00,28791.0,28515.147779715517,275.85222028448334,275.85222028448334,76094.44743587912
2001-07-05 00:00:00,26575.0,26281.101599933783,293.8984000662167,293.8984000662167,86376.26956148197
2001-07-05 01:00:00,24934.0,24800.79234435776,133.20765564223984,133.20765564223984,17744.279521701552
2001-07-05 02:00:00,23986.0,23787.93328379215,198.06671620784982,198.06671620784982,39230.42406936092
2001-07-05 03:00:00,23404.0,23349.5401407688,54.459859231199516,54.459859231199516,2965.8762674820673
2001-07-05 04:00:00,23460.0,23365.601060476736,94.39893952326383,94.39893952326383,8911.159783116824
2001-07-05 05:00:00,24460.0,24344.670698290825,115.32930170917462,115.32930170917462,13300.847832725827
2001-07-05 06:00:00,26600.0,26127.329618892116,472.67038110788417,472.67038110788417,223417.28917667246
2001-07-05 07:00:00,30277.0,29295.356250125657,981.6437498743435,981.6437498743435,963624.4516673626
2001-07-05 08:00:00,33418.0,32360.99559818841,1057.0044018115914,1057.0044018115914,1117258.3054490802
2001-07-05 09:00:00,35697.0,34634.04449339089,1062.9555066091125,1062.9555066091125,1129874.409030635
2001-07-05 10:00:00,37804.0,37043.67242084187,760.3275791581327,760.3275791581327,578098.0276284666
2001-07-05 11:00:00,39017.0,38996.81715914724,20.18284085275809,20.18284085275809,407.34706488776095
2001-07-05 12:00:00,39933.0,39863.32209342272,69.67790657727892,69.67790657727892,4855.010664992009
2001-07-05 13:00:00,40460.0,40761.705730533155,-301.70573053315456,301.70573053315456,91026.34783654448
2001-07-05 14:00:00,40541.0,40951.36508734468,-410.36508734468225,410.36508734468225,168399.5049114087
2001-07-05 15:00:00,40285.0,40820.3647941059,-535.3647941059025,535.3647941059025,286615.46276805544
2001-07-05 16:00:00,39917.0,40280.2869625368,-363.28696253679664,363.28696253679664,131977.4171492119
2001-07-05 17:00:00,39086.0,39316.09374335054,-230.09374335053872,230.09374335053872,52943.13072906358
2001-07-05 18:00:00,37690.0,37963.94859849533,-273.94859849532804,273.94859849532804,75047.83461755444
2001-07-05 19:00:00,36136.0,37018.55630621798,-882.556306217979,882.556306217979,778905.6336451231
2001-07-05 20:00:00,35026.0,35747.69290848313,-721.6929084831281,721.6929084831281,520840.6541548367
2001-07-05 21:00:00,34262.0,34723.638164471246,-461.63816447124555,461.63816447124555,213109.79489638074
2001-07-05 22:00:00,31613.0,31431.37035130426,181.6296486957399,181.6296486957399,32989.32928533789
2001-07-05 23:00:00,28589.0,28921.565742858696,-332.56574285869647,332.56574285869647,110599.97332315662
2001-07-06 00:00:00,25967.0,26232.79505103271,-265.79505103271003,265.79505103271003,70647.00915348093
2001-07-06 01:00:00,24476.0,24591.154479767672,-115.15447976767246,115.15447976767246,13260.554210563285
2001-07-06 02:00:00,23522.0,23614.836235084196,-92.83623508419623,92.83623508419623,8618.566544608148
2001-07-06 03:00:00,22834.0,23043.13784931164,-209.137849311639,209.137849311639,43738.64001469782
2001-07-06 04:00:00,22753.0,22889.054948734938,-136.05494873493808,136.05494873493808,18510.949075266628
2001-07-06 05:00:00,23432.0,23919.65519533172,-487.6551953317212,487.6551953317212,237807.58953401915
2001-07-06 06:00:00,25220.0,25692.08225868899,-472.0822586889917,472.0822586889917,222861.6589689001
2001-07-06 07:00:00,28207.0,28184.214483769265,22.785516230735084,22.785516230735084,519.1797499010919
2001-07-06 08:00:00,30569.0,30508.66767750951,60.33232249048888,60.33232249048888,3639.98913709635
2001-07-06 09:00:00,32080.0,32441.56389911038,-361.5638991103806,361.5638991103806,130728.45313990147
2001-07-06 10:00:00,33016.0,33192.657233691745,-176.6572336917452,176.6572336917452,31207.778215619877
2001-07-06 11:00:00,33523.0,33601.07783750395,-78.07783750395174,78.07783750395174,6096.148709293493
2001-07-06 12:00:00,33658.0,33993.2999632329,-335.29996323290106,335.29996323290106,112426.06534398481
2001-07-06 13:00:00,33980.0,33943.76468940187,36.235310598131036,36.235310598131036,1312.9977341430274
2001-07-06 14:00:00,34023.0,34157.5793820871,-134.57938208709675,134.57938208709675,18111.610082944775
2001-07-06 15:00:00,34038.0,34075.39512416989,-37.39512416988873,37.39512416988873,1398.3953116813964
2001-07-06 16:00:00,34073.0,33992.02742007859,80.97257992140658,80.97257992140658,6556.558699128575
2001-07-06 17:00:00,33775.0,33703.62860954662,71.37139045337972,71.37139045337972,5093.875375248782
2001-07-06 18:00:00,32926.0,33247.89465359336,-321.89465359335736,321.89465359335736,103616.16801198754
2001-07-06 19:00:00,31521.0,32315.53947353056,-794.5394735305599,794.5394735305599,631292.9749982193
2001-07-06 20:00:00,30596.0,31392.15230146312,-796.1523014631202,796.1523014631202,633858.487125023
2001-07-06 21:00:00,30726.0,30349.650949479023,376.34905052097747,376.34905052097747,141638.60782804125
2001-07-06 22:00:00,28692.0,28524.640520218873,167.35947978112745,167.35947978112745,28009.19547260961
2001-07-06 23:00:00,26202.0,26310.877239112655,-108.87723911265493,108.87723911265493,11854.253196794238
2001-07-07 00:00:00,23644.0,24130.655257272265,-486.65525727226486,486.65525727226486,236833.3394307343
2001-07-07 01:00:00,22307.0,22352.926240332636,-45.92624033263564,45.92624033263564,2109.2195510910087
2001-07-07 02:00:00,21275.0,21598.64120507355,-323.6412050735489,323.6412050735489,104743.62962145894
2001-07-07 03:00:00,20767.0,20834.450119114106,-67.4501191141062,67.4501191141062,4549.518568507115
2001-07-07 04:00:00,20601.0,20762.370995665904,-161.37099566590405,161.37099566590405,26040.598242205222
2001-07-07 05:00:00,20907.0,20899.685202013916,7.314797986084159,7.314797986084159,53.50626957722086
2001-07-07 06:00:00,21442.0,21628.66475972574,-186.6647597257397,186.6647597257397,34843.73252346814
2001-07-07 07:00:00,23045.0,22951.962433477638,93.03756652236189,93.03756652236189,8655.988784402913
2001-07-07 08:00:00,25671.0,25444.803047169607,226.19695283039255,226.19695283039255,51165.06146975483
2001-07-07 09:00:00,27937.0,27587.049062278056,349.9509377219438,349.9509377219438,122465.65881246777
2001-07-07 10:00:00,29723.0,29097.933716223542,625.0662837764576,625.0662837764576,390707.859114111
2001-07-07 11:00:00,30499.0,30144.154915042607,354.8450849573928,354.8450849573928,125915.03431841933
2001-07-07 12:00:00,30986.0,30864.708257340404,121.29174265959591,121.29174265959591,14711.68683740164
2001-07-07 13:00:00,31093.0,31310.727201942835,-217.72720194283465,217.72720194283465,47405.1344658559
2001-07-07 14:00:00,31439.0,31331.338247395128,107.66175260487216,107.66175260487216,11591.052973952697
2001-07-07 15:00:00,31720.0,31660.429583248548,59.570416751452285,59.570416751452285,3548.634551941707
2001-07-07 16:00:00,32233.0,31849.092291804653,383.90770819534737,383.90770819534737,147385.12841180398
2001-07-07 17:00:00,32616.0,32061.651132531308,554.3488674686923,554.3488674686923,307302.6668638218
2001-07-07 18:00:00,32182.0,32564.03004099594,-382.0300409959418,382.0300409959418,145946.95222336098
2001-07-07 19:00:00,31289.0,31868.76652658663,-579.7665265866308,579.7665265866308,336129.22535032645
2001-07-07 20:00:00,31008.0,30789.040688359775,218.95931164022477,218.95931164022477,47943.18015396107
2001-07-07 21:00:00,31293.0,30614.860413934322,678.1395860656776,678.1395860656776,459873.2981893285
2001-07-07 22:00:00,29721.0,29305.96126766036,415.03873233963895,415.03873233963895,172257.14934209446
2001-07-07 23:00:00,27754.0,27479.188617709067,274.81138229093267,274.81138229093267,75521.29583665314
2001-07-08 00:00:00,25581.0,25598.909054736523,-17.909054736523103,17.909054736523103,320.7342415557806
2001-07-08 01:00:00,24020.0,23607.901672984965,412.09832701503547,412.09832701503547,169825.0311285911
2001-07-08 02:00:00,23115.0,23026.230134820937,88.76986517906334,88.76986517906334,7880.088963909083
2001-07-08 03:00:00,22546.0,22552.54020287065,-6.5402028706485,6.5402028706485,42.774253589238874
2001-07-08 04:00:00,22272.0,22470.210814839702,-198.21081483970192,198.21081483970192,39287.5271194186
2001-07-08 05:00:00,22338.0,22718.17757991656,-380.1775799165589,380.1775799165589,144534.99227121152
2001-07-08 06:00:00,22473.0,22796.98520324884,-323.9852032488416,323.9852032488416,104966.41192419318
2001-07-08 07:00:00,23249.0,23204.06378905199,44.93621094800983,44.93621094800983,2019.2630543640385
2001-07-08 08:00:00,24842.0,24920.822032214935,-78.82203221493546,78.82203221493546,6212.912762492324
2001-07-08 09:00:00,26559.0,26545.555734502355,13.444265497644665,13.444265497644665,180.74827477115875
2001-07-08 10:00:00,28220.0,27845.38322745871,374.6167725412888,374.6167725412888,140337.72626925173
2001-07-08 11:00:00,29384.0,29015.05470476925,368.94529523075107,368.94529523075107,136120.63087290607
2001-07-08 12:00:00,30112.0,30113.793754413706,-1.7937544137057557,1.7937544137057557,3.2175548966888794
2001-07-08 13:00:00,30686.0,30735.360478275194,-49.3604782751936,49.3604782751936,2436.4568155558595
2001-07-08 14:00:00,31053.0,30883.318062751132,169.68193724886805,169.68193724886805,28791.959828528794
2001-07-08 15:00:00,31473.0,31139.916031754125,333.08396824587544,333.08396824587544,110944.92990241936
2001-07-08 16:00:00,32073.0,31763.69421188824,309.3057881117602,309.3057881117602,95670.0705594371
2001-07-08 17:00:00,32686.0,32111.498732631935,574.5012673680649,574.5012673680649,330051.70620751276
2001-07-08 18:00:00,32932.0,32801.29852934939,130.70147065060883,130.70147065060883,17082.87443023196
2001-07-08 19:00:00,32728.0,32561.82386555355,166.1761344464503,166.1761344464503,27614.507659564726
2001-07-08 20:00:00,33141.0,32329.633595334108,811.3664046658923,811.3664046658923,658315.4426204566
2001-07-08 21:00:00,33757.0,32364.6781198694,1392.3218801305993,1392.3218801305993,1938560.217890407
2001-07-08 22:00:00,32327.0,31783.900250944545,543.0997490554546,543.0997490554546,294957.33742409776
2001-07-08 23:00:00,29768.0,30086.457468386074,-318.45746838607374,318.45746838607374,101415.15917086716
2001-07-09 00:00:00,27692.0,27452.776902879887,239.22309712011338,239.22309712011338,57227.6901957392
2001-07-09 01:00:00,26096.0,26182.024037379455,-86.02403737945497,86.02403737945497,7400.1350070618655
2001-07-09 02:00:00,25355.0,25197.58055531801,157.41944468198926,157.41944468198926,24780.881563985877
2001-07-09 03:00:00,24791.0,24749.018126154904,41.98187384509583,41.98187384509583,1762.4777315455417
2001-07-09 04:00:00,24910.0,24653.229631618844,256.770368381156,256.770368381156,65931.02207859456
2001-07-09 05:00:00,26253.0,26087.326893405156,165.67310659484428,165.67310659484428,27447.578248786638
2001-07-09 06:00:00,28646.0,28999.70246045759,-353.70246045758904,353.70246045758904,125105.43053375234
2001-07-09 07:00:00,32163.0,31219.77284201354,943.227157986461,943.227157986461,889677.4715632162
2001-07-09 08:00:00,35325.0,34213.731902579246,1111.2680974207542,1111.2680974207542,1234916.7843451428
2001-07-09 09:00:00,37903.0,36547.417331725585,1355.5826682744155,1355.5826682744155,1837604.3705259839
2001-07-09 10:00:00,39781.0,39453.34545101008,327.65454898992175,327.65454898992175,107357.50347378904
2001-07-09 11:00:00,41195.0,41146.101102505825,48.89889749417489,48.89889749417489,2391.1021761458233
2001-07-09 12:00:00,42467.0,42380.676753774,86.32324622599845,86.32324622599845,7451.702838994355
2001-07-09 13:00:00,43617.0,43425.16451630494,191.83548369506025,191.83548369506025,36800.85280451772
2001-07-09 14:00:00,44460.0,44229.967114998864,230.03288500113558,230.03288500113558,52915.12818194567
2001-07-09 15:00:00,45157.0,44769.57687619046,387.4231238095381,387.4231238095381,150096.67686234068
2001-07-09 16:00:00,45789.0,45221.95539523808,567.0446047619189,567.0446047619189,321539.5837896008
2001-07-09 17:00:00,46006.0,45326.026754761864,679.9732452381359,679.9732452381359,462363.61423968204
2001-07-09 18:00:00,45320.0,45022.27227619046,297.7277238095412,297.7277238095412,88641.79752481045
2001-07-09 19:00:00,43698.0,44100.227343711864,-402.2273437118638,402.2273437118638,161786.8360295018
2001-07-09 20:00:00,42305.0,42918.888895238066,-613.8888952380657,613.8888952380657,376859.5756966129
2001-07-09 21:00:00,41884.0,41434.95157222221,449.04842777778686,449.04842777778686,201644.49048970226
2001-07-09 22:00:00,38539.0,38911.59651904763,-372.5965190476272,372.5965190476272,138828.16600640884
2001-07-09 23:00:00,34702.0,35094.93872380949,-392.93872380949324,392.93872380949324,154400.8406690332
2001-07-10 00:00:00,31625.0,31690.004719047618,-65.00471904761798,65.00471904761798,4225.613498459748
2001-07-10 01:00:00,29443.0,29393.69361778933,49.30638221067056,49.30638221067056,2431.1193267047306
2001-07-10 02:00:00,28084.0,28081.576765872996,2.423234127003525,2.423234127003525,5.872063634274536
2001-07-10 03:00:00,27227.0,27314.630633904013,-87.63063390401294,87.63063390401294,7679.127998419142
2001-07-10 04:00:00,26992.0,27014.213095892774,-22.21309589277371,22.21309589277371,493.4216291415602
2001-07-10 05:00:00,28151.0,28059.202825352724,91.79717464727582,91.79717464727582,8426.72127322246
2001-07-10 06:00:00,30368.0,30307.612693401028,60.38730659897192,60.38730659897192,3646.6267982782374
2001-07-10 07:00:00,34210.0,33299.98403074423,910.0159692557718,910.0159692557718,828129.0643005217
2001-07-10 08:00:00,37241.0,36743.914528533984,497.0854714660163,497.0854714660163,247093.96594259172
2001-07-10 09:00:00,40007.0,39490.00079047616,516.9992095238413,516.9992095238413,267288.18264827674
2001-07-10 10:00:00,42623.0,42161.37810476188,461.62189523811685,461.62189523811685,213094.77416323093
2001-07-10 11:00:00,44625.0,44299.2979095238,325.702090476203,325.702090476203,106081.85174056873
2001-07-10 12:00:00,45556.0,45671.34574523811,-115.3457452381117,115.3457452381117,13304.64094453537
2001-07-10 13:00:00,46690.0,46401.65779605581,288.3422039441866,288.3422039441866,83141.22657539092
2001-07-10 14:00:00,47157.0,47380.94501424964,-223.94501424964255,223.94501424964255,50151.36940727261
2001-07-10 15:00:00,46773.0,47247.28060091076,-474.28060091075895,474.28060091075895,224942.08840027062
2001-07-10 16:00:00,46449.0,46526.97906197691,-77.97906197691191,77.97906197691191,6080.734106799068
2001-07-10 17:00:00,45174.0,45927.88274920636,-753.8827492063574,753.8827492063574,568339.1995509355
2001-07-10 18:00:00,43266.0,44014.38593191321,-748.3859319132098,748.3859319132098,560081.5030856035
2001-07-10 19:00:00,41340.0,42143.930193747205,-803.9301937472046,803.9301937472046,646303.7564184179
2001-07-10 20:00:00,40372.0,40813.70031314944,-441.7003131494421,441.7003131494421,195099.1666363152
2001-07-10 21:00:00,39654.0,39585.24365048569,68.7563495143113,68.7563495143113,4727.435598534135
2001-07-10 22:00:00,36319.0,36571.9239690476,-252.92396904760244,252.92396904760244,63970.53411879256
2001-07-10 23:00:00,33207.0,33045.92185053839,161.07814946160943,161.07814946160943,25946.170233976587
2001-07-11 00:00:00,30057.0,30476.56222205405,-419.5622220540499,419.5622220540499,176032.4581749319
2001-07-11 01:00:00,28214.0,28206.136664094123,7.863335905876738,7.863335905876738,61.83205156865034
2001-07-11 02:00:00,27018.0,27022.252040007726,-4.252040007726464,4.252040007726464,18.079844227306467
2001-07-11 03:00:00,26399.0,26279.40008036126,119.59991963873836,119.59991963873836,14304.140777592673
2001-07-11 04:00:00,26461.0,26359.925547781393,101.0744522186069,101.0744522186069,10216.044891291447
2001-07-11 05:00:00,27703.0,27593.97715338383,109.02284661617159,109.02284661617159,11885.981084293277
2001-07-11 06:00:00,30045.0,30295.89183775806,-250.8918377580594,250.8918377580594,62946.7142536164
2001-07-11 07:00:00,33062.0,33017.07087878908,44.92912121091649,44.92912121091649,2018.6259327852263
2001-07-11 08:00:00,35382.0,35448.00189187008,-66.00189187008073,66.00189187008073,4356.249730429829
2001-07-11 09:00:00,37343.0,37267.7126649092,75.28733509079757,75.28733509079757,5668.182825074039
2001-07-11 10:00:00,38960.0,39032.634944227975,-72.63494422797521,72.63494422797521,5275.835123001069
2001-07-11 11:00:00,40176.0,40466.909785011776,-290.90978501177597,290.90978501177597,84628.50301559771
2001-07-11 12:00:00,40918.0,41219.09554682538,-301.09554682538146,301.09554682538146,90658.52831807548
2001-07-11 13:00:00,41444.0,41834.38418470845,-390.3841847084477,390.3841847084477,152399.81167047942
2001-07-11 14:00:00,41745.0,41854.20926420507,-109.20926420507021,109.20926420507021,11926.66338821283
2001-07-11 15:00:00,41735.0,42339.121384467224,-604.1213844672238,604.1213844672238,364962.6471705953
2001-07-11 16:00:00,41775.0,41891.29222952581,-116.2922295258104,116.2922295258104,13523.882648083767
2001-07-11 17:00:00,41253.0,41226.798313756604,26.20168624339567,26.20168624339567,686.5283619973499
2001-07-11 18:00:00,39836.0,39794.07557086245,41.92442913755076,41.92442913755076,1757.6577585095151
2001-07-11 19:00:00,37706.0,38514.21088351615,-808.2108835161489,808.2108835161489,653204.832233954
2001-07-11 20:00:00,36438.0,37221.18363176663,-783.1836317666312,783.1836317666312,613376.6010671702
2001-07-11 21:00:00,36258.0,35618.76965072893,639.2303492710707,639.2303492710707,408615.4394292151
2001-07-11 22:00:00,33361.0,33557.15831641416,-196.15831641416298,196.15831641416298,38478.08509843888
2001-07-11 23:00:00,29965.0,30474.66797661792,-509.6679766179186,509.6679766179186,259761.44638980323
2001-07-12 00:00:00,27074.0,27604.294315567848,-530.2943155678477,530.2943155678477,281212.061123572
2001-07-12 01:00:00,25425.0,25673.975207588595,-248.97520758859537,248.97520758859537,61988.65399378416
2001-07-12 02:00:00,24315.0,24430.635893274597,-115.63589327459704,115.63589327459704,13371.659813413997
2001-07-12 03:00:00,23677.0,23743.537060768413,-66.53706076841263,66.53706076841263,4427.180455699435
2001-07-12 04:00:00,23771.0,23837.374275491344,-66.37427549134372,66.37427549134372,4405.544447000792
2001-07-12 05:00:00,24894.0,25002.474675091566,-108.47467509156559,108.47467509156559,11766.75513622072
2001-07-12 06:00:00,26714.0,26784.027847601315,-70.02784760131544,70.02784760131544,4903.899439673061
2001-07-12 07:00:00,30221.0,29611.175108684565,609.8248913154348,609.8248913154348,371886.3980678819
2001-07-12 08:00:00,32684.0,32621.126850097313,62.873149902687146,62.873149902687146,3953.0329786857687
2001-07-12 09:00:00,34134.0,34666.07192467736,-532.0719246773588,532.0719246773588,283100.53302986897
2001-07-12 10:00:00,35652.0,35574.001285111175,77.9987148888249,77.9987148888249,6083.799524308196
2001-07-12 11:00:00,36463.0,36800.39459380145,-337.39459380145126,337.39459380145126,113835.11192644629
2001-07-12 12:00:00,36879.0,37004.192672039506,-125.19267203950585,125.19267203950585,15673.20513239127
2001-07-12 13:00:00,37272.0,37471.23690252212,-199.23690252211964,199.23690252211964,39695.3433266086
2001-07-12 14:00:00,37431.0,37728.51656830618,-297.51656830617867,297.51656830617867,88516.10841668508
2001-07-12 15:00:00,37551.0,37643.199376938275,-92.19937693827524,92.19937693827524,8500.72510780616
2001-07-12 16:00:00,37628.0,37439.7256546852,188.27434531479958,188.27434531479958,35447.229103716396
2001-07-12 17:00:00,37322.0,37282.629474316724,39.370525683276355,39.370525683276355,1550.0382925775232
2001-07-12 18:00:00,36282.0,36303.90747132617,-21.907471326172526,21.907471326172526,479.93729990707146
2001-07-12 19:00:00,34905.0,35371.49635326043,-466.4963532604306,466.4963532604306,217618.8476052805
2001-07-12 20:00:00,34448.0,34420.81919035383,27.1808096461682,27.1808096461682,738.7964130212303
2001-07-12 21:00:00,34358.0,34102.195627808076,255.8043721919239,255.8043721919239,65435.876832504335
2001-07-12 22:00:00,31838.0,32157.166302495923,-319.16630249592345,319.16630249592345,101867.12864891932
2001-07-12 23:00:00,28718.0,29082.02485661366,-364.02485661366154,364.02485661366154,132514.09623259684
2001-07-13 00:00:00,26266.0,26373.66713241778,-107.66713241778052,107.66713241778052,11592.211403067886
2001-07-13 01:00:00,24383.0,24754.75764744618,-371.75764744617845,371.75764744617845,138203.74843471713
2001-07-13 02:00:00,23372.0,23524.31394973493,-152.31394973492934,152.31394973492934,23199.53928385458
2001-07-13 03:00:00,22903.0,22884.956114606895,18.043885393104574,18.043885393104574,325.5818000794926
2001-07-13 04:00:00,23096.0,22946.848866095876,149.15113390412444,149.15113390412444,22246.060744886057
2001-07-13 05:00:00,24150.0,24220.28672300935,-70.28672300935068,70.28672300935068,4940.223431393187
2001-07-13 06:00:00,25871.0,26618.948731928343,-747.9487319283435,747.9487319283435,559427.305593217
2001-07-13 07:00:00,29370.0,28828.552365944124,541.4476340558758,541.4476340558758,293165.5404247056
2001-07-13 08:00:00,31770.0,31579.90498109079,190.09501890921092,190.09501890921092,36136.11621409326
2001-07-13 09:00:00,33555.0,33383.45598914433,171.54401085567224,171.54401085567224,29427.347660450996
2001-07-13 10:00:00,34988.0,34879.04872172693,108.95127827306715,108.95127827306715,11870.381037335314
2001-07-13 11:00:00,35800.0,35874.00895634252,-74.00895634252083,74.00895634252083,5477.325618909154
2001-07-13 12:00:00,36202.0,36492.405214949395,-290.4052149493946,290.4052149493946,84335.18886980407
2001-07-13 13:00:00,36456.0,36620.43001868068,-164.4300186806795,164.4300186806795,27037.231043328607
2001-07-13 14:00:00,36494.0,36718.13601644563,-224.13601644562732,224.13601644562732,50236.95386811452
2001-07-13 15:00:00,36311.0,36632.90708709071,-321.90708709070896,321.90708709070896,103624.17271922529
2001-07-13 16:00:00,36062.0,36046.79088216947,15.209117830527248,15.209117830527248,231.31726518286186
2001-07-13 17:00:00,35521.0,35531.79360582472,-10.793605824721453,10.793605824721453,116.50192669946088
2001-07-13 18:00:00,34484.0,34708.68657945812,-224.6865794581172,224.6865794581172,50484.05898858881
2001-07-13 19:00:00,33143.0,34061.4636557991,-918.4636557991034,918.4636557991034,843575.4870238539
2001-07-13 20:00:00,32504.0,32835.48256071464,-331.4825607146413,331.4825607146413,109880.68805793585
2001-07-13 21:00:00,32476.0,32163.40868260981,312.59131739018994,312.59131739018994,97713.33170773447
2001-07-13 22:00:00,30281.0,30225.033809454606,55.966190545394056,55.966190545394056,3132.214484163355
2001-07-13 23:00:00,27544.0,27748.71214754175,-204.71214754175162,204.71214754175162,41907.063351155884
2001-07-14 00:00:00,25229.0,25164.7984701203,64.20152987970141,64.20152987970141,4121.836438894193
2001-07-14 01:00:00,23572.0,23746.121118930452,-174.1211189304522,174.1211189304522,30318.164057592683
2001-07-14 02:00:00,22534.0,22689.61698812047,-155.6169881204696,155.6169881204696,24216.646991686383
2001-07-14 03:00:00,21988.0,22105.391526888732,-117.39152688873219,117.39152688873219,13780.770585267932
2001-07-14 04:00:00,21740.0,21835.88708811197,-95.8870881119692,95.8870881119692,9194.333666592545
2001-07-14 05:00:00,21911.0,22069.812488720683,-158.81248872068318,158.81248872068318,25221.40657365712
2001-07-14 06:00:00,22299.0,22520.422481515147,-221.4224815151465,221.4224815151465,49027.915320325395
2001-07-14 07:00:00,24095.0,23817.96766241614,277.03233758385977,277.03233758385977,76746.91606717765
2001-07-14 08:00:00,26767.0,26264.23757352838,502.76242647162144,502.76242647162144,252770.05747163255
2001-07-14 09:00:00,28995.0,28786.683023012498,208.31697698750213,208.31697698750213,43395.96290121149
2001-07-14 10:00:00,30477.0,30529.900357064183,-52.90035706418348,52.90035706418348,2798.447777518107
2001-07-14 11:00:00,31227.0,31545.44301976958,-318.44301976958013,318.44301976958013,101405.9568399692
2001-07-14 12:00:00,31573.0,31682.24170567275,-109.24170567274996,109.24170567274996,11933.75025829173
2001-07-14 13:00:00,31531.0,31835.77533353657,-304.77533353657054,304.77533353657054,92888.00393232782
2001-07-14 14:00:00,31500.0,31621.128718653355,-121.12871865335546,121.12871865335546,14672.166482603743
2001-07-14 15:00:00,31580.0,31447.425187633115,132.57481236688545,132.57481236688545,17576.080874114883
2001-07-14 16:00:00,31742.0,31492.22786400194,249.77213599806055,249.77213599806055,62386.119921033656
2001-07-14 17:00:00,31871.0,31669.569165937195,201.43083406280493,201.43083406280493,40574.380911237255
2001-07-14 18:00:00,31358.0,31647.33893589656,-289.33893589656145,289.33893589656145,83717.0198257545
2001-07-14 19:00:00,30548.0,30726.851134605447,-178.85113460544744,178.85113460544744,31987.72834965588
2001-07-14 20:00:00,30367.0,30468.414263381805,-101.41426338180463,101.41426338180463,10284.852817274039
2001-07-14 21:00:00,30727.0,30308.282392664936,418.7176073350638,418.7176073350638,175324.43469240068
2001-07-14 22:00:00,28948.0,28898.74382952015,49.25617047984997,49.25617047984997,2426.1703303400436
2001-07-14 23:00:00,26751.0,26853.66469307379,-102.66469307379157,102.66469307379157,10540.039203935827
2001-07-15 00:00:00,24498.0,24528.107504575244,-30.107504575244093,30.107504575244093,906.461831748344
2001-07-15 01:00:00,23036.0,23053.87371814653,-17.873718146529427,17.873718146529427,319.46980038157534
2001-07-15 02:00:00,22005.0,22132.539958128455,-127.5399581284546,127.5399581284546,16266.440919407953
2001-07-15 03:00:00,21308.0,21460.521744099617,-152.52174409961663,152.52174409961663,23262.882423188938
2001-07-15 04:00:00,21066.0,21060.94220592053,5.0577940794682945,5.0577940794682945,25.58128095030453
2001-07-15 05:00:00,20792.0,21080.87856286707,-288.8785628670703,288.8785628670703,83450.82408414388
2001-07-15 06:00:00,20931.0,21175.734198614726,-244.73419861472576,244.73419861472576,59894.827971592036
2001-07-15 07:00:00,22445.0,22176.12953039417,268.8704696058303,268.8704696058303,72291.32942605972
2001-07-15 08:00:00,24864.0,24695.712299040984,168.28770095901564,168.28770095901564,28320.750294071073
2001-07-15 09:00:00,27002.0,26652.628204039098,349.3717959609021,349.3717959609021,122060.6518129462
2001-07-15 10:00:00,28690.0,28463.814685994075,226.18531400592474,226.18531400592474,51159.796271958774
2001-07-15 11:00:00,30100.0,29477.565471468683,622.4345285313175,622.4345285313175,387424.7423080035
2001-07-15 12:00:00,31066.0,30929.443648721957,136.5563512780427,136.5563512780427,18647.637074372196
2001-07-15 13:00:00,31611.0,31477.107016553182,133.8929834468181,133.8929834468181,17927.331016289907
2001-07-15 14:00:00,32081.0,31791.84041907136,289.15958092864093,289.15958092864093,83613.26324282725
2001-07-15 15:00:00,32732.0,32329.780237386694,402.21976261330565,402.21976261330565,161780.73743670396
2001-07-15 16:00:00,33395.0,33103.37286473608,291.62713526392326,291.62713526392326,85046.3860222426
2001-07-15 17:00:00,33743.0,33450.99515141631,292.0048485836887,292.0048485836887,85266.83159638298
2001-07-15 18:00:00,33393.0,33626.45816895042,-233.45816895041935,233.45816895041935,54502.716649682545
2001-07-15 19:00:00,32711.0,32900.15188393868,-189.1518839386772,189.1518839386772,35778.43519755081
2001-07-15 20:00:00,32789.0,32308.4148498918,480.58515010819974,480.58515010819974,230962.08650452088
2001-07-15 21:00:00,33342.0,32316.9149161595,1025.0850838404986,1025.0850838404986,1050799.4291122819
2001-07-15 22:00:00,31504.0,31187.442569673647,316.5574303263529,316.5574303263529,100208.60669482379
2001-07-15 23:00:00,28724.0,29434.54283459808,-710.5428345980799,710.5428345980799,504871.11979867436
2001-07-16 00:00:00,26394.0,26209.83616361007,184.1638363899292,184.1638363899292,33916.31863385661
2001-07-16 01:00:00,24940.0,24642.329148120898,297.670851879102,297.670851879102,88607.93605843026
2001-07-16 02:00:00,24095.0,23887.066488612047,207.93351138795333,207.93351138795333,43236.34515812412
2001-07-16 03:00:00,23600.0,23560.98686833536,39.01313166464024,39.01313166464024,1522.0244422825551
2001-07-16 04:00:00,23804.0,23578.838019065803,225.16198093419735,225.16198093419735,50697.917658211845
2001-07-16 05:00:00,24996.0,24798.736399199217,197.26360080078302,197.26360080078302,38912.92820089069
2001-07-16 06:00:00,27109.0,27650.269237440974,-541.2692374409744,541.2692374409744,292972.38739993394
2001-07-16 07:00:00,30638.0,30111.55021835936,526.4497816406401,526.4497816406401,277149.3725894777
2001-07-16 08:00:00,33634.0,32947.730099823566,686.269900176434,686.269900176434,470966.3758881727
2001-07-16 09:00:00,35965.0,35150.23254095027,814.7674590497336,814.7674590497336,663846.0123263593
2001-07-16 10:00:00,38073.0,37267.908313809334,805.0916861906662,805.0916861906662,648172.6231733302
2001-07-16 11:00:00,39563.0,39265.3272866364,297.67271336360136,297.67271336360136,88609.04428124877
2001-07-16 12:00:00,40660.0,40393.65550307193,266.3444969280681,266.3444969280681,70939.39104386569
2001-07-16 13:00:00,41719.0,41618.738078665796,100.26192133420409,100.26192133420409,10052.45286962613
2001-07-16 14:00:00,42369.0,42538.92318773337,-169.9231877333732,169.9231877333732,28873.88972947119
2001-07-16 15:00:00,42689.0,42692.28863258845,-3.2886325884464895,3.2886325884464895,10.815104301792259
2001-07-16 16:00:00,42773.0,42808.740504761925,-35.74050476192497,35.74050476192497,1277.3836806371812
2001-07-16 17:00:00,42423.0,42602.95738746036,-179.9573874603593,179.9573874603593,32384.661301557888
2001-07-16 18:00:00,41486.0,41284.31060864516,201.68939135484106,201.68939135484106,40678.61058508624
2001-07-16 19:00:00,40210.0,40196.782715496236,13.217284503763949,13.217284503763949,174.69660965343863
2001-07-16 20:00:00,39790.0,39686.00551652286,103.99448347713769,103.99448347713769,10814.852593676664
2001-07-16 21:00:00,39480.0,38804.92265493728,675.0773450627166,675.0773450627166,455729.42181692616
2001-07-16 22:00:00,36432.0,36663.15213015872,-231.15213015871996,231.15213015871996,53431.30727691381
2001-07-16 23:00:00,32989.0,33120.16982735932,-131.16982735932106,131.16982735932106,17205.52360947409
2001-07-17 00:00:00,30270.0,29919.726736988316,350.2732630116843,350.2732630116843,122691.35878085258
2001-07-17 01:00:00,28489.0,28325.911369795944,163.08863020405624,163.08863020405624,26597.901301835405
2001-07-17 02:00:00,27302.0,27231.26155271296,70.73844728703989,70.73844728703989,5003.927924581321
2001-07-17 03:00:00,26594.0,26439.843354911824,154.15664508817645,154.15664508817645,23764.271224841996
2001-07-17 04:00:00,26656.0,26503.841916824098,152.158083175902,152.158083175902,23152.082275764707
2001-07-17 05:00:00,28002.0,27885.180971646205,116.81902835379515,116.81902835379515,13646.685385524794
2001-07-17 06:00:00,30259.0,30373.310856897464,-114.31085689746396,114.31085689746396,13066.972004632486
2001-07-17 07:00:00,33475.0,33181.3915556271,293.6084443728978,293.6084443728978,86205.91860707302
2001-07-17 08:00:00,36170.0,35878.113884655584,291.8861153444159,291.8861153444159,85197.50433085366
2001-07-17 09:00:00,38365.0,38311.00662218108,53.993377818922454,53.993377818922454,2915.284848296907
2001-07-17 10:00:00,40548.0,40115.532579365106,432.46742063489364,432.46742063489364,187028.06991059805
2001-07-17 11:00:00,42652.0,41836.72937619046,815.2706238095416,815.2706238095416,664666.190046799
2001-07-17 12:00:00,43931.0,43795.119478571425,135.88052142857487,135.88052142857487,18463.516103701393
2001-07-17 13:00:00,45032.0,45245.686201831515,-213.68620183151506,213.68620183151506,45661.792853178995
2001-07-17 14:00:00,45986.0,45550.71363772174,435.28636227826064,435.28636227826064,189474.21718544117
2001-07-17 15:00:00,46552.0,46369.76908559406,182.23091440593998,182.23091440593998,33208.10616522503
2001-07-17 16:00:00,46845.0,46887.3245785714,-42.324578571402526,42.324578571402526,1791.3699512468258
2001-07-17 17:00:00,46442.0,46756.338819047625,-314.3388190476253,314.3388190476253,98808.89316025571
2001-07-17 18:00:00,45230.0,45066.98916078431,163.0108392156908,163.0108392156908,26572.533701803797
2001-07-17 19:00:00,43566.0,44184.07348402834,-618.0734840283403,618.0734840283403,382014.83165893104
2001-07-17 20:00:00,42983.0,42989.632994749685,-6.632994749685167,6.632994749685167,43.99661934935099
2001-07-17 21:00:00,41884.0,42123.30293896107,-239.3029389610674,239.3029389610674,57265.89659540435
2001-07-17 22:00:00,38308.0,38806.69768571429,-498.6976857142872,498.6976857142872,248699.381736786
2001-07-17 23:00:00,34642.0,35003.72474761904,-361.7247476190387,361.7247476190387,130844.79304005724
2001-07-18 00:00:00,31607.0,31631.014826046157,-24.014826046157395,24.014826046157395,576.7118700271997
2001-07-18 01:00:00,29735.0,29653.539136659172,81.46086334082793,81.46086334082793,6635.872256233043
2001-07-18 02:00:00,28289.0,28387.465746825375,-98.46574682537539,98.46574682537539,9695.503297878924
2001-07-18 03:00:00,27532.0,27492.431174196598,39.56882580340243,39.56882580340243,1565.6919754600062
2001-07-18 04:00:00,27496.0,27443.94172760836,52.05827239164137,52.05827239164137,2710.0637244023296
2001-07-18 05:00:00,28774.0,28312.68815588854,461.31184411146023,461.31184411146023,212808.6175175162
2001-07-18 06:00:00,31071.0,30870.905499783643,200.09450021635712,200.09450021635712,40037.80901683374
2001-07-18 07:00:00,33813.0,33635.594048134946,177.4059518650538,177.4059518650538,31472.871757145782
2001-07-18 08:00:00,35922.0,36824.122284813624,-902.122284813624,902.122284813624,813824.6167573533
2001-07-18 09:00:00,36820.0,37771.89340238911,-951.8934023891125,951.8934023891125,906101.0495119208
2001-07-18 10:00:00,38049.0,38806.50043162394,-757.5004316239429,757.5004316239429,573806.9039104597
2001-07-18 11:00:00,38872.0,38920.30836795068,-48.30836795068171,48.30836795068171,2333.6984140584523
2001-07-18 12:00:00,39291.0,39664.91133467323,-373.9113346732265,373.9113346732265,139809.6861971136
2001-07-18 13:00:00,39808.0,39983.202271933624,-175.2022719336237,175.2022719336237,30695.83609070343
2001-07-18 14:00:00,40256.0,40302.60500060238,-46.60500060237973,46.60500060237973,2172.026081147815
2001-07-18 15:00:00,40497.0,40537.586552164496,-40.586552164495515,40.586552164495515,1647.2682166013155
2001-07-18 16:00:00,40619.0,40399.21885295812,219.78114704188192,219.78114704188192,48303.75259504532
2001-07-18 17:00:00,40387.0,40138.37664675327,248.6233532467304,248.6233532467304,61813.57177964849
2001-07-18 18:00:00,39316.0,39414.64549618205,-98.6454961820491,98.6454961820491,9730.933917002663
2001-07-18 19:00:00,37892.0,38192.86942902198,-300.86942902197916,300.86942902197916,90522.41332001175
2001-07-18 20:00:00,37566.0,37300.86538574176,265.1346142582406,265.1346142582406,70296.36367786604
2001-07-18 21:00:00,37290.0,36731.77036079849,558.2296392015123,558.2296392015123,311620.33008305065
2001-07-18 22:00:00,34659.0,34440.73280792206,218.2671920779394,218.2671920779394,47640.56713758809
2001-07-18 23:00:00,31462.0,31957.02468549532,-495.0246854953184,495.0246854953184,245049.4392497389
2001-07-19 00:00:00,28801.0,28878.770436041574,-77.7704360415737,77.7704360415737,6048.240722096506
2001-07-19 01:00:00,27073.0,27221.482096504136,-148.48209650413628,148.48209650413628,22046.93298226364
2001-07-19 02:00:00,26061.0,26116.48100153365,-55.48100153365158,55.48100153365158,3078.141531177049
2001-07-19 03:00:00,25447.0,25523.78949405033,-76.78949405032836,76.78949405032836,5896.626396505414
2001-07-19 04:00:00,25560.0,25447.64004519621,112.35995480378915,112.35995480378915,12624.759443509542
2001-07-19 05:00:00,26923.0,26863.323135483803,59.676864516197384,59.676864516197384,3561.3281584845786
2001-07-19 06:00:00,29167.0,29362.190519828728,-195.1905198287277,195.1905198287277,38099.339031008945
2001-07-19 07:00:00,32011.0,32240.4290982087,-229.42909820870045,229.42909820870045,52637.71110485752
2001-07-19 08:00:00,34023.0,34666.98773436578,-643.987734365779,643.987734365779,414720.2020135692
2001-07-19 09:00:00,35188.0,35637.52774940243,-449.5277494024267,449.5277494024267,202075.19748281094
2001-07-19 10:00:00,36551.0,36263.06103160721,287.9389683927875,287.9389683927875,82908.84951910267
2001-07-19 11:00:00,37441.0,37424.00018050318,16.999819496821146,16.999819496821146,288.9938629245004
2001-07-19 12:00:00,38102.0,38133.14264814247,-31.142648142471444,31.142648142471444,969.86453332578
2001-07-19 13:00:00,38813.0,38429.74445065721,383.25554934279353,383.25554934279353,146884.81610204643
2001-07-19 14:00:00,39288.0,39063.13249894889,224.86750105110696,224.86750105110696,50565.393028969585
2001-07-19 15:00:00,39789.0,39467.92943096302,321.0705690369796,321.0705690369796,103086.31030172987
2001-07-19 16:00:00,39960.0,39952.85629005779,7.1437099422109895,7.1437099422109895,51.03259173844414
2001-07-19 17:00:00,39690.0,39740.08098596547,-50.080985965469154,50.080985965469154,2508.1051552735184
2001-07-19 18:00:00,38421.0,38669.38453914462,-248.38453914462298,248.38453914462298,61694.87928608675
2001-07-19 19:00:00,36738.0,37340.425836471746,-602.4258364717462,602.4258364717462,362916.888448683
2001-07-19 20:00:00,36209.0,36163.002969347275,45.99703065272479,45.99703065272479,2115.7268288677037
2001-07-19 21:00:00,35986.0,35297.265479036956,688.7345209630439,688.7345209630439,474355.2403661936
2001-07-19 22:00:00,33280.0,33488.677173989905,-208.677173989905,208.677173989905,43546.16294441308
2001-07-19 23:00:00,30351.0,30538.05743983736,-187.05743983736102,187.05743983736102,34990.485798507936
2001-07-20 00:00:00,27461.0,27965.647442847625,-504.6474428476249,504.6474428476249,254669.04157264685
2001-07-20 01:00:00,25807.0,25755.071206648194,51.928793351806235,51.928793351806235,2696.5995789745953
2001-07-20 02:00:00,24642.0,24803.491829367034,-161.49182936703437,161.49182936703437,26079.610952311345
2001-07-20 03:00:00,24072.0,24056.605062451214,15.394937548786402,15.394937548786402,237.00410213103348
2001-07-20 04:00:00,24075.0,24120.0019404924,-45.00194049239872,45.00194049239872,2025.1746480813952
2001-07-20 05:00:00,25286.0,25218.9272977121,67.07270228790003,67.07270228790003,4498.74739220127
2001-07-20 06:00:00,27259.0,27368.024787235725,-109.02478723572494,109.02478723572494,11886.404231795093
2001-07-20 07:00:00,30418.0,30134.083229877375,283.91677012262517,283.91677012262517,80608.73235686358
2001-07-20 08:00:00,32686.0,32998.505544925996,-312.5055449259962,312.5055449259962,97659.71560949384
2001-07-20 09:00:00,34478.0,34526.67903931811,-48.67903931810724,48.67903931810724,2369.6488689338307
2001-07-20 10:00:00,36329.0,35993.871587755355,335.128412244645,335.128412244645,112311.05269361673
2001-07-20 11:00:00,37210.0,37336.355052352956,-126.35505235295568,126.35505235295568,15965.599255118172
2001-07-20 12:00:00,37759.0,37890.19924978658,-131.19924978657946,131.19924978657946,17213.24314456127
2001-07-20 13:00:00,38185.0,38362.73702704447,-177.7370270444735,177.7370270444735,31590.450782607906
2001-07-20 14:00:00,38682.0,38621.44338525618,60.55661474382214,60.55661474382214,3667.103589231697
2001-07-20 15:00:00,38863.0,38773.864891498575,89.13510850142484,89.13510850142484,7945.067567560778
2001-07-20 16:00:00,39037.0,38768.705384958914,268.2946150410862,268.2946150410862,71982.00046004464
2001-07-20 17:00:00,38702.0,38732.348919602584,-30.34891960258392,30.34891960258392,921.0569210441025
2001-07-20 18:00:00,37500.0,37504.514366980475,-4.514366980474733,4.514366980474733,20.37950923440056
2001-07-20 19:00:00,35872.0,36003.69332174347,-131.69332174347073,131.69332174347073,17343.1309918293
2001-07-20 20:00:00,34697.0,35385.31088756218,-688.3108875621765,688.3108875621765,473771.8779366312
2001-07-20 21:00:00,34348.0,34108.96270986934,239.03729013066186,239.03729013066186,57138.82607301021
2001-07-20 22:00:00,31922.0,32252.503646558398,-330.50364655839803,330.50364655839803,109232.6603883985
2001-07-20 23:00:00,28879.0,29244.838297175087,-365.83829717508706,365.83829717508706,133837.65967996733
2001-07-21 00:00:00,26404.0,26545.421237743074,-141.42123774307402,141.42123774307402,19999.96648478306
2001-07-21 01:00:00,24422.0,24968.911504996235,-546.9115049962347,546.9115049962347,299112.19429724646
2001-07-21 02:00:00,23405.0,23471.13338718513,-66.13338718513114,66.13338718513114,4373.6249005784675
2001-07-21 03:00:00,22635.0,22900.563885717365,-265.56388571736534,265.56388571736534,70524.17739730587
2001-07-21 04:00:00,22323.0,22426.266614176075,-103.26661417607465,103.26661417607465,10663.993603390263
2001-07-21 05:00:00,22404.0,22567.370624258674,-163.37062425867407,163.37062425867407,26689.960870668863
2001-07-21 06:00:00,22674.0,23040.493904225477,-366.4939042254773,366.4939042254773,134317.78183443332
2001-07-21 07:00:00,24646.0,24212.642819636247,433.3571803637533,433.3571803637533,187798.4457728226
2001-07-21 08:00:00,27408.0,27114.30403811742,293.69596188257856,293.69596188257856,86257.31802613304
2001-07-21 09:00:00,29966.0,29656.731446694605,309.26855330539547,309.26855330539547,95647.03806361224
2001-07-21 10:00:00,31825.0,31672.912775543227,152.08722445677267,152.08722445677267,23130.52384296475
2001-07-21 11:00:00,33224.0,33098.54633315009,125.45366684991313,125.45366684991313,15738.622526088993
2001-07-21 12:00:00,33961.0,33961.84976718416,-0.8497671841614647,0.8497671841614647,0.7221042672777046
2001-07-21 13:00:00,34445.0,34385.40475849603,59.59524150397192,59.59524150397192,3551.592809916737
2001-07-21 14:00:00,34978.0,34727.96957068405,250.03042931594973,250.03042931594973,62515.215583918136
2001-07-21 15:00:00,35566.0,35470.187721481576,95.81227851842414,95.81227851842414,9179.99271489208
2001-07-21 16:00:00,36011.0,35857.34097410089,153.65902589911275,153.65902589911275,23611.096240264204
2001-07-21 17:00:00,36088.0,36153.8004480543,-65.80044805430225,65.80044805430225,4329.698964146929
2001-07-21 18:00:00,35466.0,35703.32379310131,-237.32379310130636,237.32379310130636,56322.58277199167
2001-07-21 19:00:00,34232.0,34864.034927705376,-632.0349277053756,632.0349277053756,399468.1498395394
2001-07-21 20:00:00,33645.0,33792.417492647335,-147.41749264733517,147.41749264733517,21731.917138427118
2001-07-21 21:00:00,33589.0,33610.75426397376,-21.754263973758498,21.754263973758498,473.2480010399669
2001-07-21 22:00:00,31510.0,31437.12962200869,72.87037799130849,72.87037799130849,5310.091988596177
2001-07-21 23:00:00,28860.0,29241.139129583404,-381.1391295834037,381.1391295834037,145267.0360995946
2001-07-22 00:00:00,26328.0,26474.339846828287,-146.33984682828668,146.33984682828668,21415.350769726407
2001-07-22 01:00:00,24433.0,24798.00452673457,-365.0045267345704,365.0045267345704,133228.30453672772
2001-07-22 02:00:00,23251.0,23305.43560189338,-54.4356018933795,54.4356018933795,2963.2347534945015
2001-07-22 03:00:00,22566.0,22502.107816690972,63.89218330902804,63.89218330902804,4082.2110879944416
2001-07-22 04:00:00,22057.0,22332.880243886964,-275.8802438869643,275.8802438869643,76109.9089671309
2001-07-22 05:00:00,22003.0,22115.498835643702,-112.49883564370248,112.49883564370248,12655.988021188783
2001-07-22 06:00:00,21908.0,22301.079537365888,-393.0795373658875,393.0795373658875,154511.52269578015
2001-07-22 07:00:00,23210.0,22951.442379636992,258.557620363008,258.557620363008,66852.04304778138
2001-07-22 08:00:00,25858.0,25456.848710205424,401.15128979457586,401.15128979457586,160922.35730385178
2001-07-22 09:00:00,28274.0,28277.026663979064,-3.026663979064324,3.026663979064324,9.160694842165487
2001-07-22 10:00:00,30462.0,30157.697795674485,304.30220432551505,304.30220432551505,92599.8315573675
2001-07-22 11:00:00,32120.0,31954.09834200264,165.90165799736133,165.90165799736133,27523.360126273445
2001-07-22 12:00:00,33129.0,33141.75634508293,-12.756345082932967,12.756345082932967,162.72433987486806
2001-07-22 13:00:00,34190.0,33798.75665158724,391.2433484127614,391.2433484127614,153071.35767722942
2001-07-22 14:00:00,35056.0,34707.20168535412,348.79831464587915,348.79831464587915,121660.26429980571
2001-07-22 15:00:00,35782.0,35673.442665785966,108.5573342140342,108.5573342140342,11784.69481165752
2001-07-22 16:00:00,36434.0,36148.00640947978,285.9935905202219,285.9935905202219,81792.33381864836
2001-07-22 17:00:00,36752.0,36671.08939117475,80.91060882525198,80.91060882525198,6546.526620472944
2001-07-22 18:00:00,36268.0,36575.80451913061,-307.80451913060824,307.80451913060824,94743.62199722498
2001-07-22 19:00:00,35294.0,35660.803539899855,-366.8035398998545,366.8035398998545,134544.83688306416
2001-07-22 20:00:00,34810.0,34936.87721167814,-126.87721167814016,126.87721167814016,16097.826843219585
2001-07-22 21:00:00,35273.0,34345.09237609707,927.9076239029309,927.9076239029309,861012.5584971831
2001-07-22 22:00:00,33241.0,33144.62522372629,96.37477627371118,96.37477627371118,9288.097501807883
2001-07-22 23:00:00,30638.0,30642.823108572393,-4.823108572392812,4.823108572392812,23.262376301089027
2001-07-23 00:00:00,28206.0,27960.934166591713,245.0658334082873,245.0658334082873,60057.262704098415
2001-07-23 01:00:00,26582.0,26465.745241947297,116.25475805270253,116.25475805270253,13515.168769892403
2001-07-23 02:00:00,25679.0,25405.46214648125,273.5378535187483,273.5378535187483,74822.9573076442
2001-07-23 03:00:00,25308.0,24934.346340490705,373.6536595092948,373.6536595092948,139617.05726468802
2001-07-23 04:00:00,25354.0,25190.644059303595,163.355940696405,163.355940696405,26685.163360807393
2001-07-23 05:00:00,26669.0,26780.856223712573,-111.85622371257341,111.85622371257341,12511.81478323727
2001-07-23 06:00:00,29020.0,29155.924555169946,-135.92455516994596,135.92455516994596,18475.484698147684
2001-07-23 07:00:00,32396.0,31948.75367304018,447.24632695981927,447.24632695981927,200029.27697904955
2001-07-23 08:00:00,35539.0,34588.79461257848,950.2053874215198,950.2053874215198,902890.2782848806
2001-07-23 09:00:00,38242.0,36763.14149385452,1478.8585061454796,1478.8585061454796,2187022.4811988394
2001-07-23 10:00:00,40929.0,39580.27583883697,1348.7241611630307,1348.7241611630307,1819056.8629049207
2001-07-23 11:00:00,43170.0,42260.31611428573,909.683885714272,909.683885714272,827524.7719282168
2001-07-23 12:00:00,44712.0,44103.725378021976,608.2746219780238,608.2746219780238,369998.01574250776
2001-07-23 13:00:00,46320.0,45494.47573492063,825.5242650793734,825.5242650793734,681490.3122348397
2001-07-23 14:00:00,47067.0,46894.448001587276,172.55199841272406,172.55199841272406,29774.192156224726
2001-07-23 15:00:00,47839.0,47366.91373253964,472.08626746036316,472.08626746036316,222865.44392465753
2001-07-23 16:00:00,48428.0,47709.7274630428,718.2725369571999,718.2725369571999,515915.4373469321
2001-07-23 17:00:00,48332.0,47638.65525317459,693.344746825409,693.344746825409,480726.93795039045
2001-07-23 18:00:00,47327.0,46803.53031428569,523.4696857143135,523.4696857143135,274020.5118618422
2001-07-23 19:00:00,45700.0,45542.94105714286,157.0589428571402,157.0589428571402,24667.511531402433
2001-07-23 20:00:00,44738.0,44645.430414285715,92.5695857142855,92.5695857142855,8569.12819931445
2001-07-23 21:00:00,44236.0,43907.810840182035,328.18915981796454,328.18915981796454,107708.12462202147
2001-07-23 22:00:00,40789.0,41067.19603571427,-278.19603571426705,278.19603571426705,77393.03428713375
2001-07-23 23:00:00,37011.0,37354.9441384615,-343.94413846149837,343.94413846149837,118297.57038202236
2001-07-24 00:00:00,33898.0,33666.91618095237,231.0838190476279,231.0838190476279,53399.73142563684
2001-07-24 01:00:00,31936.0,31356.62458095237,579.3754190476284,579.3754190476284,335675.876196615
2001-07-24 02:00:00,30660.0,30261.45783134733,398.54216865267153,398.54216865267153,158835.8601943745
2001-07-24 03:00:00,29790.0,29723.540250261063,66.45974973893681,66.45974973893681,4416.898335362111
2001-07-24 04:00:00,29754.0,29359.42490563807,394.5750943619314,394.5750943619314,155689.50509072706
2001-07-24 05:00:00,31027.0,30388.88909200795,638.1109079920498,638.1109079920498,407185.5308984382
2001-07-24 06:00:00,33470.0,32688.253072639814,781.7469273601855,781.7469273601855,611128.2584370911
2001-07-24 07:00:00,36828.0,36356.43933732927,471.5606626707304,471.5606626707304,222369.45857845838
2001-07-24 08:00:00,39517.0,39773.52747142858,-256.527471428577,256.527471428577,65806.34359753938
2001-07-24 09:00:00,41974.0,41455.95537142857,518.0446285714279,518.0446285714279,268370.2371917087
2001-07-24 10:00:00,44690.0,44453.16625238095,236.83374761904997,236.83374761904997,56090.224011283855
2001-07-24 11:00:00,46912.0,46092.45143571433,819.5485642856729,819.5485642856729,671659.8492227078
2001-07-24 12:00:00,48486.0,47707.67233492058,778.3276650794214,778.3276650794214,605793.954227984
2001-07-24 13:00:00,49564.0,49294.2612586835,269.7387413164979,269.7387413164979,72758.98856700858
2001-07-24 14:00:00,50410.0,49468.374238095304,941.6257619046955,941.6257619046955,886659.0754825984
2001-07-24 15:00:00,51104.0,50148.53658571427,955.4634142857321,955.4634142857321,912910.3360385486
2001-07-24 16:00:00,51550.0,50609.08605238089,940.9139476191122,940.9139476191122,885319.0568241813
2001-07-24 17:00:00,51508.0,50249.27080952383,1258.7291904761732,1258.7291904761732,1584399.1749568025
2001-07-24 18:00:00,50482.0,49280.47845714287,1201.5215428571319,1201.5215428571319,1443654.0179497825
2001-07-24 19:00:00,49002.0,48446.43514761908,555.5648523809214,555.5648523809214,308652.30520103493
2001-07-24 20:00:00,48570.0,47513.36370952383,1056.63629047617,1056.63629047617,1116480.250351241
2001-07-24 21:00:00,47952.0,46455.39730952384,1496.6026904761602,1496.6026904761602,2239819.6131404815
2001-07-24 22:00:00,44315.0,45350.943352380986,-1035.9433523809857,1035.9433523809857,1073178.6293423553
2001-07-24 23:00:00,40438.0,40973.83516190478,-535.8351619047826,535.8351619047826,287119.32073352457
2001-07-25 00:00:00,37386.0,37242.655233333295,143.34476666670525,143.34476666670525,20547.722130732174
2001-07-25 01:00:00,35120.0,34445.867854761884,674.1321452381162,674.1321452381162,454454.1492433446
2001-07-25 02:00:00,34081.0,32820.602274603196,1260.3977253968042,1260.3977253968042,1588602.4261854377
2001-07-25 03:00:00,33230.0,33398.71891546249,-168.71891546248662,168.71891546248662,28466.072434837708
2001-07-25 04:00:00,33230.0,33356.31379250606,-126.31379250605823,126.31379250605823,15955.174177263534
2001-07-25 05:00:00,34212.0,33876.90596972707,335.09403027292865,335.09403027292865,112288.00912455442
2001-07-25 06:00:00,36335.0,36037.029044155875,297.97095584412455,297.97095584412455,88786.69052666122
2001-07-25 07:00:00,39759.0,38832.80313982686,926.1968601731423,926.1968601731423,857840.6237945873
2001-07-25 08:00:00,42732.0,41504.650365367954,1227.3496346320462,1227.3496346320462,1506387.1256314174
2001-07-25 09:00:00,45413.0,44159.6485,1253.351499999997,1253.351499999997,1570889.9825522425
2001-07-25 10:00:00,47775.0,46761.52289126983,1013.4771087301706,1013.4771087301706,1027135.849920066
2001-07-25 11:00:00,49761.0,49168.39464285716,592.605357142842,592.605357142842,351181.1093143953
2001-07-25 12:00:00,50807.0,50158.96050000002,648.0394999999771,648.0394999999771,419955.19356022036
2001-07-25 13:00:00,51686.0,50909.8822333333,776.117766666699,776.117766666699,602358.7877357047
2001-07-25 14:00:00,52132.0,51375.701719047494,756.2982809525056,756.2982809525056,571987.0897717151
2001-07-25 15:00:00,51959.0,51470.6059285713,488.39407142870186,488.39407142870186,238528.76900670395
2001-07-25 16:00:00,52024.0,51474.21119047607,549.7888095239323,549.7888095239323,302267.7350777427
2001-07-25 17:00:00,51477.0,51290.2551142856,186.74488571439724,186.74488571439724,34873.652340483284
2001-07-25 18:00:00,50398.0,51104.502433333226,-706.5024333332258,706.5024333332258,499145.6883057691
2001-07-25 19:00:00,48930.0,50693.40775238089,-1763.4077523808883,1763.4077523808883,3109606.901157016
2001-07-25 20:00:00,48362.0,48940.06644285714,-578.0664428571399,578.0664428571399,334160.812357507
2001-07-25 21:00:00,47017.0,46765.65882857143,251.3411714285685,251.3411714285685,63172.38445508505
2001-07-25 22:00:00,43487.0,45301.17646190477,-1814.176461904768,1814.176461904768,3291236.2349293022
2001-07-25 23:00:00,39599.0,41221.317176190496,-1622.317176190496,1622.317176190496,2631913.020162705
2001-07-26 00:00:00,36472.0,36750.948285714265,-278.9482857142648,278.9482857142648,77812.1461029271
2001-07-26 01:00:00,34674.0,33975.84167619048,698.1583238095191,698.1583238095191,487425.04510451725
2001-07-26 02:00:00,33251.0,32987.98038916788,263.0196108321179,263.0196108321179,69179.31568227876
2001-07-26 03:00:00,32287.0,32958.2345770541,-671.2345770540996,671.2345770540996,450555.85743299604
2001-07-26 04:00:00,32192.0,32158.097554219385,33.90244578061538,33.90244578061538,1149.3758299075655
2001-07-26 05:00:00,33286.0,32659.16471367882,626.8352863211803,626.8352863211803,392922.4761773561
2001-07-26 06:00:00,35488.0,35205.09213931627,282.90786068372836,282.90786068372836,80036.85763664385
2001-07-26 07:00:00,38241.0,38409.44876176048,-168.44876176048274,168.44876176048274,28374.98533863987
2001-07-26 08:00:00,40295.0,39969.35323516484,325.64676483516087,325.64676483516087,106045.81544760657
2001-07-26 09:00:00,41562.0,41974.516895238114,-412.51689523811365,412.51689523811365,170170.18885689284
2001-07-26 10:00:00,42376.0,42711.310747619034,-335.3107476190344,335.3107476190344,112433.29746883576
2001-07-26 11:00:00,42624.0,43893.772985714284,-1269.772985714284,1269.772985714284,1612323.4352497673
2001-07-26 12:00:00,42584.0,43689.37798095237,-1105.3779809523694,1105.3779809523694,1221860.4807743367
2001-07-26 13:00:00,42285.0,43572.62025714285,-1287.6202571428512,1287.6202571428512,1657965.9266046223
2001-07-26 14:00:00,41695.0,42996.91065238096,-1301.9106523809605,1301.9106523809605,1694971.3467830182
2001-07-26 15:00:00,40597.0,41908.95171904761,-1311.9517190476108,1311.9517190476108,1721217.3131119811
2001-07-26 16:00:00,39887.0,40557.95133015872,-670.9513301587212,670.9513301587212,450175.68744175736
2001-07-26 17:00:00,39006.0,39818.69283333333,-812.6928333333271,812.6928333333271,660469.641351351
2001-07-26 18:00:00,37808.0,39070.97676827324,-1262.9767682732418,1262.9767682732418,1595110.317197922
2001-07-26 19:00:00,36404.0,37670.84641068731,-1266.846410687307,1266.846410687307,1604899.828271313
2001-07-26 20:00:00,36157.0,36270.067375091574,-113.06737509157392,113.06737509157392,12784.23131009867
2001-07-26 21:00:00,36129.0,36077.67962259658,51.320377403419116,51.320377403419116,2633.7811368293715
2001-07-26 22:00:00,34289.0,34724.60037619045,-435.60037619045033,435.60037619045033,189747.68773726185
2001-07-26 23:00:00,32440.0,32805.1390095238,-365.1390095238021,365.1390095238021,133326.49627602324
2001-07-27 00:00:00,30611.0,31039.281275000005,-428.2812750000048,428.2812750000048,183424.85051562975
2001-07-27 01:00:00,26213.0,29338.4957152381,-3125.4957152380994,3125.4957152380994,9768723.465971718
2001-07-27 02:00:00,24980.0,26301.913887373754,-1321.9138873737538,1321.9138873737538,1747456.3256315894
2001-07-27 03:00:00,24139.0,25700.289003479844,-1561.2890034798438,1561.2890034798438,2437623.3523870837
2001-07-27 04:00:00,24217.0,24994.11165213675,-777.1116521367512,777.1116521367512,603902.519886711
2001-07-27 05:00:00,25080.0,25694.340703501395,-614.3407035013952,614.3407035013952,377414.4999785891
2001-07-27 06:00:00,26963.0,27158.061570951286,-195.06157095128583,195.06157095128583,38049.01646198352
2001-07-27 07:00:00,29602.0,29644.635553144806,-42.63555314480618,42.63555314480618,1817.7903919635921
2001-07-27 08:00:00,31805.0,32062.44584149811,-257.4458414981091,257.4458414981091,66278.3613046695
2001-07-27 09:00:00,33207.0,33529.57494447949,-322.57494447949284,322.57494447949284,104054.59480594788
2001-07-27 10:00:00,34375.0,34276.9434549402,98.05654505980056,98.05654505980056,9615.086029064696
2001-07-27 11:00:00,35029.0,35284.880698497356,-255.8806984973562,255.8806984973562,65474.93186349491
2001-07-27 12:00:00,35422.0,35579.59872673128,-157.5987267312812,157.5987267312812,24837.35866732105
2001-07-27 13:00:00,35776.0,35798.29894121293,-22.298941212931823,22.298941212931823,497.24277921778935
2001-07-27 14:00:00,36064.0,36202.297727163605,-138.29772716360458,138.29772716360458,19126.26133861881
2001-07-27 15:00:00,36149.0,36270.29455051126,-121.29455051125842,121.29455051125842,14712.36798372822
2001-07-27 16:00:00,36323.0,36087.26636944377,235.73363055622758,235.73363055622758,55570.34457521999
2001-07-27 17:00:00,35897.0,35778.86835730621,118.13164269379195,118.13164269379195,13955.085005533729
2001-07-27 18:00:00,34552.0,35112.94658141607,-560.9465814160721,560.9465814160721,314661.06720237806
2001-07-27 19:00:00,32860.0,34056.92729931212,-1196.9272993121194,1196.9272993121194,1432634.9598386039
2001-07-27 20:00:00,32567.0,32602.63432092766,-35.634320927660156,35.634320927660156,1269.8048279754785
2001-07-27 21:00:00,32347.0,32094.039233868385,252.96076613161495,252.96076613161495,63989.14920189359
2001-07-27 22:00:00,30010.0,30462.98743974195,-452.9874397419517,452.9874397419517,205197.6205639683
2001-07-27 23:00:00,27428.0,27589.591623638542,-161.59162363854193,161.59162363854193,26111.852830140182
2001-07-28 00:00:00,25145.0,25134.35774189062,10.642258109379327,10.642258109379327,113.25765766665005
2001-07-28 01:00:00,23559.0,23715.038568155906,-156.03856815590552,156.03856815590552,24348.034752145173
2001-07-28 02:00:00,22564.0,22623.708818635932,-59.7088186359324,59.7088186359324,3565.1430228986687
2001-07-28 03:00:00,21894.0,22095.55693834326,-201.5569383432594,201.5569383432594,40625.19939430847
2001-07-28 04:00:00,21752.0,21778.289896175796,-26.289896175796457,26.289896175796457,691.1586409341572
2001-07-28 05:00:00,21968.0,22156.207088225572,-188.20708822557208,188.20708822557208,35421.90805834827
2001-07-28 06:00:00,22517.0,22738.01731717172,-221.01731717172152,221.01731717172152,48848.654489785346
2001-07-28 07:00:00,23868.0,24171.184731803565,-303.1847318035652,303.1847318035652,91920.98159879977
2001-07-28 08:00:00,26437.0,26117.9747521214,319.02524787859875,319.02524787859875,101777.10878400138
2001-07-28 09:00:00,28654.0,28415.5240438081,238.4759561919018,238.4759561919018,56870.78168164186
2001-07-28 10:00:00,30260.0,29715.937183485043,544.0628165149574,544.0628165149574,296004.3483141882
2001-07-28 11:00:00,31210.0,31499.722155727603,-289.7221557276025,289.7221557276025,83938.92751944916
2001-07-28 12:00:00,31452.0,31832.582972760436,-380.58297276043595,380.58297276043595,144843.39915517074
2001-07-28 13:00:00,31572.0,31739.962118071577,-167.9621180715767,167.9621180715767,28211.27310709027
2001-07-28 14:00:00,31568.0,31695.166405532582,-127.16640553258185,127.16640553258185,16171.294696077064
2001-07-28 15:00:00,31513.0,31569.83055963554,-56.83055963553852,56.83055963553852,3229.7125084885
2001-07-28 16:00:00,31712.0,31396.784961236026,315.215038763974,315.215038763974,99360.52066297363
2001-07-28 17:00:00,31707.0,31672.285624575456,34.714375424544414,34.714375424544414,1205.0878611162132
2001-07-28 18:00:00,31106.0,31587.09562336852,-481.09562336852105,481.09562336852105,231452.99882434585
2001-07-28 19:00:00,30081.0,30670.35248680289,-589.3524868028908,589.3524868028908,347336.35370075156
2001-07-28 20:00:00,30223.0,30185.029524269932,37.97047573006785,37.97047573006785,1441.7570271676714
2001-07-28 21:00:00,30345.0,30292.227578759193,52.77242124080658,52.77242124080658,2784.9284436171333
2001-07-28 22:00:00,28593.0,28692.89734585676,-99.89734585675978,99.89734585675978,9979.479709225081
2001-07-28 23:00:00,26417.0,26530.772774086676,-113.77277408667578,113.77277408667578,12944.244123377764
2001-07-29 00:00:00,24553.0,24273.21787661327,279.7821233867289,279.7821233867289,78278.0365667868
2001-07-29 01:00:00,23075.0,23132.42242560218,-57.42242560218074,57.42242560218074,3297.3349620379818
2001-07-29 02:00:00,22144.0,22257.701534452317,-113.70153445231699,113.70153445231699,12928.038936811428
2001-07-29 03:00:00,21612.0,21578.0534919895,33.94650801050011,33.94650801050011,1152.3654061069483
2001-07-29 04:00:00,21319.0,21457.925059552632,-138.92505955263186,138.92505955263186,19300.17217170231
2001-07-29 05:00:00,21445.0,21319.58195453886,125.41804546114145,125.41804546114145,15729.686127292942
2001-07-29 06:00:00,21429.0,21794.26377914917,-365.26377914916884,365.26377914916884,133417.6283583328
2001-07-29 07:00:00,22326.0,22447.144211686413,-121.14421168641275,121.14421168641275,14675.920025122383
2001-07-29 08:00:00,24110.0,24466.17627935327,-356.1762793532689,356.1762793532689,126861.54197393786
2001-07-29 09:00:00,25848.0,25998.9584948962,-150.95849489620014,150.95849489620014,22788.467181326083
2001-07-29 10:00:00,27200.0,27388.42226065647,-188.422260656469,188.422260656469,35502.948310894346
2001-07-29 11:00:00,28011.0,28056.588583823002,-45.58858382300241,45.58858382300241,2078.318974986917
2001-07-29 12:00:00,28359.0,28309.08761194681,49.912388053191535,49.912388053191535,2491.246481172377
2001-07-29 13:00:00,28416.0,28346.31949170061,69.68050829938875,69.68050829938875,4855.3732368611845
2001-07-29 14:00:00,28239.0,28295.0715706213,-56.07157062130136,56.07157062130136,3144.021031939586
2001-07-29 15:00:00,28048.0,28236.084051389204,-188.08405138920352,188.08405138920352,35375.61038697655
2001-07-29 16:00:00,28080.0,28106.05266659757,-26.05266659757035,26.05266659757035,678.7414368441579
2001-07-29 17:00:00,28263.0,28189.48391312187,73.51608687813132,73.51608687813132,5404.615029872952
2001-07-29 18:00:00,28044.0,28420.25907330946,-376.2590733094585,376.2590733094585,141570.89024769244
2001-07-29 19:00:00,27954.0,28179.783322638054,-225.7833226380535,225.7833226380535,50978.108781479365
2001-07-29 20:00:00,28830.0,28273.293513785866,556.7064862141342,556.7064862141342,309922.11179288797
2001-07-29 21:00:00,28925.0,28528.689676004855,396.31032399514515,396.31032399514515,157061.87290513693
2001-07-29 22:00:00,27311.0,27219.97521464943,91.02478535057162,91.02478535057162,8285.511548117638
2001-07-29 23:00:00,25419.0,25494.922022941442,-75.92202294144226,75.92202294144226,5764.153567520885
2001-07-30 00:00:00,23842.0,23744.264714260393,97.7352857396072,97.7352857396072,9552.186078602668
2001-07-30 01:00:00,22712.0,22480.417055140548,231.58294485945225,231.58294485945225,53630.6603497761
2001-07-30 02:00:00,22237.0,22147.351005008415,89.64899499158491,89.64899499158491,8036.942303001217
2001-07-30 03:00:00,22074.0,22217.73719829128,-143.73719829128095,143.73719829128095,20660.382172627018
2001-07-30 04:00:00,22584.0,22547.409784422896,36.59021557710366,36.59021557710366,1338.8438759789196
2001-07-30 05:00:00,24029.0,24295.73987759462,-266.73987759462034,266.73987759462034,71150.16229919303
2001-07-30 06:00:00,26408.0,26829.246244812664,-421.2462448126644,421.2462448126644,177448.39876877118
2001-07-30 07:00:00,29319.0,29145.334540888944,173.6654591110564,173.6654591110564,30159.691688254006
2001-07-30 08:00:00,31694.0,31012.802439729065,681.1975602709354,681.1975602709354,464030.1161190746
2001-07-30 09:00:00,33341.0,32547.736291623973,793.2637083760274,793.2637083760274,629267.3110264869
2001-07-30 10:00:00,34557.0,34234.25186695599,322.74813304401323,322.74813304401323,104166.35738339607
2001-07-30 11:00:00,35385.0,35048.23784124652,336.76215875348134,336.76215875348134,113408.75156830497
2001-07-30 12:00:00,35727.0,35771.35878968727,-44.35878968727047,44.35878968727047,1967.7022225194933
2001-07-30 13:00:00,36077.0,35918.77987854287,158.22012145713234,158.22012145713234,25033.606833909707
2001-07-30 14:00:00,36273.0,36044.83074989021,228.1692501097932,228.1692501097932,52061.20669566537
2001-07-30 15:00:00,36185.0,36099.33716478631,85.66283521369041,85.66283521369041,7338.121336847878
2001-07-30 16:00:00,36220.0,35905.80619872863,314.19380127137265,314.19380127137265,98717.74475735481
2001-07-30 17:00:00,35856.0,35687.284970631576,168.71502936842444,168.71502936842444,28464.76113478832
2001-07-30 18:00:00,35045.0,35069.86869980098,-24.86869980097981,24.86869980097981,618.4522297912533
2001-07-30 19:00:00,33848.0,34827.581538505365,-979.5815385053647,979.5815385053647,959579.9905805374
2001-07-30 20:00:00,33908.0,33775.68414637803,132.31585362197075,132.31585362197075,17507.48511971079
2001-07-30 21:00:00,33878.0,33391.78093936639,486.219060633608,486.219060633608,236408.9749234282
2001-07-30 22:00:00,31239.0,31277.967670431874,-38.96767043187356,38.96767043187356,1518.4793388871128
2001-07-30 23:00:00,28369.0,28395.50210396388,-26.502103963881382,26.502103963881382,702.3615145123772
2001-07-31 00:00:00,25903.0,25817.283555126258,85.71644487374215,85.71644487374215,7347.308921793277
2001-07-31 01:00:00,24342.0,24449.086238649805,-107.08623864980473,107.08623864980473,11467.462508162931
2001-07-31 02:00:00,23591.0,23566.401766034942,24.59823396505817,24.59823396505817,605.0731141997414
2001-07-31 03:00:00,23083.0,23114.8940317904,-31.89403179040164,31.89403179040164,1017.2292638471505
2001-07-31 04:00:00,23362.0,23203.299180094404,158.7008199055963,158.7008199055963,25185.95023870851
2001-07-31 05:00:00,24760.0,24544.146726462197,215.85327353780303,215.85327353780303,46592.63569698562
2001-07-31 06:00:00,26941.0,26957.050583493816,-16.050583493815793,16.050583493815793,257.621230491952
2001-07-31 07:00:00,29812.0,29603.22030730687,208.77969269312962,208.77969269312962,43588.96008103764
2001-07-31 08:00:00,32109.0,31841.12151875161,267.87848124839,267.87848124839,71758.88071594405
2001-07-31 09:00:00,33833.0,33547.7004713502,285.29952864979714,285.29952864979714,81395.82104779642
2001-07-31 10:00:00,35239.0,35226.47212300541,12.527876994587132,12.527876994587132,156.9477019915055
2001-07-31 11:00:00,36574.0,36051.88923436557,522.110765634432,522.110765634432,272599.6515913728
2001-07-31 12:00:00,37275.0,37371.26543775303,-96.26543775302707,96.26543775302707,9267.03450578193
2001-07-31 13:00:00,38216.0,37989.22984076005,226.7701592399535,226.7701592399535,51424.705121713865
2001-07-31 14:00:00,38723.0,38751.73392200025,-28.73392200024682,28.73392200024682,825.6382735162682
2001-07-31 15:00:00,39211.0,38954.23942790664,256.76057209335704,256.76057209335704,65925.991381708
2001-07-31 16:00:00,39486.0,39303.81917354641,182.18082645358663,182.18082645358663,33189.853527311854
2001-07-31 17:00:00,39273.0,39242.66528154876,30.334718451238587,30.334718451238587,920.1951435159148
2001-07-31 18:00:00,38116.0,38080.46476527347,35.53523472652887,35.53523472652887,1262.7529070695034
2001-07-31 19:00:00,36536.0,36884.49904839145,-348.49904839145165,348.49904839145165,121451.58672974736
2001-07-31 20:00:00,36210.0,35923.16511301584,286.8348869841575,286.8348869841575,82274.2523912144
2001-07-31 21:00:00,35701.0,35541.267894262164,159.7321057378358,159.7321057378358,25514.34560344316
2001-07-31 22:00:00,32842.0,33174.609325937956,-332.6093259379559,332.6093259379559,110628.96370090137
2001-07-31 23:00:00,29553.0,29948.459810497247,-395.4598104972465,395.4598104972465,156388.4617185181
2001-08-01 00:00:00,26928.0,26996.909091570575,-68.90909157057467,68.90909157057467,4748.462901081845
2001-08-01 01:00:00,25303.0,25320.24396797852,-17.24396797852023,17.24396797852023,297.3544316442311
2001-08-01 02:00:00,24293.0,24347.76972472885,-54.769724728848814,54.769724728848814,2999.7227468738733
2001-08-01 03:00:00,23789.0,23743.76367895119,45.23632104881108,45.23632104881108,2046.3247420311081
2001-08-01 04:00:00,24002.0,23801.532883162097,200.46711683790272,200.46711683790272,40187.06493330134
2001-08-01 05:00:00,25209.0,25146.118535699876,62.88146430012421,62.88146430012421,3954.078552527795
2001-08-01 06:00:00,27414.0,27587.456991317664,-173.45699131766378,173.45699131766378,30087.32783697609
2001-08-01 07:00:00,30366.0,30149.537397132754,216.46260286724646,216.46260286724646,46856.05844006326
2001-08-01 08:00:00,33161.0,32799.21673698753,361.7832630124685,361.7832630124685,130887.12939594897
2001-08-01 09:00:00,35346.0,34808.74161869742,537.2583813025776,537.2583813025776,288646.5682798659
2001-08-01 10:00:00,37121.0,36823.581279162645,297.41872083735507,297.41872083735507,88457.89550452854
2001-08-01 11:00:00,39268.0,38170.6781308238,1097.3218691762013,1097.3218691762013,1204115.2845723522
2001-08-01 12:00:00,40325.0,40162.12084589466,162.87915410534333,162.87915410534333,26529.61884207218
2001-08-01 13:00:00,41589.0,41201.31753663003,387.68246336997254,387.68246336997254,150297.6924046101
2001-08-01 14:00:00,42385.0,42023.40869096459,361.5913090354079,361.5913090354079,130748.27476993986
2001-08-01 15:00:00,42848.0,42762.665339685554,85.3346603144455,85.3346603144455,7282.0042509817995
2001-08-01 16:00:00,43358.0,43178.71374603177,179.2862539682319,179.2862539682319,32143.56086196135
2001-08-01 17:00:00,43391.0,43254.2813761905,136.71862380950188,136.71862380950188,18691.982096364092
2001-08-01 18:00:00,42312.0,42378.615362585166,-66.61536258516571,66.61536258516571,4437.606532353096
2001-08-01 19:00:00,40609.0,40763.13896726283,-154.13896726282837,154.13896726282837,23758.821228851277
2001-08-01 20:00:00,40072.0,39965.66505750126,106.33494249873911,106.33494249873911,11307.119996210153
2001-08-01 21:00:00,39171.0,39172.92471234103,-1.9247123410314089,1.9247123410314089,3.7045175957186065
2001-08-01 22:00:00,35878.0,36310.93193650795,-432.93193650795,432.93193650795,187430.06164852367
2001-08-01 23:00:00,32497.0,32656.388292469208,-159.38829246920795,159.38829246920795,25404.627776249774
2001-08-02 00:00:00,29115.0,29485.796886447995,-370.79688644799535,370.79688644799535,137490.33099952756
2001-08-02 01:00:00,27367.0,27413.625851879704,-46.62585187970399,46.62585187970399,2173.970063508096
2001-08-02 02:00:00,26103.0,26228.9650948633,-125.96509486329887,125.96509486329887,15867.205123919884
2001-08-02 03:00:00,25356.0,25440.713686927473,-84.71368692747274,84.71368692747274,7176.408752845865
2001-08-02 04:00:00,25492.0,25217.018748172293,274.9812518277067,274.9812518277067,75614.68885673267
2001-08-02 05:00:00,26579.0,26644.758578144072,-65.75857814407209,65.75857814407209,4324.190599530036
2001-08-02 06:00:00,28541.0,28843.41890765394,-302.41890765394055,302.41890765394055,91457.19570660262
2001-08-02 07:00:00,31570.0,31391.959184809446,178.04081519055399,178.04081519055399,31698.531873717
2001-08-02 08:00:00,34344.0,34242.10892909798,101.89107090202015,101.89107090202015,10381.790329560497
2001-08-02 09:00:00,36879.0,36230.29293341481,648.7070665851934,648.7070665851934,420820.85823756654
2001-08-02 10:00:00,39060.0,38687.36974205176,372.6302579482435,372.6302579482435,138853.30913857452
2001-08-02 11:00:00,40891.0,40725.223132539664,165.77686746033578,165.77686746033578,27481.969784961737
2001-08-02 12:00:00,42272.0,42178.61615000006,93.38384999994014,93.38384999994014,8720.54344081132
2001-08-02 13:00:00,43522.0,43196.284925527485,325.71507447251497,325.71507447251497,106090.30973863597
2001-08-02 14:00:00,44393.0,43905.678531988364,487.32146801163617,487.32146801163617,237482.21318501612
2001-08-02 15:00:00,45330.0,44730.357646789154,599.6423532108456,599.6423532108456,359570.9517642405
2001-08-02 16:00:00,45820.0,45340.12486666671,479.87513333329116,479.87513333329116,230280.14359164398
2001-08-02 17:00:00,45681.0,45407.689214285725,273.31078571427497,273.31078571427497,74698.78558775433
2001-08-02 18:00:00,44183.0,44735.88545238096,-552.8854523809568,552.8854523809568,305682.3234544953
2001-08-02 19:00:00,42105.0,43005.39938562089,-900.3993856208908,900.3993856208908,810719.0536264777
2001-08-02 20:00:00,41337.0,41439.44331920669,-102.44331920669356,102.44331920669356,10494.63365008451
2001-08-02 21:00:00,40392.0,40786.76421007013,-394.76421007012686,394.76421007012686,155838.78155229124
2001-08-02 22:00:00,36954.0,37440.64987619049,-486.6498761904877,486.6498761904877,236828.101996217
2001-08-02 23:00:00,33299.0,33827.079889393935,-528.0798893939354,528.0798893939354,278868.3695823111
2001-08-03 00:00:00,30226.0,30483.009615021732,-257.0096150217323,257.0096150217323,66053.94221361906
2001-08-03 01:00:00,28566.0,28291.630556417116,274.36944358288383,274.36944358288383,75278.59157198128
2001-08-03 02:00:00,27334.0,27247.872411940964,86.1275880590365,86.1275880590365,7417.961424867086
2001-08-03 03:00:00,26570.0,26470.320319780745,99.6796802192548,99.6796802192548,9936.038648612897
2001-08-03 04:00:00,26662.0,26485.005759318174,176.99424068182634,176.99424068182634,31326.96123453627
2001-08-03 05:00:00,27899.0,27983.08997864267,-84.08997864267076,84.08997864267076,7071.124508124824
2001-08-03 06:00:00,30085.0,30369.109776064506,-284.10977606450615,284.10977606450615,80718.36485542383
2001-08-03 07:00:00,32794.0,32947.20046126489,-153.20046126488887,153.20046126488887,23470.381331774715
2001-08-03 08:00:00,35304.0,35466.18056245737,-162.18056245736807,162.18056245736807,26302.534838988264
2001-08-03 09:00:00,37448.0,37369.47829450097,78.52170549902803,78.52170549902803,6165.658234476089
2001-08-03 10:00:00,39289.0,39343.752298566484,-54.75229856648366,54.75229856648366,2997.8141983133687
2001-08-03 11:00:00,40983.0,40875.09273668787,107.90726331213227,107.90726331213227,11643.977475513848
2001-08-03 12:00:00,42165.0,42198.76234523811,-33.76234523810854,33.76234523810854,1139.8959559772302
2001-08-03 13:00:00,43322.0,43141.54133142854,180.4586685714603,180.4586685714603,32565.33106258415
2001-08-03 14:00:00,44137.0,43921.802762818705,215.19723718129535,215.19723718129535,46309.85089046269
2001-08-03 15:00:00,44573.0,44404.055711116715,168.94428888328548,168.94428888328548,28542.17274627902
2001-08-03 16:00:00,44391.0,44694.38935562576,-303.3893556257608,303.3893556257608,92045.10110701436
2001-08-03 17:00:00,44061.0,44078.20705083608,-17.207050836077542,17.207050836077542,296.08259847535686
2001-08-03 18:00:00,42548.0,42978.58898258301,-430.58898258300906,430.58898258300906,185406.8719218709
2001-08-03 19:00:00,40796.0,41519.96957078907,-723.9695707890714,723.9695707890714,524131.9394285123
2001-08-03 20:00:00,40462.0,40204.4863756649,257.51362433510076,257.51362433510076,66313.2667181994
2001-08-03 21:00:00,39515.0,39663.40310552951,-148.4031055295127,148.4031055295127,22023.48173080368
2001-08-03 22:00:00,36721.0,36868.99033809521,-147.99033809520915,147.99033809520915,21901.140169534312
2001-08-03 23:00:00,33698.0,33668.47152698411,29.528473015889176,29.528473015889176,871.9307186500952
2001-08-04 00:00:00,30952.0,30715.563025155778,236.43697484422228,236.43697484422228,55902.4430734874
2001-08-04 01:00:00,29139.0,29025.230609844322,113.76939015567768,113.76939015567768,12943.47413639481
2001-08-04 02:00:00,27799.0,27946.1146393504,-147.11463935039865,147.11463935039865,21642.71711119786
2001-08-04 03:00:00,26898.0,27115.9127723103,-217.91277231030108,217.91277231030108,47485.976335961124
2001-08-04 04:00:00,26500.0,26678.841682991228,-178.84168299122757,178.84168299122757,31984.347575134736
2001-08-04 05:00:00,26890.0,26867.283800031884,22.71619996811569,22.71619996811569,516.0257409914192
2001-08-04 06:00:00,27358.0,28324.772803555905,-966.7728035559048,966.7728035559048,934649.6536953441
2001-08-04 07:00:00,28590.0,29335.16171324457,-745.1617132445717,745.1617132445717,555265.9788855853
2001-08-04 08:00:00,31238.0,30630.533539866996,607.4664601330041,607.4664601330041,369015.5001865227
2001-08-04 09:00:00,33773.0,33854.881371471456,-81.88137147145608,81.88137147145608,6704.558994046582
2001-08-04 10:00:00,35789.0,35702.171997305195,86.82800269480504,86.82800269480504,7539.102051969071
2001-08-04 11:00:00,37035.0,36955.98721559894,79.0127844010567,79.0127844010567,6243.0200988078695
2001-08-04 12:00:00,38041.0,38060.10153108779,-19.101531087791955,19.101531087791955,364.8684898978825
2001-08-04 13:00:00,38804.0,38453.348290114336,350.6517098856639,350.6517098856639,122956.62164573978
2001-08-04 14:00:00,39306.0,39202.28278297099,103.71721702900686,103.71721702900686,10757.26110824211
2001-08-04 15:00:00,39147.0,39650.37547278107,-503.3754727810665,503.3754727810665,253386.8665975622
2001-08-04 16:00:00,38815.0,39291.49519206562,-476.4951920656167,476.4951920656167,227047.66806164896
2001-08-04 17:00:00,38034.0,38574.42756691631,-540.4275669163108,540.4275669163108,292061.95508308354
2001-08-04 18:00:00,36966.0,37316.924631292095,-350.924631292095,350.924631292095,123148.09684749282
2001-08-04 19:00:00,35927.0,36165.22467355838,-238.22467355838307,238.22467355838307,56750.99509199818
2001-08-04 20:00:00,35929.0,35451.238018319505,477.7619816804945,477.7619816804945,228256.51113927315
2001-08-04 21:00:00,35506.0,35421.77368762508,84.22631237492169,84.22631237492169,7094.071696277887
2001-08-04 22:00:00,33515.0,33223.88861395041,291.1113860495898,291.1113860495898,84745.83908771329
2001-08-04 23:00:00,31106.0,30826.46502672819,279.5349732718096,279.5349732718096,78139.80128207129
2001-08-05 00:00:00,28706.0,28497.649400336843,208.35059966315748,208.35059966315748,43409.97237999732
2001-08-05 01:00:00,27116.0,27026.305830535282,89.69416946471756,89.69416946471756,8045.044035965472
2001-08-05 02:00:00,25930.0,25986.28150634799,-56.28150634799022,56.28150634799022,3167.607956798863
2001-08-05 03:00:00,25103.0,25248.86219236796,-145.86219236796023,145.86219236796023,21275.779162387837
2001-08-05 04:00:00,24658.0,24898.211315658038,-240.21131565803807,240.21131565803807,57701.47617016561
2001-08-05 05:00:00,24658.0,24830.96168841516,-172.96168841515828,172.96168841515828,29915.745659422297
2001-08-05 06:00:00,24613.0,25052.08799603475,-439.08799603474836,439.08799603474836,192798.2682618112
2001-08-05 07:00:00,25778.0,25600.516103815284,177.4838961847163,177.4838961847163,31500.53340490715
2001-08-05 08:00:00,28322.0,27987.81643088799,334.18356911201045,334.18356911201045,111678.65786444186
2001-08-05 09:00:00,31009.0,30654.0365247392,354.9634752607999,354.9634752607999,125999.0687692245
2001-08-05 10:00:00,33676.0,32896.40250160936,779.5974983906417,779.5974983906417,607772.2594969466
2001-08-05 11:00:00,35949.0,35429.07872052053,519.921279479473,519.921279479473,270318.1368555723
2001-08-05 12:00:00,38173.0,37103.08131583527,1069.9186841647315,1069.9186841647315,1144725.9907247906
2001-08-05 13:00:00,39634.0,39097.82014300292,536.1798569970779,536.1798569970779,287488.8390494069
2001-08-05 14:00:00,40718.0,40198.11416529402,519.8858347059795,519.8858347059795,270281.28112793306
2001-08-05 15:00:00,41496.0,41201.92118557388,294.0788144261169,294.0788144261169,86482.3490942705
2001-08-05 16:00:00,42239.0,41689.97026785714,549.0297321428588,549.0297321428588,301433.64677685936
2001-08-05 17:00:00,42546.0,42249.10363908382,296.89636091618013,296.89636091618013,88147.4491252707
2001-08-05 18:00:00,41781.0,41864.69403634333,-83.69403634333139,83.69403634333139,7004.691719438875
2001-08-05 19:00:00,40564.0,41157.10778146463,-593.1077814646269,593.1077814646269,351776.84043389163
2001-08-05 20:00:00,40825.0,39894.47593631784,930.5240636821618,930.5240636821618,865875.0330915638
2001-08-05 21:00:00,40486.0,39834.43655439968,651.5634456003172,651.5634456003172,424534.9236425575
2001-08-05 22:00:00,37997.0,37796.76558272284,200.23441727716272,200.23441727716272,40093.82186232492
2001-08-05 23:00:00,34760.0,34920.3004238095,-160.3004238095018,160.3004238095018,25696.225873505893
2001-08-06 00:00:00,32050.0,31924.219922541815,125.78007745818468,125.78007745818468,15820.627885386937
2001-08-06 01:00:00,30370.0,29715.340899657076,654.6591003429239,654.6591003429239,428578.5376618065
2001-08-06 02:00:00,29142.0,28501.603542708366,640.3964572916339,640.3964572916339,410107.6225116754
2001-08-06 03:00:00,28533.0,28356.114947106995,176.8850528930052,176.8850528930052,31288.321936961245
2001-08-06 04:00:00,28691.0,28500.365025455943,190.6349745440566,190.6349745440566,36341.69351941311
2001-08-06 05:00:00,29881.0,29623.701080557126,257.29891944287374,257.29891944287374,66202.73394647043
2001-08-06 06:00:00,32056.0,31792.344476607326,263.6555233926738,263.6555233926738,69514.23501546476
2001-08-06 07:00:00,35399.0,35175.75964857364,223.24035142635694,223.24035142635694,49836.25450496335
2001-08-06 08:00:00,38917.0,37596.00961173574,1320.9903882642611,1320.9903882642611,1745015.6058865634
2001-08-06 09:00:00,42116.0,40622.725463205206,1493.2745367947937,1493.2745367947937,2229868.8422397054
2001-08-06 10:00:00,45127.0,43928.633583882765,1198.3664161172346,1198.3664161172346,1436082.067277665
2001-08-06 11:00:00,47571.0,45644.232015873036,1926.7679841269637,1926.7679841269637,3712434.8646566835
2001-08-06 12:00:00,49200.0,48016.43069047617,1183.5693095238312,1183.5693095238312,1400836.3104467185
2001-08-06 13:00:00,50355.0,49434.92839523816,920.0716047618407,920.0716047618407,846531.7578890289
2001-08-06 14:00:00,51164.0,49810.48340000003,1353.5165999999736,1353.5165999999736,1832007.1864754884
2001-08-06 15:00:00,51490.0,50141.17335714287,1348.8266428571296,1348.8266428571296,1819333.3124812348
2001-08-06 16:00:00,51660.0,50060.65254761906,1599.3474523809418,1599.3474523809418,2557912.273437409
2001-08-06 17:00:00,51349.0,49804.2594857143,1544.7405142857024,1544.7405142857024,2386223.2564756563
2001-08-06 18:00:00,50378.0,48989.71265714287,1388.287342857133,1388.287342857133,1927341.7463373186
2001-08-06 19:00:00,49011.0,47923.46025238097,1087.5397476190265,1087.5397476190265,1182742.7026512558
2001-08-06 20:00:00,48781.0,47137.93654761906,1643.0634523809422,1643.0634523809422,2699657.508549981
2001-08-06 21:00:00,47438.0,46326.00452857146,1111.9954714285414,1111.9954714285414,1236533.928477584
2001-08-06 22:00:00,43531.0,44527.21614285716,-996.2161428571635,996.2161428571635,992446.6032892044
2001-08-06 23:00:00,39474.0,40476.16923809526,-1002.1692380952591,1002.1692380952591,1004343.181784432
2001-08-07 00:00:00,36295.0,36230.208190476165,64.79180952383467,64.79180952383467,4197.978581372873
2001-08-07 01:00:00,34462.0,33059.30135088023,1402.6986491197677,1402.6986491197677,1967563.500242421
2001-08-07 02:00:00,32919.0,32262.4678325397,656.5321674603001,656.5321674603001,431034.48691011954
2001-08-07 03:00:00,31924.0,32631.54568242008,-707.545682420081,707.545682420081,500620.89271129813
2001-08-07 04:00:00,31720.0,31648.193481065242,71.80651893475806,71.80651893475806,5156.176161527767
2001-08-07 05:00:00,32931.0,32046.465581733315,884.534418266685,884.534418266685,782401.1370983828
2001-08-07 06:00:00,34803.0,34946.10032554116,-143.10032554116333,143.10032554116333,20477.703169986922
2001-08-07 07:00:00,38172.0,37302.66720442096,869.3327955790373,869.3327955790373,755739.5094692643
2001-08-07 08:00:00,41100.0,40029.499468498165,1070.5005315018352,1070.5005315018352,1145971.3879457116
2001-08-07 09:00:00,44240.0,43228.71480952377,1011.2851904762283,1011.2851904762283,1022697.7364765414
2001-08-07 10:00:00,46948.0,45705.79307142853,1242.2069285714679,1242.2069285714679,1543078.05339096
2001-08-07 11:00:00,48884.0,47894.76997460316,989.2300253968424,989.2300253968424,978576.0431466375
2001-08-07 12:00:00,50155.0,50080.235771428604,74.7642285713955,74.7642285713955,5589.689873875872
2001-08-07 13:00:00,51407.0,50246.46772380953,1160.532276190468,1160.532276190468,1346835.164079829
2001-08-07 14:00:00,52394.0,50714.98585714281,1679.0141428571878,1679.0141428571878,2819088.491914457
2001-08-07 15:00:00,53076.0,51384.75589523797,1691.2441047620305,1691.2441047620305,2860306.621892322
2001-08-07 16:00:00,53253.0,51453.269799999885,1799.7302000001146,1799.7302000001146,3239028.7927924525
2001-08-07 17:00:00,52964.0,51161.80871428561,1802.1912857143907,1802.1912857143907,3247893.4303048886
2001-08-07 18:00:00,52019.0,50964.583519047526,1054.4164809524736,1054.4164809524736,1111794.115304198
2001-08-07 19:00:00,50606.0,50573.689414285654,32.31058571434551,32.31058571434551,1043.973949204068
2001-08-07 20:00:00,50382.0,49053.60477142862,1328.3952285713822,1328.3952285713822,1764633.8832912147
2001-08-07 21:00:00,48918.0,48367.79326666669,550.2067333333107,550.2067333333107,302727.4494053129
2001-08-07 22:00:00,45123.0,47113.82729523811,-1990.8272952381085,1990.8272952381085,3963393.3194650826
2001-08-07 23:00:00,41378.0,42403.21918571431,-1025.2191857143116,1025.2191857143116,1051074.3787567161
2001-08-08 00:00:00,37867.0,38352.66858571429,-485.6685857142875,485.6685857142875,235873.9751497162
2001-08-08 01:00:00,35938.0,35244.94872857142,693.0512714285796,693.0512714285796,480320.06482877076
2001-08-08 02:00:00,34450.0,33808.651390476196,641.348609523804,641.348609523804,411328.03893811686
2001-08-08 03:00:00,33379.0,33667.03147576785,-288.03147576784977,288.03147576784977,82962.13103300543
2001-08-08 04:00:00,33292.0,33329.55749293899,-37.557492938991345,37.557492938991345,1410.5652758623846
2001-08-08 05:00:00,34346.0,33908.661622022955,437.33837797704473,437.33837797704473,191264.85685159246
2001-08-08 06:00:00,36465.0,36285.12885680989,179.87114319011016,179.87114319011016,32353.628152517114
2001-08-08 07:00:00,39673.0,38686.06725064939,986.9327493506134,986.9327493506134,974036.2517407608
2001-08-08 08:00:00,42910.0,41284.27816666666,1625.7218333333367,1625.7218333333367,2642971.4793767054
2001-08-08 09:00:00,45912.0,44277.818171428546,1634.1818285714544,1634.1818285714544,2670550.248833142
2001-08-08 10:00:00,48768.0,47004.39429603173,1763.605703968271,1763.605703968271,3110305.0790694207
2001-08-08 11:00:00,50772.0,49939.363676190515,832.6363238094855,832.6363238094855,693283.2477269743
2001-08-08 12:00:00,52033.0,50893.78082857142,1139.21917142858,1139.21917142858,1297820.3205504203
2001-08-08 13:00:00,52815.0,51401.7404095237,1413.2595904763002,1413.2595904763002,1997302.6700732398
2001-08-08 14:00:00,53427.0,51489.49874761892,1937.5012523810801,1937.5012523810801,3753911.1029782537
2001-08-08 15:00:00,53604.0,51493.94046190464,2110.05953809536,2110.05953809536,4452351.254307204
2001-08-08 16:00:00,53789.0,51474.16789047606,2314.832109523937,2314.832109523937,5358447.69528304
2001-08-08 17:00:00,53356.0,51417.05204761892,1938.9479523810805,1938.9479523810805,3759519.162042785
2001-08-08 18:00:00,52307.0,51151.139233333226,1155.860766666774,1155.860766666774,1336014.1119195025
2001-08-08 19:00:00,51468.0,50861.98763333326,606.0123666667423,606.0123666667423,367250.9885530261
2001-08-08 20:00:00,51036.0,50407.39502380947,628.6049761905306,628.6049761905306,395144.2160914975
2001-08-08 21:00:00,49396.0,49631.8237619048,-235.82376190480136,235.82376190480136,55612.84667893244
2001-08-08 22:00:00,45586.0,47990.96032857145,-2404.9603285714475,2404.9603285714475,5783834.182002485
2001-08-08 23:00:00,41424.0,43310.05412857146,-1886.054128571457,1886.054128571457,3557200.1759014386
2001-08-09 00:00:00,38326.0,39244.035123809525,-918.0351238095245,918.0351238095245,842788.488547969
2001-08-09 01:00:00,36169.0,35904.614003896095,264.3859961039052,264.3859961039052,69899.95493585417
2001-08-09 02:00:00,34679.0,33985.46658095238,693.5334190476206,693.5334190476206,480988.6033358825
2001-08-09 03:00:00,33636.0,33929.113682294905,-293.1136822949047,293.1136822949047,85915.63074847835
2001-08-09 04:00:00,33335.0,33667.762705401336,-332.76270540133555,332.76270540133555,110731.01810601604
2001-08-09 05:00:00,34362.0,34019.98910325973,342.01089674027025,342.01089674027025,116971.4534890838
2001-08-09 06:00:00,36291.0,36132.60137060719,158.3986293928101,158.3986293928101,25090.125793520805
2001-08-09 07:00:00,39526.0,38541.76352683985,984.2364731601483,984.2364731601483,968721.4350987274
2001-08-09 08:00:00,43024.0,41063.5936047619,1960.4063952380966,1960.4063952380966,3843193.234490428
2001-08-09 09:00:00,46245.0,44537.92638095234,1707.07361904766,1707.07361904766,2914100.3408484757
2001-08-09 10:00:00,49193.0,47382.068107936466,1810.9318920635342,1810.9318920635342,3279474.3176928116
2001-08-09 11:00:00,51544.0,49981.8272666667,1562.1727333332965,1562.1727333332965,2440383.6487700227
2001-08-09 12:00:00,52527.0,50920.953828571415,1606.0461714285848,1606.0461714285848,2579384.304760415
2001-08-09 13:00:00,53654.0,51426.6791095237,2227.3208904763014,2227.3208904763014,4960958.349152144
2001-08-09 14:00:00,54030.0,51501.92441428559,2528.0755857144104,2528.0755857144104,6391166.167085259
2001-08-09 15:00:00,53631.0,51501.80396190464,2129.1960380953606,2129.1960380953606,4533475.76864098
2001-08-09 16:00:00,53618.0,51492.270390476064,2125.7296095239362,2125.7296095239362,4518726.372806787
2001-08-09 17:00:00,53455.0,51439.837347618915,2015.1626523810846,2015.1626523810846,4060880.515551568
2001-08-09 18:00:00,52868.0,51180.23053333322,1687.7694666667812,1687.7694666667812,2848565.7726126714
2001-08-09 19:00:00,51947.0,50896.91230476182,1050.0876952381805,1050.0876952381805,1102684.1676906338
2001-08-09 20:00:00,52344.0,50531.15950952375,1812.8404904762501,1812.8404904762501,3286390.643910171
2001-08-09 21:00:00,51163.0,49795.552857142895,1367.447142857105,1367.447142857105,1869911.6885080598
2001-08-09 22:00:00,47650.0,49069.103314285756,-1419.103314285756,1419.103314285756,2013854.2166168168
2001-08-09 23:00:00,44058.0,46722.91573809525,-2664.915738095253,2664.915738095253,7101775.891147766
2001-08-10 00:00:00,40662.0,42002.03953809527,-1340.0395380952687,1340.0395380952687,1795705.963658581
2001-08-10 01:00:00,38621.0,37976.89657142855,644.1034285714486,644.1034285714486,414869.2266974952
2001-08-10 02:00:00,36988.0,36342.94623809525,645.0537619047536,645.0537619047536,416094.3557474746
2001-08-10 03:00:00,35966.0,36407.516475180935,-441.51647518093523,441.51647518093523,194936.7978561974
2001-08-10 04:00:00,35613.0,35596.75852001911,16.24147998089029,16.24147998089029,263.78567196966003
2001-08-10 05:00:00,36622.0,36291.73843068582,330.2615693141779,330.2615693141779,109072.70416586354
2001-08-10 06:00:00,38472.0,38338.164486291476,133.83551370852365,133.83551370852365,17911.94472962442
2001-08-10 07:00:00,41347.0,40271.32389999998,1075.6761000000188,1075.6761000000188,1157079.0721112504
2001-08-10 08:00:00,44482.0,42869.69144285713,1612.3085571428674,1612.3085571428674,2599538.883436115
2001-08-10 09:00:00,47163.0,45361.15444285711,1801.845557142893,1801.845557142893,3246647.4117955826
2001-08-10 10:00:00,49410.0,47649.07297849925,1760.927021500749,1760.927021500749,3100863.9750515
2001-08-10 11:00:00,51109.0,49868.77962857145,1240.2203714285497,1240.2203714285497,1538146.5697063697
2001-08-10 12:00:00,51907.0,50917.81785714283,989.1821428571711,989.1821428571711,978481.3117475049
2001-08-10 13:00:00,52122.0,51430.53594285704,691.4640571429627,691.4640571429627,478122.5423206064
2001-08-10 14:00:00,50703.0,51501.92441428559,-798.9244142855896,798.9244142855896,638280.2197415724
2001-08-10 15:00:00,48723.0,51471.52873333321,-2748.528733333209,2748.528733333209,7554410.197958254
2001-08-10 16:00:00,47538.0,50158.140228571334,-2620.140228571334,2620.140228571334,6865134.817377842
2001-08-10 17:00:00,46509.0,47514.43644761909,-1005.4364476190894,1005.4364476190894,1010902.450200894
2001-08-10 18:00:00,45206.0,45424.560038095224,-218.56003809522372,218.56003809522372,47768.49025218564
2001-08-10 19:00:00,43753.0,44129.639376190484,-376.63937619048374,376.63937619048374,141857.21969715675
2001-08-10 20:00:00,43541.0,43184.983495238106,356.0165047618939,356.0165047618939,126747.75166287561
2001-08-10 21:00:00,42027.0,42806.10928571431,-779.1092857143085,779.1092857143085,607011.27908626
2001-08-10 22:00:00,39761.0,40204.40320952382,-443.4032095238217,443.4032095238217,196606.40621602614
2001-08-10 23:00:00,37034.0,37705.56355238094,-671.5635523809397,671.5635523809397,450997.6048865071
2001-08-11 00:00:00,34088.0,35526.8180095238,-1438.8180095237985,1438.8180095237985,2070197.2645300257
2001-08-11 01:00:00,32229.0,33253.15273333334,-1024.1527333333433,1024.1527333333433,1048888.8211941584
2001-08-11 02:00:00,31143.0,31687.970499999985,-544.9704999999849,544.9704999999849,296992.84587023355
2001-08-11 03:00:00,30221.0,31195.861642857148,-974.8616428571477,974.8616428571477,950355.2227141369
2001-08-11 04:00:00,29777.0,31215.3225309524,-1438.3225309523987,1438.3225309523987,2068771.7030453137
2001-08-11 05:00:00,29952.0,30607.442000000025,-655.4420000000246,655.4420000000246,429604.2153640322
2001-08-11 06:00:00,30561.0,31108.867923809557,-547.8679238095574,547.8679238095574,300159.261939395
2001-08-11 07:00:00,31596.0,32755.128192081072,-1159.1281920810725,1159.1281920810725,1343578.1656771356
2001-08-11 08:00:00,33825.0,34366.93572557475,-541.9357255747527,541.9357255747527,293694.3306542337
2001-08-11 09:00:00,36054.0,36331.867188753575,-277.86718875357474,277.86718875357474,77210.17458581473
2001-08-11 10:00:00,37533.0,37827.621015188706,-294.6210151887062,294.6210151887062,86801.54259082387
2001-08-11 11:00:00,38286.0,39117.20622951591,-831.2062295159121,831.2062295159121,690903.7959860592
2001-08-11 12:00:00,38385.0,38799.37568043069,-414.3756804306904,414.3756804306904,171707.20453239765
2001-08-11 13:00:00,37929.0,38487.98231226567,-558.9823122656671,558.9823122656671,312461.2254258718
2001-08-11 14:00:00,37320.0,37812.7613261078,-492.7613261078004,492.7613261078004,242813.72450751803
2001-08-11 15:00:00,36471.0,37177.03240814169,-706.0324081416911,706.0324081416911,498481.7613463555
2001-08-11 16:00:00,35705.0,36341.90693803939,-636.9069380393921,636.9069380393921,405650.44772271405
2001-08-11 17:00:00,35167.0,35267.04903397717,-100.04903397717135,100.04903397717135,10009.809199765186
2001-08-11 18:00:00,34820.0,35089.81107871955,-269.81107871954737,269.81107871954737,72798.01819980578
2001-08-11 19:00:00,34539.0,34798.43529092575,-259.43529092575045,259.43529092575045,67306.67017772877
2001-08-11 20:00:00,35091.0,34661.153620779245,429.8463792207549,429.8463792207549,184767.90972919302
2001-08-11 21:00:00,34617.0,35762.13629152148,-1145.1362915214777,1145.1362915214777,1311337.1261595627
2001-08-11 22:00:00,32964.0,33685.60018257904,-721.6001825790372,721.6001825790372,520706.8234980998
2001-08-11 23:00:00,30961.0,31242.45782321276,-281.45782321276056,281.45782321276056,79218.50624766557
2001-08-12 00:00:00,28855.0,29167.19789388391,-312.1978938839093,312.1978938839093,97467.52494554868
2001-08-12 01:00:00,27333.0,27659.345476984145,-326.3454769841446,326.3454769841446,106501.37034800887
2001-08-12 02:00:00,26362.0,26571.029032406343,-209.0290324063426,209.0290324063426,43693.13638873182
2001-08-12 03:00:00,26009.0,25902.122855010894,106.87714498910645,106.87714498910645,11422.724121022484
2001-08-12 04:00:00,25674.0,25995.33178133888,-321.3317813388785,321.3317813388785,103254.11369841683
2001-08-12 05:00:00,25782.0,26079.637343606402,-297.6373436064023,297.6373436064023,88587.98830907558
2001-08-12 06:00:00,26176.0,26893.693301496198,-717.6933014961978,717.6933014961978,515083.6750125123
2001-08-12 07:00:00,27045.0,27574.693997695274,-529.6939976952744,529.6939976952744,280575.7311944014
2001-08-12 08:00:00,29009.0,28946.595536267763,62.40446373223676,62.40446373223676,3894.3170937080536
2001-08-12 09:00:00,31266.0,31015.670903225753,250.32909677424686,250.32909677424686,62664.656691810254
2001-08-12 10:00:00,32945.0,32562.49967121894,382.5003287810614,382.5003287810614,146306.50151762005
2001-08-12 11:00:00,34109.0,33914.91645427327,194.08354572673124,194.08354572673124,37668.42272186018
2001-08-12 12:00:00,34768.0,34572.31502479945,195.68497520055098,195.68497520055098,38292.60951924025
2001-08-12 13:00:00,35160.0,34883.28841972214,276.71158027785714,276.71158027785714,76569.29865986897
2001-08-12 14:00:00,35207.0,35376.33245513424,-169.33245513423753,169.33245513423753,28673.480361788566
2001-08-12 15:00:00,35425.0,35139.524574783754,285.47542521624564,285.47542521624564,81496.21840239626
2001-08-12 16:00:00,35788.0,35181.69610849864,606.3038915013603,606.3038915013603,367604.4088496933
2001-08-12 17:00:00,35972.0,35740.80142887411,231.19857112588943,231.19857112588943,53452.77929065295
2001-08-12 18:00:00,35989.0,35560.9883708191,428.0116291809027,428.0116291809027,183193.95471409053
2001-08-12 19:00:00,35896.0,35355.199086994806,540.8009130051942,540.8009130051942,292465.6275072516
2001-08-12 20:00:00,36413.0,35229.95365601548,1183.046343984519,1183.046343984519,1399598.6520151366
2001-08-12 21:00:00,35823.0,35466.51204091449,356.48795908551256,356.48795908551256,127083.66497295408
2001-08-12 22:00:00,33901.0,34010.201364643326,-109.20136464332609,109.20136464332609,11924.938039964669
2001-08-12 23:00:00,31519.0,31496.107213316107,22.892786683893064,22.892786683893064,524.0796821542316
2001-08-13 00:00:00,29479.0,29308.623220133177,170.3767798668232,170.3767798668232,29028.24711778793
2001-08-13 01:00:00,28036.0,27663.01428613564,372.98571386436015,372.98571386436015,139118.34274690633
2001-08-13 02:00:00,27292.0,27114.774209182968,177.22579081703225,177.22579081703225,31408.98093072247
2001-08-13 03:00:00,26888.0,26844.669535206853,43.33046479314726,43.33046479314726,1877.529179190174
2001-08-13 04:00:00,27136.0,27103.622211475074,32.37778852492556,32.37778852492556,1048.3211897648014
2001-08-13 05:00:00,28661.0,28434.792921880246,226.20707811975444,226.20707811975444,51169.64219147669
2001-08-13 06:00:00,31150.0,30680.80502186497,469.1949781350304,469.1949781350304,220143.92750713165
2001-08-13 07:00:00,33960.0,33807.063538890165,152.93646110983536,152.93646110983536,23389.561136800185
2001-08-13 08:00:00,36558.0,36196.888892384784,361.1111076152156,361.1111076152156,130401.23204308782
2001-08-13 09:00:00,38591.0,37616.016130039265,974.9838699607353,974.9838699607353,950593.546683612
2001-08-13 10:00:00,40371.0,39617.8834376411,753.1165623588968,753.1165623588968,567184.556499282
2001-08-13 11:00:00,41737.0,41557.064652380985,179.93534761901537,179.93534761901537,32376.7293227759
2001-08-13 12:00:00,42704.0,42845.79807524443,-141.7980752444273,141.7980752444273,20106.69414302427
2001-08-13 13:00:00,43480.0,43500.311926274546,-20.31192627454584,20.31192627454584,412.57434898258566
2001-08-13 14:00:00,43872.0,43895.27151335542,-23.27151335542294,23.27151335542294,541.5633338516283
2001-08-13 15:00:00,44076.0,44045.029264488236,30.97073551176436,30.97073551176436,959.186458139662
2001-08-13 16:00:00,43938.0,43875.2909586663,62.70904133369913,62.70904133369913,3932.4238649915865
2001-08-13 17:00:00,43441.0,43161.822697619034,279.17730238096556,279.17730238096556,77939.96616471307
2001-08-13 18:00:00,42086.0,42049.394220423244,36.605779576755594,36.605779576755594,1339.983098422017
2001-08-13 19:00:00,40802.0,41005.90809670492,-203.90809670492308,203.90809670492308,41578.51190182426
2001-08-13 20:00:00,40859.0,40134.6432466051,724.3567533949026,724.3567533949026,524692.7061888038
2001-08-13 21:00:00,39271.0,39351.64656888691,-80.6465688869066,80.6465688869066,6503.869073230573
2001-08-13 22:00:00,36085.0,36224.65081190474,-139.65081190474302,139.65081190474302,19502.349265653917
2001-08-13 23:00:00,32832.0,32858.907237643485,-26.907237643485132,26.907237643485132,723.9994376029833
2001-08-14 00:00:00,30104.0,30299.560529209975,-195.56052920997536,195.56052920997536,38243.92058488562
2001-08-14 01:00:00,28374.0,28176.820064644995,197.179935355005,197.179935355005,38879.92690660395
2001-08-14 02:00:00,27116.0,27252.922055474468,-136.92205547446792,136.92205547446792,18747.649275353273
2001-08-14 03:00:00,26479.0,26441.506950712417,37.493049287582835,37.493049287582835,1405.7287448811157
2001-08-14 04:00:00,26634.0,26447.16199461234,186.83800538766081,186.83800538766081,34908.44025723957
2001-08-14 05:00:00,27949.0,27799.35356371179,149.64643628821068,149.64643628821068,22394.0558937615
2001-08-14 06:00:00,30226.0,30511.07956118516,-285.07956118516086,285.07956118516086,81270.35620552387
2001-08-14 07:00:00,32655.0,33011.35476928413,-356.3547692841312,356.3547692841312,126988.72159154636
2001-08-14 08:00:00,35092.0,35426.66641252931,-334.66641252931004,334.66641252931004,112001.60767523832
2001-08-14 09:00:00,37326.0,37313.10638730739,12.893612692612805,12.893612692612805,166.24524826710604
2001-08-14 10:00:00,39199.0,39134.30619040628,64.69380959372211,64.69380959372211,4185.288999748771
2001-08-14 11:00:00,41075.0,40701.66831358319,373.3316864168082,373.3316864168082,139376.54808281804
2001-08-14 12:00:00,42122.0,42220.52126819293,-98.52126819293335,98.52126819293335,9706.4402863439
2001-08-14 13:00:00,43033.0,43072.72397494177,-39.7239749417713,39.7239749417713,1577.9941851744743
2001-08-14 14:00:00,43658.0,43741.55395898086,-83.55395898086135,83.55395898086135,6981.264061375461
2001-08-14 15:00:00,44083.0,44090.89790644768,-7.897906447680725,7.897906447680725,62.37692625631677
2001-08-14 16:00:00,44273.0,44146.804543336766,126.19545666323393,126.19545666323393,15925.293282442151
2001-08-14 17:00:00,43877.0,43934.78176544835,-57.78176544835151,57.78176544835151,3338.732418328308
2001-08-14 18:00:00,42955.0,42706.312691875515,248.68730812448484,248.68730812448484,61845.37722220246
2001-08-14 19:00:00,42548.0,41677.92449384771,870.0755061522868,870.0755061522868,757031.3864061581
2001-08-14 20:00:00,40755.0,41437.31436912135,-682.3143691213481,682.3143691213481,465552.8983094633
2001-08-14 21:00:00,38957.0,40015.258489318374,-1058.258489318374,1058.258489318374,1119911.0302144068
2001-08-14 22:00:00,35776.0,35926.37530476189,-150.3753047618884,150.3753047618884,22612.732282230816
2001-08-14 23:00:00,32352.0,32626.355256080606,-274.3552560806056,274.3552560806056,75270.80653905468
2001-08-15 00:00:00,29645.0,29656.240411864448,-11.240411864448106,11.240411864448106,126.34685888242575
2001-08-15 01:00:00,27706.0,27944.50797315136,-238.5079731513615,238.5079731513615,56886.05325677058
2001-08-15 02:00:00,26564.0,26649.849020376936,-85.8490203769361,85.8490203769361,7370.054299679589
2001-08-15 03:00:00,26001.0,25894.490651905606,106.50934809439423,106.50934809439423,11344.241231492839
2001-08-15 04:00:00,26013.0,25937.519419235756,75.48058076424422,75.48058076424422,5697.318072507595
2001-08-15 05:00:00,27291.0,26961.738581842237,329.2614181577628,329.2614181577628,108413.08148726114
2001-08-15 06:00:00,29671.0,29409.99590567739,261.0040943226086,261.0040943226086,68123.13725316516
2001-08-15 07:00:00,32272.0,32154.085828202275,117.91417179772543,117.91417179772543,13903.751910743507
2001-08-15 08:00:00,34680.0,34837.53220480124,-157.53220480123855,157.53220480123855,24816.395549539367
2001-08-15 09:00:00,36844.0,36529.47025211642,314.52974788357824,314.52974788357824,98928.96230370729
2001-08-15 10:00:00,38770.0,38680.41726945603,89.58273054396705,89.58273054396705,8025.065611713007
2001-08-15 11:00:00,40208.0,39999.72300981242,208.27699018757994,208.27699018757994,43379.30464159727
2001-08-15 12:00:00,41183.0,41321.76398650795,-138.76398650794727,138.76398650794727,19255.44395157777
2001-08-15 13:00:00,42377.0,42135.75696414568,241.24303585432062,241.24303585432062,58198.20234820902
2001-08-15 14:00:00,42996.0,42915.68360584718,80.31639415281825,80.31639415281825,6450.723169710857
2001-08-15 15:00:00,43368.0,43628.664566333005,-260.6645663330055,260.6645663330055,67946.01614157383
2001-08-15 16:00:00,43638.0,43574.161405497056,63.838594502944034,63.838594502944034,4075.3661481113163
2001-08-15 17:00:00,43070.0,43393.77461443004,-323.77461443003995,323.77461443003995,104830.00094932104
2001-08-15 18:00:00,41673.0,41802.110364930675,-129.11036493067513,129.11036493067513,16669.486332532106
2001-08-15 19:00:00,39896.0,40390.500781656156,-494.5007816561556,494.5007816561556,244531.02305854886
2001-08-15 20:00:00,39973.0,39168.70543991528,804.2945600847233,804.2945600847233,646889.7393818786
2001-08-15 21:00:00,38458.0,39036.79792772896,-578.7979277289633,578.7979277289633,335007.04114334215
2001-08-15 22:00:00,35068.0,35418.83837619048,-350.838376190477,350.838376190477,123087.56620797065
2001-08-15 23:00:00,31792.0,32094.578380527146,-302.5783805271458,302.5783805271458,91553.67636243024
2001-08-16 00:00:00,29082.0,29112.52318748198,-30.52318748198013,30.52318748198013,931.6649740601085
2001-08-16 01:00:00,27126.0,27220.34461455021,-94.34461455020937,94.34461455020937,8900.906294627577
2001-08-16 02:00:00,25916.0,26111.14390467656,-195.14390467655903,195.14390467655903,38081.14353241396
2001-08-16 03:00:00,25266.0,25274.186910640223,-8.186910640222777,8.186910640222777,67.02550583099293
2001-08-16 04:00:00,25306.0,25245.298928527995,60.701071472005424,60.701071472005424,3684.620077849511
2001-08-16 05:00:00,26766.0,26404.299460073275,361.70053992672547,361.70053992672547,130827.28058328472
2001-08-16 06:00:00,29094.0,29064.47648239947,29.523517600529885,29.523517600529885,871.638091508798
2001-08-16 07:00:00,32040.0,31774.60206584228,265.39793415772147,265.39793415772147,70436.06345518626
2001-08-16 08:00:00,34399.0,34765.13645505379,-366.136455053791,366.136455053791,134055.90371935672
2001-08-16 09:00:00,36617.0,36198.5126991773,418.4873008227005,418.4873008227005,175131.62094986942
2001-08-16 10:00:00,38629.0,38352.48733933814,276.5126606618578,276.5126606618578,76459.25150629973
2001-08-16 11:00:00,40293.0,39899.4675248918,393.53247510820074,393.53247510820074,154867.80896478664
2001-08-16 12:00:00,41586.0,41042.76445151656,543.2355484834407,543.2355484834407,295104.8611361046
2001-08-16 13:00:00,42989.0,42310.59668557419,678.4033144258065,678.4033144258065,460231.0570239196
2001-08-16 14:00:00,43729.0,43611.76098513032,117.23901486967952,117.23901486967952,13744.986607612936
2001-08-16 15:00:00,44261.0,44144.39963804282,116.6003619571784,116.6003619571784,13595.644408545015
2001-08-16 16:00:00,44523.0,44259.77290219588,263.2270978041197,263.2270978041197,69288.5050183796
2001-08-16 17:00:00,44100.0,44186.72071331805,-86.72071331804909,86.72071331804909,7520.482118391257
2001-08-16 18:00:00,42505.0,43009.89701425037,-504.89701425036765,504.89701425036765,254920.99499893596
2001-08-16 19:00:00,40819.0,41102.41624285933,-283.4162428593336,283.4162428593336,80324.76671650076
2001-08-16 20:00:00,40995.0,40208.76676426528,786.2332357347186,786.2332357347186,618162.7009738856
2001-08-16 21:00:00,39572.0,40184.73963950464,-612.739639504638,612.739639504638,375449.86582027376
2001-08-16 22:00:00,36589.0,36645.42763333332,-56.42763333331823,56.42763333331823,3184.0778035994063
2001-08-16 23:00:00,33435.0,33522.113168864475,-87.11316886447457,87.11316886447457,7588.704189610462
2001-08-17 00:00:00,30843.0,30570.44743357262,272.55256642738095,272.55256642738095,74284.9014661519
2001-08-17 01:00:00,29055.0,28777.123916880504,277.8760831194959,277.8760831194959,77215.11756983299
2001-08-17 02:00:00,28036.0,27889.893144843958,146.106855156042,146.106855156042,21347.213123588637
2001-08-17 03:00:00,27582.0,27284.806625190446,297.19337480955437,297.19337480955437,88323.90203069226
2001-08-17 04:00:00,27746.0,27594.669350917306,151.33064908269444,151.33064908269444,22900.965351789608
2001-08-17 05:00:00,29021.0,28597.056432739864,423.94356726013575,423.94356726013575,179728.14822124926
2001-08-17 06:00:00,31602.0,31135.01555596176,466.9844440382403,466.9844440382403,218074.47097370442
2001-08-17 07:00:00,34095.0,34397.5924407905,-302.59244079049677,302.59244079049677,91562.18522355029
2001-08-17 08:00:00,36734.0,36464.38844574111,269.61155425888865,269.61155425888865,72690.39018989366
2001-08-17 09:00:00,38673.0,38740.66445748697,-67.66445748697151,67.66445748697151,4578.478807006175
2001-08-17 10:00:00,40368.0,40466.63753949581,-98.6375394958086,98.6375394958086,9729.364197787201
2001-08-17 11:00:00,41184.0,41662.72734761902,-478.72734761901665,478.72734761901665,229179.8733583388
2001-08-17 12:00:00,41984.0,42127.90610462188,-143.9061046218776,143.9061046218776,20708.966947442783
2001-08-17 13:00:00,43103.0,42817.36902987946,285.63097012053913,285.63097012053913,81585.05109200031
2001-08-17 14:00:00,44133.0,43757.37264943995,375.6273505600475,375.6273505600475,141095.9064887608
2001-08-17 15:00:00,45029.0,44422.382608357606,606.6173916423941,606.6173916423941,367984.6598430217
2001-08-17 16:00:00,45399.0,44895.901638461575,503.0983615384248,503.0983615384248,253107.9613826476
2001-08-17 17:00:00,44890.0,44860.53774937341,29.462250626587775,29.462250626587775,868.0242119838717
2001-08-17 18:00:00,43417.0,43893.368887080804,-476.3688870808037,476.3688870808037,226927.3165786035
2001-08-17 19:00:00,41648.0,42186.03109371661,-538.0310937166068,538.0310937166068,289477.4578058882
2001-08-17 20:00:00,41440.0,41213.567080261826,226.43291973817395,226.43291973817395,51271.867141154326
2001-08-17 21:00:00,40101.0,40238.75014491207,-137.7501449120682,137.7501449120682,18975.10242329579
2001-08-17 22:00:00,36881.0,37280.17475238095,-399.1747523809536,399.1747523809536,159340.4829383956
2001-08-17 23:00:00,33407.0,33905.62158845597,-498.6215884559715,498.6215884559715,248623.4884743562
2001-08-18 00:00:00,30339.0,30698.87422171537,-359.87422171537037,359.87422171537037,129509.45545524354
2001-08-18 01:00:00,28204.0,28636.69901682387,-432.6990168238699,432.6990168238699,187228.43916034364
2001-08-18 02:00:00,26784.0,27145.255548901772,-361.2555489017723,361.2555489017723,130505.57161232078
2001-08-18 03:00:00,25566.0,26133.380482471264,-567.3804824712643,567.3804824712643,321920.6118893246
2001-08-18 04:00:00,25074.0,25485.263408025414,-411.2634080254138,411.2634080254138,169137.590780678
2001-08-18 05:00:00,25126.0,25547.226205046783,-421.22620504678343,421.22620504678343,177431.51581811483
2001-08-18 06:00:00,25427.0,26147.606035245306,-720.606035245306,720.606035245306,519273.05803195917
2001-08-18 07:00:00,26896.0,26938.612063932942,-42.612063932941965,42.612063932941965,1815.7879926251335
2001-08-18 08:00:00,30040.0,29563.89937253178,476.1006274682186,476.1006274682186,226671.80747563145
2001-08-18 09:00:00,32968.0,32810.761615667005,157.23838433299534,157.23838433299534,24723.909507650755
2001-08-18 10:00:00,35125.0,35119.46594448053,5.534055519470712,5.534055519470712,30.625770492584255
2001-08-18 11:00:00,36553.0,36718.65537657957,-165.65537657956884,165.65537657956884,27441.703789718766
2001-08-18 12:00:00,37301.0,37687.16823736659,-386.1682373665899,386.1682373665899,149125.90755081893
2001-08-18 13:00:00,37713.0,38018.59546772042,-305.59546772042086,305.59546772042086,93388.58989126279
2001-08-18 14:00:00,37826.0,38180.19172112106,-354.19172112106025,354.19172112106025,125451.77531069893
2001-08-18 15:00:00,37986.0,38105.66133731978,-119.66133731978334,119.66133731978334,14318.835649158973
2001-08-18 16:00:00,37912.0,37941.673133860866,-29.673133860866074,29.673133860866074,880.4948731248767
2001-08-18 17:00:00,37417.0,37770.60043114999,-353.6004311499928,353.6004311499928,125033.2649094608
2001-08-18 18:00:00,36509.0,36671.85284772955,-162.85284772954765,162.85284772954765,26521.050013623233
2001-08-18 19:00:00,35865.0,35748.08046915798,116.91953084201668,116.91953084201668,13670.17669231729
2001-08-18 20:00:00,36432.0,35239.03796890042,1192.9620310995815,1192.9620310995815,1423158.4076452388
2001-08-18 21:00:00,35471.0,35845.12599783652,-374.1259978365197,374.1259978365197,139970.26225717153
2001-08-18 22:00:00,33333.0,33219.77186273509,113.22813726490858,113.22813726490858,12820.61106848098
2001-08-18 23:00:00,30868.0,30713.15683910838,154.84316089162166,154.84316089162166,23976.40447490863
2001-08-19 00:00:00,28556.0,28235.192665830356,320.8073341696436,320.8073341696436,102917.34565703337
2001-08-19 01:00:00,26753.0,26680.739161927693,72.2608380723068,72.2608380723068,5221.628718912143
2001-08-19 02:00:00,25635.0,25665.47189381308,-30.471893813079078,30.471893813079078,928.536312555567
2001-08-19 03:00:00,24701.0,24939.916055227903,-238.9160552279027,238.9160552279027,57080.88144566225
2001-08-19 04:00:00,24295.0,24335.849295318007,-40.849295318006625,40.849295318006625,1668.664927977718
2001-08-19 05:00:00,24241.0,24468.116189692897,-227.11618969289702,227.11618969289702,51581.76362061998
2001-08-19 06:00:00,24268.0,24622.612114895688,-354.61211489568814,354.61211489568814,125749.75203079272
2001-08-19 07:00:00,25164.0,25149.88608395102,14.113916048980172,14.113916048980172,199.20262623766007
2001-08-19 08:00:00,27625.0,27421.416488226776,203.58351177322402,203.58351177322402,41446.246265918446
2001-08-19 09:00:00,30187.0,30084.58867680727,102.41132319272947,102.41132319272947,10488.079118085689
2001-08-19 10:00:00,32466.0,32349.65147924999,116.3485207500089,116.3485207500089,13536.978280715251
2001-08-19 11:00:00,34039.0,33904.29511604829,134.70488395170833,134.70488395170833,18145.405760443206
2001-08-19 12:00:00,34878.0,35173.330068277966,-295.33006827796635,295.33006827796635,87219.84922906826
2001-08-19 13:00:00,35238.0,35544.48573407859,-306.4857340785893,306.4857340785893,93933.50519369176
2001-08-19 14:00:00,35473.0,35683.00483736,-210.00483736000024,210.00483736000024,44102.031714600154
2001-08-19 15:00:00,35638.0,35737.59177985324,-99.59177985323913,99.59177985323913,9918.522614336047
2001-08-19 16:00:00,36120.0,36007.472061872824,112.52793812717573,112.52793812717573,12662.53685915349
2001-08-19 17:00:00,36162.0,36162.01429397431,-0.014293974309111945,0.014293974309111945,0.0002043177015495523
2001-08-19 18:00:00,35770.0,35784.13049482699,-14.130494826989889,14.130494826989889,199.670884055588
2001-08-19 19:00:00,35471.0,35094.27443281622,376.72556718377746,376.72556718377746,141922.15296993882
2001-08-19 20:00:00,36615.0,34899.68340833881,1715.3165916611906,1715.3165916611906,2942311.0096281637
2001-08-19 21:00:00,35893.0,35960.16100720286,-67.1610072028634,67.1610072028634,4510.60088850307
2001-08-19 22:00:00,33710.0,34160.495438744554,-450.4954387445541,450.4954387445541,202946.1403296483
2001-08-19 23:00:00,31480.0,31068.05919286605,411.9408071339494,411.9408071339494,169695.22858216972
2001-08-20 00:00:00,29433.0,29208.52318843282,224.47681156717954,224.47681156717954,50389.83893136703
2001-08-20 01:00:00,28000.0,27578.967963446237,421.03203655376274,421.03203655376274,177267.975804609
2001-08-20 02:00:00,27071.0,26949.458275644778,121.54172435522196,121.54172435522196,14772.390759240754
2001-08-20 03:00:00,26783.0,26671.94949939123,111.05050060876965,111.05050060876965,12332.21368545835
2001-08-20 04:00:00,26935.0,26940.839187810034,-5.8391878100337635,5.8391878100337635,34.0961142808469
2001-08-20 05:00:00,28506.0,28159.24659901698,346.7534009830197,346.7534009830197,120237.92109329083
2001-08-20 06:00:00,31266.0,30691.874717394785,574.125282605215,574.125282605215,329619.84012651804
2001-08-20 07:00:00,33968.0,33742.90251146527,225.09748853473138,225.09748853473138,50668.87934464352
2001-08-20 08:00:00,36589.0,36383.06989952764,205.9301004723602,205.9301004723602,42407.20628055637
2001-08-20 09:00:00,38913.0,37830.130260535625,1082.869739464375,1082.869739464375,1172606.8726476433
2001-08-20 10:00:00,41136.0,40101.3909752858,1034.6090247141983,1034.6090247141983,1070415.8340200647
2001-08-20 11:00:00,42669.0,42280.14432367631,388.855676323692,388.855676323692,151208.73700915594
2001-08-20 12:00:00,43686.0,43540.78934297923,145.21065702076885,145.21065702076885,21086.134912403366
2001-08-20 13:00:00,44588.0,44626.497130402946,-38.49713040294591,38.49713040294591,1482.0290492614226
2001-08-20 14:00:00,45238.0,45105.82042197159,132.1795780284083,132.1795780284083,17471.440847768074
2001-08-20 15:00:00,45587.0,45484.9615166667,102.03848333330097,102.03848333330097,10411.852080960341
2001-08-20 16:00:00,45676.0,45419.016490476206,256.98350952379405,256.98350952379405,66040.52416716595
2001-08-20 17:00:00,45317.0,45101.0509952381,215.9490047618965,215.9490047618965,46633.9726576536
2001-08-20 18:00:00,43762.0,44365.14470402929,-603.1447040292915,603.1447040292915,363783.5339985816
2001-08-20 19:00:00,42221.0,42785.02351921406,-564.0235192140608,564.0235192140608,318122.53022661404
2001-08-20 20:00:00,42005.0,41587.71345621415,417.28654378584906,417.28654378584906,174128.05962473934
2001-08-20 21:00:00,40339.0,40894.18848095239,-555.1884809523908,555.1884809523908,308234.24938222324
2001-08-20 22:00:00,36642.0,37018.49365750914,-376.4936575091415,376.4936575091415,141747.47414461072
2001-08-20 23:00:00,32986.0,33613.816759523776,-627.8167595237755,627.8167595237755,394153.8835389342
2001-08-21 00:00:00,30279.0,30493.814861084145,-214.81486108414538,214.81486108414538,46145.424542600675
2001-08-21 01:00:00,28489.0,28551.852293640255,-62.852293640255084,62.852293640255084,3950.41081584085
2001-08-21 02:00:00,27230.0,27313.627654416272,-83.62765441627198,83.62765441627198,6993.584583167414
2001-08-21 03:00:00,26450.0,26497.719902288856,-47.71990228885625,47.71990228885625,2277.1890744579878
2001-08-21 04:00:00,26335.0,26354.46155313508,-19.461553135079157,19.461553135079157,378.7520504295094
2001-08-21 05:00:00,27631.0,27484.165586031762,146.83441396823764,146.83441396823764,21560.345125395783
2001-08-21 06:00:00,29808.0,30018.857544833314,-210.85754483331402,210.85754483331402,44460.904213133035
2001-08-21 07:00:00,32345.0,32251.544670716878,93.45532928312241,93.45532928312241,8733.898571416838
2001-08-21 08:00:00,34647.0,34888.12847988238,-241.12847988238354,241.12847988238354,58142.94381038904
2001-08-21 09:00:00,36540.0,36448.28415293075,91.71584706925205,91.71584706925205,8411.79660363043
2001-08-21 10:00:00,38304.0,38215.817921304595,88.18207869540493,88.18207869540493,7776.079003042587
2001-08-21 11:00:00,39582.0,39361.77932143086,220.22067856913782,220.22067856913782,48497.14726945152
2001-08-21 12:00:00,40465.0,40446.70268212045,18.297317879550974,18.297317879550974,334.79184158533576
2001-08-21 13:00:00,41104.0,41092.96572976186,11.03427023813856,11.03427023813856,121.75511968827041
2001-08-21 14:00:00,41534.0,41939.788199787836,-405.78819978783577,405.78819978783577,164664.06308705252
2001-08-21 15:00:00,41786.0,41870.53880238092,-84.53880238092097,84.53880238092097,7146.809108000409
2001-08-21 16:00:00,41967.0,42162.27678256645,-195.27678256644867,195.27678256644867,38133.02180950407
2001-08-21 17:00:00,41658.0,41447.49401294259,210.5059870574114,210.5059870574114,44312.77058701506
2001-08-21 18:00:00,40442.0,40331.61821111552,110.38178888447874,110.38178888447874,12184.139317337635
2001-08-21 19:00:00,38774.0,39130.40399248694,-356.403992486943,356.403992486943,127023.80586063294
2001-08-21 20:00:00,39150.0,37824.7259007952,1325.2740992047984,1325.2740992047984,1756351.43802309
2001-08-21 21:00:00,37616.0,38192.69077417238,-576.6907741723771,576.6907741723771,332572.2490155357
2001-08-21 22:00:00,34503.0,34561.79112619046,-58.79112619045918,58.79112619045918,3456.3965187424956
2001-08-21 23:00:00,31249.0,31740.288705962594,-491.28870596259367,491.28870596259367,241364.59260639982
2001-08-22 00:00:00,28729.0,28356.159073501065,372.840926498935,372.840926498935,139010.35647258424
2001-08-22 01:00:00,26863.0,27003.51790707207,-140.51790707206965,140.51790707206965,19745.282207914803
2001-08-22 02:00:00,25767.0,25836.110136437892,-69.11013643789192,69.11013643789192,4776.2109584640375
2001-08-22 03:00:00,25207.0,25122.271038338993,84.7289616610069,84.7289616610069,7178.996944152378
2001-08-22 04:00:00,25261.0,25218.916348133505,42.08365186649462,42.08365186649462,1771.0337544203162
2001-08-22 05:00:00,26643.0,26445.583685887814,197.41631411218623,197.41631411218623,38973.20107764138
2001-08-22 06:00:00,28889.0,29234.726432734773,-345.72643273477297,345.72643273477297,119526.76629151149
2001-08-22 07:00:00,31452.0,31633.79178576163,-181.7917857616303,181.7917857616303,33048.25337040249
2001-08-22 08:00:00,34178.0,34130.40287188814,47.59712811186182,47.59712811186182,2265.4866044969867
2001-08-22 09:00:00,36615.0,35911.66562048949,703.3343795105102,703.3343795105102,494679.2494014344
2001-08-22 10:00:00,38499.0,38305.00360859734,193.99639140265936,193.99639140265936,37634.59987725381
2001-08-22 11:00:00,40051.0,39854.330756687756,196.66924331224436,196.66924331224436,38678.791265010776
2001-08-22 12:00:00,41048.0,40836.12894904682,211.8710509531811,211.8710509531811,44889.34223200547
2001-08-22 13:00:00,41979.0,41994.12305251282,-15.123052512819413,15.123052512819413,228.70671730549356
2001-08-22 14:00:00,42629.0,42775.77072642245,-146.77072642245184,146.77072642245184,21541.646134574203
2001-08-22 15:00:00,43142.0,43053.093081264415,88.90691873558535,88.90691873558535,7904.440199055977
2001-08-22 16:00:00,43516.0,43340.7581472222,175.24185277779907,175.24185277779907,30709.706964995803
2001-08-22 17:00:00,43083.0,43159.629078571445,-76.62907857144455,76.62907857144455,5872.015682708623
2001-08-22 18:00:00,41666.0,41938.0361020552,-272.0361020552009,272.0361020552009,74003.64082138769
2001-08-22 19:00:00,39966.0,40449.12359939554,-483.12359939554153,483.12359939554153,233408.4122929037
2001-08-22 20:00:00,40112.0,39429.22267214995,682.7773278500536,682.7773278500536,466184.8794260595
2001-08-22 21:00:00,38494.0,39284.146466432045,-790.1464664320447,790.1464664320447,624331.4384150463
2001-08-22 22:00:00,35172.0,35427.514434199125,-255.5144341991254,255.5144341991254,65287.62608409918
2001-08-22 23:00:00,31919.0,32139.48107725494,-220.481077254939,220.481077254939,48611.90542749839
2001-08-23 00:00:00,29573.0,29292.510498506974,280.4895014930262,280.4895014930262,78674.36044780634
2001-08-23 01:00:00,27714.0,27920.85343348357,-206.85343348357128,206.85343348357128,42788.34294394225
2001-08-23 02:00:00,26549.0,26722.49693907796,-173.4969390779588,173.4969390779588,30101.18786942095
2001-08-23 03:00:00,25846.0,25889.900341679295,-43.9003416792948,43.9003416792948,1927.239999558828
2001-08-23 04:00:00,26004.0,25745.27289672774,258.72710327226014,258.72710327226014,66939.71396765477
2001-08-23 05:00:00,27340.0,26962.91066838624,377.089331613759,377.089331613759,142196.36401691148
2001-08-23 06:00:00,29727.0,29664.817681549204,62.18231845079572,62.18231845079572,3866.64072791617
2001-08-23 07:00:00,32596.0,32292.163281186142,303.83671881385817,303.83671881385817,92316.75169957151
2001-08-23 08:00:00,34614.0,35122.60772726186,-508.6077272618568,508.6077272618568,258681.8202304713
2001-08-23 09:00:00,36532.0,36374.30063184436,157.69936815564142,157.69936815564142,24869.090716688534
2001-08-23 10:00:00,38553.0,38083.17658169171,469.82341830828955,469.82341830828955,220734.04439088603
2001-08-23 11:00:00,40021.0,39842.28840670997,178.71159329002694,178.71159329002694,31937.833576260004
2001-08-23 12:00:00,40797.0,40818.495687991184,-21.49568799118424,21.49568799118424,462.06460221434236
2001-08-23 13:00:00,41242.0,41637.79638203462,-395.79638203461946,395.79638203461946,156654.77603169443
2001-08-23 14:00:00,41343.0,41830.12148396176,-487.12148396176053,487.12148396176053,237287.34013710773
2001-08-23 15:00:00,41100.0,41700.95072802198,-600.9507280219768,600.9507280219768,361141.777510144
2001-08-23 16:00:00,40739.0,41024.670311904774,-285.6703119047743,285.6703119047743,81607.52710377102
2001-08-23 17:00:00,40172.0,39884.78295546365,287.21704453635175,287.21704453635175,82493.63067219667
2001-08-23 18:00:00,39194.0,38619.80557396167,574.1944260383316,574.1944260383316,329699.23889348906
2001-08-23 19:00:00,38881.0,38108.701285745665,772.2987142543352,772.2987142543352,596445.3040388993
2001-08-23 20:00:00,38923.0,38070.67880459158,852.3211954084181,852.3211954084181,726451.4201424349
2001-08-23 21:00:00,37353.0,37958.17966019251,-605.1796601925089,605.1796601925089,366242.42111072055
2001-08-23 22:00:00,34435.0,34258.73907077924,176.2609292207635,176.2609292207635,31067.915169767002
2001-08-23 23:00:00,31561.0,31656.81531698882,-95.815316988821,95.815316988821,9180.574969668249
2001-08-24 00:00:00,29063.0,29169.113305452676,-106.11330545267629,106.11330545267629,11260.033594092978
2001-08-24 01:00:00,27384.0,27299.899975366636,84.10002463336423,84.10002463336423,7072.81414333247
2001-08-24 02:00:00,26166.0,26273.31232171198,-107.31232171197917,107.31232171197917,11515.934391215314
2001-08-24 03:00:00,25573.0,25536.360031260167,36.63996873983342,36.63996873983342,1342.4873092559703
2001-08-24 04:00:00,25777.0,25623.294668241397,153.70533175860328,153.70533175860328,23625.3290110223
2001-08-24 05:00:00,27049.0,26943.675399821255,105.32460017874473,105.32460017874473,11093.271402812436
2001-08-24 06:00:00,29400.0,29366.714710280772,33.285289719227876,33.285289719227876,1107.910511692937
2001-08-24 07:00:00,31835.0,31890.7696126331,-55.769612633099314,55.769612633099314,3110.2496932459508
2001-08-24 08:00:00,34108.0,34316.05268759333,-208.0526875933283,208.0526875933283,43285.92081480706
2001-08-24 09:00:00,36151.0,35731.24502218788,419.75497781211743,419.75497781211743,176194.2413980512
2001-08-24 10:00:00,38165.0,37614.1655503519,550.8344496481004,550.8344496481004,303418.59091912565
2001-08-24 11:00:00,39456.0,39258.51064953382,197.48935046618135,197.48935046618135,39002.0435475542
2001-08-24 12:00:00,40444.0,40346.430398487944,97.56960151205567,97.56960151205567,9519.827139221336
2001-08-24 13:00:00,41579.0,41091.56588584939,487.43411415060837,487.43411415060837,237592.0156377883
2001-08-24 14:00:00,42296.0,42042.559532815874,253.44046718412574,253.44046718412574,64232.07040650791
2001-08-24 15:00:00,42541.0,42740.01892709197,-199.01892709197273,199.01892709197273,39608.53334083995
2001-08-24 16:00:00,42580.0,42728.73353233099,-148.73353233098896,148.73353233098896,22121.66363965334
2001-08-24 17:00:00,42096.0,42274.74454096024,-178.74454096023692,178.74454096023692,31949.610923085813
2001-08-24 18:00:00,40461.0,40958.18887613438,-497.1888761343798,497.1888761343798,247196.7785517677
2001-08-24 19:00:00,38845.0,39225.93517032989,-380.93517032988893,380.93517032988893,145111.6039942615
2001-08-24 20:00:00,38852.0,38095.703919460146,756.2960805398543,756.2960805398543,571983.7614399458
2001-08-24 21:00:00,37221.0,37872.813466944826,-651.8134669448264,651.8134669448264,424860.79569063423
2001-08-24 22:00:00,34347.0,34292.07133506494,54.92866493506153,54.92866493506153,3017.1582315482583
2001-08-24 23:00:00,31447.0,31552.855262010475,-105.85526201047469,105.85526201047469,11205.336495306246
2001-08-25 00:00:00,28815.0,29151.02009374564,-336.0200937456393,336.0200937456393,112909.50340082824
2001-08-25 01:00:00,26907.0,27124.783007092752,-217.7830070927521,217.7830070927521,47429.43817836171
2001-08-25 02:00:00,25659.0,25833.995516033756,-174.99551603375585,174.99551603375585,30623.4306319205
2001-08-25 03:00:00,24889.0,24999.761738350713,-110.76173835071313,110.76173835071313,12268.162682471835
2001-08-25 04:00:00,24389.0,24479.089028969654,-90.08902896965446,90.08902896965446,8116.033140695241
2001-08-25 05:00:00,24688.0,24612.541217305617,75.45878269438253,75.45878269438253,5694.027885718045
2001-08-25 06:00:00,25122.0,25172.714983832564,-50.71498383256403,50.71498383256403,2572.009585137231
2001-08-25 07:00:00,26447.0,26690.111356189067,-243.111356189067,243.111356189067,59103.13150808741
2001-08-25 08:00:00,29169.0,29106.444621066275,62.55537893372457,62.55537893372457,3913.1754335418714
2001-08-25 09:00:00,31649.0,31859.996062002294,-210.9960620022939,210.9960620022939,44519.338180475854
2001-08-25 10:00:00,33626.0,33476.498858487554,149.50114151244634,149.50114151244634,22350.591313524506
2001-08-25 11:00:00,34620.0,35221.91831057457,-601.9183105745687,601.9183105745687,362305.652604943
2001-08-25 12:00:00,35190.0,35463.45496557526,-273.4549655752635,273.4549655752635,74777.61819776853
2001-08-25 13:00:00,35270.0,35713.37653921104,-443.37653921104356,443.37653921104356,196582.75552276205
2001-08-25 14:00:00,35548.0,35672.75380703778,-124.75380703777773,124.75380703777773,15563.512370419081
2001-08-25 15:00:00,35640.0,35862.69883033729,-222.69883033729275,222.69883033729275,49594.7690335983
2001-08-25 16:00:00,35883.0,36117.047552073156,-234.0475520731561,234.0475520731561,54778.25663143672
2001-08-25 17:00:00,35611.0,36007.273447066415,-396.2734470664145,396.2734470664145,157032.64484989844
2001-08-25 18:00:00,34407.0,35310.94096419351,-903.9409641935126,903.9409641935126,817109.2667470973
2001-08-25 19:00:00,33125.0,33829.0099355414,-704.0099355413986,704.0099355413986,495629.98934100417
2001-08-25 20:00:00,33447.0,32786.86809669123,660.1319033087711,660.1319033087711,435774.1297660608
2001-08-25 21:00:00,32193.0,33111.16807500735,-918.1680750073501,918.1680750073501,843032.6139627029
2001-08-25 22:00:00,30074.0,30298.77193646826,-224.7719364682598,224.7719364682598,50522.42342369143
2001-08-25 23:00:00,27759.0,27766.96022533166,-7.960225331658876,7.960225331658876,63.36518733078366
2001-08-26 00:00:00,25580.0,25322.787143117657,257.21285688234275,257.21285688234275,66158.45374557654
2001-08-26 01:00:00,24000.0,23918.553220209553,81.44677979044718,81.44677979044718,6633.577938233595
2001-08-26 02:00:00,22920.0,23005.822120450535,-85.8221204505353,85.8221204505353,7365.436358626189
2001-08-26 03:00:00,22179.0,22284.041560273472,-105.04156027347199,105.04156027347199,11033.729384685448
2001-08-26 04:00:00,21909.0,21889.902053387104,19.097946612895612,19.097946612895612,364.73156482901095
2001-08-26 05:00:00,21915.0,22121.08461404544,-206.0846140454414,206.0846140454414,42470.868146258545
2001-08-26 06:00:00,22059.0,22477.86438934674,-418.8643893467415,418.8643893467415,175447.37666281866
2001-08-26 07:00:00,22676.0,23366.908121865203,-690.9081218652027,690.9081218652027,477354.0328593018
2001-08-26 08:00:00,25257.0,24856.210641747843,400.7893582521574,400.7893582521574,160632.10968817616
2001-08-26 09:00:00,27449.0,27442.532402533772,6.467597466227744,6.467597466227744,41.82981698515553
2001-08-26 10:00:00,29474.0,28935.69043333278,538.3095666672198,538.3095666672198,289777.18956544995
2001-08-26 11:00:00,31125.0,30421.457495591454,703.5425044085459,703.5425044085459,494972.05550944887
2001-08-26 12:00:00,32389.0,32077.540569863755,311.4594301362449,311.4594301362449,97006.97662079443
2001-08-26 13:00:00,33513.0,33168.193942120946,344.8060578790537,344.8060578790537,118891.21755009332
2001-08-26 14:00:00,34233.0,33979.989878503366,253.01012149663438,253.01012149663438,64014.121579741695
2001-08-26 15:00:00,35042.0,34776.53775196097,265.4622480390317,265.4622480390317,70470.20513393638
2001-08-26 16:00:00,35721.0,35568.84791865918,152.1520813408206,152.1520813408206,23150.255856343683
2001-08-26 17:00:00,35945.0,35927.76193477478,17.238065225217724,17.238065225217724,297.15089270886057
2001-08-26 18:00:00,35361.0,35768.171506590515,-407.1715065905155,407.1715065905155,165788.6357791902
2001-08-26 19:00:00,34788.0,34937.139836576,-149.1398365760033,149.1398365760033,22242.690853916967
2001-08-26 20:00:00,35967.0,34343.99206337557,1623.0079366244317,1623.0079366244317,2634154.7623458956
2001-08-26 21:00:00,34973.0,35121.47169959458,-148.47169959457824,148.47169959457824,22043.845580502686
2001-08-26 22:00:00,32641.0,32741.565972567787,-100.56597256778696,100.56597256778696,10113.51483850488
2001-08-26 23:00:00,30033.0,30124.99937161817,-91.9993716181707,91.9993716181707,8463.884378138273
2001-08-27 00:00:00,28114.0,27600.92906512789,513.0709348721102,513.0709348721102,263241.78421054117
2001-08-27 01:00:00,26701.0,26363.33572079068,337.6642792093189,337.6642792093189,114017.16545394888
2001-08-27 02:00:00,25980.0,25674.810790187683,305.18920981231713,305.18920981231713,93140.45378586653
2001-08-27 03:00:00,25585.0,25460.172631488673,124.82736851132722,124.82736851132722,15581.871929462686
2001-08-27 04:00:00,25911.0,25689.844885885093,221.1551141149066,221.1551141149066,48909.58449917736
2001-08-27 05:00:00,27552.0,27263.92573492065,288.0742650793509,288.0742650793509,82986.78220100811
2001-08-27 06:00:00,30399.0,30550.97070557971,-151.97070557971165,151.97070557971165,23095.095354395402
2001-08-27 07:00:00,33045.0,33481.59325191238,-436.5932519123817,436.5932519123817,190613.66761542836
2001-08-27 08:00:00,35783.0,35299.489380213636,483.51061978636426,483.51061978636426,233782.5194461941
2001-08-27 09:00:00,38179.0,37107.20701299087,1071.792987009132,1071.792987009132,1148740.2070019576
2001-08-27 10:00:00,40504.0,39662.5879924084,841.4120075915998,841.4120075915998,707974.1665193265
2001-08-27 11:00:00,42404.0,41587.85292976192,816.147070238083,816.147070238083,666096.0402582063
2001-08-27 12:00:00,43701.0,43473.175614746426,227.8243852535743,227.8243852535743,51903.95051616904
2001-08-27 13:00:00,44871.0,44674.32835738705,196.67164261294965,196.67164261294965,38679.7350080758
2001-08-27 14:00:00,45588.0,45456.47610158727,131.52389841272816,131.52389841272816,17298.535853681635
2001-08-27 15:00:00,45526.0,46104.96584668108,-578.9658466810797,578.9658466810797,335201.4516231395
2001-08-27 16:00:00,45231.0,45741.46457142854,-510.4645714285434,510.4645714285434,260574.07868372652
2001-08-27 17:00:00,44605.0,45116.86659523808,-511.8665952380834,511.8665952380834,262007.4113206279
2001-08-27 18:00:00,43211.0,43548.32337069596,-337.32337069595815,337.32337069595815,113787.05641768279
2001-08-27 19:00:00,42272.0,41870.17598408258,401.82401591741655,401.82401591741655,161462.53976800022
2001-08-27 20:00:00,42653.0,41319.386760134315,1333.6132398656846,1333.6132398656846,1778524.273545048
2001-08-27 21:00:00,40497.0,41448.55718930517,-951.5571893051674,951.5571893051674,905461.0845183502
2001-08-27 22:00:00,36782.0,37198.69487655674,-416.6948765567431,416.6948765567431,173634.62014863937
2001-08-27 23:00:00,33420.0,33517.53862619046,-97.53862619045685,97.53862619045685,9513.783599121676
2001-08-28 00:00:00,30723.0,30545.38703097402,177.61296902598042,177.61296902598042,31546.36676622388
2001-08-28 01:00:00,28891.0,28776.369418105503,114.63058189449657,114.63058189449657,13140.170305470885
2001-08-28 02:00:00,27885.0,27854.025203769863,30.974796230137144,30.974796230137144,959.4380014985182
2001-08-28 03:00:00,27209.0,27268.01696083703,-59.01696083703064,59.01696083703064,3483.001666439608
2001-08-28 04:00:00,27270.0,27151.520941846476,118.47905815352351,118.47905815352351,14037.287220946006
2001-08-28 05:00:00,28767.0,28197.115376523456,569.8846234765442,569.8846234765442,324768.4840750026
2001-08-28 06:00:00,31562.0,30946.196732111126,615.803267888874,615.803267888874,379213.6647426163
2001-08-28 07:00:00,33907.0,34410.258140993355,-503.2581409933555,503.2581409933555,253268.75647608808
2001-08-28 08:00:00,35986.0,36265.38117596418,-279.38117596418306,279.38117596418306,78053.84148312981
2001-08-28 09:00:00,38026.0,37659.34913200203,366.650867997967,366.650867997967,134432.85900366263
2001-08-28 10:00:00,40341.0,39675.797620085505,665.2023799144954,665.2023799144954,442494.2062439087
2001-08-28 11:00:00,42366.0,41706.33578917747,659.6642108225278,659.6642108225278,435156.87104010844
2001-08-28 12:00:00,43616.0,43395.81136242765,220.18863757234794,220.18863757234794,48483.036115966795
2001-08-28 13:00:00,44710.0,44787.23241689189,-77.23241689189308,77.23241689189308,5964.846218963172
2001-08-28 14:00:00,45616.0,45362.87562856425,253.1243714357479,253.1243714357479,64071.94741474246
2001-08-28 15:00:00,46073.0,46190.28323912942,-117.28323912942142,117.28323912942142,13755.358180689047
2001-08-28 16:00:00,46301.0,45929.79366558437,371.20633441562677,371.20633441562677,137794.14271028613
2001-08-28 17:00:00,45760.0,45915.68807953217,-155.68807953217038,155.68807953217038,24238.77810841541
2001-08-28 18:00:00,43880.0,44587.77535629236,-707.7753562923608,707.7753562923608,500945.9549747783
2001-08-28 19:00:00,42374.0,43236.08532380952,-862.0853238095224,862.0853238095224,743191.1055277691
2001-08-28 20:00:00,42604.0,41798.18315061604,805.8168493839621,805.8168493839621,649340.7947510951
2001-08-28 21:00:00,40539.0,41718.45654906208,-1179.4565490620807,1179.4565490620807,1391117.7511254326
2001-08-28 22:00:00,37026.0,37231.904438095255,-205.9044380952546,205.9044380952546,42396.63762732253
2001-08-28 23:00:00,33408.0,34016.28735670994,-608.2873567099377,608.2873567099377,370013.50833316304
2001-08-29 00:00:00,30613.0,30644.284320943443,-31.284320943443163,31.284320943443163,978.7087368923565
2001-08-29 01:00:00,28707.0,28773.44889689542,-66.44889689542106,66.44889689542106,4415.455898618298
2001-08-29 02:00:00,27473.0,27553.222616661144,-80.22261666114355,80.22261666114355,6435.668223960786
2001-08-29 03:00:00,26809.0,26697.0401272676,111.95987273240098,111.95987273240098,12535.013102255425
2001-08-29 04:00:00,26673.0,26745.61921684983,-72.61921684983099,72.61921684983099,5273.550655882777
2001-08-29 05:00:00,28121.0,27998.868685768157,122.13131423184313,122.13131423184313,14916.05791599721
2001-08-29 06:00:00,30840.0,30578.58891998886,261.41108001114117,261.41108001114117,68335.75275259124
2001-08-29 07:00:00,33251.0,33330.65126540886,-79.65126540885831,79.65126540885831,6344.324081232388
2001-08-29 08:00:00,35512.0,35557.80484258608,-45.804842586083396,45.804842586083396,2098.083604335879
2001-08-29 09:00:00,37573.0,37598.27979888288,-25.27979888288246,25.27979888288246,639.0682315589853
2001-08-29 10:00:00,39314.0,39491.372226984146,-177.37222698414553,177.37222698414553,31460.90690531524
2001-08-29 11:00:00,40667.0,40783.52609859263,-116.52609859262884,116.52609859262884,13578.331653219057
2001-08-29 12:00:00,41567.0,41602.806315873,-35.80631587300013,35.80631587300013,1282.0922563970612
2001-08-29 13:00:00,42527.0,42271.35468788303,255.64531211696885,255.64531211696885,65354.52560738242
2001-08-29 14:00:00,42882.0,43170.43794866869,-288.4379486686885,288.4379486686885,83196.45023220096
2001-08-29 15:00:00,43244.0,43017.133241326046,226.86675867395388,226.86675867395388,51468.52619122603
2001-08-29 16:00:00,43401.0,43371.66899981409,29.33100018591358,29.33100018591358,860.3075719060625
2001-08-29 17:00:00,42989.0,43126.462977777795,-137.46297777779546,137.46297777779546,18896.070259538687
2001-08-29 18:00:00,41400.0,41551.90824547863,-151.90824547863303,151.90824547863303,23076.115044396633
2001-08-29 19:00:00,40125.0,40285.997503862425,-160.99750386242522,160.99750386242522,25920.196249931625
2001-08-29 20:00:00,40574.0,39383.98530463838,1190.0146953616204,1190.0146953616204,1416134.9751766103
2001-08-29 21:00:00,38529.0,39386.63600957973,-857.6360095797281,857.6360095797281,735539.5249278395
2001-08-29 22:00:00,34826.0,35595.430260317444,-769.4302603174438,769.4302603174438,592022.9254921692
2001-08-29 23:00:00,31731.0,31921.114781986314,-190.11478198631448,190.11478198631448,36143.63032970388
2001-08-30 00:00:00,29033.0,28927.836508637272,105.16349136272765,105.16349136272765,11059.359915598494
2001-08-30 01:00:00,27457.0,27169.808488118528,287.19151188147225,287.19151188147225,82478.96449676582
2001-08-30 02:00:00,26350.0,26381.80872719731,-31.808727197309054,31.808727197309054,1011.7951259128287
2001-08-30 03:00:00,25913.0,25772.530374072867,140.46962592713317,140.46962592713317,19731.715808108722
2001-08-30 04:00:00,26103.0,25838.284876078516,264.7151239214836,264.7151239214836,70074.09683276643
2001-08-30 05:00:00,27801.0,27291.32693730348,509.6730626965218,509.6730626965218,259766.63083845266
2001-08-30 06:00:00,30865.0,30316.20137899673,548.7986210032686,548.7986210032686,301179.9264150893
2001-08-30 07:00:00,33170.0,33212.05924130983,-42.059241309827485,42.059241309827485,1768.9797795582988
2001-08-30 08:00:00,35065.0,35094.139437689315,-29.139437689314946,29.139437689314946,849.1068288494683
2001-08-30 09:00:00,36518.0,37175.97159168693,-657.9715916869318,657.9715916869318,432926.6154670345
2001-08-30 10:00:00,37906.0,37911.23248205983,-5.2324820598296355,5.2324820598296355,27.378868506438987
2001-08-30 11:00:00,39520.0,38941.94227702294,578.057722977057,578.057722977057,334150.73109341995
2001-08-30 12:00:00,40518.0,40395.20099858745,122.79900141255348,122.79900141255348,15079.594747920311
2001-08-30 13:00:00,41370.0,41185.09603972621,184.9039602737903,184.9039602737903,34189.474524931415
2001-08-30 14:00:00,41799.0,41929.837489300895,-130.83748930089496,130.83748930089496,17118.448606561804
2001-08-30 15:00:00,42073.0,42478.73928777164,-405.7392877716411,405.7392877716411,164624.3696414386
2001-08-30 16:00:00,42093.0,42298.65821835716,-205.65821835715906,205.65821835715906,42295.302777840916
2001-08-30 17:00:00,41289.0,41536.777874912645,-247.77787491264462,247.77787491264462,61393.875296226164
2001-08-30 18:00:00,39943.0,39825.072968085435,117.9270319145653,117.9270319145653,13906.784856178903
2001-08-30 19:00:00,39433.0,38818.77559967609,614.2244003239102,614.2244003239102,377271.6139532671
2001-08-30 20:00:00,40054.0,38837.299984578116,1216.700015421884,1216.700015421884,1480358.9275276128
2001-08-30 21:00:00,38297.0,39062.24995925552,-765.2499592555178,765.2499592555178,585607.5001405716
2001-08-30 22:00:00,35357.0,35384.40047705627,-27.400477056267846,27.400477056267846,750.7861429110607
2001-08-30 23:00:00,32467.0,32155.760101777778,311.2398982222221,311.2398982222221,96870.27424537917
2001-08-31 00:00:00,29899.0,29804.624046696415,94.37595330358454,94.37595330358454,8906.820561960369
2001-08-31 01:00:00,28347.0,27989.723360152366,357.2766398476342,357.2766398476342,127646.59738081612
2001-08-31 02:00:00,27395.0,27201.67501865695,193.32498134304842,193.32498134304842,37374.54841129002
2001-08-31 03:00:00,26917.0,26595.331783148613,321.6682168513871,321.6682168513871,103470.441732351
2001-08-31 04:00:00,27191.0,26896.438140205177,294.56185979482325,294.56185979482325,86766.6892457851
2001-08-31 05:00:00,28635.0,28372.815549569375,262.18445043062457,262.18445043062457,68740.68604760863
2001-08-31 06:00:00,31494.0,31137.428447932834,356.5715520671656,356.5715520671656,127143.2717435874
2001-08-31 07:00:00,34066.0,34282.177103053786,-216.1771030537857,216.1771030537857,46732.53988472708
2001-08-31 08:00:00,36339.0,35993.17605905089,345.82394094910705,345.82394094910705,119594.19813357148
2001-08-31 09:00:00,38481.0,38120.05499949498,360.94500050501665,360.94500050501665,130281.29338956648
2001-08-31 10:00:00,40476.0,40187.87784101098,288.1221589890192,288.1221589890192,83014.37850049367
2001-08-31 11:00:00,42312.0,41615.69048959159,696.3095104084132,696.3095104084132,484846.9342852041
2001-08-31 12:00:00,43564.0,43143.571381804526,420.428618195474,420.428618195474,176760.22299775563
2001-08-31 13:00:00,44637.0,44180.27836545278,456.72163454721886,456.72163454721886,208594.65146348334
2001-08-31 14:00:00,45347.0,45057.900250786464,289.0997492135357,289.0997492135357,83578.66499532922
2001-08-31 15:00:00,45505.0,45731.21136601733,-226.21136601732724,226.21136601732724,51171.58211542519
2001-08-31 16:00:00,45459.0,45624.02507619047,-165.0250761904681,165.0250761904681,27233.2757716698
2001-08-31 17:00:00,44539.0,44970.73155714283,-431.7315571428335,431.7315571428335,186392.1374329757
2001-08-31 18:00:00,42732.0,43217.49056953144,-485.49056953143736,485.49056953143736,235701.0931039594
2001-08-31 19:00:00,41620.0,41827.034297707796,-207.0342977077962,207.0342977077962,42863.20042736039
2001-08-31 20:00:00,41372.0,40890.573168167255,481.42683183274494,481.42683183274494,231771.79440851408
2001-08-31 21:00:00,39392.0,40206.84143798565,-814.8414379856476,814.8414379856476,663966.569058518
2001-08-31 22:00:00,36455.0,36621.11557777778,-166.11557777778216,166.11557777778216,27594.385180446396
2001-08-31 23:00:00,33489.0,33135.46690949941,353.53309050059033,353.53309050059033,124985.6460788986
2001-09-01 00:00:00,30773.0,30813.910246977703,-40.91024697770263,40.91024697770263,1673.648307776627
2001-09-01 01:00:00,28977.0,28848.247680100718,128.75231989928216,128.75231989928216,16577.15987944709
2001-09-01 02:00:00,27609.0,28034.273640144063,-425.2736401440634,425.2736401440634,180857.66900138234
2001-09-01 03:00:00,26620.0,26940.452761248045,-320.45276124804514,320.45276124804514,102689.97219149662
2001-09-01 04:00:00,26143.0,26549.570446746184,-406.57044674618373,406.57044674618373,165299.52816739143
2001-09-01 05:00:00,26219.0,26477.266194261287,-258.2661942612867,258.2661942612867,66701.42709820869
2001-09-01 06:00:00,26700.0,26902.505960606064,-202.50596060606404,202.50596060606404,41008.66408098476
2001-09-01 07:00:00,27327.0,28633.141057005792,-1306.1410570057924,1306.1410570057924,1706004.4607962086
2001-09-01 08:00:00,29476.0,29505.19780765264,-29.197807652639312,29.197807652639312,852.5119717205228
2001-09-01 09:00:00,31103.0,31870.908541823435,-767.9085418234354,767.9085418234354,589683.5286053948
2001-09-01 10:00:00,32197.0,32626.85475632052,-429.8547563205211,429.8547563205211,184775.1115313746
2001-09-01 11:00:00,32676.0,33025.80525752941,-349.8052575294132,349.8052575294132,122363.7181952191
2001-09-01 12:00:00,32866.0,33232.716543934606,-366.7165439346063,366.7165439346063,134481.02359534203
2001-09-01 13:00:00,33061.0,32893.99669331834,167.00330668166134,167.00330668166134,27890.104442609034
2001-09-01 14:00:00,33191.0,32894.49570251772,296.50429748227907,296.50429748227907,87914.79842545984
2001-09-01 15:00:00,33366.0,33181.9465960606,184.05340393939696,184.05340393939696,33875.655501678826
2001-09-01 16:00:00,33609.0,33373.13097858977,235.86902141023165,235.86902141023165,55634.195261020315
2001-09-01 17:00:00,33442.0,33926.605311904714,-484.60531190471374,484.60531190471374,234842.3083262649
2001-09-01 18:00:00,32280.0,33378.371477225555,-1098.3714772255553,1098.3714772255553,1206419.9019826485
2001-09-01 19:00:00,31306.0,31867.067151062973,-561.0671510629727,561.0671510629727,314796.3480019206
2001-09-01 20:00:00,31687.0,31084.770827651097,602.2291723489034,602.2291723489034,362679.9760280452
2001-09-01 21:00:00,30174.0,31907.412349467682,-1733.4123494676824,1733.4123494676824,3004718.3732870705
2001-09-01 22:00:00,28026.0,29291.791383742497,-1265.7913837424967,1265.7913837424967,1602227.8271567444
2001-09-01 23:00:00,25711.0,26423.57272377917,-712.5727237791689,712.5727237791689,507759.8866740637
2001-09-02 00:00:00,24431.0,24288.474106537626,142.52589346237437,142.52589346237437,20313.630307248088
2001-09-02 01:00:00,22106.0,23443.712158631603,-1337.7121586316025,1337.7121586316025,1789473.8193508217
2001-09-02 02:00:00,21079.0,21714.226425760065,-635.2264257600655,635.2264257600655,403512.611983908
2001-09-02 03:00:00,20391.0,21031.612690721697,-640.6126907216967,640.6126907216967,410384.6195136922
2001-09-02 04:00:00,20113.0,20832.22940223667,-719.2294022366696,719.2294022366696,517290.933041717
2001-09-02 05:00:00,20187.0,20915.714438095252,-728.7144380952523,728.7144380952523,531024.7322884792
2001-09-02 06:00:00,20231.0,21146.89556395538,-915.8955639553787,915.8955639553787,838864.6840731413
2001-09-02 07:00:00,20985.0,21654.790639393945,-669.7906393939447,669.7906393939447,448619.5006197493
2001-09-02 08:00:00,23039.0,22922.461088099288,116.53891190071226,116.53891190071226,13581.317987001974
2001-09-02 09:00:00,24825.0,25094.241394527886,-269.24139452788586,269.24139452788586,72490.92852732069
2001-09-02 10:00:00,26015.0,26318.779414677498,-303.7794146774977,303.7794146774977,92281.9327818031
2001-09-02 11:00:00,27161.0,27065.545424804983,95.45457519501724,95.45457519501724,9111.5759256612
2001-09-02 12:00:00,27338.0,27687.303904275006,-349.30390427500606,349.30390427500606,122013.2175417626
2001-09-02 13:00:00,27580.0,27285.518892774646,294.4811072253542,294.4811072253542,86719.12251267057
2001-09-02 14:00:00,27728.0,27670.044630671717,57.95536932828327,57.95536932828327,3358.824833977717
2001-09-02 15:00:00,27960.0,27738.206027162527,221.79397283747312,221.79397283747312,49192.566387029765
2001-09-02 16:00:00,28275.0,28043.795771269037,231.20422873096322,231.20422873096322,53455.39538307956
2001-09-02 17:00:00,28473.0,28476.82030645623,-3.8203064562294458,3.8203064562294458,14.594741419508386
2001-09-02 18:00:00,27921.0,28548.87935537858,-627.8793553785799,627.8793553785799,394232.4849106211
2001-09-02 19:00:00,27565.0,28016.60141743798,-451.6014174379816,451.6014174379816,203943.8402319941
2001-09-02 20:00:00,28412.0,28049.63181855703,362.3681814429692,362.3681814429692,131310.69892228465
2001-09-02 21:00:00,27381.0,28222.60783679058,-841.6078367905793,841.6078367905793,708303.7509473184
2001-09-02 22:00:00,25801.0,25966.583650716166,-165.58365071616572,165.58365071616572,27417.94538449317
2001-09-02 23:00:00,23922.0,23941.22439584697,-19.224395846969855,19.224395846969855,369.5773956809918
2001-09-03 00:00:00,22115.0,22237.54670800463,-122.54670800462918,122.54670800462918,15017.695642771845
2001-09-03 01:00:00,20967.0,21043.848523178392,-76.8485231783925,76.8485231783925,5905.695514699929
2001-09-03 02:00:00,20210.0,20441.957080923352,-231.9570809233519,231.9570809233519,53804.08739048242
2001-09-03 03:00:00,19757.0,19894.493855189085,-137.49385518908457,137.49385518908457,18904.56021475696
2001-09-03 04:00:00,19651.0,20093.226125682115,-442.2261256821148,442.2261256821148,195563.9462358136
2001-09-03 05:00:00,19976.0,20729.819585918118,-753.8195859181178,753.8195859181178,568243.9681137626
2001-09-03 06:00:00,20373.0,21626.746722408978,-1253.7467224089778,1253.7467224089778,1571880.8439512544
2001-09-03 07:00:00,21027.0,22521.64807609547,-1494.6480760954692,1494.6480760954692,2233972.871375887
2001-09-03 08:00:00,23303.0,23243.229981505527,59.770018494473334,59.770018494473334,3572.455110829684
2001-09-03 09:00:00,25804.0,24895.344328200285,908.6556717997155,908.6556717997155,825655.1298937923
2001-09-03 10:00:00,27687.0,26537.439905846022,1149.5600941539778,1149.5600941539778,1321488.4100713024
2001-09-03 11:00:00,28758.0,28639.51554466633,118.48445533366976,118.48445533366976,14038.566155716384
2001-09-03 12:00:00,29202.0,29252.626711700756,-50.62671170075555,50.62671170075555,2563.063937631419
2001-09-03 13:00:00,29585.0,29922.964147937473,-337.9641479374732,337.9641479374732,114219.76529110225
2001-09-03 14:00:00,30060.0,30010.923856682235,49.076143317764945,49.076143317764945,2408.467842945805
2001-09-03 15:00:00,30172.0,30777.513562279306,-605.5135622793059,605.5135622793059,366646.6741041749
2001-09-03 16:00:00,30691.0,30575.190463618943,115.80953638105711,115.80953638105711,13411.848716795392
2001-09-03 17:00:00,30888.0,31088.695829969267,-200.69582996926692,200.69582996926692,40278.8161670529
2001-09-03 18:00:00,30299.0,30810.703716807497,-511.7037168074967,511.7037168074967,261840.69379460675
2001-09-03 19:00:00,30558.0,30375.57570741788,182.42429258211996,182.42429258211996,33278.62252408691
2001-09-03 20:00:00,32037.0,30463.222561123577,1573.7774388764228,1573.7774388764228,2476775.4271164327
2001-09-03 21:00:00,30958.0,30863.255916724935,94.74408327506535,94.74408327506535,8976.441315632517
2001-09-03 22:00:00,28211.0,28782.238981894454,-571.2389818944539,571.2389818944539,326313.9744358122
2001-09-03 23:00:00,25910.0,25857.15186065028,52.84813934972044,52.84813934972044,2792.92583272747
2001-09-04 00:00:00,23985.0,23760.88086800031,224.11913199969058,224.11913199969058,50229.38532829473
2001-09-04 01:00:00,23001.0,22519.52519190991,481.47480809008994,481.47480809008994,231817.99082538893
2001-09-04 02:00:00,22406.0,22224.18823582685,181.81176417315146,181.81176417315146,33055.51759175364
2001-09-04 03:00:00,22232.0,22049.682895325404,182.3171046745956,182.3171046745956,33239.52665692745
2001-09-04 04:00:00,22600.0,22523.513909216577,76.4860907834227,76.4860907834227,5850.1220833299785
2001-09-04 05:00:00,24388.0,24080.644500610488,307.35549938951226,307.35549938951226,94467.40300497647
2001-09-04 06:00:00,27953.0,27131.337158884544,821.6628411154561,821.6628411154561,675129.8244699233
2001-09-04 07:00:00,30606.0,30504.107820063233,101.8921799367672,101.8921799367672,10382.016332266545
2001-09-04 08:00:00,32733.0,31771.772352187363,961.2276478126369,961.2276478126369,923958.5909194147
2001-09-04 09:00:00,34668.0,33993.569514552655,674.4304854473448,674.4304854473448,454856.47970074124
2001-09-04 10:00:00,36064.0,35509.17679524342,554.8232047565834,554.8232047565834,307828.7885363657
2001-09-04 11:00:00,37397.0,36718.48766183034,678.5123381696612,678.5123381696612,460378.99304846075
2001-09-04 12:00:00,38688.0,38058.24294799244,629.7570520075606,629.7570520075606,396593.94455325336
2001-09-04 13:00:00,39458.0,39163.98336191532,294.01663808467856,294.01663808467856,86445.78347061685
2001-09-04 14:00:00,39678.0,39984.8348643009,-306.83486430090124,306.83486430090124,94147.63395055248
2001-09-04 15:00:00,40352.0,40024.22676976913,327.7732302308723,327.7732302308723,107435.29045598042
2001-09-04 16:00:00,40518.0,40545.288409523826,-27.288409523825976,27.288409523825976,744.6572943400363
2001-09-04 17:00:00,40232.0,39909.98380367814,322.0161963218634,322.0161963218634,103694.43069360087
2001-09-04 18:00:00,39061.0,39205.24905302387,-144.24905302387197,144.24905302387197,20807.789298283828
2001-09-04 19:00:00,38475.0,38052.43712839796,422.56287160203647,422.56287160203647,178559.38045655916
2001-09-04 20:00:00,39123.0,38113.458891889895,1009.5411081101047,1009.5411081101047,1019173.248964178
2001-09-04 21:00:00,37139.0,38099.0095660669,-960.0095660669031,960.0095660669031,921618.3669399635
2001-09-04 22:00:00,33533.0,34192.378230952374,-659.378230952374,659.378230952374,434779.6514538823
2001-09-04 23:00:00,30074.0,30186.58248802765,-112.58248802764865,112.58248802764865,12674.816610495653
2001-09-05 00:00:00,27670.0,27421.720794838395,248.2792051616052,248.2792051616052,61642.56371567845
2001-09-05 01:00:00,26023.0,26103.90031879447,-80.90031879446906,80.90031879446906,6544.861581046724
2001-09-05 02:00:00,24937.0,25022.302855991355,-85.30285599135459,85.30285599135459,7276.57724028178
2001-09-05 03:00:00,24201.0,24495.17957710311,-294.1795771031102,294.1795771031102,86541.62358456476
2001-09-05 04:00:00,24219.0,24244.8892065586,-25.889206558600563,25.889206558600563,670.2510162338864
2001-09-05 05:00:00,25752.0,25384.40277012874,367.5972298712586,367.5972298712586,135127.72340902293
2001-09-05 06:00:00,28971.0,28296.626503032454,674.3734969675461,674.3734969675461,454779.6134122369
2001-09-05 07:00:00,30892.0,31699.109648847167,-807.1096488471667,807.1096488471667,651425.9852621967
2001-09-05 08:00:00,32463.0,32984.96346384738,-521.9634638473799,521.9634638473799,272445.85759155505
2001-09-05 09:00:00,33861.0,34204.73475709655,-343.7347570965503,343.7347570965503,118153.58323622444
2001-09-05 10:00:00,34723.0,35083.323184785695,-360.32318478569505,360.32318478569505,129832.79749410614
2001-09-05 11:00:00,35404.0,35365.93243836917,38.067561630829005,38.067561630829005,1449.1392485169647
2001-09-05 12:00:00,35918.0,35935.60178132915,-17.601781329147343,17.601781329147343,309.82270595912
2001-09-05 13:00:00,36538.0,36411.179241536396,126.82075846360385,126.82075846360385,16083.504777283748
2001-09-05 14:00:00,36941.0,36929.915183706,11.08481629400194,11.08481629400194,122.87315227177089
2001-09-05 15:00:00,37185.0,37115.313431562085,69.68656843791541,69.68656843791541,4856.2178206522685
2001-09-05 16:00:00,37436.0,37080.40818435535,355.5918156446496,355.5918156446496,126445.53935345847
2001-09-05 17:00:00,37113.0,37140.88368444238,-27.88368444237858,27.88368444237858,777.4998580821452
2001-09-05 18:00:00,35836.0,36356.95125916695,-520.9512591669481,520.9512591669481,271390.2144276288
2001-09-05 19:00:00,35080.0,35194.87502225866,-114.87502225866047,114.87502225866047,13196.270738927737
2001-09-05 20:00:00,35452.0,35066.73297006104,385.2670299389574,385.2670299389574,148430.6843579855
2001-09-05 21:00:00,33393.0,34688.50996296812,-1295.5099629681208,1295.5099629681208,1678346.0641496617
2001-09-05 22:00:00,29938.0,30810.599173054197,-872.5991730541973,872.5991730541973,761429.316814869
2001-09-05 23:00:00,26827.0,27344.46751128304,-517.467511283041,517.467511283041,267772.6252334641
2001-09-06 00:00:00,24510.0,24741.97365098131,-231.9736509813083,231.9736509813083,53811.77474959784
2001-09-06 01:00:00,23190.0,23164.970185705635,25.02981429436477,25.02981429436477,626.491603610387
2001-09-06 02:00:00,22482.0,22404.294883018207,77.70511698179325,77.70511698179325,6038.085205154174
2001-09-06 03:00:00,22084.0,22094.523049515803,-10.523049515802995,10.523049515802995,110.73457111204165
2001-09-06 04:00:00,22474.0,22298.83943162633,175.16056837367069,175.16056837367069,30681.22471298736
2001-09-06 05:00:00,23997.0,23781.09290586537,215.907094134629,215.907094134629,46615.87329765955
2001-09-06 06:00:00,27210.0,27191.219724025825,18.78027597417531,18.78027597417531,352.69876566618643
2001-09-06 07:00:00,29290.0,29602.588047256828,-312.58804725682785,312.58804725682785,97711.28728783684
2001-09-06 08:00:00,30850.0,31005.145759405757,-155.14575940575742,155.14575940575742,24070.206661589167
2001-09-06 09:00:00,32196.0,32289.56846138182,-93.56846138181936,93.56846138181936,8755.056965361022
2001-09-06 10:00:00,33493.0,33011.93832709176,481.0616729082394,481.0616729082394,231420.33314127394
2001-09-06 11:00:00,34305.0,34117.50307697214,187.49692302785843,187.49692302785843,35155.09614491467
2001-09-06 12:00:00,34851.0,34817.26389293973,33.736107060271024,33.736107060271024,1138.1249195820685
2001-09-06 13:00:00,35611.0,35297.98790026171,313.012099738291,313.012099738291,97976.57458257383
2001-09-06 14:00:00,36075.0,36049.17064974068,25.829350259322382,25.829350259322382,667.1553348187572
2001-09-06 15:00:00,36608.0,36330.10981618148,277.8901838185193,277.8901838185193,77222.95426269044
2001-09-06 16:00:00,36914.0,36666.17852249241,247.82147750759032,247.82147750759032,61415.484714045095
2001-09-06 17:00:00,36759.0,36782.202104475975,-23.20210447597492,23.20210447597492,538.3376521140555
2001-09-06 18:00:00,35541.0,35969.790165436454,-428.7901654364541,428.7901654364541,183861.0059750217
2001-09-06 19:00:00,35121.0,34823.03636559386,297.9636344061364,297.9636344061364,88782.32742851372
2001-09-06 20:00:00,35511.0,35027.792658494094,483.2073415059058,483.2073415059058,233489.33488520505
2001-09-06 21:00:00,33347.0,34585.30432847627,-1238.304328476268,1238.304328476268,1533397.609923061
2001-09-06 22:00:00,30206.0,30726.624513101007,-520.6245131010073,520.6245131010073,271049.88364166097
2001-09-06 23:00:00,27240.0,27529.461888310856,-289.461888310856,289.461888310856,83788.18478448648
2001-09-07 00:00:00,24966.0,25001.967089861922,-35.96708986192243,35.96708986192243,1293.6315531356033
2001-09-07 01:00:00,23635.0,23869.030625859894,-234.03062585989392,234.03062585989392,54770.33384037365
2001-09-07 02:00:00,22710.0,22778.424100775042,-68.42410077504246,68.42410077504246,4681.857566873166
2001-09-07 03:00:00,22446.0,22251.50821819582,194.49178180417948,194.49178180417948,37827.05318936456
2001-09-07 04:00:00,22762.0,22543.885100827334,218.1148991726659,218.1148991726659,47574.10924110221
2001-09-07 05:00:00,24337.0,24037.320086853593,299.67991314640676,299.67991314640676,89808.0503434379
2001-09-07 06:00:00,27569.0,27520.32307015531,48.67692984468886,48.67692984468886,2369.4434991047606
2001-09-07 07:00:00,29892.0,30089.855582310476,-197.85558231047617,197.85558231047617,39146.83145141761
2001-09-07 08:00:00,31636.0,31313.757246253106,322.24275374689387,322.24275374689387,103840.39234238128
2001-09-07 09:00:00,33201.0,32923.87766323417,277.1223367658313,277.1223367658313,76796.7895345548
2001-09-07 10:00:00,34738.0,34208.35233008956,529.6476699104387,529.6476699104387,280526.65424155706
2001-09-07 11:00:00,35745.0,35485.20180734411,259.7981926558932,259.7981926558932,67495.10090726861
2001-09-07 12:00:00,36484.0,36469.44737585212,14.552624147880124,14.552624147880124,211.7788695894637
2001-09-07 13:00:00,37495.0,37162.63440098425,332.36559901574947,332.36559901574947,110466.89140909797
2001-09-07 14:00:00,38095.0,38037.533344399344,57.46665560065594,57.46665560065594,3302.4165059244006
2001-09-07 15:00:00,38516.0,38299.070179567774,216.92982043222582,216.92982043222582,47058.54699275774
2001-09-07 16:00:00,38639.0,38573.66949089474,65.33050910526072,65.33050910526072,4268.075419952554
2001-09-07 17:00:00,38138.0,38288.84412062186,-150.8441206218631,150.8441206218631,22753.94872618319
2001-09-07 18:00:00,36656.0,37131.78771293123,-475.7877129312328,475.7877129312328,226373.9477763332
2001-09-07 19:00:00,35843.0,35936.27927836765,-93.27927836764866,93.27927836764866,8701.023772789287
2001-09-07 20:00:00,35880.0,35384.51891878641,495.4810812135911,495.4810812135911,245501.50184058925
2001-09-07 21:00:00,33974.0,34843.257383324126,-869.2573833241258,869.2573833241258,755608.3984635063
2001-09-07 22:00:00,31332.0,31426.689858281923,-94.68985828192308,94.68985828192308,8966.169261450677
2001-09-07 23:00:00,28662.0,28469.080255078494,192.9197449215062,192.9197449215062,37218.02798057902
2001-09-08 00:00:00,26399.0,26317.25474556319,81.74525443680977,81.74525443680977,6682.286622938768
2001-09-08 01:00:00,24939.0,24970.278281236042,-31.27828123604195,31.27828123604195,978.3308770809339
2001-09-08 02:00:00,23757.0,24096.593713437556,-339.5937134375563,339.5937134375563,115323.8902063091
2001-09-08 03:00:00,23064.0,23329.35949528535,-265.3594952853491,265.3594952853491,70415.66173809522
2001-09-08 04:00:00,22798.0,23113.44887698308,-315.44887698307866,315.44887698307866,99507.9939898855
2001-09-08 05:00:00,23216.0,23335.136878132398,-119.13687813239812,119.13687813239812,14193.595731133883
2001-09-08 06:00:00,23868.0,23852.730285621587,15.269714378413482,15.269714378413482,233.16417719832745
2001-09-08 07:00:00,24904.0,25328.06970857787,-424.0697085778702,424.0697085778702,179835.11773331976
2001-09-08 08:00:00,27777.0,27182.13292275428,594.867077245719,594.867077245719,353866.8395908642
2001-09-08 09:00:00,30164.0,29945.64538551948,218.35461448051865,218.35461448051865,47678.73766493592
2001-09-08 10:00:00,31978.0,31948.174058975696,29.825941024304484,29.825941024304484,889.5867579852892
2001-09-08 11:00:00,33141.0,33097.129894299345,43.870105700654676,43.870105700654676,1924.586174186614
2001-09-08 12:00:00,34040.0,33837.73082166586,202.26917833414336,202.26917833414336,40912.82050396949
2001-09-08 13:00:00,34775.0,34358.764409258,416.23559074199875,416.23559074199875,173252.06700034067
2001-09-08 14:00:00,35268.0,35046.110666826164,221.88933317383635,221.88933317383635,49234.87617632975
2001-09-08 15:00:00,35815.0,35692.03993499578,122.96006500421936,122.96006500421936,15119.17758584185
2001-09-08 16:00:00,35964.0,36134.67924429828,-170.6792442982769,170.6792442982769,29131.404434230888
2001-09-08 17:00:00,35860.0,36044.55577056443,-184.55577056443144,184.55577056443144,34060.83244863106
2001-09-08 18:00:00,34817.0,35269.27843758006,-452.278437580062,452.278437580062,204555.78509986206
2001-09-08 19:00:00,34601.0,34191.11575066281,409.88424933719216,409.88424933719216,168005.0978547135
2001-09-08 20:00:00,35189.0,34316.24153726536,872.7584627346369,872.7584627346369,761707.3342749265
2001-09-08 21:00:00,33642.0,34431.23074873209,-789.2307487320868,789.2307487320868,622885.1747442103
2001-09-08 22:00:00,31450.0,31383.172590597558,66.82740940244184,66.82740940244184,4465.902647441572
2001-09-08 23:00:00,29340.0,29096.93670641558,243.06329358441872,243.06329358441872,59079.76468810532
2001-09-09 00:00:00,26689.0,26887.923717440794,-198.92371744079355,198.92371744079355,39570.645360464674
2001-09-09 01:00:00,24976.0,25195.59673668258,-219.59673668257892,219.59673668257892,48222.7267616379
2001-09-09 02:00:00,23974.0,24070.984631729396,-96.98463172939591,96.98463172939591,9406.018791686549
2001-09-09 03:00:00,23169.0,23414.923972788172,-245.92397278817225,245.92397278817225,60478.60039191769
2001-09-09 04:00:00,22734.0,23007.507220864158,-273.5072208641577,273.5072208641577,74806.19986483514
2001-09-09 05:00:00,22855.0,22759.42587592436,95.5741240756397,95.5741240756397,9134.413192825772
2001-09-09 06:00:00,23142.0,23032.604233626094,109.39576637390564,109.39576637390564,11967.433700534144
2001-09-09 07:00:00,23926.0,24021.285030600466,-95.28503060046569,95.28503060046569,9079.237056531683
2001-09-09 08:00:00,26365.0,26078.866192691246,286.1338073087536,286.1338073087536,81872.55568500294
2001-09-09 09:00:00,29072.0,28752.86284421739,319.1371557826096,319.1371557826096,101848.52420101364
2001-09-09 10:00:00,31246.0,31032.614704336676,213.38529566332363,213.38529566332363,45533.28440532404
2001-09-09 11:00:00,32966.0,32754.60847436316,211.3915256368382,211.3915256368382,44686.37711107002
2001-09-09 12:00:00,34456.0,34096.8009070074,359.19909299260325,359.19909299260325,129023.98840670884
2001-09-09 13:00:00,35282.0,35308.71813298693,-26.71813298692723,26.71813298692723,713.858630307129
2001-09-09 14:00:00,35937.0,35875.79340362781,61.20659637219069,61.20659637219069,3746.2474394682663
2001-09-09 15:00:00,36420.0,36308.309203193705,111.69079680629511,111.69079680629511,12474.834091225102
2001-09-09 16:00:00,37065.0,36695.2304483019,369.7695516980966,369.7695516980966,136729.52136301136
2001-09-09 17:00:00,37087.0,37182.071173258286,-95.07117325828585,95.07117325828585,9038.527984707007
2001-09-09 18:00:00,36186.0,36614.46811629748,-428.4681162974812,428.4681162974812,183584.92668351185
2001-09-09 19:00:00,36270.0,35644.70719328941,625.2928067105895,625.2928067105895,390991.09412400663
2001-09-09 20:00:00,37248.0,35932.476820346375,1315.5231796536245,1315.5231796536245,1730601.2362059825
2001-09-09 21:00:00,35632.0,36039.80876343231,-407.8087634323092,407.8087634323092,166307.98753218914
2001-09-09 22:00:00,32938.0,33387.143954029285,-449.14395402928494,449.14395402928494,201730.29144106043
2001-09-09 23:00:00,30277.0,30251.042257356858,25.95774264314241,25.95774264314241,673.8044031276139
2001-09-10 00:00:00,27998.0,27888.87620150317,109.12379849682839,109.12379849682839,11908.003398376404
2001-09-10 01:00:00,26745.0,26325.714711794008,419.2852882059924,419.2852882059924,175800.1529059821
2001-09-10 02:00:00,26059.0,25891.567299283888,167.43270071611187,167.43270071611187,28033.709269091087
2001-09-10 03:00:00,25795.0,25572.020283220714,222.9797167792858,222.9797167792858,49719.95409497051
2001-09-10 04:00:00,26207.0,25964.200551742655,242.79944825734492,242.79944825734492,58951.57207407111
2001-09-10 05:00:00,28098.0,27647.416395238102,450.58360476189773,450.58360476189773,203025.58488022606
2001-09-10 06:00:00,32016.0,30923.457630961642,1092.5423690383577,1092.5423690383577,1193648.828143947
2001-09-10 07:00:00,34930.0,34513.848810119205,416.15118988079485,416.15118988079485,173181.81283920136
2001-09-10 08:00:00,36925.0,36486.83673897564,438.1632610243614,438.1632610243614,191987.04331150267
2001-09-10 09:00:00,38546.0,38431.838762859654,114.1612371403462,114.1612371403462,13032.788065414361
2001-09-10 10:00:00,40000.0,39661.44393055556,338.556069444443,338.556069444443,114620.2121576705
2001-09-10 11:00:00,41021.0,41123.26247477355,-102.26247477355355,102.26247477355355,10457.613746811676
2001-09-10 12:00:00,41994.0,41845.823109627614,148.17689037238597,148.17689037238597,21956.39084043009
2001-09-10 13:00:00,42394.0,42839.1095186051,-445.1095186051025,445.1095186051025,198122.4835528661
2001-09-10 14:00:00,43012.0,42834.683790164556,177.31620983544417,177.31620983544417,31441.03827040727
2001-09-10 15:00:00,43184.0,43306.25845674603,-122.25845674602897,122.25845674602897,14947.130245920636
2001-09-10 16:00:00,42998.0,43122.58791309526,-124.58791309525986,124.58791309525986,15522.148089432025
2001-09-10 17:00:00,42158.0,42330.69816528164,-172.69816528163938,172.69816528163938,29824.65629164443
2001-09-10 18:00:00,41109.0,40968.84216835198,140.1578316480227,140.1578316480227,19644.21777227547
2001-09-10 19:00:00,40518.0,40905.01277453407,-387.0127745340724,387.0127745340724,149778.88765256075
2001-09-10 20:00:00,40375.0,39880.133683579654,494.86631642034627,494.86631642034627,244892.67112744227
2001-09-10 21:00:00,37644.0,39144.48046764049,-1500.4804676404892,1500.4804676404892,2251441.6337706214
2001-09-10 22:00:00,33927.0,34514.100012121206,-587.1000121212055,587.1000121212055,344686.42423271964
2001-09-10 23:00:00,30510.0,31127.25579875125,-617.2557987512482,617.2557987512482,381004.72109204147
2001-09-11 00:00:00,27611.0,28379.621349053356,-768.6213490533555,768.6213490533555,590778.7782206002
2001-09-11 01:00:00,25944.0,26218.633599386943,-274.6335993869434,274.6335993869434,75423.61391222812
2001-09-11 02:00:00,24850.0,25093.881627731465,-243.88162773146541,243.88162773146541,59478.24834494908
2001-09-11 03:00:00,24296.0,24190.983038800456,105.01696119954431,105.01696119954431,11028.562139586595
2001-09-11 04:00:00,24414.0,24353.545081904802,60.45491809519808,60.45491809519808,3654.7971218971084
2001-09-11 05:00:00,25843.0,25666.840543306047,176.15945669395296,176.15945669395296,31032.154182708688
2001-09-11 06:00:00,29166.0,28484.097507525956,681.9024924740443,681.9024924740443,464991.009242314
2001-09-11 07:00:00,31269.0,31785.60726176331,-516.6072617633108,516.6072617633108,266883.0629065859
2001-09-11 08:00:00,32704.0,33796.50790425841,-1092.5079042584111,1092.5079042584111,1193573.5208671056
2001-09-11 09:00:00,33887.0,34300.35447357054,-413.35447357054363,413.35447357054363,170861.92082078126
2001-09-11 10:00:00,34796.0,35033.957777133,-237.9577771330005,237.9577771330005,56623.90369807873
2001-09-11 11:00:00,35451.0,35486.070925858876,-35.07092585887585,35.07092585887585,1229.969840598767
2001-09-11 12:00:00,35790.0,35960.95590105561,-170.95590105561132,170.95590105561132,29225.920105735968
2001-09-11 13:00:00,36476.0,36362.92053331216,113.0794666878428,113.0794666878428,12786.965786406949
2001-09-11 14:00:00,36914.0,36917.183217421356,-3.1832174213559483,3.1832174213559483,10.132873151624013
2001-09-11 15:00:00,37122.0,37115.77401368921,6.2259863107901765,6.2259863107901765,38.76290554214667
2001-09-11 16:00:00,37187.0,37021.38841510617,165.61158489382797,165.61158489382797,27427.197051045587
2001-09-11 17:00:00,36762.0,36713.29143557728,48.708564422719064,48.708564422719064,2372.5242481221735
2001-09-11 18:00:00,35460.0,36062.942060359375,-602.9420603593753,602.9420603593753,363539.12815040856
2001-09-11 19:00:00,34865.0,34956.74946832936,-91.74946832936257,91.74946832936257,8417.964938720705
2001-09-11 20:00:00,35178.0,34493.96755440569,684.0324455943119,684.0324455943119,467900.3866257352
2001-09-11 21:00:00,32949.0,34542.10571887548,-1593.1057188754785,1593.1057188754785,2537985.831513755
2001-09-11 22:00:00,29931.0,30533.258200442564,-602.258200442564,602.258200442564,362714.94000031555
2001-09-11 23:00:00,27052.0,27321.29062015601,-269.29062015601085,269.29062015601085,72517.43810400892
2001-09-12 00:00:00,24763.0,24816.357796231765,-53.35779623176495,53.35779623176495,2847.05441871055
2001-09-12 01:00:00,23567.0,23215.702789126237,351.2972108737631,351.2972108737631,123409.73036768519
2001-09-12 02:00:00,22835.0,22760.958119954954,74.04188004504613,74.04188004504613,5482.200000605
2001-09-12 03:00:00,22472.0,22360.591380211084,111.40861978891553,111.40861978891553,12411.880563271141
2001-09-12 04:00:00,22684.0,22688.23775782158,-4.2377578215782705,4.2377578215782705,17.95859135434781
2001-09-12 05:00:00,24144.0,24120.240314710292,23.759685289707704,23.759685289707704,564.5226450659527
2001-09-12 06:00:00,27346.0,27484.05158078779,-138.05158078778913,138.05158078778913,19058.23895800747
2001-09-12 07:00:00,29368.0,29695.19727632169,-327.1972763216909,327.1972763216909,107058.05763233293
2001-09-12 08:00:00,31077.0,31018.48281998656,58.51718001344125,58.51718001344125,3424.260356725488
2001-09-12 09:00:00,32759.0,32334.81377953474,424.1862204652607,424.1862204652607,179933.94963260274
2001-09-12 10:00:00,34121.0,34010.599218108386,110.40078189161432,110.40078189161432,12188.332642279795
2001-09-12 11:00:00,34818.0,34883.30624962714,-65.30624962713773,65.30624962713773,4264.906240362027
2001-09-12 12:00:00,35315.0,35298.337981938035,16.662018061964773,16.662018061964773,277.6228458972403
2001-09-12 13:00:00,35997.0,35810.38204866199,186.61795133801206,186.61795133801206,34826.25976159664
2001-09-12 14:00:00,36576.0,36325.0449989365,250.95500106349937,250.95500106349937,62978.41255878097
2001-09-12 15:00:00,37033.0,36834.722715165706,198.27728483429382,198.27728483429382,39313.881681259685
2001-09-12 16:00:00,37292.0,37043.23892560327,248.7610743967307,248.7610743967307,61882.072135015784
2001-09-12 17:00:00,36954.0,36901.069903171905,52.930096828094975,52.930096828094975,2801.5951502315097
2001-09-12 18:00:00,35519.0,36190.13730200757,-671.1373020075698,671.1373020075698,450425.278146
2001-09-12 19:00:00,35045.0,34978.66645181206,66.33354818794032,66.33354818794032,4400.139615201801
2001-09-12 20:00:00,35351.0,35123.768660405265,227.2313395947349,227.2313395947349,51634.08169401773
2001-09-12 21:00:00,33164.0,34500.47611007437,-1336.4761100743708,1336.4761100743708,1786168.3927995218
2001-09-12 22:00:00,29691.0,30650.50358869528,-959.5035886952792,959.5035886952792,920647.1367191195
2001-09-12 23:00:00,26871.0,27052.100026058262,-181.1000260582623,181.1000260582623,32797.219438303284
2001-09-13 00:00:00,24604.0,24749.123409012805,-145.1234090128055,145.1234090128055,21060.803843498037
2001-09-13 01:00:00,23204.0,23302.26412172929,-98.26412172929122,98.26412172929122,9655.837619228963
2001-09-13 02:00:00,22583.0,22392.468786956266,190.53121304373417,190.53121304373417,36302.143143916815
2001-09-13 03:00:00,22328.0,22177.66132400778,150.3386759922214,150.3386759922214,22601.717499094128
2001-09-13 04:00:00,22556.0,22427.521186489565,128.47881351043543,128.47881351043543,16506.805521049246
2001-09-13 05:00:00,24240.0,23923.803408325395,316.19659167460486,316.19659167460486,99980.2845866368
2001-09-13 06:00:00,27618.0,27594.630276167474,23.36972383252578,23.36972383252578,546.1439920085234
2001-09-13 07:00:00,29690.0,30117.504399004243,-427.50439900424317,427.50439900424317,182760.01116797916
2001-09-13 08:00:00,31294.0,31080.90788010247,213.0921198975302,213.0921198975302,45408.25156242339
2001-09-13 09:00:00,32908.0,32612.676545283928,295.32345471607186,295.32345471607186,87215.94290543575
2001-09-13 10:00:00,34482.0,34105.94951485283,376.05048514717055,376.05048514717055,141413.96737942233
2001-09-13 11:00:00,35468.0,35316.348090866464,151.6519091335358,151.6519091335358,22998.301543846203
2001-09-13 12:00:00,36392.0,36061.337728108716,330.66227189128404,330.66227189128404,109337.53805230545
2001-09-13 13:00:00,37387.0,36822.62381935273,564.3761806472685,564.3761806472685,318520.47328199825
2001-09-13 14:00:00,38293.0,38037.49074689596,255.50925310404273,255.50925310404273,65284.97842178577
2001-09-13 15:00:00,39121.0,38796.86137260746,324.1386273925382,324.1386273925382,105065.8497679187
2001-09-13 16:00:00,39551.0,39248.35395656613,302.6460434338733,302.6460434338733,91594.6276061779
2001-09-13 17:00:00,39198.0,39290.903429936494,-92.90342993649392,92.90342993649392,8631.047293965035
2001-09-13 18:00:00,37754.0,38202.4067472902,-448.4067472902025,448.4067472902025,201068.61101537952
2001-09-13 19:00:00,37771.0,36637.86611412699,1133.1338858730087,1133.1338858730087,1283992.4033136647
2001-09-13 20:00:00,38008.0,36931.30908305653,1076.690916943473,1076.690916943473,1159263.3306285767
2001-09-13 21:00:00,35718.0,36732.26827461124,-1014.2682746112405,1014.2682746112405,1028740.1328828627
2001-09-13 22:00:00,32145.0,33188.201704004336,-1043.2017040043356,1043.2017040043356,1088269.7952375496
2001-09-13 23:00:00,28992.0,29211.008460390414,-219.00846039041426,219.00846039041426,47964.70572257965
2001-09-14 00:00:00,26558.0,26464.5173965978,93.48260340220077,93.48260340220077,8738.997138853158
2001-09-14 01:00:00,24930.0,25111.308029298052,-181.30802929805213,181.30802929805213,32872.60148794333
2001-09-14 02:00:00,23970.0,24025.717103533036,-55.7171035330357,55.7171035330357,3104.395626111019
2001-09-14 03:00:00,23383.0,23481.036572222976,-98.03657222297625,98.03657222297625,9611.169493230838
2001-09-14 04:00:00,23310.0,23395.767944229145,-85.76794422914463,85.76794422914463,7356.140257293664
2001-09-14 05:00:00,24731.0,24402.423431576746,328.5765684232538,328.5765684232538,107962.56131680118
2001-09-14 06:00:00,28018.0,27364.68519929257,653.3148007074305,653.3148007074305,426820.2288233897
2001-09-14 07:00:00,30307.0,30557.549478904362,-250.54947890436233,250.54947890436233,62775.04137924751
2001-09-14 08:00:00,31170.0,32574.272108423007,-1404.272108423007,1404.272108423007,1971980.1544947976
2001-09-14 09:00:00,31713.0,32680.584025205637,-967.5840252056369,967.5840252056369,936218.8458331425
2001-09-14 10:00:00,32078.0,32689.182485558045,-611.1824855580453,611.1824855580453,373544.03065291024
2001-09-14 11:00:00,31824.0,32221.88304933199,-397.88304933199106,397.88304933199106,158310.92094572363
2001-09-14 12:00:00,31303.0,31564.563259450533,-261.5632594505332,261.5632594505332,68415.33869438696
2001-09-14 13:00:00,31276.0,30983.77569763626,292.2243023637384,292.2243023637384,85395.0428919736
2001-09-14 14:00:00,31040.0,31173.529454287152,-133.52945428715248,133.52945428715248,17830.11516222474
2001-09-14 15:00:00,30548.0,31140.69561288429,-592.6956128842903,592.6956128842903,351288.08953228453
2001-09-14 16:00:00,30279.0,30528.581355199334,-249.5813551993342,249.5813551993342,62290.85286313623
2001-09-14 17:00:00,29774.0,31046.69234138085,-1272.6923413808508,1272.6923413808508,1619745.7958094722
2001-09-14 18:00:00,28972.0,30355.496299860668,-1383.496299860668,1383.496299860668,1914062.0117281592
2001-09-14 19:00:00,29318.0,29660.04168337857,-342.0416833785712,342.0416833785712,116992.51316844673
2001-09-14 20:00:00,29759.0,30069.047661944132,-310.0476619441324,310.0476619441324,96129.55267702302
2001-09-14 21:00:00,28253.0,29886.704233537308,-1633.704233537308,1633.704233537308,2668989.5226777233
2001-09-14 22:00:00,26265.0,26778.65742946725,-513.65742946725,513.65742946725,263843.9548469029
2001-09-14 23:00:00,23923.0,24429.47910433201,-506.47910433201105,506.47910433201105,256521.08312495615
2001-09-15 00:00:00,22120.0,22327.838438453025,-207.83843845302545,207.83843845302545,43196.816498592045
2001-09-15 01:00:00,20923.0,21190.9341077181,-267.9341077181016,267.9341077181016,71788.68607869526
2001-09-15 02:00:00,20330.0,20450.065896253236,-120.06589625323613,120.06589625323613,14415.819443092863
2001-09-15 03:00:00,19914.0,20156.040072330597,-242.04007233059747,242.04007233059747,58583.396613800855
2001-09-15 04:00:00,19919.0,20233.438563275613,-314.438563275613,314.438563275613,98871.61007483167
2001-09-15 05:00:00,20400.0,20757.18759018759,-357.1875901875901,357.1875901875901,127582.97458401781
2001-09-15 06:00:00,21314.0,21640.769388239547,-326.76938823954697,326.76938823954697,106778.23309044777
2001-09-15 07:00:00,22309.0,22757.66743088024,-448.6674308802394,448.6674308802394,201302.46353267442
2001-09-15 08:00:00,24491.0,24439.874838242304,51.12516175769633,51.12516175769633,2613.7821647506157
2001-09-15 09:00:00,26010.0,26240.26802048804,-230.26802048804166,230.26802048804166,53023.36125948117
2001-09-15 10:00:00,26950.0,27090.125078144054,-140.125078144054,140.125078144054,19635.037524877236
2001-09-15 11:00:00,26982.0,27296.815995718964,-314.8159957189637,314.8159957189637,99109.11116052256
2001-09-15 12:00:00,26826.0,26777.27846214464,48.7215378553592,48.7215378553592,2373.7882509911997
2001-09-15 13:00:00,26563.0,26485.945654421255,77.05434557874469,77.05434557874469,5937.372172568611
2001-09-15 14:00:00,26214.0,26255.238247277535,-41.238247277535265,41.238247277535265,1700.5930385231447
2001-09-15 15:00:00,25964.0,25952.808218679125,11.191781320874725,11.191781320874725,125.2559691342804
2001-09-15 16:00:00,26111.0,25976.56409444309,134.43590555691117,134.43590555691117,18073.012702906737
2001-09-15 17:00:00,26084.0,26136.373983260753,-52.37398326075345,52.37398326075345,2743.034122597682
2001-09-15 18:00:00,26044.0,26257.16491460593,-213.1649146059317,213.1649146059317,45439.280818954154
2001-09-15 19:00:00,26894.0,26687.080177357544,206.91982264245598,206.91982264245598,42815.81300238544
2001-09-15 20:00:00,27510.0,27336.459436914738,173.54056308526197,173.54056308526197,30116.327035949787
2001-09-15 21:00:00,26461.0,26867.749709680556,-406.7497096805564,406.7497096805564,165445.3263252169
2001-09-15 22:00:00,24726.0,24831.944573182955,-105.94457318295463,105.94457318295463,11224.252586918428
2001-09-15 23:00:00,22853.0,22914.00467594821,-61.004675948210206,61.004675948210206,3721.570487546137
2001-09-16 00:00:00,21098.0,21239.149032031306,-141.14903203130598,141.14903203130598,19923.04924337464
2001-09-16 01:00:00,19939.0,20148.02822261699,-209.02822261699112,209.02822261699112,43692.7978504184
2001-09-16 02:00:00,19414.0,19389.93933758484,24.06066241515873,24.06066241515873,578.915475856232
2001-09-16 03:00:00,19023.0,19092.78339261374,-69.78339261373912,69.78339261373912,4869.72188468326
2001-09-16 04:00:00,19056.0,18961.041499705872,94.95850029412759,94.95850029412759,9017.11677810983
2001-09-16 05:00:00,19211.0,19269.46014911107,-58.46014911106977,58.46014911106977,3417.589034088511
2001-09-16 06:00:00,19814.0,19727.58036207252,86.41963792747993,86.41963792747993,7468.353819516727
2001-09-16 07:00:00,20493.0,20596.763553518696,-103.76355351869643,103.76355351869643,10766.875038827378
2001-09-16 08:00:00,22376.0,22254.39964759625,121.60035240375146,121.60035240375146,14786.645704716542
2001-09-16 09:00:00,24018.0,23909.819929582336,108.18007041766396,108.18007041766396,11702.927635570732
2001-09-16 10:00:00,24889.0,24892.008154200328,-3.0081542003281356,3.0081542003281356,9.048991692951805
2001-09-16 11:00:00,25412.0,25253.23114345942,158.7688565405806,158.7688565405806,25207.549807203464
2001-09-16 12:00:00,25804.0,25499.06018276538,304.9398172346191,304.9398172346191,92988.29213508291
2001-09-16 13:00:00,25974.0,25643.22513784016,330.77486215984027,330.77486215984027,109412.00943686134
2001-09-16 14:00:00,25934.0,25836.58039103521,97.4196089647885,97.4196089647885,9490.580210852298
2001-09-16 15:00:00,26193.0,25866.783413457117,326.2165865428833,326.2165865428833,106417.26133569048
2001-09-16 16:00:00,26514.0,26417.120644316266,96.87935568373359,96.87935568373359,9385.609557695365
2001-09-16 17:00:00,26910.0,26583.0537535918,326.94624640819893,326.94624640819893,106893.84804041074
2001-09-16 18:00:00,26927.0,27094.304429329364,-167.3044293293642,167.3044293293642,27990.772073224223
2001-09-16 19:00:00,28132.0,27744.05538554748,387.9446144525209,387.9446144525209,150501.0238827151
2001-09-16 20:00:00,28879.0,28199.177014929937,679.8229850700627,679.8229850700627,462159.29102957074
2001-09-16 21:00:00,27368.0,27834.96642626105,-466.9664262610495,466.9664262610495,218057.64325501618
2001-09-16 22:00:00,25153.0,25536.463084759587,-383.4630847595872,383.4630847595872,147043.93737333838
2001-09-16 23:00:00,23096.0,23167.498583862533,-71.49858386253254,71.49858386253254,5112.047494347598
2001-09-17 00:00:00,21498.0,21441.337220825608,56.6627791743922,56.6627791743922,3210.6705437659343
2001-09-17 01:00:00,20585.0,20517.49606884562,67.50393115438055,67.50393115438055,4556.780721295349
2001-09-17 02:00:00,20077.0,20196.964756460264,-119.96475646026374,119.96475646026374,14391.542792570392
2001-09-17 03:00:00,20056.0,19897.625336454294,158.37466354570643,158.37466354570643,25082.534053215713
2001-09-17 04:00:00,20562.0,20464.783502433856,97.21649756614352,97.21649756614352,9451.047399027988
2001-09-17 05:00:00,22345.0,22270.082585499193,74.91741450080735,74.91741450080735,5612.61899548578
2001-09-17 06:00:00,25868.0,25992.018385626976,-124.01838562697594,124.01838562697594,15380.559973521313
2001-09-17 07:00:00,28243.0,28354.494642319518,-111.49464231951788,111.49464231951788,12431.055265957228
2001-09-17 08:00:00,29461.0,29608.230031817635,-147.23003181763488,147.23003181763488,21676.682269021778
2001-09-17 09:00:00,30552.0,30394.700958463676,157.29904153632378,157.29904153632378,24742.988468246116
2001-09-17 10:00:00,31624.0,31313.51845240707,310.48154759293175,310.48154759293175,96398.79139570195
2001-09-17 11:00:00,32236.0,32095.691097214938,140.30890278506195,140.30890278506195,19686.588200747963
2001-09-17 12:00:00,32559.0,32318.80520395019,240.19479604981098,240.19479604981098,57693.54004941029
2001-09-17 13:00:00,33003.0,32642.662373185623,360.33762681437656,360.33762681437656,129843.20529821691
2001-09-17 14:00:00,33184.0,32998.811415123826,185.188584876174,185.188584876174,34294.8119684399
2001-09-17 15:00:00,33292.0,33129.2877810078,162.7122189922011,162.7122189922011,26475.266209366004
2001-09-17 16:00:00,33306.0,33216.60482111564,89.3951788843624,89.3951788843624,7991.498007767153
2001-09-17 17:00:00,32955.0,32913.66530407613,41.33469592386973,41.33469592386973,1708.5570871187729
2001-09-17 18:00:00,32192.0,32457.621361989113,-265.6213619891132,265.6213619891132,70554.70794495151
2001-09-17 19:00:00,32826.0,32172.83353564698,653.1664643530203,653.1664643530203,426626.43015542533
2001-09-17 20:00:00,32841.0,32633.50094199909,207.49905800091074,207.49905800091074,43055.85907126532
2001-09-17 21:00:00,30716.0,31503.332638353448,-787.3326383534477,787.3326383534477,619892.6834166008
2001-09-17 22:00:00,27795.0,28003.737900972068,-208.73790097206802,208.73790097206802,43571.51130222488
2001-09-17 23:00:00,24975.0,25210.351380167747,-235.35138016774727,235.35138016774727,55390.2721468635
2001-09-18 00:00:00,23088.0,23253.150424501753,-165.15042450175315,165.15042450175315,27274.66271310927
2001-09-18 01:00:00,22009.0,22078.7617590068,-69.76175900680028,69.76175900680028,4866.70301972288
2001-09-18 02:00:00,21482.0,21483.564278924576,-1.564278924575774,1.564278924575774,2.44696855387194
2001-09-18 03:00:00,21138.0,21148.309967291298,-10.309967291297653,10.309967291297653,106.29542554762746
2001-09-18 04:00:00,21422.0,21413.559936220197,8.440063779802585,8.440063779802585,71.23467660713551
2001-09-18 05:00:00,23173.0,23064.747092538426,108.25290746157407,108.25290746157407,11718.691973884119
2001-09-18 06:00:00,26363.0,26560.989046316703,-197.98904631670302,197.98904631670302,39199.66246139757
2001-09-18 07:00:00,28368.0,28963.599946320457,-595.5999463204571,595.5999463204571,354739.2960569314
2001-09-18 08:00:00,29886.0,29907.678122801262,-21.67812280126236,21.67812280126236,469.9410081866111
2001-09-18 09:00:00,30971.0,30847.337528786567,123.66247121343258,123.66247121343258,15292.406786613043
2001-09-18 10:00:00,32059.0,31748.754382208557,310.2456177914428,310.2456177914428,96252.343358794
2001-09-18 11:00:00,32754.0,32634.984477556274,119.01552244372579,119.01552244372579,14164.694582552997
2001-09-18 12:00:00,33129.0,33193.278583303654,-64.27858330365416,64.27858330365416,4131.736271524807
2001-09-18 13:00:00,33607.0,33455.7829850511,151.21701494890294,151.21701494890294,22866.585610056736
2001-09-18 14:00:00,33759.0,33819.44467536709,-60.444675367092714,60.444675367092714,3653.5587802332248
2001-09-18 15:00:00,33419.0,34009.68363875058,-590.6836387505828,590.6836387505828,348907.161087629
2001-09-18 16:00:00,33312.0,33186.74397597648,125.25602402351797,125.25602402351797,15689.07155418011
2001-09-18 17:00:00,32865.0,32992.107688472955,-127.10768847295549,127.10768847295549,16156.364468937902
2001-09-18 18:00:00,32181.0,32236.336051511673,-55.33605151167285,55.33605151167285,3062.078596902511
2001-09-18 19:00:00,32963.0,31924.667250944847,1038.3327490551528,1038.3327490551528,1078134.897760431
2001-09-18 20:00:00,33181.0,32865.91424133984,315.08575866016326,315.08575866016326,99279.03531045065
2001-09-18 21:00:00,31268.0,31813.61657074142,-545.6165707414184,545.6165707414184,297697.44226762524
2001-09-18 22:00:00,28251.0,28617.105704764625,-366.10570476462453,366.10570476462453,134033.38706120243
2001-09-18 23:00:00,25495.0,25595.691749278623,-100.69174927862332,100.69174927862332,10138.82837278914
2001-09-19 00:00:00,23575.0,23493.01511362172,81.98488637827904,81.98488637827904,6721.521594459325
2001-09-19 01:00:00,22504.0,22573.14992769681,-69.14992769680975,69.14992769680975,4781.712500474016
2001-09-19 02:00:00,21755.0,21897.11450550253,-142.11450550252994,142.11450550252994,20196.532674228612
2001-09-19 03:00:00,21498.0,21438.881845801687,59.11815419831328,59.11815419831328,3494.9561558155456
2001-09-19 04:00:00,21924.0,21758.677736882863,165.32226311713748,165.32226311713748,27331.450682172035
2001-09-19 05:00:00,23566.0,23400.774883903534,165.22511609646608,165.22511609646608,27299.338989090695
2001-09-19 06:00:00,27070.0,27122.27434928579,-52.274349285791686,52.274349285791686,2732.6075932529498
2001-09-19 07:00:00,29005.0,29820.612464185404,-815.612464185404,815.612464185404,665223.6917345868
2001-09-19 08:00:00,30242.0,30416.33337636949,-174.33337636949,174.33337636949,30392.126116386255
2001-09-19 09:00:00,31552.0,31323.65902864539,228.3409713546098,228.3409713546098,52139.59919916673
2001-09-19 10:00:00,32905.0,32384.89054403449,520.1094559655103,520.1094559655103,270513.8461847391
2001-09-19 11:00:00,33688.0,33635.44284711439,52.55715288560896,52.55715288560896,2762.2543194412738
2001-09-19 12:00:00,33967.0,34133.15455546182,-166.15455546182056,166.15455546182056,27607.336300715207
2001-09-19 13:00:00,34368.0,34356.76301883132,11.236981168680359,11.236981168680359,126.269745785277
2001-09-19 14:00:00,34719.0,34687.58796274659,31.412037253408926,31.412037253408926,986.7160844095501
2001-09-19 15:00:00,34601.0,34765.239327965865,-164.2393279658645,164.2393279658645,26974.556850678804
2001-09-19 16:00:00,34522.0,34420.27852139547,101.7214786045297,101.7214786045297,10347.259209491793
2001-09-19 17:00:00,33806.0,34181.28451829442,-375.284518294422,375.284518294422,140838.46967147637
2001-09-19 18:00:00,32949.0,33408.436199505966,-459.4361995059662,459.4361995059662,211081.62141648598
2001-09-19 19:00:00,33929.0,32467.671390414725,1461.3286095852745,1461.3286095852745,2135481.305192432
2001-09-19 20:00:00,33894.0,34006.32211788092,-112.32211788091809,112.32211788091809,12616.258165254858
2001-09-19 21:00:00,31978.0,32728.275520139967,-750.2755201399668,750.2755201399668,562913.3561212978
2001-09-19 22:00:00,29072.0,29433.839675763207,-361.8396757632072,361.8396757632072,130927.95095642291
2001-09-19 23:00:00,26541.0,26362.73844258288,178.26155741712137,178.26155741712137,31777.182852777656
2001-09-20 00:00:00,24546.0,24359.748987997926,186.25101200207428,186.25101200207428,34689.43947179682
2001-09-20 01:00:00,23490.0,23407.97273899515,82.0272610048487,82.0272610048487,6728.471547957572
2001-09-20 02:00:00,22902.0,22820.21104572963,81.7889542703706,81.7889542703706,6689.433040640773
2001-09-20 03:00:00,22608.0,22566.337074982308,41.66292501769203,41.66292501769203,1735.7993210298287
2001-09-20 04:00:00,23091.0,22763.079373507484,327.920626492516,327.920626492516,107531.9372792442
2001-09-20 05:00:00,25043.0,24598.227348237615,444.77265176238507,444.77265176238507,197822.71175574386
2001-09-20 06:00:00,28919.0,28436.39745277449,482.6025472255096,482.6025472255096,232905.21858855025
2001-09-20 07:00:00,31293.0,31231.150193398335,61.84980660166548,61.84980660166548,3825.3985766634223
2001-09-20 08:00:00,32596.0,32519.051985162703,76.9480148372968,76.9480148372968,5920.9969874008475
2001-09-20 09:00:00,33480.0,33883.92174102457,-403.9217410245692,403.9217410245692,163152.77287231915
2001-09-20 10:00:00,34156.0,33965.19279931953,190.8072006804723,190.8072006804723,36407.38783151803
2001-09-20 11:00:00,34400.0,34514.378636370035,-114.37863637003466,114.37863637003466,13082.472457868615
2001-09-20 12:00:00,34155.0,34665.506787915954,-510.5067879159542,510.5067879159542,260617.18050826504
2001-09-20 13:00:00,34110.0,34234.50174972744,-124.50174972743844,124.50174972743844,15500.685685193717
2001-09-20 14:00:00,33897.0,34064.57346173906,-167.57346173906262,167.57346173906262,28080.865079213083
2001-09-20 15:00:00,33681.0,33767.65827304774,-86.65827304773848,86.65827304773848,7509.656287616397
2001-09-20 16:00:00,33688.0,33624.21674968953,63.783250310472795,63.783250310472795,4068.303020168428
2001-09-20 17:00:00,33564.0,33889.16169221129,-325.161692211288,325.161692211288,105730.12608170841
2001-09-20 18:00:00,33378.0,33770.245983461835,-392.24598346183484,392.24598346183484,153856.911541942
2001-09-20 19:00:00,34309.0,33165.74796679224,1143.252033207762,1143.252033207762,1307025.2114336817
2001-09-20 20:00:00,34119.0,33951.06318342888,167.9368165711203,167.9368165711203,28202.7743600421
2001-09-20 21:00:00,32027.0,32576.94437562015,-549.9443756201508,549.9443756201508,302438.81627623754
2001-09-20 22:00:00,29719.0,29525.922471909773,193.07752809022713,193.07752809022713,37278.93185343245
2001-09-20 23:00:00,26931.0,27060.191138225804,-129.19113822580402,129.19113822580402,16690.3501960788
2001-09-21 00:00:00,24888.0,24864.193057763863,23.80694223613682,23.80694223613682,566.7704986347552
2001-09-21 01:00:00,23714.0,23489.64178439516,224.35821560483964,224.35821560483964,50336.60890938771
2001-09-21 02:00:00,23005.0,23107.190131775387,-102.19013177538727,102.19013177538727,10442.823032271015
2001-09-21 03:00:00,22819.0,22699.220485045655,119.77951495434536,119.77951495434536,14347.132202698243
2001-09-21 04:00:00,23194.0,23084.816167399837,109.18383260016344,109.18383260016344,11921.109301260512
2001-09-21 05:00:00,24858.0,24753.72041597868,104.27958402131844,104.27958402131844,10874.231643659212
2001-09-21 06:00:00,28487.0,28043.37208300313,443.6279169968693,443.6279169968693,196805.72873898118
2001-09-21 07:00:00,31004.0,30789.536043178934,214.46395682106595,214.46395682106595,45994.78877534804
2001-09-21 08:00:00,32284.0,32247.67939160296,36.320608397039905,36.320608397039905,1319.1865943311257
2001-09-21 09:00:00,33395.0,33264.755485476904,130.24451452309586,130.24451452309586,16963.63356335693
2001-09-21 10:00:00,34468.0,34022.02389476391,445.9761052360918,445.9761052360918,198894.68644155364
2001-09-21 11:00:00,35143.0,34949.271383171144,193.7286168288556,193.7286168288556,37530.77697842155
2001-09-21 12:00:00,35646.0,35660.1533275218,-14.153327521802566,14.153327521802566,200.31667993941397
2001-09-21 13:00:00,36122.0,36003.930107246655,118.0698927533449,118.0698927533449,13940.499574786367
2001-09-21 14:00:00,36400.0,36367.17316328112,32.82683671887935,32.82683671887935,1077.6012089679655
2001-09-21 15:00:00,36305.0,36453.837192157225,-148.83719215722522,148.83719215722522,22152.509769246783
2001-09-21 16:00:00,36026.0,35954.16880506663,71.8311949333729,71.8311949333729,5159.720565556217
2001-09-21 17:00:00,35241.0,35431.526067844585,-190.52606784458476,190.52606784458476,36300.18252831932
2001-09-21 18:00:00,34327.0,34645.710138420145,-318.7101384201451,318.7101384201451,101576.15233178803
2001-09-21 19:00:00,34614.0,33891.99419376019,722.0058062398093,722.0058062398093,521292.38424399705
2001-09-21 20:00:00,34089.0,34466.9514485413,-377.95144854130194,377.95144854130194,142847.2974544684
2001-09-21 21:00:00,32368.0,32878.60778709182,-510.6077870918234,510.6077870918234,260720.31223880887
2001-09-21 22:00:00,30151.0,29812.586515023944,338.41348497605577,338.41348497605577,114523.68681363913
2001-09-21 23:00:00,27706.0,27555.200719751992,150.79928024800756,150.79928024800756,22740.422923317125
2001-09-22 00:00:00,25214.0,25695.75388883323,-481.75388883323103,481.75388883323103,232086.8094059411
2001-09-22 01:00:00,23818.0,23970.375456879872,-152.37545687987222,152.37545687987222,23218.279859349797
2001-09-22 02:00:00,22863.0,23094.27880972324,-231.27880972324056,231.27880972324056,53489.88782699891
2001-09-22 03:00:00,22364.0,22429.454904462993,-65.454904462993,65.454904462993,4284.344518259541
2001-09-22 04:00:00,22202.0,22299.933338923292,-97.93333892329247,97.93333892329247,9590.938872664472
2001-09-22 05:00:00,22660.0,22724.108043016637,-64.10804301663666,64.10804301663666,4109.841179422936
2001-09-22 06:00:00,23690.0,23706.63194226606,-16.631942266059923,16.631942266059923,276.6215035415505
2001-09-22 07:00:00,24840.0,25325.719961867097,-485.7199618670966,485.7199618670966,235923.88135617375
2001-09-22 08:00:00,27007.0,27034.786670199243,-27.786670199242508,27.786670199242508,772.0990407614717
2001-09-22 09:00:00,29116.0,28938.313450501013,177.686549498987,177.686549498987,31572.50987285596
2001-09-22 10:00:00,30627.0,30702.465460152544,-75.46546015254353,75.46546015254353,5695.035676035135
2001-09-22 11:00:00,31654.0,31574.966826109114,79.03317389088625,79.03317389088625,6246.242575267063
2001-09-22 12:00:00,32359.0,32225.53954427789,133.46045572211005,133.46045572211005,17811.693241553297
2001-09-22 13:00:00,32752.0,32379.135281153445,372.86471884655475,372.86471884655475,139028.09856052033
2001-09-22 14:00:00,32867.0,33033.01594854208,-166.01594854208088,166.01594854208088,27561.295170326845
2001-09-22 15:00:00,32938.0,32943.108870170254,-5.108870170253795,5.108870170253795,26.100554416509038
2001-09-22 16:00:00,32757.0,32922.423418459126,-165.42341845912597,165.42341845912597,27364.9073747031
2001-09-22 17:00:00,32313.0,32740.397328294563,-427.3973282945626,427.3973282945626,182668.47623333012
2001-09-22 18:00:00,31634.0,31954.777981840438,-320.77798184043786,320.77798184043786,102898.51363362429
2001-09-22 19:00:00,32572.0,31263.294487104653,1308.705512895347,1308.705512895347,1712710.1194826735
2001-09-22 20:00:00,32259.0,32506.52146699401,-247.52146699401055,247.52146699401055,61266.87662286706
2001-09-22 21:00:00,30865.0,31845.98920474456,-980.989204744561,980.989204744561,962339.8198253663
2001-09-22 22:00:00,28723.0,28821.977706603757,-98.97770660375681,98.97770660375681,9796.586404539365
2001-09-22 23:00:00,26537.0,26649.891451827585,-112.89145182758512,112.89145182758512,12744.47989573997
2001-09-23 00:00:00,24274.0,24546.674227455504,-272.67422745550357,272.67422745550357,74351.2343184557
2001-09-23 01:00:00,23158.0,22986.059020535704,171.9409794642961,171.9409794642961,29563.700419141496
2001-09-23 02:00:00,21982.0,22348.612529057784,-366.61252905778383,366.61252905778383,134404.7464621444
2001-09-23 03:00:00,21472.0,21578.16274256101,-106.16274256100951,106.16274256100951,11270.52790807518
2001-09-23 04:00:00,21160.0,21303.496926216765,-143.49692621676513,143.49692621676513,20591.367833659737
2001-09-23 05:00:00,21314.0,21359.258810689655,-45.25881068965464,45.25881068965464,2048.359945041997
2001-09-23 06:00:00,21743.0,21860.511239994674,-117.51123999467382,117.51123999467382,13808.891525085826
2001-09-23 07:00:00,22282.0,22836.528657958916,-554.5286579589156,554.5286579589156,307502.03249771596
2001-09-23 08:00:00,24316.0,24420.459541526583,-104.45954152658305,104.45954152658305,10911.79581594393
2001-09-23 09:00:00,26394.0,26358.142268999007,35.857731000993226,35.857731000993226,1285.7768725395906
2001-09-23 10:00:00,27881.0,27796.04719124299,84.95280875701064,84.95280875701064,7216.979715705224
2001-09-23 11:00:00,29194.0,28755.057762216213,438.9422377837873,438.9422377837873,192670.28811063885
2001-09-23 12:00:00,30159.0,29753.152567384044,405.84743261595577,405.84743261595577,164712.13856096275
2001-09-23 13:00:00,30820.0,30738.233044245593,81.76695575440681,81.76695575440681,6685.83505334312
2001-09-23 14:00:00,31141.0,31263.116970221894,-122.11697022189401,122.11697022189401,14912.554416174948
2001-09-23 15:00:00,31339.0,31340.811347819355,-1.8113478193554329,1.8113478193554329,3.280980922683682
2001-09-23 16:00:00,31578.0,31335.767346457462,242.23265354253817,242.23265354253817,58676.65844225933
2001-09-23 17:00:00,31609.0,31625.177481224397,-16.177481224396615,16.177481224396615,261.710898765705
2001-09-23 18:00:00,31337.0,31533.788115865525,-196.78811586552547,196.78811586552547,38725.56254590348
2001-09-23 19:00:00,32566.0,30850.039587782885,1715.960412217115,1715.960412217115,2944520.136296331
2001-09-23 20:00:00,32553.0,32405.06618223058,147.93381776941897,147.93381776941897,21884.41443983566
2001-09-23 21:00:00,30992.0,31872.820531829253,-880.820531829253,880.820531829253,775844.8092919681
2001-09-23 22:00:00,28527.0,29193.21283663444,-666.2128366344405,666.2128366344405,443839.54369650764
2001-09-23 23:00:00,26189.0,26385.817399750496,-196.8173997504964,196.8173997504964,38737.088844546706
2001-09-24 00:00:00,24419.0,24285.312906475487,133.68709352451333,133.68709352451333,17872.238975031974
2001-09-24 01:00:00,23461.0,23161.153440370552,299.84655962944817,299.84655962944817,89907.95932161622
2001-09-24 02:00:00,22875.0,22919.60399560453,-44.60399560453152,44.60399560453152,1989.516423889067
2001-09-24 03:00:00,22718.0,22634.904233337285,83.0957666627146,83.0957666627146,6904.906437264311
2001-09-24 04:00:00,23225.0,22958.599125844765,266.4008741552352,266.4008741552352,70969.42575067347
2001-09-24 05:00:00,25032.0,24901.75271575092,130.2472842490788,130.2472842490788,16964.35505426033
2001-09-24 06:00:00,29256.0,28557.40800797257,698.5919920274282,698.5919920274282,488030.7713248503
2001-09-24 07:00:00,31870.0,31607.297776737534,262.70222326246585,262.70222326246585,69012.45810704245
2001-09-24 08:00:00,33019.0,33283.0084383766,-264.0084383766007,264.0084383766007,69700.45553405136
2001-09-24 09:00:00,34405.0,34061.89737940694,343.10262059306115,343.10262059306115,117719.40825782607
2001-09-24 10:00:00,35511.0,35427.82081509504,83.17918490496231,83.17918490496231,6918.776801453911
2001-09-24 11:00:00,36100.0,36191.85319129528,-91.85319129528216,91.85319129528216,8437.008751127698
2001-09-24 12:00:00,36531.0,36486.7293333887,44.27066661130084,44.27066661130084,1959.8919222089469
2001-09-24 13:00:00,37177.0,36941.32902316708,235.6709768329165,235.6709768329165,55540.809321381064
2001-09-24 14:00:00,37238.0,37394.81701193498,-156.81701193498156,156.81701193498156,24591.57523221615
2001-09-24 15:00:00,37075.0,37253.04628122532,-178.04628122531722,178.04628122531722,31700.478258164745
2001-09-24 16:00:00,36920.0,36724.06323872176,195.9367612782371,195.9367612782371,38391.21442020487
2001-09-24 17:00:00,36634.0,36345.60493908269,288.39506091731164,288.39506091731164,83171.71116149989
2001-09-24 18:00:00,36446.0,35928.75173591072,517.2482640892777,517.2482640892777,267545.76670337113
2001-09-24 19:00:00,37175.0,35835.064819189705,1339.9351808102947,1339.9351808102947,1795426.2887731171
2001-09-24 20:00:00,36110.0,36380.880135564126,-270.88013556412625,270.88013556412625,73376.04784323942
2001-09-24 21:00:00,34011.0,34720.83466839559,-709.8346683955897,709.8346683955897,503865.25645627675
2001-09-24 22:00:00,30961.0,31309.130595349092,-348.1305953490919,348.1305953490919,121194.91141811316
2001-09-24 23:00:00,28139.0,28196.47789318678,-57.47789318678042,57.47789318678042,3303.708205190939
2001-09-25 00:00:00,26026.0,26073.410718478168,-47.41071847816784,47.41071847816784,2247.7762266160853
2001-09-25 01:00:00,24842.0,24801.96478176585,40.03521823414849,40.03521823414849,1602.8186990558956
2001-09-25 02:00:00,23934.0,24030.110337632905,-96.1103376329047,96.1103376329047,9237.196999910939
2001-09-25 03:00:00,23527.0,23635.62514111412,-108.6251411141202,108.6251411141202,11799.421282062525
2001-09-25 04:00:00,23631.0,23685.859865270617,-54.859865270616865,54.859865270616865,3009.6048175102346
2001-09-25 05:00:00,25258.0,25193.86291271832,64.13708728168058,64.13708728168058,4113.565964977913
2001-09-25 06:00:00,29085.0,28369.21178381523,715.7882161847701,715.7882161847701,512352.77042897523
2001-09-25 07:00:00,31370.0,31829.853139907562,-459.85313990756185,459.85313990756185,211464.91028284366
2001-09-25 08:00:00,32018.0,33050.9326710459,-1032.932671045899,1032.932671045899,1066949.9029140156
2001-09-25 09:00:00,32587.0,33064.47293055412,-477.47293055411865,477.47293055411865,227980.3994119382
2001-09-25 10:00:00,33007.0,33261.469259259655,-254.4692592596548,254.4692592596548,64754.603908157405
2001-09-25 11:00:00,33279.0,33123.790242362156,155.20975763784372,155.20975763784372,24090.068865998186
2001-09-25 12:00:00,33152.0,33382.90278720896,-230.9027872089573,230.9027872089573,53316.097140865015
2001-09-25 13:00:00,33534.0,33084.29990797952,449.70009202048095,449.70009202048095,202230.17276322903
2001-09-25 14:00:00,33317.0,33897.099760899175,-580.0997608991747,580.0997608991747,336515.7325952797
2001-09-25 15:00:00,32513.0,33428.02727429974,-915.0272742997404,915.0272742997404,837274.9127124123
2001-09-25 16:00:00,32295.0,32628.21118487714,-333.2111848771383,333.2111848771383,111029.69372722643
2001-09-25 17:00:00,31941.0,32249.12557299501,-308.12557299500986,308.12557299500986,94941.36873350316
2001-09-25 18:00:00,31258.0,32110.55953776516,-852.5595377651589,852.5595377651589,726857.7654343414
2001-09-25 19:00:00,32359.0,31221.73100904826,1137.2689909517394,1137.2689909517394,1293380.7577803875
2001-09-25 20:00:00,31724.0,32982.37930100546,-1258.3793010054578,1258.3793010054578,1583518.4651989846
2001-09-25 21:00:00,29751.0,30917.599967725746,-1166.599967725746,1166.599967725746,1360955.4846977114
2001-09-25 22:00:00,27134.0,27455.203013404123,-321.20301340412334,321.20301340412334,103171.37581988944
2001-09-25 23:00:00,24195.0,24868.978286158137,-673.978286158137,673.978286158137,454246.7302126597
2001-09-26 00:00:00,22414.0,22478.64179680797,-64.64179680796951,64.64179680796951,4178.5618945628175
2001-09-26 01:00:00,21452.0,21390.77438758235,61.225612417649245,61.225612417649245,3748.5756159162056
2001-09-26 02:00:00,20857.0,20992.604117652332,-135.6041176523322,135.6041176523322,18388.476724267555
2001-09-26 03:00:00,20647.0,20653.08124680469,-6.081246804689727,6.081246804689727,36.98156269954901
2001-09-26 04:00:00,21109.0,20943.193360204114,165.80663979588644,165.80663979588644,27491.84180040283
2001-09-26 05:00:00,22833.0,22376.14491231816,456.8550876818408,456.8550876818408,208716.57114078247
2001-09-26 06:00:00,26790.0,26116.552469264083,673.4475307359171,673.4475307359171,453531.576654304
2001-09-26 07:00:00,28733.0,29182.679685876345,-449.6796858763446,449.6796858763446,202211.81988984795
2001-09-26 08:00:00,29301.0,29783.706015275184,-482.70601527518374,482.70601527518374,233005.09718284593
2001-09-26 09:00:00,30280.0,29979.447106250977,300.5528937490235,300.5528937490235,90332.0419409118
2001-09-26 10:00:00,30323.0,30940.952518876937,-617.9525188769367,617.9525188769367,381865.31558635074
2001-09-26 11:00:00,30579.0,30457.14289585131,121.85710414869027,121.85710414869027,14849.153831504747
2001-09-26 12:00:00,30557.0,30520.856112422447,36.14388757755296,36.14388757755296,1306.3806092187872
2001-09-26 13:00:00,30499.0,30457.578960156912,41.42103984308778,41.42103984308778,1715.7025416826657
2001-09-26 14:00:00,30423.0,30421.337021083218,1.6629789167818672,1.6629789167818672,2.7654988776609923
2001-09-26 15:00:00,30279.0,30285.389357173808,-6.389357173808094,6.389357173808094,40.82388509449295
2001-09-26 16:00:00,30236.0,30299.653429071666,-63.653429071666324,63.653429071666324,4051.7590325816554
2001-09-26 17:00:00,29983.0,30296.151072270604,-313.15107227060435,313.15107227060435,98063.59406422927
2001-09-26 18:00:00,29913.0,30287.22602366479,-374.22602366478895,374.22602366478895,140045.11678795918
2001-09-26 19:00:00,31423.0,30351.511320204238,1071.4886797957624,1071.4886797957624,1148087.990930466
2001-09-26 20:00:00,30870.0,31149.54005252365,-279.54005252365096,279.54005252365096,78142.64096492554
2001-09-26 21:00:00,29241.0,29419.810725437444,-178.8107254374445,178.8107254374445,31973.27553146516
2001-09-26 22:00:00,26567.0,26717.10182769802,-150.10182769802122,150.10182769802122,22530.558678286452
2001-09-26 23:00:00,24201.0,24063.914621364314,137.08537863568563,137.08537863568563,18792.401035689294
2001-09-27 00:00:00,22382.0,22312.80134115471,69.19865884528917,69.19865884528917,4788.454385986717
2001-09-27 01:00:00,21407.0,21505.62972219758,-98.62972219758012,98.62972219758012,9727.82210077183
2001-09-27 02:00:00,20786.0,20950.210169057787,-164.21016905778743,164.21016905778743,26964.979621987128
2001-09-27 03:00:00,20761.0,20620.462666634266,140.5373333657335,140.5373333657335,19750.74206955131
2001-09-27 04:00:00,21107.0,21119.159087737098,-12.159087737098162,12.159087737098162,147.8434145984509
2001-09-27 05:00:00,22721.0,22707.87732097228,13.12267902772146,13.12267902772146,172.20470486460064
2001-09-27 06:00:00,26225.0,26196.276250655526,28.723749344473617,28.723749344473617,825.0537764041486
2001-09-27 07:00:00,28172.0,28669.914805489978,-497.9148054899779,497.9148054899779,247919.1535261225
2001-09-27 08:00:00,29125.0,29364.920051979814,-239.92005197981416,239.92005197981416,57561.63134199673
2001-09-27 09:00:00,29897.0,29803.76236784082,93.23763215918007,93.23763215918007,8693.256050650569
2001-09-27 10:00:00,30467.0,30278.007654001754,188.99234599824558,188.99234599824558,35718.10684592057
2001-09-27 11:00:00,30750.0,30605.857013208766,144.14298679123385,144.14298679123385,20777.200641097817
2001-09-27 12:00:00,30660.0,30715.054028675244,-55.0540286752439,55.0540286752439,3030.9460733745773
2001-09-27 13:00:00,30807.0,30577.38913882186,229.6108611781383,229.6108611781383,52721.14757096629
2001-09-27 14:00:00,30330.0,30693.491460222813,-363.49146022281275,363.49146022281275,132126.04165491267
2001-09-27 15:00:00,30096.0,30144.430457318373,-48.430457318372646,48.430457318372646,2345.5091960667146
2001-09-27 16:00:00,29910.0,30001.413743658886,-91.41374365888623,91.41374365888623,8356.472529732562
2001-09-27 17:00:00,29742.0,29673.22662211157,68.77337788842851,68.77337788842851,4729.777506184588
2001-09-27 18:00:00,30127.0,29892.539058888986,234.4609411110141,234.4609411110141,54971.93290666243
2001-09-27 19:00:00,31610.0,30963.9318051785,646.0681948214988,646.0681948214988,417404.1123599101
2001-09-27 20:00:00,30901.0,31146.193361046197,-245.19336104619651,245.19336104619651,60119.78430113048
2001-09-27 21:00:00,29206.0,29431.294594916795,-225.29459491679518,225.29459491679518,50757.65449872283
2001-09-27 22:00:00,26567.0,26684.257580611233,-117.2575806112327,117.2575806112327,13749.340210799734
2001-09-27 23:00:00,24032.0,24093.778957847026,-61.778957847025595,61.778957847025595,3816.6396326645654
2001-09-28 00:00:00,22301.0,22237.718081680603,63.28191831939694,63.28191831939694,4004.6011861828256
2001-09-28 01:00:00,21362.0,21436.342436415915,-74.34243641591456,74.34243641591456,5526.7978522543
2001-09-28 02:00:00,20814.0,20870.04735382782,-56.04735382782019,56.04735382782019,3141.3058711008703
2001-09-28 03:00:00,20733.0,20561.94271179099,171.05728820900913,171.05728820900913,29260.595849420013
2001-09-28 04:00:00,20927.0,21076.52224175606,-149.5222417560617,149.5222417560617,22356.90077975816
2001-09-28 05:00:00,22895.0,22637.76097451638,257.23902548362094,257.23902548362094,66171.91623176298
2001-09-28 06:00:00,26600.0,26498.838478859812,101.16152114018769,101.16152114018769,10233.65335939664
2001-09-28 07:00:00,28608.0,29113.423561805892,-505.42356180589195,505.42356180589195,255452.97682855427
2001-09-28 08:00:00,29277.0,29512.53050801231,-235.53050801231075,235.53050801231075,55474.620204537176
2001-09-28 09:00:00,29912.0,30015.019905440568,-103.01990544056753,103.01990544056753,10613.100916983474
2001-09-28 10:00:00,30445.0,30289.99285567485,155.00714432515088,155.00714432515088,24027.214791838152
2001-09-28 11:00:00,30516.0,30561.598515366186,-45.59851536618589,45.59851536618589,2079.224603600291
2001-09-28 12:00:00,30231.0,30471.119017627472,-240.1190176274722,240.1190176274722,57657.14262638231
2001-09-28 13:00:00,30194.0,30136.634879123798,57.36512087620213,57.36512087620213,3290.757093141281
2001-09-28 14:00:00,29950.0,30032.480102314097,-82.48010231409717,82.48010231409717,6802.967277743936
2001-09-28 15:00:00,29497.0,29698.063984953435,-201.06398495343456,201.06398495343456,40426.72604535496
2001-09-28 16:00:00,29292.0,29366.555310549546,-74.55531054954554,74.55531054954554,5558.494331139176
2001-09-28 17:00:00,28911.0,29152.375442476252,-241.37544247625192,241.37544247625192,58262.1042306064
2001-09-28 18:00:00,28961.0,29235.85355598212,-274.8535559821212,274.8535559821212,75544.47723601702
2001-09-28 19:00:00,30039.0,29711.692348490207,327.3076515097928,327.3076515097928,107130.29873685596
2001-09-28 20:00:00,29551.0,30130.926570888045,-579.9265708880448,579.9265708880448,336314.8276219665
2001-09-28 21:00:00,28070.0,28362.534333086503,-292.53433308650347,292.53433308650347,85576.33603436536
2001-09-28 22:00:00,26114.0,26133.095071946143,-19.095071946143435,19.095071946143435,364.621772628394
2001-09-28 23:00:00,23945.0,23922.825522351257,22.17447764874305,22.17447764874305,491.7074589946051
2001-09-29 00:00:00,22154.0,21974.93792535456,179.0620746454406,179.0620746454406,32063.226576329336
2001-09-29 01:00:00,21015.0,21124.404149184553,-109.40414918455281,109.40414918455281,11969.267858795887
2001-09-29 02:00:00,20288.0,20545.142111941805,-257.1421119418046,257.1421119418046,66122.06573389158
2001-09-29 03:00:00,19975.0,19902.32402062673,72.67597937327082,72.67597937327082,5281.797977864086
2001-09-29 04:00:00,19992.0,19971.361713309085,20.638286690915265,20.638286690915265,425.9388775364102
2001-09-29 05:00:00,20588.0,20698.183381182233,-110.18338118223255,110.18338118223255,12140.377488749158
2001-09-29 06:00:00,21727.0,21678.26061475692,48.739385243079596,48.739385243079596,2375.527673873325
2001-09-29 07:00:00,22869.0,23049.78887066269,-180.7888706626909,180.7888706626909,32684.615755491177
2001-09-29 08:00:00,24828.0,24816.137412585605,11.862587414394511,11.862587414394511,140.72098016415106
2001-09-29 09:00:00,26189.0,26072.05719108494,116.9428089150606,116.9428089150606,13675.620556944375
2001-09-29 10:00:00,26845.0,27034.391382060956,-189.39138206095595,189.39138206095595,35869.095598958986
2001-09-29 11:00:00,26715.0,26951.0185137135,-236.0185137135013,236.0185137135013,55704.7388155302
2001-09-29 12:00:00,26305.0,26363.867472209266,-58.86747220926554,58.86747220926554,3465.379284308651
2001-09-29 13:00:00,25887.0,25834.614344567002,52.38565543299774,52.38565543299774,2744.256895144765
2001-09-29 14:00:00,25391.0,25440.90686712671,-49.906867126708676,49.906867126708676,2490.695386402955
2001-09-29 15:00:00,25080.0,25149.42999828614,-69.4299982861412,69.4299982861412,4820.5246620135695
2001-09-29 16:00:00,25117.0,25313.489722466045,-196.48972246604535,196.48972246604535,38608.211034783526
2001-09-29 17:00:00,25182.0,25505.69818908334,-323.6981890833413,323.6981890833413,104780.51761583456
2001-09-29 18:00:00,25692.0,26123.27304542094,-431.27304542094134,431.27304542094134,185996.43970665333
2001-09-29 19:00:00,27250.0,26982.621390173612,267.37860982638813,267.37860982638813,71491.3209926919
2001-09-29 20:00:00,26982.0,27191.4792575549,-209.47925755489996,209.47925755489996,43881.55934575211
2001-09-29 21:00:00,25956.0,26156.13270378813,-200.13270378813104,200.13270378813104,40053.0991255478
2001-09-29 22:00:00,24609.0,24550.580457474844,58.41954252515643,58.41954252515643,3412.8429488485604
2001-09-29 23:00:00,22841.0,22838.718687183245,2.2813128167545074,2.2813128167545074,5.204388167888385
2001-09-30 00:00:00,21091.0,21186.21868498928,-95.2186849892787,95.2186849892787,9066.597971087489
2001-09-30 01:00:00,20137.0,20172.865035798517,-35.865035798517056,35.865035798517056,1286.3007928289098
2001-09-30 02:00:00,19497.0,19597.377068521473,-100.37706852147312,100.37706852147312,10075.55588496451
2001-09-30 03:00:00,19238.0,19262.180858806387,-24.180858806386823,24.180858806386823,584.7139326144152
2001-09-30 04:00:00,19188.0,19090.48338935689,97.51661064310974,97.51661064310974,9509.489351319864
2001-09-30 05:00:00,19491.0,19484.924735311284,6.0752646887158335,6.0752646887158335,36.908841037957494
2001-09-30 06:00:00,20166.0,20164.983580221175,1.016419778825366,1.016419778825366,1.0331091667874057
2001-09-30 07:00:00,21036.0,20930.92560320712,105.07439679287927,105.07439679287927,11040.628861387437
2001-09-30 08:00:00,22876.0,22650.00131165315,225.9986883468482,225.9986883468482,51075.40713449583
2001-09-30 09:00:00,24337.0,24097.331139689963,239.66886031003742,239.66886031003742,57441.16260231223
2001-09-30 10:00:00,24924.0,24955.636090330117,-31.63609033011744,31.63609033011744,1000.8422113753502
2001-09-30 11:00:00,25150.0,25213.68725154315,-63.687251543149614,63.687251543149614,4056.0660091204127
2001-09-30 12:00:00,24913.0,25177.726169368307,-264.7261693683067,264.7261693683067,70079.94474841742
2001-09-30 13:00:00,24755.0,24843.08884595962,-88.08884595962081,88.08884595962081,7759.644782497804
2001-09-30 14:00:00,24884.0,24550.890678368658,333.109321631342,333.109321631342,110961.82015769287
2001-09-30 15:00:00,24936.0,24706.932631580414,229.06736841958627,229.06736841958627,52471.85927467447
2001-09-30 16:00:00,25316.0,25273.40202846497,42.5979715350295,42.5979715350295,1814.5871788991835
2001-09-30 17:00:00,25934.0,25748.44948854157,185.55051145843026,185.55051145843026,34428.99230248506
2001-09-30 18:00:00,26888.0,26562.967636056725,325.0323639432754,325.0323639432754,105646.03761055385
2001-09-30 19:00:00,28295.0,27670.10945073696,624.8905492630402,624.8905492630402,390488.198558264
2001-09-30 20:00:00,28159.0,27927.53275484103,231.46724515896858,231.46724515896858,53577.08558148206
2001-09-30 21:00:00,26859.0,26901.700743883077,-42.70074388307694,42.70074388307694,1823.3535281681327
2001-09-30 22:00:00,24941.0,25004.16964418653,-63.169644186531514,63.169644186531514,3990.403946652995
2001-09-30 23:00:00,22827.0,23124.7925369719,-297.7925369719014,297.7925369719014,88680.39507616128
2001-10-01 00:00:00,21478.0,21249.341293604477,228.65870639552304,228.65870639552304,52284.80401047401
2001-10-01 01:00:00,20543.0,20567.433292622103,-24.43329262210318,24.43329262210318,596.9857883573218
2001-10-01 02:00:00,20205.0,20201.034102582467,3.9658974175326875,3.9658974175326875,15.72834232639244
2001-10-01 03:00:00,20163.0,20044.389060716432,118.61093928356786,118.61093928356786,14068.554917730222
2001-10-01 04:00:00,20709.0,20606.243625345374,102.75637465462569,102.75637465462569,10558.8725321618
2001-10-01 05:00:00,22578.0,22530.455101730826,47.544898269174155,47.544898269174155,2260.5173514261196
2001-10-01 06:00:00,26532.0,26215.412287722665,316.5877122773345,316.5877122773345,100227.77956499634
2001-10-01 07:00:00,29016.0,28952.403886302614,63.59611369738559,63.59611369738559,4044.4656774107953
2001-10-01 08:00:00,29812.0,29680.262007790432,131.7379922095679,131.7379922095679,17354.89859140817
2001-10-01 09:00:00,30368.0,30198.056375179764,169.94362482023644,169.94362482023644,28880.83561704128
2001-10-01 10:00:00,30753.0,30772.129855137096,-19.129855137096456,19.129855137096456,365.95135756629566
2001-10-01 11:00:00,30843.0,30844.278791473098,-1.2787914730979537,1.2787914730979537,1.6353076316680344
2001-10-01 12:00:00,30630.0,30722.25869791459,-92.25869791458899,92.25869791458899,8511.667340895387
2001-10-01 13:00:00,30558.0,30521.713798152436,36.28620184756437,36.28620184756437,1316.688444522184
2001-10-01 14:00:00,30230.0,30410.285826532978,-180.2858265329778,180.2858265329778,32502.979248678967
2001-10-01 15:00:00,30007.0,30060.677643467672,-53.67764346767217,53.67764346767217,2881.2894082425287
2001-10-01 16:00:00,29963.0,29798.57783275514,164.42216724485843,164.42216724485843,27034.649081496194
2001-10-01 17:00:00,29996.0,29840.04124095829,155.95875904171044,155.95875904171044,24323.134521830296
2001-10-01 18:00:00,30180.0,30216.688622529047,-36.68862252904728,36.68862252904728,1346.0550230789156
2001-10-01 19:00:00,31855.0,30933.633099161605,921.3669008383949,921.3669008383949,848916.9659605487
2001-10-01 20:00:00,31334.0,31353.531409855896,-19.531409855895618,19.531409855895618,381.47597095897646
2001-10-01 21:00:00,29586.0,29716.151421269384,-130.15142126938372,130.15142126938372,16939.392458440587
2001-10-01 22:00:00,26926.0,27023.33898564895,-97.33898564894844,97.33898564894844,9474.87812716619
2001-10-01 23:00:00,24364.0,24367.098130535152,-3.0981305351524497,3.0981305351524497,9.598412812844005
2001-10-02 00:00:00,22531.0,22408.353536333492,122.64646366650777,122.64646366650777,15042.155049900011
2001-10-02 01:00:00,21507.0,21580.580251661926,-73.58025166192601,73.58025166192601,5414.053434632366
2001-10-02 02:00:00,21124.0,21104.035668683715,19.964331316285097,19.964331316285097,398.57452490640185
2001-10-02 03:00:00,20908.0,20971.022053255256,-63.02205325525574,63.02205325525574,3971.7791965082906
2001-10-02 04:00:00,21387.0,21307.172177194218,79.82782280578249,79.82782280578249,6372.481293911407
2001-10-02 05:00:00,23255.0,23340.049129106563,-85.04912910656276,85.04912910656276,7233.354361784781
2001-10-02 06:00:00,27250.0,27054.488525469333,195.51147453066733,195.51147453066733,38224.73667315578
2001-10-02 07:00:00,29130.0,29595.591096833832,-465.5910968338321,465.5910968338321,216775.06945093084
2001-10-02 08:00:00,29697.0,29893.937243731518,-196.9372437315178,196.9372437315178,38784.27796856725
2001-10-02 09:00:00,30037.0,30111.46778742088,-74.46778742087918,74.46778742087918,5545.4513633612505
2001-10-02 10:00:00,30835.0,30483.46670359322,351.5332964067784,351.5332964067784,123575.65848261591
2001-10-02 11:00:00,31175.0,30932.009304750027,242.99069524997321,242.99069524997321,59044.477978065355
2001-10-02 12:00:00,31238.0,31136.611415630912,101.38858436908777,101.38858436908777,10279.645040367628
2001-10-02 13:00:00,31599.0,31147.74361353281,451.25638646719017,451.25638646719017,203632.3263274261
2001-10-02 14:00:00,31731.0,31488.705425511613,242.2945744883873,242.2945744883873,58706.66082650866
2001-10-02 15:00:00,31537.0,31546.488678019596,-9.488678019595682,9.488678019595682,90.03501055955823
2001-10-02 16:00:00,31483.0,31391.782926662607,91.21707333739323,91.21707333739323,8320.554468239376
2001-10-02 17:00:00,31198.0,31392.96240569821,-194.9624056982102,194.9624056982102,38010.33963563351
2001-10-02 18:00:00,31079.0,31002.707333313818,76.2926666861822,76.2926666861822,5820.570990088895
2001-10-02 19:00:00,32559.0,30980.630542816234,1578.369457183766,1578.369457183766,2491250.1433705757
2001-10-02 20:00:00,31943.0,31903.5011825313,39.49881746869869,39.49881746869869,1560.1565814255769
2001-10-02 21:00:00,30100.0,30446.02317755973,-346.02317755973127,346.02317755973127,119732.03940853331
2001-10-02 22:00:00,27145.0,27426.478686698516,-281.47868669851596,281.47868669851596,79230.2510655213
2001-10-02 23:00:00,24521.0,24704.75153739881,-183.7515373988099,183.7515373988099,33764.62749642623
2001-10-03 00:00:00,22634.0,22542.969024259524,91.0309757404757,91.0309757404757,8286.638544263074
2001-10-03 01:00:00,21663.0,21687.498027618,-24.49802761799947,24.49802761799947,600.1533571722647
2001-10-03 02:00:00,21134.0,21176.582213152175,-42.58221315217452,42.58221315217452,1813.2448769372245
2001-10-03 03:00:00,20854.0,20914.322068367997,-60.32206836799742,60.32206836799742,3638.7519321933546
2001-10-03 04:00:00,21146.0,21275.8766823495,-129.87668234949888,129.87668234949888,16867.952618112635
2001-10-03 05:00:00,22987.0,22787.70443601072,199.2955639892789,199.2955639892789,39718.72182580476
2001-10-03 06:00:00,26883.0,26730.427306788835,152.57269321116473,152.57269321116473,23278.42671370819
2001-10-03 07:00:00,28985.0,29301.98734751518,-316.98734751517986,316.98734751517986,100480.97848470941
2001-10-03 08:00:00,29749.0,29891.294609228506,-142.29460922850558,142.29460922850558,20247.755815493107
2001-10-03 09:00:00,30439.0,30209.21313694781,229.78686305219162,229.78686305219162,52802.002431366665
2001-10-03 10:00:00,31482.0,30896.92682273613,585.0731772638683,585.0731772638683,342310.62275363784
2001-10-03 11:00:00,32389.0,31961.864758363587,427.1352416364134,427.1352416364134,182444.51464779727
2001-10-03 12:00:00,32759.0,32642.647134598814,116.35286540118614,116.35286540118614,13537.989287066537
2001-10-03 13:00:00,33339.0,33136.14675549829,202.85324450171174,202.85324450171174,41149.43880487124
2001-10-03 14:00:00,33490.0,33471.90546431976,18.09453568024037,18.09453568024037,327.4122214834918
2001-10-03 15:00:00,33537.0,33469.84006675372,67.15993324627925,67.15993324627925,4510.456633644685
2001-10-03 16:00:00,33451.0,33402.417630060445,48.582369939555065,48.582369939555065,2360.246668943784
2001-10-03 17:00:00,32921.0,33131.486548209934,-210.48654820993397,210.48654820993397,44304.58697733286
2001-10-03 18:00:00,32446.0,32317.4283004426,128.57169955740028,128.57169955740028,16530.681927078404
2001-10-03 19:00:00,34004.0,32015.58758374343,1988.4124162565713,1988.4124162565713,3953783.9371232963
2001-10-03 20:00:00,33262.0,33569.49303139741,-307.49303139741096,307.49303139741096,94551.96435796916
2001-10-03 21:00:00,31263.0,31810.47953763727,-547.4795376372713,547.4795376372713,299733.8441315203
2001-10-03 22:00:00,28369.0,28589.272266454944,-220.27226645494375,220.27226645494375,48519.87136919774
2001-10-03 23:00:00,25512.0,25635.57290954882,-123.57290954882046,123.57290954882046,15270.263974360963
2001-10-04 00:00:00,23518.0,23540.31332448011,-22.31332448011017,22.31332448011017,497.8844493546837
2001-10-04 01:00:00,22258.0,22557.2440907247,-299.2440907247001,299.2440907247001,89547.02583365253
2001-10-04 02:00:00,21679.0,21739.781550880245,-60.78155088024505,60.78155088024505,3694.3969274078177
2001-10-04 03:00:00,21448.0,21316.909161139636,131.09083886036387,131.09083886036387,17184.808033113888
2001-10-04 04:00:00,21701.0,21711.315794191687,-10.315794191687019,10.315794191687019,106.41560980524363
2001-10-04 05:00:00,23513.0,23254.499875720736,258.5001242792641,258.5001242792641,66822.314252395
2001-10-04 06:00:00,27353.0,27088.04081845197,264.95918154803076,264.95918154803076,70203.36788660233
2001-10-04 07:00:00,29389.0,29831.448123291793,-442.4481232917933,442.4481232917933,195760.34180442992
2001-10-04 08:00:00,30133.0,30594.075347006536,-461.0753470065356,461.0753470065356,212590.47561719723
2001-10-04 09:00:00,31331.0,31187.105253802572,143.8947461974276,143.8947461974276,20705.697983222104
2001-10-04 10:00:00,32637.0,32108.69558333649,528.3044166635118,528.3044166635118,279105.5566661735
2001-10-04 11:00:00,33541.0,33185.85114261129,355.1488573887109,355.1488573887109,126130.71090450691
2001-10-04 12:00:00,33694.0,33831.47371462419,-137.4737146241896,137.4737146241896,18899.02221257312
2001-10-04 13:00:00,34171.0,33978.196295794754,192.8037042052456,192.8037042052456,37173.26835526384
2001-10-04 14:00:00,34123.0,34449.414995545536,-326.41499554553593,326.41499554553593,106546.74931699224
2001-10-04 15:00:00,34133.0,34191.3907259942,-58.390725994198874,58.390725994198874,3409.476882129612
2001-10-04 16:00:00,34023.0,34003.807694601244,19.192305398755707,19.192305398755707,368.34458651910745
2001-10-04 17:00:00,33367.0,33690.5644051925,-323.56440519249736,323.56440519249736,104693.92430757462
2001-10-04 18:00:00,32867.0,32747.60438342526,119.39561657474042,119.39561657474042,14255.313257262429
2001-10-04 19:00:00,34055.0,32470.537261025336,1584.4627389746638,1584.4627389746638,2510522.1711990936
2001-10-04 20:00:00,33177.0,33955.05758078996,-778.0575807899586,778.0575807899586,605373.5990247229
2001-10-04 21:00:00,31094.0,32105.441056611297,-1011.4410566112965,1011.4410566112965,1023013.010998976
2001-10-04 22:00:00,28224.0,28588.319504809693,-364.31950480969317,364.31950480969317,132728.70158478004
2001-10-04 23:00:00,25291.0,25726.23213503003,-435.2321350300299,435.2321350300299,189427.01136279816
2001-10-05 00:00:00,23327.0,23442.103624184765,-115.10362418476507,115.10362418476507,13248.844300467634
2001-10-05 01:00:00,22028.0,22343.719758735493,-315.7197587354931,315.7197587354931,99678.96605599797
2001-10-05 02:00:00,21551.0,21523.01211083209,27.987889167910907,27.987889167910907,783.3219400752647
2001-10-05 03:00:00,21234.0,21224.727779834357,9.272220165643375,9.272220165643375,85.97406680016367
2001-10-05 04:00:00,21299.0,21540.737307760457,-241.73730776045704,241.73730776045704,58436.92596327393
2001-10-05 05:00:00,23030.0,22611.796830885778,418.20316911422196,418.20316911422196,174893.89065717853
2001-10-05 06:00:00,26755.0,26512.393637401186,242.60636259881358,242.60636259881358,58857.84717342701
2001-10-05 07:00:00,28728.0,29438.706032720984,-710.7060327209838,710.7060327209838,505103.06494600006
2001-10-05 08:00:00,29675.0,30141.36061784057,-466.36061784057165,466.36061784057165,217492.2258726397
2001-10-05 09:00:00,30624.0,30441.955795074697,182.04420492530335,182.04420492530335,33140.09254688584
2001-10-05 10:00:00,31865.0,31256.880173273035,608.1198267269647,608.1198267269647,369809.72365843353
2001-10-05 11:00:00,32649.0,32382.127606776434,266.8723932235662,266.8723932235662,71220.87426487372
2001-10-05 12:00:00,32834.0,33083.03094498573,-249.03094498573046,249.03094498573046,62016.41156048591
2001-10-05 13:00:00,33275.0,33115.403850557224,159.59614944277564,159.59614944277564,25470.930916960777
2001-10-05 14:00:00,33400.0,33437.572537646425,-37.57253764642519,37.57253764642519,1411.6955851920382
2001-10-05 15:00:00,33313.0,33367.09826501296,-54.09826501295902,54.09826501295902,2926.6222774123457
2001-10-05 16:00:00,33034.0,33159.533095483406,-125.53309548340621,125.53309548340621,15758.558061645981
2001-10-05 17:00:00,32097.0,32593.374461605465,-496.3744616054646,496.3744616054646,246387.60613411485
2001-10-05 18:00:00,31493.0,31728.895188901417,-235.895188901417,235.895188901417,55646.54014683521
2001-10-05 19:00:00,32341.0,31250.51030590906,1090.4896940909384,1090.4896940909384,1189167.7729185484
2001-10-05 20:00:00,31298.0,32426.60918696361,-1128.6091869636111,1128.6091869636111,1273758.6968986634
2001-10-05 21:00:00,29861.0,30116.342721313158,-255.3427213131581,255.3427213131581,65199.90532760913
2001-10-05 22:00:00,27562.0,27510.993702722615,51.006297277384874,51.006297277384874,2601.6423619489597
2001-10-05 23:00:00,25221.0,25204.1535250579,16.84647494210003,16.84647494210003,283.8037179748042
2001-10-06 00:00:00,23372.0,23171.418465624385,200.58153437561486,200.58153437561486,40232.95193247597
2001-10-06 01:00:00,22183.0,22239.791170316403,-56.79117031640271,56.79117031640271,3225.2370259066606
2001-10-06 02:00:00,21396.0,21527.73114857849,-131.7311485784885,131.7311485784885,17353.095505807814
2001-10-06 03:00:00,21013.0,21103.009388296887,-90.00938829688675,90.00938829688675,8101.689981579734
2001-10-06 04:00:00,20936.0,21027.64616156301,-91.64616156301054,91.64616156301054,8399.01892923343
2001-10-06 05:00:00,21541.0,21428.91619243944,112.08380756056067,112.08380756056067,12562.779917272797
2001-10-06 06:00:00,22656.0,22546.232691425233,109.7673085747665,109.7673085747665,12048.862031748007
2001-10-06 07:00:00,24052.0,24103.144399475084,-51.144399475084356,51.144399475084356,2615.749597667009
2001-10-06 08:00:00,26039.0,26106.28759014807,-67.28759014806928,67.28759014806928,4527.619787934551
2001-10-06 09:00:00,27510.0,27599.402114161534,-89.40211416153397,89.40211416153397,7992.7380165519535
2001-10-06 10:00:00,27889.0,28496.764013866716,-607.7640138667157,607.7640138667157,369377.0965513814
2001-10-06 11:00:00,27458.0,28167.238089685277,-709.2380896852774,709.2380896852774,503018.6678604215
2001-10-06 12:00:00,26824.0,27257.73130681625,-433.73130681625116,433.73130681625116,188122.846512533
2001-10-06 13:00:00,26170.0,26521.85296439093,-351.85296439093145,351.85296439093145,123800.50855068608
2001-10-06 14:00:00,25582.0,25876.27033884115,-294.2703388411501,294.2703388411501,86595.03232168528
2001-10-06 15:00:00,25264.0,25496.950194468674,-232.95019446867445,232.95019446867445,54265.793102993244
2001-10-06 16:00:00,25272.0,25883.23688971076,-611.236889710759,611.236889710759,373610.53534328257
2001-10-06 17:00:00,25161.0,26443.03383587286,-1282.0338358728586,1282.0338358728586,1643610.7563228759
2001-10-06 18:00:00,25724.0,26546.37769028829,-822.3776902882892,822.3776902882892,676305.0654839013
2001-10-06 19:00:00,27207.0,27385.527056814124,-178.52705681412408,178.52705681412408,31871.91001471349
2001-10-06 20:00:00,26870.0,27744.210506985914,-874.2105069859135,874.2105069859135,764244.0105245679
2001-10-06 21:00:00,25839.0,26357.292032337256,-518.2920323372564,518.2920323372564,268626.6307842836
2001-10-06 22:00:00,24484.0,24628.821243857805,-144.8212438578048,144.8212438578048,20973.192672521764
2001-10-06 23:00:00,22756.0,22876.948074324944,-120.94807432494417,120.94807432494417,14628.43668291222
2001-10-07 00:00:00,21361.0,21311.646399727742,49.35360027225761,49.35360027225761,2435.7778598337864
2001-10-07 01:00:00,20248.0,20317.35473451953,-69.3547345195293,69.3547345195293,4810.079200274389
2001-10-07 02:00:00,19612.0,19686.43719376386,-74.4371937638607,74.4371937638607,5540.895815438543
2001-10-07 03:00:00,19309.0,19387.398173851063,-78.3981738510629,78.3981738510629,6146.273663181481
2001-10-07 04:00:00,19299.0,19272.762754345815,26.237245654185244,26.237245654185244,688.3930595180625
2001-10-07 05:00:00,19708.0,19717.041877224565,-9.041877224564814,9.041877224564814,81.7555437441039
2001-10-07 06:00:00,20598.0,20399.982026936388,198.01797306361186,198.01797306361186,39211.117656221315
2001-10-07 07:00:00,21487.0,21590.09433838735,-103.09433838734913,103.09433838734913,10628.442607525247
2001-10-07 08:00:00,23176.0,23218.36621152625,-42.36621152624866,42.36621152624866,1794.895879086845
2001-10-07 09:00:00,24339.0,24384.554038018763,-45.554038018763094,45.554038018763094,2075.1703798149133
2001-10-07 10:00:00,24832.0,25012.99396468949,-180.99396468948908,180.99396468948908,32758.815254020017
2001-10-07 11:00:00,24898.0,25045.87103352998,-147.8710335299802,147.8710335299802,21865.84255722453
2001-10-07 12:00:00,24713.0,24797.213844793376,-84.21384479337576,84.21384479337576,7091.971654882781
2001-10-07 13:00:00,24456.0,24561.39834758363,-105.39834758362849,105.39834758362849,11108.811673359367
2001-10-07 14:00:00,24154.0,24340.58018575628,-186.58018575628012,186.58018575628012,34812.165716847994
2001-10-07 15:00:00,24071.0,23997.54180565405,73.45819434594887,73.45819434594887,5396.106316567194
2001-10-07 16:00:00,24425.0,24221.786320420855,203.2136795791448,203.2136795791448,41295.79956809534
2001-10-07 17:00:00,25016.0,25158.389304453416,-142.38930445341612,142.38930445341612,20274.714022727625
2001-10-07 18:00:00,26063.0,26372.071241288428,-309.0712412884277,309.0712412884277,95525.0321915695
2001-10-07 19:00:00,28118.0,27263.140033575743,854.8599664242574,854.8599664242574,730785.5621948825
2001-10-07 20:00:00,28015.0,27806.112749398828,208.88725060117213,208.88725060117213,43633.883463716884
2001-10-07 21:00:00,26918.0,26831.292857720055,86.7071422799454,86.7071422799454,7518.128522354696
2001-10-07 22:00:00,25348.0,24976.06180256896,371.9381974310418,371.9381974310418,138338.0227082526
2001-10-07 23:00:00,23631.0,23513.13256338298,117.86743661701985,117.86743661701985,13892.732614667191
2001-10-08 00:00:00,22242.0,21658.628271329933,583.3717286700667,583.3717286700667,340322.57381150185
2001-10-08 01:00:00,21466.0,21344.31478854039,121.68521145961131,121.68521145961131,14807.29068797032
2001-10-08 02:00:00,21242.0,21115.70343995325,126.29656004675053,126.29656004675053,15950.821079642461
2001-10-08 03:00:00,21299.0,21192.709198203826,106.29080179617449,106.29080179617449,11297.73454647365
2001-10-08 04:00:00,21881.0,21901.072112542955,-20.072112542955438,20.072112542955438,402.889701937069
2001-10-08 05:00:00,23620.0,23864.238719886966,-244.23871988696555,244.23871988696555,59652.552292023625
2001-10-08 06:00:00,27193.0,27073.295906934574,119.7040930654257,119.7040930654257,14329.069896616096
2001-10-08 07:00:00,29376.0,29564.244486292293,-188.244486292293,188.244486292293,35435.986619449286
2001-10-08 08:00:00,30277.0,29972.912372269893,304.08762773010676,304.08762773010676,92469.28533852399
2001-10-08 09:00:00,30711.0,30806.048659915246,-95.04865991524639,95.04865991524639,9034.247751684166
2001-10-08 10:00:00,30954.0,30789.476705874575,164.5232941254253,164.5232941254253,27067.914309881206
2001-10-08 11:00:00,30688.0,30773.622338099718,-85.62233809971804,85.62233809971804,7331.184781662427
2001-10-08 12:00:00,30177.0,30490.018030383533,-313.0180303835332,313.0180303835332,97980.2873451865
2001-10-08 13:00:00,29800.0,30001.51654605908,-201.5165460590797,201.5165460590797,40608.91833558119
2001-10-08 14:00:00,29428.0,29575.32338920088,-147.32338920087932,147.32338920087932,21704.181005633764
2001-10-08 15:00:00,28995.0,29265.27313039981,-270.27313039981163,270.27313039981163,73047.56501611359
2001-10-08 16:00:00,29013.0,28936.863246348723,76.1367536512771,76.1367536512771,5796.805256555257
2001-10-08 17:00:00,29211.0,29063.107538563912,147.89246143608761,147.89246143608761,21872.180149624663
2001-10-08 18:00:00,30284.0,30092.22202859372,191.77797140628172,191.77797140628172,36778.79031670861
2001-10-08 19:00:00,32070.0,31542.023332816763,527.9766671832367,527.9766671832367,278759.3610899183
2001-10-08 20:00:00,31600.0,31454.103865932673,145.89613406732678,145.89613406732678,21285.681935791392
2001-10-08 21:00:00,30188.0,30010.003877240168,177.99612275983236,177.99612275983236,31682.61971753331
2001-10-08 22:00:00,27764.0,27615.62359419533,148.37640580466905,148.37640580466905,22015.557799511826
2001-10-08 23:00:00,25600.0,25478.831207363757,121.16879263624287,121.16879263624287,14681.876308924824
2001-10-09 00:00:00,23991.0,23652.9083176985,338.09168230149953,338.09168230149953,114305.98564145809
2001-10-09 01:00:00,23267.0,22853.223331088833,413.7766689111668,413.7766689111668,171211.13173522134
2001-10-09 02:00:00,22992.0,22803.21498575547,188.78501424453134,188.78501424453134,35639.7816033079
2001-10-09 03:00:00,23084.0,22870.659909650403,213.34009034959672,213.34009034959672,45513.99415037409
2001-10-09 04:00:00,23671.0,23591.235709968892,79.76429003110752,79.76429003110752,6362.341964166639
2001-10-09 05:00:00,25794.0,25503.681368000154,290.3186319998458,290.3186319998458,84284.9080862619
2001-10-09 06:00:00,29937.0,29281.35275359631,655.6472464036888,655.6472464036888,429873.3117167394
2001-10-09 07:00:00,31921.0,31751.230533078757,169.7694669212433,169.7694669212433,28821.67189872312
2001-10-09 08:00:00,31981.0,32180.65829985478,-199.6582998547783,199.6582998547783,39863.436700900565
2001-10-09 09:00:00,31600.0,31839.45650507304,-239.45650507304163,239.45650507304163,57339.41782179561
2001-10-09 10:00:00,31365.0,31334.051915092958,30.948084907042357,30.948084907042357,957.783959413503
2001-10-09 11:00:00,30944.0,30956.12040125765,-12.120401257649064,12.120401257649064,146.90412664642102
2001-10-09 12:00:00,30503.0,30600.49100125831,-97.49100125830955,97.49100125830955,9504.495326347715
2001-10-09 13:00:00,30342.0,30255.688956502174,86.31104349782618,86.31104349782618,7449.596229683642
2001-10-09 14:00:00,29905.0,30075.46999860832,-170.46999860832148,170.46999860832148,29060.020425521125
2001-10-09 15:00:00,29663.0,29609.254349705705,53.74565029429505,53.74565029429505,2888.594925556657
2001-10-09 16:00:00,29663.0,29568.282575422643,94.71742457735672,94.71742457735672,8971.39051856726
2001-10-09 17:00:00,29772.0,29780.28354205021,-8.28354205020878,8.28354205020878,68.61706889757708
2001-10-09 18:00:00,30544.0,30385.816825013815,158.1831749861849,158.1831749861849,25021.916848709992
2001-10-09 19:00:00,32153.0,31616.616460989284,536.383539010716,536.383539010716,287707.3009216603
2001-10-09 20:00:00,31482.0,31675.757495254376,-193.7574952543764,193.7574952543764,37541.9669672497
2001-10-09 21:00:00,29869.0,29944.767389585904,-75.76738958590431,75.76738958590431,5740.697324662201
2001-10-09 22:00:00,27275.0,27408.242802900433,-133.24280290043316,133.24280290043316,17753.64452476368
2001-10-09 23:00:00,25090.0,24977.466110856072,112.53388914392781,112.53388914392781,12663.876205857832
2001-10-10 00:00:00,23293.0,23322.028440415153,-29.028440415153455,29.028440415153455,842.6503529361145
2001-10-10 01:00:00,22531.0,22362.3757232871,168.6242767129006,168.6242767129006,28434.146696948876
2001-10-10 02:00:00,22236.0,22230.806455561866,5.193544438134268,5.193544438134268,26.972903830875385
2001-10-10 03:00:00,22191.0,22179.73217852462,11.267821475379606,11.267821475379606,126.96380080102583
2001-10-10 04:00:00,22714.0,22702.85173252359,11.148267476408364,11.148267476408364,124.28386772554451
2001-10-10 05:00:00,24690.0,24612.039122634305,77.96087736569461,77.96087736569461,6077.898399628874
2001-10-10 06:00:00,28676.0,28361.978227725725,314.02177227427455,314.02177227427455,98609.67346227635
2001-10-10 07:00:00,30644.0,30731.564475299037,-87.56447529903744,87.56447529903744,7667.537334395738
2001-10-10 08:00:00,30660.0,30995.620284907065,-335.62028490706507,335.62028490706507,112640.97564109953
2001-10-10 09:00:00,30511.0,30715.77875828842,-204.77875828841934,204.77875828841934,41934.339846146875
2001-10-10 10:00:00,30618.0,30563.07569639429,54.9243036057087,54.9243036057087,3016.679126572066
2001-10-10 11:00:00,30591.0,30458.579869665333,132.4201303346672,132.4201303346672,17535.090917850248
2001-10-10 12:00:00,30350.0,30370.355790201265,-20.355790201265336,20.355790201265336,414.35819471792985
2001-10-10 13:00:00,30467.0,30098.577196014605,368.42280398539515,368.42280398539515,135735.3624964609
2001-10-10 14:00:00,30304.0,30230.05272513989,73.94727486011107,73.94727486011107,5468.199459236814
2001-10-10 15:00:00,30089.0,30081.32749789191,7.6725021080892475,7.6725021080892475,58.86728859863395
2001-10-10 16:00:00,30080.0,30142.581253487115,-62.581253487114736,62.581253487114736,3916.4132880185102
2001-10-10 17:00:00,29989.0,30321.74065906519,-332.7406590651917,332.7406590651917,110716.34619513815
2001-10-10 18:00:00,30747.0,30460.551029517137,286.44897048286293,286.44897048286293,82053.01269069208
2001-10-10 19:00:00,32189.0,31410.804412948517,778.195587051483,778.195587051483,605588.3717064023
2001-10-10 20:00:00,31447.0,31465.47534769265,-18.47534769264894,18.47534769264894,341.33847236426845
2001-10-10 21:00:00,29680.0,29935.31019508058,-255.31019508057943,255.31019508057943,65183.29571208353
2001-10-10 22:00:00,26995.0,27215.87681358232,-220.8768135823193,220.8768135823193,48786.56677827863
2001-10-10 23:00:00,24662.0,24550.74951931008,111.25048068991964,111.25048068991964,12376.669453738183
2001-10-11 00:00:00,22950.0,22748.979513040453,201.02048695954727,201.02048695954727,40409.23617745352
2001-10-11 01:00:00,21872.0,21984.315486104806,-112.31548610480604,112.31548610480604,12614.768418958878
2001-10-11 02:00:00,21364.0,21478.64984861918,-114.64984861918128,114.64984861918128,13144.587788401184
2001-10-11 03:00:00,21201.0,21220.821510525777,-19.82151052577683,19.82151052577683,392.89227952348165
2001-10-11 04:00:00,21712.0,21669.01360377024,42.98639622976043,42.98639622976043,1847.8302608219617
2001-10-11 05:00:00,23558.0,23554.47077925189,3.5292207481106743,3.5292207481106743,12.455399088894868
2001-10-11 06:00:00,27389.0,27362.6721079472,26.327892052799143,26.327892052799143,693.1578999438443
2001-10-11 07:00:00,29604.0,29808.61670730348,-204.61670730348123,204.61670730348123,41867.99690771851
2001-10-11 08:00:00,29915.0,30156.293356656945,-241.29335665694452,241.29335665694452,58222.483966775435
2001-10-11 09:00:00,30311.0,30229.365904339964,81.63409566003611,81.63409566003611,6664.125574231926
2001-10-11 10:00:00,30983.0,30478.85435582864,504.1456441713599,504.1456441713599,254162.83053695541
2001-10-11 11:00:00,31208.0,31044.79535503677,163.20464496322893,163.20464496322893,26635.756137573608
2001-10-11 12:00:00,31216.0,31091.04730467279,124.95269532721068,124.95269532721068,15613.176069534737
2001-10-11 13:00:00,31437.0,31082.300734499477,354.6992655005233,354.6992655005233,125811.56894661073
2001-10-11 14:00:00,31441.0,31368.54920017459,72.45079982540847,72.45079982540847,5249.118395341407
2001-10-11 15:00:00,31385.0,31337.38535191562,47.61464808438177,47.61464808438177,2267.1547121995204
2001-10-11 16:00:00,31134.0,31184.424240212753,-50.42424021275292,50.42424021275292,2542.6040010334086
2001-10-11 17:00:00,30898.0,31022.80119146132,-124.80119146131983,124.80119146131983,15575.33739016501
2001-10-11 18:00:00,31272.0,30948.95882125152,323.0411787484809,323.0411787484809,104355.60316720798
2001-10-11 19:00:00,32667.0,31477.67984058839,1189.3201594116108,1189.3201594116108,1414482.4415828593
2001-10-11 20:00:00,31765.0,32181.381812395997,-416.38181239599726,416.38181239599726,173373.81369417545
2001-10-11 21:00:00,30026.0,30194.00850686923,-168.0085068692315,168.0085068692315,28226.858380428606
2001-10-11 22:00:00,27331.0,27389.970375733912,-58.97037573391208,58.97037573391208,3477.5052141987667
2001-10-11 23:00:00,24779.0,24855.71032161433,-76.71032161432959,76.71032161432959,5884.473442173881
2001-10-12 00:00:00,22828.0,22784.28104986193,43.718950138070795,43.718950138070795,1911.3466011751204
2001-10-12 01:00:00,21601.0,21808.82689587767,-207.82689587767163,207.82689587767163,43192.018650148566
2001-10-12 02:00:00,21064.0,21138.696206272158,-74.69620627215772,74.69620627215772,5579.523231452735
2001-10-12 03:00:00,20765.0,20851.001385746786,-86.00138574678567,86.00138574678567,7396.23835036743
2001-10-12 04:00:00,21118.0,21123.52629950366,-5.526299503660994,5.526299503660994,30.539986204163746
2001-10-12 05:00:00,22991.0,22602.186334401616,388.8136655983835,388.8136655983835,151176.0665560516
2001-10-12 06:00:00,26712.0,26643.41637266184,68.58362733816102,68.58362733816102,4703.713938859748
2001-10-12 07:00:00,28839.0,29316.649515491845,-477.6495154918448,477.6495154918448,228149.05964959407
2001-10-12 08:00:00,29426.0,29786.617648252104,-360.6176482521041,360.6176482521041,130045.08823087829
2001-10-12 09:00:00,30127.0,29973.398407075398,153.6015929246023,153.6015929246023,23593.449348975235
2001-10-12 10:00:00,30920.0,30705.202441553356,214.79755844664396,214.79755844664396,46137.99111463943
2001-10-12 11:00:00,31247.0,31152.9361569841,94.06384301590151,94.06384301590151,8848.006562920164
2001-10-12 12:00:00,31617.0,31212.61269351017,404.3873064898289,404.3873064898289,163529.09365009883
2001-10-12 13:00:00,31740.0,31651.08417041642,88.91582958358049,88.91582958358049,7906.024750536328
2001-10-12 14:00:00,31578.0,31711.767237129323,-133.7672371293229,133.7672371293229,17893.6737292125
2001-10-12 15:00:00,31197.0,31393.781476363132,-196.78147636313224,196.78147636313224,38722.949439653974
2001-10-12 16:00:00,30760.0,30985.05877126504,-225.0587712650413,225.0587712650413,50651.450523330175
2001-10-12 17:00:00,30185.0,30594.979985442802,-409.979985442802,409.979985442802,168083.58846368012
2001-10-12 18:00:00,30726.0,30555.229829856886,170.77017014311423,170.77017014311423,29162.45101070818
2001-10-12 19:00:00,31232.0,31132.332922610487,99.667077389513,99.667077389513,9933.526315367173
2001-10-12 20:00:00,30180.0,31158.70419259852,-978.7041925985213,978.7041925985213,957861.8966099236
2001-10-12 21:00:00,28735.0,29225.773276235013,-490.7732762350133,490.7732762350133,240858.4086664487
2001-10-12 22:00:00,26578.0,26628.273570703284,-50.27357070328435,50.27357070328435,2527.4319112581306
2001-10-12 23:00:00,24492.0,24184.656761322927,307.3432386770728,307.3432386770728,94459.86636051214
2001-10-13 00:00:00,22403.0,22458.97760701457,-55.97760701457082,55.97760701457082,3133.4924870777286
2001-10-13 01:00:00,21236.0,21270.28663959787,-34.28663959787082,34.28663959787082,1175.573654914283
2001-10-13 02:00:00,20547.0,20644.967689950707,-97.9676899507067,97.9676899507067,9597.668274277798
2001-10-13 03:00:00,20038.0,20223.287943390565,-185.2879433905655,185.2879433905655,34331.621965905404
2001-10-13 04:00:00,20036.0,20036.959431652336,-0.9594316523362068,0.9594316523362068,0.9205090955045839
2001-10-13 05:00:00,20508.0,20596.268823920527,-88.26882392052721,88.26882392052721,7791.385276313037
2001-10-13 06:00:00,21665.0,21621.27811857145,43.72188142855157,43.72188142855157,1911.6029156523225
2001-10-13 07:00:00,22829.0,22890.29303263958,-61.293032639579906,61.293032639579906,3756.8358501566076
2001-10-13 08:00:00,24714.0,24830.345921128814,-116.34592112881364,116.34592112881364,13536.373363312125
2001-10-13 09:00:00,26359.0,26305.804072426694,53.19592757330611,53.19592757330611,2829.806710384429
2001-10-13 10:00:00,27308.0,27288.617796096943,19.382203903056507,19.382203903056507,375.6698281396589
2001-10-13 11:00:00,27670.0,27489.55276335359,180.4472366464106,180.4472366464106,32561.20521332571
2001-10-13 12:00:00,27718.0,27611.833001670984,106.16699832901577,106.16699832901577,11271.431534193238
2001-10-13 13:00:00,27773.0,27413.75414464604,359.2458553539618,359.2458553539618,129057.58458899966
2001-10-13 14:00:00,27514.0,27582.18746446789,-68.1874644678901,68.1874644678901,4649.530310559774
2001-10-13 15:00:00,27337.0,27563.879482271528,-226.8794822715281,226.8794822715281,51474.29947579664
2001-10-13 16:00:00,27229.0,27597.663822584494,-368.6638225844945,368.6638225844945,135913.01408261163
2001-10-13 17:00:00,27279.0,27614.561659197265,-335.5616591972648,335.5616591972648,112601.6271232213
2001-10-13 18:00:00,28157.0,28012.606449705,144.39355029500075,144.39355029500075,20849.497366794913
2001-10-13 19:00:00,29175.0,28558.06345687365,616.9365431263504,616.9365431263504,380610.69824469124
2001-10-13 20:00:00,28382.0,29066.244021803643,-684.2440218036427,684.2440218036427,468189.88137402385
2001-10-13 21:00:00,27014.0,27499.993757695294,-485.99375769529433,485.99375769529433,236189.93251879246
2001-10-13 22:00:00,25282.0,25398.105947932978,-116.10594793297787,116.10594793297787,13480.591145415368
2001-10-13 23:00:00,23545.0,23372.642133376994,172.35786662300598,172.35786662300598,29707.234186833917
2001-10-14 00:00:00,21796.0,21745.834617055174,50.16538294482598,50.16538294482598,2516.5656460010373
2001-10-14 01:00:00,20556.0,20676.462606188405,-120.4626061884046,120.4626061884046,14511.239489702655
2001-10-14 02:00:00,19859.0,20028.157518788466,-169.1575187884664,169.1575187884664,28614.266162670363
2001-10-14 03:00:00,19382.0,19503.943937138883,-121.94393713888348,121.94393713888348,14870.323804931966
2001-10-14 04:00:00,19227.0,19177.206380370644,49.79361962935582,49.79361962935582,2479.404555792969
2001-10-14 05:00:00,19610.0,19426.015084561655,183.98491543834461,183.98491543834461,33850.44910885482
2001-10-14 06:00:00,20256.0,20183.546016106477,72.4539838935234,72.4539838935234,5249.579782042948
2001-10-14 07:00:00,21131.0,21076.161462891865,54.838537108134915,54.838537108134915,3007.26515216029
2001-10-14 08:00:00,22559.0,22748.884860496637,-189.88486049663697,189.88486049663697,36056.26024582729
2001-10-14 09:00:00,24200.0,24150.271694248462,49.728305751537846,49.728305751537846,2472.904392918432
2001-10-14 10:00:00,25132.0,25168.724410375653,-36.72441037565295,36.72441037565295,1348.6823174393662
2001-10-14 11:00:00,25590.0,25575.34900760547,14.650992394530476,14.650992394530476,214.65157814458985
2001-10-14 12:00:00,25871.0,25688.928379826226,182.07162017377414,182.07162017377414,33150.07487270308
2001-10-14 13:00:00,25881.0,25674.99126810975,206.0087318902515,206.0087318902515,42439.59761502953
2001-10-14 14:00:00,25688.0,25642.53024475705,45.46975524294976,45.46975524294976,2067.498641853757
2001-10-14 15:00:00,25729.0,25497.765817520398,231.23418247960217,231.23418247960217,53469.247147009955
2001-10-14 16:00:00,26123.0,25930.721650949195,192.27834905080454,192.27834905080454,36970.96351370303
2001-10-14 17:00:00,26800.0,26645.18170763783,154.81829236217163,154.81829236217163,23968.703649938852
2001-10-14 18:00:00,28474.0,27562.96881567039,911.0311843296113,911.0311843296113,829977.8188210141
2001-10-14 19:00:00,29442.0,28610.93690456156,831.0630954384396,831.0630954384396,690665.868599721
2001-10-14 20:00:00,28755.0,29110.3500080538,-355.3500080537997,355.3500080537997,126273.6282238355
2001-10-14 21:00:00,27397.0,27628.09589502903,-231.09589502902963,231.09589502902963,53405.31269926828
2001-10-14 22:00:00,25467.0,25617.72058714418,-150.72058714418017,150.72058714418017,22716.69538908641
2001-10-14 23:00:00,23303.0,23551.773001083813,-248.77300108381314,248.77300108381314,61888.0060682469
2001-10-15 00:00:00,21834.0,21532.410592424545,301.58940757545497,301.58940757545497,90956.17076171389
2001-10-15 01:00:00,20747.0,20755.357926797806,-8.357926797805703,8.357926797805703,69.8549403574787
2001-10-15 02:00:00,20256.0,20331.262750800885,-75.26275080088453,75.26275080088453,5664.481658116046
2001-10-15 03:00:00,20106.0,20019.42673962373,86.5732603762699,86.5732603762699,7494.929412177424
2001-10-15 04:00:00,20455.0,20555.81360693062,-100.81360693062015,100.81360693062015,10163.383342361583
2001-10-15 05:00:00,22409.0,22179.982548566935,229.0174514330647,229.0174514330647,52448.99306089615
2001-10-15 06:00:00,26346.0,26213.83881376886,132.16118623114016,132.16118623114016,17466.57914602211
2001-10-15 07:00:00,28682.0,29028.001571230718,-346.0015712307177,346.0015712307177,119717.08729412539
2001-10-15 08:00:00,29388.0,29565.712330904775,-177.71233090477472,177.71233090477472,31581.672555608147
2001-10-15 09:00:00,30197.0,30208.63045692649,-11.630456926490297,11.630456926490297,135.26752831894612
2001-10-15 10:00:00,30724.0,30907.53082345285,-183.5308234528493,183.5308234528493,33683.563157280936
2001-10-15 11:00:00,30907.0,30914.249349427533,-7.249349427533161,7.249349427533161,52.553067122475376
2001-10-15 12:00:00,30993.0,30792.015191431623,200.98480856837705,200.98480856837705,40394.89327526717
2001-10-15 13:00:00,30901.0,30826.253435307644,74.7465646923556,74.7465646923556,5587.048933308502
2001-10-15 14:00:00,30849.0,30789.258976702367,59.74102329763264,59.74102329763264,3568.9898646482857
2001-10-15 15:00:00,30644.0,30730.187407215846,-86.18740721584618,86.18740721584618,7428.269162590094
2001-10-15 16:00:00,30527.0,30607.949650942544,-80.9496509425444,80.9496509425444,6552.845987719778
2001-10-15 17:00:00,30390.0,30654.28684186016,-264.2868418601611,264.2868418601611,69847.53478041779
2001-10-15 18:00:00,31081.0,30434.426753548945,646.5732464510547,646.5732464510547,418056.96302625636
2001-10-15 19:00:00,32262.0,31308.736534274438,953.2634657255621,953.2634657255621,908711.23508711
2001-10-15 20:00:00,31225.0,31627.040884013782,-402.0408840137825,402.0408840137825,161636.8724185837
2001-10-15 21:00:00,29394.0,29624.85243777298,-230.85243777298092,230.85243777298092,53292.848025728024
2001-10-15 22:00:00,26555.0,26902.374921011058,-347.3749210110582,347.3749210110582,120669.3357474389
2001-10-15 23:00:00,24272.0,24027.395071692426,244.60492830757357,244.60492830757357,59831.570952353206
2001-10-16 00:00:00,22522.0,22342.904053339647,179.09594666035264,179.09594666035264,32075.358110167876
2001-10-16 01:00:00,21464.0,21573.151096199206,-109.15109619920622,109.15109619920622,11913.96180148837
2001-10-16 02:00:00,21049.0,21012.65241672963,36.347583270369796,36.347583270369796,1321.1468095964663
2001-10-16 03:00:00,20901.0,20858.3539408759,42.64605912410116,42.64605912410116,1818.6863588163314
2001-10-16 04:00:00,21421.0,21284.00410020962,136.99589979038137,136.99589979038137,18767.876559376215
2001-10-16 05:00:00,23422.0,23278.0296878765,143.97031212349975,143.97031212349975,20727.45077293794
2001-10-16 06:00:00,27601.0,27027.109064472388,573.8909355276119,573.8909355276119,329350.8058807576
2001-10-16 07:00:00,29751.0,29863.961808395234,-112.96180839523367,112.96180839523367,12760.370155921486
2001-10-16 08:00:00,30035.0,30173.742570622315,-138.74257062231482,138.74257062231482,19249.500902888016
2001-10-16 09:00:00,30165.0,30619.807402743463,-454.8074027434632,454.8074027434632,206849.7735902547
2001-10-16 10:00:00,30737.0,30434.590474520206,302.40952547979396,302.40952547979396,91451.52110091415
2001-10-16 11:00:00,30900.0,30762.6338590189,137.3661409810993,137.3661409810993,18869.45668803925
2001-10-16 12:00:00,30725.0,30844.982762202264,-119.98276220226398,119.98276220226398,14395.863225685027
2001-10-16 13:00:00,30717.0,30607.598765965224,109.40123403477628,109.40123403477628,11968.630008331891
2001-10-16 14:00:00,30613.0,30554.91178350711,58.08821649289166,58.08821649289166,3374.2408953250506
2001-10-16 15:00:00,30565.0,30476.194691368386,88.80530863161403,88.80530863161403,7886.382841156221
2001-10-16 16:00:00,30342.0,30472.1271334871,-130.12713348710167,130.12713348710167,16933.070869569976
2001-10-16 17:00:00,30729.0,30256.577728694818,472.4222713051822,472.4222713051822,223182.8024251472
2001-10-16 18:00:00,31848.0,31279.322073597836,568.6779264021643,568.6779264021643,323394.5839770654
2001-10-16 19:00:00,32357.0,32070.33770215491,286.6622978450905,286.6622978450905,82175.27300582739
2001-10-16 20:00:00,31319.0,31579.533083329574,-260.53308332957386,260.53308332957386,67877.48750921467
2001-10-16 21:00:00,29453.0,29708.560850880815,-255.56085088081454,255.56085088081454,65311.348502925925
2001-10-16 22:00:00,26729.0,27039.196761650343,-310.1967616503425,310.1967616503425,96222.03093835941
2001-10-16 23:00:00,24265.0,24375.918596559586,-110.91859655958615,110.91859655958615,12302.935062748236
2001-10-17 00:00:00,22658.0,22373.096688881218,284.90331111878186,284.90331111878186,81169.89668644541
2001-10-17 01:00:00,21618.0,21723.489304877174,-105.48930487717371,105.48930487717371,11127.993443469304
2001-10-17 02:00:00,21228.0,21177.13607659137,50.86392340862949,50.86392340862949,2587.1387045189267
2001-10-17 03:00:00,21146.0,21095.71885215374,50.281147846260865,50.281147846260865,2528.1938287375438
2001-10-17 04:00:00,21764.0,21521.349221067216,242.6507789327843,242.6507789327843,58879.40051668696
2001-10-17 05:00:00,23626.0,23485.24757638254,140.75242361746132,140.75242361746132,19811.244754189283
2001-10-17 06:00:00,27746.0,27379.413365275977,366.5866347240226,366.5866347240226,134385.76075828396
2001-10-17 07:00:00,30189.0,30046.12589358462,142.87410641538008,142.87410641538008,20413.010283993353
2001-10-17 08:00:00,30350.0,30698.51614896493,-348.516148964929,348.516148964929,121463.50608934459
2001-10-17 09:00:00,30452.0,30572.994709736777,-120.99470973677671,120.99470973677671,14639.71978428685
2001-10-17 10:00:00,30691.0,30583.854985490147,107.14501450985335,107.14501450985335,11480.054134316686
2001-10-17 11:00:00,30505.0,30598.51938851529,-93.51938851529121,93.51938851529121,8745.876028273982
2001-10-17 12:00:00,30335.0,30386.34241889646,-51.34241889646,51.34241889646,2636.043978139573
2001-10-17 13:00:00,30114.0,30121.533379452427,-7.533379452426743,7.533379452426743,56.75180597424546
2001-10-17 14:00:00,29854.0,29992.376057892,-138.37605789200097,138.37605789200097,19147.933397730405
2001-10-17 15:00:00,29914.0,29628.47256480291,285.5274351970911,285.5274351970911,81525.91625022906
2001-10-17 16:00:00,29835.0,29891.632593024493,-56.63259302449296,56.63259302449296,3207.250592677849
2001-10-17 17:00:00,30102.0,30150.775019544664,-48.77501954466425,48.77501954466425,2379.002531582379
2001-10-17 18:00:00,31408.0,31539.941028294517,-131.9410282945173,131.9410282945173,17408.43494741462
2001-10-17 19:00:00,32405.0,31971.942078921802,433.057921078198,433.057921078198,187539.16300857076
2001-10-17 20:00:00,31584.0,31666.14866670318,-82.1486667031786,82.1486667031786,6748.403441109926
2001-10-17 21:00:00,29962.0,30015.1007189347,-53.100718934700126,53.100718934700126,2819.6863513820203
2001-10-17 22:00:00,27801.0,27383.754730507615,417.245269492385,417.245269492385,174093.61491377297
2001-10-17 23:00:00,25351.0,25447.2279956832,-96.22799568319897,96.22799568319897,9259.827153205759
2001-10-18 00:00:00,23558.0,23510.76486116647,47.23513883353007,47.23513883353007,2231.1583406228606
2001-10-18 01:00:00,22697.0,22571.43743155277,125.56256844722884,125.56256844722884,15765.958595065027
2001-10-18 02:00:00,22403.0,22218.80055339883,184.19944660117108,184.19944660117108,33929.43612817767
2001-10-18 03:00:00,22353.0,22260.076408206052,92.92359179394771,92.92359179394771,8634.793911888226
2001-10-18 04:00:00,22947.0,22878.8813056008,68.11869439919974,68.11869439919974,4640.156526651566
2001-10-18 05:00:00,24943.0,24877.624087959488,65.37591204051205,65.37591204051205,4274.009875128768
2001-10-18 06:00:00,29323.0,28599.401425325505,723.5985746744955,723.5985746744955,523594.8972709614
2001-10-18 07:00:00,31170.0,31283.020923994645,-113.02092399464527,113.02092399464527,12773.729260603384
2001-10-18 08:00:00,31356.0,31389.210880225855,-33.21088022585536,33.21088022585536,1102.9625653761107
2001-10-18 09:00:00,31237.0,31338.493109648596,-101.49310964859615,101.49310964859615,10300.85130614196
2001-10-18 10:00:00,30908.0,31086.55544341444,-178.55544341443965,178.55544341443965,31882.04637292716
2001-10-18 11:00:00,30672.0,30622.551312415762,49.44868758423763,49.44868758423763,2445.172703803537
2001-10-18 12:00:00,30511.0,30417.15615396268,93.84384603732178,93.84384603732178,8806.667439076555
2001-10-18 13:00:00,30302.0,30307.763142392618,-5.763142392617738,5.763142392617738,33.2138102375877
2001-10-18 14:00:00,29952.0,30039.302917993475,-87.3029179934747,87.3029179934747,7621.799490175367
2001-10-18 15:00:00,29434.0,29691.691996203677,-257.69199620367726,257.69199620367726,66405.16490743602
2001-10-18 16:00:00,29506.0,29297.364775662878,208.63522433712205,208.63522433712205,43528.65683420125
2001-10-18 17:00:00,29722.0,29792.785333551477,-70.78533355147738,70.78533355147738,5010.563445993909
2001-10-18 18:00:00,31075.0,30711.39687469813,363.60312530187,363.60312530187,132207.23272928738
2001-10-18 19:00:00,32384.0,31674.777045409934,709.2229545900664,709.2229545900664,502997.1993174633
2001-10-18 20:00:00,31660.0,31752.46508692889,-92.46508692888892,92.46508692888892,8549.792300766985
2001-10-18 21:00:00,30284.0,30088.516907770292,195.48309222970784,195.48309222970784,38213.63934768846
2001-10-18 22:00:00,27823.0,27820.95802075148,2.0419792485190555,2.0419792485190555,4.169679251382447
2001-10-18 23:00:00,25551.0,25530.817260412092,20.182739587908145,20.182739587908145,407.34297727331466
2001-10-19 00:00:00,23911.0,23791.080206578263,119.91979342173727,119.91979342173727,14380.756854312142
2001-10-19 01:00:00,22889.0,23031.226556739177,-142.22655673917689,142.22655673917689,20228.3934418823
2001-10-19 02:00:00,22603.0,22505.716448429637,97.28355157036276,97.28355157036276,9464.08940614343
2001-10-19 03:00:00,22647.0,22508.062450361194,138.93754963880565,138.93754963880565,19303.642699635584
2001-10-19 04:00:00,23198.0,23246.677352147784,-48.677352147784404,48.677352147784404,2369.484612119411
2001-10-19 05:00:00,25107.0,25148.7004012091,-41.700401209098345,41.700401209098345,1738.9234609997707
2001-10-19 06:00:00,29065.0,28756.0445205155,308.95547948449894,308.95547948449894,95453.48830349665
2001-10-19 07:00:00,31338.0,31099.722101102514,238.277898897486,238.277898897486,56776.35710300056
2001-10-19 08:00:00,31420.0,31539.219997843527,-119.21999784352738,119.21999784352738,14213.407885810673
2001-10-19 09:00:00,31212.0,31474.394700495264,-262.39470049526426,262.39470049526426,68850.97884799943
2001-10-19 10:00:00,31200.0,31007.136865557633,192.86313444236657,192.86313444236657,37196.18862693437
2001-10-19 11:00:00,30895.0,30978.80083660702,-83.80083660702076,83.80083660702076,7022.58021603659
2001-10-19 12:00:00,30356.0,30565.5469092623,-209.54690926229887,209.54690926229887,43909.907181382114
2001-10-19 13:00:00,29979.0,30101.19083077097,-122.19083077097093,122.19083077097093,14930.599124500057
2001-10-19 14:00:00,29614.0,29702.52951590629,-88.52951590629164,88.52951590629164,7837.4751866023435
2001-10-19 15:00:00,29137.0,29421.186476451534,-284.18647645153396,284.18647645153396,80761.95339793827
2001-10-19 16:00:00,28835.0,29014.3936629538,-179.39366295380023,179.39366295380023,32182.086307981677
2001-10-19 17:00:00,28651.0,28990.64800532073,-339.6480053207306,339.6480053207306,115360.76751835103
2001-10-19 18:00:00,29988.0,29604.10577066681,383.8942293331893,383.8942293331893,147374.77931532334
2001-10-19 19:00:00,30514.0,30763.898734771763,-249.89873477176297,249.89873477176297,62449.377640527935
2001-10-19 20:00:00,29645.0,30540.14523647138,-895.1452364713805,895.1452364713805,801284.9943774036
2001-10-19 21:00:00,28371.0,28485.25417362359,-114.25417362359076,114.25417362359076,13054.016190409622
2001-10-19 22:00:00,26469.0,26359.025521467294,109.97447853270569,109.97447853270569,12094.385928540545
2001-10-19 23:00:00,24327.0,24378.642685246192,-51.64268524619183,51.64268524619183,2666.9669394372395
2001-10-20 00:00:00,22385.0,22497.506406701123,-112.50640670112261,112.50640670112261,12657.691548798408
2001-10-20 01:00:00,21388.0,21322.91256681997,65.08743318002962,65.08743318002962,4236.373957964821
2001-10-20 02:00:00,20872.0,20907.437003858697,-35.4370038586967,35.4370038586967,1255.7812424812846
2001-10-20 03:00:00,20652.0,20579.112226850062,72.88777314993786,72.88777314993786,5312.627474756802
2001-10-20 04:00:00,20747.0,20695.312423919007,51.687576080992585,51.687576080992585,2671.605521128397
2001-10-20 05:00:00,21293.0,21388.952708272118,-95.95270827211789,95.95270827211789,9206.92222475416
2001-10-20 06:00:00,22627.0,22348.094445526684,278.90555447331644,278.90555447331644,77788.30831606808
2001-10-20 07:00:00,23931.0,23980.487449332555,-49.487449332555116,49.487449332555116,2449.0076414422097
2001-10-20 08:00:00,25577.0,25514.14340384391,62.856596156088926,62.856596156088926,3950.9516803296533
2001-10-20 09:00:00,26605.0,26921.167122476538,-316.16712247653777,316.16712247653777,99961.64933509403
2001-10-20 10:00:00,26887.0,26985.731797556076,-98.73179755607634,98.73179755607634,9747.967848654043
2001-10-20 11:00:00,26729.0,26698.52978648377,30.470213516229705,30.470213516229705,928.4339117246275
2001-10-20 12:00:00,26392.0,26290.211881676787,101.78811832321298,101.78811832321298,10360.821031780406
2001-10-20 13:00:00,25830.0,25945.706552675845,-115.70655267584516,115.70655267584516,13388.00633212813
2001-10-20 14:00:00,25287.0,25371.790769217543,-84.79076921754313,84.79076921754313,7189.474544502659
2001-10-20 15:00:00,24984.0,25064.718631189684,-80.71863118968395,80.71863118968395,6515.497421136218
2001-10-20 16:00:00,24937.0,25285.34830113426,-348.3483011342614,348.3483011342614,121346.53890312607
2001-10-20 17:00:00,25161.0,25545.162929240425,-384.162929240425,384.162929240425,147581.15620258378
2001-10-20 18:00:00,26603.0,26446.51905268105,156.4809473189489,156.4809473189489,24486.28687383566
2001-10-20 19:00:00,27604.0,27542.24688641806,61.75311358194085,61.75311358194085,3813.447037064088
2001-10-20 20:00:00,26823.0,27275.650938347728,-452.6509383477278,452.6509383477278,204892.87198707846
2001-10-20 21:00:00,25707.0,25936.858802511117,-229.85880251111666,229.85880251111666,52835.06909184453
2001-10-20 22:00:00,24247.0,24312.976343389637,-65.9763433896369,65.9763433896369,4352.877887067284
2001-10-20 23:00:00,22632.0,22563.126688392174,68.8733116078256,68.8733116078256,4743.533051828645
2001-10-21 00:00:00,21137.0,21144.852979309,-7.852979308998329,7.852979308998329,61.66928402755587
2001-10-21 01:00:00,20035.0,20247.37768169365,-212.37768169365154,212.37768169365154,45104.27968156997
2001-10-21 02:00:00,19423.0,19615.112798958613,-192.11279895861298,192.11279895861298,36907.32752371245
2001-10-21 03:00:00,19274.0,19203.048468222012,70.95153177798784,70.95153177798784,5034.119861642818
2001-10-21 04:00:00,19121.0,19199.42033733068,-78.42033733068092,78.42033733068092,6149.7493070577875
2001-10-21 05:00:00,19618.0,19497.8898256736,120.11017432640074,120.11017432640074,14426.453976718374
2001-10-21 06:00:00,20573.0,20295.94326385047,277.0567361495305,277.0567361495305,76760.43504583056
2001-10-21 07:00:00,21453.0,21543.318899415808,-90.31889941580812,90.31889941580812,8157.503591682864
2001-10-21 08:00:00,22957.0,23112.410460771873,-155.41046077187275,155.41046077187275,24152.411317325797
2001-10-21 09:00:00,24008.0,24076.880683815023,-68.88068381502308,68.88068381502308,4744.548602825182
2001-10-21 10:00:00,24348.0,24703.975066230043,-355.975066230043,355.975066230043,126718.24777748351
2001-10-21 11:00:00,24622.0,24612.973996456833,9.026003543167462,9.026003543167462,81.46873996127158
2001-10-21 12:00:00,24750.0,24559.412349120048,190.58765087995198,190.58765087995198,36323.65266793846
2001-10-21 13:00:00,24631.0,24606.361984352417,24.638015647582506,24.638015647582506,607.0318150505204
2001-10-21 14:00:00,24449.0,24434.580569618993,14.41943038100726,14.41943038100726,207.91997251271516
2001-10-21 15:00:00,24439.0,24384.789308586838,54.21069141316184,54.21069141316184,2938.799063493059
2001-10-21 16:00:00,24909.0,24827.660420344746,81.33957965525406,81.33957965525406,6616.12721849342
2001-10-21 17:00:00,25757.0,25713.987669993807,43.012330006193224,43.012330006193224,1850.06053256167
2001-10-21 18:00:00,27549.0,26864.832800230033,684.1671997699668,684.1671997699668,468084.7572410777
2001-10-21 19:00:00,28977.0,27928.562838969312,1048.437161030688,1048.437161030688,1099220.4806300888
2001-10-21 20:00:00,28293.0,28615.844715728676,-322.8447157286755,322.8447157286755,104228.7104739293
2001-10-21 21:00:00,26884.0,27090.3080536297,-206.3080536296984,206.3080536296984,42563.01299247451
2001-10-21 22:00:00,24967.0,24995.915417926873,-28.915417926873488,28.915417926873488,836.1013938857567
2001-10-21 23:00:00,22883.0,23145.471788686973,-262.471788686973,262.471788686973,68891.43985653901
2001-10-22 00:00:00,21427.0,21412.300247145602,14.699752854397957,14.699752854397957,216.08273398038088
2001-10-22 01:00:00,20502.0,20593.78361285968,-91.78361285967912,91.78361285967912,8424.231589575455
2001-10-22 02:00:00,20116.0,20121.59438462785,-5.594384627849649,5.594384627849649,31.29713936432046
2001-10-22 03:00:00,19974.0,20005.077372869346,-31.07737286934571,31.07737286934571,965.8031044603447
2001-10-22 04:00:00,20632.0,20487.761727675632,144.23827232436815,144.23827232436815,20804.679203118587
2001-10-22 05:00:00,22472.0,22541.3655638419,-69.36556384190044,69.36556384190044,4811.581447104765
2001-10-22 06:00:00,26347.0,26239.431113399613,107.56888660038749,107.56888660038749,11571.065364447022
2001-10-22 07:00:00,29009.0,28904.281381523248,104.71861847675245,104.71861847675245,10965.98905567964
2001-10-22 08:00:00,29660.0,29605.906203526014,54.093796473986,54.093796473986,2926.138816969021
2001-10-22 09:00:00,30252.0,30073.1062304854,178.89376951460144,178.89376951460144,32002.980771143346
2001-10-22 10:00:00,31169.0,30687.99820602111,481.0017939788886,481.0017939788886,231362.7258109092
2001-10-22 11:00:00,31534.0,31302.34586345146,231.6541365485391,231.6541365485391,53663.638980049196
2001-10-22 12:00:00,31734.0,31335.51900483401,398.48099516599177,398.48099516599177,158787.10350847917
2001-10-22 13:00:00,32060.0,31504.039224870863,555.9607751291369,555.9607751291369,309092.3834821907
2001-10-22 14:00:00,32007.0,31870.656213616625,136.34378638337512,136.34378638337512,18589.628085355427
2001-10-22 15:00:00,31883.0,31849.542424123196,33.457575876804185,33.457575876804185,1119.4093835521094
2001-10-22 16:00:00,31811.0,31662.03945936533,148.9605406346709,148.9605406346709,22189.242666173443
2001-10-22 17:00:00,31857.0,31601.63827660839,255.3617233916084,255.3617233916084,65209.60977353232
2001-10-22 18:00:00,32891.0,31565.080840717197,1325.9191592828029,1325.9191592828029,1758061.6169532149
2001-10-22 19:00:00,33334.0,32699.8283882908,634.1716117092001,634.1716117092001,402173.63309784443
2001-10-22 20:00:00,32141.0,32383.49276338258,-242.49276338257914,242.49276338257914,58802.740292919516
2001-10-22 21:00:00,30410.0,30636.29814779442,-226.2981477944195,226.2981477944195,51210.85169518493
2001-10-22 22:00:00,27341.0,27704.22127537948,-363.2212753794811,363.2212753794811,131929.69488829683
2001-10-22 23:00:00,24708.0,24861.55686740772,-153.55686740771853,153.55686740771853,23579.71152807165
2001-10-23 00:00:00,22820.0,22838.652546003166,-18.652546003166208,18.652546003166208,347.9174724002317
2001-10-23 01:00:00,21756.0,21809.65993053187,-53.65993053187049,53.65993053187049,2879.3881446851665
2001-10-23 02:00:00,21208.0,21221.569490022077,-13.569490022076934,13.569490022076934,184.13105945924548
2001-10-23 03:00:00,20987.0,20996.241914850834,-9.241914850834291,9.241914850834291,85.41299011007142
2001-10-23 04:00:00,21394.0,21315.90446498267,78.09553501733171,78.09553501733171,6098.912589643283
2001-10-23 05:00:00,23232.0,23132.66214138899,99.33785861100841,99.33785861100841,9868.010153420699
2001-10-23 06:00:00,27107.0,26959.486638857572,147.51336114242804,147.51336114242804,21760.1917155364
2001-10-23 07:00:00,29650.0,29868.63535125547,-218.6353512554706,218.6353512554706,47801.41681860301
2001-10-23 08:00:00,30107.0,30422.03096739367,-315.03096739367174,315.03096739367174,99244.51041699266
2001-10-23 09:00:00,30643.0,30905.312377769533,-262.31237776953276,262.31237776953276,68807.78353110606
2001-10-23 10:00:00,31191.0,31067.18805604739,123.811943952609,123.811943952609,15329.397465323993
2001-10-23 11:00:00,31435.0,31470.580554431897,-35.580554431897326,35.580554431897326,1265.9758536812085
2001-10-23 12:00:00,31564.0,31664.747480396127,-100.74748039612678,100.74748039612678,10150.05480616795
2001-10-23 13:00:00,31682.0,31599.359567039894,82.64043296010641,82.64043296010641,6829.441159833842
2001-10-23 14:00:00,31572.0,31701.071881332846,-129.0718813328458,129.0718813328458,16659.550550800228
2001-10-23 15:00:00,31740.0,31416.16023717353,323.83976282646836,323.83976282646836,104872.19198750328
2001-10-23 16:00:00,31623.0,31798.71793936507,-175.71793936506947,175.71793936506947,30876.79421470623
2001-10-23 17:00:00,31556.0,31682.891740768173,-126.8917407681729,126.8917407681729,16101.51387517719
2001-10-23 18:00:00,32973.0,31489.800748994843,1483.1992510051568,1483.1992510051568,2199880.018182258
2001-10-23 19:00:00,33387.0,32784.850917879194,602.1490821208063,602.1490821208063,362583.5170989295
2001-10-23 20:00:00,32444.0,32761.373269702402,-317.37326970240247,317.37326970240247,100725.7923215939
2001-10-23 21:00:00,30558.0,30934.00202455332,-376.00202455331964,376.00202455331964,141377.52246819518
2001-10-23 22:00:00,27604.0,28078.84970948804,-474.8497094880404,474.8497094880404,225482.24660087636
2001-10-23 23:00:00,25145.0,25218.80703827839,-73.8070382783917,73.8070382783917,5447.478899427978
2001-10-24 00:00:00,23459.0,23302.598537971484,156.4014620285161,156.4014620285161,24461.417324657366
2001-10-24 01:00:00,22258.0,22546.53168012047,-288.5316801204717,288.5316801204717,83250.53043314221
2001-10-24 02:00:00,21762.0,21801.19336859874,-39.19336859873874,39.19336859873874,1536.1201421166002
2001-10-24 03:00:00,21522.0,21491.940599757756,30.05940024224401,30.05940024224401,903.5675429234192
2001-10-24 04:00:00,21851.0,21847.508262181782,3.4917378182180983,3.4917378182180983,12.192232991174485
2001-10-24 05:00:00,23831.0,23452.928044454762,378.07195554523787,378.07195554523787,142938.4035698003
2001-10-24 06:00:00,27686.0,27521.305968421802,164.6940315781976,164.6940315781976,27124.124037480353
2001-10-24 07:00:00,30267.0,30078.22501735052,188.77498264948008,188.77498264948008,35635.99407431151
2001-10-24 08:00:00,30738.0,31070.588052780367,-332.58805278036743,332.58805278036743,110614.81285223647
2001-10-24 09:00:00,31432.0,31076.31319540217,355.6868045978299,355.6868045978299,126513.10296501483
2001-10-24 10:00:00,32379.0,31910.74964423458,468.25035576541995,468.25035576541995,219258.39567444235
2001-10-24 11:00:00,32851.0,32662.35959220915,188.64040779084826,188.64040779084826,35585.203451497524
2001-10-24 12:00:00,33179.0,33191.85685527979,-12.856855279787851,12.856855279787851,165.29872768540875
2001-10-24 13:00:00,33667.0,33484.5520359876,182.44796401239728,182.44796401239728,33287.25957226901
2001-10-24 14:00:00,33943.0,33790.709576635054,152.29042336494604,152.29042336494604,23192.3730486745
2001-10-24 15:00:00,33888.0,33931.04675976571,-43.04675976571161,43.04675976571161,1853.023526326888
2001-10-24 16:00:00,33805.0,33762.61658731434,42.383412685660005,42.383412685660005,1796.3536708829654
2001-10-24 17:00:00,33351.0,33734.66888173624,-383.6688817362374,383.6688817362374,147201.8108127349
2001-10-24 18:00:00,34403.0,32675.540307332238,1727.4596926677623,1727.4596926677623,2984116.9897918
2001-10-24 19:00:00,34789.0,34132.44329263184,656.5567073681596,656.5567073681596,431066.7099901191
2001-10-24 20:00:00,33626.0,34042.603611743034,-416.603611743034,416.603611743034,173558.5693173406
2001-10-24 21:00:00,31734.0,32245.391494075957,-511.39149407595687,511.39149407595687,261521.26021323944
2001-10-24 22:00:00,28837.0,29105.395950274047,-268.3959502740472,268.3959502740472,72036.38612350883
2001-10-24 23:00:00,25994.0,26250.329048377287,-256.3290483772871,256.3290483772871,65704.5810420056
2001-10-25 00:00:00,24002.0,24162.87959352195,-160.87959352194957,160.87959352194957,25882.24361178772
2001-10-25 01:00:00,22907.0,22970.475888338904,-63.47588833890404,63.47588833890404,4029.1884004130143
2001-10-25 02:00:00,22211.0,22247.260401426713,-36.26040142671263,36.26040142671263,1314.8167116263435
2001-10-25 03:00:00,21915.0,21961.06382492466,-46.06382492465855,46.06382492465855,2121.875966689594
2001-10-25 04:00:00,22360.0,22192.88369516792,167.11630483208137,167.11630483208137,27927.85934072914
2001-10-25 05:00:00,24291.0,24014.222473543825,276.7775264561751,276.7775264561751,76605.79915119872
2001-10-25 06:00:00,28380.0,27838.365429587284,541.6345704127161,541.6345704127161,293368.0078661675
2001-10-25 07:00:00,30806.0,30536.625630537706,269.37436946229354,269.37436946229354,72562.55092320823
2001-10-25 08:00:00,31372.0,31760.18297123326,-388.1829712332583,388.1829712332583,150686.01915548064
2001-10-25 09:00:00,32198.0,32033.050998016824,164.94900198317555,164.94900198317555,27208.173255245652
2001-10-25 10:00:00,33025.0,32763.24838061862,261.751619381379,261.751619381379,68513.9102487743
2001-10-25 11:00:00,32992.0,33506.561493977584,-514.5614939775842,514.5614939775842,264773.5310844434
2001-10-25 12:00:00,32370.0,33028.47637574584,-658.4763757458422,658.4763757458422,433591.1374153796
2001-10-25 13:00:00,32286.0,32013.111285791194,272.88871420880605,272.88871420880605,74468.25034253542
2001-10-25 14:00:00,31800.0,31981.235705198254,-181.23570519825444,181.23570519825444,32846.38083870859
2001-10-25 15:00:00,31396.0,31571.856025660876,-175.85602566087618,175.85602566087618,30925.341761238742
2001-10-25 16:00:00,31053.0,31263.273540638973,-210.27354063897292,210.27354063897292,44214.961892849795
2001-10-25 17:00:00,30720.0,31061.16529282158,-341.1652928215808,341.1652928215808,116393.75702603497
2001-10-25 18:00:00,31731.0,31153.901594010575,577.0984059894254,577.0984059894254,333042.57019553566
2001-10-25 19:00:00,32365.0,32825.382644508085,-460.3826445080849,460.3826445080849,211952.1793642577
2001-10-25 20:00:00,31138.0,32388.024206136655,-1250.0242061366553,1250.0242061366553,1562560.5159275753
2001-10-25 21:00:00,29491.0,29721.20796785619,-230.2079678561895,230.2079678561895,52995.708464476375
2001-10-25 22:00:00,26839.0,27074.64629329091,-235.64629329090894,235.64629329090894,55529.17554174508
2001-10-25 23:00:00,24379.0,24456.999178126658,-77.99917812665808,77.99917812665808,6083.871788434136
2001-10-26 00:00:00,22512.0,22489.47036650686,22.529633493140864,22.529633493140864,507.5843853352546
2001-10-26 01:00:00,21506.0,21463.677879855673,42.32212014432662,42.32212014432662,1791.1618535108169
2001-10-26 02:00:00,20923.0,21067.086099667496,-144.08609966749646,144.08609966749646,20760.804117391723
2001-10-26 03:00:00,20868.0,20638.789942271665,229.2100577283345,229.2100577283345,52537.250563826434
2001-10-26 04:00:00,21348.0,21211.522796147954,136.47720385204593,136.47720385204593,18626.0271712729
2001-10-26 05:00:00,23000.0,23130.163510819613,-130.1635108196133,130.1635108196133,16942.539548887587
2001-10-26 06:00:00,26845.0,26603.47332099596,241.5266790040405,241.5266790040405,58335.136670720814
2001-10-26 07:00:00,29597.0,29288.219510713912,308.7804892860877,308.7804892860877,95345.39056375572
2001-10-26 08:00:00,30123.0,30431.95805446151,-308.95805446150916,308.95805446150916,95455.07941664086
2001-10-26 09:00:00,30356.0,31118.357096090313,-762.3570960903126,762.3570960903126,581188.341959254
2001-10-26 10:00:00,30670.0,30801.45745562097,-131.45745562097,131.45745562097,17281.062638339296
2001-10-26 11:00:00,30286.0,30682.120173806044,-396.1201738060445,396.1201738060445,156911.1920961309
2001-10-26 12:00:00,29882.0,30212.280302892446,-330.28030289244634,330.28030289244634,109085.07847872611
2001-10-26 13:00:00,29708.0,29726.26664615721,-18.266646157211653,18.266646157211653,333.67036183277526
2001-10-26 14:00:00,29469.0,29516.5192158182,-47.51921581819988,47.51921581819988,2258.0758719766577
2001-10-26 15:00:00,29037.0,29330.25600717067,-293.25600717066845,293.25600717066845,85999.08574168314
2001-10-26 16:00:00,28859.0,29013.23584247652,-154.23584247651888,154.23584247651888,23788.695104441547
2001-10-26 17:00:00,29337.0,29140.342176572947,196.6578234270528,196.6578234270528,38674.299515065875
2001-10-26 18:00:00,30858.0,30333.23422085469,524.7657791453094,524.7657791453094,275379.1229619836
2001-10-26 19:00:00,31204.0,31268.939763242706,-64.93976324270625,64.93976324270625,4217.172850018742
2001-10-26 20:00:00,30324.0,30790.909974516286,-466.90997451628573,466.90997451628573,218004.92430279858
2001-10-26 21:00:00,29235.0,29159.827504881432,75.1724951185679,75.1724951185679,5650.904022351114
2001-10-26 22:00:00,27402.0,27073.971973627005,328.02802637299465,328.02802637299465,107602.38608616208
2001-10-26 23:00:00,25469.0,24884.011608998866,584.988391001134,584.988391001134,342211.41760609567
2001-10-27 00:00:00,23470.0,23469.126165118516,0.873834881484072,0.873834881484072,0.7635874000982821
2001-10-27 01:00:00,22519.0,22247.166462307312,271.83353769268797,271.83353769268797,73893.47221452201
2001-10-27 02:00:00,21854.0,21897.25707110441,-43.25707110440999,43.25707110440999,1871.1742005319816
2001-10-27 03:00:00,21670.0,21661.227532790097,8.77246720990297,8.77246720990297,76.9561809488228
2001-10-27 04:00:00,21638.0,21804.84896295877,-166.84896295877115,166.84896295877115,27838.57644041739
2001-10-27 05:00:00,22243.0,22286.037530786605,-43.0375307866052,43.0375307866052,1852.2290562079907
2001-10-27 06:00:00,23558.0,23275.36673888134,282.633261118659,282.633261118659,79881.56029056807
2001-10-27 07:00:00,24919.0,24850.252343604618,68.74765639538236,68.74765639538236,4726.240259857557
2001-10-27 08:00:00,26468.0,26478.999028968014,-10.99902896801359,10.99902896801359,120.9786382392021
2001-10-27 09:00:00,27531.0,27303.871188280285,227.12881171971458,227.12881171971458,51587.49711320955
2001-10-27 10:00:00,27910.0,28003.475968477353,-93.47596847735258,93.47596847735258,8737.756682779012
2001-10-27 11:00:00,27625.0,27738.066730650033,-113.0667306500327,113.0667306500327,12784.085579887043
2001-10-27 12:00:00,26992.0,27213.245354139934,-221.24535413993362,221.24535413993362,48949.506728504646
2001-10-27 13:00:00,26589.0,26520.864006783464,68.13599321653601,68.13599321653601,4642.513571603841
2001-10-27 14:00:00,26154.0,26138.32137408486,15.67862591514131,15.67862591514131,245.8193105869407
2001-10-27 15:00:00,26158.0,25831.48746411706,326.5125358829391,326.5125358829391,106610.4360887076
2001-10-27 16:00:00,26475.0,26400.857439062824,74.14256093717631,74.14256093717631,5497.119342322903
2001-10-27 17:00:00,27260.0,27290.570933685347,-30.570933685346972,30.570933685346972,934.5819863938822
2001-10-27 18:00:00,28837.0,28772.80180340771,64.1981965922896,64.1981965922896,4121.4084457022645
2001-10-27 19:00:00,29082.0,28967.486530545702,114.51346945429759,114.51346945429759,13113.334686460348
2001-10-27 20:00:00,28336.0,28833.586663086397,-497.5866630863966,497.5866630863966,247592.48728145513
2001-10-27 21:00:00,27445.0,27343.345355386413,101.65464461358715,101.65464461358715,10333.666771514703
2001-10-27 22:00:00,26214.0,25943.556235686217,270.4437643137826,270.4437643137826,73139.82965620879
2001-10-27 23:00:00,24708.0,24360.387320481506,347.6126795184937,347.6126795184937,120834.57496202699
2001-10-28 00:00:00,23017.0,22873.170734659252,143.82926534074795,143.82926534074795,20686.85756845928
2001-10-28 01:00:00,22176.5,21903.91167638693,272.5883236130685,272.5883236130685,74304.39417018296
2001-10-28 02:00:00,21336.0,21710.985454016634,-374.9854540166343,374.9854540166343,140614.09072406136
2001-10-28 03:00:00,21265.0,21079.607334041233,185.39266595876688,185.39266595876688,34370.440591298924
2001-10-28 04:00:00,21519.0,21309.269703073205,209.73029692679484,209.73029692679484,43986.797449001526
2001-10-28 05:00:00,22169.0,21964.174790451907,204.82520954809297,204.82520954809297,41953.36646642019
2001-10-28 06:00:00,23124.0,23012.12497725535,111.87502274465078,111.87502274465078,12516.020714116128
2001-10-28 07:00:00,24510.0,24099.432787089954,410.5672129100458,410.5672129100458,168565.43631672286
2001-10-28 08:00:00,25849.0,25828.2220954269,20.777904573100386,20.777904573100386,431.72131844886593
2001-10-28 09:00:00,26447.0,26522.671429399677,-75.67142939967744,75.67142939967744,5726.165227390366
2001-10-28 10:00:00,26446.0,26691.452744476122,-245.45274447612246,245.45274447612246,60247.04977086066
2001-10-28 11:00:00,26084.0,26311.956681955504,-227.95668195550388,227.95668195550388,51964.24884816275
2001-10-28 12:00:00,25652.0,25839.77426855179,-187.77426855179147,187.77426855179147,35259.1759301603
2001-10-28 13:00:00,25211.0,25368.87745413303,-157.87745413303128,157.87745413303128,24925.290523527394
2001-10-28 14:00:00,24883.0,25024.746319351703,-141.74631935170328,141.74631935170328,20092.01904975505
2001-10-28 15:00:00,24912.0,24724.987484593672,187.01251540632802,187.01251540632802,34973.68091860208
2001-10-28 16:00:00,25864.0,25461.82431213264,402.17568786735865,402.17568786735865,161745.2839115831
2001-10-28 17:00:00,28754.0,27210.194968314358,1543.8050316856425,1543.8050316856425,2383333.9758579074
2001-10-28 18:00:00,30121.0,29374.254693316,746.7453066839989,746.7453066839989,557628.5530545797
2001-10-28 19:00:00,29601.0,30434.92608779552,-833.9260877955203,833.9260877955203,695432.7199059419
2001-10-28 20:00:00,29127.0,29170.18679790044,-43.18679790043825,43.18679790043825,1865.0995128932977
2001-10-28 21:00:00,27800.0,28024.138363532187,-224.1383635321872,224.1383635321872,50238.00600688691
2001-10-28 22:00:00,26017.0,26140.565983271463,-123.56598327146276,123.56598327146276,15268.552221843414
2001-10-28 23:00:00,24427.0,24253.42820519601,173.57179480398918,173.57179480398918,30127.167951478124
2001-10-29 00:00:00,23503.0,22846.91302965564,656.0869703443605,656.0869703443605,430450.1126556417
2001-10-29 01:00:00,23024.0,22452.26560913644,571.7343908635594,571.7343908635594,326880.2136961253
2001-10-29 02:00:00,22998.0,22595.819697456292,402.1803025437075,402.1803025437075,161748.9957541481
2001-10-29 03:00:00,23275.0,22957.560479656473,317.43952034352697,317.43952034352697,100767.84907592848
2001-10-29 04:00:00,24193.0,23745.232761623232,447.76723837676764,447.76723837676764,200495.49976355705
2001-10-29 05:00:00,26443.0,26506.627643607048,-63.6276436070475,63.6276436070475,4048.477030985453
2001-10-29 06:00:00,30517.0,29541.2149416545,975.7850583455001,975.7850583455001,952156.4800903312
2001-10-29 07:00:00,32120.0,32140.606244932038,-20.606244932037953,20.606244932037953,424.6173301991398
2001-10-29 08:00:00,32079.0,32450.780178640704,-371.7801786407035,371.7801786407035,138220.5012301134
2001-10-29 09:00:00,31784.0,32011.206888808607,-227.2068888086069,227.2068888086069,51622.97032208666
2001-10-29 10:00:00,31511.0,31499.657413400553,11.342586599446804,11.342586599446804,128.6542707659502
2001-10-29 11:00:00,31124.0,31226.47966953059,-102.47966953058858,102.47966953058858,10502.082667098646
2001-10-29 12:00:00,30619.0,30772.159833972866,-153.15983397286618,153.15983397286618,23457.934742595935
2001-10-29 13:00:00,30411.0,30411.32828076729,-0.3282807672912895,0.3282807672912895,0.10776826217335779
2001-10-29 14:00:00,30094.0,30169.13553568318,-75.13553568318093,75.13553568318093,5645.348722398555
2001-10-29 15:00:00,29783.0,30005.181804467917,-222.18180446791666,222.18180446791666,49364.754236619556
2001-10-29 16:00:00,30324.0,30270.372588649247,53.62741135075339,53.62741135075339,2875.8992481829137
2001-10-29 17:00:00,32912.0,32138.082606976215,773.9173930237848,773.9173930237848,598948.1312247314
2001-10-29 18:00:00,33678.0,33258.27686138091,419.7231386190906,419.7231386190906,176167.51309226034
2001-10-29 19:00:00,32902.0,33313.25723624331,-411.25723624331295,411.25723624331295,169132.51436248812
2001-10-29 20:00:00,31774.0,32227.18235600275,-453.1823560027515,453.1823560027515,205374.24779220458
2001-10-29 21:00:00,29948.0,30279.609679945243,-331.60967994524253,331.60967994524253,109964.97983338618
2001-10-29 22:00:00,27264.0,27434.693595837278,-170.69359583727783,170.69359583727783,29136.30365985995
2001-10-29 23:00:00,24921.0,25184.541407101395,-263.5414071013947,263.5414071013947,69454.07325698307
2001-10-30 00:00:00,23229.0,23475.74110654366,-246.74110654366086,246.74110654366086,60881.1736583902
2001-10-30 01:00:00,22494.0,22323.733960845428,170.26603915457235,170.26603915457235,28990.524089386367
2001-10-30 02:00:00,22290.0,22206.286437845232,83.71356215476771,83.71356215476771,7007.960488640158
2001-10-30 03:00:00,22214.0,22236.296100768115,-22.29610076811514,22.29610076811514,497.11610946194446
2001-10-30 04:00:00,22868.0,22805.89293642599,62.10706357401068,62.10706357401068,3857.2873457862042
2001-10-30 05:00:00,24977.0,24884.94902565563,92.05097434436902,92.05097434436902,8473.381877747684
2001-10-30 06:00:00,28675.0,28652.297271425345,22.70272857465534,22.70272857465534,515.413884734472
2001-10-30 07:00:00,30656.0,30753.512639119126,-97.5126391191261,97.5126391191261,9508.714787976924
2001-10-30 08:00:00,30619.0,31087.840889243216,-468.8408892432162,468.8408892432162,219811.77942636973
2001-10-30 09:00:00,30608.0,30719.677763309577,-111.67776330957713,111.67776330957713,12471.922817829933
2001-10-30 10:00:00,30666.0,30602.579669710136,63.42033028986407,63.42033028986407,4022.1382940754497
2001-10-30 11:00:00,30728.0,30462.554976054565,265.4450239454345,265.4450239454345,70461.0607373923
2001-10-30 12:00:00,30258.0,30496.473631901015,-238.47363190101532,238.47363190101532,56869.673112060955
2001-10-30 13:00:00,30145.0,30039.944734975743,105.0552650242571,105.0552650242571,11036.608709316897
2001-10-30 14:00:00,29864.0,29979.841376716766,-115.84137671676581,115.84137671676581,13419.224559635652
2001-10-30 15:00:00,29590.0,29617.471105748118,-27.471105748118134,27.471105748118134,754.6616510242892
2001-10-30 16:00:00,30010.0,30059.053273288908,-49.0532732889078,49.0532732889078,2406.2236203562757
2001-10-30 17:00:00,32565.0,31860.438541702602,704.5614582973976,704.5614582973976,496406.8485181556
2001-10-30 18:00:00,33175.0,32798.09667024937,376.9033297506321,376.9033297506321,142056.11997711373
2001-10-30 19:00:00,32435.0,32477.542039568245,-42.542039568244945,42.542039568244945,1809.8251306261186
2001-10-30 20:00:00,31523.0,31668.81886819894,-145.81886819894135,145.81886819894135,21263.14232282023
2001-10-30 21:00:00,29764.0,30032.731547318508,-268.7315473185081,268.7315473185081,72216.64452419955
2001-10-30 22:00:00,27259.0,27253.228761445378,5.771238554621959,5.771238554621959,33.30719445435496
2001-10-30 23:00:00,25035.0,24837.095804930395,197.9041950696046,197.9041950696046,39166.070426148115
2001-10-31 00:00:00,23350.0,23355.726967399718,-5.726967399717978,5.726967399717978,32.7981555974325
2001-10-31 01:00:00,22610.0,22492.813274879623,117.18672512037665,117.18672512037665,13732.728544438716
2001-10-31 02:00:00,22345.0,22234.93109799734,110.06890200265843,110.06890200265843,12115.163188070826
2001-10-31 03:00:00,22379.0,22288.922629032917,90.07737096708297,90.07737096708297,8113.932760341482
2001-10-31 04:00:00,23050.0,22961.662308966166,88.33769103383383,88.33769103383383,7803.547657189087
2001-10-31 05:00:00,25278.0,24989.5392366667,288.46076333329984,288.46076333329984,83209.61198283001
2001-10-31 06:00:00,29107.0,28690.9842305989,416.01576940109953,416.01576940109953,173069.12039038882
2001-10-31 07:00:00,31171.0,31098.04453462293,72.95546537706832,72.95546537706832,5322.499928384615
2001-10-31 08:00:00,31338.0,31394.408186326797,-56.40818632679657,56.40818632679657,3181.8834846785994
2001-10-31 09:00:00,31242.0,31304.554842450125,-62.55484245012485,62.55484245012485,3913.1083139599423
2001-10-31 10:00:00,31453.0,31073.367007512436,379.6329924875645,379.6329924875645,144121.2089850632
2001-10-31 11:00:00,31205.0,31223.587539788216,-18.58753978821551,18.58753978821551,345.4966353784946
2001-10-31 12:00:00,30928.0,30928.204820005692,-0.2048200056924543,0.2048200056924543,0.04195123473185701
2001-10-31 13:00:00,30614.0,30666.16299329872,-52.16299329871981,52.16299329871981,2720.977869882288
2001-10-31 14:00:00,29906.0,30425.316081470715,-519.3160814707153,519.3160814707153,269689.1924740986
2001-10-31 15:00:00,29813.0,29643.91498255286,169.08501744714158,169.08501744714158,28589.743125100173
2001-10-31 16:00:00,30320.0,30091.665196159818,228.33480384018185,228.33480384018185,52136.782644734325
2001-10-31 17:00:00,32387.0,32124.44023445312,262.55976554688095,262.55976554688095,68937.6304840331
2001-10-31 18:00:00,32095.0,32776.81458364445,-681.8145836444528,681.8145836444528,464871.1264702585
2001-10-31 19:00:00,31083.0,31435.692194332536,-352.692194332536,352.692194332536,124391.78394309935
2001-10-31 20:00:00,30575.0,30516.27736939493,58.722630605068844,58.722630605068844,3448.347345179368
2001-10-31 21:00:00,29333.0,29330.974127010868,2.02587298913204,2.02587298913204,4.104161368094786
2001-10-31 22:00:00,26808.0,26948.087239201923,-140.08723920192278,140.08723920192278,19624.434587216732
2001-10-31 23:00:00,24262.0,24427.89510540932,-165.8951054093195,165.8951054093195,27521.185998769233
2001-11-01 00:00:00,22595.0,22441.816572347907,153.1834276520931,153.1834276520931,23465.162507244037
2001-11-01 01:00:00,21778.0,21560.83222082006,217.16777917994114,217.16777917994114,47161.84431394767
2001-11-01 02:00:00,21498.0,21324.67479963815,173.32520036185088,173.32520036185088,30041.62508047575
2001-11-01 03:00:00,21547.0,21322.27061581491,224.72938418509148,224.72938418509148,50503.29611621044
2001-11-01 04:00:00,22187.0,22002.14083100216,184.85916899783842,184.85916899783842,34172.912362571384
2001-11-01 05:00:00,24296.0,24066.95319940337,229.0468005966286,229.0468005966286,52462.436863551746
2001-11-01 06:00:00,27937.0,27981.19110114232,-44.19110114232171,44.19110114232171,1952.8534201709074
2001-11-01 07:00:00,29680.0,30158.16664461759,-478.1666446175914,478.1666446175914,228643.34002484594
2001-11-01 08:00:00,30091.0,30177.3614202644,-86.36142026439848,86.36142026439848,7458.294910084056
2001-11-01 09:00:00,30233.0,30583.160089014378,-350.1600890143782,350.1600890143782,122612.08793855725
2001-11-01 10:00:00,30505.0,30410.29180642457,94.7081935754286,94.7081935754286,8969.641930320855
2001-11-01 11:00:00,30507.0,30456.521189758096,50.478810241904284,50.478810241904284,2548.110283438181
2001-11-01 12:00:00,30479.0,30409.853665347146,69.14633465285442,69.14633465285442,4781.2155959245365
2001-11-01 13:00:00,30548.0,30297.978197402485,250.0218025975155,250.0218025975155,62510.901774111
2001-11-01 14:00:00,30242.0,30430.71306547177,-188.71306547176937,188.71306547176937,35612.62107975231
2001-11-01 15:00:00,29924.0,30149.639105420676,-225.63910542067606,225.63910542067606,50913.00589504297
2001-11-01 16:00:00,30439.0,30224.473730592956,214.5262694070443,214.5262694070443,46021.52026570376
2001-11-01 17:00:00,32783.0,31133.68263759254,1649.3173624074589,1649.3173624074589,2720247.761938697
2001-11-01 18:00:00,33080.0,32950.20234500437,129.79765499562927,129.79765499562927,16847.431242364404
2001-11-01 19:00:00,32485.0,32340.14755690177,144.85244309822883,144.85244309822883,20982.230271525623
2001-11-01 20:00:00,31420.0,31709.133664705147,-289.13366470514666,289.13366470514666,83598.27606582818
2001-11-01 21:00:00,29491.0,29936.541053989036,-445.5410539890363,445.5410539890363,198506.83078966136
2001-11-01 22:00:00,26810.0,27155.379923688157,-345.37992368815685,345.37992368815685,119287.29168683705
2001-11-01 23:00:00,24560.0,24489.260053035225,70.7399469647753,70.7399469647753,5004.140096579222
2001-11-02 00:00:00,22628.0,22629.99585589983,-1.9958558998296212,1.9958558998296212,3.9834407728847068
2001-11-02 01:00:00,21610.0,21699.60063617074,-89.60063617074047,89.60063617074047,8028.274002201406
2001-11-02 02:00:00,21184.0,21199.852141018277,-15.852141018276598,15.852141018276598,251.2903748633274
2001-11-02 03:00:00,21099.0,21096.984394164178,2.015605835822498,2.015605835822498,4.062666885401711
2001-11-02 04:00:00,21613.0,21512.082451393246,100.91754860675428,100.91754860675428,10184.351616796614
2001-11-02 05:00:00,23525.0,23403.47395453411,121.52604546588918,121.52604546588918,14768.579726577365
2001-11-02 06:00:00,27190.0,27162.627621302956,27.37237869704404,27.37237869704404,749.2471155343904
2001-11-02 07:00:00,29179.0,29727.31865121721,-548.3186512172106,548.3186512172106,300653.34327266103
2001-11-02 08:00:00,30111.0,29960.91294090828,150.0870590917184,150.0870590917184,22526.125306800972
2001-11-02 09:00:00,30505.0,30652.533300622305,-147.53330062230452,147.53330062230452,21766.07479251128
2001-11-02 10:00:00,30991.0,30686.794471465746,304.205528534254,304.205528534254,92541.0035908048
2001-11-02 11:00:00,31400.0,30930.490035377392,469.5099646226081,469.5099646226081,220439.6068799227
2001-11-02 12:00:00,31171.0,31304.87722114955,-133.87722114954886,133.87722114954886,17923.110342725213
2001-11-02 13:00:00,31033.0,31047.009610170662,-14.0096101706622,14.0096101706622,196.26917713392174
2001-11-02 14:00:00,30966.0,30788.23583505028,177.76416494972,177.76416494972,31600.09834027126
2001-11-02 15:00:00,30503.0,30875.22946650888,-372.22946650888116,372.22946650888116,138554.77573748628
2001-11-02 16:00:00,30604.0,30843.9543543499,-239.9543543498985,239.9543543498985,57578.09217147665
2001-11-02 17:00:00,32521.0,31402.88999544524,1118.110004554761,1118.110004554761,1250169.9822854477
2001-11-02 18:00:00,32385.0,32902.497775326345,-517.4977753263447,517.4977753263447,267803.94746771595
2001-11-02 19:00:00,31103.0,31862.906164009677,-759.906164009677,759.906164009677,577457.3780999022
2001-11-02 20:00:00,29704.0,30577.875663629886,-873.8756636298858,873.8756636298858,763658.6754845734
2001-11-02 21:00:00,27949.0,28632.49997416833,-683.4999741683314,683.4999741683314,467172.2146881097
2001-11-02 22:00:00,25987.0,26112.411347186677,-125.41134718667672,125.41134718667672,15728.006003177166
2001-11-02 23:00:00,23983.0,23980.653202577832,2.346797422167583,2.346797422167583,5.507458140692413
2001-11-03 00:00:00,22243.0,22090.481310222087,152.5186897779131,152.5186897779131,23261.950731571294
2001-11-03 01:00:00,21250.0,21274.793988458627,-24.7939884586267,24.7939884586267,614.741863686514
2001-11-03 02:00:00,20584.0,20764.603041564078,-180.603041564078,180.603041564078,32617.45862219609
2001-11-03 03:00:00,20133.0,20345.87380084796,-212.8738008479595,212.8738008479595,45315.255087456724
2001-11-03 04:00:00,20066.0,20154.57794792109,-88.57794792109053,88.57794792109053,7846.052857911425
2001-11-03 05:00:00,20809.0,20738.907224922143,70.09277507785737,70.09277507785737,4912.997118115103
2001-11-03 06:00:00,21883.0,21988.252230349706,-105.25223034970622,105.25223034970622,11078.03199358762
2001-11-03 07:00:00,23177.0,23302.68891479077,-125.68891479077138,125.68891479077138,15797.703301281788
2001-11-03 08:00:00,25404.0,25170.23663522585,233.76336477414952,233.76336477414952,54645.31071053209
2001-11-03 09:00:00,26893.0,26723.60053658302,169.39946341697942,169.39946341697942,28696.178205960547
2001-11-03 10:00:00,27377.0,27355.905346524025,21.094653475975065,21.094653475975065,444.98440527146687
2001-11-03 11:00:00,27355.0,27314.486734043636,40.513265956364194,40.513265956364194,1641.3247184510979
2001-11-03 12:00:00,26887.0,27032.944410858574,-145.94441085857397,145.94441085857397,21299.771060856245
2001-11-03 13:00:00,26140.0,26422.511905829473,-282.5119058294731,282.5119058294731,79812.97693540108
2001-11-03 14:00:00,25587.0,25801.73501149879,-214.7350114987894,214.7350114987894,46111.125163385215
2001-11-03 15:00:00,25295.0,25412.10959030266,-117.10959030266167,117.10959030266167,13714.656140857269
2001-11-03 16:00:00,25642.0,25866.76687305927,-224.76687305927044,224.76687305927044,50520.14722484219
2001-11-03 17:00:00,28077.0,27077.945946857384,999.0540531426159,999.0540531426159,998109.0011006887
2001-11-03 18:00:00,28503.0,28912.84773821961,-409.8477382196106,409.8477382196106,167975.16852373048
2001-11-03 19:00:00,27694.0,28119.82963614274,-425.8296361427383,425.8296361427383,181330.8790174569
2001-11-03 20:00:00,26823.0,27352.520686953343,-529.5206869533431,529.5206869533431,280392.15791154036
2001-11-03 21:00:00,25745.0,26006.539725750747,-261.5397257507466,261.5397257507466,68403.02814577574
2001-11-03 22:00:00,24276.0,24342.61859972667,-66.61859972666934,66.61859972666934,4438.037829542189
2001-11-03 23:00:00,22344.0,22574.788527849163,-230.78852784916307,230.78852784916307,53263.34458678392
2001-11-04 00:00:00,20901.0,20972.162672038077,-71.16267203807729,71.16267203807729,5064.125891598947
2001-11-04 01:00:00,19895.0,19936.47609140724,-41.47609140723944,41.47609140723944,1720.266158421681
2001-11-04 02:00:00,19543.0,19389.238011613554,153.76198838644632,153.76198838644632,23642.74907255365
2001-11-04 03:00:00,19204.0,19270.646597086386,-66.64659708638646,66.64659708638646,4441.768903195137
2001-11-04 04:00:00,19544.0,19162.20499488022,381.7950051197804,381.7950051197804,145767.42593441313
2001-11-04 05:00:00,19922.0,19910.46743444588,11.532565554120083,11.532565554120083,133.00006826007706
2001-11-04 06:00:00,20600.0,20682.85264547859,-82.8526454785897,82.8526454785897,6864.5608628008695
2001-11-04 07:00:00,21780.0,21572.616529906503,207.38347009349673,207.38347009349673,43007.90366802025
2001-11-04 08:00:00,23312.0,23416.029276497076,-104.02927649707635,104.02927649707635,10822.090368505162
2001-11-04 09:00:00,24319.0,24330.076782504846,-11.07678250484605,11.07678250484605,122.69511065966356
2001-11-04 10:00:00,24622.0,24889.614597547075,-267.6145975470754,267.6145975470754,71617.57282028312
2001-11-04 11:00:00,24734.0,24926.226137124995,-192.22613712499515,192.22613712499515,36950.88779399744
2001-11-04 12:00:00,24722.0,24658.80689939401,63.19310060598946,63.19310060598946,3993.367964198705
2001-11-04 13:00:00,24427.0,24560.67998500066,-133.67998500066096,133.67998500066096,17870.33838977694
2001-11-04 14:00:00,24207.0,24306.84038470856,-99.84038470856103,99.84038470856103,9968.102418753468
2001-11-04 15:00:00,24197.0,24169.232702947436,27.767297052563663,27.767297052563663,771.0227856053107
2001-11-04 16:00:00,25158.0,25071.66199383883,86.3380061611715,86.3380061611715,7454.251307886489
2001-11-04 17:00:00,28225.0,27544.943870383802,680.0561296161977,680.0561296161977,462476.33942856273
2001-11-04 18:00:00,28886.0,28370.485016298695,515.514983701305,515.514983701305,265755.6984205568
2001-11-04 19:00:00,28312.0,28573.487143185095,-261.4871431850952,261.4871431850952,68375.52605110247
2001-11-04 20:00:00,27516.0,27695.82009774419,-179.8200977441884,179.8200977441884,32335.267552729467
2001-11-04 21:00:00,26247.0,26436.4443789591,-189.44437895909869,189.44437895909869,35889.17271919859
2001-11-04 22:00:00,24392.0,24636.796283789776,-244.79628378977577,244.79628378977577,59925.22055728443
2001-11-04 23:00:00,22716.0,22665.270522319246,50.72947768075392,50.72947768075392,2573.47990576211
2001-11-05 00:00:00,21426.0,21146.44397444471,279.5560255552882,279.5560255552882,78151.57142426896
2001-11-05 01:00:00,20367.0,20637.398021105724,-270.3980211057242,270.3980211057242,73115.08981789165
2001-11-05 02:00:00,20412.0,20157.44222711893,254.5577728810713,254.5577728810713,64799.65973417107
2001-11-05 03:00:00,20384.0,20373.70092267578,10.29907732421998,10.29907732421998,106.07099373026217
2001-11-05 04:00:00,21213.0,20994.529638670603,218.47036132939684,218.47036132939684,47729.29877939721
2001-11-05 05:00:00,23463.0,23022.310889805474,440.6891101945257,440.6891101945257,194206.89184404284
2001-11-05 06:00:00,27234.0,26842.992081601704,391.00791839829617,391.00791839829617,152887.19225016865
2001-11-05 07:00:00,29381.0,29427.84171692828,-46.84171692828022,46.84171692828022,2194.146444789134
2001-11-05 08:00:00,30099.0,29934.088659349552,164.91134065044753,164.91134065044753,27195.750275127946
2001-11-05 09:00:00,30501.0,30707.057017419065,-206.05701741906523,206.05701741906523,42459.49442764095
2001-11-05 10:00:00,30874.0,30657.387105297665,216.61289470233532,216.61289470233532,46921.14615132501
2001-11-05 11:00:00,30789.0,30732.42392855125,56.57607144875146,56.57607144875146,3200.8518605742306
2001-11-05 12:00:00,30536.0,30597.238245071072,-61.238245071072015,61.238245071072015,3750.122659384676
2001-11-05 13:00:00,30456.0,30365.4583343876,90.54166561239981,90.54166561239981,8197.793211867622
2001-11-05 14:00:00,30121.0,30272.711749864324,-151.7117498643238,151.7117498643238,23016.45504689515
2001-11-05 15:00:00,30049.0,30000.13656747894,48.86343252105871,48.86343252105871,2387.635037740058
2001-11-05 16:00:00,30981.0,30314.658829272157,666.3411707278428,666.3411707278428,444010.5558069522
2001-11-05 17:00:00,33590.0,32201.390289575385,1388.6097104246146,1388.6097104246146,1928236.927885532
2001-11-05 18:00:00,34003.0,33331.71208131901,671.2879186809878,671.2879186809878,450627.46976705245
2001-11-05 19:00:00,33139.0,33256.7251466345,-117.72514663449692,117.72514663449692,13859.210150113802
2001-11-05 20:00:00,32097.0,32104.590124088187,-7.5901240881867125,7.5901240881867125,57.609983674072176
2001-11-05 21:00:00,30317.0,30491.237429185254,-174.23742918525386,174.23742918525386,30358.681729086355
2001-11-05 22:00:00,27679.0,27806.15290839246,-127.15290839246154,127.15290839246154,16167.862112661716
2001-11-05 23:00:00,25216.0,25388.940634947685,-172.94063494768488,172.94063494768488,29908.46321610841
2001-11-06 00:00:00,23570.0,23443.32828401055,126.6717159894506,126.6717159894506,16045.723631712035
2001-11-06 01:00:00,22845.0,22682.21055105058,162.78944894942106,162.78944894942106,26500.404689256164
2001-11-06 02:00:00,22409.0,22475.352988988896,-66.35298898889596,66.35298898889596,4402.719147760548
2001-11-06 03:00:00,22402.0,22334.395906707436,67.60409329256436,67.60409329256436,4570.3134299097455
2001-11-06 04:00:00,23101.0,23027.980573266774,73.01942673322628,73.01942673322628,5331.8366804490015
2001-11-06 05:00:00,25247.0,25025.852618192257,221.14738180774293,221.14738180774293,48906.164480419626
2001-11-06 06:00:00,29037.0,28745.484197234826,291.51580276517416,291.51580276517416,84981.46326182393
2001-11-06 07:00:00,30658.0,31124.835993609922,-466.8359936099223,466.8359936099223,217935.8449297634
2001-11-06 08:00:00,30784.0,31061.13749927095,-277.1374992709498,277.1374992709498,76805.19350215569
2001-11-06 09:00:00,30722.0,30809.04037267617,-87.04037267616877,87.04037267616877,7576.026475606347
2001-11-06 10:00:00,30633.0,30639.107401101217,-6.107401101216965,6.107401101216965,37.30034821114619
2001-11-06 11:00:00,30301.0,30400.18039029593,-99.1803902959291,99.1803902959291,9836.749819252827
2001-11-06 12:00:00,29904.0,30019.97655199813,-115.97655199813016,115.97655199813016,13450.56061337499
2001-11-06 13:00:00,29798.0,29669.452550823036,128.5474491769637,128.5474491769637,16524.446689904067
2001-11-06 14:00:00,29438.0,29582.586174724303,-144.58617472430342,144.58617472430342,20905.161921406798
2001-11-06 15:00:00,29227.0,29327.81588502592,-100.81588502592058,100.81588502592058,10163.842673559637
2001-11-06 16:00:00,29927.0,30066.04904003551,-139.04904003550837,139.04904003550837,19334.63553479641
2001-11-06 17:00:00,32887.0,32268.971046602408,618.028953397592,618.028953397592,381959.7872377229
2001-11-06 18:00:00,33269.0,33091.34618852046,177.6538114795403,177.6538114795403,31560.87673320805
2001-11-06 19:00:00,32625.0,32702.718638858023,-77.71863885802304,77.71863885802304,6040.186825943809
2001-11-06 20:00:00,31798.0,31912.008597958386,-114.00859795838551,114.00859795838551,12997.960408436784
2001-11-06 21:00:00,30357.0,30346.078606610477,10.921393389522564,10.921393389522564,119.27683356870715
2001-11-06 22:00:00,27341.0,27949.461294181125,-608.4612941811247,608.4612941811247,370225.14651656913
2001-11-06 23:00:00,25096.0,24979.514111837332,116.48588816266783,116.48588816266783,13568.962141045558
2001-11-07 00:00:00,23316.0,23450.293925102367,-134.2939251023672,134.2939251023672,18034.858319400213
2001-11-07 01:00:00,22373.0,22540.715062350177,-167.7150623501766,167.7150623501766,28128.342139123622
2001-11-07 02:00:00,22009.0,21968.23564088126,40.764359118740686,40.764359118740686,1661.732974361657
2001-11-07 03:00:00,21953.0,22020.13599817995,-67.13599817995055,67.13599817995055,4507.242251618323
2001-11-07 04:00:00,22693.0,22557.516524393406,135.48347560659386,135.48347560659386,18355.772162442514
2001-11-07 05:00:00,24619.0,24494.420303350646,124.57969664935445,124.57969664935445,15520.100817245175
2001-11-07 06:00:00,28253.0,28246.821708881227,6.178291118772904,6.178291118772904,38.17128114830815
2001-11-07 07:00:00,29856.0,30426.418262495787,-570.4182624957866,570.4182624957866,325376.99418871215
2001-11-07 08:00:00,30062.0,30386.504204014334,-324.5042040143344,324.5042040143344,105302.97842297675
2001-11-07 09:00:00,30133.0,30434.846563426127,-301.8465634261265,301.8465634261265,91111.34785216262
2001-11-07 10:00:00,30104.0,30211.742330386827,-107.74233038682723,107.74233038682723,11608.409757184236
2001-11-07 11:00:00,30071.0,29988.45119629655,82.54880370344836,82.54880370344836,6814.3049928704495
2001-11-07 12:00:00,29721.0,29928.880322101173,-207.88032210117308,207.88032210117308,43214.22831688747
2001-11-07 13:00:00,29653.0,29484.347670198385,168.65232980161454,168.65232980161454,28443.60834751256
2001-11-07 14:00:00,29444.0,29455.19397411174,-11.193974111738498,11.193974111738498,125.3050564142717
2001-11-07 15:00:00,29248.0,29260.174068177053,-12.174068177053414,12.174068177053414,148.20793597954463
2001-11-07 16:00:00,29692.0,29936.497132173354,-244.49713217335375,244.49713217335375,59778.84764099441
2001-11-07 17:00:00,32360.0,31365.932338342678,994.0676616573219,994.0676616573219,988170.5159528558
2001-11-07 18:00:00,32444.0,32570.309584620885,-126.30958462088529,126.30958462088529,15954.111167100582
2001-11-07 19:00:00,31501.0,31871.83630830283,-370.83630830283073,370.83630830283073,137519.5675556721
2001-11-07 20:00:00,30560.0,30942.616635092963,-382.6166350929634,382.6166350929634,146395.48944986193
2001-11-07 21:00:00,28887.0,29238.785757927515,-351.7857579275151,351.7857579275151,123753.21948063624
2001-11-07 22:00:00,26197.0,26592.75936307405,-395.75936307404845,395.75936307404845,156625.4734607765
2001-11-07 23:00:00,23759.0,24099.479440229923,-340.47944022992306,340.47944022992306,115926.24921928174
2001-11-08 00:00:00,22478.0,22070.205116101413,407.7948838985867,407.7948838985867,166296.6673338618
2001-11-08 01:00:00,21558.0,21535.201271786555,22.79872821344543,22.79872821344543,519.7820081505527
2001-11-08 02:00:00,21251.0,21178.387986143935,72.61201385606546,72.61201385606546,5272.504556233443
2001-11-08 03:00:00,21187.0,21192.554156222006,-5.554156222005986,5.554156222005986,30.848651338447805
2001-11-08 04:00:00,21500.0,21723.418850701786,-223.41885070178614,223.41885070178614,49915.982848907006
2001-11-08 05:00:00,24184.0,23461.976753186013,722.0232468139875,722.0232468139875,521317.5689398123
2001-11-08 06:00:00,27953.0,27679.56092935302,273.4390706469785,273.4390706469785,74768.9253562833
2001-11-08 07:00:00,29668.0,30086.31620470397,-418.31620470396956,418.31620470396956,174988.44711793336
2001-11-08 08:00:00,29958.0,29981.94848755319,-23.948487553188897,23.948487553188897,573.5300560852436
2001-11-08 09:00:00,30035.0,30141.108351857405,-106.10835185740507,106.10835185740507,11258.982333894877
2001-11-08 10:00:00,30101.0,30129.99944823003,-28.999448230031703,28.999448230031703,840.9679976462888
2001-11-08 11:00:00,29935.0,30040.79643611361,-105.79643611361098,105.79643611361098,11192.885894341369
2001-11-08 12:00:00,29670.0,29705.63533715014,-35.635337150139094,35.635337150139094,1269.8772538040835
2001-11-08 13:00:00,29627.0,29485.05137995367,141.94862004632887,141.94862004632887,20149.410733057037
2001-11-08 14:00:00,29294.0,29451.263120004634,-157.2631200046344,157.2631200046344,24731.688913592043
2001-11-08 15:00:00,29023.0,29147.86818775976,-124.86818775975917,124.86818775975917,15592.064314406469
2001-11-08 16:00:00,29615.0,29653.67705164502,-38.677051645019674,38.677051645019674,1495.914323951519
2001-11-08 17:00:00,32205.0,31638.24126167454,566.7587383254613,566.7587383254613,321215.4674682687
2001-11-08 18:00:00,32397.0,32165.096404697015,231.9035953029852,231.9035953029852,53779.27751445074
2001-11-08 19:00:00,31582.0,31838.16474897508,-256.1647489750794,256.1647489750794,65620.37861746545
2001-11-08 20:00:00,30452.0,30881.293112647723,-429.2931126477233,429.2931126477233,184292.57656677088
2001-11-08 21:00:00,28715.0,29073.983024547786,-358.98302454778604,358.98302454778604,128868.81191347635
2001-11-08 22:00:00,26304.0,26346.131682999883,-42.131682999883196,42.131682999883196,1775.0787124026467
2001-11-08 23:00:00,23894.0,24059.047487989883,-165.04748798988294,165.04748798988294,27240.673291770552
2001-11-09 00:00:00,21987.0,22053.161463105454,-66.16146310545446,66.16146310545446,4377.3392002544115
2001-11-09 01:00:00,21235.0,21082.29595430162,152.70404569838138,152.70404569838138,23318.525572653347
2001-11-09 02:00:00,20792.0,20781.018599212755,10.981400787244638,10.981400787244638,120.59116325009715
2001-11-09 03:00:00,20705.0,20612.36625960751,92.63374039249175,92.63374039249175,8581.009859103557
2001-11-09 04:00:00,21400.0,21122.53514756967,277.4648524303302,277.4648524303302,76986.74433418491
2001-11-09 05:00:00,23297.0,23395.78147952604,-98.78147952603831,98.78147952603831,9757.780697353126
2001-11-09 06:00:00,26928.0,27068.804394703107,-140.8043947031074,140.8043947031074,19825.877567708456
2001-11-09 07:00:00,28807.0,29212.087872738004,-405.0878727380041,405.0878727380041,164096.18463940138
2001-11-09 08:00:00,29560.0,29395.352358277098,164.64764172290234,164.64764172290234,27108.84592491321
2001-11-09 09:00:00,29891.0,29898.34215450807,-7.342154508070962,7.342154508070962,53.90723282038675
2001-11-09 10:00:00,30041.0,30093.595803218872,-52.59580321887188,52.59580321887188,2766.3185162382933
2001-11-09 11:00:00,29898.0,30084.930264786843,-186.9302647868426,186.9302647868426,34942.92389327908
2001-11-09 12:00:00,29387.0,29678.766078053453,-291.7660780534534,291.7660780534534,85127.44430269385
2001-11-09 13:00:00,29404.0,29191.7964325751,212.2035674248982,212.2035674248982,45030.35402785332
2001-11-09 14:00:00,28761.0,29163.20860325093,-402.2086032509287,402.2086032509287,161771.760529063
2001-11-09 15:00:00,28611.0,28632.38648978663,-21.38648978662968,21.38648978662968,457.3819453936157
2001-11-09 16:00:00,29608.0,29295.030243997884,312.9697560021159,312.9697560021159,97950.06817202397
2001-11-09 17:00:00,32244.0,31907.61839936194,336.38160063805844,336.38160063805844,113152.58124782224
2001-11-09 18:00:00,32200.0,32119.418387891536,80.58161210846447,80.58161210846447,6493.396209999028
2001-11-09 19:00:00,31419.0,31551.205897392538,-132.20589739253774,132.20589739253774,17478.399305366216
2001-11-09 20:00:00,30539.0,30839.038287752115,-300.03828775211514,300.03828775211514,90022.97411722105
2001-11-09 21:00:00,29288.0,29080.983019088337,207.01698091166327,207.01698091166327,42856.03038577995
2001-11-09 22:00:00,27430.0,27027.73402355414,402.26597644585854,402.26597644585854,161817.91580594002
2001-11-09 23:00:00,25424.0,24901.892073338164,522.1079266618362,522.1079266618362,272596.6870831214
2001-11-10 00:00:00,23871.0,23512.7677645114,358.23223548859823,358.23223548859823,128330.3345431585
2001-11-10 01:00:00,23010.0,22618.906180948437,391.0938190515626,391.0938190515626,152954.3753003364
2001-11-10 02:00:00,22571.0,22460.84417208004,110.15582791995985,110.15582791995985,12134.306424731805
2001-11-10 03:00:00,22457.0,22412.84482132745,44.15517867255039,44.15517867255039,1949.679803604849
2001-11-10 04:00:00,22569.0,22760.24985014995,-191.24985014995036,191.24985014995036,36576.50518237847
2001-11-10 05:00:00,23569.0,23451.49464551359,117.50535448640949,117.50535448640949,13807.508332976755
2001-11-10 06:00:00,24713.0,24464.9900623387,248.00993766129977,248.00993766129977,61508.9291787618
2001-11-10 07:00:00,25891.0,25923.40280938203,-32.40280938203068,32.40280938203068,1049.9420558482157
2001-11-10 08:00:00,27488.0,27264.4671289068,223.5328710932008,223.5328710932008,49966.94445916953
2001-11-10 09:00:00,27960.0,28273.71218802424,-313.7121880242412,313.7121880242412,98415.33691495686
2001-11-10 10:00:00,27644.0,28058.513880175666,-414.5138801756657,414.5138801756657,171821.75685828613
2001-11-10 11:00:00,27161.0,27302.810137037384,-141.81013703738427,141.81013703738427,20110.114966561705
2001-11-10 12:00:00,26424.0,26754.828942224278,-330.82894222427785,330.82894222427785,109447.78901323458
2001-11-10 13:00:00,25721.0,25931.74816647964,-210.74816647963962,210.74816647963962,44414.7896745299
2001-11-10 14:00:00,25114.0,25324.707995093533,-210.7079950935331,210.7079950935331,44397.85919633637
2001-11-10 15:00:00,24926.0,25025.14621340835,-99.14621340834856,99.14621340834856,9829.971633213796
2001-11-10 16:00:00,25814.0,25915.138932824666,-101.13893282466597,101.13893282466597,10229.083732912295
2001-11-10 17:00:00,28560.0,28052.31756219612,507.68243780388,507.68243780388,257741.4576544905
2001-11-10 18:00:00,28718.0,29215.74748370692,-497.7474837069203,497.7474837069203,247752.5575365709
2001-11-10 19:00:00,28051.0,28517.753731079858,-466.75373107985797,466.75373107985797,217859.04547696837
2001-11-10 20:00:00,27102.0,27723.72899549594,-621.7289954959415,621.7289954959415,386546.94384039246
2001-11-10 21:00:00,25965.0,26427.24127101812,-462.24127101811973,462.24127101811973,213666.9926324468
2001-11-10 22:00:00,24574.0,24796.576199734754,-222.57619973475448,222.57619973475448,49540.16468836532
2001-11-10 23:00:00,22862.0,23028.523603428883,-166.52360342888278,166.52360342888278,27730.11049893982
2001-11-11 00:00:00,21431.0,21820.116063018548,-389.1160630185477,389.1160630185477,151411.3104990544
2001-11-11 01:00:00,20493.0,20688.083943734626,-195.0839437346258,195.0839437346258,38057.74510305464
2001-11-11 02:00:00,19896.0,20102.629970393187,-206.62997039318725,206.62997039318725,42695.94466468944
2001-11-11 03:00:00,19674.0,19774.543658047172,-100.54365804717236,100.54365804717236,10109.027173506727
2001-11-11 04:00:00,19675.0,19740.982170851003,-65.98217085100259,65.98217085100259,4353.646870210896
2001-11-11 05:00:00,20280.0,20132.58777854805,147.41222145194843,147.41222145194843,21730.363033398284
2001-11-11 06:00:00,21111.0,21047.052984615293,63.9470153847069,63.9470153847069,4089.2207766119413
2001-11-11 07:00:00,21889.0,22288.71984621108,-399.71984621107913,399.71984621107913,159775.95545500875
2001-11-11 08:00:00,23341.0,23662.358318835904,-321.35831883590436,321.35831883590436,103271.16908503877
2001-11-11 09:00:00,24614.0,24541.040542963874,72.95945703612597,72.95945703612597,5323.082371006311
2001-11-11 10:00:00,24900.0,25155.163555031027,-255.1635550310275,255.1635550310275,65108.4398160722
2001-11-11 11:00:00,24954.0,24975.854371666803,-21.854371666802763,21.854371666802763,477.6135609507514
2001-11-11 12:00:00,24786.0,24861.26974515716,-75.26974515715847,75.26974515715847,5665.534536023581
2001-11-11 13:00:00,24574.0,24583.597438354183,-9.597438354183396,9.597438354183396,92.1108229623505
2001-11-11 14:00:00,24578.0,24389.450054441175,188.54994555882513,188.54994555882513,35551.08197023592
2001-11-11 15:00:00,24433.0,24601.759817571394,-168.7598175713938,168.7598175713938,28479.876026730115
2001-11-11 16:00:00,25483.0,25457.853912760726,25.146087239274493,25.146087239274493,632.3257034452035
2001-11-11 17:00:00,28620.0,28053.86457890389,566.1354210961108,566.1354210961108,320509.3150196707
2001-11-11 18:00:00,29376.0,29033.132182008263,342.86781799173696,342.86781799173696,117558.34061441486
2001-11-11 19:00:00,28993.0,29213.11672304797,-220.11672304796957,220.11672304796957,48451.37176537654
2001-11-11 20:00:00,28643.0,28539.939270138362,103.06072986163781,103.06072986163781,10621.514039613483
2001-11-11 21:00:00,27662.0,27360.899112629384,301.10088737061596,301.10088737061596,90661.74437537236
2001-11-11 22:00:00,25918.0,25857.180709099586,60.81929090041376,60.81929090041376,3698.9861456291524
2001-11-11 23:00:00,24339.0,24152.47873326807,186.52126673192834,186.52126673192834,34790.18294328316
2001-11-12 00:00:00,23093.0,22606.140706506525,486.859293493475,486.859293493475,237031.97166096562
2001-11-12 01:00:00,22707.0,21988.23845274779,718.7615472522084,718.7615472522084,516618.1618083886
2001-11-12 02:00:00,22656.0,22255.647860804103,400.3521391958966,400.3521391958966,160281.83535873058
2001-11-12 03:00:00,22574.0,22562.495922318776,11.504077681223862,11.504077681223862,132.343803295633
2001-11-12 04:00:00,23418.0,23112.393913324664,305.606086675336,305.606086675336,93395.08021301296
2001-11-12 05:00:00,25559.0,25242.60471273904,316.39528726095887,316.39528726095887,100105.97780094467
2001-11-12 06:00:00,29311.0,29162.792894196496,148.2071058035035,148.2071058035035,21965.346210650885
2001-11-12 07:00:00,31110.0,31346.02247169662,-236.0224716966186,236.0224716966186,55706.60714578113
2001-11-12 08:00:00,31696.0,31357.091528432782,338.90847156721793,338.90847156721793,114858.95210002776
2001-11-12 09:00:00,31395.0,31537.185479706168,-142.18547970616783,142.18547970616783,20216.710639273064
2001-11-12 10:00:00,31142.0,31063.687732232906,78.31226776709445,78.31226776709445,6132.8112828251005
2001-11-12 11:00:00,30790.0,30905.807778142807,-115.80777814280736,115.80777814280736,13411.441478373692
2001-11-12 12:00:00,30392.0,30534.45678548346,-142.4567854834604,142.4567854834604,20293.935730280657
2001-11-12 13:00:00,30023.0,30180.577846853183,-157.57784685318256,157.57784685318256,24830.777818885057
2001-11-12 14:00:00,29665.0,29743.373952358656,-78.37395235865552,78.37395235865552,6142.476408316805
2001-11-12 15:00:00,29537.0,29502.501182646913,34.49881735308736,34.49881735308736,1190.1683987616816
2001-11-12 16:00:00,30377.0,30062.334437067748,314.6655629322522,314.6655629322522,99014.41649547117
2001-11-12 17:00:00,33815.0,32753.18223821512,1061.8177617848814,1061.8177617848814,1127456.9592418552
2001-11-12 18:00:00,34011.0,33911.60252305731,99.39747694269317,99.39747694269317,9879.858422573221
2001-11-12 19:00:00,33355.0,33319.50281365655,35.49718634344754,35.49718634344754,1260.0502383014384
2001-11-12 20:00:00,32553.0,32445.081578591853,107.91842140814697,107.91842140814697,11646.385679226394
2001-11-12 21:00:00,30931.0,31071.429413298152,-140.4294132981522,140.4294132981522,19720.42011926325
2001-11-12 22:00:00,28635.0,28646.44055019646,-11.440550196461118,11.440550196461118,130.8861887977465
2001-11-12 23:00:00,26258.0,26277.267547381834,-19.267547381834447,19.267547381834447,371.23838211123547
2001-11-13 00:00:00,24704.0,24480.409403319998,223.5905966800019,223.5905966800019,49992.75492371928
2001-11-13 01:00:00,24106.0,23718.7168796145,387.2831203854985,387.2831203854985,149988.2153355285
2001-11-13 02:00:00,23877.0,23757.601518291573,119.39848170842743,119.39848170842743,14255.997434277679
2001-11-13 03:00:00,23995.0,23877.37211331838,117.62788668162102,117.62788668162102,13836.319725184276
2001-11-13 04:00:00,24784.0,24543.20623600597,240.79376399402827,240.79376399402827,57981.63677841178
2001-11-13 05:00:00,27665.0,26789.77634934117,875.2236506588306,875.2236506588306,766016.4386725707
2001-11-13 06:00:00,31716.0,31081.955898505275,634.0441014947246,634.0441014947246,402011.9226402526
2001-11-13 07:00:00,33260.0,32963.3976383859,296.60236161410285,296.60236161410285,87972.96091506303
2001-11-13 08:00:00,32966.0,33332.4883388198,-366.48833881979954,366.48833881979954,134313.7024908962
2001-11-13 09:00:00,32037.0,32695.18867559513,-658.1886755951309,658.1886755951309,433212.3326816725
2001-11-13 10:00:00,31321.0,31693.77014313846,-372.7701431384594,372.7701431384594,138957.5796154675
2001-11-13 11:00:00,30661.0,30885.6859989524,-224.68599895239822,224.68599895239822,50483.798125237096
2001-11-13 12:00:00,30227.0,30361.3748604675,-134.37486046749837,134.37486046749837,18056.603125659654
2001-11-13 13:00:00,29939.0,29962.37592862596,-23.375928625959205,23.375928625959205,546.434039125939
2001-11-13 14:00:00,29425.0,29678.745379226217,-253.74537922621676,253.74537922621676,64386.71747865655
2001-11-13 15:00:00,29353.0,29308.233539257206,44.76646074279415,44.76646074279415,2004.03600743613
2001-11-13 16:00:00,30346.0,30156.514897012927,189.48510298707333,189.48510298707333,35904.60425402179
2001-11-13 17:00:00,33416.0,32609.603322298983,806.3966777010173,806.3966777010173,650275.6018072384
2001-11-13 18:00:00,33689.0,33634.81872684266,54.18127315733727,54.18127315733727,2935.6103609499964
2001-11-13 19:00:00,33135.0,33251.81989929806,-116.8198992980615,116.8198992980615,13646.888872009229
2001-11-13 20:00:00,32337.0,32277.56023783457,59.4397621654316,59.4397621654316,3533.085326283074
2001-11-13 21:00:00,30571.0,30864.547943563466,-293.5479435634661,293.5479435634661,86170.39517033988
2001-11-13 22:00:00,28115.0,28221.35186285813,-106.3518628581296,106.3518628581296,11310.718733394408
2001-11-13 23:00:00,25858.0,25850.400110925373,7.599889074626844,7.599889074626844,57.75831394663247
2001-11-14 00:00:00,24200.0,24265.254122893646,-65.25412289364613,65.25412289364613,4258.100554619072
2001-11-14 01:00:00,23484.0,23335.96523684487,148.03476315513035,148.03476315513035,21914.29110239554
2001-11-14 02:00:00,23217.0,23197.850046937874,19.14995306212586,19.14995306212586,366.72070228162363
2001-11-14 03:00:00,23317.0,23208.9892721683,108.01072783170093,108.01072783170093,11666.317326733775
2001-11-14 04:00:00,24073.0,23884.816431655145,188.1835683448553,188.1835683448553,35413.055395002826
2001-11-14 05:00:00,26672.0,26123.28150297105,548.7184970289491,548.7184970289491,301091.98898170877
2001-11-14 06:00:00,30653.0,30012.931042201515,640.0689577984849,640.0689577984849,409688.2707372387
2001-11-14 07:00:00,32457.0,32142.209593867963,314.7904061320369,314.7904061320369,99092.99979277272
2001-11-14 08:00:00,32266.0,32516.063006714958,-250.06300671495774,250.06300671495774,62531.507327325
2001-11-14 09:00:00,31713.0,32056.76832277765,-343.7683227776506,343.7683227776506,118176.65974535898
2001-11-14 10:00:00,31412.0,31320.822771199517,91.17722880048314,91.17722880048314,8313.287051735651
2001-11-14 11:00:00,30910.0,31112.63890879776,-202.63890879775863,202.63890879775863,41062.52735874634
2001-11-14 12:00:00,30293.0,30554.59119546114,-261.59119546114016,261.59119546114016,68429.95354278844
2001-11-14 13:00:00,30005.0,30020.65585031102,-15.655850311020913,15.655850311020913,245.1056489610936
2001-11-14 14:00:00,29552.0,29700.6648223574,-148.66482235740114,148.66482235740114,22101.229406557635
2001-11-14 15:00:00,29662.0,29465.915868775322,196.08413122467755,196.08413122467755,38448.98651813657
2001-11-14 16:00:00,30591.0,30485.92228977071,105.07771022928864,105.07771022928864,11041.32518703035
2001-11-14 17:00:00,33359.0,32923.090140431705,435.90985956829536,435.90985956829536,190017.405668851
2001-11-14 18:00:00,33452.0,33419.87406586235,32.12593413764989,32.12593413764989,1032.0756442166187
2001-11-14 19:00:00,32632.0,32913.445005254696,-281.4450052546963,281.4450052546963,79211.29098281603
2001-11-14 20:00:00,31968.0,31846.590498277677,121.4095017223226,121.4095017223226,14740.267108462655
2001-11-14 21:00:00,30382.0,30685.13663241713,-303.13663241712857,303.13663241712857,91891.81791319732
2001-11-14 22:00:00,27927.0,27912.210899565747,14.78910043425276,14.78910043425276,218.71749165441517
2001-11-14 23:00:00,25466.0,25646.268287276347,-180.2682872763471,180.2682872763471,32496.65539754761
2001-11-15 00:00:00,23828.0,23871.617231014683,-43.61723101468306,43.61723101468306,1902.4628413882297
2001-11-15 01:00:00,23068.0,22976.07670079592,91.92329920408156,91.92329920408156,8449.892936563101
2001-11-15 02:00:00,22697.0,22822.31043949505,-125.31043949504965,125.31043949504965,15702.7062464425
2001-11-15 03:00:00,22617.0,22608.60967388174,8.390326118260418,8.390326118260418,70.39757237076294
2001-11-15 04:00:00,23230.0,23292.277917496944,-62.2779174969437,62.2779174969437,3878.5390077561265
2001-11-15 05:00:00,25209.0,25209.224731147362,-0.2247311473620357,0.2247311473620357,0.05050408859465701
2001-11-15 06:00:00,29218.0,28864.04294880374,353.9570511962593,353.9570511962593,125285.5940915513
2001-11-15 07:00:00,31094.0,31294.740563212068,-200.74056321206808,200.74056321206808,40296.7737186983
2001-11-15 08:00:00,31252.0,31314.580941365308,-62.58094136530781,62.58094136530781,3916.374222168094
2001-11-15 09:00:00,30925.0,31144.955005982345,-219.95500598234503,219.95500598234503,48380.20465669344
2001-11-15 10:00:00,30790.0,30734.12183070662,55.87816929338078,55.87816929338078,3122.3698035797224
2001-11-15 11:00:00,30819.0,30532.067368269105,286.9326317308951,286.9326317308951,82330.33515201746
2001-11-15 12:00:00,30562.0,30575.648745860053,-13.648745860053168,13.648745860053168,186.28826355231848
2001-11-15 13:00:00,30539.0,30344.0758782366,194.92412176340076,194.92412176340076,37995.41324523309
2001-11-15 14:00:00,30187.0,30353.902593383777,-166.90259338377655,166.90259338377655,27856.47567823025
2001-11-15 15:00:00,29966.0,30083.097615197945,-117.09761519794483,117.09761519794483,13711.851485045961
2001-11-15 16:00:00,30747.0,30548.900883286937,198.09911671306327,198.09911671306327,39243.260042495865
2001-11-15 17:00:00,33382.0,32658.06917237353,723.930827626471,723.930827626471,524075.8431879473
2001-11-15 18:00:00,33198.0,33325.276833708216,-127.27683370821615,127.27683370821615,16199.392398788905
2001-11-15 19:00:00,32394.0,32547.862739436827,-153.8627394368268,153.8627394368268,23673.74258700486
2001-11-15 20:00:00,31446.0,31647.887306313656,-201.88730631365615,201.88730631365615,40758.48445058403
2001-11-15 21:00:00,29697.0,29915.24410753824,-218.24410753824122,218.24410753824122,47630.4904751634
2001-11-15 22:00:00,27145.0,27282.871553400237,-137.87155340023673,137.87155340023673,19008.56523699433
2001-11-15 23:00:00,24905.0,24831.811361471864,73.18863852813593,73.18863852813593,5356.576809602142
2001-11-16 00:00:00,23128.0,23175.8511424854,-47.85114248540049,47.85114248540049,2289.7318371580996
2001-11-16 01:00:00,22164.0,22209.060097790534,-45.0600977905342,45.0600977905342,2030.4124128925052
2001-11-16 02:00:00,21830.0,21690.89573063156,139.10426936843942,139.10426936843942,19349.99775652735
2001-11-16 03:00:00,21724.0,21724.91751765853,-0.9175176585304143,0.9175176585304143,0.841838653715134
2001-11-16 04:00:00,22205.0,22178.716753908076,26.283246091923502,26.283246091923502,690.809025128612
2001-11-16 05:00:00,24147.0,24013.2456608647,133.75433913529923,133.75433913529923,17890.22323752064
2001-11-16 06:00:00,27994.0,27910.301986267514,83.69801373248629,83.69801373248629,7005.357502763463
2001-11-16 07:00:00,29556.0,30342.55908558486,-786.5590855848604,786.5590855848604,618675.1951160919
2001-11-16 08:00:00,29731.0,30231.315484262374,-500.3154842623735,500.3154842623735,250315.5837926933
2001-11-16 09:00:00,29809.0,30000.912996494273,-191.9129964942731,191.9129964942731,36830.59822341088
2001-11-16 10:00:00,29849.0,29853.045453667186,-4.045453667185939,4.045453667185939,16.36569537334816
2001-11-16 11:00:00,29912.0,29723.1943179896,188.80568201039932,188.80568201039932,35647.58555941203
2001-11-16 12:00:00,29723.0,29757.899911409946,-34.89991140994607,34.89991140994607,1218.003816422084
2001-11-16 13:00:00,29656.0,29516.659472615178,139.34052738482205,139.34052738482205,19415.782571880343
2001-11-16 14:00:00,29337.0,29482.167437953158,-145.1674379531578,145.1674379531578,21073.585041883915
2001-11-16 15:00:00,28876.0,29186.017022471202,-310.0170224712019,310.0170224712019,96110.55422190973
2001-11-16 16:00:00,29350.0,29756.512403017652,-406.5124030176521,406.5124030176521,165252.33380718602
2001-11-16 17:00:00,31655.0,30949.62196031353,705.3780396864713,705.3780396864713,497558.1788719291
2001-11-16 18:00:00,31658.0,31916.053602540876,-258.05360254087645,258.05360254087645,66591.66178432463
2001-11-16 19:00:00,30709.0,31203.26710948159,-494.2671094815887,494.2671094815887,244299.9755152848
2001-11-16 20:00:00,29608.0,29936.921039785124,-328.92103978512387,328.92103978512387,108189.05041332704
2001-11-16 21:00:00,28283.0,28262.268317608978,20.731682391022332,20.731682391022332,429.8026547622254
2001-11-16 22:00:00,26165.0,26332.762991864573,-167.76299186457254,167.76299186457254,28144.42143935263
2001-11-16 23:00:00,24139.0,24098.772378985705,40.22762101429544,40.22762101429544,1618.261492469784
2001-11-17 00:00:00,22423.0,22331.00330713662,91.9966928633803,91.9966928633803,8463.391497799128
2001-11-17 01:00:00,21105.0,21353.174002597367,-248.17400259736678,248.17400259736678,61590.33556519781
2001-11-17 02:00:00,20583.0,20671.126604800647,-88.12660480064733,88.12660480064733,7766.298473689477
2001-11-17 03:00:00,20412.0,20370.449327586684,41.550672413315624,41.550672413315624,1726.458377998668
2001-11-17 04:00:00,20598.0,20517.09082579464,80.90917420536061,80.90917420536061,6546.294470593391
2001-11-17 05:00:00,21500.0,21329.96116191637,170.03883808363025,170.03883808363025,28913.206456831027
2001-11-17 06:00:00,22830.0,22654.329468739168,175.67053126083192,175.67053126083192,30860.135553462926
2001-11-17 07:00:00,24228.0,24048.514116465598,179.4858835344021,179.4858835344021,32215.18238812495
2001-11-17 08:00:00,26084.0,25761.544928700874,322.45507129912585,322.45507129912585,103977.27300652434
2001-11-17 09:00:00,26814.0,27303.873191564064,-489.87319156406375,489.87319156406375,239975.74381316188
2001-11-17 10:00:00,27117.0,27032.35002475041,84.64997524959108,84.64997524959108,7165.618309756383
2001-11-17 11:00:00,26510.0,26886.86200401428,-376.8620040142814,376.8620040142814,142024.97006966025
2001-11-17 12:00:00,25805.0,26090.609870338434,-285.6098703384341,285.6098703384341,81572.99803473715
2001-11-17 13:00:00,25213.0,25275.56880581856,-62.56880581855876,62.56880581855876,3914.855461560512
2001-11-17 14:00:00,24627.0,24806.182133383223,-179.18213338322312,179.18213338322312,32106.23692376316
2001-11-17 15:00:00,24481.0,24503.992937340216,-22.992937340215576,22.992937340215576,528.6751675310798
2001-11-17 16:00:00,25787.0,25194.619671572265,592.3803284277346,592.3803284277346,350914.45350815076
2001-11-17 17:00:00,28993.0,28087.590314975285,905.4096850247151,905.4096850247151,819766.6977365538
2001-11-17 18:00:00,29293.0,29278.15961932356,14.840380676439963,14.840380676439963,220.23689862165267
2001-11-17 19:00:00,28783.0,28967.156171880804,-184.15617188080432,184.15617188080432,33913.495641792346
2001-11-17 20:00:00,28221.0,28215.68590392295,5.314096077050635,5.314096077050635,28.23961711612495
2001-11-17 21:00:00,27216.0,27105.95762069006,110.04237930993986,110.04237930993986,12109.32524419268
2001-11-17 22:00:00,25969.0,25596.17791189462,372.8220881053785,372.8220881053785,138996.3093792546
2001-11-17 23:00:00,24274.0,24209.92657748759,64.07342251241062,64.07342251241062,4105.403472453888
2001-11-18 00:00:00,22853.0,22550.91431925974,302.0856807402597,302.0856807402597,91255.75850830611
2001-11-18 01:00:00,22130.0,21606.974709807262,523.0252901927379,523.0252901927379,273555.4541811977
2001-11-18 02:00:00,21762.0,21753.71065508586,8.289344914141111,8.289344914141111,68.71323910559711
2001-11-18 03:00:00,21679.0,21617.095560609676,61.904439390324114,61.904439390324114,3832.1596162303117
2001-11-18 04:00:00,21889.0,21775.135410686697,113.86458931330344,113.86458931330344,12965.144699487257
2001-11-18 05:00:00,22484.0,22452.569584917826,31.430415082173567,31.430415082173567,987.8709922377236
2001-11-18 06:00:00,23286.0,23271.77865054847,14.221349451530841,14.221349451530841,202.24678022255657
2001-11-18 07:00:00,23988.0,24134.657656729476,-146.657656729476,146.657656729476,21508.468277380816
2001-11-18 08:00:00,25363.0,25137.491144210253,225.50885578974703,225.50885578974703,50854.244039600926
2001-11-18 09:00:00,26092.0,25906.177728191116,185.82227180888367,185.82227180888367,34529.91670021464
2001-11-18 10:00:00,26028.0,26397.463085046435,-369.46308504643457,369.46308504643457,136502.97121202893
2001-11-18 11:00:00,25787.0,25922.115547767273,-135.1155477672728,135.1155477672728,18256.211248450178
2001-11-18 12:00:00,25565.0,25512.178262199945,52.821737800055416,52.821737800055416,2790.135984217803
2001-11-18 13:00:00,25159.0,25350.1650154337,-191.16501543370032,191.16501543370032,36544.06312576688
2001-11-18 14:00:00,24756.0,24954.21363922903,-198.21363922903038,198.21363922903038,39288.64677641621
2001-11-18 15:00:00,24774.0,24797.748773800504,-23.74877380050384,23.74877380050384,564.0042570274976
2001-11-18 16:00:00,26181.0,25360.108528154098,820.8914718459018,820.8914718459018,673862.808549331
2001-11-18 17:00:00,29386.0,28015.96476382685,1370.0352361731493,1370.0352361731493,1876996.548356017
2001-11-18 18:00:00,29859.0,29783.79602418993,75.2039758100691,75.2039758100691,5655.637977641458
2001-11-18 19:00:00,29511.0,29659.34007175842,-148.34007175841907,148.34007175841907,22004.77688929292
2001-11-18 20:00:00,28974.0,29075.312512566645,-101.31251256664473,101.31251256664473,10264.225202566546
2001-11-18 21:00:00,27829.0,27923.216701033303,-94.21670103330325,94.21670103330325,8876.786753598846
2001-11-18 22:00:00,26014.0,26093.74339745716,-79.74339745716134,79.74339745716134,6359.009438010805
2001-11-18 23:00:00,24084.0,24248.911405766896,-164.91140576689577,164.91140576689577,27195.77175201374
2001-11-19 00:00:00,22808.0,22683.620487518874,124.37951248112586,124.37951248112586,15470.263125042544
2001-11-19 01:00:00,22228.0,22076.4060492544,151.5939507455987,151.5939507455987,22980.725902659007
2001-11-19 02:00:00,22096.0,22055.722483804257,40.277516195743374,40.277516195743374,1622.2783108983697
2001-11-19 03:00:00,22211.0,22275.281840989814,-64.28184098981365,64.28184098981365,4132.155081039686
2001-11-19 04:00:00,23069.0,22860.75385030296,208.24614969703907,208.24614969703907,43366.45886364161
2001-11-19 05:00:00,25005.0,25130.406951964087,-125.40695196408706,125.40695196408706,15726.903600922838
2001-11-19 06:00:00,28866.0,28910.59318691823,-44.59318691823137,44.59318691823137,1988.552319524321
2001-11-19 07:00:00,31001.0,31161.878142941892,-160.8781429418923,160.8781429418923,25881.77687643193
2001-11-19 08:00:00,31386.0,31385.69364092028,0.3063590797210054,0.3063590797210054,0.09385588572750134
2001-11-19 09:00:00,31156.0,31383.010661487835,-227.01066148783502,227.01066148783502,51533.840429144424
2001-11-19 10:00:00,31053.0,31136.608731878365,-83.60873187836478,83.60873187836478,6990.420046308291
2001-11-19 11:00:00,30716.0,30835.272226875324,-119.27222687532412,119.27222687532412,14225.864103798789
2001-11-19 12:00:00,30125.0,30452.041153047907,-327.04115304790685,327.04115304790685,106955.91578690443
2001-11-19 13:00:00,29973.0,29958.81880699999,14.181193000011262,14.181193000011262,201.10623490356843
2001-11-19 14:00:00,29770.0,29696.707365940023,73.29263405997699,73.29263405997699,5371.810207449699
2001-11-19 15:00:00,29500.0,29638.575787969443,-138.5757879694429,138.5757879694429,19203.249011351996
2001-11-19 16:00:00,30036.0,30010.395142183683,25.604857816317235,25.604857816317235,655.6087437938218
2001-11-19 17:00:00,32499.0,32038.674919170015,460.3250808299854,460.3250808299854,211899.18004113258
2001-11-19 18:00:00,32738.0,32899.88192388795,-161.88192388795142,161.88192388795142,26205.757281664497
2001-11-19 19:00:00,32615.0,32435.088126867828,179.91187313217233,179.91187313217233,32368.28209392687
2001-11-19 20:00:00,31824.0,31923.628872528967,-99.6288725289669,99.6288725289669,9925.912241393135
2001-11-19 21:00:00,30098.0,30333.3148025971,-235.3148025970986,235.3148025970986,55373.05632131149
2001-11-19 22:00:00,27463.0,27620.778556793626,-157.7785567936262,157.7785567936262,24894.072983879527
2001-11-19 23:00:00,24830.0,25082.771349384766,-252.77134938476593,252.77134938476593,63893.355069795405
2001-11-20 00:00:00,22953.0,23198.509168140063,-245.50916814006268,245.50916814006268,60274.75164082557
2001-11-20 01:00:00,21969.0,22054.27544096959,-85.27544096959173,85.27544096959173,7271.900832558324
2001-11-20 02:00:00,21563.0,21587.49368504442,-24.493685044421,24.493685044421,599.940607055293
2001-11-20 03:00:00,21471.0,21406.218636881695,64.78136311830531,64.78136311830531,4196.625007465727
2001-11-20 04:00:00,22182.0,21867.798629865305,314.201370134695,314.201370134695,98722.50099451962
2001-11-20 05:00:00,24225.0,24014.575119646575,210.42488035342467,210.42488035342467,44278.630271753085
2001-11-20 06:00:00,28108.0,27950.195356126875,157.80464387312531,157.80464387312531,24902.305627923906
2001-11-20 07:00:00,30431.0,30365.243946622075,65.75605337792513,65.75605337792513,4323.858555840538
2001-11-20 08:00:00,30967.0,30785.18748286532,181.8125171346801,181.8125171346801,33055.791386848345
2001-11-20 09:00:00,31255.0,30991.454893888018,263.545106111982,263.545106111982,69456.02295557587
2001-11-20 10:00:00,31331.0,31289.707931952085,41.292068047914654,41.292068047914654,1705.0348836736143
2001-11-20 11:00:00,31202.0,31029.427116721166,172.57288327883361,172.57288327883361,29781.40004316993
2001-11-20 12:00:00,30895.0,30991.55891063291,-96.55891063290983,96.55891063290983,9323.623222614267
2001-11-20 13:00:00,30761.0,30712.072502321746,48.92749767825444,48.92749767825444,2393.9000290555937
2001-11-20 14:00:00,30480.0,30611.023437784686,-131.0234377846864,131.0234377846864,17167.141248917585
2001-11-20 15:00:00,30609.0,30311.218401709135,297.7815982908651,297.7815982908651,88673.88028066214
2001-11-20 16:00:00,31743.0,31140.746478387042,602.2535216129581,602.2535216129581,362709.3042952098
2001-11-20 17:00:00,34840.0,33538.51443527489,1301.4855647251097,1301.4855647251097,1693864.6751878378
2001-11-20 18:00:00,34848.0,34845.05839071521,2.9416092847895925,2.9416092847895925,8.653065184360338
2001-11-20 19:00:00,34191.0,34176.12369748544,14.876302514559939,14.876302514559939,221.30437650470236
2001-11-20 20:00:00,33615.0,33457.113721643385,157.88627835661464,157.88627835661464,24928.0768933024
2001-11-20 21:00:00,32435.0,32225.709921160495,209.29007883950544,209.29007883950544,43802.3371006464
2001-11-20 22:00:00,29753.0,29811.350823000314,-58.35082300031354,58.35082300031354,3404.8185448139197
2001-11-20 23:00:00,27372.0,27015.611550390626,356.3884496093742,356.3884496093742,127012.72701497347
2001-11-21 00:00:00,25606.0,25173.779591328253,432.22040867174655,432.22040867174655,186814.4816723716
2001-11-21 01:00:00,24807.0,24455.618811673197,351.38118832680266,351.38118832680266,123468.73950995595
2001-11-21 02:00:00,24495.0,24296.40914376574,198.59085623425926,198.59085623425926,39438.32817985623
2001-11-21 03:00:00,24633.0,24369.333311645387,263.66668835461314,263.66668835461314,69520.12254788869
2001-11-21 04:00:00,25375.0,25166.896868482923,208.1031315170767,208.1031315170767,43306.91334721372
2001-11-21 05:00:00,27400.0,27469.09516875136,-69.09516875135887,69.09516875135887,4774.142344778759
2001-11-21 06:00:00,31198.0,30936.029738267993,261.9702617320072,261.9702617320072,68628.41803193635
2001-11-21 07:00:00,33049.0,33124.095599073386,-75.09559907338553,75.09559907338553,5639.349000190661
2001-11-21 08:00:00,33309.0,33270.06615799589,38.933842004109465,38.933842004109465,1515.8440532009586
2001-11-21 09:00:00,32861.0,33048.41441655544,-187.41441655543895,187.41441655543895,35124.16353281559
2001-11-21 10:00:00,32480.0,32612.029394445683,-132.02939444568256,132.02939444568256,17431.760997693633
2001-11-21 11:00:00,32070.0,32001.530763861636,68.46923613836407,68.46923613836407,4688.03629737106
2001-11-21 12:00:00,31116.0,31644.972679965947,-528.9726799659475,528.9726799659475,279812.0961503567
2001-11-21 13:00:00,30722.0,30703.119430764582,18.88056923541808,18.88056923541808,356.47589465341565
2001-11-21 14:00:00,30205.0,30402.14447024846,-197.14447024845867,197.14447024845867,38865.94214954541
2001-11-21 15:00:00,29940.0,30066.739083858654,-126.73908385865434,126.73908385865434,16062.795377331016
2001-11-21 16:00:00,30880.0,30907.969562401595,-27.969562401594885,27.969562401594885,782.2964209367102
2001-11-21 17:00:00,33760.0,33410.22788291182,349.77211708817777,349.77211708817777,122340.53389234593
2001-11-21 18:00:00,33939.0,34342.41207575199,-403.41207575199223,403.41207575199223,162741.30286253113
2001-11-21 19:00:00,33213.0,33458.96352842002,-245.96352842001943,245.96352842001943,60498.0573128257
2001-11-21 20:00:00,32521.0,32527.274506409747,-6.274506409747119,6.274506409747119,39.369430685957674
2001-11-21 21:00:00,31178.0,31302.611955311557,-124.61195531155681,124.61195531155681,15528.139406569431
2001-11-21 22:00:00,29036.0,28956.037399353714,79.96260064628586,79.96260064628586,6394.017502117396
2001-11-21 23:00:00,26709.0,26609.525495500886,99.47450449911412,99.47450449911412,9895.177045344275
2001-11-22 00:00:00,24858.0,24873.39105129765,-15.391051297650847,15.391051297650847,236.88446004691983
2001-11-22 01:00:00,23781.0,23877.217711689966,-96.21771168996565,96.21771168996565,9257.848042853353
2001-11-22 02:00:00,23260.0,23453.96319113286,-193.96319113286154,193.96319113286154,37621.71951444298
2001-11-22 03:00:00,23138.0,23197.37169043216,-59.371690432159085,59.371690432159085,3524.9976247721306
2001-11-22 04:00:00,23346.0,23681.100316839933,-335.10031683993293,335.10031683993293,112292.22234622344
2001-11-22 05:00:00,24009.0,25110.196991366814,-1101.1969913668145,1101.1969913668145,1212634.8137953242
2001-11-22 06:00:00,25067.0,27211.978714621604,-2144.978714621604,2144.978714621604,4600933.686179749
2001-11-22 07:00:00,25857.0,27988.469618977448,-2131.4696189774477,2131.4696189774477,4543162.736623866
2001-11-22 08:00:00,27008.0,27956.563206411203,-948.5632064112033,948.5632064112033,899772.156557103
2001-11-22 09:00:00,27703.0,28544.556942835454,-841.5569428354538,841.5569428354538,708218.0880345553
2001-11-22 10:00:00,27867.0,28514.08740511095,-647.0874051109495,647.0874051109495,418722.10985322203
2001-11-22 11:00:00,27427.0,28003.65568862871,-576.6556886287108,576.6556886287108,332531.78322785266
2001-11-22 12:00:00,26487.0,27279.10625722649,-792.1062572264891,792.1062572264891,627432.3227373569
2001-11-22 13:00:00,25284.0,26074.02231145106,-790.0223114510591,790.0223114510591,624135.2525904742
2001-11-22 14:00:00,24235.0,25288.694520013698,-1053.694520013698,1053.694520013698,1110272.1415068973
2001-11-22 15:00:00,23487.0,24508.762568413196,-1021.7625684131963,1021.7625684131963,1043998.7462103316
2001-11-22 16:00:00,23734.0,24282.08604285714,-548.0860428571395,548.0860428571395,300398.3103747982
2001-11-22 17:00:00,25518.0,24810.724425110348,707.2755748896525,707.2755748896525,500238.73883548845
2001-11-22 18:00:00,25724.0,27612.925745140587,-1888.9257451405865,1888.9257451405865,3568040.47065492
2001-11-22 19:00:00,25817.0,27517.891966382835,-1700.8919663828347,1700.8919663828347,2893033.481305666
2001-11-22 20:00:00,25885.0,27205.285704606486,-1320.2857046064855,1320.2857046064855,1743154.341788244
2001-11-22 21:00:00,25599.0,26183.143294255056,-584.1432942550564,584.1432942550564,341223.3882231494
2001-11-22 22:00:00,24654.0,24949.980538357388,-295.98053835738756,295.98053835738756,87604.47908632897
2001-11-22 23:00:00,23294.0,23552.00791341761,-258.0079134176085,258.0079134176085,66568.08338610816
2001-11-23 00:00:00,22051.0,22464.014750960236,-413.0147509602357,413.0147509602357,170581.18451074552
2001-11-23 01:00:00,21382.0,21491.38021050993,-109.3802105099312,109.3802105099312,11964.030451196864
2001-11-23 02:00:00,21285.0,21140.765570110754,144.2344298892458,144.2344298892458,20803.570765475764
2001-11-23 03:00:00,21373.0,21284.64905324153,88.35094675846995,88.35094675846995,7805.889793117991
2001-11-23 04:00:00,21936.0,22005.688937158753,-69.6889371587531,69.6889371587531,4856.547962316639
2001-11-23 05:00:00,23208.0,23647.0901281786,-439.0901281785991,439.0901281785991,192800.1406638986
2001-11-23 06:00:00,25138.0,25910.633968905055,-772.6339689050546,772.6339689050546,596963.2499059769
2001-11-23 07:00:00,26208.0,27520.73940931979,-1312.7394093197909,1312.7394093197909,1723284.7567812735
2001-11-23 08:00:00,27303.0,27337.590344240623,-34.59034424062338,34.59034424062338,1196.4919146848272
2001-11-23 09:00:00,27590.0,27843.205540255778,-253.20554025577803,253.20554025577803,64113.04561622043
2001-11-23 10:00:00,27383.0,27889.596463147303,-506.59646314730344,506.59646314730344,256639.97647335718
2001-11-23 11:00:00,27071.0,27256.111761759945,-185.11176175994478,185.11176175994478,34266.364341870554
2001-11-23 12:00:00,26506.0,26963.78216964835,-457.78216964835156,457.78216964835156,209564.51484795212
2001-11-23 13:00:00,26065.0,26256.637544957488,-191.637544957488,191.637544957488,36724.94863733323
2001-11-23 14:00:00,25535.0,26041.985237298275,-506.985237298275,506.985237298275,257034.03083838822
2001-11-23 15:00:00,25411.0,25718.86005709062,-307.8600570906201,307.8600570906201,94777.81475183986
2001-11-23 16:00:00,26577.0,25966.233033063967,610.766966936033,610.766966936033,373036.2879002412
2001-11-23 17:00:00,29655.0,27251.504975394273,2403.495024605727,2403.495024605727,5776788.333304484
2001-11-23 18:00:00,29591.0,29632.70092065335,-41.700920653351204,41.700920653351204,1738.966783337093
2001-11-23 19:00:00,28912.0,29271.307012549056,-359.3070125490558,359.3070125490558,129101.52926692735
2001-11-23 20:00:00,28260.0,28620.918782051245,-360.9187820512452,360.9187820512452,130262.36723735425
2001-11-23 21:00:00,27101.0,27265.6554298308,-164.65542983080013,164.65542983080013,27111.410572765544
2001-11-23 22:00:00,25568.0,25352.085488950972,215.91451104902808,215.91451104902808,46619.076081540865
2001-11-23 23:00:00,23630.0,23669.76548945546,-39.76548945546165,39.76548945546165,1581.2941516324315
2001-11-24 00:00:00,22012.0,21903.427859663996,108.57214033600394,108.57214033600394,11787.909657140934
2001-11-24 01:00:00,21066.0,21189.41800199704,-123.41800199704085,123.41800199704085,15232.003216941579
2001-11-24 02:00:00,20506.0,20563.96617085841,-57.966170858409896,57.966170858409896,3360.076963986369
2001-11-24 03:00:00,20251.0,20321.061696741675,-70.0616967416754,70.0616967416754,4908.64135032249
2001-11-24 04:00:00,20261.0,20327.902854168293,-66.90285416829283,66.90285416829283,4475.991895863858
2001-11-24 05:00:00,20822.0,20957.683521195035,-135.6835211950347,135.6835211950347,18410.01792388343
2001-11-24 06:00:00,21841.0,21787.885138712278,53.114861287722306,53.114861287722306,2821.188489613982
2001-11-24 07:00:00,22978.0,23022.203782558907,-44.20378255890682,44.20378255890682,1953.9743925151151
2001-11-24 08:00:00,24906.0,24428.704064698864,477.2959353011356,477.2959353011356,227811.40985498583
2001-11-24 09:00:00,26440.0,25675.872338867674,764.1276611323265,764.1276611323265,583891.0825075596
2001-11-24 10:00:00,27000.0,26737.44084569827,262.559154301729,262.559154301729,68937.30950763913
2001-11-24 11:00:00,26950.0,26841.89633856486,108.10366143513966,108.10366143513966,11686.4016156833
2001-11-24 12:00:00,26495.0,26581.397519895865,-86.39751989586512,86.39751989586512,7464.531444156409
2001-11-24 13:00:00,25933.0,26061.145133730482,-128.14513373048248,128.14513373048248,16421.17529880324
2001-11-24 14:00:00,25409.0,25526.729948350636,-117.72994835063582,117.72994835063582,13860.34073864338
2001-11-24 15:00:00,25440.0,25302.30462622232,137.69537377767847,137.69537377767847,18960.015959774584
2001-11-24 16:00:00,26784.0,25998.5023854922,785.4976145077999,785.4976145077999,617006.5023974442
2001-11-24 17:00:00,28971.0,27847.237252144623,1123.7627478553768,1123.7627478553768,1262842.713467467
2001-11-24 18:00:00,28737.0,29325.9878430571,-588.9878430571007,588.9878430571007,346906.6792690559
2001-11-24 19:00:00,28267.0,28396.368977319493,-129.36897731949284,129.36897731949284,16736.33229269145
2001-11-24 20:00:00,27502.0,27728.69362008096,-226.6936200809614,226.6936200809614,51389.99738541127
2001-11-24 21:00:00,26412.0,26580.734972592854,-168.73497259285432,168.73497259285432,28471.4909759113
2001-11-24 22:00:00,24868.0,24803.86192448177,64.13807551822902,64.13807551822902,4113.692731182048
2001-11-24 23:00:00,23055.0,23117.97402196864,-62.974021968639136,62.974021968639136,3965.7274429066447
2001-11-25 00:00:00,21211.0,21404.597107949918,-193.5971079499177,193.5971079499177,37479.84020657209
2001-11-25 01:00:00,20033.0,20235.786878777777,-202.78687877777702,202.78687877777702,41122.51820443283
2001-11-25 02:00:00,19423.0,19612.79158775503,-189.79158775502947,189.79158775502947,36020.84678257505
2001-11-25 03:00:00,19084.0,19132.643087518667,-48.643087518667016,48.643087518667016,2366.1499633486987
2001-11-25 04:00:00,19031.0,19022.894928018384,8.105071981615765,8.105071981615765,65.6921918271729
2001-11-25 05:00:00,19336.0,19398.14778108548,-62.147781085481256,62.147781085481256,3862.346693848902
2001-11-25 06:00:00,20051.0,20036.91087851917,14.089121480828908,14.089121480828908,198.50334410155455
2001-11-25 07:00:00,20775.0,20912.05732623408,-137.0573262340804,137.0573262340804,18784.71067443514
2001-11-25 08:00:00,22546.0,22473.06119941267,72.93880058732975,72.93880058732975,5320.068631118255
2001-11-25 09:00:00,23979.0,24076.571647381206,-97.57164738120628,97.57164738120628,9520.226372682457
2001-11-25 10:00:00,24796.0,24893.701541119066,-97.70154111906595,97.70154111906595,9545.591137040536
2001-11-25 11:00:00,25177.0,25105.047743601663,71.95225639833734,71.95225639833734,5177.127200812077
2001-11-25 12:00:00,25533.0,25237.213651223152,295.7863487768482,295.7863487768482,87489.56412273928
2001-11-25 13:00:00,25458.0,25398.64881536651,59.35118463349136,59.35118463349136,3522.5631173987804
2001-11-25 14:00:00,25318.0,25252.189953739377,65.8100462606235,65.8100462606235,4330.962188825404
2001-11-25 15:00:00,25653.0,25266.297280370323,386.7027196296767,386.7027196296767,149538.99336898836
2001-11-25 16:00:00,27417.0,26328.649672012434,1088.3503279875658,1088.3503279875658,1184506.4364306421
2001-11-25 17:00:00,29368.0,28100.613287871205,1267.386712128795,1267.386712128795,1606269.078080637
2001-11-25 18:00:00,29373.0,29645.008996503468,-272.00899650346764,272.00899650346764,73988.89417882347
2001-11-25 19:00:00,28740.0,29182.182751517947,-442.1827515179466,442.1827515179466,195525.5857399821
2001-11-25 20:00:00,27864.0,28300.935804567132,-436.93580456713244,436.93580456713244,190912.89731272735
2001-11-25 21:00:00,26493.0,27034.061964135377,-541.0619641353769,541.0619641353769,292748.04903403186
2001-11-25 22:00:00,24571.0,24821.83428714261,-250.83428714261026,250.83428714261026,62917.839606341455
2001-11-25 23:00:00,22333.0,22775.009480330868,-442.0094803308675,442.0094803308675,195372.38070236356
2001-11-26 00:00:00,20844.0,21081.772670781345,-237.77267078134537,237.77267078134537,56535.84297049405
2001-11-26 01:00:00,20019.0,19936.285490521142,82.71450947885751,82.71450947885751,6841.690078328009
2001-11-26 02:00:00,19738.0,19788.185657647755,-50.18565764775485,50.18565764775485,2518.600233537655
2001-11-26 03:00:00,19730.0,19646.527554642606,83.47244535739446,83.47244535739446,6967.649133943204
2001-11-26 04:00:00,20423.0,20153.090258944663,269.9097410553368,269.9097410553368,72851.26831655896
2001-11-26 05:00:00,22336.0,22339.962141233413,-3.9621412334126944,3.9621412334126944,15.698563153509067
2001-11-26 06:00:00,25816.0,25992.440185266212,-176.4401852662122,176.4401852662122,31131.138976775288
2001-11-26 07:00:00,27836.0,28270.396040856274,-434.39604085627434,434.39604085627434,188699.92031160597
2001-11-26 08:00:00,28753.0,29068.06416963591,-315.0641696359089,315.0641696359089,99265.43098836478
2001-11-26 09:00:00,29265.0,29441.281562484663,-176.28156248466257,176.28156248466257,31075.189272033997
2001-11-26 10:00:00,29507.0,29977.25462128896,-470.25462128896106,470.25462128896106,221139.4088436242
2001-11-26 11:00:00,29574.0,29708.20945567182,-134.20945567181843,134.20945567181843,18012.177991725795
2001-11-26 12:00:00,29378.0,29424.654362460846,-46.65436246084573,46.65436246084573,2176.6295366279714
2001-11-26 13:00:00,29207.0,29301.092929619983,-94.0929296199829,94.0929296199829,8853.479404471054
2001-11-26 14:00:00,28905.0,29209.28315381035,-304.2831538103492,304.2831538103492,92588.23769277261
2001-11-26 15:00:00,28791.0,29007.589730265394,-216.58973026539388,216.58973026539388,46911.11125643608
2001-11-26 16:00:00,30017.0,28916.450049611918,1100.549950388082,1100.549950388082,1211210.1932992097
2001-11-26 17:00:00,33001.0,31014.125464224773,1986.8745357752268,1986.8745357752268,3947670.420912023
2001-11-26 18:00:00,33040.0,33032.89369369047,7.106306309528009,7.106306309528009,50.49958936483758
2001-11-26 19:00:00,32338.0,32331.755219244696,6.244780755303509,6.244780755303509,38.997286681809065
2001-11-26 20:00:00,31344.0,31554.675547783776,-210.67554778377598,210.67554778377598,44384.18643399408
2001-11-26 21:00:00,29719.0,29859.672255700032,-140.6722557000321,140.6722557000321,19788.683523735217
2001-11-26 22:00:00,27020.0,26979.684288620832,40.315711379167624,40.315711379167624,1625.3565840083459
2001-11-26 23:00:00,24587.0,24446.95113197208,140.04886802791953,140.04886802791953,19613.68543590162
2001-11-27 00:00:00,22874.0,22897.16146313114,-23.16146313113859,23.16146313113859,536.4533743750922
2001-11-27 01:00:00,22015.0,21798.923101965156,216.0768980348439,216.0768980348439,46689.22586436033
2001-11-27 02:00:00,21739.0,21635.606060537117,103.39393946288328,103.39393946288328,10690.306717654374
2001-11-27 03:00:00,21837.0,21577.87177943896,259.1282205610405,259.1282205610405,67147.43469113126
2001-11-27 04:00:00,22492.0,22370.84905065479,121.15094934521039,121.15094934521039,14677.552527245734
2001-11-27 05:00:00,24644.0,24401.378388865036,242.62161113496404,242.62161113496404,58865.24618972571
2001-11-27 06:00:00,28576.0,28238.323694463186,337.67630553681374,337.67630553681374,114025.28732099159
2001-11-27 07:00:00,30472.0,30686.607581561588,-214.60758156158772,214.60758156158772,46056.41406371353
2001-11-27 08:00:00,31091.0,30830.6593829138,260.3406170861999,260.3406170861999,67777.23690482337
2001-11-27 09:00:00,31114.0,31050.617766510077,63.38223348992324,63.38223348992324,4017.307522171147
2001-11-27 10:00:00,31075.0,31002.18037675097,72.81962324902997,72.81962324902997,5302.697530130667
2001-11-27 11:00:00,30932.0,30787.08916430167,144.91083569833063,144.91083569833063,20999.150302788574
2001-11-27 12:00:00,30850.0,30684.837337761302,165.16266223869752,165.16266223869752,27278.70499777408
2001-11-27 13:00:00,30544.0,30664.772631822714,-120.77263182271417,120.77263182271417,14586.028597384873
2001-11-27 14:00:00,30217.0,30386.19512716716,-169.19512716716054,169.19512716716054,28626.991057111623
2001-11-27 15:00:00,30285.0,30118.345246128127,166.65475387187325,166.65475387187325,27773.806988094653
2001-11-27 16:00:00,31808.0,31133.30129163654,674.6987083634594,674.6987083634594,455218.3470673205
2001-11-27 17:00:00,34450.0,33492.78012047705,957.2198795229488,957.2198795229488,916269.8977539286
2001-11-27 18:00:00,34314.0,34308.89888223936,5.1011177606415,5.1011177606415,26.021402407932154
2001-11-27 19:00:00,33468.0,33672.04196398931,-204.041963989308,204.041963989308,41633.123068614055
2001-11-27 20:00:00,32324.0,32786.44596314583,-462.4459631458303,462.4459631458303,213856.26882987467
2001-11-27 21:00:00,30452.0,30724.569900743438,-272.56990074343776,272.56990074343776,74294.3507912875
2001-11-27 22:00:00,27507.0,27888.684209218514,-381.6842092185143,381.6842092185143,145682.8355667626
2001-11-27 23:00:00,24880.0,25095.431557416818,-215.43155741681767,215.43155741681767,46410.75593103561
2001-11-28 00:00:00,23073.0,23300.9044093406,-227.90440934060098,227.90440934060098,51940.41979688821
2001-11-28 01:00:00,21945.0,22180.009827789734,-235.00982778973412,235.00982778973412,55229.619157760484
2001-11-28 02:00:00,21568.0,21528.668561818395,39.331438181605336,39.331438181605336,1546.962029433442
2001-11-28 03:00:00,21492.0,21341.269796442113,150.73020355788685,150.73020355788685,22719.594264602005
2001-11-28 04:00:00,21957.0,21871.443071395064,85.55692860493582,85.55692860493582,7319.988032310085
2001-11-28 05:00:00,23960.0,23587.344527512065,372.6554724879352,372.6554724879352,138872.10117520622
2001-11-28 06:00:00,27870.0,27476.398498470968,393.60150152903225,393.60150152903225,154922.14200590877
2001-11-28 07:00:00,30090.0,30305.595825785575,-215.59582578557456,215.59582578557456,46481.56009616382
2001-11-28 08:00:00,30525.0,30854.552015659283,-329.5520156592829,329.5520156592829,108604.53102509625
2001-11-28 09:00:00,30620.0,30747.62472264904,-127.62472264904136,127.62472264904136,16288.069831244731
2001-11-28 10:00:00,30725.0,30724.700422310205,0.29957768979511457,0.29957768979511457,0.08974679222297789
2001-11-28 11:00:00,30647.0,30555.627975194704,91.37202480529595,91.37202480529595,8348.846917019619
2001-11-28 12:00:00,30386.0,30424.157363889288,-38.15736388928781,38.15736388928781,1455.9844189795251
2001-11-28 13:00:00,30276.0,30157.023591083525,118.97640891647461,118.97640891647461,14155.38587866018
2001-11-28 14:00:00,30112.0,30095.66049161574,16.339508384258806,16.339508384258806,266.97953423926384
2001-11-28 15:00:00,30091.0,30142.72072702254,-51.720727022540814,51.720727022540814,2675.0336037401835
2001-11-28 16:00:00,31566.0,31084.01965722922,481.98034277078114,481.98034277078114,232305.05081743968
2001-11-28 17:00:00,34000.0,33362.337753651955,637.6622463480453,637.6622463480453,406613.1404176352
2001-11-28 18:00:00,33746.0,34090.937141833994,-344.93714183399425,344.93714183399425,118981.63181660506
2001-11-28 19:00:00,32933.0,33403.49767998934,-470.4976799893411,470.4976799893411,221368.06687535244
2001-11-28 20:00:00,32168.0,32202.730781655897,-34.73078165589686,34.73078165589686,1206.227194429582
2001-11-28 21:00:00,30338.0,30653.779458079516,-315.7794580795162,315.7794580795162,99716.66614499292
2001-11-28 22:00:00,27541.0,27865.978105859384,-324.9781058593835,324.9781058593835,105610.76928795267
2001-11-28 23:00:00,24731.0,25250.957425271034,-519.9574252710336,519.9574252710336,270355.7240944825
2001-11-29 00:00:00,22778.0,23160.180439934597,-382.1804399345965,382.1804399345965,146061.88866860172
2001-11-29 01:00:00,21825.0,21859.063825954323,-34.063825954322965,34.063825954322965,1160.344238646407
2001-11-29 02:00:00,21352.0,21353.76274952345,-1.7627495234482922,1.7627495234482922,3.107285882417181
2001-11-29 03:00:00,21237.0,21163.265879657247,73.73412034275316,73.73412034275316,5436.720502719605
2001-11-29 04:00:00,21711.0,21657.758970638224,53.24102936177587,53.24102936177587,2834.6072075014804
2001-11-29 05:00:00,23793.0,23332.273063506065,460.7269364939348,460.7269364939348,212269.3100110862
2001-11-29 06:00:00,27664.0,27417.40567041685,246.59432958314937,246.59432958314937,60808.7633825629
2001-11-29 07:00:00,30271.0,30090.863146500404,180.13685349959633,180.13685349959633,32449.285988735028
2001-11-29 08:00:00,30937.0,30806.56063829987,130.43936170012967,130.43936170012967,17014.427080737252
2001-11-29 09:00:00,31367.0,31041.745864534943,325.2541354650566,325.2541354650566,105790.25263712139
2001-11-29 10:00:00,31680.0,31444.89176396027,235.1082360397304,235.1082360397304,55275.88265371358
2001-11-29 11:00:00,31639.0,31503.49011360174,135.50988639826028,135.50988639826028,18362.929311669406
2001-11-29 12:00:00,31385.0,31455.743545186673,-70.74354518667315,70.74354518667315,5004.649185578865
2001-11-29 13:00:00,31332.0,31169.808214713066,162.19178528693374,162.19178528693374,26306.175214562816
2001-11-29 14:00:00,31176.0,31107.131208995022,68.86879100497754,68.86879100497754,4742.9103744872755
2001-11-29 15:00:00,31267.0,31155.572570661167,111.42742933883346,111.42742933883346,12416.072009060725
2001-11-29 16:00:00,32586.0,31732.200765734797,853.7992342652033,853.7992342652033,728973.1324318474
2001-11-29 17:00:00,34576.0,33791.71694441514,784.2830555848632,784.2830555848632,615099.9112775296
2001-11-29 18:00:00,34233.0,34586.98907873938,-353.9890787393815,353.9890787393815,125308.26786675604
2001-11-29 19:00:00,33427.0,33644.96397978514,-217.96397978514142,217.96397978514142,47508.296483777536
2001-11-29 20:00:00,32482.0,32757.2727882026,-275.2727882026011,275.2727882026011,75775.10792483407
2001-11-29 21:00:00,30554.0,31132.135442022714,-578.1354420227144,578.1354420227144,334240.5893227994
2001-11-29 22:00:00,27965.0,28171.41043182413,-206.41043182412977,206.41043182412977,42605.26636582372
2001-11-29 23:00:00,25193.0,25524.13409373585,-331.1340937358509,331.1340937358509,109649.7880342633
2001-11-30 00:00:00,23077.0,23380.344193633475,-303.3441936334748,303.3441936334748,92017.69981114304
2001-11-30 01:00:00,22027.0,22170.625159687774,-143.6251596877737,143.6251596877737,20628.186495338497
2001-11-30 02:00:00,21551.0,21521.054996972387,29.945003027612984,29.945003027612984,896.7032063237508
2001-11-30 03:00:00,21374.0,21235.720682605574,138.27931739442647,138.27931739442647,19121.169619068536
2001-11-30 04:00:00,21851.0,21695.309285259493,155.69071474050725,155.69071474050725,24239.598656410002
2001-11-30 05:00:00,23717.0,23407.220097787897,309.7799022121035,309.7799022121035,95963.5878145404
2001-11-30 06:00:00,27610.0,27391.669345347105,218.33065465289474,218.33065465289474,47668.274761161585
2001-11-30 07:00:00,30087.0,30073.761217948668,13.238782051332237,13.238782051332237,175.2653502026766
2001-11-30 08:00:00,30730.0,31036.97169146503,-306.97169146503074,306.97169146503074,94231.61936090203
2001-11-30 09:00:00,31232.0,31018.107936280318,213.89206371968248,213.89206371968248,45749.81492226471
2001-11-30 10:00:00,31541.0,31502.886399264396,38.11360073560354,38.11360073560354,1452.6465610329988
2001-11-30 11:00:00,31622.0,31556.4812157114,65.51878428860073,65.51878428860073,4292.711094656193
2001-11-30 12:00:00,31304.0,31488.95959592623,-184.95959592622967,184.95959592622967,34210.05212519415
2001-11-30 13:00:00,31275.0,31074.448064514218,200.55193548578245,200.55193548578245,40221.07882709345
2001-11-30 14:00:00,30960.0,31115.398824568318,-155.39882456831765,155.39882456831765,24148.794677214766
2001-11-30 15:00:00,30831.0,31089.771328483286,-258.7713284832862,258.7713284832862,66962.6004450048
2001-11-30 16:00:00,31970.0,31441.914249516787,528.0857504832129,528.0857504832129,278874.5598634182
2001-11-30 17:00:00,33686.0,33847.918868275505,-161.9188682755048,161.9188682755048,26217.719903620273
2001-11-30 18:00:00,33104.0,33811.78673288229,-707.7867328822904,707.7867328822904,500962.0592441867
2001-11-30 19:00:00,31855.0,32364.332406035377,-509.33240603537706,509.33240603537706,259419.4998377862
2001-11-30 20:00:00,30863.0,31283.62971347526,-420.62971347526036,420.62971347526036,176929.35585827962
2001-11-30 21:00:00,29514.0,29452.253369493144,61.74663050685558,61.74663050685558,3812.646378950148
2001-11-30 22:00:00,27361.0,27382.25327976081,-21.253279760810983,21.253279760810983,451.7019005912978
2001-11-30 23:00:00,24885.0,24883.889066502597,1.1109334974025842,1.1109334974025842,1.2341732356511375
2001-12-01 00:00:00,22665.0,23019.433054185618,-354.43305418561795,354.43305418561795,125622.78989934518
2001-12-01 01:00:00,21430.0,21616.23359471057,-186.2335947105712,186.2335947105712,34682.95179882129
2001-12-01 02:00:00,20730.0,20938.33461984234,-208.33461984233872,208.33461984233872,43403.31382485179
2001-12-01 03:00:00,20415.0,20427.61957556001,-12.619575560009253,12.619575560009253,159.25368731478284
2001-12-01 04:00:00,20428.0,20434.399318663785,-6.39931866378538,6.39931866378538,40.9512793606719
2001-12-01 05:00:00,21110.0,20907.666355978938,202.33364402106236,202.33364402106236,40938.90350284198
2001-12-01 06:00:00,22292.0,22084.931055426456,207.0689445735443,207.0689445735443,42877.54780680156
2001-12-01 07:00:00,23394.0,23675.928140270542,-281.9281402705419,281.9281402705419,79483.47627640636
2001-12-01 08:00:00,25233.0,25355.377166742586,-122.37716674258627,122.37716674258627,14976.170939942762
2001-12-01 09:00:00,26558.0,26873.347949108826,-315.34794910882556,315.34794910882556,99444.32900714244
2001-12-01 10:00:00,27125.0,27393.457829103085,-268.4578291030848,268.4578291030848,72069.60600674109
2001-12-01 11:00:00,26867.0,27218.742789990047,-351.74278999004673,351.74278999004673,123722.99030998212
2001-12-01 12:00:00,26825.0,26524.61842545099,300.3815745490101,300.3815745490101,90229.09032854252
2001-12-01 13:00:00,26285.0,26441.213796926655,-156.21379692665505,156.21379692665505,24402.750350242222
2001-12-01 14:00:00,25740.0,25870.50449011544,-130.5044901154397,130.5044901154397,17031.421940290897
2001-12-01 15:00:00,25522.0,25577.306800964354,-55.3068009643539,55.3068009643539,3058.842232910657
2001-12-01 16:00:00,26652.0,26190.891342897805,461.10865710219514,461.10865710219514,212621.19365458976
2001-12-01 17:00:00,29715.0,28780.748752010684,934.2512479893157,934.2512479893157,872825.3943695939
2001-12-01 18:00:00,29612.0,29803.652749218054,-191.65274921805394,191.65274921805394,36730.77628283828
2001-12-01 19:00:00,28828.0,29282.007366361155,-454.0073663611547,454.0073663611547,206122.68871019175
2001-12-01 20:00:00,28247.0,28247.25376008344,-0.2537600834402838,0.2537600834402838,0.06439417994761978
2001-12-01 21:00:00,27260.0,27272.802068228582,-12.802068228582357,12.802068228582357,163.89295092927782
2001-12-01 22:00:00,25727.0,25725.387656702504,1.612343297496409,1.612343297496409,2.5996509089815936
2001-12-01 23:00:00,23751.0,23801.24099858447,-50.24099858447153,50.24099858447153,2524.15793876487
2001-12-02 00:00:00,21977.0,21978.563527821087,-1.563527821086609,1.563527821086609,2.4446192473118393
2001-12-02 01:00:00,20853.0,21054.024383799373,-201.02438379937303,201.02438379937303,40410.802881917625
2001-12-02 02:00:00,20230.0,20154.787451779663,75.21254822033734,75.21254822033734,5656.92740979657
2001-12-02 03:00:00,19985.0,19755.390691728422,229.6093082715779,229.6093082715779,52720.434444952494
2001-12-02 04:00:00,20067.0,19923.830686243564,143.16931375643617,143.16931375643617,20497.452401488863
2001-12-02 05:00:00,20559.0,20394.738985687032,164.26101431296775,164.26101431296775,26981.680823124996
2001-12-02 06:00:00,21509.0,21272.055096822227,236.94490317777309,236.94490317777309,56142.887141924264
2001-12-02 07:00:00,22480.0,22386.17521295964,93.82478704036112,93.82478704036112,8803.090663169116
2001-12-02 08:00:00,24307.0,24000.696653109473,306.3033468905269,306.3033468905269,93821.74031633844
2001-12-02 09:00:00,25558.0,25266.148030470744,291.85196952925617,291.85196952925617,85177.57211810588
2001-12-02 10:00:00,26046.0,25851.009978181504,194.99002181849573,194.99002181849573,38021.108608777446
2001-12-02 11:00:00,26177.0,26196.00898141994,-19.00898141993821,19.00898141993821,361.341374623556
2001-12-02 12:00:00,26175.0,26097.36803465891,77.63196534109011,77.63196534109011,6026.7220427202155
2001-12-02 13:00:00,26019.0,25983.70899771734,35.29100228266179,35.29100228266179,1245.45484211484
2001-12-02 14:00:00,25855.0,25737.271950319697,117.72804968030323,117.72804968030323,13859.893681527945
2001-12-02 15:00:00,25981.0,25752.922847811235,228.07715218876547,228.07715218876547,52019.187350537286
2001-12-02 16:00:00,27375.0,26435.378455450966,939.6215445490343,939.6215445490343,882888.6469807129
2001-12-02 17:00:00,30864.0,28706.844287291908,2157.1557127080923,2157.1557127080923,4653320.768869158
2001-12-02 18:00:00,31344.0,31040.366655538113,303.63334446188674,303.63334446188674,92193.20786911076
2001-12-02 19:00:00,30959.0,31236.38963624488,-277.3896362448795,277.3896362448795,76945.01029606657
2001-12-02 20:00:00,30701.0,30411.114984895095,289.8850151049046,289.8850151049046,84033.32198237076
2001-12-02 21:00:00,29644.0,29563.45405757181,80.54594242819076,80.54594242819076,6487.648841645419
2001-12-02 22:00:00,27587.0,27494.45461112042,92.54538887957824,92.54538887957824,8564.649002872364
2001-12-02 23:00:00,25441.0,25349.318147136208,91.6818528637923,91.6818528637923,8405.56214453806
2001-12-03 00:00:00,23762.0,23740.777733462277,21.222266537723044,21.222266537723044,450.3845969981592
2001-12-03 01:00:00,23100.0,22487.65448237163,612.3455176283715,612.3455176283715,374967.0329595582
2001-12-03 02:00:00,22950.0,22735.75381793067,214.24618206933155,214.24618206933155,45901.426531285164
2001-12-03 03:00:00,23180.0,22820.673558855007,359.3264411449927,359.3264411449927,129115.49130592591
2001-12-03 04:00:00,23923.0,23536.344667510315,386.65533248968495,386.65533248968495,149502.34614270882
2001-12-03 05:00:00,26258.0,25786.814990512314,471.18500948768633,471.18500948768633,222015.31316591107
2001-12-03 06:00:00,30492.0,29688.630196713577,803.3698032864231,803.3698032864231,645403.0408324662
2001-12-03 07:00:00,32640.0,32647.4106182346,-7.410618234600406,7.410618234600406,54.91726261899204
2001-12-03 08:00:00,32770.0,32902.44213446277,-132.4421344627699,132.4421344627699,17540.918981054423
2001-12-03 09:00:00,32226.0,32801.291813008385,-575.2918130083854,575.2918130083854,330960.670114475
2001-12-03 10:00:00,31725.0,31923.02932592057,-198.02932592056823,198.02932592056823,39215.61392455464
2001-12-03 11:00:00,31177.0,31347.085350891553,-170.0853508915534,170.0853508915534,28929.02658790284
2001-12-03 12:00:00,30638.0,30861.783981107965,-223.7839811079648,223.7839811079648,50079.27020052994
2001-12-03 13:00:00,30397.0,30408.779530015683,-11.779530015683122,11.779530015683122,138.7573273903796
2001-12-03 14:00:00,30033.0,30153.59105437273,-120.59105437272956,120.59105437272956,14542.202394726617
2001-12-03 15:00:00,29828.0,29987.04045583406,-159.04045583405969,159.04045583405969,25293.86659190549
2001-12-03 16:00:00,31102.0,30291.689293898715,810.3107061012852,810.3107061012852,656603.4404223633
2001-12-03 17:00:00,34677.0,32724.06279477355,1952.9372052264516,1952.9372052264516,3813963.727557704
2001-12-03 18:00:00,35047.0,34909.29172678449,137.70827321551042,137.70827321551042,18963.568511997662
2001-12-03 19:00:00,34570.0,34628.61124590616,-58.61124590616237,58.61124590616237,3435.2781466726346
2001-12-03 20:00:00,33770.0,33926.62352876182,-156.6235287618183,156.6235287618183,24530.929761804127
2001-12-03 21:00:00,32021.0,32599.770487269077,-578.7704872690774,578.7704872690774,334975.2769336853
2001-12-03 22:00:00,29218.0,29692.47456663418,-474.4745666341805,474.4745666341805,225126.1143826934
2001-12-03 23:00:00,26286.0,26833.627074612665,-547.6270746126647,547.6270746126647,299895.41284882504
2001-12-04 00:00:00,24441.0,24543.37183194747,-102.37183194746831,102.37183194746831,10479.991976280693
2001-12-04 01:00:00,23638.0,23620.90603879013,17.09396120987003,17.09396120987003,292.2035098445413
2001-12-04 02:00:00,23263.0,23239.312463837105,23.687536162895412,23.687536162895412,561.0993694684779
2001-12-04 03:00:00,23269.0,23192.678295428876,76.32170457112443,76.32170457112443,5825.002588641995
2001-12-04 04:00:00,23885.0,23778.689557200705,106.31044279929483,106.31044279929483,11301.91024818214
2001-12-04 05:00:00,26230.0,25881.313756742053,348.68624325794735,348.68624325794735,121582.09623734043
2001-12-04 06:00:00,30225.0,29890.46054077416,334.5394592258417,334.5394592258417,111916.64977911861
2001-12-04 07:00:00,32159.0,32552.019457341932,-393.01945734193214,393.01945734193214,154464.2938493468
2001-12-04 08:00:00,32304.0,32387.200645630528,-83.20064563052802,83.20064563052802,6922.3474333367
2001-12-04 09:00:00,31625.0,32154.246388818483,-529.246388818483,529.246388818483,280101.74007740483
2001-12-04 10:00:00,31284.0,31311.11892964495,-27.118929644948366,27.118929644948366,735.4363450876593
2001-12-04 11:00:00,30920.0,30891.933658735303,28.066341264697257,28.066341264697257,787.7195119864481
2001-12-04 12:00:00,30490.0,30577.965710249617,-87.96571024961668,87.96571024961668,7737.966179719517
2001-12-04 13:00:00,30454.0,30232.04721520576,221.95278479424087,221.95278479424087,49263.0386779186
2001-12-04 14:00:00,30165.0,30205.4028835034,-40.40288350340052,40.40288350340052,1632.3929953893537
2001-12-04 15:00:00,30025.0,30074.2038143242,-49.2038143241989,49.2038143241989,2421.015344050241
2001-12-04 16:00:00,30978.0,30916.98523669692,61.014763303079235,61.014763303079235,3722.8013409307846
2001-12-04 17:00:00,34191.0,33451.898711757916,739.1012882420837,739.1012882420837,546270.7142811076
2001-12-04 18:00:00,34594.0,34376.47715782556,217.52284217443957,217.52284217443957,47316.186867646145
2001-12-04 19:00:00,33702.0,34121.908439259285,-419.90843925928493,419.90843925928493,176323.0973611686
2001-12-04 20:00:00,33007.0,33183.7883667749,-176.78836677489744,176.78836677489744,31254.12662693566
2001-12-04 21:00:00,31276.0,31675.13908801073,-399.1390880107283,399.1390880107283,159312.01157803592
2001-12-04 22:00:00,28259.0,28935.22759736624,-676.2275973662399,676.2275973662399,457283.7634397175
2001-12-04 23:00:00,25251.0,25903.809158079926,-652.8091580799264,652.8091580799264,426159.79687302234
2001-12-05 00:00:00,23148.0,23628.420922322402,-480.4209223224025,480.4209223224025,230804.26260510788
2001-12-05 01:00:00,22322.0,22255.01687210437,66.98312789562988,66.98312789562988,4486.73942268231
2001-12-05 02:00:00,21789.0,21911.225859802664,-122.22585980266376,122.22585980266376,14939.160804500418
2001-12-05 03:00:00,21641.0,21701.41070994794,-60.41070994794063,60.41070994794063,3649.453876414213
2001-12-05 04:00:00,22291.0,22121.773337283208,169.2266627167919,169.2266627167919,28637.663374262847
2001-12-05 05:00:00,24367.0,24011.853971605426,355.1460283945744,355.1460283945744,126128.70148443984
2001-12-05 06:00:00,28235.0,27908.2196997114,326.7803002885994,326.7803002885994,106785.36465670718
2001-12-05 07:00:00,30676.0,30377.21173552384,298.7882644761594,298.7882644761594,89274.42698867536
2001-12-05 08:00:00,30862.0,31256.551209276513,-394.55120927651296,394.55120927651296,155670.65674155872
2001-12-05 09:00:00,30917.0,30897.935272813407,19.06472718659279,19.06472718659279,363.46382269921025
2001-12-05 10:00:00,30906.0,30833.913376110173,72.08662388982702,72.08662388982702,5196.48134383338
2001-12-05 11:00:00,30780.0,30713.1569558586,66.84304414139842,66.84304414139842,4467.992550088938
2001-12-05 12:00:00,30612.0,30574.021803732707,37.97819626729324,37.97819626729324,1442.3433917170464
2001-12-05 13:00:00,30511.0,30419.59212592738,91.40787407262178,91.40787407262178,8355.39944247628
2001-12-05 14:00:00,30343.0,30346.296445689113,-3.2964456891131704,3.2964456891131704,10.866554181272805
2001-12-05 15:00:00,30274.0,30170.154163816806,103.84583618319448,103.84583618319448,10783.957692586864
2001-12-05 16:00:00,31204.0,31197.887596315468,6.1124036845321825,6.1124036845321825,37.3614788026826
2001-12-05 17:00:00,34173.0,33081.85130303647,1091.1486969635298,1091.1486969635298,1190605.478885209
2001-12-05 18:00:00,34190.0,34225.201237927286,-35.20123792728555,35.20123792728555,1239.1271516133666
2001-12-05 19:00:00,33479.0,33707.1110468072,-228.11104680720018,228.11104680720018,52034.64967547667
2001-12-05 20:00:00,32747.0,32937.147778590894,-190.14777859089372,190.14777859089372,36156.177703051544
2001-12-05 21:00:00,30905.0,31528.94635889399,-623.9463588939907,623.9463588939907,389309.0587770686
2001-12-05 22:00:00,27284.0,28612.7733482502,-1328.7733482502008,1328.7733482502008,1765638.6110200493
2001-12-05 23:00:00,25071.0,24940.087740668856,130.912259331144,130.912259331144,17138.019643184703
2001-12-06 00:00:00,22888.0,23401.344215344994,-513.3442153449942,513.3442153449942,263522.28342816775
2001-12-06 01:00:00,21862.0,21994.520447797262,-132.52044779726202,132.52044779726202,17561.66908438685
2001-12-06 02:00:00,21359.0,21424.5861337501,-65.586133750101,65.586133750101,4301.540940286137
2001-12-06 03:00:00,21310.0,21181.720112409777,128.27988759022264,128.27988759022264,16455.729560160158
2001-12-06 04:00:00,21770.0,21727.227600032096,42.772399967903766,42.772399967903766,1829.478199014334
2001-12-06 05:00:00,23665.0,23360.35128119833,304.648718801669,304.648718801669,92810.8418674984
2001-12-06 06:00:00,27424.0,27270.268156329526,153.7318436704736,153.7318436704736,23633.479758322937
2001-12-06 07:00:00,30145.0,29897.679816190972,247.3201838090281,247.3201838090281,61167.27331933144
2001-12-06 08:00:00,30357.0,30946.9685831907,-589.9685831907009,589.9685831907009,348062.92915204295
2001-12-06 09:00:00,30569.0,30614.833410149145,-45.83341014914549,45.83341014914549,2100.701485899793
2001-12-06 10:00:00,30736.0,30716.738709537338,19.261290462662146,19.261290462662146,370.99731028703974
2001-12-06 11:00:00,30819.0,30597.66652019763,221.33347980237158,221.33347980237158,48988.50928142683
2001-12-06 12:00:00,30716.0,30654.500742016327,61.49925798367258,61.49925798367258,3782.158732542315
2001-12-06 13:00:00,30707.0,30530.441019564118,176.5589804358824,176.5589804358824,31173.073572558307
2001-12-06 14:00:00,30412.0,30517.15556325732,-105.15556325732177,105.15556325732177,11057.692483964602
2001-12-06 15:00:00,30489.0,30222.58941018189,266.4105898181115,266.4105898181115,70974.60236723404
2001-12-06 16:00:00,31872.0,31145.127120970104,726.8728790298956,726.8728790298956,528344.1822692092
2001-12-06 17:00:00,34451.0,33611.91108134572,839.0889186542772,839.0889186542772,704070.2134084043
2001-12-06 18:00:00,34328.0,34445.361970562015,-117.3619705620149,117.3619705620149,13773.832134199252
2001-12-06 19:00:00,33535.0,33783.66912208878,-248.66912208878057,248.66912208878057,61836.33228040486
2001-12-06 20:00:00,32654.0,33035.13914448484,-381.1391444848414,381.1391444848414,145267.0474586368
2001-12-06 21:00:00,30915.0,31490.517330781415,-575.5173307814148,575.5173307814148,331220.1980297644
2001-12-06 22:00:00,28094.0,28542.350092108692,-448.3500921086925,448.3500921086925,201017.80509387303
2001-12-06 23:00:00,25019.0,25633.35027769225,-614.3502776922505,614.3502776922505,377426.26370054536
2001-12-07 00:00:00,22884.0,23412.776830282703,-528.7768302827026,528.7768302827026,279604.93624382204
2001-12-07 01:00:00,21895.0,21920.424532907517,-25.42453290751655,25.42453290751655,646.406873565392
2001-12-07 02:00:00,21408.0,21411.02252589863,-3.0225258986283734,3.0225258986283734,9.135662807879257
2001-12-07 03:00:00,21204.0,21250.444029959046,-46.44402995904602,46.44402995904602,2157.0479188367644
2001-12-07 04:00:00,21616.0,21656.579692299216,-40.57969229921582,40.57969229921582,1646.7114270990357
2001-12-07 05:00:00,23415.0,23261.510219979555,153.48978002044532,153.48978002044532,23559.112570724697
2001-12-07 06:00:00,27423.0,26846.89387805976,576.10612194024,576.10612194024,331898.26373702264
2001-12-07 07:00:00,29996.0,29959.256219095056,36.74378090494429,36.74378090494429,1350.1054351905484
2001-12-07 08:00:00,30452.0,30632.368998938637,-180.36899893863665,180.36899893863665,32532.97577812591
2001-12-07 09:00:00,30631.0,30650.75124729497,-19.751247294971108,19.751247294971108,390.1117697071035
2001-12-07 10:00:00,30717.0,30761.58898880374,-44.58898880374181,44.58898880374181,1988.1779225402129
2001-12-07 11:00:00,30457.0,30556.948234491865,-99.94823449186515,99.94823449186515,9989.649578040862
2001-12-07 12:00:00,30079.0,30223.293022250487,-144.2930222504874,144.2930222504874,20820.476270179654
2001-12-07 13:00:00,29977.0,29950.441459407626,26.5585405923739,26.5585405923739,705.3560783967723
2001-12-07 14:00:00,29779.0,29709.82833444491,69.17166555509175,69.17166555509175,4784.719315665467
2001-12-07 15:00:00,29842.0,29593.919777386276,248.0802226137239,248.0802226137239,61543.7968520748
2001-12-07 16:00:00,31159.0,30503.147809666294,655.852190333706,655.852190333706,430142.09556551964
2001-12-07 17:00:00,33941.0,32810.66720987716,1130.3327901228404,1130.3327901228404,1277652.2164268852
2001-12-07 18:00:00,33509.0,34035.3554483041,-526.3554483041007,526.3554483041007,277050.0579594108
2001-12-07 19:00:00,32543.0,33031.71965041629,-488.719650416293,488.719650416293,238846.89670302364
2001-12-07 20:00:00,31748.0,31848.638200330486,-100.63820033048614,100.63820033048614,10128.047365759061
2001-12-07 21:00:00,30277.0,30325.6437389542,-48.64373895420067,48.64373895420067,2366.21333944442
2001-12-07 22:00:00,28213.0,28052.966944933625,160.0330550663748,160.0330550663748,25610.57871387735
2001-12-07 23:00:00,25441.0,25858.48818043023,-417.4881804302313,417.4881804302313,174296.38079894535
2001-12-08 00:00:00,23587.0,23495.649663747095,91.35033625290453,91.35033625290453,8344.883933518722
2001-12-08 01:00:00,22444.0,22588.830001919414,-144.83000191941392,144.83000191941392,20975.72945597744
2001-12-08 02:00:00,21922.0,21900.027385276135,21.972614723865263,21.972614723865263,482.79579780342056
2001-12-08 03:00:00,21713.0,21703.56989011473,9.430109885270213,9.430109885270213,88.92697244827099
2001-12-08 04:00:00,21920.0,21798.2474231273,121.75257687269914,121.75257687269914,14823.689975142514
2001-12-08 05:00:00,22672.0,22675.618083724057,-3.6180837240572146,3.6180837240572146,13.090529834287722
2001-12-08 06:00:00,24090.0,23911.221073108984,178.77892689101645,178.77892689101645,31961.904700303407
2001-12-08 07:00:00,25552.0,25388.079433941613,163.9205660583866,163.9205660583866,26869.951976901888
2001-12-08 08:00:00,27413.0,27173.95393488312,239.04606511687962,239.04606511687962,57143.02124786345
2001-12-08 09:00:00,28866.0,28505.132215273636,360.86778472636433,360.86778472636433,130225.55805331364
2001-12-08 10:00:00,29425.0,29528.72860675342,-103.72860675341872,103.72860675341872,10759.623859005384
2001-12-08 11:00:00,29421.0,29450.21860051409,-29.218600514090213,29.218600514090213,853.7266160019929
2001-12-08 12:00:00,29251.0,29173.750172603963,77.24982739603729,77.24982739603729,5967.535832717554
2001-12-08 13:00:00,29051.0,28800.812614508868,250.18738549113186,250.18738549113186,62593.72785888822
2001-12-08 14:00:00,29022.0,28713.950982905208,308.04901709479236,308.04901709479236,94894.19693306768
2001-12-08 15:00:00,29481.0,28991.392109627264,489.6078903727357,489.6078903727357,239715.8863152408
2001-12-08 16:00:00,31417.0,30137.514638896253,1279.485361103747,1279.485361103747,1637082.7892787857
2001-12-08 17:00:00,33035.0,31891.715570394677,1143.2844296053227,1143.2844296053227,1307099.286977968
2001-12-08 18:00:00,32641.0,33246.555882408014,-605.5558824080144,605.5558824080144,366697.926718949
2001-12-08 19:00:00,31842.0,32203.448893048688,-361.44889304868775,361.44889304868775,130645.30228612172
2001-12-08 20:00:00,31121.0,31193.42219458982,-72.42219458982072,72.42219458982072,5244.974269205857
2001-12-08 21:00:00,29834.0,29897.47344060387,-63.473440603869676,63.473440603869676,4028.8776620929716
2001-12-08 22:00:00,28337.0,27752.853782230966,584.1462177690337,584.1462177690337,341226.8037338673
2001-12-08 23:00:00,26106.0,26268.205887037006,-162.2058870370056,162.2058870370056,26310.74978946182
2001-12-09 00:00:00,23965.0,24138.918310429857,-173.91831042985723,173.91831042985723,30247.578702776187
2001-12-09 01:00:00,22766.0,22550.387591669045,215.61240833095508,215.61240833095508,46488.71062627451
2001-12-09 02:00:00,22109.0,22163.168704677253,-54.16870467725312,54.16870467725312,2934.248566411464
2001-12-09 03:00:00,21739.0,21817.953613966878,-78.95361396687804,78.95361396687804,6233.673158430799
2001-12-09 04:00:00,21808.0,21767.507542852767,40.492457147232926,40.492457147232926,1639.639085820495
2001-12-09 05:00:00,22241.0,22067.964682491223,173.03531750877664,173.03531750877664,29941.221105363144
2001-12-09 06:00:00,23152.0,23066.031320414768,85.96867958523217,85.96867958523217,7390.613869628314
2001-12-09 07:00:00,24207.0,24189.91350668003,17.08649331997003,17.08649331997003,291.94825397338053
2001-12-09 08:00:00,25935.0,25713.144937076187,221.8550629238125,221.8550629238125,49219.66894492881
2001-12-09 09:00:00,27058.0,27276.90198008395,-218.90198008394873,218.90198008394873,47918.076884673486
2001-12-09 10:00:00,27377.0,27801.52249283357,-424.52249283357014,424.52249283357014,180219.3469216286
2001-12-09 11:00:00,27274.0,27463.46711087541,-189.46711087540825,189.46711087540825,35897.786103474245
2001-12-09 12:00:00,27146.0,27116.652173007213,29.347826992787304,29.347826992787304,861.2949491985751
2001-12-09 13:00:00,26763.0,26953.992425887485,-190.9924258874853,190.9924258874853,36478.10674638656
2001-12-09 14:00:00,26495.0,26567.735896741506,-72.73589674150571,72.73589674150571,5290.510674790981
2001-12-09 15:00:00,26683.0,26669.990581881386,13.009418118614121,13.009418118614121,169.24495978492538
2001-12-09 16:00:00,28396.0,28023.031455617544,372.96854438245646,372.96854438245646,139105.5350987684
2001-12-09 17:00:00,32214.0,30607.31606075286,1606.683939247141,1606.683939247141,2581433.280634711
2001-12-09 18:00:00,32854.0,32321.231324647622,532.7686753523776,532.7686753523776,283842.46143672714
2001-12-09 19:00:00,32719.0,32656.936177996187,62.063822003812675,62.063822003812675,3851.9180017209424
2001-12-09 20:00:00,32443.0,32395.62951992471,47.37048007528938,47.37048007528938,2243.962382563388
2001-12-09 21:00:00,31358.0,31523.836349350287,-165.8363493502875,165.8363493502875,27501.694765830598
2001-12-09 22:00:00,29145.0,29640.30154155844,-495.3015415584414,495.3015415584414,245323.61707016843
2001-12-09 23:00:00,26848.0,27151.29444085894,-303.2944408589392,303.2944408589392,91987.51785593656
2001-12-10 00:00:00,24874.0,24712.74733607431,161.25266392569029,161.25266392569029,26002.421623131617
2001-12-10 01:00:00,24422.0,23657.43860822686,764.5613917731389,764.5613917731389,584554.1217900792
2001-12-10 02:00:00,24304.0,23855.87054363481,448.12945636519,448.12945636519,200820.0096621607
2001-12-10 03:00:00,24461.0,24144.198996508792,316.80100349120767,316.80100349120767,100362.87581303617
2001-12-10 04:00:00,25247.0,24963.15181758852,283.8481824114788,283.8481824114788,80569.79065830013
2001-12-10 05:00:00,27710.0,27289.331105863224,420.66889413677563,420.66889413677563,176962.31849425775
2001-12-10 06:00:00,32094.0,30990.3066824665,1103.6933175334998,1103.6933175334998,1218138.9391681028
2001-12-10 07:00:00,34400.0,33638.52487481356,761.4751251864436,761.4751251864436,579844.36627771
2001-12-10 08:00:00,34487.0,34909.511921644946,-422.5119216449457,422.5119216449457,178516.32393210471
2001-12-10 09:00:00,34179.0,34560.91047900743,-381.91047900742706,381.91047900742706,145855.61397568238
2001-12-10 10:00:00,33707.0,33978.062082358614,-271.06208235861413,271.06208235861413,73474.65249258811
2001-12-10 11:00:00,33043.0,33410.19750938955,-367.1975093895526,367.1975093895526,134834.01090189055
2001-12-10 12:00:00,32540.0,32714.89406618092,-174.89406618092107,174.89406618092107,30587.9343852964
2001-12-10 13:00:00,32272.0,32243.51158335987,28.488416640131618,28.488416640131618,811.5898826617281
2001-12-10 14:00:00,32008.0,31841.033236814375,166.9667631856246,166.9667631856246,27877.900008684443
2001-12-10 15:00:00,32208.0,32037.363970097467,170.63602990253275,170.63602990253275,29116.654700898052
2001-12-10 16:00:00,34250.0,32818.62817014059,1431.3718298594104,1431.3718298594104,2048825.3153150768
2001-12-10 17:00:00,37194.0,35940.79352677562,1253.2064732243816,1253.2064732243816,1570526.4645314927
2001-12-10 18:00:00,37177.0,37236.45922375416,-59.4592237541583,59.4592237541583,3535.399289447063
2001-12-10 19:00:00,36479.0,36515.625487778896,-36.62548777889606,36.62548777889606,1341.4263550420646
2001-12-10 20:00:00,35698.0,35615.42235775057,82.57764224943094,82.57764224943094,6819.0669994750015
2001-12-10 21:00:00,33925.0,34379.88176885684,-454.8817688568379,454.8817688568379,206917.42363832568
2001-12-10 22:00:00,30810.0,31300.142049837945,-490.1420498379448,490.1420498379448,240239.22901934237
2001-12-10 23:00:00,27424.0,28287.786630669038,-863.7866306690375,863.7866306690375,746127.3433225682
2001-12-11 00:00:00,25372.0,25433.650666873393,-61.650666873392765,61.650666873392765,3800.8047259340483
2001-12-11 01:00:00,24266.0,24278.21010831994,-12.210108319941355,12.210108319941355,149.0867451847011
2001-12-11 02:00:00,23745.0,23777.18793695075,-32.187936950751464,32.187936950751464,1036.0632851455514
2001-12-11 03:00:00,23566.0,23582.76177831663,-16.761778316631535,16.761778316631535,280.9572123358991
2001-12-11 04:00:00,24144.0,24110.987760081436,33.012239918563864,33.012239918563864,1089.8079844408214
2001-12-11 05:00:00,26336.0,26095.59655958092,240.40344041907883,240.40344041907883,57793.81416532959
2001-12-11 06:00:00,30334.0,30023.833265000365,310.1667349996351,310.1667349996351,96203.40350033385
2001-12-11 07:00:00,32740.0,33078.44901823924,-338.4490182392401,338.4490182392401,114547.73794710547
2001-12-11 08:00:00,32850.0,33527.40795662089,-677.4079566208893,677.4079566208893,458881.5396932887
2001-12-11 09:00:00,32707.0,32891.68555056964,-184.6855505696367,184.6855505696367,34108.75258920983
2001-12-11 10:00:00,32325.0,32704.36645703196,-379.3664570319597,379.3664570319597,143918.90872098174
2001-12-11 11:00:00,32142.0,31920.868515113838,221.13148488616207,221.13148488616207,48899.133607958924
2001-12-11 12:00:00,31558.0,31728.34713422099,-170.34713422098866,170.34713422098866,29018.146137303527
2001-12-11 13:00:00,31301.0,31227.57862143513,73.4213785648717,73.4213785648717,5390.698830366202
2001-12-11 14:00:00,30738.0,31005.44587645987,-267.4458764598712,267.4458764598712,71527.2968353887
2001-12-11 15:00:00,30621.0,30799.09232575364,-178.0923257536415,178.0923257536415,31716.876492341155
2001-12-11 16:00:00,32108.0,31326.522687212007,781.4773127879926,781.4773127879926,610706.790402342
2001-12-11 17:00:00,35849.0,34720.44540399603,1128.5545960039672,1128.5545960039672,1273635.4761616776
2001-12-11 18:00:00,36121.0,36149.07443287979,-28.07443287978822,28.07443287978822,788.1737815217339
2001-12-11 19:00:00,35553.0,35665.73938113068,-112.73938113068289,112.73938113068289,12710.168057729377
2001-12-11 20:00:00,34881.0,34895.36351252589,-14.363512525887927,14.363512525887927,206.3104920813394
2001-12-11 21:00:00,33449.0,33672.003422470145,-223.00342247014487,223.00342247014487,49730.526433397914
2001-12-11 22:00:00,30409.0,31061.647841291142,-652.647841291142,652.647841291142,425949.20474198763
2001-12-11 23:00:00,27436.0,27692.111337361337,-256.11133736133706,256.11133736133706,65593.0171250126
2001-12-12 00:00:00,25343.0,25343.3695493478,-0.36954934780078474,0.36954934780078474,0.13656672045998536
2001-12-12 01:00:00,24519.0,24416.300493905772,102.69950609422813,102.69950609422813,10547.1885519984
2001-12-12 02:00:00,24154.0,24161.331962584274,-7.331962584274152,7.331962584274152,53.7576753371961
2001-12-12 03:00:00,24178.0,24106.11327037513,71.8867296248718,71.8867296248718,5167.701896159421
2001-12-12 04:00:00,24927.0,24659.989719418947,267.01028058105294,267.01028058105294,71294.48993597261
2001-12-12 05:00:00,27184.0,26985.335533206566,198.66446679343426,198.66446679343426,39467.570366319545
2001-12-12 06:00:00,31329.0,30986.4931638422,342.50683615780144,342.50683615780144,117310.93281482704
2001-12-12 07:00:00,33955.0,33684.67370948464,270.3262905153606,270.3262905153606,73076.30334379514
2001-12-12 08:00:00,33736.0,33812.699388884765,-76.69938888476463,76.69938888476463,5882.796255296356
2001-12-12 09:00:00,33331.0,33606.93319927106,-275.9331992710577,275.9331992710577,76139.13045996122
2001-12-12 10:00:00,33178.0,32843.35373753512,334.6462624648775,334.6462624648775,111988.12098171169
2001-12-12 11:00:00,32794.0,32776.73815570421,17.26184429579007,17.26184429579007,297.9712684921002
2001-12-12 12:00:00,32267.0,32503.093262317907,-236.09326231790692,236.09326231790692,55740.02851191201
2001-12-12 13:00:00,32307.0,31778.996470540857,528.0035294591435,528.0035294591435,278787.7271213126
2001-12-12 14:00:00,32319.0,31896.231739733936,422.7682602660643,422.7682602660643,178733.0018883947
2001-12-12 15:00:00,32122.0,32136.088053739502,-14.088053739502357,14.088053739502357,198.47325816710634
2001-12-12 16:00:00,34102.0,32808.79675135423,1293.2032486457683,1293.2032486457683,1672374.6423079688
2001-12-12 17:00:00,36776.0,35731.60758177347,1044.3924182265328,1044.3924182265328,1090755.5232490648
2001-12-12 18:00:00,36585.0,36827.18975143453,-242.1897514345328,242.1897514345328,58655.87569992078
2001-12-12 19:00:00,35744.0,35834.08538103644,-90.08538103644241,90.08538103644241,8115.375876481018
2001-12-12 20:00:00,34931.0,35013.358146809136,-82.35814680913609,82.35814680913609,6782.864345835213
2001-12-12 21:00:00,33216.0,33653.968419583834,-437.9684195838345,437.9684195838345,191816.3365527617
2001-12-12 22:00:00,30237.0,30813.794601819918,-576.7946018199182,576.7946018199182,332692.01268859796
2001-12-12 23:00:00,27073.0,27625.954642441833,-552.9546424418331,552.9546424418331,305758.8365979755
2001-12-13 00:00:00,24984.0,25050.174228097116,-66.1742280971157,66.1742280971157,4379.028464249097
2001-12-13 01:00:00,23869.0,24061.897572325648,-192.89757232564807,192.89757232564807,37209.47340912863
2001-12-13 02:00:00,23376.0,23434.796570053844,-58.796570053844334,58.796570053844334,3457.0366500966243
2001-12-13 03:00:00,23457.0,23268.303498086243,188.69650191375695,188.69650191375695,35606.369834488476
2001-12-13 04:00:00,23987.0,23903.69603012474,83.30396987525819,83.30396987525819,6939.551396977924
2001-12-13 05:00:00,25895.0,25959.604654394792,-64.6046543947923,64.6046543947923,4173.761369470557
2001-12-13 06:00:00,29569.0,29658.264755905522,-89.26475590552218,89.26475590552218,7968.196646872457
2001-12-13 07:00:00,32243.0,32131.75713336514,111.24286663486055,111.24286663486055,12374.97537714137
2001-12-13 08:00:00,32393.0,32704.71063970432,-311.7106397043208,311.7106397043208,97163.52290487688
2001-12-13 09:00:00,32432.0,32374.94153503035,57.05846496965023,57.05846496965023,3255.6684246928025
2001-12-13 10:00:00,32691.0,32326.644202253257,364.3557977467426,364.3557977467426,132755.14735166522
2001-12-13 11:00:00,32488.0,32602.40039122326,-114.40039122325834,114.40039122325834,13087.449512034564
2001-12-13 12:00:00,32260.0,32077.56023360215,182.43976639784887,182.43976639784887,33284.268363301664
2001-12-13 13:00:00,32163.0,31870.075443458507,292.9245565414931,292.9245565414931,85804.79582503038
2001-12-13 14:00:00,31714.0,31935.45432228359,-221.45432228358914,221.45432228358914,49042.01685808376
2001-12-13 15:00:00,31718.0,31664.102618464454,53.89738153554572,53.89738153554572,2904.9277363881847
2001-12-13 16:00:00,33289.0,32600.17628827502,688.823711724981,688.823711724981,474478.1058345797
2001-12-13 17:00:00,35951.0,35345.06062536825,605.939374631751,605.939374631751,367162.52572911745
2001-12-13 18:00:00,35789.0,36072.241136599514,-283.241136599514,283.241136599514,80225.54146218454
2001-12-13 19:00:00,34983.0,35206.9862629572,-223.9862629572017,223.9862629572017,50169.845993532705
2001-12-13 20:00:00,34129.0,34413.70759557195,-284.70759557194833,284.70759557194833,81058.41497636009
2001-12-13 21:00:00,32486.0,32920.71486635115,-434.71486635114707,434.71486635114707,188977.01502669565
2001-12-13 22:00:00,29481.0,30095.096078145234,-614.0960781452341,614.0960781452341,377113.9931933574
2001-12-13 23:00:00,26518.0,27154.509841120467,-636.5098411204672,636.5098411204672,405144.77784320235
2001-12-14 00:00:00,24121.0,24700.019857283627,-579.0198572836271,579.0198572836271,335263.99512875185
2001-12-14 01:00:00,22936.0,23151.667796628873,-215.66779662887348,215.66779662887348,46512.59850275313
2001-12-14 02:00:00,22305.0,22469.085987225215,-164.08598722521492,164.08598722521492,26924.211203673396
2001-12-14 03:00:00,22116.0,22086.519031974985,29.48096802501459,29.48096802501459,869.1274756919327
2001-12-14 04:00:00,22578.0,22392.550397898733,185.44960210126737,185.44960210126737,34391.55491951839
2001-12-14 05:00:00,24552.0,24038.554038892205,513.4459611077946,513.4459611077946,263626.7549779069
2001-12-14 06:00:00,28587.0,27888.894549373475,698.1054506265245,698.1054506265245,487351.2201944629
2001-12-14 07:00:00,31280.0,30761.833243556688,518.1667564433119,518.1667564433119,268496.7874829825
2001-12-14 08:00:00,31750.0,32375.438566056084,-625.4385660560838,625.4385660560838,391173.3999102903
2001-12-14 09:00:00,32086.0,32186.967152431967,-100.9671524319674,100.9671524319674,10194.365870220141
2001-12-14 10:00:00,32189.0,32340.988663913944,-151.98866391394404,151.98866391394404,23100.553958345834
2001-12-14 11:00:00,31979.0,32092.114593686336,-113.11459368633587,113.11459368633587,12794.911304824853
2001-12-14 12:00:00,31775.0,31709.715677526372,65.28432247362798,65.28432247362798,4262.042760840647
2001-12-14 13:00:00,31646.0,31486.12674987098,159.87325012902147,159.87325012902147,25559.456106816662
2001-12-14 14:00:00,31517.0,31433.76792980975,83.23207019024994,83.23207019024994,6927.577508154693
2001-12-14 15:00:00,31750.0,31388.068358846256,361.93164115374384,361.93164115374384,130994.5128682424
2001-12-14 16:00:00,32833.0,32227.842946268964,605.1570537310363,605.1570537310363,366215.05968042836
2001-12-14 17:00:00,34810.0,34856.16363448768,-46.16363448768243,46.16363448768243,2131.0811491123427
2001-12-14 18:00:00,34376.0,35061.98196551811,-685.9819655181127,685.9819655181127,470571.2570160932
2001-12-14 19:00:00,33303.0,33751.15887332564,-448.15887332564307,448.15887332564307,200846.3757405098
2001-12-14 20:00:00,32329.0,32572.757236595906,-243.75723659590585,243.75723659590585,59417.59039287242
2001-12-14 21:00:00,30996.0,31061.413196848254,-65.4131968482543,65.4131968482543,4278.886321908467
2001-12-14 22:00:00,28721.0,29001.73303022312,-280.7330302231203,280.7330302231203,78811.03425825537
2001-12-14 23:00:00,25905.0,26382.611129088622,-477.61112908862196,477.61112908862196,228112.39062930833
2001-12-15 00:00:00,23705.0,24202.126631537092,-497.1266315370922,497.1266315370922,247134.88778341582
2001-12-15 01:00:00,22285.0,22736.765680845303,-451.765680845303,451.765680845303,204092.23038962018
2001-12-15 02:00:00,21649.0,21745.233599793588,-96.23359979358793,96.23359979358793,9260.905729232447
2001-12-15 03:00:00,21392.0,21266.152066509403,125.84793349059692,125.84793349059692,15837.702363853705
2001-12-15 04:00:00,21583.0,21388.37446607675,194.62553392324844,194.62553392324844,37879.09845490953
2001-12-15 05:00:00,22487.0,22175.304995323557,311.6950046764432,311.6950046764432,97153.77594024796
2001-12-15 06:00:00,23977.0,23861.693774348154,115.30622565184603,115.30622565184603,13295.525674074437
2001-12-15 07:00:00,25644.0,25454.36620076003,189.63379923997127,189.63379923997127,35960.977814185724
2001-12-15 08:00:00,27564.0,27434.888828571253,129.11117142874718,129.11117142874718,16669.694587703343
2001-12-15 09:00:00,28869.0,29026.161398240078,-157.1613982400777,157.1613982400777,24699.705096776295
2001-12-15 10:00:00,29075.0,29655.06813408513,-580.0681340851297,580.0681340851297,336479.04018100403
2001-12-15 11:00:00,28879.0,29010.634259906823,-131.634259906823,131.634259906823,17327.578381217027
2001-12-15 12:00:00,28226.0,28535.834866379948,-309.8348663799479,309.8348663799479,95997.64442468018
2001-12-15 13:00:00,27599.0,27869.54467723482,-270.54467723481866,270.54467723481866,73194.4223800922
2001-12-15 14:00:00,26979.0,27268.99998521196,-289.99998521196176,289.99998521196176,84099.99142293804
2001-12-15 15:00:00,26903.0,26951.511863174248,-48.51186317424799,48.51186317424799,2353.4008686369584
2001-12-15 16:00:00,28664.0,27890.28769789417,773.7123021058287,773.7123021058287,598630.7264299012
2001-12-15 17:00:00,32400.0,30849.949759500963,1550.0502404990366,1550.0502404990366,2402655.748071121
2001-12-15 18:00:00,32679.0,32781.63623974589,-102.636239745887,102.636239745887,10534.197709175194
2001-12-15 19:00:00,32252.0,32268.32434676988,-16.32434676988123,16.32434676988123,266.48429746333176
2001-12-15 20:00:00,31831.0,31694.12685607319,136.87314392680855,136.87314392680855,18734.25752840885
2001-12-15 21:00:00,31099.0,30913.915145399264,185.08485460073643,185.08485460073643,34256.40340257575
2001-12-15 22:00:00,29733.0,29437.970991139977,295.02900886002317,295.02900886002317,87042.11606892763
2001-12-15 23:00:00,27599.0,27535.53427336747,63.46572663253028,63.46572663253028,4027.898456995063
2001-12-16 00:00:00,25695.0,25454.619582355972,240.38041764402806,240.38041764402806,57782.74518671736
2001-12-16 01:00:00,24480.0,24147.087683250633,332.91231674936716,332.91231674936716,110830.61064343098
2001-12-16 02:00:00,23931.0,23734.50965202647,196.49034797352942,196.49034797352942,38608.45684675868
2001-12-16 03:00:00,23661.0,23579.53600062787,81.46399937212846,81.46399937212846,6636.383193702145
2001-12-16 04:00:00,23993.0,23686.077270489048,306.9227295109522,306.9227295109522,94201.56189045313
2001-12-16 05:00:00,24574.0,24339.585407722483,234.41459227751693,234.41459227751693,54950.2010726345
2001-12-16 06:00:00,25734.0,25455.765339155827,278.23466084417305,278.23466084417305,77414.526495072
2001-12-16 07:00:00,26695.0,27011.716732921122,-316.71673292112246,316.71673292112246,100309.48891222962
2001-12-16 08:00:00,28236.0,27782.687243906108,453.31275609389195,453.31275609389195,205492.45483744037
2001-12-16 09:00:00,28956.0,28901.45595926957,54.544040730430424,54.544040730430424,2975.052379202853
2001-12-16 10:00:00,28770.0,29328.415765678197,-558.4157656781972,558.4157656781972,311828.16735796724
2001-12-16 11:00:00,28456.0,28521.44204030172,-65.44204030172114,65.44204030172114,4282.660638852093
2001-12-16 12:00:00,28251.0,28123.900044907798,127.09995509220244,127.09995509220244,16154.398584439876
2001-12-16 13:00:00,27813.0,27891.657029190297,-78.65702919029718,78.65702919029718,6186.9282410432625
2001-12-16 14:00:00,27392.0,27426.185138943587,-34.185138943586935,34.185138943586935,1168.6237245923442
2001-12-16 15:00:00,27495.0,27330.034661298858,164.96533870114217,164.96533870114217,27213.562972782554
2001-12-16 16:00:00,29867.0,28912.597723807914,954.402276192086,954.402276192086,910883.7048006348
2001-12-16 17:00:00,33228.0,32129.970646954964,1098.0293530450363,1098.0293530450363,1205668.460148501
2001-12-16 18:00:00,33663.0,33395.42276522407,267.5772347759266,267.5772347759266,71597.57657033135
2001-12-16 19:00:00,33466.0,33467.22951530444,-1.2295153044397011,1.2295153044397011,1.511707883851451
2001-12-16 20:00:00,32989.0,33059.298696511425,-70.29869651142508,70.29869651142508,4941.9067312054485
2001-12-16 21:00:00,31788.0,31981.03624235984,-193.0362423598417,193.0362423598417,37262.99086440755
2001-12-16 22:00:00,29502.0,29970.275162023972,-468.27516202397237,468.27516202397237,219281.62736857758
2001-12-16 23:00:00,26755.0,27429.234949928847,-674.2349499288466,674.2349499288466,454592.7677055543
2001-12-17 00:00:00,24642.0,25055.665690796155,-413.6656907961551,413.6656907961551,171119.3037418602
2001-12-17 01:00:00,23656.0,23710.579938114766,-54.579938114766264,54.579938114766264,2978.969644611715
2001-12-17 02:00:00,23246.0,23240.878313504094,5.121686495906033,5.121686495906033,26.23167256234622
2001-12-17 03:00:00,23356.0,23079.072201077768,276.9277989222319,276.9277989222319,76689.0058159121
2001-12-17 04:00:00,23940.0,23847.53803989346,92.46196010653875,92.46196010653875,8549.214066743165
2001-12-17 05:00:00,26036.0,25561.64035537533,474.3596446246702,474.3596446246702,225017.0724484434
2001-12-17 06:00:00,30196.0,29329.450260719535,866.5497392804646,866.5497392804646,750908.4506470411
2001-12-17 07:00:00,33075.0,32824.0369669894,250.96303301060107,250.96303301060107,62982.44393788004
2001-12-17 08:00:00,33431.0,33818.548162330604,-387.5481623306041,387.5481623306041,150193.57812582827
2001-12-17 09:00:00,33511.0,33586.25632832311,-75.25632832310657,75.25632832310657,5663.514952675213
2001-12-17 10:00:00,33958.0,33527.35461735309,430.6453826469078,430.6453826469078,185455.44559510166
2001-12-17 11:00:00,33386.0,33947.212818479326,-561.2128184793255,561.2128184793255,314959.82762550836
2001-12-17 12:00:00,32971.0,33041.3019360105,-70.30193601050269,70.30193601050269,4942.362206824814
2001-12-17 13:00:00,32754.0,32699.088606824833,54.91139317516718,54.91139317516718,3015.2611004377964
2001-12-17 14:00:00,32339.0,32540.135972660904,-201.13597266090437,201.13597266090437,40455.67949824807
2001-12-17 15:00:00,32432.0,32228.191991034208,203.8080089657924,203.8080089657924,41537.70451860051
2001-12-17 16:00:00,34375.0,33199.74748539003,1175.2525146099724,1175.2525146099724,1381218.4730970634
2001-12-17 17:00:00,36963.0,36344.7632766424,618.2367233576006,618.2367233576006,382216.64610794233
2001-12-17 18:00:00,36856.0,36964.56305426898,-108.56305426898325,108.56305426898325,11785.936752210202
2001-12-17 19:00:00,36071.0,36268.76156664685,-197.76156664684822,197.76156664684822,39109.63724261579
2001-12-17 20:00:00,35179.0,35535.22980550857,-356.2298055085703,356.2298055085703,126899.6743326738
2001-12-17 21:00:00,33429.0,33768.23635256365,-339.2363525636465,339.2363525636465,115081.30290068667
2001-12-17 22:00:00,30419.0,30946.07228136835,-527.0722813683496,527.0722813683496,277805.18978683674
2001-12-17 23:00:00,27345.0,27656.169633404836,-311.1696334048356,311.1696334048356,96826.54075329979
2001-12-18 00:00:00,24640.0,25291.03277077407,-651.0327707740689,651.0327707740689,423843.6686217614
2001-12-18 01:00:00,23345.0,23725.705264097916,-380.70526409791637,380.70526409791637,144936.49811186426
2001-12-18 02:00:00,22698.0,22830.847509449683,-132.84750944968255,132.84750944968255,17648.460766983495
2001-12-18 03:00:00,22465.0,22338.36079534761,126.63920465239062,126.63920465239062,16037.488154990073
2001-12-18 04:00:00,22850.0,22784.186647326904,65.81335267309623,65.81335267309623,4331.397390073343
2001-12-18 05:00:00,24964.0,24425.388279287385,538.6117207126154,538.6117207126154,290102.58568900434
2001-12-18 06:00:00,29021.0,28640.62674507765,380.3732549223496,380.3732549223496,144683.81306022275
2001-12-18 07:00:00,31911.0,31591.017966141742,319.98203385825764,319.98203385825764,102388.50199206713
2001-12-18 08:00:00,32301.0,32866.70941200615,-565.709412006152,565.709412006152,320027.1388323462
2001-12-18 09:00:00,32495.0,32465.8202241661,29.179775833901658,29.179775833901658,851.4593177167512
2001-12-18 10:00:00,32460.0,32631.786303556455,-171.7863035564551,171.7863035564551,29510.534089590536
2001-12-18 11:00:00,32256.0,32323.12756947093,-67.1275694709293,67.1275694709293,4506.11058307444
2001-12-18 12:00:00,31903.0,31897.819981576708,5.180018423292495,5.180018423292495,26.832590865649664
2001-12-18 13:00:00,31754.0,31589.021724833754,164.97827516624602,164.97827516624602,27217.831276829587
2001-12-18 14:00:00,31514.0,31510.554842910253,3.4451570897472266,3.4451570897472266,11.869107373035579
2001-12-18 15:00:00,31704.0,31472.841585645696,231.1584143543041,231.1584143543041,53434.21252679615
2001-12-18 16:00:00,33457.0,32410.393147340565,1046.6068526594354,1046.6068526594354,1095385.904033689
2001-12-18 17:00:00,36983.0,35490.12511541489,1492.8748845851078,1492.8748845851078,2228675.421024999
2001-12-18 18:00:00,36938.0,37052.91476927603,-114.91476927603071,114.91476927603071,13205.404197763371
2001-12-18 19:00:00,36389.0,36468.206167254066,-79.2061672540658,79.2061672540658,6273.616931079046
2001-12-18 20:00:00,35761.0,35710.97787388242,50.02212611758296,50.02212611758296,2502.2131013233748
2001-12-18 21:00:00,34090.0,34699.62861743805,-609.6286174380512,609.6286174380512,371647.0511994297
2001-12-18 22:00:00,31457.0,31592.6719942239,-135.67199422389967,135.67199422389967,18406.890016689867
2001-12-18 23:00:00,28315.0,28796.28424575868,-481.2842457586812,481.2842457586812,231634.52521550265
2001-12-19 00:00:00,25649.0,26252.554291914465,-603.5542919144646,603.5542919144646,364277.7832883707
2001-12-19 01:00:00,24596.0,24542.796130040762,53.203869959237636,53.203869959237636,2830.651778639469
2001-12-19 02:00:00,24212.0,24123.03397058573,88.96602941427045,88.96602941427045,7914.954389740835
2001-12-19 03:00:00,24118.0,24026.795082970588,91.20491702941217,91.20491702941217,8318.336890341958
2001-12-19 04:00:00,24683.0,24427.076770188763,255.92322981123652,255.92322981123652,65496.69955701498
2001-12-19 05:00:00,27104.0,26468.661759815684,635.3382401843155,635.3382401843155,403654.679440503
2001-12-19 06:00:00,31230.0,30804.606435869548,425.39356413045243,425.39356413045243,180959.68440360934
2001-12-19 07:00:00,33565.0,33843.56999109772,-278.56999109772005,278.56999109772005,77601.23994018383
2001-12-19 08:00:00,33417.0,33984.63009285095,-567.6300928509518,567.6300928509518,322203.92230998015
2001-12-19 09:00:00,32982.0,33133.0918384277,-151.0918384277029,151.0918384277029,22828.74363946308
2001-12-19 10:00:00,32658.0,32688.13249212238,-30.132492122378608,30.132492122378608,907.9670815052089
2001-12-19 11:00:00,31947.0,32187.31724996866,-240.31724996865887,240.31724996865887,57752.38063249887
2001-12-19 12:00:00,31266.0,31445.420336585314,-179.42033658531363,179.42033658531363,32191.657180387236
2001-12-19 13:00:00,30930.0,30823.351542044504,106.64845795549627,106.64845795549627,11373.893584285255
2001-12-19 14:00:00,30477.0,30632.489540781495,-155.48954078149472,155.48954078149472,24176.99729244011
2001-12-19 15:00:00,30533.0,30240.55711238531,292.4428876146885,292.4428876146885,85522.84251641734
2001-12-19 16:00:00,32027.0,31576.165165932453,450.8348340675475,450.8348340675475,203252.04760871307
2001-12-19 17:00:00,36033.0,34703.75020325937,1329.2497967406307,1329.2497967406307,1766905.0221350081
2001-12-19 18:00:00,36376.0,36109.953109330374,266.046890669626,266.046890669626,70780.94803497594
2001-12-19 19:00:00,35703.0,35726.779386091286,-23.779386091286142,23.779386091286142,565.4592028784529
2001-12-19 20:00:00,35197.0,35068.52979646386,128.47020353614062,128.47020353614062,16504.593196617396
2001-12-19 21:00:00,33794.0,33848.28267877552,-54.282678775518434,54.282678775518434,2946.6092150461195
2001-12-19 22:00:00,31137.0,31400.433676512803,-263.4336765128028,263.4336765128028,69397.30192105201
2001-12-19 23:00:00,28020.0,28473.89956628017,-453.8995662801717,453.8995662801717,206024.816269328
2001-12-20 00:00:00,25552.0,26184.533936244265,-632.5339362442646,632.5339362442646,400099.1805006634
2001-12-20 01:00:00,24529.0,24553.778800516637,-24.778800516636693,24.778800516636693,613.9889550432748
2001-12-20 02:00:00,24018.0,24088.265171916395,-70.26517191639505,70.26517191639505,4937.194384440551
2001-12-20 03:00:00,23909.0,23830.56763355553,78.43236644447097,78.43236644447097,6151.636106079776
2001-12-20 04:00:00,24498.0,24281.41130908745,216.5886909125511,216.5886909125511,46910.6610312126
2001-12-20 05:00:00,26709.0,26379.76542047625,329.23457952374883,329.23457952374883,108395.4083541797
2001-12-20 06:00:00,30923.0,30476.405010019018,446.59498998098206,446.59498998098206,199447.08507611346
2001-12-20 07:00:00,33384.0,33363.77561954276,20.22438045724266,20.22438045724266,409.0255648792988
2001-12-20 08:00:00,33701.0,33703.11692234554,-2.1169223455435713,2.1169223455435713,4.481360217061695
2001-12-20 09:00:00,33513.0,33575.71173900772,-62.71173900771828,62.71173900771828,3932.7622093721743
2001-12-20 10:00:00,33375.0,33134.76129135181,240.23870864819037,240.23870864819037,57714.6371329501
2001-12-20 11:00:00,33123.0,32905.050763848594,217.94923615140578,217.94923615140578,47501.86953898125
2001-12-20 12:00:00,32589.0,32714.071017970375,-125.07101797037467,125.07101797037467,15642.759536145782
2001-12-20 13:00:00,32504.0,32257.506177480827,246.49382251917268,246.49382251917268,60759.2045401134
2001-12-20 14:00:00,32165.0,32307.9788546571,-142.97885465709987,142.97885465709987,20442.95287905609
2001-12-20 15:00:00,32423.0,31996.738388344933,426.2616116550671,426.2616116550671,181698.96157077522
2001-12-20 16:00:00,34020.0,33286.54664888527,733.453351114731,733.453351114731,537953.818261429
2001-12-20 17:00:00,37717.0,36118.096562798855,1598.9034372011447,1598.9034372011447,2556492.201493635
2001-12-20 18:00:00,37982.0,37736.79254164039,245.20745835961134,245.20745835961134,60126.69763518053
2001-12-20 19:00:00,37508.0,37330.023323364265,177.9766766357352,177.9766766357352,31675.697426301052
2001-12-20 20:00:00,36894.0,36771.12522604838,122.87477395161841,122.87477395161841,15098.210073661321
2001-12-20 21:00:00,35561.0,35678.153108724626,-117.15310872462578,117.15310872462578,13724.85088384399
2001-12-20 22:00:00,33116.0,33195.81924659149,-79.81924659149081,79.81924659149081,6371.112126433217
2001-12-20 23:00:00,29793.0,30681.043488810305,-888.0434888103046,888.0434888103046,788621.2380183775
2001-12-21 00:00:00,27364.0,27675.1750084376,-311.1750084375999,311.1750084375999,96829.88587614037
2001-12-21 01:00:00,26104.0,26160.451745688137,-56.451745688136725,56.451745688136725,3186.7995912380634
2001-12-21 02:00:00,25547.0,25537.343620963136,9.656379036863655,9.656379036863655,93.24565610357985
2001-12-21 03:00:00,25359.0,25407.070054869815,-48.07005486981507,48.07005486981507,2310.7301751870314
2001-12-21 04:00:00,25897.0,25640.919559304704,256.0804406952957,256.0804406952957,65577.19210669685
2001-12-21 05:00:00,27998.0,27516.36622799843,481.633772001569,481.633772001569,231971.09033245937
2001-12-21 06:00:00,31932.0,31724.821584253543,207.17841574645718,207.17841574645718,42922.89595121185
2001-12-21 07:00:00,34194.0,34580.34751500306,-386.3475150030572,386.3475150030572,149264.4023490375
2001-12-21 08:00:00,34249.0,34775.68554013349,-526.6855401334906,526.6855401334906,277397.6581857067
2001-12-21 09:00:00,33912.0,33974.16828995669,-62.16828995668766,62.16828995668766,3864.8962761387916
2001-12-21 10:00:00,33700.0,33503.23097753497,196.76902246502868,196.76902246502868,38718.04820184296
2001-12-21 11:00:00,33093.0,33317.92268229349,-224.92268229348701,224.92268229348701,50590.21301009689
2001-12-21 12:00:00,32330.0,32583.351151171253,-253.35115117125315,253.35115117125315,64186.805799799164
2001-12-21 13:00:00,31854.0,31732.831637732543,121.16836226745727,121.16836226745727,14681.772014577762
2001-12-21 14:00:00,31378.0,31389.258779080534,-11.258779080533714,11.258779080533714,126.76010638426358
2001-12-21 15:00:00,31274.0,31097.896053421464,176.10394657853612,176.10394657853612,31012.600000535906
2001-12-21 16:00:00,32858.0,32116.68040988184,741.3195901181607,741.3195901181607,549554.7346929578
2001-12-21 17:00:00,36734.0,35622.576120573205,1111.4238794267949,1111.4238794267949,1235263.0397601067
2001-12-21 18:00:00,36873.0,36941.95334881377,-68.95334881376766,68.95334881376766,4754.564312633114
2001-12-21 19:00:00,36206.0,36417.54993602671,-211.5499360267131,211.5499360267131,44753.37543290641
2001-12-21 20:00:00,35461.0,35579.31199379843,-118.3119937984302,118.3119937984302,13997.727876559784
2001-12-21 21:00:00,34178.0,34127.9801885642,50.019811435799056,50.019811435799056,2501.981536072894
2001-12-21 22:00:00,32248.0,32081.93073042045,166.06926957955147,166.06926957955147,27579.00229868574
2001-12-21 23:00:00,29651.0,30076.80417479103,-425.80417479102834,425.80417479102834,181309.19526946862
2001-12-22 00:00:00,27377.0,27749.172397602826,-372.1723976028261,372.1723976028261,138512.29353743608
2001-12-22 01:00:00,26051.0,26364.354420328167,-313.3544203281672,313.3544203281672,98190.99273920167
2001-12-22 02:00:00,25852.0,25590.982562137284,261.0174378627162,261.0174378627162,68130.1028684169
2001-12-22 03:00:00,25807.0,25645.6518720843,161.34812791569857,161.34812791569857,26033.218381900628
2001-12-22 04:00:00,25841.0,25937.378928444166,-96.37892844416638,96.37892844416638,9288.897848045743
2001-12-22 05:00:00,26616.0,26707.643161683245,-91.64316168324513,91.64316168324513,8398.469083301408
2001-12-22 06:00:00,27990.0,27986.264247159674,3.735752840326313,3.735752840326313,13.955849284006117
2001-12-22 07:00:00,29253.0,29367.19399458577,-114.19399458577027,114.19399458577027,13040.26839945493
2001-12-22 08:00:00,30638.0,30819.82580470642,-181.82580470641915,181.82580470641915,33060.623257136875
2001-12-22 09:00:00,31223.0,31801.942641164747,-578.9426411647473,578.9426411647473,335174.5817588134
2001-12-22 10:00:00,30984.0,31361.438572736024,-377.43857273602407,377.43857273602407,142459.87618900693
2001-12-22 11:00:00,30174.0,30557.410786208293,-383.41078620829285,383.41078620829285,147003.83098086124
2001-12-22 12:00:00,29249.0,29650.15988948582,-401.1598894858216,401.1598894858216,160929.25693227662
2001-12-22 13:00:00,28384.0,28482.858646738943,-98.85864673894321,98.85864673894321,9773.032035055166
2001-12-22 14:00:00,27817.0,27671.373676066734,145.62632393326567,145.62632393326567,21207.026222316425
2001-12-22 15:00:00,27686.0,27548.62634839346,137.37365160654008,137.37365160654008,18871.52015571505
2001-12-22 16:00:00,29525.0,28378.58651487817,1146.4134851218296,1146.4134851218296,1314263.8788691794
2001-12-22 17:00:00,33430.0,31760.90769245552,1669.0923075444807,1669.0923075444807,2785869.1311041596
2001-12-22 18:00:00,33821.0,34132.384178031185,-311.384178031185,311.384178031185,96960.10632815672
2001-12-22 19:00:00,33564.0,33640.56745933987,-76.56745933987258,76.56745933987258,5862.575829763042
2001-12-22 20:00:00,33192.0,33131.244005079956,60.75599492004403,60.75599492004403,3691.2909187244163
2001-12-22 21:00:00,32340.0,32380.961353848757,-40.961353848757426,40.961353848757426,1677.8325091231147
2001-12-22 22:00:00,31189.0,30594.07326329335,594.9267367066495,594.9267367066495,353937.8220484231
2001-12-22 23:00:00,29426.0,29401.76093409078,24.23906590921979,24.23906590921979,587.5323161515009
2001-12-23 00:00:00,27141.0,27738.000387257813,-597.0003872578127,597.0003872578127,356409.4623859783
2001-12-23 01:00:00,25425.0,26304.129643903336,-879.1296439033358,879.1296439033358,772868.9307896061
2001-12-23 02:00:00,24901.0,24780.100651358694,120.89934864130555,120.89934864130555,14616.652501891951
2001-12-23 03:00:00,24633.0,24495.26773248308,137.73226751691982,137.73226751691982,18970.177515352367
2001-12-23 04:00:00,24684.0,24830.172940942375,-146.17294094237513,146.17294094237513,21366.528663743087
2001-12-23 05:00:00,25327.0,25175.860834237857,151.1391657621425,151.1391657621425,22843.04742727639
2001-12-23 06:00:00,26357.0,26372.821864919686,-15.82186491968605,15.82186491968605,250.33140953679205
2001-12-23 07:00:00,27471.0,27506.567820338296,-35.56782033829586,35.56782033829586,1265.0698436172927
2001-12-23 08:00:00,28661.0,28818.778752987102,-157.77875298710205,157.77875298710205,24894.134894164963
2001-12-23 09:00:00,28931.0,29545.342025199945,-614.342025199945,614.342025199945,377416.12392676994
2001-12-23 10:00:00,28564.0,29337.64117226155,-773.6411722615485,773.6411722615485,598520.6634182229
2001-12-23 11:00:00,27879.0,28440.869863817188,-561.8698638171882,561.8698638171882,315697.74386594555
2001-12-23 12:00:00,27441.0,27511.66977887273,-70.66977887272878,70.66977887272878,4994.217645920384
2001-12-23 13:00:00,26971.0,27161.30316598372,-190.30316598372156,190.30316598372156,36215.29498342788
2001-12-23 14:00:00,26666.0,26787.062830849143,-121.06283084914321,121.06283084914321,14656.209013208261
2001-12-23 15:00:00,26989.0,26772.601038549434,216.39896145056628,216.39896145056628,46828.51051688367
2001-12-23 16:00:00,29163.0,28207.023616479153,955.9763835208469,955.9763835208469,913890.8458495972
2001-12-23 17:00:00,32119.0,31113.382101210103,1005.6178987898966,1005.6178987898966,1011267.3583666066
2001-12-23 18:00:00,32279.0,32628.432887916195,-349.4328879161949,349.4328879161949,122103.34315745202
2001-12-23 19:00:00,31896.0,31911.904248713963,-15.90424871396317,15.90424871396317,252.94512715559915
2001-12-23 20:00:00,31354.0,31419.559951015235,-65.55995101523513,65.55995101523513,4298.1071771200295
2001-12-23 21:00:00,30407.0,30654.891304362085,-247.89130436208507,247.89130436208507,61450.098778335894
2001-12-23 22:00:00,28523.0,29045.98144271196,-522.98144271196,522.98144271196,273509.58942108304
2001-12-23 23:00:00,26125.0,26842.932169872744,-717.9321698727435,717.9321698727435,515426.6005381859
2001-12-24 00:00:00,23811.0,24718.42512631003,-907.4251263100305,907.4251263100305,823420.3598587747
2001-12-24 01:00:00,22421.0,22979.1471857567,-558.1471857567012,558.1471857567012,311528.28096812556
2001-12-24 02:00:00,21629.0,21921.134504304533,-292.13450430453304,292.13450430453304,85342.56860525523
2001-12-24 03:00:00,21678.0,21491.88992692848,186.11007307151885,186.11007307151885,34636.95929868609
2001-12-24 04:00:00,21634.0,22042.085188110726,-408.08518811072645,408.08518811072645,166533.520755367
2001-12-24 05:00:00,22770.0,23174.96664753567,-404.96664753567165,404.96664753567165,163997.98561628093
2001-12-24 06:00:00,24686.0,25787.977778657576,-1101.977778657576,1101.977778657576,1214355.0246550855
2001-12-24 07:00:00,26463.0,27228.308366237623,-765.308366237623,765.308366237623,585696.8954332997
2001-12-24 08:00:00,27988.0,28484.388350407713,-496.388350407713,496.388350407713,246401.39442049048
2001-12-24 09:00:00,29121.0,29311.986427245178,-190.98642724517777,190.98642724517777,36475.81539187758
2001-12-24 10:00:00,29263.0,29778.328648034472,-515.3286480344723,515.3286480344723,265563.61548503704
2001-12-24 11:00:00,28937.0,29837.109213683318,-900.1092136833176,900.1092136833176,810196.5965576004
2001-12-24 12:00:00,28370.0,29187.274283976185,-817.274283976185,817.274283976185,667937.2552487858
2001-12-24 13:00:00,27817.0,28398.407007205053,-581.4070072050527,581.4070072050527,338034.1080271361
2001-12-24 14:00:00,27612.0,27818.7220565804,-206.7220565803982,206.7220565803982,42734.008676829355
2001-12-24 15:00:00,27584.0,27808.59066515635,-224.59066515634913,224.59066515634913,50440.966875371334
2001-12-24 16:00:00,29106.0,28718.838016274392,387.16198372560757,387.16198372560757,149894.40164234763
2001-12-24 17:00:00,32592.0,31201.898596768726,1390.1014032312742,1390.1014032312742,1932381.9112655574
2001-12-24 18:00:00,32211.0,33059.243232303605,-848.2432323036046,848.2432323036046,719516.5811488669
2001-12-24 19:00:00,31251.0,31917.415057381477,-666.4150573814768,666.4150573814768,444109.028704757
2001-12-24 20:00:00,30846.0,30779.545794506124,66.45420549387563,66.45420549387563,4416.1614278222505
2001-12-24 21:00:00,30568.0,29877.180377518896,690.8196224811036,690.8196224811036,477231.7508049345
2001-12-24 22:00:00,29717.0,28723.66967096453,993.3303290354706,993.3303290354706,986705.1425817164
2001-12-24 23:00:00,28106.0,27365.9729879295,740.027012070499,740.027012070499,547639.9785939906
2001-12-25 00:00:00,26466.0,25763.858079399808,702.141920600192,702.141920600192,493003.27666412626
2001-12-25 01:00:00,25154.0,25226.99481487956,-72.99481487955927,72.99481487955927,5328.242999301127
2001-12-25 02:00:00,24415.0,24323.282804182978,91.717195817022,91.717195817022,8412.044008537958
2001-12-25 03:00:00,24156.0,24089.688040751418,66.31195924858184,66.31195924858184,4397.275939385579
2001-12-25 04:00:00,24300.0,24370.927952398273,-70.92795239827319,70.92795239827319,5030.774431411708
2001-12-25 05:00:00,24975.0,25579.81761213148,-604.8176121314791,604.8176121314791,365804.3439444243
2001-12-25 06:00:00,26130.0,26964.15188482754,-834.1518848275409,834.1518848275409,695809.3669613391
2001-12-25 07:00:00,27211.0,28621.79250322121,-1410.7925032212115,1410.7925032212115,1990335.4871451722
2001-12-25 08:00:00,28191.0,29262.186888212716,-1071.1868882127164,1071.1868882127164,1147441.3494788427
2001-12-25 09:00:00,28909.0,29372.35591288887,-463.3559128888701,463.3559128888701,214698.70200907814
2001-12-25 10:00:00,28811.0,29485.034449296403,-674.0344492964032,674.0344492964032,454322.43883830553
2001-12-25 11:00:00,28259.0,28851.714384082614,-592.7143840826138,592.7143840826138,351310.34109843225
2001-12-25 12:00:00,27366.0,28294.432835061503,-928.4328350615033,928.4328350615033,861987.5292203405
2001-12-25 13:00:00,26864.0,27189.291286598847,-325.29128659884736,325.29128659884736,105814.42113713345
2001-12-25 14:00:00,25667.0,26764.16085068872,-1097.1608506887205,1097.1608506887205,1203761.9322839968
2001-12-25 15:00:00,25709.0,25678.40151354424,30.598486455761304,30.598486455761304,936.267373383408
2001-12-25 16:00:00,27226.0,26494.435927795796,731.5640722042044,731.5640722042044,535185.9917399985
2001-12-25 17:00:00,29990.0,29102.5324273058,887.4675726942005,887.4675726942005,787598.692583736
2001-12-25 18:00:00,30362.0,30816.833614038762,-454.8336140387619,454.8336140387619,206873.6164595614
2001-12-25 19:00:00,30510.0,30467.155396985785,42.844603014214954,42.844603014214954,1835.6600074456771
2001-12-25 20:00:00,30692.0,30459.61278303943,232.3872169605711,232.3872169605711,54003.81860667954
2001-12-25 21:00:00,30230.0,29972.952708919947,257.0472910800527,257.0472910800527,66073.30985159332
2001-12-25 22:00:00,28868.0,28823.226347682223,44.773652317777305,44.773652317777305,2004.679941873205
2001-12-25 23:00:00,26833.0,26932.265033763753,-99.26503376375331,99.26503376375331,9853.546928119084
2001-12-26 00:00:00,25144.0,25022.653399426654,121.34660057334622,121.34660057334622,14724.99747070723
2001-12-26 01:00:00,24246.0,24181.25897265648,64.74102734351982,64.74102734351982,4191.400621494381
2001-12-26 02:00:00,23839.0,23933.57129329167,-94.57129329166855,94.57129329166855,8943.729514858793
2001-12-26 03:00:00,23820.0,23772.745593342144,47.254406657855725,47.254406657855725,2232.9789485859997
2001-12-26 04:00:00,24564.0,24294.42803005633,269.5719699436704,269.5719699436704,72669.04697931114
2001-12-26 05:00:00,26255.0,26302.61188411682,-47.611884116820875,47.611884116820875,2266.89150915358
2001-12-26 06:00:00,28981.0,29565.264302251922,-584.2643022519223,584.2643022519223,341364.7748859257
2001-12-26 07:00:00,31268.0,31001.388317344277,266.6116826557227,266.6116826557227,71081.78932851578
2001-12-26 08:00:00,32455.0,31924.125120271223,530.8748797287772,530.8748797287772,281828.1379270436
2001-12-26 09:00:00,33188.0,32761.09095910261,426.9090408973898,426.9090408973898,182251.32919992923
2001-12-26 10:00:00,33274.0,33029.861482349486,244.13851765051368,244.13851765051368,59603.61580059018
2001-12-26 11:00:00,33192.0,32926.554827313994,265.4451726860061,265.4451726860061,70461.13970230361
2001-12-26 12:00:00,32620.0,32834.327747556716,-214.32774755671562,214.32774755671562,45936.38337273522
2001-12-26 13:00:00,32088.0,32228.238577978875,-140.23857797887467,140.23857797887467,19666.85875353691
2001-12-26 14:00:00,31577.0,31714.27122209175,-137.27122209174922,137.27122209174922,18843.38841456234
2001-12-26 15:00:00,31453.0,31348.901693907676,104.09830609232449,104.09830609232449,10836.457331291282
2001-12-26 16:00:00,33083.0,31517.526692719573,1565.4733072804265,1565.4733072804265,2450706.6758075166
2001-12-26 17:00:00,37104.0,34069.8344646354,3034.1655353645983,3034.1655353645983,9206160.495994339
2001-12-26 18:00:00,37531.0,36819.31818104698,711.6818189530168,711.6818189530168,506491.01142827456
2001-12-26 19:00:00,37000.0,36721.912725350405,278.0872746495952,278.0872746495952,77332.53232203939
2001-12-26 20:00:00,36376.0,36368.365435301675,7.634564698324539,7.634564698324539,58.28657813290326
2001-12-26 21:00:00,35099.0,35074.53983005423,24.460169945770758,24.460169945770758,598.2999137759871
2001-12-26 22:00:00,32732.0,32514.771137630796,217.22886236920385,217.22886236920385,47188.37864621851
2001-12-26 23:00:00,30328.0,30194.84176456268,133.1582354373204,133.1582354373204,17731.11566478085
2001-12-27 00:00:00,28332.0,27888.5936912179,443.4063087821014,443.4063087821014,196609.15466776825
2001-12-27 01:00:00,27329.0,27164.603081145662,164.39691885433786,164.39691885433786,27026.346928799747
2001-12-27 02:00:00,26986.0,26750.143975748255,235.8560242517451,235.8560242517451,55628.064175839776
2001-12-27 03:00:00,27009.0,26841.120674599442,167.87932540055772,167.87932540055772,28183.467896946342
2001-12-27 04:00:00,27555.0,27463.245061254016,91.75493874598396,91.75493874598396,8418.96878427927
2001-12-27 05:00:00,29332.0,29602.282665640996,-270.28266564099613,270.28266564099613,73052.71934600252
2001-12-27 06:00:00,32132.0,32825.52359853549,-693.5235985354884,693.5235985354884,480974.9817256133
2001-12-27 07:00:00,33888.0,34771.63445964652,-883.6344596465206,883.6344596465206,780809.8582747984
2001-12-27 08:00:00,34827.0,34705.26497416826,121.73502583173831,121.73502583173831,14819.416514253995
2001-12-27 09:00:00,34997.0,34940.999096417145,56.000903582855244,56.000903582855244,3136.1012020962494
2001-12-27 10:00:00,35021.0,34690.12219453164,330.8778054683571,330.8778054683571,109480.12215155597
2001-12-27 11:00:00,34786.0,34610.22177380296,175.7782261970424,175.7782261970424,30897.984804978598
2001-12-27 12:00:00,34341.0,34150.363094301465,190.63690569853497,190.63690569853497,36342.42981431212
2001-12-27 13:00:00,34121.0,33875.628266008025,245.3717339919749,245.3717339919749,60207.28784222849
2001-12-27 14:00:00,33726.0,33817.208619902434,-91.2086199024343,91.2086199024343,8319.012344506733
2001-12-27 15:00:00,33546.0,33722.900614487524,-176.90061448752385,176.90061448752385,31293.827406063534
2001-12-27 16:00:00,34757.0,34526.62770524127,230.37229475873028,230.37229475873028,53071.394192403306
2001-12-27 17:00:00,38391.0,36736.10085542679,1654.89914457321,1654.89914457321,2738691.178709142
2001-12-27 18:00:00,38743.0,38729.08780371476,13.91219628523686,13.91219628523686,193.54920547895827
2001-12-27 19:00:00,37919.0,38131.65841590646,-212.65841590645869,212.65841590645869,45223.60185584436
2001-12-27 20:00:00,37161.0,37185.95599444036,-24.955994440359063,24.955994440359063,622.8016585072324
2001-12-27 21:00:00,35743.0,35880.99657899897,-137.99657899897284,137.99657899897284,19043.05581541975
2001-12-27 22:00:00,33252.0,33421.93322431718,-169.93322431718116,169.93322431718116,28877.300726833408
2001-12-27 23:00:00,30659.0,30718.017791395338,-59.017791395337554,59.017791395337554,3483.0997011835793
2001-12-28 00:00:00,28511.0,28564.752745249716,-53.7527452497161,53.7527452497161,2889.3576218808766
2001-12-28 01:00:00,27574.0,27319.23483793391,254.76516206609085,254.76516206609085,64905.287802561535
2001-12-28 02:00:00,27139.0,27080.74895926422,58.25104073578041,58.25104073578041,3393.1837468015483
2001-12-28 03:00:00,27198.0,26954.342643767617,243.65735623238288,243.65735623238288,59368.90724615433
2001-12-28 04:00:00,27772.0,27625.094400387305,146.90559961269537,146.90559961269537,21581.255197565562
2001-12-28 05:00:00,29414.0,29495.650540025814,-81.65054002581383,81.65054002581383,6666.810686507026
2001-12-28 06:00:00,32066.0,32635.660063125273,-569.6600631252732,569.6600631252732,324512.5875198902
2001-12-28 07:00:00,33942.0,34782.23903965754,-840.2390396575429,840.2390396575429,706001.64376463
2001-12-28 08:00:00,34705.0,35030.560410075785,-325.5604100757846,325.5604100757846,105989.58060871303
2001-12-28 09:00:00,35134.0,34793.92130775884,340.0786922411571,340.0786922411571,115653.51691645566
2001-12-28 10:00:00,35049.0,35066.397123635186,-17.39712363518629,17.39712363518629,302.6599107779574
2001-12-28 11:00:00,34415.0,34700.05986768641,-285.05986768641014,285.05986768641014,81259.12816539366
2001-12-28 12:00:00,33481.0,33943.08551848948,-462.08551848948264,462.08551848948264,213523.026397694
2001-12-28 13:00:00,32985.0,32991.50996337813,-6.509963378128305,6.509963378128305,42.379623184571685
2001-12-28 14:00:00,32639.0,32539.61183524946,99.38816475054045,99.38816475054045,9878.007292480572
2001-12-28 15:00:00,32490.0,32434.504639079052,55.49536092094786,55.49536092094786,3079.735083746267
2001-12-28 16:00:00,33859.0,33429.831350208275,429.16864979172533,429.16864979172533,184185.7299640526
2001-12-28 17:00:00,36840.0,36543.431500633225,296.56849936677463,296.56849936677463,87952.87481666061
2001-12-28 18:00:00,36773.0,37442.12472921007,-669.124729210067,669.124729210067,447727.90324044554
2001-12-28 19:00:00,35941.0,36018.73161692617,-77.7316169261685,77.7316169261685,6042.2042699566055
2001-12-28 20:00:00,35138.0,35219.04336590668,-81.04336590667663,81.04336590667663,6568.027157483475
2001-12-28 21:00:00,33979.0,34016.09954019456,-37.099540194561996,37.099540194561996,1376.3758826479211
2001-12-28 22:00:00,32054.0,32073.051713131306,-19.051713131306315,19.051713131306315,362.9677732375895
2001-12-28 23:00:00,29997.0,29851.96837056528,145.03162943472125,145.03162943472125,21034.173536490303
2001-12-29 00:00:00,27925.0,27928.11276371066,-3.112763710658328,3.112763710658328,9.689297918391402
2001-12-29 01:00:00,26721.0,26996.128325464637,-275.1283254646369,275.1283254646369,75695.59547297515
2001-12-29 02:00:00,26111.0,26366.53347635433,-255.53347635432874,255.53347635432874,65297.35753772828
2001-12-29 03:00:00,25832.0,25954.055450275864,-122.05545027586413,122.05545027586413,14897.532942043941
2001-12-29 04:00:00,25867.0,25929.8166762206,-62.81667622059831,62.81667622059831,3945.934811403481
2001-12-29 05:00:00,26404.0,26588.195106237396,-184.19510623739552,184.19510623739552,33927.83716180542
2001-12-29 06:00:00,27381.0,27781.59024327055,-400.5902432705516,400.5902432705516,160472.5430035597
2001-12-29 07:00:00,28609.0,28883.63457985839,-274.63457985838977,274.63457985838977,75424.15245399426
2001-12-29 08:00:00,30073.0,30031.525609269847,41.47439073015266,41.47439073015266,1720.125086437373
2001-12-29 09:00:00,31518.0,31660.165884859463,-142.1658848594634,142.1658848594634,20211.138817874205
2001-12-29 10:00:00,31890.0,32220.6246569735,-330.62465697350126,330.62465697350126,109312.66379884537
2001-12-29 11:00:00,31296.0,31792.47565068547,-496.4756506854683,496.4756506854683,246488.07172355911
2001-12-29 12:00:00,30422.0,30580.17512564022,-158.17512564022036,158.17512564022036,25019.370371299497
2001-12-29 13:00:00,29566.0,29797.590736112397,-231.59073611239728,231.59073611239728,53634.26905308203
2001-12-29 14:00:00,29046.0,29156.55387395839,-110.55387395838989,110.55387395838989,12222.159047207557
2001-12-29 15:00:00,29101.0,29149.841768437826,-48.84176843782552,48.84176843782552,2385.518344134169
2001-12-29 16:00:00,30710.0,29953.31451277601,756.6854872239892,756.6854872239892,572572.9265754059
2001-12-29 17:00:00,34092.0,32851.434540452916,1240.5654595470842,1240.5654595470842,1539002.6594212682
2001-12-29 18:00:00,34788.0,34482.48300413737,305.5169958626284,305.5169958626284,93340.6347609253
2001-12-29 19:00:00,34604.0,34516.85293518506,87.14706481494068,87.14706481494068,7594.610905859471
2001-12-29 20:00:00,34216.0,34073.37941304471,142.62058695528685,142.62058695528685,20340.63182347054
2001-12-29 21:00:00,33411.0,33344.56865590007,66.43134409993218,66.43134409993218,4413.123478923593
2001-12-29 22:00:00,32058.0,31929.935951709398,128.06404829060193,128.06404829060193,16400.400464577622
2001-12-29 23:00:00,30080.0,30242.9498338496,-162.94983384960142,162.94983384960142,26552.64835161271
2001-12-30 00:00:00,28326.0,28227.30193257894,98.69806742106084,98.69806742106084,9741.308512652271
2001-12-30 01:00:00,27362.0,27282.292989020494,79.70701097950587,79.70701097950587,6353.207599287069
2001-12-30 02:00:00,27108.0,26895.829881879043,212.17011812095734,212.17011812095734,45016.15902346099
2001-12-30 03:00:00,26865.0,26962.130312794652,-97.13031279465213,97.13031279465213,9434.297663586964
2001-12-30 04:00:00,26808.0,27009.79048519497,-201.79048519497155,201.79048519497155,40719.399915222035
2001-12-30 05:00:00,27352.0,27477.975055737406,-125.97505573740636,125.97505573740636,15869.71466804264
2001-12-30 06:00:00,28403.0,28408.621546328148,-5.621546328147815,5.621546328147815,31.60178311951218
2001-12-30 07:00:00,29305.0,29483.516064889118,-178.51606488911784,178.51606488911784,31867.98542349573
2001-12-30 08:00:00,30329.0,30414.120667079726,-85.12066707972554,85.12066707972554,7245.52796409747
2001-12-30 09:00:00,31206.0,31290.643768735335,-84.64376873533547,84.64376873533547,7164.567585720954
2001-12-30 10:00:00,31460.0,31437.838265892828,22.16173410717238,22.16173410717238,491.1424586370075
2001-12-30 11:00:00,31384.0,31259.498178217345,124.50182178265459,124.50182178265459,15500.703627199884
2001-12-30 12:00:00,31058.0,30921.281378790885,136.71862120911464,136.71862120911464,18691.98138532137
2001-12-30 13:00:00,30583.0,30602.48202468825,-19.482024688248202,19.482024688248202,379.5492859535125
2001-12-30 14:00:00,30150.0,30193.35085612375,-43.35085612375042,43.35085612375042,1879.2967266621092
2001-12-30 15:00:00,30235.0,29892.701049510248,342.2989504897523,342.2989504897523,117168.57150638591
2001-12-30 16:00:00,31981.0,31242.844867333326,738.155132666674,738.155132666674,544872.9998821551
2001-12-30 17:00:00,35848.0,34358.33098340449,1489.6690165955079,1489.6690165955079,2219113.7790046274
2001-12-30 18:00:00,36532.0,36109.64364792737,422.3563520726311,422.3563520726311,178384.88813610034
2001-12-30 19:00:00,36353.0,36195.348766993586,157.65123300641426,157.65123300641426,24853.91126844272
2001-12-30 20:00:00,35974.0,35750.60585377931,223.39414622069307,223.39414622069307,49904.9445656724
2001-12-30 21:00:00,34979.0,35065.737336879894,-86.73733687989443,86.73733687989443,7523.365609016294
2001-12-30 22:00:00,33331.0,32881.60652322948,449.3934767705214,449.3934767705214,201954.49696389714
2001-12-30 23:00:00,31014.0,31367.38194901401,-353.38194901400857,353.38194901400857,124878.80188893936
2001-12-31 00:00:00,29001.0,29075.781600036924,-74.78160003692392,74.78160003692392,5592.28770408246
2001-12-31 01:00:00,28138.0,27915.1375974664,222.86240253359938,222.86240253359938,49667.650463048085
2001-12-31 02:00:00,27830.0,27633.860033222612,196.1399667773876,196.1399667773876,38470.88656743471
2001-12-31 03:00:00,27874.0,27836.067061051883,37.932938948117226,37.932938948117226,1438.9078572415888
2001-12-31 04:00:00,28427.0,28501.87715623095,-74.87715623094846,74.87715623094846,5606.588525233863
2001-12-31 05:00:00,29688.0,30115.145399698256,-427.14539969825637,427.14539969825637,182453.1924833832
2001-12-31 06:00:00,31942.0,32134.807807780184,-192.8078077801838,192.8078077801838,37174.8507410003
2001-12-31 07:00:00,33380.0,34987.45067935497,-1607.4506793549735,1607.4506793549735,2583897.686558766
2001-12-31 08:00:00,34339.0,34329.85151185796,9.14848814204015,9.14848814204015,83.69483528504925
2001-12-31 09:00:00,34757.0,34692.903888242174,64.09611175782629,64.09611175782629,4108.311542471758
2001-12-31 10:00:00,34970.0,34520.744653748945,449.255346251055,449.255346251055,201830.36613515535
2001-12-31 11:00:00,34428.0,34657.614410010916,-229.6144100109159,229.6144100109159,52722.77728466099
2001-12-31 12:00:00,33642.0,33910.29793640383,-268.29793640383286,268.29793640383286,71983.78267855514
2001-12-31 13:00:00,32719.0,33278.44156146281,-559.4415614628087,559.4415614628087,312974.8606919456
2001-12-31 14:00:00,31941.0,32483.286898879338,-542.286898879338,542.286898879338,294075.08069616935
2001-12-31 15:00:00,31759.0,31730.14103265145,28.858967348551232,28.858967348551232,832.8399964247461
2001-12-31 16:00:00,33587.0,32432.08635778029,1154.9136422197116,1154.9136422197116,1333825.5209852
2001-12-31 17:00:00,37568.0,35701.25912341374,1866.7408765862565,1866.7408765862565,3484721.5003180252
2001-12-31 18:00:00,37570.0,37927.5709186862,-357.57091868620046,357.57091868620046,127856.96189009339
2001-12-31 19:00:00,36392.0,36978.904656577564,-586.9046565775643,586.9046565775643,344457.0759124287
2001-12-31 20:00:00,35082.0,35640.6523120388,-558.652312038801,558.652312038801,312092.4057462979
2001-12-31 21:00:00,33890.0,34078.4031799151,-188.403179915098,188.403179915098,35495.75820212079
2001-12-31 22:00:00,32590.0,31776.058034402187,813.9419655978127,813.9419655978127,662501.5233612309
2001-12-31 23:00:00,31569.0,30493.356087461663,1075.6439125383367,1075.6439125383367,1157009.826580781
