timestamp,actual,prediction,error,absolute_error,squared_error
2001-06-10 09:00:00,25718.0,25564.931640625,153.068359375,153.068359375,23429.92264175415
2001-06-10 10:00:00,27213.0,27241.24609375,-28.24609375,28.24609375,797.8418121337891
2001-06-10 11:00:00,28267.0,28030.486328125,236.513671875,236.513671875,55938.716983795166
2001-06-10 12:00:00,28845.0,29200.572265625,-355.572265625,355.572265625,126431.63608169556
2001-06-10 13:00:00,29061.0,29310.66796875,-249.66796875,249.66796875,62334.09461975098
2001-06-10 14:00:00,29329.0,29210.068359375,118.931640625,118.931640625,14144.73514175415
2001-06-10 15:00:00,29576.0,29735.787109375,-159.787109375,159.787109375,25531.920322418213
2001-06-10 16:00:00,29926.0,29924.30859375,1.69140625,1.69140625,2.8608551025390625
2001-06-10 17:00:00,30384.0,30127.607421875,256.392578125,256.392578125,65737.15411758423
2001-06-10 18:00:00,30328.0,30400.376953125,-72.376953125,72.376953125,5238.423343658447
2001-06-10 19:00:00,29944.0,30092.220703125,-148.220703125,148.220703125,21969.376834869385
2001-06-10 20:00:00,30358.0,30200.5546875,157.4453125,157.4453125,24789.026428222656
2001-06-10 21:00:00,30961.0,30127.130859375,833.869140625,833.869140625,695337.743686676
2001-06-10 22:00:00,29177.0,29226.16015625,-49.16015625,49.16015625,2416.720962524414
2001-06-10 23:00:00,26590.0,26666.962890625,-76.962890625,76.962890625,5923.286533355713
2001-06-11 00:00:00,24371.0,24237.337890625,133.662109375,133.662109375,17865.559482574463
2001-06-11 01:00:00,23054.0,22941.40234375,112.59765625,112.59765625,12678.232192993164
2001-06-11 02:00:00,22322.0,22243.875,78.125,78.125,6103.515625
2001-06-11 03:00:00,22122.0,21859.6171875,262.3828125,262.3828125,68844.74029541016
2001-06-11 04:00:00,22387.0,22250.9921875,136.0078125,136.0078125,18498.125061035156
2001-06-11 05:00:00,23702.0,23758.07421875,-56.07421875,56.07421875,3144.3180084228516
2001-06-11 06:00:00,26620.0,26142.94140625,477.05859375,477.05859375,227584.90187072754
2001-06-11 07:00:00,30130.0,29629.001953125,500.998046875,500.998046875,250999.0429725647
2001-06-11 08:00:00,32315.0,32185.611328125,129.388671875,129.388671875,16741.428409576416
2001-06-11 09:00:00,34143.0,33916.73046875,226.26953125,226.26953125,51197.90077209473
2001-06-11 10:00:00,35710.0,35500.203125,209.796875,209.796875,44014.728759765625
2001-06-11 11:00:00,36771.0,37018.14453125,-247.14453125,247.14453125,61080.41932678223
2001-06-11 12:00:00,37442.0,37331.43359375,110.56640625,110.56640625,12224.930191040039
2001-06-11 13:00:00,38125.0,38715.93359375,-590.93359375,590.93359375,349202.51222229004
2001-06-11 14:00:00,38713.0,38940.46875,-227.46875,227.46875,51742.0322265625
2001-06-11 15:00:00,39141.0,39176.1875,-35.1875,35.1875,1238.16015625
2001-06-11 16:00:00,39406.0,39550.1015625,-144.1015625,144.1015625,20765.260314941406
2001-06-11 17:00:00,39133.0,38904.47265625,228.52734375,228.52734375,52224.746841430664
2001-06-11 18:00:00,38113.0,37983.8671875,129.1328125,129.1328125,16675.283264160156
2001-06-11 19:00:00,37280.0,36840.23828125,439.76171875,439.76171875,193390.3692779541
2001-06-11 20:00:00,37357.0,36770.31640625,586.68359375,586.68359375,344197.63917541504
2001-06-11 21:00:00,37476.0,36948.94140625,527.05859375,527.05859375,277790.76124572754
2001-06-11 22:00:00,34581.0,34103.6171875,477.3828125,477.3828125,227894.34967041016
2001-06-11 23:00:00,30864.0,31048.755859375,-184.755859375,184.755859375,34134.727573394775
2001-06-12 00:00:00,28083.0,27764.3828125,318.6171875,318.6171875,101516.91217041016
2001-06-12 01:00:00,26556.0,26327.69921875,228.30078125,228.30078125,52121.24671936035
2001-06-12 02:00:00,25464.0,25622.71875,-158.71875,158.71875,25191.6416015625
2001-06-12 03:00:00,24844.0,24809.521484375,34.478515625,34.478515625,1188.7680397033691
2001-06-12 04:00:00,24824.0,24699.7109375,124.2890625,124.2890625,15447.771057128906
2001-06-12 05:00:00,26008.0,25867.552734375,140.447265625,140.447265625,19725.434421539307
2001-06-12 06:00:00,28990.0,28306.103515625,683.896484375,683.896484375,467714.4013404846
2001-06-12 07:00:00,32354.0,32193.93359375,160.06640625,160.06640625,25621.25440979004
2001-06-12 08:00:00,34684.0,34599.875,84.125,84.125,7077.015625
2001-06-12 09:00:00,36603.0,37036.203125,-433.203125,433.203125,187664.94750976562
2001-06-12 10:00:00,38263.0,38191.57421875,71.42578125,71.42578125,5101.642227172852
2001-06-12 11:00:00,39492.0,39727.234375,-235.234375,235.234375,55335.211181640625
2001-06-12 12:00:00,40402.0,40146.06640625,255.93359375,255.93359375,65502.00440979004
2001-06-12 13:00:00,41298.0,41147.53515625,150.46484375,150.46484375,22639.669204711914
2001-06-12 14:00:00,42266.0,42180.8671875,85.1328125,85.1328125,7247.595764160156
2001-06-12 15:00:00,42985.0,42543.48828125,441.51171875,441.51171875,194932.5977935791
2001-06-12 16:00:00,43512.0,43321.81640625,190.18359375,190.18359375,36169.79933166504
2001-06-12 17:00:00,43320.0,43487.015625,-167.015625,167.015625,27894.218994140625
2001-06-12 18:00:00,42225.0,42095.7578125,129.2421875,129.2421875,16703.543029785156
2001-06-12 19:00:00,40823.0,40635.8984375,187.1015625,187.1015625,35006.994689941406
2001-06-12 20:00:00,40675.0,40066.1015625,608.8984375,608.8984375,370757.3071899414
2001-06-12 21:00:00,40031.0,39744.79296875,286.20703125,286.20703125,81914.46473693848
2001-06-12 22:00:00,36772.0,36708.71484375,63.28515625,63.28515625,4005.011001586914
2001-06-12 23:00:00,33119.0,33126.08203125,-7.08203125,7.08203125,50.15516662597656
2001-06-13 00:00:00,30150.0,30102.41796875,47.58203125,47.58203125,2264.0496978759766
2001-06-13 01:00:00,28621.0,28213.078125,407.921875,407.921875,166400.25610351562
2001-06-13 02:00:00,27401.0,27549.123046875,-148.123046875,148.123046875,21940.437015533447
2001-06-13 03:00:00,26570.0,26847.935546875,-277.935546875,277.935546875,77248.16821670532
2001-06-13 04:00:00,26502.0,26518.34375,-16.34375,16.34375,267.1181640625
2001-06-13 05:00:00,27668.0,27729.541015625,-61.541015625,61.541015625,3787.296604156494
2001-06-13 06:00:00,30643.0,30326.57421875,316.42578125,316.42578125,100125.27503967285
2001-06-13 07:00:00,34392.0,33784.75390625,607.24609375,607.24609375,368747.8183746338
2001-06-13 08:00:00,36996.0,36510.015625,485.984375,485.984375,236180.81274414062
2001-06-13 09:00:00,39126.0,38827.47265625,298.52734375,298.52734375,89118.57496643066
2001-06-13 10:00:00,41222.0,41359.09765625,-137.09765625,137.09765625,18795.767349243164
2001-06-13 11:00:00,42839.0,42559.98046875,279.01953125,279.01953125,77851.89881896973
2001-06-13 12:00:00,43855.0,43814.8515625,40.1484375,40.1484375,1611.8970336914062
2001-06-13 13:00:00,44834.0,44392.55859375,441.44140625,441.44140625,194870.51515197754
2001-06-13 14:00:00,45827.0,45046.3203125,780.6796875,780.6796875,609460.7744750977
2001-06-13 15:00:00,46438.0,45427.69140625,1010.30859375,1010.30859375,1020723.4546051025
2001-06-13 16:00:00,46937.0,46604.98828125,332.01171875,332.01171875,110231.7813873291
2001-06-13 17:00:00,46663.0,46280.17578125,382.82421875,382.82421875,146554.38246154785
2001-06-13 18:00:00,45416.0,45121.4609375,294.5390625,294.5390625,86753.2593383789
2001-06-13 19:00:00,43834.0,43825.0703125,8.9296875,8.9296875,79.73931884765625
2001-06-13 20:00:00,43064.0,43144.16015625,-80.16015625,80.16015625,6425.650650024414
2001-06-13 21:00:00,42599.0,41909.5,689.5,689.5,475410.25
2001-06-13 22:00:00,39090.0,39148.3515625,-58.3515625,58.3515625,3404.9048461914062
2001-06-13 23:00:00,35104.0,35223.66796875,-119.66796875,119.66796875,14320.422744750977
2001-06-14 00:00:00,31839.0,31751.5546875,87.4453125,87.4453125,7646.682678222656
2001-06-14 01:00:00,29922.0,29835.47265625,86.52734375,86.52734375,7486.981216430664
2001-06-14 02:00:00,28578.0,28591.513671875,-13.513671875,13.513671875,182.61932754516602
2001-06-14 03:00:00,27807.0,27732.201171875,74.798828125,74.798828125,5594.864688873291
2001-06-14 04:00:00,27827.0,27639.341796875,187.658203125,187.658203125,35215.60120010376
2001-06-14 05:00:00,29136.0,29162.599609375,-26.599609375,26.599609375,707.5392189025879
2001-06-14 06:00:00,31828.0,31517.81640625,310.18359375,310.18359375,96213.86183166504
2001-06-14 07:00:00,35061.0,34768.5703125,292.4296875,292.4296875,85515.12213134766
2001-06-14 08:00:00,36950.0,37767.234375,-817.234375,817.234375,667872.0236816406
2001-06-14 09:00:00,38278.0,38997.59375,-719.59375,719.59375,517815.1650390625
2001-06-14 10:00:00,39628.0,39629.875,-1.875,1.875,3.515625
2001-06-14 11:00:00,40682.0,40575.640625,106.359375,106.359375,11312.316650390625
2001-06-14 12:00:00,41719.0,41481.5703125,237.4296875,237.4296875,56372.856506347656
2001-06-14 13:00:00,42964.0,42336.27734375,627.72265625,627.72265625,394035.73316955566
2001-06-14 14:00:00,44132.0,43389.3046875,742.6953125,742.6953125,551596.3272094727
2001-06-14 15:00:00,45200.0,44713.33203125,486.66796875,486.66796875,236845.71180725098
2001-06-14 16:00:00,45682.0,44982.2734375,699.7265625,699.7265625,489617.2622680664
2001-06-14 17:00:00,45515.0,44912.7734375,602.2265625,602.2265625,362676.8325805664
2001-06-14 18:00:00,44342.0,43869.16015625,472.83984375,472.83984375,223577.5178375244
2001-06-14 19:00:00,42730.0,42814.140625,-84.140625,84.140625,7079.644775390625
2001-06-14 20:00:00,41733.0,41756.19921875,-23.19921875,23.19921875,538.2037506103516
2001-06-14 21:00:00,41405.0,40787.23046875,617.76953125,617.76953125,381639.1937408447
2001-06-14 22:00:00,38316.0,38229.7890625,86.2109375,86.2109375,7432.325744628906
2001-06-14 23:00:00,34426.0,34596.14453125,-170.14453125,170.14453125,28949.161514282227
2001-06-15 00:00:00,31259.0,31672.474609375,-413.474609375,413.474609375,170961.25259780884
2001-06-15 01:00:00,29637.0,29235.162109375,401.837890625,401.837890625,161473.69034194946
2001-06-15 02:00:00,28533.0,28225.236328125,307.763671875,307.763671875,94718.47772598267
2001-06-15 03:00:00,27606.0,27920.361328125,-314.361328125,314.361328125,98823.04462051392
2001-06-15 04:00:00,27783.0,27583.4375,199.5625,199.5625,39825.19140625
2001-06-15 05:00:00,29013.0,28855.705078125,157.294921875,157.294921875,24741.692447662354
2001-06-15 06:00:00,31766.0,31420.748046875,345.251953125,345.251953125,119198.9111366272
2001-06-15 07:00:00,35000.0,34683.28125,316.71875,316.71875,100310.7666015625
2001-06-15 08:00:00,37030.0,37845.34765625,-815.34765625,815.34765625,664791.8005523682
2001-06-15 09:00:00,38440.0,39095.3515625,-655.3515625,655.3515625,429485.6704711914
2001-06-15 10:00:00,39817.0,40007.54296875,-190.54296875,190.54296875,36306.62294006348
2001-06-15 11:00:00,41047.0,41071.4140625,-24.4140625,24.4140625,596.0464477539062
2001-06-15 12:00:00,42101.0,42006.0546875,94.9453125,94.9453125,9014.612365722656
2001-06-15 13:00:00,43171.0,43020.69921875,150.30078125,150.30078125,22590.32484436035
2001-06-15 14:00:00,43724.0,43887.96484375,-163.96484375,163.96484375,26884.469985961914
2001-06-15 15:00:00,43949.0,43883.49609375,65.50390625,65.50390625,4290.761734008789
2001-06-15 16:00:00,43939.0,43550.234375,388.765625,388.765625,151138.71118164062
2001-06-15 17:00:00,43263.0,42993.2890625,269.7109375,269.7109375,72743.9898071289
2001-06-15 18:00:00,41847.0,41615.40234375,231.59765625,231.59765625,53637.474380493164
2001-06-15 19:00:00,40253.0,40657.75,-404.75,404.75,163822.5625
2001-06-15 20:00:00,39324.0,39332.80859375,-8.80859375,8.80859375,77.59132385253906
2001-06-15 21:00:00,39304.0,38641.68359375,662.31640625,662.31640625,438663.02198791504
2001-06-15 22:00:00,36886.0,36771.546875,114.453125,114.453125,13099.517822265625
2001-06-15 23:00:00,33817.0,33788.4453125,28.5546875,28.5546875,815.3701782226562
2001-06-16 00:00:00,31044.0,30959.291015625,84.708984375,84.708984375,7175.612033843994
2001-06-16 01:00:00,29117.0,29031.267578125,85.732421875,85.732421875,7350.0481605529785
2001-06-16 02:00:00,27835.0,27542.7421875,292.2578125,292.2578125,85414.62896728516
2001-06-16 03:00:00,26956.0,26945.705078125,10.294921875,10.294921875,105.98541641235352
2001-06-16 04:00:00,26606.0,26596.390625,9.609375,9.609375,92.340087890625
2001-06-16 05:00:00,26824.0,26833.796875,-9.796875,9.796875,95.978759765625
2001-06-16 06:00:00,27332.0,28266.36328125,-934.36328125,934.36328125,873034.7413482666
2001-06-16 07:00:00,29283.0,29746.66796875,-463.66796875,463.66796875,214987.98524475098
2001-06-16 08:00:00,31917.0,32083.75,-166.75,166.75,27805.5625
2001-06-16 09:00:00,34427.0,34460.49609375,-33.49609375,33.49609375,1121.988296508789
2001-06-16 10:00:00,35912.0,36193.19921875,-281.19921875,281.19921875,79073.00062561035
2001-06-16 11:00:00,36626.0,36985.23046875,-359.23046875,359.23046875,129046.52967834473
2001-06-16 12:00:00,37043.0,36872.44921875,170.55078125,170.55078125,29087.56898498535
2001-06-16 13:00:00,36905.0,37085.2578125,-180.2578125,180.2578125,32492.878967285156
2001-06-16 14:00:00,36595.0,36731.390625,-136.390625,136.390625,18602.402587890625
2001-06-16 15:00:00,36212.0,36510.2109375,-298.2109375,298.2109375,88929.7632446289
2001-06-16 16:00:00,35784.0,36132.46484375,-348.46484375,348.46484375,121427.74732971191
2001-06-16 17:00:00,35324.0,35155.53125,168.46875,168.46875,28381.7197265625
2001-06-16 18:00:00,34767.0,34379.76953125,387.23046875,387.23046875,149947.43592834473
2001-06-16 19:00:00,34245.0,34163.203125,81.796875,81.796875,6690.728759765625
2001-06-16 20:00:00,34511.0,34301.6484375,209.3515625,209.3515625,43828.076721191406
2001-06-16 21:00:00,34522.0,33824.55078125,697.44921875,697.44921875,486435.41273498535
2001-06-16 22:00:00,32780.0,32223.66015625,556.33984375,556.33984375,309514.0217437744
2001-06-16 23:00:00,30256.0,30438.1953125,-182.1953125,182.1953125,33195.131896972656
2001-06-17 00:00:00,28092.0,27485.654296875,606.345703125,606.345703125,367655.11169815063
2001-06-17 01:00:00,26514.0,26415.58203125,98.41796875,98.41796875,9686.096572875977
2001-06-17 02:00:00,25415.0,25523.69921875,-108.69921875,108.69921875,11815.520156860352
2001-06-17 03:00:00,24346.0,24612.48828125,-266.48828125,266.48828125,71016.0040435791
2001-06-17 04:00:00,23864.0,24107.958984375,-243.958984375,243.958984375,59515.986057281494
2001-06-17 05:00:00,23423.0,23996.619140625,-573.619140625,573.619140625,329038.9184913635
2001-06-17 06:00:00,23239.0,23834.169921875,-595.169921875,595.169921875,354227.2359046936
2001-06-17 07:00:00,24390.0,24271.287109375,118.712890625,118.712890625,14092.750400543213
2001-06-17 08:00:00,26584.0,26355.9609375,228.0390625,228.0390625,52001.814025878906
2001-06-17 09:00:00,28490.0,28788.197265625,-298.197265625,298.197265625,88921.6092262268
2001-06-17 10:00:00,30079.0,30683.630859375,-604.630859375,604.630859375,365578.476108551
2001-06-17 11:00:00,30945.0,31821.9296875,-876.9296875,876.9296875,769005.6768188477
2001-06-17 12:00:00,31352.0,31820.431640625,-468.431640625,468.431640625,219428.20193862915
2001-06-17 13:00:00,31749.0,31462.8671875,286.1328125,286.1328125,81871.98638916016
2001-06-17 14:00:00,32101.0,31929.046875,171.953125,171.953125,29567.877197265625
2001-06-17 15:00:00,32745.0,32099.1484375,645.8515625,645.8515625,417124.2407836914
2001-06-17 16:00:00,33744.0,33162.96484375,581.03515625,581.03515625,337601.8527984619
2001-06-17 17:00:00,34389.0,34250.31640625,138.68359375,138.68359375,19233.13917541504
2001-06-17 18:00:00,34366.0,34282.44140625,83.55859375,83.55859375,6982.038589477539
2001-06-17 19:00:00,33649.0,33747.07421875,-98.07421875,98.07421875,9618.552383422852
2001-06-17 20:00:00,33407.0,33722.6015625,-315.6015625,315.6015625,99604.3462524414
2001-06-17 21:00:00,34349.0,32992.5390625,1356.4609375,1356.4609375,1839986.274963379
2001-06-17 22:00:00,32732.0,32770.98046875,-38.98046875,38.98046875,1519.4769439697266
2001-06-17 23:00:00,29670.0,30585.24609375,-915.24609375,915.24609375,837675.4121246338
2001-06-18 00:00:00,27053.0,27344.3125,-291.3125,291.3125,84862.97265625
2001-06-18 01:00:00,25251.0,25626.390625,-375.390625,375.390625,140918.12133789062
2001-06-18 02:00:00,24264.0,24563.119140625,-299.119140625,299.119140625,89472.26028823853
2001-06-18 03:00:00,23710.0,24057.78125,-347.78125,347.78125,120951.7978515625
2001-06-18 04:00:00,23851.0,24006.51171875,-155.51171875,155.51171875,24183.8946685791
2001-06-18 05:00:00,24854.0,25118.7265625,-264.7265625,264.7265625,70080.1528930664
2001-06-18 06:00:00,27407.0,27080.625,326.375,326.375,106520.640625
2001-06-18 07:00:00,31134.0,29993.681640625,1140.318359375,1140.318359375,1300325.9607276917
2001-06-18 08:00:00,33878.0,33733.6484375,144.3515625,144.3515625,20837.373596191406
2001-06-18 09:00:00,35729.0,35974.578125,-245.578125,245.578125,60308.615478515625
2001-06-18 10:00:00,37337.0,37499.41015625,-162.41015625,162.41015625,26377.058853149414
2001-06-18 11:00:00,38466.0,38777.7109375,-311.7109375,311.7109375,97163.7085571289
2001-06-18 12:00:00,39313.0,39407.625,-94.625,94.625,8953.890625
2001-06-18 13:00:00,40185.0,40072.265625,112.734375,112.734375,12709.039306640625
2001-06-18 14:00:00,40992.0,40839.890625,152.109375,152.109375,23137.261962890625
2001-06-18 15:00:00,41689.0,41255.66796875,433.33203125,433.33203125,187776.64930725098
2001-06-18 16:00:00,42316.0,41888.453125,427.546875,427.546875,182796.33032226562
2001-06-18 17:00:00,42329.0,41851.65625,477.34375,477.34375,227857.0556640625
2001-06-18 18:00:00,41547.0,41278.3046875,268.6953125,268.6953125,72197.17095947266
2001-06-18 19:00:00,39821.0,40019.796875,-198.796875,198.796875,39520.197509765625
2001-06-18 20:00:00,38664.0,39483.2421875,-819.2421875,819.2421875,671157.7617797852
2001-06-18 21:00:00,38480.0,38284.203125,195.796875,195.796875,38336.416259765625
2001-06-18 22:00:00,35372.0,35464.4453125,-92.4453125,92.4453125,8546.135803222656
2001-06-18 23:00:00,31801.0,32159.99609375,-358.99609375,358.99609375,128878.19532775879
2001-06-19 00:00:00,28725.0,28859.66796875,-134.66796875,134.66796875,18135.461807250977
2001-06-19 01:00:00,26638.0,26987.203125,-349.203125,349.203125,121942.82250976562
2001-06-19 02:00:00,25485.0,25682.10546875,-197.10546875,197.10546875,38850.56581115723
2001-06-19 03:00:00,24719.0,24917.44921875,-198.44921875,198.44921875,39382.09242248535
2001-06-19 04:00:00,24778.0,24658.330078125,119.669921875,119.669921875,14320.890201568604
2001-06-19 05:00:00,26049.0,25858.783203125,190.216796875,190.216796875,36182.42981338501
2001-06-19 06:00:00,28608.0,28875.84375,-267.84375,267.84375,71740.2744140625
2001-06-19 07:00:00,32392.0,31559.869140625,832.130859375,832.130859375,692441.767124176
2001-06-19 08:00:00,35480.0,35214.4453125,265.5546875,265.5546875,70519.29205322266
2001-06-19 09:00:00,37770.0,37797.0859375,-27.0859375,27.0859375,733.6480102539062
2001-06-19 10:00:00,39850.0,40067.0859375,-217.0859375,217.0859375,47126.304260253906
2001-06-19 11:00:00,41529.0,41492.515625,36.484375,36.484375,1331.109619140625
2001-06-19 12:00:00,42658.0,42420.109375,237.890625,237.890625,56591.949462890625
2001-06-19 13:00:00,43917.0,43749.18359375,167.81640625,167.81640625,28162.34620666504
2001-06-19 14:00:00,44791.0,44410.75390625,380.24609375,380.24609375,144587.0918121338
2001-06-19 15:00:00,45511.0,44893.5703125,617.4296875,617.4296875,381219.41900634766
2001-06-19 16:00:00,46165.0,45266.953125,898.046875,898.046875,806488.1896972656
2001-06-19 17:00:00,46128.0,46614.3515625,-486.3515625,486.3515625,236537.8423461914
2001-06-19 18:00:00,44782.0,45348.7890625,-566.7890625,566.7890625,321249.8413696289
2001-06-19 19:00:00,42894.0,42659.828125,234.171875,234.171875,54836.467041015625
2001-06-19 20:00:00,41775.0,41998.78515625,-223.78515625,223.78515625,50079.796157836914
2001-06-19 21:00:00,41396.0,41080.52734375,315.47265625,315.47265625,99522.99684143066
2001-06-19 22:00:00,37564.0,38035.19140625,-471.19140625,471.19140625,222021.34132385254
2001-06-19 23:00:00,33660.0,33757.828125,-97.828125,97.828125,9570.342041015625
2001-06-20 00:00:00,30336.0,30309.62109375,26.37890625,26.37890625,695.8466949462891
2001-06-20 01:00:00,28454.0,28402.576171875,51.423828125,51.423828125,2644.410099029541
2001-06-20 02:00:00,27110.0,27232.728515625,-122.728515625,122.728515625,15062.28854751587
2001-06-20 03:00:00,26411.0,26536.6875,-125.6875,125.6875,15797.34765625
2001-06-20 04:00:00,26298.0,26507.73828125,-209.73828125,209.73828125,43990.1466217041
2001-06-20 05:00:00,27481.0,27687.484375,-206.484375,206.484375,42635.797119140625
2001-06-20 06:00:00,29978.0,29722.80859375,255.19140625,255.19140625,65122.65382385254
2001-06-20 07:00:00,33698.0,32724.564453125,973.435546875,973.435546875,947576.7639198303
2001-06-20 08:00:00,36732.0,36037.31640625,694.68359375,694.68359375,482585.29542541504
2001-06-20 09:00:00,39293.0,38731.87890625,561.12109375,561.12109375,314856.8818511963
2001-06-20 10:00:00,41554.0,41346.953125,207.046875,207.046875,42868.408447265625
2001-06-20 11:00:00,43506.0,43064.94140625,441.05859375,441.05859375,194532.68312072754
2001-06-20 12:00:00,45219.0,44576.0078125,642.9921875,642.9921875,413438.95318603516
2001-06-20 13:00:00,47012.0,46117.7734375,894.2265625,894.2265625,799641.1450805664
2001-06-20 14:00:00,47399.0,47382.93359375,16.06640625,16.06640625,258.12940979003906
2001-06-20 15:00:00,48042.0,48003.1640625,38.8359375,38.8359375,1508.2300415039062
2001-06-20 16:00:00,48410.0,47755.71875,654.28125,654.28125,428083.9541015625
2001-06-20 17:00:00,47728.0,47480.296875,247.703125,247.703125,61356.838134765625
2001-06-20 18:00:00,46289.0,46651.00390625,-362.00390625,362.00390625,131046.82814025879
2001-06-20 19:00:00,43677.0,44548.91015625,-871.91015625,871.91015625,760227.3205718994
2001-06-20 20:00:00,42039.0,43123.76953125,-1084.76953125,1084.76953125,1176724.9359283447
2001-06-20 21:00:00,40800.0,41468.0859375,-668.0859375,668.0859375,446338.8198852539
2001-06-20 22:00:00,37511.0,37458.296875,52.703125,52.703125,2777.619384765625
2001-06-20 23:00:00,33842.0,33750.35546875,91.64453125,91.64453125,8398.720108032227
2001-06-21 00:00:00,30894.0,30809.69921875,84.30078125,84.30078125,7106.621719360352
2001-06-21 01:00:00,28748.0,29092.2734375,-344.2734375,344.2734375,118524.1997680664
2001-06-21 02:00:00,27538.0,27554.263671875,-16.263671875,16.263671875,264.507022857666
2001-06-21 03:00:00,26756.0,26769.841796875,-13.841796875,13.841796875,191.59534072875977
2001-06-21 04:00:00,26737.0,26656.251953125,80.748046875,80.748046875,6520.247074127197
2001-06-21 05:00:00,27821.0,27480.89453125,340.10546875,340.10546875,115671.72987365723
2001-06-21 06:00:00,30475.0,30368.486328125,106.513671875,106.513671875,11345.162296295166
2001-06-21 07:00:00,33895.0,33394.0859375,500.9140625,500.9140625,250914.8980102539
2001-06-21 08:00:00,35973.0,36159.23046875,-186.23046875,186.23046875,34681.78749084473
2001-06-21 09:00:00,37892.0,37574.9140625,317.0859375,317.0859375,100543.4917602539
2001-06-21 10:00:00,39632.0,39627.79296875,4.20703125,4.20703125,17.699111938476562
2001-06-21 11:00:00,40819.0,40812.20703125,6.79296875,6.79296875,46.14442443847656
2001-06-21 12:00:00,40969.0,41375.48828125,-406.48828125,406.48828125,165232.7227935791
2001-06-21 13:00:00,42254.0,41755.6796875,498.3203125,498.3203125,248323.13385009766
2001-06-21 14:00:00,42712.0,42987.28125,-275.28125,275.28125,75779.7666015625
2001-06-21 15:00:00,42718.0,43106.24609375,-388.24609375,388.24609375,150735.0293121338
2001-06-21 16:00:00,42287.0,42572.19921875,-285.19921875,285.19921875,81338.59437561035
2001-06-21 17:00:00,41466.0,41745.32421875,-279.32421875,279.32421875,78022.01918029785
2001-06-21 18:00:00,40039.0,39911.7265625,127.2734375,127.2734375,16198.527893066406
2001-06-21 19:00:00,38597.0,38286.6015625,310.3984375,310.3984375,96347.1900024414
2001-06-21 20:00:00,38216.0,38342.109375,-126.109375,126.109375,15903.574462890625
2001-06-21 21:00:00,37961.0,37366.72265625,594.27734375,594.27734375,353165.56129455566
2001-06-21 22:00:00,35202.0,34860.28125,341.71875,341.71875,116771.7041015625
2001-06-21 23:00:00,31964.0,32029.646484375,-65.646484375,65.646484375,4309.460910797119
2001-06-22 00:00:00,29400.0,29085.294921875,314.705078125,314.705078125,99039.28619766235
2001-06-22 01:00:00,27715.0,27630.8984375,84.1015625,84.1015625,7073.072814941406
2001-06-22 02:00:00,26812.0,26764.330078125,47.669921875,47.669921875,2272.4214515686035
2001-06-22 03:00:00,26152.0,26017.4921875,134.5078125,134.5078125,18092.351623535156
2001-06-22 04:00:00,26328.0,26327.95703125,0.04296875,0.04296875,0.0018463134765625
2001-06-22 05:00:00,27534.0,27285.716796875,248.283203125,248.283203125,61644.54895401001
2001-06-22 06:00:00,29974.0,30252.18359375,-278.18359375,278.18359375,77386.11183166504
2001-06-22 07:00:00,33472.0,32870.40234375,601.59765625,601.59765625,361919.74000549316
2001-06-22 08:00:00,36132.0,35976.125,155.875,155.875,24297.015625
2001-06-22 09:00:00,37957.0,38230.140625,-273.140625,273.140625,74605.80102539062
2001-06-22 10:00:00,39702.0,39354.03125,347.96875,347.96875,121082.2509765625
2001-06-22 11:00:00,41055.0,41153.88671875,-98.88671875,98.88671875,9778.583145141602
2001-06-22 12:00:00,41849.0,41706.2109375,142.7890625,142.7890625,20388.716369628906
2001-06-22 13:00:00,42723.0,42960.2890625,-237.2890625,237.2890625,56306.099182128906
2001-06-22 14:00:00,43193.0,43193.4375,-0.4375,0.4375,0.19140625
2001-06-22 15:00:00,43186.0,43551.9296875,-365.9296875,365.9296875,133904.53619384766
2001-06-22 16:00:00,42857.0,43282.5859375,-425.5859375,425.5859375,181123.3901977539
2001-06-22 17:00:00,41970.0,42356.6171875,-386.6171875,386.6171875,149472.84967041016
2001-06-22 18:00:00,40145.0,40722.53125,-577.53125,577.53125,333542.3447265625
2001-06-22 19:00:00,38532.0,38336.984375,195.015625,195.015625,38031.093994140625
2001-06-22 20:00:00,37459.0,38101.93359375,-642.93359375,642.93359375,413363.60597229004
2001-06-22 21:00:00,36854.0,36556.69140625,297.30859375,297.30859375,88392.39991760254
2001-06-22 22:00:00,34534.0,33828.96875,705.03125,705.03125,497069.0634765625
2001-06-22 23:00:00,31566.0,31332.34765625,233.65234375,233.65234375,54593.417739868164
2001-06-23 00:00:00,28858.0,28788.59765625,69.40234375,69.40234375,4816.685317993164
2001-06-23 01:00:00,27219.0,26947.369140625,271.630859375,271.630859375,73783.32376480103
2001-06-23 02:00:00,25992.0,26129.35546875,-137.35546875,137.35546875,18866.524795532227
2001-06-23 03:00:00,25192.0,24853.0078125,338.9921875,338.9921875,114915.70318603516
2001-06-23 04:00:00,25056.0,24568.986328125,487.013671875,487.013671875,237182.31659317017
2001-06-23 05:00:00,25332.0,25099.724609375,232.275390625,232.275390625,53951.85708999634
2001-06-23 06:00:00,25931.0,25906.35546875,24.64453125,24.64453125,607.3529205322266
2001-06-23 07:00:00,27740.0,27670.6640625,69.3359375,69.3359375,4807.472229003906
2001-06-23 08:00:00,30327.0,30366.408203125,-39.408203125,39.408203125,1553.0064735412598
2001-06-23 09:00:00,32705.0,33027.6484375,-322.6484375,322.6484375,104102.0142211914
2001-06-23 10:00:00,34325.0,34006.3515625,318.6484375,318.6484375,101536.8267211914
2001-06-23 11:00:00,35417.0,35121.59765625,295.40234375,295.40234375,87262.54469299316
2001-06-23 12:00:00,35887.0,35703.9921875,183.0078125,183.0078125,33491.859436035156
2001-06-23 13:00:00,35641.0,35902.3203125,-261.3203125,261.3203125,68288.30572509766
2001-06-23 14:00:00,34667.0,35808.3828125,-1141.3828125,1141.3828125,1302754.7246704102
2001-06-23 15:00:00,33835.0,34782.16796875,-947.16796875,947.16796875,897127.161026001
2001-06-23 16:00:00,33398.0,33911.5234375,-513.5234375,513.5234375,263706.3208618164
2001-06-23 17:00:00,33149.0,32998.65234375,150.34765625,150.34765625,22604.417739868164
2001-06-23 18:00:00,32822.0,32530.0625,291.9375,291.9375,85227.50390625
2001-06-23 19:00:00,32229.0,31974.01171875,254.98828125,254.98828125,65019.0235748291
2001-06-23 20:00:00,31856.0,31923.36328125,-67.36328125,67.36328125,4537.811660766602
2001-06-23 21:00:00,32108.0,31488.791015625,619.208984375,619.208984375,383419.766330719
2001-06-23 22:00:00,30458.0,30330.01953125,127.98046875,127.98046875,16379.000381469727
2001-06-23 23:00:00,27925.0,27955.638671875,-30.638671875,30.638671875,938.728214263916
2001-06-24 00:00:00,25682.0,25642.1953125,39.8046875,39.8046875,1584.4131469726562
2001-06-24 01:00:00,23884.0,23753.87890625,130.12109375,130.12109375,16931.49903869629
2001-06-24 02:00:00,22770.0,22893.39453125,-123.39453125,123.39453125,15226.210342407227
2001-06-24 03:00:00,21914.0,22002.650390625,-88.650390625,88.650390625,7858.891757965088
2001-06-24 04:00:00,21576.0,21645.322265625,-69.322265625,69.322265625,4805.576511383057
2001-06-24 05:00:00,21441.0,21776.921875,-335.921875,335.921875,112843.50610351562
2001-06-24 06:00:00,21238.0,21664.08984375,-426.08984375,426.08984375,181552.5549468994
2001-06-24 07:00:00,22653.0,22164.6875,488.3125,488.3125,238449.09765625
2001-06-24 08:00:00,24909.0,25039.875,-130.875,130.875,17128.265625
2001-06-24 09:00:00,26850.0,26797.91015625,52.08984375,52.08984375,2713.351821899414
2001-06-24 10:00:00,28526.0,28539.6328125,-13.6328125,13.6328125,185.85357666015625
2001-06-24 11:00:00,29541.0,29869.8515625,-328.8515625,328.8515625,108143.3501586914
2001-06-24 12:00:00,30320.0,30285.763671875,34.236328125,34.236328125,1172.126163482666
2001-06-24 13:00:00,30860.0,31063.6015625,-203.6015625,203.6015625,41453.596252441406
2001-06-24 14:00:00,31200.0,31022.291015625,177.708984375,177.708984375,31580.483127593994
2001-06-24 15:00:00,31471.0,31603.3359375,-132.3359375,132.3359375,17512.800354003906
2001-06-24 16:00:00,31905.0,31957.31640625,-52.31640625,52.31640625,2737.006362915039
2001-06-24 17:00:00,32369.0,32244.75390625,124.24609375,124.24609375,15437.091812133789
2001-06-24 18:00:00,32065.0,32206.8828125,-141.8828125,141.8828125,20130.732482910156
2001-06-24 19:00:00,31447.0,31491.013671875,-44.013671875,44.013671875,1937.203311920166
2001-06-24 20:00:00,31360.0,31576.435546875,-216.435546875,216.435546875,46844.34595108032
2001-06-24 21:00:00,32162.0,31123.796875,1038.203125,1038.203125,1077865.7287597656
2001-06-24 22:00:00,30489.0,30629.56640625,-140.56640625,140.56640625,19758.91456604004
2001-06-24 23:00:00,27594.0,28060.5859375,-466.5859375,466.5859375,217702.4370727539
2001-06-25 00:00:00,25348.0,25404.25390625,-56.25390625,56.25390625,3164.501968383789
2001-06-25 01:00:00,23814.0,23958.716796875,-144.716796875,144.716796875,20942.95129776001
2001-06-25 02:00:00,23021.0,23133.267578125,-112.267578125,112.267578125,12604.009098052979
2001-06-25 03:00:00,22588.0,22762.25390625,-174.25390625,174.25390625,30364.42384338379
2001-06-25 04:00:00,22859.0,22922.919921875,-63.919921875,63.919921875,4085.7564125061035
2001-06-25 05:00:00,24158.0,24124.296875,33.703125,33.703125,1135.900634765625
2001-06-25 06:00:00,26625.0,26877.46875,-252.46875,252.46875,63740.4697265625
2001-06-25 07:00:00,30197.0,29575.45703125,621.54296875,621.54296875,386315.6620025635
2001-06-25 08:00:00,32921.0,32985.81640625,-64.81640625,64.81640625,4201.166519165039
2001-06-25 09:00:00,35058.0,35012.12109375,45.87890625,45.87890625,2104.874038696289
2001-06-25 10:00:00,36839.0,37010.7890625,-171.7890625,171.7890625,29511.481994628906
2001-06-25 11:00:00,38110.0,38154.59765625,-44.59765625,44.59765625,1988.950942993164
2001-06-25 12:00:00,38926.0,39083.87109375,-157.87109375,157.87109375,24923.28224182129
2001-06-25 13:00:00,39782.0,39902.62890625,-120.62890625,120.62890625,14551.333023071289
2001-06-25 14:00:00,40551.0,40456.93359375,94.06640625,94.06640625,8848.488784790039
2001-06-25 15:00:00,40953.0,41040.2734375,-87.2734375,87.2734375,7616.652893066406
2001-06-25 16:00:00,41254.0,41272.81640625,-18.81640625,18.81640625,354.05714416503906
2001-06-25 17:00:00,41376.0,40595.31640625,780.68359375,780.68359375,609466.873550415
2001-06-25 18:00:00,40435.0,40229.23828125,205.76171875,205.76171875,42337.8849029541
2001-06-25 19:00:00,38953.0,39422.76171875,-469.76171875,469.76171875,220676.0724029541
2001-06-25 20:00:00,37910.0,38890.1796875,-980.1796875,980.1796875,960752.2197875977
2001-06-25 21:00:00,37865.0,37278.34375,586.65625,586.65625,344165.5556640625
2001-06-25 22:00:00,35100.0,35036.0703125,63.9296875,63.9296875,4087.0049438476562
2001-06-25 23:00:00,31167.0,31736.990234375,-569.990234375,569.990234375,324888.86728286743
2001-06-26 00:00:00,28222.0,28208.765625,13.234375,13.234375,175.148681640625
2001-06-26 01:00:00,26381.0,26578.431640625,-197.431640625,197.431640625,38979.25271987915
2001-06-26 02:00:00,25318.0,25459.7890625,-141.7890625,141.7890625,20104.138244628906
2001-06-26 03:00:00,24569.0,24710.291015625,-141.291015625,141.291015625,19963.151096343994
2001-06-26 04:00:00,24691.0,24541.314453125,149.685546875,149.685546875,22405.762943267822
2001-06-26 05:00:00,25746.0,25873.0078125,-127.0078125,127.0078125,16130.984436035156
2001-06-26 06:00:00,28289.0,28072.177734375,216.822265625,216.822265625,47011.89487075806
2001-06-26 07:00:00,31915.0,31266.18359375,648.81640625,648.81640625,420962.72901916504
2001-06-26 08:00:00,34900.0,34587.30078125,312.69921875,312.69921875,97780.80140686035
2001-06-26 09:00:00,37267.0,37440.16015625,-173.16015625,173.16015625,29984.439712524414
2001-06-26 10:00:00,39653.0,39329.81640625,323.18359375,323.18359375,104447.63526916504
2001-06-26 11:00:00,41174.0,40875.890625,298.109375,298.109375,88869.19946289062
2001-06-26 12:00:00,42324.0,42222.94921875,101.05078125,101.05078125,10211.260391235352
2001-06-26 13:00:00,43265.0,43797.04296875,-532.04296875,532.04296875,283069.7205963135
2001-06-26 14:00:00,43833.0,44073.69140625,-240.69140625,240.69140625,57932.35304260254
2001-06-26 15:00:00,44612.0,44059.2421875,552.7578125,552.7578125,305541.19927978516
2001-06-26 16:00:00,45134.0,44538.8828125,595.1171875,595.1171875,354164.46685791016
2001-06-26 17:00:00,45193.0,44870.1328125,322.8671875,322.8671875,104243.22076416016
2001-06-26 18:00:00,44373.0,44257.32421875,115.67578125,115.67578125,13380.886367797852
2001-06-26 19:00:00,42755.0,42735.06640625,19.93359375,19.93359375,397.34815979003906
2001-06-26 20:00:00,41478.0,41849.06640625,-371.06640625,371.06640625,137690.27784729004
2001-06-26 21:00:00,41367.0,40688.32421875,678.67578125,678.67578125,460600.81605529785
2001-06-26 22:00:00,38273.0,37660.01171875,612.98828125,612.98828125,375754.6329498291
2001-06-26 23:00:00,34168.0,34373.7109375,-205.7109375,205.7109375,42316.989807128906
2001-06-27 00:00:00,30934.0,31075.298828125,-141.298828125,141.298828125,19965.35882949829
2001-06-27 01:00:00,28791.0,29071.583984375,-280.583984375,280.583984375,78727.37228775024
2001-06-27 02:00:00,27561.0,27700.291015625,-139.291015625,139.291015625,19401.987033843994
2001-06-27 03:00:00,26728.0,26926.966796875,-198.966796875,198.966796875,39587.78625869751
2001-06-27 04:00:00,26532.0,26677.357421875,-145.357421875,145.357421875,21128.78009414673
2001-06-27 05:00:00,27721.0,27912.720703125,-191.720703125,191.720703125,36756.828006744385
2001-06-27 06:00:00,30259.0,30305.095703125,-46.095703125,46.095703125,2124.8138465881348
2001-06-27 07:00:00,34195.0,33114.4140625,1080.5859375,1080.5859375,1167665.968322754
2001-06-27 08:00:00,37538.0,36493.2421875,1044.7578125,1044.7578125,1091518.8867797852
2001-06-27 09:00:00,40115.0,39570.56640625,544.43359375,544.43359375,296407.93800354004
2001-06-27 10:00:00,42695.0,42153.56640625,541.43359375,541.43359375,293150.33644104004
2001-06-27 11:00:00,44435.0,43826.6484375,608.3515625,608.3515625,370091.6235961914
2001-06-27 12:00:00,45459.0,45379.1953125,79.8046875,79.8046875,6368.788146972656
2001-06-27 13:00:00,46686.0,46167.9609375,518.0390625,518.0390625,268364.4702758789
2001-06-27 14:00:00,47561.0,47335.57421875,225.42578125,225.42578125,50816.78285217285
2001-06-27 15:00:00,48339.0,48229.7265625,109.2734375,109.2734375,11940.684143066406
2001-06-27 16:00:00,48881.0,47702.3046875,1178.6953125,1178.6953125,1389322.6397094727
2001-06-27 17:00:00,48758.0,47516.0234375,1241.9765625,1241.9765625,1542505.7817993164
2001-06-27 18:00:00,47667.0,46697.80078125,969.19921875,969.19921875,939347.1256256104
2001-06-27 19:00:00,46005.0,46323.98828125,-318.98828125,318.98828125,101753.5235748291
2001-06-27 20:00:00,44925.0,45233.93359375,-308.93359375,308.93359375,95439.96534729004
2001-06-27 21:00:00,44417.0,44317.328125,99.671875,99.671875,9934.482666015625
2001-06-27 22:00:00,41024.0,40515.640625,508.359375,508.359375,258429.25415039062
2001-06-27 23:00:00,36924.0,37142.48046875,-218.48046875,218.48046875,47733.71522521973
2001-06-28 00:00:00,33575.0,33557.71484375,17.28515625,17.28515625,298.77662658691406
2001-06-28 01:00:00,31535.0,31229.341796875,305.658203125,305.658203125,93426.93713760376
2001-06-28 02:00:00,30067.0,30173.958984375,-106.958984375,106.958984375,11440.224338531494
2001-06-28 03:00:00,29150.0,29501.39453125,-351.39453125,351.39453125,123478.11659240723
2001-06-28 04:00:00,28991.0,28719.87109375,271.12890625,271.12890625,73510.88380432129
2001-06-28 05:00:00,29989.0,30160.359375,-171.359375,171.359375,29364.035400390625
2001-06-28 06:00:00,32549.0,32208.78515625,340.21484375,340.21484375,115746.13990783691
2001-06-28 07:00:00,36261.0,35774.890625,486.109375,486.109375,236302.32446289062
2001-06-28 08:00:00,39589.0,39054.140625,534.859375,534.859375,286074.5510253906
2001-06-28 09:00:00,42162.0,41506.07421875,655.92578125,655.92578125,430238.63050842285
2001-06-28 10:00:00,44664.0,44450.02734375,213.97265625,213.97265625,45784.297622680664
2001-06-28 11:00:00,46402.0,45785.50390625,616.49609375,616.49609375,380067.4336090088
2001-06-28 12:00:00,47730.0,47525.27734375,204.72265625,204.72265625,41911.365982055664
2001-06-28 13:00:00,48833.0,49057.609375,-224.609375,224.609375,50449.371337890625
2001-06-28 14:00:00,49539.0,48979.71484375,559.28515625,559.28515625,312799.8860015869
2001-06-28 15:00:00,49843.0,48595.78125,1247.21875,1247.21875,1555554.6103515625
2001-06-28 16:00:00,50157.0,48388.8984375,1768.1015625,1768.1015625,3126183.1353149414
2001-06-28 17:00:00,49840.0,47506.328125,2333.671875,2333.671875,5446024.420166016
2001-06-28 18:00:00,48773.0,46952.5234375,1820.4765625,1820.4765625,3314134.9146118164
2001-06-28 19:00:00,47082.0,45967.1875,1114.8125,1114.8125,1242806.91015625
2001-06-28 20:00:00,45858.0,45591.22265625,266.77734375,266.77734375,71170.15113830566
2001-06-28 21:00:00,45261.0,44681.1953125,579.8046875,579.8046875,336173.47564697266
2001-06-28 22:00:00,41822.0,41879.7265625,-57.7265625,57.7265625,3332.3560180664062
2001-06-28 23:00:00,37482.0,38253.5859375,-771.5859375,771.5859375,595344.8589477539
2001-06-29 00:00:00,34165.0,34407.68359375,-242.68359375,242.68359375,58895.32667541504
2001-06-29 01:00:00,32066.0,31978.876953125,87.123046875,87.123046875,7590.425296783447
2001-06-29 02:00:00,30633.0,30771.578125,-138.578125,138.578125,19203.896728515625
2001-06-29 03:00:00,29479.0,29721.0078125,-242.0078125,242.0078125,58567.781311035156
2001-06-29 04:00:00,29384.0,29178.810546875,205.189453125,205.189453125,42102.71167373657
2001-06-29 05:00:00,30387.0,30303.6328125,83.3671875,83.3671875,6950.087951660156
2001-06-29 06:00:00,32628.0,33077.2265625,-449.2265625,449.2265625,201804.5044555664
2001-06-29 07:00:00,36203.0,36075.96875,127.03125,127.03125,16136.9384765625
2001-06-29 08:00:00,39302.0,38614.2734375,687.7265625,687.7265625,472967.8247680664
2001-06-29 09:00:00,41868.0,41144.1953125,723.8046875,723.8046875,523893.22564697266
2001-06-29 10:00:00,44081.0,44144.86328125,-63.86328125,63.86328125,4078.5186920166016
2001-06-29 11:00:00,45783.0,45710.43359375,72.56640625,72.56640625,5265.883316040039
2001-06-29 12:00:00,46887.0,46050.8203125,836.1796875,836.1796875,699196.4697875977
2001-06-29 13:00:00,47922.0,47091.3984375,830.6015625,830.6015625,689898.9556274414
2001-06-29 14:00:00,48397.0,48367.14453125,29.85546875,29.85546875,891.3490142822266
2001-06-29 15:00:00,48415.0,48209.50390625,205.49609375,205.49609375,42228.64454650879
2001-06-29 16:00:00,48199.0,48365.05859375,-166.05859375,166.05859375,27575.45655822754
2001-06-29 17:00:00,47449.0,47648.44921875,-199.44921875,199.44921875,39779.99085998535
2001-06-29 18:00:00,45932.0,46304.1171875,-372.1171875,372.1171875,138471.20123291016
2001-06-29 19:00:00,44229.0,44403.7109375,-174.7109375,174.7109375,30523.911682128906
2001-06-29 20:00:00,43073.0,43246.5703125,-173.5703125,173.5703125,30126.653381347656
2001-06-29 21:00:00,42579.0,42304.73046875,274.26953125,274.26953125,75223.77577209473
2001-06-29 22:00:00,40001.0,39627.89453125,373.10546875,373.10546875,139207.69081115723
2001-06-29 23:00:00,36869.0,36532.98046875,336.01953125,336.01953125,112909.12538146973
2001-06-30 00:00:00,34004.0,33690.984375,313.015625,313.015625,97978.78149414062
2001-06-30 01:00:00,31711.0,31756.546875,-45.546875,45.546875,2074.517822265625
2001-06-30 02:00:00,30321.0,29609.97265625,711.02734375,711.02734375,505559.88356018066
2001-06-30 03:00:00,29299.0,29293.5625,5.4375,5.4375,29.56640625
2001-06-30 04:00:00,28779.0,28791.009765625,-12.009765625,12.009765625,144.23447036743164
2001-06-30 05:00:00,28647.0,28576.017578125,70.982421875,70.982421875,5038.5042152404785
2001-06-30 06:00:00,29123.0,29565.53515625,-442.53515625,442.53515625,195837.3645172119
2001-06-30 07:00:00,31786.0,31486.658203125,299.341796875,299.341796875,89605.51135635376
2001-06-30 08:00:00,35923.0,35189.1328125,733.8671875,733.8671875,538561.0488891602
2001-06-30 09:00:00,39541.0,38983.640625,557.359375,557.359375,310649.4729003906
2001-06-30 10:00:00,42404.0,42124.2265625,279.7734375,279.7734375,78273.1763305664
2001-06-30 11:00:00,44584.0,43671.21875,912.78125,912.78125,833169.6103515625
2001-06-30 12:00:00,45563.0,45361.68359375,201.31640625,201.31640625,40528.29542541504
2001-06-30 13:00:00,45903.0,45877.87890625,25.12109375,25.12109375,631.0693511962891
2001-06-30 14:00:00,46032.0,45706.359375,325.640625,325.640625,106041.81665039062
2001-06-30 15:00:00,45934.0,46336.328125,-402.328125,402.328125,161867.92016601562
2001-06-30 16:00:00,45698.0,45322.875,375.125,375.125,140718.765625
2001-06-30 17:00:00,44899.0,44227.1796875,671.8203125,671.8203125,451342.53228759766
2001-06-30 18:00:00,43592.0,43473.78515625,118.21484375,118.21484375,13974.749282836914
2001-06-30 19:00:00,42234.0,42690.09375,-456.09375,456.09375,208021.5087890625
2001-06-30 20:00:00,41494.0,41562.2265625,-68.2265625,68.2265625,4654.863830566406
2001-06-30 21:00:00,41069.0,40970.484375,98.515625,98.515625,9705.328369140625
2001-06-30 22:00:00,38596.0,38430.94921875,165.05078125,165.05078125,27241.76039123535
2001-06-30 23:00:00,35760.0,35811.75390625,-51.75390625,51.75390625,2678.466812133789
2001-07-01 00:00:00,32664.0,33135.54296875,-471.54296875,471.54296875,222352.77137756348
2001-07-01 01:00:00,30571.0,30756.212890625,-185.212890625,185.212890625,34303.81485366821
2001-07-01 02:00:00,29179.0,29108.232421875,70.767578125,70.767578125,5008.0501136779785
2001-07-01 03:00:00,28221.0,27989.796875,231.203125,231.203125,53454.885009765625
2001-07-01 04:00:00,27587.0,27881.162109375,-294.162109375,294.162109375,86531.34659194946
2001-07-01 05:00:00,27080.0,27525.587890625,-445.587890625,445.587890625,198548.56827163696
2001-07-01 06:00:00,27173.0,27102.251953125,70.748046875,70.748046875,5005.286136627197
2001-07-01 07:00:00,29054.0,29145.25,-91.25,91.25,8326.5625
2001-07-01 08:00:00,32184.0,32157.515625,26.484375,26.484375,701.422119140625
2001-07-01 09:00:00,35351.0,35555.61328125,-204.61328125,204.61328125,41866.5948638916
2001-07-01 10:00:00,37778.0,38065.5703125,-287.5703125,287.5703125,82696.68463134766
2001-07-01 11:00:00,39361.0,40069.87109375,-708.87109375,708.87109375,502498.2275543213
2001-07-01 12:00:00,40609.0,40610.83984375,-1.83984375,1.83984375,3.3850250244140625
2001-07-01 13:00:00,41391.0,41092.07421875,298.92578125,298.92578125,89356.62269592285
2001-07-01 14:00:00,41616.0,41859.421875,-243.421875,243.421875,59254.209228515625
2001-07-01 15:00:00,41494.0,41689.65625,-195.65625,195.65625,38281.3681640625
2001-07-01 16:00:00,40428.0,41719.3671875,-1291.3671875,1291.3671875,1667629.2129516602
2001-07-01 17:00:00,39076.0,40351.1953125,-1275.1953125,1275.1953125,1626123.0850219727
2001-07-01 18:00:00,36527.0,38263.6953125,-1736.6953125,1736.6953125,3016110.6084594727
2001-07-01 19:00:00,34534.0,35483.47265625,-949.47265625,949.47265625,901498.3249664307
2001-07-01 20:00:00,33911.0,34563.40625,-652.40625,652.40625,425633.9150390625
2001-07-01 21:00:00,33781.0,33871.0625,-90.0625,90.0625,8111.25390625
2001-07-01 22:00:00,31910.0,32061.5859375,-151.5859375,151.5859375,22978.296447753906
2001-07-01 23:00:00,29180.0,29499.375,-319.375,319.375,102000.390625
2001-07-02 00:00:00,26775.0,27063.3828125,-288.3828125,288.3828125,83164.64654541016
2001-07-02 01:00:00,25183.0,25087.306640625,95.693359375,95.693359375,9157.2190284729
2001-07-02 02:00:00,23479.0,24229.283203125,-750.283203125,750.283203125,562924.88489151
2001-07-02 03:00:00,22654.0,23007.951171875,-353.951171875,353.951171875,125281.43207168579
2001-07-02 04:00:00,22915.0,22670.251953125,244.748046875,244.748046875,59901.6064491272
2001-07-02 05:00:00,23432.0,23963.71875,-531.71875,531.71875,282724.8291015625
2001-07-02 06:00:00,25059.0,25687.87890625,-628.87890625,628.87890625,395488.6787261963
2001-07-02 07:00:00,27787.0,27812.890625,-25.890625,25.890625,670.324462890625
2001-07-02 08:00:00,29572.0,30087.341796875,-515.341796875,515.341796875,265577.16760635376
2001-07-02 09:00:00,30698.0,31585.080078125,-887.080078125,887.080078125,786911.0650062561
2001-07-02 10:00:00,31582.0,32000.40234375,-418.40234375,418.40234375,175060.52125549316
2001-07-02 11:00:00,32055.0,32198.12890625,-143.12890625,143.12890625,20485.88380432129
2001-07-02 12:00:00,32152.0,32085.443359375,66.556640625,66.556640625,4429.7864112854
2001-07-02 13:00:00,32348.0,32007.763671875,340.236328125,340.236328125,115760.75897598267
2001-07-02 14:00:00,32620.0,32257.146484375,362.853515625,362.853515625,131662.67380142212
2001-07-02 15:00:00,32690.0,32719.966796875,-29.966796875,29.966796875,898.0089149475098
2001-07-02 16:00:00,32934.0,32841.83203125,92.16796875,92.16796875,8494.934463500977
2001-07-02 17:00:00,32881.0,32441.87890625,439.12109375,439.12109375,192827.3349761963
2001-07-02 18:00:00,32145.0,31785.251953125,359.748046875,359.748046875,129418.6572303772
2001-07-02 19:00:00,31040.0,31272.849609375,-232.849609375,232.849609375,54218.94058609009
2001-07-02 20:00:00,30469.0,31066.640625,-597.640625,597.640625,357174.3166503906
2001-07-02 21:00:00,30817.0,30116.064453125,700.935546875,700.935546875,491310.6408729553
2001-07-02 22:00:00,28316.0,28980.29296875,-664.29296875,664.29296875,441285.1483306885
2001-07-02 23:00:00,25448.0,25712.595703125,-264.595703125,264.595703125,70010.88611221313
2001-07-03 00:00:00,23122.0,23237.794921875,-115.794921875,115.794921875,13408.463932037354
2001-07-03 01:00:00,21859.0,22041.14453125,-182.14453125,182.14453125,33176.63026428223
2001-07-03 02:00:00,21123.0,21262.458984375,-139.458984375,139.458984375,19448.808322906494
2001-07-03 03:00:00,20820.0,21019.267578125,-199.267578125,199.267578125,39707.56769180298
2001-07-03 04:00:00,21173.0,21061.017578125,111.982421875,111.982421875,12540.062808990479
2001-07-03 05:00:00,22197.0,22730.771484375,-533.771484375,533.771484375,284911.99753189087
2001-07-03 06:00:00,24356.0,25195.873046875,-839.873046875,839.873046875,705386.734867096
2001-07-03 07:00:00,27237.0,27397.75,-160.75,160.75,25840.5625
2001-07-03 08:00:00,29482.0,29862.830078125,-380.830078125,380.830078125,145031.5484046936
2001-07-03 09:00:00,31031.0,30914.349609375,116.650390625,116.650390625,13607.313632965088
2001-07-03 10:00:00,32065.0,32142.93359375,-77.93359375,77.93359375,6073.645034790039
2001-07-03 11:00:00,32882.0,32849.13671875,32.86328125,32.86328125,1079.9952545166016
2001-07-03 12:00:00,33246.0,33212.015625,33.984375,33.984375,1154.937744140625
2001-07-03 13:00:00,33737.0,33830.5703125,-93.5703125,93.5703125,8755.403381347656
2001-07-03 14:00:00,33895.0,34136.25,-241.25,241.25,58201.5625
2001-07-03 15:00:00,33850.0,34065.2890625,-215.2890625,215.2890625,46349.380432128906
2001-07-03 16:00:00,33753.0,33721.38671875,31.61328125,31.61328125,999.3995513916016
2001-07-03 17:00:00,33492.0,33567.9140625,-75.9140625,75.9140625,5762.944885253906
2001-07-03 18:00:00,32455.0,32863.96484375,-408.96484375,408.96484375,167252.2434234619
2001-07-03 19:00:00,31343.0,31728.23828125,-385.23828125,385.23828125,148408.5333404541
2001-07-03 20:00:00,30995.0,31759.978515625,-764.978515625,764.978515625,585192.1293678284
2001-07-03 21:00:00,31541.0,30369.0234375,1171.9765625,1171.9765625,1373529.0630493164
2001-07-03 22:00:00,29627.0,29398.591796875,228.408203125,228.408203125,52170.30725479126
2001-07-03 23:00:00,27072.0,26616.9375,455.0625,455.0625,207081.87890625
2001-07-04 00:00:00,25058.0,24437.51953125,620.48046875,620.48046875,384996.0121002197
2001-07-04 01:00:00,23603.0,23289.974609375,313.025390625,313.025390625,97984.89517593384
2001-07-04 02:00:00,22753.0,22538.982421875,214.017578125,214.017578125,45803.52374649048
2001-07-04 03:00:00,22242.0,21940.06640625,301.93359375,301.93359375,91163.89503479004
2001-07-04 04:00:00,22046.0,22228.80859375,-182.80859375,182.80859375,33418.98194885254
2001-07-04 05:00:00,22331.0,22451.697265625,-120.697265625,120.697265625,14567.829929351807
2001-07-04 06:00:00,22560.0,24362.017578125,-1802.017578125,1802.017578125,3247267.3518714905
2001-07-04 07:00:00,23365.0,24569.78515625,-1204.78515625,1204.78515625,1451507.272720337
2001-07-04 08:00:00,25507.0,25442.005859375,64.994140625,64.994140625,4224.238315582275
2001-07-04 09:00:00,27960.0,28192.513671875,-232.513671875,232.513671875,54062.607608795166
2001-07-04 10:00:00,29817.0,29584.55859375,232.44140625,232.44140625,54029.00733947754
2001-07-04 11:00:00,31218.0,30664.91015625,553.08984375,553.08984375,305908.3752593994
2001-07-04 12:00:00,32018.0,31727.87109375,290.12890625,290.12890625,84174.78224182129
2001-07-04 13:00:00,32624.0,32410.583984375,213.416015625,213.416015625,45546.395725250244
2001-07-04 14:00:00,33284.0,33015.25390625,268.74609375,268.74609375,72224.46290588379
2001-07-04 15:00:00,33779.0,33564.39453125,214.60546875,214.60546875,46055.50721740723
2001-07-04 16:00:00,34316.0,33984.8984375,331.1015625,331.1015625,109628.2446899414
2001-07-04 17:00:00,34110.0,34318.90234375,-208.90234375,208.90234375,43640.189224243164
2001-07-04 18:00:00,33157.0,33485.578125,-328.578125,328.578125,107963.58422851562
2001-07-04 19:00:00,32282.0,32382.39453125,-100.39453125,100.39453125,10079.061904907227
2001-07-04 20:00:00,32303.0,32220.71484375,82.28515625,82.28515625,6770.846939086914
2001-07-04 21:00:00,32240.0,32104.583984375,135.416015625,135.416015625,18337.497287750244
2001-07-04 22:00:00,31055.0,30109.484375,945.515625,945.515625,893999.7971191406
2001-07-04 23:00:00,28791.0,28653.48828125,137.51171875,137.51171875,18909.4727935791
2001-07-05 00:00:00,26575.0,26386.455078125,188.544921875,188.544921875,35549.18756484985
2001-07-05 01:00:00,24934.0,24949.94921875,-15.94921875,15.94921875,254.37757873535156
2001-07-05 02:00:00,23986.0,23989.443359375,-3.443359375,3.443359375,11.85672378540039
2001-07-05 03:00:00,23404.0,23594.50390625,-190.50390625,190.50390625,36291.73829650879
2001-07-05 04:00:00,23460.0,23554.4453125,-94.4453125,94.4453125,8919.917053222656
2001-07-05 05:00:00,24460.0,24686.740234375,-226.740234375,226.740234375,51411.13388442993
2001-07-05 06:00:00,26600.0,26538.572265625,61.427734375,61.427734375,3773.3665504455566
2001-07-05 07:00:00,30277.0,29328.150390625,948.849609375,948.849609375,900315.5812110901
2001-07-05 08:00:00,33418.0,32461.6640625,956.3359375,956.3359375,914578.4253540039
2001-07-05 09:00:00,35697.0,34686.265625,1010.734375,1010.734375,1021583.9768066406
2001-07-05 10:00:00,37804.0,37478.59765625,325.40234375,325.40234375,105886.68531799316
2001-07-05 11:00:00,39017.0,39265.23046875,-248.23046875,248.23046875,61618.36561584473
2001-07-05 12:00:00,39933.0,39747.2265625,185.7734375,185.7734375,34511.770080566406
2001-07-05 13:00:00,40460.0,40663.86328125,-203.86328125,203.86328125,41560.2374420166
2001-07-05 14:00:00,40541.0,41387.32421875,-846.32421875,846.32421875,716264.6832427979
2001-07-05 15:00:00,40285.0,41118.10546875,-833.10546875,833.10546875,694064.7220611572
2001-07-05 16:00:00,39917.0,40784.37109375,-867.37109375,867.37109375,752332.6142730713
2001-07-05 17:00:00,39086.0,39833.2890625,-747.2890625,747.2890625,558440.9429321289
2001-07-05 18:00:00,37690.0,38115.12890625,-425.12890625,425.12890625,180734.5869293213
2001-07-05 19:00:00,36136.0,36247.9453125,-111.9453125,111.9453125,12531.752990722656
2001-07-05 20:00:00,35026.0,35865.99609375,-839.99609375,839.99609375,705593.4375152588
2001-07-05 21:00:00,34262.0,34317.81640625,-55.81640625,55.81640625,3115.471206665039
2001-07-05 22:00:00,31613.0,31707.12109375,-94.12109375,94.12109375,8858.780288696289
2001-07-05 23:00:00,28589.0,28803.0234375,-214.0234375,214.0234375,45806.031799316406
2001-07-06 00:00:00,25967.0,26022.22265625,-55.22265625,55.22265625,3049.541763305664
2001-07-06 01:00:00,24476.0,24494.17578125,-18.17578125,18.17578125,330.35902404785156
2001-07-06 02:00:00,23522.0,23574.169921875,-52.169921875,52.169921875,2721.7007484436035
2001-07-06 03:00:00,22834.0,23026.60546875,-192.60546875,192.60546875,37096.86659240723
2001-07-06 04:00:00,22753.0,22973.51953125,-220.51953125,220.51953125,48628.86366271973
2001-07-06 05:00:00,23432.0,23860.115234375,-428.115234375,428.115234375,183282.65390396118
2001-07-06 06:00:00,25220.0,25463.1015625,-243.1015625,243.1015625,59098.369689941406
2001-07-06 07:00:00,28207.0,28468.470703125,-261.470703125,261.470703125,68366.92859268188
2001-07-06 08:00:00,30569.0,30142.736328125,426.263671875,426.263671875,181700.71796035767
2001-07-06 09:00:00,32080.0,32591.26953125,-511.26953125,511.26953125,261396.53358459473
2001-07-06 10:00:00,33016.0,33324.14453125,-308.14453125,308.14453125,94953.05213928223
2001-07-06 11:00:00,33523.0,33501.44140625,21.55859375,21.55859375,464.77296447753906
2001-07-06 12:00:00,33658.0,33647.80078125,10.19921875,10.19921875,104.02406311035156
2001-07-06 13:00:00,33980.0,33599.328125,380.671875,380.671875,144911.07641601562
2001-07-06 14:00:00,34023.0,33963.5859375,59.4140625,59.4140625,3530.0308227539062
2001-07-06 15:00:00,34038.0,33830.2421875,207.7578125,207.7578125,43163.308654785156
2001-07-06 16:00:00,34073.0,33792.61328125,280.38671875,280.38671875,78616.7120513916
2001-07-06 17:00:00,33775.0,33405.63671875,369.36328125,369.36328125,136429.2335357666
2001-07-06 18:00:00,32926.0,32697.41796875,228.58203125,228.58203125,52249.74501037598
2001-07-06 19:00:00,31521.0,31871.431640625,-350.431640625,350.431640625,122802.33475112915
2001-07-06 20:00:00,30596.0,31269.541015625,-673.541015625,673.541015625,453657.4997291565
2001-07-06 21:00:00,30726.0,29983.3984375,742.6015625,742.6015625,551457.0806274414
2001-07-06 22:00:00,28692.0,28826.13671875,-134.13671875,134.13671875,17992.6593170166
2001-07-06 23:00:00,26202.0,26227.494140625,-25.494140625,25.494140625,649.9512062072754
2001-07-07 00:00:00,23644.0,24076.439453125,-432.439453125,432.439453125,187003.88061904907
2001-07-07 01:00:00,22307.0,22022.595703125,284.404296875,284.404296875,80885.80408096313
2001-07-07 02:00:00,21275.0,21573.748046875,-298.748046875,298.748046875,89250.3955116272
2001-07-07 03:00:00,20767.0,20861.9609375,-94.9609375,94.9609375,9017.579650878906
2001-07-07 04:00:00,20601.0,20702.69140625,-101.69140625,101.69140625,10341.142105102539
2001-07-07 05:00:00,20907.0,20747.677734375,159.322265625,159.322265625,25383.584323883057
2001-07-07 06:00:00,21442.0,21518.638671875,-76.638671875,76.638671875,5873.486026763916
2001-07-07 07:00:00,23045.0,23299.357421875,-254.357421875,254.357421875,64697.69806289673
2001-07-07 08:00:00,25671.0,25577.83984375,93.16015625,93.16015625,8678.814712524414
2001-07-07 09:00:00,27937.0,27631.892578125,305.107421875,305.107421875,93090.53888320923
2001-07-07 10:00:00,29723.0,29260.337890625,462.662109375,462.662109375,214056.22745132446
2001-07-07 11:00:00,30499.0,30606.330078125,-107.330078125,107.330078125,11519.745670318604
2001-07-07 12:00:00,30986.0,30685.64453125,300.35546875,300.35546875,90213.40760803223
2001-07-07 13:00:00,31093.0,30994.482421875,98.517578125,98.517578125,9705.713199615479
2001-07-07 14:00:00,31439.0,30993.046875,445.953125,445.953125,198874.18969726562
2001-07-07 15:00:00,31720.0,31961.486328125,-241.486328125,241.486328125,58315.646671295166
2001-07-07 16:00:00,32233.0,32093.296875,139.703125,139.703125,19516.963134765625
2001-07-07 17:00:00,32616.0,32020.0078125,595.9921875,595.9921875,355206.68756103516
2001-07-07 18:00:00,32182.0,32293.1171875,-111.1171875,111.1171875,12347.029357910156
2001-07-07 19:00:00,31289.0,31540.369140625,-251.369140625,251.369140625,63186.444858551025
2001-07-07 20:00:00,31008.0,31383.025390625,-375.025390625,375.025390625,140644.04361343384
2001-07-07 21:00:00,31293.0,30554.71875,738.28125,738.28125,545059.2041015625
2001-07-07 22:00:00,29721.0,29819.58203125,-98.58203125,98.58203125,9718.416885375977
2001-07-07 23:00:00,27754.0,27381.81640625,372.18359375,372.18359375,138520.62745666504
2001-07-08 00:00:00,25581.0,25432.724609375,148.275390625,148.275390625,21985.591464996338
2001-07-08 01:00:00,24020.0,24012.357421875,7.642578125,7.642578125,58.409000396728516
2001-07-08 02:00:00,23115.0,23026.681640625,88.318359375,88.318359375,7800.13260269165
2001-07-08 03:00:00,22546.0,22303.146484375,242.853515625,242.853515625,58977.83005142212
2001-07-08 04:00:00,22272.0,22117.33984375,154.66015625,154.66015625,23919.763931274414
2001-07-08 05:00:00,22338.0,22268.00390625,69.99609375,69.99609375,4899.453140258789
2001-07-08 06:00:00,22473.0,22532.388671875,-59.388671875,59.388671875,3527.014347076416
2001-07-08 07:00:00,23249.0,23507.42578125,-258.42578125,258.42578125,66783.88441467285
2001-07-08 08:00:00,24842.0,24872.8984375,-30.8984375,30.8984375,954.7134399414062
2001-07-08 09:00:00,26559.0,26428.263671875,130.736328125,130.736328125,17091.987491607666
2001-07-08 10:00:00,28220.0,28335.552734375,-115.552734375,115.552734375,13352.434421539307
2001-07-08 11:00:00,29384.0,29196.755859375,187.244140625,187.244140625,35060.368198394775
2001-07-08 12:00:00,30112.0,29990.4140625,121.5859375,121.5859375,14783.140197753906
2001-07-08 13:00:00,30686.0,30641.640625,44.359375,44.359375,1967.754150390625
2001-07-08 14:00:00,31053.0,30929.189453125,123.810546875,123.810546875,15329.051517486572
2001-07-08 15:00:00,31473.0,31310.0,163.0,163.0,26569.0
2001-07-08 16:00:00,32073.0,32029.087890625,43.912109375,43.912109375,1928.273349761963
2001-07-08 17:00:00,32686.0,32237.6484375,448.3515625,448.3515625,201019.1235961914
2001-07-08 18:00:00,32932.0,32707.4453125,224.5546875,224.5546875,50424.807678222656
2001-07-08 19:00:00,32728.0,32470.072265625,257.927734375,257.927734375,66526.71615982056
2001-07-08 20:00:00,33141.0,32729.966796875,411.033203125,411.033203125,168948.2940711975
2001-07-08 21:00:00,33757.0,33068.12890625,688.87109375,688.87109375,474543.3838043213
2001-07-08 22:00:00,32327.0,32118.99609375,208.00390625,208.00390625,43265.62501525879
2001-07-08 23:00:00,29768.0,30090.359375,-322.359375,322.359375,103915.56665039062
2001-07-09 00:00:00,27692.0,27574.36328125,117.63671875,117.63671875,13838.397598266602
2001-07-09 01:00:00,26096.0,26359.29296875,-263.29296875,263.29296875,69323.18739318848
2001-07-09 02:00:00,25355.0,25331.267578125,23.732421875,23.732421875,563.2278480529785
2001-07-09 03:00:00,24791.0,24904.83984375,-113.83984375,113.83984375,12959.510025024414
2001-07-09 04:00:00,24910.0,24738.56640625,171.43359375,171.43359375,29389.47706604004
2001-07-09 05:00:00,26253.0,25942.236328125,310.763671875,310.763671875,96574.05975723267
2001-07-09 06:00:00,28646.0,28967.822265625,-321.822265625,321.822265625,103569.57065200806
2001-07-09 07:00:00,32163.0,31570.046875,592.953125,592.953125,351593.4084472656
2001-07-09 08:00:00,35325.0,34877.22265625,447.77734375,447.77734375,200504.54957580566
2001-07-09 09:00:00,37903.0,37812.1328125,90.8671875,90.8671875,8256.845764160156
2001-07-09 10:00:00,39781.0,40339.67578125,-558.67578125,558.67578125,312118.62855529785
2001-07-09 11:00:00,41195.0,41444.484375,-249.484375,249.484375,62242.453369140625
2001-07-09 12:00:00,42467.0,42228.7265625,238.2734375,238.2734375,56774.231018066406
2001-07-09 13:00:00,43617.0,43650.015625,-33.015625,33.015625,1090.031494140625
2001-07-09 14:00:00,44460.0,44035.5,424.5,424.5,180200.25
2001-07-09 15:00:00,45157.0,44689.10546875,467.89453125,467.89453125,218925.29237365723
2001-07-09 16:00:00,45789.0,45303.859375,485.140625,485.140625,235361.42602539062
2001-07-09 17:00:00,46006.0,45348.609375,657.390625,657.390625,432162.4338378906
2001-07-09 18:00:00,45320.0,45206.0859375,113.9140625,113.9140625,12976.413635253906
2001-07-09 19:00:00,43698.0,43607.91015625,90.08984375,90.08984375,8116.179946899414
2001-07-09 20:00:00,42305.0,43068.8671875,-763.8671875,763.8671875,583493.0801391602
2001-07-09 21:00:00,41884.0,41520.55859375,363.44140625,363.44140625,132089.65577697754
2001-07-09 22:00:00,38539.0,38754.40234375,-215.40234375,215.40234375,46398.169692993164
2001-07-09 23:00:00,34702.0,35031.17578125,-329.17578125,329.17578125,108356.69496154785
2001-07-10 00:00:00,31625.0,31708.146484375,-83.146484375,83.146484375,6913.337863922119
2001-07-10 01:00:00,29443.0,29852.21875,-409.21875,409.21875,167459.9853515625
2001-07-10 02:00:00,28084.0,28361.248046875,-277.248046875,277.248046875,76866.4794960022
2001-07-10 03:00:00,27227.0,27142.884765625,84.115234375,84.115234375,7075.372653961182
2001-07-10 04:00:00,26992.0,27202.759765625,-210.759765625,210.759765625,44419.67880630493
2001-07-10 05:00:00,28151.0,27990.2421875,160.7578125,160.7578125,25843.074279785156
2001-07-10 06:00:00,30368.0,29824.171875,543.828125,543.828125,295749.0295410156
2001-07-10 07:00:00,34210.0,33417.50390625,792.49609375,792.49609375,628050.0586090088
2001-07-10 08:00:00,37241.0,37055.85546875,185.14453125,185.14453125,34278.49745178223
2001-07-10 09:00:00,40007.0,39505.6953125,501.3046875,501.3046875,251306.38970947266
2001-07-10 10:00:00,42623.0,42275.421875,347.578125,347.578125,120810.55297851562
2001-07-10 11:00:00,44625.0,44020.9453125,604.0546875,604.0546875,364882.06549072266
2001-07-10 12:00:00,45556.0,45526.2734375,29.7265625,29.7265625,883.6685180664062
2001-07-10 13:00:00,46690.0,46328.05859375,361.94140625,361.94140625,131001.58155822754
2001-07-10 14:00:00,47157.0,47253.78515625,-96.78515625,96.78515625,9367.366470336914
2001-07-10 15:00:00,46773.0,47462.51953125,-689.51953125,689.51953125,475437.1839752197
2001-07-10 16:00:00,46449.0,46515.83984375,-66.83984375,66.83984375,4467.564712524414
2001-07-10 17:00:00,45174.0,46501.25,-1327.25,1327.25,1761592.5625
2001-07-10 18:00:00,43266.0,44635.27734375,-1369.27734375,1369.27734375,1874920.4441070557
2001-07-10 19:00:00,41340.0,41809.91015625,-469.91015625,469.91015625,220815.5549468994
2001-07-10 20:00:00,40372.0,40850.96484375,-478.96484375,478.96484375,229407.3215484619
2001-07-10 21:00:00,39654.0,39653.13671875,0.86328125,0.86328125,0.7452545166015625
2001-07-10 22:00:00,36319.0,36342.25,-23.25,23.25,540.5625
2001-07-10 23:00:00,33207.0,32804.8984375,402.1015625,402.1015625,161685.6665649414
2001-07-11 00:00:00,30057.0,30138.7890625,-81.7890625,81.7890625,6689.450744628906
2001-07-11 01:00:00,28214.0,28187.203125,26.796875,26.796875,718.072509765625
2001-07-11 02:00:00,27018.0,26889.96875,128.03125,128.03125,16392.0009765625
2001-07-11 03:00:00,26399.0,26342.8203125,56.1796875,56.1796875,3156.1572875976562
2001-07-11 04:00:00,26461.0,26351.111328125,109.888671875,109.888671875,12075.520206451416
2001-07-11 05:00:00,27703.0,27217.564453125,485.435546875,485.435546875,235647.67016983032
2001-07-11 06:00:00,30045.0,30115.447265625,-70.447265625,70.447265625,4962.817234039307
2001-07-11 07:00:00,33062.0,32654.716796875,407.283203125,407.283203125,165879.60754776
2001-07-11 08:00:00,35382.0,35014.4453125,367.5546875,367.5546875,135096.44830322266
2001-07-11 09:00:00,37343.0,37251.2578125,91.7421875,91.7421875,8416.628967285156
2001-07-11 10:00:00,38960.0,39116.109375,-156.109375,156.109375,24370.136962890625
2001-07-11 11:00:00,40176.0,40331.29296875,-155.29296875,155.29296875,24115.906143188477
2001-07-11 12:00:00,40918.0,41120.49609375,-202.49609375,202.49609375,41004.66798400879
2001-07-11 13:00:00,41444.0,41800.40234375,-356.40234375,356.40234375,127022.63063049316
2001-07-11 14:00:00,41745.0,41908.5390625,-163.5390625,163.5390625,26745.024963378906
2001-07-11 15:00:00,41735.0,42293.796875,-558.796875,558.796875,312253.9475097656
2001-07-11 16:00:00,41775.0,42030.9765625,-255.9765625,255.9765625,65524.000549316406
2001-07-11 17:00:00,41253.0,41512.8515625,-259.8515625,259.8515625,67522.8345336914
2001-07-11 18:00:00,39836.0,39899.15234375,-63.15234375,63.15234375,3988.218521118164
2001-07-11 19:00:00,37706.0,38614.21484375,-908.21484375,908.21484375,824854.2024078369
2001-07-11 20:00:00,36438.0,37296.6015625,-858.6015625,858.6015625,737196.6431274414
2001-07-11 21:00:00,36258.0,35625.2421875,632.7578125,632.7578125,400382.44927978516
2001-07-11 22:00:00,33361.0,33142.2109375,218.7890625,218.7890625,47868.653869628906
2001-07-11 23:00:00,29965.0,30414.89453125,-449.89453125,449.89453125,202405.08924865723
2001-07-12 00:00:00,27074.0,27331.619140625,-257.619140625,257.619140625,66367.62161636353
2001-07-12 01:00:00,25425.0,25326.015625,98.984375,98.984375,9797.906494140625
2001-07-12 02:00:00,24315.0,24313.826171875,1.173828125,1.173828125,1.3778724670410156
2001-07-12 03:00:00,23677.0,23901.22265625,-224.22265625,224.22265625,50275.799575805664
2001-07-12 04:00:00,23771.0,23842.220703125,-71.220703125,71.220703125,5072.388553619385
2001-07-12 05:00:00,24894.0,24888.3671875,5.6328125,5.6328125,31.72857666015625
2001-07-12 06:00:00,26714.0,26907.177734375,-193.177734375,193.177734375,37317.63705825806
2001-07-12 07:00:00,30221.0,29575.544921875,645.455078125,645.455078125,416612.25787734985
2001-07-12 08:00:00,32684.0,32724.796875,-40.796875,40.796875,1664.385009765625
2001-07-12 09:00:00,34134.0,34482.34375,-348.34375,348.34375,121343.3681640625
2001-07-12 10:00:00,35652.0,35792.28125,-140.28125,140.28125,19678.8291015625
2001-07-12 11:00:00,36463.0,37020.69921875,-557.69921875,557.69921875,311028.41859436035
2001-07-12 12:00:00,36879.0,36850.9609375,28.0390625,28.0390625,786.1890258789062
2001-07-12 13:00:00,37272.0,37560.1796875,-288.1796875,288.1796875,83047.53228759766
2001-07-12 14:00:00,37431.0,37541.5703125,-110.5703125,110.5703125,12225.794006347656
2001-07-12 15:00:00,37551.0,37380.48046875,170.51953125,170.51953125,29076.910537719727
2001-07-12 16:00:00,37628.0,37555.58203125,72.41796875,72.41796875,5244.362197875977
2001-07-12 17:00:00,37322.0,37268.52734375,53.47265625,53.47265625,2859.324966430664
2001-07-12 18:00:00,36282.0,36341.3828125,-59.3828125,59.3828125,3526.3184204101562
2001-07-12 19:00:00,34905.0,34765.48828125,139.51171875,139.51171875,19463.5196685791
2001-07-12 20:00:00,34448.0,34712.6796875,-264.6796875,264.6796875,70055.33697509766
2001-07-12 21:00:00,34358.0,33799.54296875,558.45703125,558.45703125,311874.2557525635
2001-07-12 22:00:00,31838.0,31723.04296875,114.95703125,114.95703125,13215.119033813477
2001-07-12 23:00:00,28718.0,28913.228515625,-195.228515625,195.228515625,38114.17331314087
2001-07-13 00:00:00,26266.0,26307.587890625,-41.587890625,41.587890625,1729.552646636963
2001-07-13 01:00:00,24383.0,24784.634765625,-401.634765625,401.634765625,161310.48495864868
2001-07-13 02:00:00,23372.0,23496.533203125,-124.533203125,124.533203125,15508.51868057251
2001-07-13 03:00:00,22903.0,22904.1796875,-1.1796875,1.1796875,1.39166259765625
2001-07-13 04:00:00,23096.0,23054.2578125,41.7421875,41.7421875,1742.4102172851562
2001-07-13 05:00:00,24150.0,24471.8515625,-321.8515625,321.8515625,103588.4282836914
2001-07-13 06:00:00,25871.0,26709.052734375,-838.052734375,838.052734375,702332.3855934143
2001-07-13 07:00:00,29370.0,28918.365234375,451.634765625,451.634765625,203973.96152114868
2001-07-13 08:00:00,31770.0,31714.306640625,55.693359375,55.693359375,3101.7502784729004
2001-07-13 09:00:00,33555.0,33526.5,28.5,28.5,812.25
2001-07-13 10:00:00,34988.0,34936.30859375,51.69140625,51.69140625,2672.001480102539
2001-07-13 11:00:00,35800.0,35999.23046875,-199.23046875,199.23046875,39692.77967834473
2001-07-13 12:00:00,36202.0,36397.85546875,-195.85546875,195.85546875,38359.36463928223
2001-07-13 13:00:00,36456.0,36729.6640625,-273.6640625,273.6640625,74892.0191040039
2001-07-13 14:00:00,36494.0,36597.42578125,-103.42578125,103.42578125,10696.892227172852
2001-07-13 15:00:00,36311.0,36618.48828125,-307.48828125,307.48828125,94549.0431060791
2001-07-13 16:00:00,36062.0,36151.3359375,-89.3359375,89.3359375,7980.909729003906
2001-07-13 17:00:00,35521.0,35464.4765625,56.5234375,56.5234375,3194.8989868164062
2001-07-13 18:00:00,34484.0,34135.640625,348.359375,348.359375,121354.25415039062
2001-07-13 19:00:00,33143.0,33329.421875,-186.421875,186.421875,34753.115478515625
2001-07-13 20:00:00,32504.0,32519.080078125,-15.080078125,15.080078125,227.40875625610352
2001-07-13 21:00:00,32476.0,31971.267578125,504.732421875,504.732421875,254754.81769180298
2001-07-13 22:00:00,30281.0,30565.392578125,-284.392578125,284.392578125,80879.13849258423
2001-07-13 23:00:00,27544.0,27529.6640625,14.3359375,14.3359375,205.51910400390625
2001-07-14 00:00:00,25229.0,25169.83203125,59.16796875,59.16796875,3500.8485260009766
2001-07-14 01:00:00,23572.0,23485.234375,86.765625,86.765625,7528.273681640625
2001-07-14 02:00:00,22534.0,22701.048828125,-167.048828125,167.048828125,27905.31097793579
2001-07-14 03:00:00,21988.0,21780.8828125,207.1171875,207.1171875,42897.529357910156
2001-07-14 04:00:00,21740.0,21711.69140625,28.30859375,28.30859375,801.3764801025391
2001-07-14 05:00:00,21911.0,21832.240234375,78.759765625,78.759765625,6203.100681304932
2001-07-14 06:00:00,22299.0,22164.44921875,134.55078125,134.55078125,18103.91273498535
2001-07-14 07:00:00,24095.0,23848.197265625,246.802734375,246.802734375,60911.58969497681
2001-07-14 08:00:00,26767.0,26716.91796875,50.08203125,50.08203125,2508.2098541259766
2001-07-14 09:00:00,28995.0,28748.275390625,246.724609375,246.724609375,60873.03287124634
2001-07-14 10:00:00,30477.0,30583.626953125,-106.626953125,106.626953125,11369.307132720947
2001-07-14 11:00:00,31227.0,31504.3125,-277.3125,277.3125,76902.22265625
2001-07-14 12:00:00,31573.0,31643.25,-70.25,70.25,4935.0625
2001-07-14 13:00:00,31531.0,31550.7265625,-19.7265625,19.7265625,389.13726806640625
2001-07-14 14:00:00,31500.0,31691.009765625,-191.009765625,191.009765625,36484.73056411743
2001-07-14 15:00:00,31580.0,31616.154296875,-36.154296875,36.154296875,1307.1331825256348
2001-07-14 16:00:00,31742.0,31600.951171875,141.048828125,141.048828125,19894.77191543579
2001-07-14 17:00:00,31871.0,31681.71484375,189.28515625,189.28515625,35828.870376586914
2001-07-14 18:00:00,31358.0,31096.6875,261.3125,261.3125,68284.22265625
2001-07-14 19:00:00,30548.0,30432.888671875,115.111328125,115.111328125,13250.617862701416
2001-07-14 20:00:00,30367.0,30529.525390625,-162.525390625,162.525390625,26414.502597808838
2001-07-14 21:00:00,30727.0,29810.9375,916.0625,916.0625,839170.50390625
2001-07-14 22:00:00,28948.0,28969.205078125,-21.205078125,21.205078125,449.6553382873535
2001-07-14 23:00:00,26751.0,26829.23828125,-78.23828125,78.23828125,6121.228652954102
2001-07-15 00:00:00,24498.0,24533.453125,-35.453125,35.453125,1256.924072265625
2001-07-15 01:00:00,23036.0,23025.701171875,10.298828125,10.298828125,106.06586074829102
2001-07-15 02:00:00,22005.0,22107.458984375,-102.458984375,102.458984375,10497.843479156494
2001-07-15 03:00:00,21308.0,21247.466796875,60.533203125,60.533203125,3664.2686805725098
2001-07-15 04:00:00,21066.0,21063.640625,2.359375,2.359375,5.566650390625
2001-07-15 05:00:00,20792.0,20844.380859375,-52.380859375,52.380859375,2743.7544288635254
2001-07-15 06:00:00,20931.0,20937.359375,-6.359375,6.359375,40.441650390625
2001-07-15 07:00:00,22445.0,22032.310546875,412.689453125,412.689453125,170312.58472061157
2001-07-15 08:00:00,24864.0,24427.029296875,436.970703125,436.970703125,190943.39538955688
2001-07-15 09:00:00,27002.0,26571.443359375,430.556640625,430.556640625,185379.0207862854
2001-07-15 10:00:00,28690.0,28773.646484375,-83.646484375,83.646484375,6996.734348297119
2001-07-15 11:00:00,30100.0,29745.19140625,354.80859375,354.80859375,125889.13819885254
2001-07-15 12:00:00,31066.0,31083.517578125,-17.517578125,17.517578125,306.8655433654785
2001-07-15 13:00:00,31611.0,31512.234375,98.765625,98.765625,9754.648681640625
2001-07-15 14:00:00,32081.0,31938.83984375,142.16015625,142.16015625,20209.510025024414
2001-07-15 15:00:00,32732.0,32521.802734375,210.197265625,210.197265625,44182.89047622681
2001-07-15 16:00:00,33395.0,33291.8828125,103.1171875,103.1171875,10633.154357910156
2001-07-15 17:00:00,33743.0,33598.00390625,144.99609375,144.99609375,21023.86720275879
2001-07-15 18:00:00,33393.0,33544.26171875,-151.26171875,151.26171875,22880.1075592041
2001-07-15 19:00:00,32711.0,32873.4609375,-162.4609375,162.4609375,26393.556213378906
2001-07-15 20:00:00,32789.0,32865.71875,-76.71875,76.71875,5885.7666015625
2001-07-15 21:00:00,33342.0,32576.74609375,765.25390625,765.25390625,585613.5410308838
2001-07-15 22:00:00,31504.0,31856.65625,-352.65625,352.65625,124366.4306640625
2001-07-15 23:00:00,28724.0,29330.005859375,-606.005859375,606.005859375,367243.1015968323
2001-07-16 00:00:00,26394.0,26630.333984375,-236.333984375,236.333984375,55853.752170562744
2001-07-16 01:00:00,24940.0,24898.791015625,41.208984375,41.208984375,1698.1803932189941
2001-07-16 02:00:00,24095.0,24128.5703125,-33.5703125,33.5703125,1126.9658813476562
2001-07-16 03:00:00,23600.0,23700.70703125,-100.70703125,100.70703125,10141.906143188477
2001-07-16 04:00:00,23804.0,23813.66796875,-9.66796875,9.66796875,93.46961975097656
2001-07-16 05:00:00,24996.0,24851.3515625,144.6484375,144.6484375,20923.170471191406
2001-07-16 06:00:00,27109.0,27511.845703125,-402.845703125,402.845703125,162284.66052627563
2001-07-16 07:00:00,30638.0,30236.306640625,401.693359375,401.693359375,161357.5549659729
2001-07-16 08:00:00,33634.0,33476.00390625,157.99609375,157.99609375,24962.76564025879
2001-07-16 09:00:00,35965.0,35482.33984375,482.66015625,482.66015625,232960.8264312744
2001-07-16 10:00:00,38073.0,38341.4765625,-268.4765625,268.4765625,72079.6646118164
2001-07-16 11:00:00,39563.0,39154.03515625,408.96484375,408.96484375,167252.2434234619
2001-07-16 12:00:00,40660.0,40428.3984375,231.6015625,231.6015625,53639.283752441406
2001-07-16 13:00:00,41719.0,41378.48828125,340.51171875,340.51171875,115948.2306060791
2001-07-16 14:00:00,42369.0,41912.15234375,456.84765625,456.84765625,208709.78102111816
2001-07-16 15:00:00,42689.0,42564.63671875,124.36328125,124.36328125,15466.225723266602
2001-07-16 16:00:00,42773.0,42836.328125,-63.328125,63.328125,4010.451416015625
2001-07-16 17:00:00,42423.0,42247.8203125,175.1796875,175.1796875,30687.922912597656
2001-07-16 18:00:00,41486.0,41129.75390625,356.24609375,356.24609375,126911.27931213379
2001-07-16 19:00:00,40210.0,40023.265625,186.734375,186.734375,34869.726806640625
2001-07-16 20:00:00,39790.0,39573.02734375,216.97265625,216.97265625,47077.133560180664
2001-07-16 21:00:00,39480.0,39335.984375,144.015625,144.015625,20740.500244140625
2001-07-16 22:00:00,36432.0,36751.8125,-319.8125,319.8125,102280.03515625
2001-07-16 23:00:00,32989.0,32937.8828125,51.1171875,51.1171875,2612.9668579101562
2001-07-17 00:00:00,30270.0,29978.8828125,291.1171875,291.1171875,84749.21685791016
2001-07-17 01:00:00,28489.0,28314.859375,174.140625,174.140625,30324.957275390625
2001-07-17 02:00:00,27302.0,27232.94921875,69.05078125,69.05078125,4768.010391235352
2001-07-17 03:00:00,26594.0,26585.400390625,8.599609375,8.599609375,73.95328140258789
2001-07-17 04:00:00,26656.0,26425.2578125,230.7421875,230.7421875,53241.957092285156
2001-07-17 05:00:00,28002.0,28063.5859375,-61.5859375,61.5859375,3792.8276977539062
2001-07-17 06:00:00,30259.0,30918.1484375,-659.1484375,659.1484375,434476.6626586914
2001-07-17 07:00:00,33475.0,33177.03125,297.96875,297.96875,88785.3759765625
2001-07-17 08:00:00,36170.0,36192.22265625,-22.22265625,22.22265625,493.84645080566406
2001-07-17 09:00:00,38365.0,38368.8125,-3.8125,3.8125,14.53515625
2001-07-17 10:00:00,40548.0,40539.8515625,8.1484375,8.1484375,66.39703369140625
2001-07-17 11:00:00,42652.0,42207.5390625,444.4609375,444.4609375,197545.5249633789
2001-07-17 12:00:00,43931.0,43681.65625,249.34375,249.34375,62172.3056640625
2001-07-17 13:00:00,45032.0,44630.42578125,401.57421875,401.57421875,161261.85316467285
2001-07-17 14:00:00,45986.0,46040.11328125,-54.11328125,54.11328125,2928.2472076416016
2001-07-17 15:00:00,46552.0,47238.26953125,-686.26953125,686.26953125,470965.8695220947
2001-07-17 16:00:00,46845.0,46958.4921875,-113.4921875,113.4921875,12880.476623535156
2001-07-17 17:00:00,46442.0,46515.87890625,-73.87890625,73.87890625,5458.092788696289
2001-07-17 18:00:00,45230.0,45347.59375,-117.59375,117.59375,13828.2900390625
2001-07-17 19:00:00,43566.0,43855.8359375,-289.8359375,289.8359375,84004.8706665039
2001-07-17 20:00:00,42983.0,43333.8828125,-350.8828125,350.8828125,123118.74810791016
2001-07-17 21:00:00,41884.0,42275.1484375,-391.1484375,391.1484375,152997.1001586914
2001-07-17 22:00:00,38308.0,38979.96484375,-671.96484375,671.96484375,451536.7512359619
2001-07-17 23:00:00,34642.0,34942.77734375,-300.77734375,300.77734375,90467.01051330566
2001-07-18 00:00:00,31607.0,31624.193359375,-17.193359375,17.193359375,295.6116065979004
2001-07-18 01:00:00,29735.0,29682.17578125,52.82421875,52.82421875,2790.3980865478516
2001-07-18 02:00:00,28289.0,28262.89453125,26.10546875,26.10546875,681.4954986572266
2001-07-18 03:00:00,27532.0,27358.548828125,173.451171875,173.451171875,30085.30902481079
2001-07-18 04:00:00,27496.0,27486.146484375,9.853515625,9.853515625,97.09177017211914
2001-07-18 05:00:00,28774.0,28712.56640625,61.43359375,61.43359375,3774.086441040039
2001-07-18 06:00:00,31071.0,30993.26953125,77.73046875,77.73046875,6042.025772094727
2001-07-18 07:00:00,33813.0,34001.3125,-188.3125,188.3125,35461.59765625
2001-07-18 08:00:00,35922.0,36366.3359375,-444.3359375,444.3359375,197434.4253540039
2001-07-18 09:00:00,36820.0,37601.36328125,-781.36328125,781.36328125,610528.5772857666
2001-07-18 10:00:00,38049.0,38752.41796875,-703.41796875,703.41796875,494796.838760376
2001-07-18 11:00:00,38872.0,38938.2421875,-66.2421875,66.2421875,4388.027404785156
2001-07-18 12:00:00,39291.0,39998.30078125,-707.30078125,707.30078125,500274.39515686035
2001-07-18 13:00:00,39808.0,39915.16015625,-107.16015625,107.16015625,11483.299087524414
2001-07-18 14:00:00,40256.0,40340.48828125,-84.48828125,84.48828125,7138.269668579102
2001-07-18 15:00:00,40497.0,40538.171875,-41.171875,41.171875,1695.123291015625
2001-07-18 16:00:00,40619.0,40733.0546875,-114.0546875,114.0546875,13008.471740722656
2001-07-18 17:00:00,40387.0,40203.203125,183.796875,183.796875,33781.291259765625
2001-07-18 18:00:00,39316.0,39145.80078125,170.19921875,170.19921875,28967.77406311035
2001-07-18 19:00:00,37892.0,38085.28125,-193.28125,193.28125,37357.6416015625
2001-07-18 20:00:00,37566.0,37111.3125,454.6875,454.6875,206740.72265625
2001-07-18 21:00:00,37290.0,36596.1640625,693.8359375,693.8359375,481408.3081665039
2001-07-18 22:00:00,34659.0,34408.95703125,250.04296875,250.04296875,62521.48622131348
2001-07-18 23:00:00,31462.0,31326.38671875,135.61328125,135.61328125,18390.9620513916
2001-07-19 00:00:00,28801.0,28873.29296875,-72.29296875,72.29296875,5226.273330688477
2001-07-19 01:00:00,27073.0,27104.84375,-31.84375,31.84375,1014.0244140625
2001-07-19 02:00:00,26061.0,26122.751953125,-61.751953125,61.751953125,3813.3037147521973
2001-07-19 03:00:00,25447.0,25624.107421875,-177.107421875,177.107421875,31367.03888320923
2001-07-19 04:00:00,25560.0,25340.9609375,219.0390625,219.0390625,47978.110900878906
2001-07-19 05:00:00,26923.0,26485.2734375,437.7265625,437.7265625,191604.5435180664
2001-07-19 06:00:00,29167.0,29676.4375,-509.4375,509.4375,259526.56640625
2001-07-19 07:00:00,32011.0,31992.421875,18.578125,18.578125,345.146728515625
2001-07-19 08:00:00,34023.0,34290.03515625,-267.03515625,267.03515625,71307.77467346191
2001-07-19 09:00:00,35188.0,36021.1796875,-833.1796875,833.1796875,694188.3916625977
2001-07-19 10:00:00,36551.0,36063.82421875,487.17578125,487.17578125,237340.24183654785
2001-07-19 11:00:00,37441.0,37710.2421875,-269.2421875,269.2421875,72491.35552978516
2001-07-19 12:00:00,38102.0,38145.6953125,-43.6953125,43.6953125,1909.2803344726562
2001-07-19 13:00:00,38813.0,38720.078125,92.921875,92.921875,8634.474853515625
2001-07-19 14:00:00,39288.0,39269.84765625,18.15234375,18.15234375,329.50758361816406
2001-07-19 15:00:00,39789.0,39433.515625,355.484375,355.484375,126369.14086914062
2001-07-19 16:00:00,39960.0,40016.1328125,-56.1328125,56.1328125,3150.8926391601562
2001-07-19 17:00:00,39690.0,39552.92578125,137.07421875,137.07421875,18789.34144592285
2001-07-19 18:00:00,38421.0,38547.171875,-126.171875,126.171875,15919.342041015625
2001-07-19 19:00:00,36738.0,36973.91015625,-235.91015625,235.91015625,55653.601821899414
2001-07-19 20:00:00,36209.0,36247.76171875,-38.76171875,38.76171875,1502.4708404541016
2001-07-19 21:00:00,35986.0,35330.3828125,655.6171875,655.6171875,429833.89654541016
2001-07-19 22:00:00,33280.0,33049.81640625,230.18359375,230.18359375,52984.48683166504
2001-07-19 23:00:00,30351.0,30408.349609375,-57.349609375,57.349609375,3288.977695465088
2001-07-20 00:00:00,27461.0,27982.01953125,-521.01953125,521.01953125,271461.3519439697
2001-07-20 01:00:00,25807.0,25430.1015625,376.8984375,376.8984375,142052.4321899414
2001-07-20 02:00:00,24642.0,24819.115234375,-177.115234375,177.115234375,31369.80624771118
2001-07-20 03:00:00,24072.0,24084.490234375,-12.490234375,12.490234375,156.00595474243164
2001-07-20 04:00:00,24075.0,24110.22265625,-35.22265625,35.22265625,1240.635513305664
2001-07-20 05:00:00,25286.0,25208.822265625,77.177734375,77.177734375,5956.402683258057
2001-07-20 06:00:00,27259.0,27926.337890625,-667.337890625,667.337890625,445339.86026382446
2001-07-20 07:00:00,30418.0,30148.806640625,269.193359375,269.193359375,72465.0647315979
2001-07-20 08:00:00,32686.0,33122.125,-436.125,436.125,190205.015625
2001-07-20 09:00:00,34478.0,34580.07421875,-102.07421875,102.07421875,10419.146133422852
2001-07-20 10:00:00,36329.0,36112.55078125,216.44921875,216.44921875,46850.26429748535
2001-07-20 11:00:00,37210.0,37439.73828125,-229.73828125,229.73828125,52779.6778717041
2001-07-20 12:00:00,37759.0,37815.17578125,-56.17578125,56.17578125,3155.7183990478516
2001-07-20 13:00:00,38185.0,38417.63671875,-232.63671875,232.63671875,54119.8429107666
2001-07-20 14:00:00,38682.0,38549.390625,132.609375,132.609375,17585.246337890625
2001-07-20 15:00:00,38863.0,38829.046875,33.953125,33.953125,1152.814697265625
2001-07-20 16:00:00,39037.0,39048.28515625,-11.28515625,11.28515625,127.35475158691406
2001-07-20 17:00:00,38702.0,38443.37890625,258.62109375,258.62109375,66884.87013244629
2001-07-20 18:00:00,37500.0,37304.296875,195.703125,195.703125,38299.713134765625
2001-07-20 19:00:00,35872.0,35943.30078125,-71.30078125,71.30078125,5083.801406860352
2001-07-20 20:00:00,34697.0,35535.8359375,-838.8359375,838.8359375,703645.7300415039
2001-07-20 21:00:00,34348.0,33898.03515625,449.96484375,449.96484375,202468.3606109619
2001-07-20 22:00:00,31922.0,31845.28125,76.71875,76.71875,5885.7666015625
2001-07-20 23:00:00,28879.0,29108.103515625,-229.103515625,229.103515625,52488.42087173462
2001-07-21 00:00:00,26404.0,26236.890625,167.109375,167.109375,27925.543212890625
2001-07-21 01:00:00,24422.0,24740.3203125,-318.3203125,318.3203125,101327.82135009766
2001-07-21 02:00:00,23405.0,23405.912109375,-0.912109375,0.912109375,0.8319435119628906
2001-07-21 03:00:00,22635.0,22681.978515625,-46.978515625,46.978515625,2206.980930328369
2001-07-21 04:00:00,22323.0,22460.197265625,-137.197265625,137.197265625,18823.089694976807
2001-07-21 05:00:00,22404.0,22535.037109375,-131.037109375,131.037109375,17170.724033355713
2001-07-21 06:00:00,22674.0,23292.138671875,-618.138671875,618.138671875,382095.4176673889
2001-07-21 07:00:00,24646.0,24186.349609375,459.650390625,459.650390625,211278.4816017151
2001-07-21 08:00:00,27408.0,27250.64453125,157.35546875,157.35546875,24760.743545532227
2001-07-21 09:00:00,29966.0,29563.416015625,402.583984375,402.583984375,162073.86447525024
2001-07-21 10:00:00,31825.0,31912.33203125,-87.33203125,87.33203125,7626.883682250977
2001-07-21 11:00:00,33224.0,33240.51171875,-16.51171875,16.51171875,272.63685607910156
2001-07-21 12:00:00,33961.0,34135.33984375,-174.33984375,174.33984375,30394.381118774414
2001-07-21 13:00:00,34445.0,34347.6875,97.3125,97.3125,9469.72265625
2001-07-21 14:00:00,34978.0,34493.2109375,484.7890625,484.7890625,235020.4351196289
2001-07-21 15:00:00,35566.0,35715.53515625,-149.53515625,149.53515625,22360.762954711914
2001-07-21 16:00:00,36011.0,35873.0078125,137.9921875,137.9921875,19041.843811035156
2001-07-21 17:00:00,36088.0,35946.61328125,141.38671875,141.38671875,19990.2042388916
2001-07-21 18:00:00,35466.0,35489.0703125,-23.0703125,23.0703125,532.2393188476562
2001-07-21 19:00:00,34232.0,34664.05078125,-432.05078125,432.05078125,186667.87757873535
2001-07-21 20:00:00,33645.0,34273.8359375,-628.8359375,628.8359375,395434.6362915039
2001-07-21 21:00:00,33589.0,33397.6171875,191.3828125,191.3828125,36627.380920410156
2001-07-21 22:00:00,31510.0,32019.322265625,-509.322265625,509.322265625,259409.17026138306
2001-07-21 23:00:00,28860.0,29295.224609375,-435.224609375,435.224609375,189420.46060562134
2001-07-22 00:00:00,26328.0,26600.015625,-272.015625,272.015625,73992.50024414062
2001-07-22 01:00:00,24433.0,24685.77734375,-252.77734375,252.77734375,63896.385513305664
2001-07-22 02:00:00,23251.0,23304.5546875,-53.5546875,53.5546875,2868.1045532226562
2001-07-22 03:00:00,22566.0,22192.36328125,373.63671875,373.63671875,139604.3975982666
2001-07-22 04:00:00,22057.0,22181.091796875,-124.091796875,124.091796875,15398.77405166626
2001-07-22 05:00:00,22003.0,22010.703125,-7.703125,7.703125,59.338134765625
2001-07-22 06:00:00,21908.0,21990.24609375,-82.24609375,82.24609375,6764.419937133789
2001-07-22 07:00:00,23210.0,22854.74609375,355.25390625,355.25390625,126205.33790588379
2001-07-22 08:00:00,25858.0,25440.236328125,417.763671875,417.763671875,174526.48553848267
2001-07-22 09:00:00,28274.0,28034.44921875,239.55078125,239.55078125,57384.57679748535
2001-07-22 10:00:00,30462.0,30389.97265625,72.02734375,72.02734375,5187.938247680664
2001-07-22 11:00:00,32120.0,31928.0078125,191.9921875,191.9921875,36861.000061035156
2001-07-22 12:00:00,33129.0,33417.24609375,-288.24609375,288.24609375,83085.81056213379
2001-07-22 13:00:00,34190.0,33869.56640625,320.43359375,320.43359375,102677.68800354004
2001-07-22 14:00:00,35056.0,35003.39453125,52.60546875,52.60546875,2767.3353424072266
2001-07-22 15:00:00,35782.0,35859.8359375,-77.8359375,77.8359375,6058.433166503906
2001-07-22 16:00:00,36434.0,36308.46484375,125.53515625,125.53515625,15759.075454711914
2001-07-22 17:00:00,36752.0,36429.421875,322.578125,322.578125,104056.64672851562
2001-07-22 18:00:00,36268.0,36238.984375,29.015625,29.015625,841.906494140625
2001-07-22 19:00:00,35294.0,35339.74609375,-45.74609375,45.74609375,2092.705093383789
2001-07-22 20:00:00,34810.0,35276.19921875,-466.19921875,466.19921875,217341.71156311035
2001-07-22 21:00:00,35273.0,34552.97265625,720.02734375,720.02734375,518439.37574768066
2001-07-22 22:00:00,33241.0,33440.13671875,-199.13671875,199.13671875,39655.4327545166
2001-07-22 23:00:00,30638.0,30957.583984375,-319.583984375,319.583984375,102133.92306900024
2001-07-23 00:00:00,28206.0,28089.1328125,116.8671875,116.8671875,13657.939514160156
2001-07-23 01:00:00,26582.0,26783.474609375,-201.474609375,201.474609375,40592.01822280884
2001-07-23 02:00:00,25679.0,25635.708984375,43.291015625,43.291015625,1874.1120338439941
2001-07-23 03:00:00,25308.0,25043.126953125,264.873046875,264.873046875,70157.73096084595
2001-07-23 04:00:00,25354.0,25299.130859375,54.869140625,54.869140625,3010.6225929260254
2001-07-23 05:00:00,26669.0,27036.77734375,-367.77734375,367.77734375,135260.17457580566
2001-07-23 06:00:00,29020.0,29448.294921875,-428.294921875,428.294921875,183436.54010391235
2001-07-23 07:00:00,32396.0,31826.6171875,569.3828125,569.3828125,324196.78717041016
2001-07-23 08:00:00,35539.0,35186.4609375,352.5390625,352.5390625,124283.7905883789
2001-07-23 09:00:00,38242.0,37700.96484375,541.03515625,541.03515625,292719.0402984619
2001-07-23 10:00:00,40929.0,40296.75390625,632.24609375,632.24609375,399735.1230621338
2001-07-23 11:00:00,43170.0,42765.234375,404.765625,404.765625,163835.21118164062
2001-07-23 12:00:00,44712.0,44163.37109375,548.62890625,548.62890625,300993.6767730713
2001-07-23 13:00:00,46320.0,45686.2265625,633.7734375,633.7734375,401668.7700805664
2001-07-23 14:00:00,47067.0,46780.23046875,286.76953125,286.76953125,82236.76405334473
2001-07-23 15:00:00,47839.0,47148.89453125,690.10546875,690.10546875,476245.5579986572
2001-07-23 16:00:00,48428.0,47832.44140625,595.55859375,595.55859375,354690.03858947754
2001-07-23 17:00:00,48332.0,47912.80859375,419.19140625,419.19140625,175721.43507385254
2001-07-23 18:00:00,47327.0,46642.96875,684.03125,684.03125,467898.7509765625
2001-07-23 19:00:00,45700.0,45859.5078125,-159.5078125,159.5078125,25442.742248535156
2001-07-23 20:00:00,44738.0,44330.12109375,407.87890625,407.87890625,166365.2021636963
2001-07-23 21:00:00,44236.0,43708.68359375,527.31640625,527.31640625,278062.59230041504
2001-07-23 22:00:00,40789.0,41121.27734375,-332.27734375,332.27734375,110408.23316955566
2001-07-23 23:00:00,37011.0,36972.90625,38.09375,38.09375,1451.1337890625
2001-07-24 00:00:00,33898.0,33771.45703125,126.54296875,126.54296875,16013.122940063477
2001-07-24 01:00:00,31936.0,31667.9375,268.0625,268.0625,71857.50390625
2001-07-24 02:00:00,30660.0,30512.73828125,147.26171875,147.26171875,21686.0138092041
2001-07-24 03:00:00,29790.0,29888.49609375,-98.49609375,98.49609375,9701.480484008789
2001-07-24 04:00:00,29754.0,29304.892578125,449.107421875,449.107421875,201697.47638320923
2001-07-24 05:00:00,31027.0,30644.732421875,382.267578125,382.267578125,146128.50128555298
2001-07-24 06:00:00,33470.0,33320.97265625,149.02734375,149.02734375,22209.149185180664
2001-07-24 07:00:00,36828.0,36518.2734375,309.7265625,309.7265625,95930.5435180664
2001-07-24 08:00:00,39517.0,40159.97265625,-642.97265625,642.97265625,413413.83668518066
2001-07-24 09:00:00,41974.0,41625.109375,348.890625,348.890625,121724.66821289062
2001-07-24 10:00:00,44690.0,44483.3671875,206.6328125,206.6328125,42697.119201660156
2001-07-24 11:00:00,46912.0,46183.91796875,728.08203125,728.08203125,530103.444229126
2001-07-24 12:00:00,48486.0,47352.07421875,1133.92578125,1133.92578125,1285787.6773834229
2001-07-24 13:00:00,49564.0,48894.9140625,669.0859375,669.0859375,447675.9917602539
2001-07-24 14:00:00,50410.0,49128.53515625,1281.46484375,1281.46484375,1642152.145767212
2001-07-24 15:00:00,51104.0,49453.7734375,1650.2265625,1650.2265625,2723247.7075805664
2001-07-24 16:00:00,51550.0,49346.38671875,2203.61328125,2203.61328125,4855911.493301392
2001-07-24 17:00:00,51508.0,48789.56640625,2718.43359375,2718.43359375,7389881.20362854
2001-07-24 18:00:00,50482.0,47775.93359375,2706.06640625,2706.06640625,7322795.39503479
2001-07-24 19:00:00,49002.0,46395.3125,2606.6875,2606.6875,6794819.72265625
2001-07-24 20:00:00,48570.0,47764.73046875,805.26953125,805.26953125,648459.0179595947
2001-07-24 21:00:00,47952.0,48004.93359375,-52.93359375,52.93359375,2801.965347290039
2001-07-24 22:00:00,44315.0,45706.61328125,-1391.61328125,1391.61328125,1936587.5245513916
2001-07-24 23:00:00,40438.0,40012.29296875,425.70703125,425.70703125,181226.47645568848
2001-07-25 00:00:00,37386.0,37545.4765625,-159.4765625,159.4765625,25432.773986816406
2001-07-25 01:00:00,35120.0,34303.71875,816.28125,816.28125,666315.0791015625
2001-07-25 02:00:00,34081.0,32989.5390625,1091.4609375,1091.4609375,1191286.978088379
2001-07-25 03:00:00,33230.0,32766.361328125,463.638671875,463.638671875,214960.81805801392
2001-07-25 04:00:00,33230.0,33226.67578125,3.32421875,3.32421875,11.050430297851562
2001-07-25 05:00:00,34212.0,34290.72265625,-78.72265625,78.72265625,6197.256607055664
2001-07-25 06:00:00,36335.0,36847.609375,-512.609375,512.609375,262768.3713378906
2001-07-25 07:00:00,39759.0,39315.8125,443.1875,443.1875,196415.16015625
2001-07-25 08:00:00,42732.0,42115.26171875,616.73828125,616.73828125,380366.1075592041
2001-07-25 09:00:00,45413.0,44327.81640625,1085.18359375,1085.18359375,1177623.432144165
2001-07-25 10:00:00,47775.0,46361.33203125,1413.66796875,1413.66796875,1998457.125869751
2001-07-25 11:00:00,49761.0,50014.05078125,-253.05078125,253.05078125,64034.69789123535
2001-07-25 12:00:00,50807.0,50246.83984375,560.16015625,560.16015625,313779.4006500244
2001-07-25 13:00:00,51686.0,50571.140625,1114.859375,1114.859375,1242911.4260253906
2001-07-25 14:00:00,52132.0,50623.46875,1508.53125,1508.53125,2275666.5322265625
2001-07-25 15:00:00,51959.0,49764.3125,2194.6875,2194.6875,4816653.22265625
2001-07-25 16:00:00,52024.0,49484.73828125,2539.26171875,2539.26171875,6447850.076309204
2001-07-25 17:00:00,51477.0,49182.6484375,2294.3515625,2294.3515625,5264049.092346191
2001-07-25 18:00:00,50398.0,49112.109375,1285.890625,1285.890625,1653514.6994628906
2001-07-25 19:00:00,48930.0,48993.109375,-63.109375,63.109375,3982.793212890625
2001-07-25 20:00:00,48362.0,48349.0390625,12.9609375,12.9609375,167.98590087890625
2001-07-25 21:00:00,47017.0,48062.08984375,-1045.08984375,1045.08984375,1092212.7815093994
2001-07-25 22:00:00,43487.0,43409.83203125,77.16796875,77.16796875,5954.895401000977
2001-07-25 23:00:00,39599.0,40350.8125,-751.8125,751.8125,565222.03515625
2001-07-26 00:00:00,36472.0,36232.75390625,239.24609375,239.24609375,57238.69337463379
2001-07-26 01:00:00,34674.0,34081.52734375,592.47265625,592.47265625,351023.84840393066
2001-07-26 02:00:00,33251.0,32962.84375,288.15625,288.15625,83034.0244140625
2001-07-26 03:00:00,32287.0,32499.806640625,-212.806640625,212.806640625,45286.6662940979
2001-07-26 04:00:00,32192.0,32132.416015625,59.583984375,59.583984375,3550.251194000244
2001-07-26 05:00:00,33286.0,32639.806640625,646.193359375,646.193359375,417565.8577003479
2001-07-26 06:00:00,35488.0,35710.20703125,-222.20703125,222.20703125,49375.96473693848
2001-07-26 07:00:00,38241.0,38220.65234375,20.34765625,20.34765625,414.02711486816406
2001-07-26 08:00:00,40295.0,40657.3203125,-362.3203125,362.3203125,131276.00885009766
2001-07-26 09:00:00,41562.0,42105.76171875,-543.76171875,543.76171875,295676.8067779541
2001-07-26 10:00:00,42376.0,42944.29296875,-568.29296875,568.29296875,322956.8983306885
2001-07-26 11:00:00,42624.0,43583.48046875,-959.48046875,959.48046875,920602.7699127197
2001-07-26 12:00:00,42584.0,43108.23828125,-524.23828125,524.23828125,274825.7755279541
2001-07-26 13:00:00,42285.0,42908.96484375,-623.96484375,623.96484375,389332.1262359619
2001-07-26 14:00:00,41695.0,42951.6328125,-1256.6328125,1256.6328125,1579126.0254516602
2001-07-26 15:00:00,40597.0,41751.35546875,-1154.35546875,1154.35546875,1332536.5482330322
2001-07-26 16:00:00,39887.0,40594.765625,-707.765625,707.765625,500932.1799316406
2001-07-26 17:00:00,39006.0,39759.72265625,-753.72265625,753.72265625,568097.8425445557
2001-07-26 18:00:00,37808.0,38226.23046875,-418.23046875,418.23046875,174916.72499084473
2001-07-26 19:00:00,36404.0,36860.7578125,-456.7578125,456.7578125,208627.69927978516
2001-07-26 20:00:00,36157.0,35501.53515625,655.46484375,655.46484375,429634.1613922119
2001-07-26 21:00:00,36129.0,35020.73046875,1108.26953125,1108.26953125,1228261.3538970947
2001-07-26 22:00:00,34289.0,33670.34375,618.65625,618.65625,382735.5556640625
2001-07-26 23:00:00,32440.0,31628.66015625,811.33984375,811.33984375,658272.3420562744
2001-07-27 00:00:00,30611.0,29863.2890625,747.7109375,747.7109375,559071.6460571289
2001-07-27 01:00:00,26213.0,28932.0703125,-2719.0703125,2719.0703125,7393343.364318848
2001-07-27 02:00:00,24980.0,25599.490234375,-619.490234375,619.490234375,383768.15048599243
2001-07-27 03:00:00,24139.0,24936.31640625,-797.31640625,797.31640625,635713.451675415
2001-07-27 04:00:00,24217.0,24513.853515625,-296.853515625,296.853515625,88122.00973892212
2001-07-27 05:00:00,25080.0,25309.21484375,-229.21484375,229.21484375,52539.444595336914
2001-07-27 06:00:00,26963.0,27430.439453125,-467.439453125,467.439453125,218499.64233779907
2001-07-27 07:00:00,29602.0,29286.904296875,315.095703125,315.095703125,99285.30212783813
2001-07-27 08:00:00,31805.0,31577.5625,227.4375,227.4375,51727.81640625
2001-07-27 09:00:00,33207.0,33534.515625,-327.515625,327.515625,107266.48461914062
2001-07-27 10:00:00,34375.0,34384.55859375,-9.55859375,9.55859375,91.36671447753906
2001-07-27 11:00:00,35029.0,34980.109375,48.890625,48.890625,2390.293212890625
2001-07-27 12:00:00,35422.0,35552.74609375,-130.74609375,130.74609375,17094.54103088379
2001-07-27 13:00:00,35776.0,35755.53515625,20.46484375,20.46484375,418.80982971191406
2001-07-27 14:00:00,36064.0,35804.14453125,259.85546875,259.85546875,67524.86463928223
2001-07-27 15:00:00,36149.0,36369.9140625,-220.9140625,220.9140625,48803.023010253906
2001-07-27 16:00:00,36323.0,36149.17578125,173.82421875,173.82421875,30214.85902404785
2001-07-27 17:00:00,35897.0,35858.6328125,38.3671875,38.3671875,1472.0410766601562
2001-07-27 18:00:00,34552.0,34466.47265625,85.52734375,85.52734375,7314.926528930664
2001-07-27 19:00:00,32860.0,33408.125,-548.125,548.125,300441.015625
2001-07-27 20:00:00,32567.0,32208.798828125,358.201171875,358.201171875,128308.07953262329
2001-07-27 21:00:00,32347.0,32107.55078125,239.44921875,239.44921875,57335.92835998535
2001-07-27 22:00:00,30010.0,30736.181640625,-726.181640625,726.181640625,527339.7751808167
2001-07-27 23:00:00,27428.0,27859.67578125,-431.67578125,431.67578125,186343.98011779785
2001-07-28 00:00:00,25145.0,24822.51953125,322.48046875,322.48046875,103993.65272521973
2001-07-28 01:00:00,23559.0,23407.6328125,151.3671875,151.3671875,22912.025451660156
2001-07-28 02:00:00,22564.0,22673.978515625,-109.978515625,109.978515625,12095.27389907837
2001-07-28 03:00:00,21894.0,21913.1328125,-19.1328125,19.1328125,366.06451416015625
2001-07-28 04:00:00,21752.0,21511.931640625,240.068359375,240.068359375,57632.81717300415
2001-07-28 05:00:00,21968.0,21943.322265625,24.677734375,24.677734375,608.9905738830566
2001-07-28 06:00:00,22517.0,22551.166015625,-34.166015625,34.166015625,1167.3166236877441
2001-07-28 07:00:00,23868.0,24183.603515625,-315.603515625,315.603515625,99605.57907485962
2001-07-28 08:00:00,26437.0,26369.671875,67.328125,67.328125,4533.076416015625
2001-07-28 09:00:00,28654.0,28706.875,-52.875,52.875,2795.765625
2001-07-28 10:00:00,30260.0,30147.44921875,112.55078125,112.55078125,12667.678359985352
2001-07-28 11:00:00,31210.0,31259.130859375,-49.130859375,49.130859375,2413.8413429260254
2001-07-28 12:00:00,31452.0,31889.09375,-437.09375,437.09375,191050.9462890625
2001-07-28 13:00:00,31572.0,31544.958984375,27.041015625,27.041015625,731.2165260314941
2001-07-28 14:00:00,31568.0,31720.171875,-152.171875,152.171875,23156.279541015625
2001-07-28 15:00:00,31513.0,31600.0703125,-87.0703125,87.0703125,7581.239318847656
2001-07-28 16:00:00,31712.0,31593.7734375,118.2265625,118.2265625,13977.520080566406
2001-07-28 17:00:00,31707.0,31802.498046875,-95.498046875,95.498046875,9119.876956939697
2001-07-28 18:00:00,31106.0,30945.029296875,160.970703125,160.970703125,25911.567264556885
2001-07-28 19:00:00,30081.0,30434.6015625,-353.6015625,353.6015625,125034.0650024414
2001-07-28 20:00:00,30223.0,30057.77734375,165.22265625,165.22265625,27298.526138305664
2001-07-28 21:00:00,30345.0,30040.716796875,304.283203125,304.283203125,92588.26770401001
2001-07-28 22:00:00,28593.0,28788.529296875,-195.529296875,195.529296875,38231.705936431885
2001-07-28 23:00:00,26417.0,26534.984375,-117.984375,117.984375,13920.312744140625
2001-07-29 00:00:00,24553.0,24205.05859375,347.94140625,347.94140625,121063.22218322754
2001-07-29 01:00:00,23075.0,23042.33203125,32.66796875,32.66796875,1067.1961822509766
2001-07-29 02:00:00,22144.0,22110.361328125,33.638671875,33.638671875,1131.560245513916
2001-07-29 03:00:00,21612.0,21275.2890625,336.7109375,336.7109375,113374.2554321289
2001-07-29 04:00:00,21319.0,21158.623046875,160.376953125,160.376953125,25720.767093658447
2001-07-29 05:00:00,21445.0,21644.673828125,-199.673828125,199.673828125,39869.63763809204
2001-07-29 06:00:00,21429.0,21302.5859375,126.4140625,126.4140625,15980.515197753906
2001-07-29 07:00:00,22326.0,22961.060546875,-635.060546875,635.060546875,403301.8981971741
2001-07-29 08:00:00,24110.0,24206.900390625,-96.900390625,96.900390625,9389.685703277588
2001-07-29 09:00:00,25848.0,26079.822265625,-231.822265625,231.822265625,53741.56283950806
2001-07-29 10:00:00,27200.0,27664.04296875,-464.04296875,464.04296875,215335.87684631348
2001-07-29 11:00:00,28011.0,28005.400390625,5.599609375,5.599609375,31.35562515258789
2001-07-29 12:00:00,28359.0,28576.525390625,-217.525390625,217.525390625,47317.29556655884
2001-07-29 13:00:00,28416.0,28522.763671875,-106.763671875,106.763671875,11398.481632232666
2001-07-29 14:00:00,28239.0,28470.58984375,-231.58984375,231.58984375,53633.855728149414
2001-07-29 15:00:00,28048.0,28344.748046875,-296.748046875,296.748046875,88059.4033241272
2001-07-29 16:00:00,28080.0,28492.75,-412.75,412.75,170362.5625
2001-07-29 17:00:00,28263.0,28533.123046875,-270.123046875,270.123046875,72966.46045303345
2001-07-29 18:00:00,28044.0,28435.572265625,-391.572265625,391.572265625,153328.83920669556
2001-07-29 19:00:00,27954.0,28049.623046875,-95.623046875,95.623046875,9143.767093658447
2001-07-29 20:00:00,28830.0,28422.73046875,407.26953125,407.26953125,165868.47108459473
2001-07-29 21:00:00,28925.0,28669.37890625,255.62109375,255.62109375,65342.14356994629
2001-07-29 22:00:00,27311.0,27388.216796875,-77.216796875,77.216796875,5962.43371963501
2001-07-29 23:00:00,25419.0,25376.78515625,42.21484375,42.21484375,1782.093032836914
2001-07-30 00:00:00,23842.0,23521.732421875,320.267578125,320.267578125,102571.32159805298
2001-07-30 01:00:00,22712.0,22697.572265625,14.427734375,14.427734375,208.15951919555664
2001-07-30 02:00:00,22237.0,22198.140625,38.859375,38.859375,1510.051025390625
2001-07-30 03:00:00,22074.0,22098.72265625,-24.72265625,24.72265625,611.2097320556641
2001-07-30 04:00:00,22584.0,22387.919921875,196.080078125,196.080078125,38447.3970375061
2001-07-30 05:00:00,24029.0,23999.826171875,29.173828125,29.173828125,851.112247467041
2001-07-30 06:00:00,26408.0,26798.376953125,-390.376953125,390.376953125,152394.16553115845
2001-07-30 07:00:00,29319.0,29201.203125,117.796875,117.796875,13876.103759765625
2001-07-30 08:00:00,31694.0,31327.935546875,366.064453125,366.064453125,134003.18384170532
2001-07-30 09:00:00,33341.0,33097.56640625,243.43359375,243.43359375,59259.91456604004
2001-07-30 10:00:00,34557.0,35271.25390625,-714.25390625,714.25390625,510158.6425933838
2001-07-30 11:00:00,35385.0,35407.20703125,-22.20703125,22.20703125,493.15223693847656
2001-07-30 12:00:00,35727.0,35903.12109375,-176.12109375,176.12109375,31018.63966369629
2001-07-30 13:00:00,36077.0,36120.8046875,-43.8046875,43.8046875,1918.8506469726562
2001-07-30 14:00:00,36273.0,36548.23046875,-275.23046875,275.23046875,75751.81092834473
2001-07-30 15:00:00,36185.0,36423.109375,-238.109375,238.109375,56696.074462890625
2001-07-30 16:00:00,36220.0,36164.203125,55.796875,55.796875,3113.291259765625
2001-07-30 17:00:00,35856.0,36094.85546875,-238.85546875,238.85546875,57051.93495178223
2001-07-30 18:00:00,35045.0,35076.0703125,-31.0703125,31.0703125,965.3643188476562
2001-07-30 19:00:00,33848.0,34354.51171875,-506.51171875,506.51171875,256554.1212310791
2001-07-30 20:00:00,33908.0,33925.16015625,-17.16015625,17.16015625,294.47096252441406
2001-07-30 21:00:00,33878.0,33110.35546875,767.64453125,767.64453125,589278.1263580322
2001-07-30 22:00:00,31239.0,31294.98046875,-55.98046875,55.98046875,3133.8128814697266
2001-07-30 23:00:00,28369.0,28174.482421875,194.517578125,194.517578125,37837.08819961548
2001-07-31 00:00:00,25903.0,25742.025390625,160.974609375,160.974609375,25912.824863433838
2001-07-31 01:00:00,24342.0,24253.45703125,88.54296875,88.54296875,7839.857315063477
2001-07-31 02:00:00,23591.0,23482.986328125,108.013671875,108.013671875,11666.953311920166
2001-07-31 03:00:00,23083.0,23151.044921875,-68.044921875,68.044921875,4630.1113929748535
2001-07-31 04:00:00,23362.0,23240.732421875,121.267578125,121.267578125,14705.825504302979
2001-07-31 05:00:00,24760.0,24500.65625,259.34375,259.34375,67259.1806640625
2001-07-31 06:00:00,26941.0,27151.318359375,-210.318359375,210.318359375,44233.81229019165
2001-07-31 07:00:00,29812.0,29820.4296875,-8.4296875,8.4296875,71.05963134765625
2001-07-31 08:00:00,32109.0,32019.67578125,89.32421875,89.32421875,7978.816055297852
2001-07-31 09:00:00,33833.0,33610.41015625,222.58984375,222.58984375,49546.238540649414
2001-07-31 10:00:00,35239.0,35323.828125,-84.828125,84.828125,7195.810791015625
2001-07-31 11:00:00,36574.0,36388.0703125,185.9296875,185.9296875,34569.848693847656
2001-07-31 12:00:00,37275.0,37382.42578125,-107.42578125,107.42578125,11540.298477172852
2001-07-31 13:00:00,38216.0,38117.25,98.75,98.75,9751.5625
2001-07-31 14:00:00,38723.0,38595.86328125,127.13671875,127.13671875,16163.745254516602
2001-07-31 15:00:00,39211.0,39024.06640625,186.93359375,186.93359375,34944.16847229004
2001-07-31 16:00:00,39486.0,39507.29296875,-21.29296875,21.29296875,453.39051818847656
2001-07-31 17:00:00,39273.0,39149.2109375,123.7890625,123.7890625,15323.731994628906
2001-07-31 18:00:00,38116.0,38191.14453125,-75.14453125,75.14453125,5646.700576782227
2001-07-31 19:00:00,36536.0,36841.09375,-305.09375,305.09375,93082.1962890625
2001-07-31 20:00:00,36210.0,36031.53515625,178.46484375,178.46484375,31849.700454711914
2001-07-31 21:00:00,35701.0,35946.55078125,-245.55078125,245.55078125,60295.18617248535
2001-07-31 22:00:00,32842.0,32739.3046875,102.6953125,102.6953125,10546.327209472656
2001-07-31 23:00:00,29553.0,29847.701171875,-294.701171875,294.701171875,86848.78070449829
2001-08-01 00:00:00,26928.0,26893.873046875,34.126953125,34.126953125,1164.6489295959473
2001-08-01 01:00:00,25303.0,25278.548828125,24.451171875,24.451171875,597.859806060791
2001-08-01 02:00:00,24293.0,24328.0546875,-35.0546875,35.0546875,1228.8311157226562
2001-08-01 03:00:00,23789.0,23946.572265625,-157.572265625,157.572265625,24829.018894195557
2001-08-01 04:00:00,24002.0,23919.21875,82.78125,82.78125,6852.7353515625
2001-08-01 05:00:00,25209.0,25371.947265625,-162.947265625,162.947265625,26551.811374664307
2001-08-01 06:00:00,27414.0,27629.33984375,-215.33984375,215.33984375,46371.248306274414
2001-08-01 07:00:00,30366.0,30472.98828125,-106.98828125,106.98828125,11446.492324829102
2001-08-01 08:00:00,33161.0,32926.3125,234.6875,234.6875,55078.22265625
2001-08-01 09:00:00,35346.0,34831.8046875,514.1953125,514.1953125,264396.81939697266
2001-08-01 10:00:00,37121.0,37074.2421875,46.7578125,46.7578125,2186.2930297851562
2001-08-01 11:00:00,39268.0,38403.23828125,864.76171875,864.76171875,747812.8302154541
2001-08-01 12:00:00,40325.0,40227.12109375,97.87890625,97.87890625,9580.280288696289
2001-08-01 13:00:00,41589.0,41004.52734375,584.47265625,584.47265625,341608.28590393066
2001-08-01 14:00:00,42385.0,42019.01953125,365.98046875,365.98046875,133941.70350646973
2001-08-01 15:00:00,42848.0,42892.5546875,-44.5546875,44.5546875,1985.1201782226562
2001-08-01 16:00:00,43358.0,43509.25390625,-151.25390625,151.25390625,22877.74415588379
2001-08-01 17:00:00,43391.0,42789.31640625,601.68359375,601.68359375,362023.14698791504
2001-08-01 18:00:00,42312.0,41899.44921875,412.55078125,412.55078125,170198.14710998535
2001-08-01 19:00:00,40609.0,41001.0390625,-392.0390625,392.0390625,153694.6265258789
2001-08-01 20:00:00,40072.0,40066.31640625,5.68359375,5.68359375,32.30323791503906
2001-08-01 21:00:00,39171.0,39353.94921875,-182.94921875,182.94921875,33470.41664123535
2001-08-01 22:00:00,35878.0,36491.49609375,-613.49609375,613.49609375,376377.4570465088
2001-08-01 23:00:00,32497.0,32624.5,-127.5,127.5,16256.25
2001-08-02 00:00:00,29115.0,29713.458984375,-598.458984375,598.458984375,358153.1559791565
2001-08-02 01:00:00,27367.0,27381.56640625,-14.56640625,14.56640625,212.18019104003906
2001-08-02 02:00:00,26103.0,26098.828125,4.171875,4.171875,17.404541015625
2001-08-02 03:00:00,25356.0,25293.40625,62.59375,62.59375,3917.9775390625
2001-08-02 04:00:00,25492.0,25278.2578125,213.7421875,213.7421875,45685.722717285156
2001-08-02 05:00:00,26579.0,26890.8125,-311.8125,311.8125,97227.03515625
2001-08-02 06:00:00,28541.0,29374.658203125,-833.658203125,833.658203125,694985.9996376038
2001-08-02 07:00:00,31570.0,31352.263671875,217.736328125,217.736328125,47409.108585357666
2001-08-02 08:00:00,34344.0,34206.59375,137.40625,137.40625,18880.4775390625
2001-08-02 09:00:00,36879.0,36439.12109375,439.87890625,439.87890625,193493.4521636963
2001-08-02 10:00:00,39060.0,39034.72265625,25.27734375,25.27734375,638.9441070556641
2001-08-02 11:00:00,40891.0,40768.36328125,122.63671875,122.63671875,15039.764785766602
2001-08-02 12:00:00,42272.0,42158.5390625,113.4609375,113.4609375,12873.384338378906
2001-08-02 13:00:00,43522.0,43104.109375,417.890625,417.890625,174632.57446289062
2001-08-02 14:00:00,44393.0,44208.59765625,184.40234375,184.40234375,34004.224380493164
2001-08-02 15:00:00,45330.0,44933.09375,396.90625,396.90625,157534.5712890625
2001-08-02 16:00:00,45820.0,45359.21875,460.78125,460.78125,212319.3603515625
2001-08-02 17:00:00,45681.0,45326.00390625,354.99609375,354.99609375,126022.22657775879
2001-08-02 18:00:00,44183.0,44169.79296875,13.20703125,13.20703125,174.42567443847656
2001-08-02 19:00:00,42105.0,42762.765625,-657.765625,657.765625,432655.6174316406
2001-08-02 20:00:00,41337.0,41204.0,133.0,133.0,17689.0
2001-08-02 21:00:00,40392.0,40394.47265625,-2.47265625,2.47265625,6.1140289306640625
2001-08-02 22:00:00,36954.0,37066.1015625,-112.1015625,112.1015625,12566.760314941406
2001-08-02 23:00:00,33299.0,33453.45703125,-154.45703125,154.45703125,23856.974502563477
2001-08-03 00:00:00,30226.0,30357.896484375,-131.896484375,131.896484375,17396.68259048462
2001-08-03 01:00:00,28566.0,28224.541015625,341.458984375,341.458984375,116594.2380104065
2001-08-03 02:00:00,27334.0,27395.419921875,-61.419921875,61.419921875,3772.4068031311035
2001-08-03 03:00:00,26570.0,26423.03125,146.96875,146.96875,21599.8134765625
2001-08-03 04:00:00,26662.0,26285.486328125,376.513671875,376.513671875,141762.54510879517
2001-08-03 05:00:00,27899.0,27331.95703125,567.04296875,567.04296875,321537.7284088135
2001-08-03 06:00:00,30085.0,30225.1171875,-140.1171875,140.1171875,19632.826232910156
2001-08-03 07:00:00,32794.0,32779.4296875,14.5703125,14.5703125,212.29400634765625
2001-08-03 08:00:00,35304.0,35260.3671875,43.6328125,43.6328125,1903.8223266601562
2001-08-03 09:00:00,37448.0,37393.4453125,54.5546875,54.5546875,2976.2139282226562
2001-08-03 10:00:00,39289.0,39325.23046875,-36.23046875,36.23046875,1312.6468658447266
2001-08-03 11:00:00,40983.0,40541.90234375,441.09765625,441.09765625,194567.14234924316
2001-08-03 12:00:00,42165.0,41956.05859375,208.94140625,208.94140625,43656.51124572754
2001-08-03 13:00:00,43322.0,43033.796875,288.203125,288.203125,83061.04125976562
2001-08-03 14:00:00,44137.0,43809.890625,327.109375,327.109375,107000.54321289062
2001-08-03 15:00:00,44573.0,44838.11328125,-265.11328125,265.11328125,70285.0518951416
2001-08-03 16:00:00,44391.0,44352.4921875,38.5078125,38.5078125,1482.8516235351562
2001-08-03 17:00:00,44061.0,43940.73828125,120.26171875,120.26171875,14462.880996704102
2001-08-03 18:00:00,42548.0,42580.890625,-32.890625,32.890625,1081.793212890625
2001-08-03 19:00:00,40796.0,41164.8359375,-368.8359375,368.8359375,136039.9487915039
2001-08-03 20:00:00,40462.0,39832.91015625,629.08984375,629.08984375,395754.0315093994
2001-08-03 21:00:00,39515.0,39589.76171875,-74.76171875,74.76171875,5589.314590454102
2001-08-03 22:00:00,36721.0,36378.20703125,342.79296875,342.79296875,117507.01942443848
2001-08-03 23:00:00,33698.0,33312.59375,385.40625,385.40625,148537.9775390625
2001-08-04 00:00:00,30952.0,30842.388671875,109.611328125,109.611328125,12014.643253326416
2001-08-04 01:00:00,29139.0,28957.37109375,181.62890625,181.62890625,32989.05958557129
2001-08-04 02:00:00,27799.0,27487.388671875,311.611328125,311.611328125,97101.61981582642
2001-08-04 03:00:00,26898.0,26654.744140625,243.255859375,243.255859375,59173.413120269775
2001-08-04 04:00:00,26500.0,26396.80859375,103.19140625,103.19140625,10648.466323852539
2001-08-04 05:00:00,26890.0,26613.98046875,276.01953125,276.01953125,76186.78163146973
2001-08-04 06:00:00,27358.0,27238.369140625,119.630859375,119.630859375,14311.542514801025
2001-08-04 07:00:00,28590.0,29659.84765625,-1069.84765625,1069.84765625,1144574.0075836182
2001-08-04 08:00:00,31238.0,30951.8984375,286.1015625,286.1015625,81854.1040649414
2001-08-04 09:00:00,33773.0,34168.3359375,-395.3359375,395.3359375,156290.5034790039
2001-08-04 10:00:00,35789.0,35734.15234375,54.84765625,54.84765625,3008.265396118164
2001-08-04 11:00:00,37035.0,36775.55078125,259.44921875,259.44921875,67313.89710998535
2001-08-04 12:00:00,38041.0,37647.0,394.0,394.0,155236.0
2001-08-04 13:00:00,38804.0,38520.31640625,283.68359375,283.68359375,80476.38136291504
2001-08-04 14:00:00,39306.0,39072.16796875,233.83203125,233.83203125,54677.41883850098
2001-08-04 15:00:00,39147.0,39512.234375,-365.234375,365.234375,133396.14868164062
2001-08-04 16:00:00,38815.0,39358.69140625,-543.69140625,543.69140625,295600.34523010254
2001-08-04 17:00:00,38034.0,38552.0078125,-518.0078125,518.0078125,268332.09381103516
2001-08-04 18:00:00,36966.0,36792.9375,173.0625,173.0625,29950.62890625
2001-08-04 19:00:00,35927.0,36026.9296875,-99.9296875,99.9296875,9985.942443847656
2001-08-04 20:00:00,35929.0,35468.55078125,460.44921875,460.44921875,212013.48304748535
2001-08-04 21:00:00,35506.0,35651.30078125,-145.30078125,145.30078125,21112.31703186035
2001-08-04 22:00:00,33515.0,33331.703125,183.296875,183.296875,33597.744384765625
2001-08-04 23:00:00,31106.0,31047.88671875,58.11328125,58.11328125,3377.1534576416016
2001-08-05 00:00:00,28706.0,28480.216796875,225.783203125,225.783203125,50978.05481338501
2001-08-05 01:00:00,27116.0,26806.974609375,309.025390625,309.025390625,95496.69205093384
2001-08-05 02:00:00,25930.0,25994.66015625,-64.66015625,64.66015625,4180.935806274414
2001-08-05 03:00:00,25103.0,25136.484375,-33.484375,33.484375,1121.203369140625
2001-08-05 04:00:00,24658.0,24756.22265625,-98.22265625,98.22265625,9647.690200805664
2001-08-05 05:00:00,24658.0,24652.634765625,5.365234375,5.365234375,28.78573989868164
2001-08-05 06:00:00,24613.0,24828.212890625,-215.212890625,215.212890625,46316.58829116821
2001-08-05 07:00:00,25778.0,25495.548828125,282.451171875,282.451171875,79778.66449356079
2001-08-05 08:00:00,28322.0,28394.62109375,-72.62109375,72.62109375,5273.823257446289
2001-08-05 09:00:00,31009.0,30669.322265625,339.677734375,339.677734375,115380.96323013306
2001-08-05 10:00:00,33676.0,32998.32421875,677.67578125,677.67578125,459244.46449279785
2001-08-05 11:00:00,35949.0,35540.54296875,408.45703125,408.45703125,166837.14637756348
2001-08-05 12:00:00,38173.0,37182.35546875,990.64453125,990.64453125,981376.5872955322
2001-08-05 13:00:00,39634.0,39337.15234375,296.84765625,296.84765625,88118.53102111816
2001-08-05 14:00:00,40718.0,40022.84765625,695.15234375,695.15234375,483236.78102111816
2001-08-05 15:00:00,41496.0,40968.83203125,527.16796875,527.16796875,277906.067276001
2001-08-05 16:00:00,42239.0,42056.984375,182.015625,182.015625,33129.687744140625
2001-08-05 17:00:00,42546.0,41862.5,683.5,683.5,467172.25
2001-08-05 18:00:00,41781.0,41900.84375,-119.84375,119.84375,14362.5244140625
2001-08-05 19:00:00,40564.0,40990.33984375,-426.33984375,426.33984375,181765.6623687744
2001-08-05 20:00:00,40825.0,40213.16796875,611.83203125,611.83203125,374338.434463501
2001-08-05 21:00:00,40486.0,39483.1015625,1002.8984375,1002.8984375,1005805.2759399414
2001-08-05 22:00:00,37997.0,37950.734375,46.265625,46.265625,2140.508056640625
2001-08-05 23:00:00,34760.0,35230.45703125,-470.45703125,470.45703125,221329.81825256348
2001-08-06 00:00:00,32050.0,31922.587890625,127.412109375,127.412109375,16233.845615386963
2001-08-06 01:00:00,30370.0,30082.763671875,287.236328125,287.236328125,82504.70819473267
2001-08-06 02:00:00,29142.0,29017.86328125,124.13671875,124.13671875,15409.924942016602
2001-08-06 03:00:00,28533.0,28309.3671875,223.6328125,223.6328125,50011.634826660156
2001-08-06 04:00:00,28691.0,28501.833984375,189.166015625,189.166015625,35783.781467437744
2001-08-06 05:00:00,29881.0,29936.998046875,-55.998046875,55.998046875,3135.7812538146973
2001-08-06 06:00:00,32056.0,32186.970703125,-130.970703125,130.970703125,17153.325077056885
2001-08-06 07:00:00,35399.0,35175.7265625,223.2734375,223.2734375,49851.027893066406
2001-08-06 08:00:00,38917.0,38434.13671875,482.86328125,482.86328125,233156.9483795166
2001-08-06 09:00:00,42116.0,41142.98046875,973.01953125,973.01953125,946767.0081939697
2001-08-06 10:00:00,45127.0,44083.67578125,1043.32421875,1043.32421875,1088525.4254302979
2001-08-06 11:00:00,47571.0,46378.37890625,1192.62109375,1192.62109375,1422345.0732574463
2001-08-06 12:00:00,49200.0,49190.91015625,9.08984375,9.08984375,82.62525939941406
2001-08-06 13:00:00,50355.0,49339.0,1016.0,1016.0,1032256.0
2001-08-06 14:00:00,51164.0,49118.1171875,2045.8828125,2045.8828125,4185636.48248291
2001-08-06 15:00:00,51490.0,49086.48046875,2403.51953125,2403.51953125,5776906.13710022
2001-08-06 16:00:00,51660.0,49314.09375,2345.90625,2345.90625,5503276.1337890625
2001-08-06 17:00:00,51349.0,48545.296875,2803.703125,2803.703125,7860751.213134766
2001-08-06 18:00:00,50378.0,47236.07421875,3141.92578125,3141.92578125,9871697.614883423
2001-08-06 19:00:00,49011.0,47322.3828125,1688.6171875,1688.6171875,2851428.00592041
2001-08-06 20:00:00,48781.0,47638.22265625,1142.77734375,1142.77734375,1305940.0573883057
2001-08-06 21:00:00,47438.0,47627.9296875,-189.9296875,189.9296875,36073.286193847656
2001-08-06 22:00:00,43531.0,46156.96875,-2625.96875,2625.96875,6895711.8759765625
2001-08-06 23:00:00,39474.0,39986.5546875,-512.5546875,512.5546875,262712.30767822266
2001-08-07 00:00:00,36295.0,35950.01171875,344.98828125,344.98828125,119016.9141998291
2001-08-07 01:00:00,34462.0,33552.44921875,909.55078125,909.55078125,827282.6236724854
2001-08-07 02:00:00,32919.0,32384.705078125,534.294921875,534.294921875,285471.06354141235
2001-08-07 03:00:00,31924.0,32438.728515625,-514.728515625,514.728515625,264945.44479751587
2001-08-07 04:00:00,31720.0,31498.6328125,221.3671875,221.3671875,49003.431701660156
2001-08-07 05:00:00,32931.0,32114.572265625,816.427734375,816.427734375,666554.2454566956
2001-08-07 06:00:00,34803.0,35243.55859375,-440.55859375,440.55859375,194091.87452697754
2001-08-07 07:00:00,38172.0,37708.81640625,463.18359375,463.18359375,214539.04151916504
2001-08-07 08:00:00,41100.0,40728.7734375,371.2265625,371.2265625,137809.1607055664
2001-08-07 09:00:00,44240.0,42949.1953125,1290.8046875,1290.8046875,1666176.7412719727
2001-08-07 10:00:00,46948.0,45946.890625,1001.109375,1001.109375,1002219.9807128906
2001-08-07 11:00:00,48884.0,47973.296875,910.703125,910.703125,829380.1818847656
2001-08-07 12:00:00,50155.0,50449.23828125,-294.23828125,294.23828125,86576.1661529541
2001-08-07 13:00:00,51407.0,50882.8671875,524.1328125,524.1328125,274715.20513916016
2001-08-07 14:00:00,52394.0,51254.76953125,1139.23046875,1139.23046875,1297846.0609283447
2001-08-07 15:00:00,53076.0,50296.58984375,2779.41015625,2779.41015625,7725120.816665649
2001-08-07 16:00:00,53253.0,50113.109375,3139.890625,3139.890625,9858913.13696289
2001-08-07 17:00:00,52964.0,50040.9921875,2923.0078125,2923.0078125,8543974.671936035
2001-08-07 18:00:00,52019.0,49493.0859375,2525.9140625,2525.9140625,6380241.851135254
2001-08-07 19:00:00,50606.0,48840.98046875,1765.01953125,1765.01953125,3115293.9456939697
2001-08-07 20:00:00,50382.0,48503.41015625,1878.58984375,1878.58984375,3529099.8010406494
2001-08-07 21:00:00,48918.0,48410.1328125,507.8671875,507.8671875,257929.08013916016
2001-08-07 22:00:00,45123.0,46854.609375,-1731.609375,1731.609375,2998471.0275878906
2001-08-07 23:00:00,41378.0,42270.89453125,-892.89453125,892.89453125,797260.6439361572
2001-08-08 00:00:00,37867.0,38542.02734375,-675.02734375,675.02734375,455661.91481018066
2001-08-08 01:00:00,35938.0,35301.3125,636.6875,636.6875,405370.97265625
2001-08-08 02:00:00,34450.0,34346.11328125,103.88671875,103.88671875,10792.450332641602
2001-08-08 03:00:00,33379.0,33628.54296875,-249.54296875,249.54296875,62271.69325256348
2001-08-08 04:00:00,33292.0,33668.0,-376.0,376.0,141376.0
2001-08-08 05:00:00,34346.0,33789.05859375,556.94140625,556.94140625,310183.72999572754
2001-08-08 06:00:00,36465.0,36664.984375,-199.984375,199.984375,39993.750244140625
2001-08-08 07:00:00,39673.0,39230.625,442.375,442.375,195695.640625
2001-08-08 08:00:00,42910.0,41707.52734375,1202.47265625,1202.47265625,1445940.4890289307
2001-08-08 09:00:00,45912.0,44718.78125,1193.21875,1193.21875,1423770.9853515625
2001-08-08 10:00:00,48768.0,46316.5,2451.5,2451.5,6009852.25
2001-08-08 11:00:00,50772.0,49945.1875,826.8125,826.8125,683618.91015625
2001-08-08 12:00:00,52033.0,50447.9609375,1585.0390625,1585.0390625,2512348.829650879
2001-08-08 13:00:00,52815.0,50944.0390625,1870.9609375,1870.9609375,3500494.829650879
2001-08-08 14:00:00,53427.0,50788.6875,2638.3125,2638.3125,6960692.84765625
2001-08-08 15:00:00,53604.0,50604.19140625,2999.80859375,2999.80859375,8998851.599136353
2001-08-08 16:00:00,53789.0,49920.69921875,3868.30078125,3868.30078125,14963750.93421936
2001-08-08 17:00:00,53356.0,49797.06640625,3558.93359375,3558.93359375,12666008.32472229
2001-08-08 18:00:00,52307.0,49559.390625,2747.609375,2747.609375,7549357.277587891
2001-08-08 19:00:00,51468.0,49277.66015625,2190.33984375,2190.33984375,4797588.631118774
2001-08-08 20:00:00,51036.0,49239.19140625,1796.80859375,1796.80859375,3228521.1225738525
2001-08-08 21:00:00,49396.0,48400.6171875,995.3828125,995.3828125,990786.9434204102
2001-08-08 22:00:00,45586.0,46470.0859375,-884.0859375,884.0859375,781607.9448852539
2001-08-08 23:00:00,41424.0,42088.7421875,-664.7421875,664.7421875,441882.17584228516
2001-08-09 00:00:00,38326.0,38249.83203125,76.16796875,76.16796875,5801.559463500977
2001-08-09 01:00:00,36169.0,35571.08984375,597.91015625,597.91015625,357496.5549468994
2001-08-09 02:00:00,34679.0,34501.69140625,177.30859375,177.30859375,31438.33741760254
2001-08-09 03:00:00,33636.0,33891.62109375,-255.62109375,255.62109375,65342.14356994629
2001-08-09 04:00:00,33335.0,33367.0390625,-32.0390625,32.0390625,1026.5015258789062
2001-08-09 05:00:00,34362.0,33975.4765625,386.5234375,386.5234375,149400.3677368164
2001-08-09 06:00:00,36291.0,36457.83984375,-166.83984375,166.83984375,27835.533462524414
2001-08-09 07:00:00,39526.0,39151.734375,374.265625,374.265625,140074.75805664062
2001-08-09 08:00:00,43024.0,41939.03125,1084.96875,1084.96875,1177157.1884765625
2001-08-09 09:00:00,46245.0,44787.2734375,1457.7265625,1457.7265625,2124966.7310180664
2001-08-09 10:00:00,49193.0,47882.140625,1310.859375,1310.859375,1718352.3010253906
2001-08-09 11:00:00,51544.0,50153.796875,1390.203125,1390.203125,1932664.7287597656
2001-08-09 12:00:00,52527.0,50610.83984375,1916.16015625,1916.16015625,3671669.7444000244
2001-08-09 13:00:00,53654.0,51166.55859375,2487.44140625,2487.44140625,6187364.749526978
2001-08-09 14:00:00,54030.0,50866.2109375,3163.7890625,3163.7890625,10009561.231994629
2001-08-09 15:00:00,53631.0,50765.01953125,2865.98046875,2865.98046875,8213844.04725647
2001-08-09 16:00:00,53618.0,50421.53125,3196.46875,3196.46875,10217412.469726562
2001-08-09 17:00:00,53455.0,50174.51953125,3280.48046875,3280.48046875,10761552.10585022
2001-08-09 18:00:00,52868.0,49569.75,3298.25,3298.25,10878453.0625
2001-08-09 19:00:00,51947.0,49266.984375,2680.015625,2680.015625,7182483.750244141
2001-08-09 20:00:00,52344.0,49523.609375,2820.390625,2820.390625,7954603.277587891
2001-08-09 21:00:00,51163.0,48440.5,2722.5,2722.5,7412006.25
2001-08-09 22:00:00,47650.0,46359.30859375,1290.69140625,1290.69140625,1665884.3061676025
2001-08-09 23:00:00,44058.0,45834.68359375,-1776.68359375,1776.68359375,3156604.592300415
2001-08-10 00:00:00,40662.0,41222.23828125,-560.23828125,560.23828125,313866.9317779541
2001-08-10 01:00:00,38621.0,38159.3515625,461.6484375,461.6484375,213119.2798461914
2001-08-10 02:00:00,36988.0,36482.79296875,505.20703125,505.20703125,255234.14442443848
2001-08-10 03:00:00,35966.0,35822.79296875,143.20703125,143.20703125,20508.253799438477
2001-08-10 04:00:00,35613.0,35123.140625,489.859375,489.859375,239962.20727539062
2001-08-10 05:00:00,36622.0,35001.265625,1620.734375,1620.734375,2626779.9143066406
2001-08-10 06:00:00,38472.0,37815.76171875,656.23828125,656.23828125,430648.6817779541
2001-08-10 07:00:00,41347.0,40352.34375,994.65625,994.65625,989341.0556640625
2001-08-10 08:00:00,44482.0,43651.01171875,830.98828125,830.98828125,690541.5235748291
2001-08-10 09:00:00,47163.0,45029.5546875,2133.4453125,2133.4453125,4551588.901428223
2001-08-10 10:00:00,49410.0,47627.5390625,1782.4609375,1782.4609375,3177166.993713379
2001-08-10 11:00:00,51109.0,50001.6875,1107.3125,1107.3125,1226140.97265625
2001-08-10 12:00:00,51907.0,50307.4140625,1599.5859375,1599.5859375,2558675.171447754
2001-08-10 13:00:00,52122.0,50967.6953125,1154.3046875,1154.3046875,1332419.3115844727
2001-08-10 14:00:00,50703.0,50931.71484375,-228.71484375,228.71484375,52310.479751586914
2001-08-10 15:00:00,48723.0,50690.609375,-1967.609375,1967.609375,3871486.6525878906
2001-08-10 16:00:00,47538.0,50749.015625,-3211.015625,3211.015625,10310621.34399414
2001-08-10 17:00:00,46509.0,50484.81640625,-3975.81640625,3975.81640625,15807116.096206665
2001-08-10 18:00:00,45206.0,46739.03515625,-1533.03515625,1533.03515625,2350196.790298462
2001-08-10 19:00:00,43753.0,43946.859375,-193.859375,193.859375,37581.457275390625
2001-08-10 20:00:00,43541.0,43035.3984375,505.6015625,505.6015625,255632.9400024414
2001-08-10 21:00:00,42027.0,42031.5859375,-4.5859375,4.5859375,21.03082275390625
2001-08-10 22:00:00,39761.0,38986.03125,774.96875,774.96875,600576.5634765625
2001-08-10 23:00:00,37034.0,37026.47265625,7.52734375,7.52734375,56.66090393066406
2001-08-11 00:00:00,34088.0,33578.1953125,509.8046875,509.8046875,259900.81939697266
2001-08-11 01:00:00,32229.0,31599.52734375,629.47265625,629.47265625,396235.82496643066
2001-08-11 02:00:00,31143.0,30791.28515625,351.71484375,351.71484375,123703.33131408691
2001-08-11 03:00:00,30221.0,30922.208984375,-701.208984375,701.208984375,491694.039768219
2001-08-11 04:00:00,29777.0,30574.6015625,-797.6015625,797.6015625,636168.2525024414
2001-08-11 05:00:00,29952.0,29913.6015625,38.3984375,38.3984375,1474.4400024414062
2001-08-11 06:00:00,30561.0,30538.091796875,22.908203125,22.908203125,524.7857704162598
2001-08-11 07:00:00,31596.0,32318.974609375,-722.974609375,722.974609375,522692.28580093384
2001-08-11 08:00:00,33825.0,33833.359375,-8.359375,8.359375,69.879150390625
2001-08-11 09:00:00,36054.0,36494.0859375,-440.0859375,440.0859375,193675.6323852539
2001-08-11 10:00:00,37533.0,37959.43359375,-426.43359375,426.43359375,181845.60987854004
2001-08-11 11:00:00,38286.0,38691.953125,-405.953125,405.953125,164797.93969726562
2001-08-11 12:00:00,38385.0,38750.62109375,-365.62109375,365.62109375,133678.7841949463
2001-08-11 13:00:00,37929.0,38608.9921875,-679.9921875,679.9921875,462389.37506103516
2001-08-11 14:00:00,37320.0,37698.90625,-378.90625,378.90625,143569.9462890625
2001-08-11 15:00:00,36471.0,37016.453125,-545.453125,545.453125,297519.1115722656
2001-08-11 16:00:00,35705.0,35998.30078125,-293.30078125,293.30078125,86025.34828186035
2001-08-11 17:00:00,35167.0,35633.34375,-466.34375,466.34375,217476.4931640625
2001-08-11 18:00:00,34820.0,34359.546875,460.453125,460.453125,212017.08032226562
2001-08-11 19:00:00,34539.0,34190.9296875,348.0703125,348.0703125,121152.94244384766
2001-08-11 20:00:00,35091.0,34422.13671875,668.86328125,668.86328125,447378.0890045166
2001-08-11 21:00:00,34617.0,34545.89453125,71.10546875,71.10546875,5055.987686157227
2001-08-11 22:00:00,32964.0,32625.599609375,338.400390625,338.400390625,114514.82437515259
2001-08-11 23:00:00,30961.0,30374.484375,586.515625,586.515625,344000.5783691406
2001-08-12 00:00:00,28855.0,28405.16796875,449.83203125,449.83203125,202348.85633850098
2001-08-12 01:00:00,27333.0,27306.0859375,26.9140625,26.9140625,724.3667602539062
2001-08-12 02:00:00,26362.0,25801.462890625,560.537109375,560.537109375,314201.8509864807
2001-08-12 03:00:00,26009.0,25837.654296875,171.345703125,171.345703125,29359.349979400635
2001-08-12 04:00:00,25674.0,26089.4296875,-415.4296875,415.4296875,172581.82525634766
2001-08-12 05:00:00,25782.0,25671.685546875,110.314453125,110.314453125,12169.278568267822
2001-08-12 06:00:00,26176.0,26434.197265625,-258.197265625,258.197265625,66665.8279762268
2001-08-12 07:00:00,27045.0,27277.498046875,-232.498046875,232.498046875,54055.3418006897
2001-08-12 08:00:00,29009.0,29094.43359375,-85.43359375,85.43359375,7298.898941040039
2001-08-12 09:00:00,31266.0,31235.28515625,30.71484375,30.71484375,943.4016265869141
2001-08-12 10:00:00,32945.0,33293.78515625,-348.78515625,348.78515625,121651.08522033691
2001-08-12 11:00:00,34109.0,34266.41015625,-157.41015625,157.41015625,24777.957290649414
2001-08-12 12:00:00,34768.0,34851.8984375,-83.8984375,83.8984375,7038.947814941406
2001-08-12 13:00:00,35160.0,35278.7734375,-118.7734375,118.7734375,14107.129455566406
2001-08-12 14:00:00,35207.0,35108.23046875,98.76953125,98.76953125,9755.420303344727
2001-08-12 15:00:00,35425.0,35038.359375,386.640625,386.640625,149490.97290039062
2001-08-12 16:00:00,35788.0,35580.6640625,207.3359375,207.3359375,42988.190979003906
2001-08-12 17:00:00,35972.0,35749.2734375,222.7265625,222.7265625,49607.121643066406
2001-08-12 18:00:00,35989.0,35548.8046875,440.1953125,440.1953125,193771.91314697266
2001-08-12 19:00:00,35896.0,35553.71484375,342.28515625,342.28515625,117159.12818908691
2001-08-12 20:00:00,36413.0,35715.9453125,697.0546875,697.0546875,485885.23736572266
2001-08-12 21:00:00,35823.0,35862.98828125,-39.98828125,39.98828125,1599.0626373291016
2001-08-12 22:00:00,33901.0,33683.16796875,217.83203125,217.83203125,47450.79383850098
2001-08-12 23:00:00,31519.0,31565.345703125,-46.345703125,46.345703125,2147.9241981506348
2001-08-13 00:00:00,29479.0,29235.783203125,243.216796875,243.216796875,59154.41028213501
2001-08-13 01:00:00,28036.0,27847.6015625,188.3984375,188.3984375,35493.971252441406
2001-08-13 02:00:00,27292.0,27219.73046875,72.26953125,72.26953125,5222.885147094727
2001-08-13 03:00:00,26888.0,26831.748046875,56.251953125,56.251953125,3164.2822303771973
2001-08-13 04:00:00,27136.0,26955.494140625,180.505859375,180.505859375,32582.365268707275
2001-08-13 05:00:00,28661.0,28264.3828125,396.6171875,396.6171875,157305.19342041016
2001-08-13 06:00:00,31150.0,31141.984375,8.015625,8.015625,64.250244140625
2001-08-13 07:00:00,33960.0,34393.01171875,-433.01171875,433.01171875,187499.1485748291
2001-08-13 08:00:00,36558.0,36789.69921875,-231.69921875,231.69921875,53684.52796936035
2001-08-13 09:00:00,38591.0,38036.43359375,554.56640625,554.56640625,307543.89894104004
2001-08-13 10:00:00,40371.0,40245.25390625,125.74609375,125.74609375,15812.080093383789
2001-08-13 11:00:00,41737.0,41882.11328125,-145.11328125,145.11328125,21057.8643951416
2001-08-13 12:00:00,42704.0,43004.85546875,-300.85546875,300.85546875,90514.01307678223
2001-08-13 13:00:00,43480.0,43474.8125,5.1875,5.1875,26.91015625
2001-08-13 14:00:00,43872.0,43988.44921875,-116.44921875,116.44921875,13560.420547485352
2001-08-13 15:00:00,44076.0,43866.80859375,209.19140625,209.19140625,43761.04444885254
2001-08-13 16:00:00,43938.0,44414.8671875,-476.8671875,476.8671875,227402.31451416016
2001-08-13 17:00:00,43441.0,43112.32421875,328.67578125,328.67578125,108027.76918029785
2001-08-13 18:00:00,42086.0,42202.92578125,-116.92578125,116.92578125,13671.638320922852
2001-08-13 19:00:00,40802.0,41162.04296875,-360.04296875,360.04296875,129630.93934631348
2001-08-13 20:00:00,40859.0,39956.578125,902.421875,902.421875,814365.2404785156
2001-08-13 21:00:00,39271.0,39650.03125,-379.03125,379.03125,143664.6884765625
2001-08-13 22:00:00,36085.0,36380.9296875,-295.9296875,295.9296875,87574.37994384766
2001-08-13 23:00:00,32832.0,32720.095703125,111.904296875,111.904296875,12522.571659088135
2001-08-14 00:00:00,30104.0,30221.7734375,-117.7734375,117.7734375,13870.582580566406
2001-08-14 01:00:00,28374.0,28338.98046875,35.01953125,35.01953125,1226.3675689697266
2001-08-14 02:00:00,27116.0,27076.701171875,39.298828125,39.298828125,1544.397891998291
2001-08-14 03:00:00,26479.0,26496.61328125,-17.61328125,17.61328125,310.22767639160156
2001-08-14 04:00:00,26634.0,26755.2265625,-121.2265625,121.2265625,14695.879455566406
2001-08-14 05:00:00,27949.0,27596.537109375,352.462890625,352.462890625,124230.08926773071
2001-08-14 06:00:00,30226.0,30629.20703125,-403.20703125,403.20703125,162575.91004943848
2001-08-14 07:00:00,32655.0,32780.875,-125.875,125.875,15844.515625
2001-08-14 08:00:00,35092.0,35012.90234375,79.09765625,79.09765625,6256.439224243164
2001-08-14 09:00:00,37326.0,37031.26171875,294.73828125,294.73828125,86870.6544342041
2001-08-14 10:00:00,39199.0,39416.75,-217.75,217.75,47415.0625
2001-08-14 11:00:00,41075.0,40655.8359375,419.1640625,419.1640625,175698.5112915039
2001-08-14 12:00:00,42122.0,42005.5859375,116.4140625,116.4140625,13552.233947753906
2001-08-14 13:00:00,43033.0,42968.18359375,64.81640625,64.81640625,4201.166519165039
2001-08-14 14:00:00,43658.0,43804.51171875,-146.51171875,146.51171875,21465.6837310791
2001-08-14 15:00:00,44083.0,44004.51171875,78.48828125,78.48828125,6160.410293579102
2001-08-14 16:00:00,44273.0,44639.0,-366.0,366.0,133956.0
2001-08-14 17:00:00,43877.0,44172.03125,-295.03125,295.03125,87043.4384765625
2001-08-14 18:00:00,42955.0,42472.87109375,482.12890625,482.12890625,232448.2822418213
2001-08-14 19:00:00,42548.0,41679.40625,868.59375,868.59375,754455.1025390625
2001-08-14 20:00:00,40755.0,42051.42578125,-1296.42578125,1296.42578125,1680719.8062896729
2001-08-14 21:00:00,38957.0,39634.39453125,-677.39453125,677.39453125,458863.3509674072
2001-08-14 22:00:00,35776.0,35657.2890625,118.7109375,118.7109375,14092.286682128906
2001-08-14 23:00:00,32352.0,32391.072265625,-39.072265625,39.072265625,1526.6419410705566
2001-08-15 00:00:00,29645.0,29513.28125,131.71875,131.71875,17349.8291015625
2001-08-15 01:00:00,27706.0,27824.345703125,-118.345703125,118.345703125,14005.705448150635
2001-08-15 02:00:00,26564.0,26567.068359375,-3.068359375,3.068359375,9.41482925415039
2001-08-15 03:00:00,26001.0,25902.40625,98.59375,98.59375,9720.7275390625
2001-08-15 04:00:00,26013.0,26124.591796875,-111.591796875,111.591796875,12452.72912979126
2001-08-15 05:00:00,27291.0,26821.41796875,469.58203125,469.58203125,220507.28407287598
2001-08-15 06:00:00,29671.0,29765.998046875,-94.998046875,94.998046875,9024.628910064697
2001-08-15 07:00:00,32272.0,32248.0078125,23.9921875,23.9921875,575.6250610351562
2001-08-15 08:00:00,34680.0,34175.921875,504.078125,504.078125,254094.75610351562
2001-08-15 09:00:00,36844.0,36626.33203125,217.66796875,217.66796875,47379.34461975098
2001-08-15 10:00:00,38770.0,38696.90625,73.09375,73.09375,5342.6962890625
2001-08-15 11:00:00,40208.0,40272.4765625,-64.4765625,64.4765625,4157.227111816406
2001-08-15 12:00:00,41183.0,41279.94921875,-96.94921875,96.94921875,9399.151016235352
2001-08-15 13:00:00,42377.0,42110.05859375,266.94140625,266.94140625,71257.71437072754
2001-08-15 14:00:00,42996.0,43018.0546875,-22.0546875,22.0546875,486.40924072265625
2001-08-15 15:00:00,43368.0,43400.78125,-32.78125,32.78125,1074.6103515625
2001-08-15 16:00:00,43638.0,43133.75,504.25,504.25,254268.0625
2001-08-15 17:00:00,43070.0,43258.625,-188.625,188.625,35579.390625
2001-08-15 18:00:00,41673.0,41780.859375,-107.859375,107.859375,11633.644775390625
2001-08-15 19:00:00,39896.0,40072.765625,-176.765625,176.765625,31246.086181640625
2001-08-15 20:00:00,39973.0,39342.015625,630.984375,630.984375,398141.2814941406
2001-08-15 21:00:00,38458.0,39189.01953125,-731.01953125,731.01953125,534389.5550689697
2001-08-15 22:00:00,35068.0,35475.28125,-407.28125,407.28125,165878.0166015625
2001-08-15 23:00:00,31792.0,31989.763671875,-197.763671875,197.763671875,39110.469913482666
2001-08-16 00:00:00,29082.0,28812.720703125,269.279296875,269.279296875,72511.33972549438
2001-08-16 01:00:00,27126.0,27335.5859375,-209.5859375,209.5859375,43926.265197753906
2001-08-16 02:00:00,25916.0,26181.525390625,-265.525390625,265.525390625,70503.73306655884
2001-08-16 03:00:00,25266.0,25191.53515625,74.46484375,74.46484375,5545.012954711914
2001-08-16 04:00:00,25306.0,25275.169921875,30.830078125,30.830078125,950.4937171936035
2001-08-16 05:00:00,26766.0,26143.53125,622.46875,622.46875,387467.3447265625
2001-08-16 06:00:00,29094.0,29436.26171875,-342.26171875,342.26171875,117143.0841217041
2001-08-16 07:00:00,32040.0,31829.6171875,210.3828125,210.3828125,44260.927795410156
2001-08-16 08:00:00,34399.0,34452.34375,-53.34375,53.34375,2845.5556640625
2001-08-16 09:00:00,36617.0,36421.48046875,195.51953125,195.51953125,38227.88710021973
2001-08-16 10:00:00,38629.0,38384.48046875,244.51953125,244.51953125,59789.80116271973
2001-08-16 11:00:00,40293.0,40166.66796875,126.33203125,126.33203125,15959.782119750977
2001-08-16 12:00:00,41586.0,41091.3203125,494.6796875,494.6796875,244707.99322509766
2001-08-16 13:00:00,42989.0,42454.09375,534.90625,534.90625,286124.6962890625
2001-08-16 14:00:00,43729.0,43545.16796875,183.83203125,183.83203125,33794.21571350098
2001-08-16 15:00:00,44261.0,43902.68359375,358.31640625,358.31640625,128390.64698791504
2001-08-16 16:00:00,44523.0,44599.8359375,-76.8359375,76.8359375,5903.761291503906
2001-08-16 17:00:00,44100.0,44072.97265625,27.02734375,27.02734375,730.4773101806641
2001-08-16 18:00:00,42505.0,42953.74609375,-448.74609375,448.74609375,201373.0566558838
2001-08-16 19:00:00,40819.0,40822.9375,-3.9375,3.9375,15.50390625
2001-08-16 20:00:00,40995.0,39929.44921875,1065.55078125,1065.55078125,1135398.4674224854
2001-08-16 21:00:00,39572.0,39918.96875,-346.96875,346.96875,120387.3134765625
2001-08-16 22:00:00,36589.0,36535.2890625,53.7109375,53.7109375,2884.8648071289062
2001-08-16 23:00:00,33435.0,32980.44140625,454.55859375,454.55859375,206623.51515197754
2001-08-17 00:00:00,30843.0,30523.494140625,319.505859375,319.505859375,102083.99417495728
2001-08-17 01:00:00,29055.0,28795.720703125,259.279296875,259.279296875,67225.75378799438
2001-08-17 02:00:00,28036.0,27856.375,179.625,179.625,32265.140625
2001-08-17 03:00:00,27582.0,27178.482421875,403.517578125,403.517578125,162826.43585586548
2001-08-17 04:00:00,27746.0,27519.376953125,226.623046875,226.623046875,51358.00537490845
2001-08-17 05:00:00,29021.0,28534.33203125,486.66796875,486.66796875,236845.71180725098
2001-08-17 06:00:00,31602.0,30847.716796875,754.283203125,754.283203125,568943.15051651
2001-08-17 07:00:00,34095.0,34594.40234375,-499.40234375,499.40234375,249402.70094299316
2001-08-17 08:00:00,36734.0,36723.8515625,10.1484375,10.1484375,102.99078369140625
2001-08-17 09:00:00,38673.0,38184.96484375,488.03515625,488.03515625,238178.3137359619
2001-08-17 10:00:00,40368.0,40686.41796875,-318.41796875,318.41796875,101390.00282287598
2001-08-17 11:00:00,41184.0,41998.80859375,-814.80859375,814.80859375,663913.0444488525
2001-08-17 12:00:00,41984.0,42065.25,-81.25,81.25,6601.5625
2001-08-17 13:00:00,43103.0,42875.421875,227.578125,227.578125,51791.802978515625
2001-08-17 14:00:00,44133.0,43654.8671875,478.1328125,478.1328125,228610.98638916016
2001-08-17 15:00:00,45029.0,44612.0234375,416.9765625,416.9765625,173869.4536743164
2001-08-17 16:00:00,45399.0,45087.5390625,311.4609375,311.4609375,97007.9155883789
2001-08-17 17:00:00,44890.0,45051.62890625,-161.62890625,161.62890625,26123.90333557129
2001-08-17 18:00:00,43417.0,43987.26171875,-570.26171875,570.26171875,325198.4278717041
2001-08-17 19:00:00,41648.0,42086.46484375,-438.46484375,438.46484375,192251.4192047119
2001-08-17 20:00:00,41440.0,40895.7734375,544.2265625,544.2265625,296182.5513305664
2001-08-17 21:00:00,40101.0,40365.53125,-264.53125,264.53125,69976.7822265625
2001-08-17 22:00:00,36881.0,37275.3046875,-394.3046875,394.3046875,155476.18658447266
2001-08-17 23:00:00,33407.0,33988.1328125,-581.1328125,581.1328125,337715.34576416016
2001-08-18 00:00:00,30339.0,30734.5234375,-395.5234375,395.5234375,156438.7896118164
2001-08-18 01:00:00,28204.0,28409.52734375,-205.52734375,205.52734375,42241.489028930664
2001-08-18 02:00:00,26784.0,26833.8125,-49.8125,49.8125,2481.28515625
2001-08-18 03:00:00,25566.0,25793.115234375,-227.115234375,227.115234375,51581.32968521118
2001-08-18 04:00:00,25074.0,25440.755859375,-366.755859375,366.755859375,134509.86038589478
2001-08-18 05:00:00,25126.0,25229.0390625,-103.0390625,103.0390625,10617.048400878906
2001-08-18 06:00:00,25427.0,25479.84765625,-52.84765625,52.84765625,2792.874771118164
2001-08-18 07:00:00,26896.0,26914.70703125,-18.70703125,18.70703125,349.95301818847656
2001-08-18 08:00:00,30040.0,29647.982421875,392.017578125,392.017578125,153677.78155899048
2001-08-18 09:00:00,32968.0,32701.0234375,266.9765625,266.9765625,71276.4849243164
2001-08-18 10:00:00,35125.0,35418.45703125,-293.45703125,293.45703125,86117.02919006348
2001-08-18 11:00:00,36553.0,36472.97265625,80.02734375,80.02734375,6404.375747680664
2001-08-18 12:00:00,37301.0,37407.359375,-106.359375,106.359375,11312.316650390625
2001-08-18 13:00:00,37713.0,38269.09765625,-556.09765625,556.09765625,309244.60328674316
2001-08-18 14:00:00,37826.0,37946.40234375,-120.40234375,120.40234375,14496.724380493164
2001-08-18 15:00:00,37986.0,38241.22265625,-255.22265625,255.22265625,65138.604263305664
2001-08-18 16:00:00,37912.0,38130.83984375,-218.83984375,218.83984375,47890.877212524414
2001-08-18 17:00:00,37417.0,37728.1875,-311.1875,311.1875,96837.66015625
2001-08-18 18:00:00,36509.0,36633.9296875,-124.9296875,124.9296875,15607.426818847656
2001-08-18 19:00:00,35865.0,35296.69921875,568.30078125,568.30078125,322965.77796936035
2001-08-18 20:00:00,36432.0,35465.40234375,966.59765625,966.59765625,934311.0290679932
2001-08-18 21:00:00,35471.0,36248.1484375,-777.1484375,777.1484375,603959.6939086914
2001-08-18 22:00:00,33333.0,33446.6953125,-113.6953125,113.6953125,12926.624084472656
2001-08-18 23:00:00,30868.0,30976.927734375,-108.927734375,108.927734375,11865.251316070557
2001-08-19 00:00:00,28556.0,28239.2734375,316.7265625,316.7265625,100315.7153930664
2001-08-19 01:00:00,26753.0,26768.484375,-15.484375,15.484375,239.765869140625
2001-08-19 02:00:00,25635.0,25885.9609375,-250.9609375,250.9609375,62981.392150878906
2001-08-19 03:00:00,24701.0,24780.1875,-79.1875,79.1875,6270.66015625
2001-08-19 04:00:00,24295.0,24270.548828125,24.451171875,24.451171875,597.859806060791
2001-08-19 05:00:00,24241.0,24200.544921875,40.455078125,40.455078125,1636.6133460998535
2001-08-19 06:00:00,24268.0,24078.181640625,189.818359375,189.818359375,36031.00955581665
2001-08-19 07:00:00,25164.0,25179.5234375,-15.5234375,15.5234375,240.97711181640625
2001-08-19 08:00:00,27625.0,27111.640625,513.359375,513.359375,263537.8479003906
2001-08-19 09:00:00,30187.0,29987.015625,199.984375,199.984375,39993.750244140625
2001-08-19 10:00:00,32466.0,32200.36328125,265.63671875,265.63671875,70562.8663482666
2001-08-19 11:00:00,34039.0,34171.140625,-132.140625,132.140625,17461.144775390625
2001-08-19 12:00:00,34878.0,35136.84375,-258.84375,258.84375,67000.0869140625
2001-08-19 13:00:00,35238.0,35352.33984375,-114.33984375,114.33984375,13073.599868774414
2001-08-19 14:00:00,35473.0,35725.91796875,-252.91796875,252.91796875,63967.49891662598
2001-08-19 15:00:00,35638.0,35796.56640625,-158.56640625,158.56640625,25143.30519104004
2001-08-19 16:00:00,36120.0,36053.2890625,66.7109375,66.7109375,4450.349182128906
2001-08-19 17:00:00,36162.0,36333.421875,-171.421875,171.421875,29385.459228515625
2001-08-19 18:00:00,35770.0,35412.0625,357.9375,357.9375,128119.25390625
2001-08-19 19:00:00,35471.0,34760.15625,710.84375,710.84375,505298.8369140625
2001-08-19 20:00:00,36615.0,35768.37109375,846.62890625,846.62890625,716780.5048980713
2001-08-19 21:00:00,35893.0,36201.0234375,-308.0234375,308.0234375,94878.4380493164
2001-08-19 22:00:00,33710.0,33797.91015625,-87.91015625,87.91015625,7728.195571899414
2001-08-19 23:00:00,31480.0,31458.087890625,21.912109375,21.912109375,480.1405372619629
2001-08-20 00:00:00,29433.0,29030.83984375,402.16015625,402.16015625,161732.7912750244
2001-08-20 01:00:00,28000.0,27692.146484375,307.853515625,307.853515625,94773.78708267212
2001-08-20 02:00:00,27071.0,27063.0546875,7.9453125,7.9453125,63.12799072265625
2001-08-20 03:00:00,26783.0,26778.75390625,4.24609375,4.24609375,18.029312133789062
2001-08-20 04:00:00,26935.0,26869.669921875,65.330078125,65.330078125,4268.0191078186035
2001-08-20 05:00:00,28506.0,27852.42578125,653.57421875,653.57421875,427159.25941467285
2001-08-20 06:00:00,31266.0,30952.001953125,313.998046875,313.998046875,98594.7734413147
2001-08-20 07:00:00,33968.0,34057.2109375,-89.2109375,89.2109375,7958.591369628906
2001-08-20 08:00:00,36589.0,36669.90234375,-80.90234375,80.90234375,6545.189224243164
2001-08-20 09:00:00,38913.0,38163.30078125,749.69921875,749.69921875,562048.9185943604
2001-08-20 10:00:00,41136.0,40918.48828125,217.51171875,217.51171875,47311.3477935791
2001-08-20 11:00:00,42669.0,42479.09765625,189.90234375,189.90234375,36062.900161743164
2001-08-20 12:00:00,43686.0,43412.45703125,273.54296875,273.54296875,74825.75575256348
2001-08-20 13:00:00,44588.0,44465.08984375,122.91015625,122.91015625,15106.906509399414
2001-08-20 14:00:00,45238.0,44977.0859375,260.9140625,260.9140625,68076.1480102539
2001-08-20 15:00:00,45587.0,45486.47265625,100.52734375,100.52734375,10105.746841430664
2001-08-20 16:00:00,45676.0,45687.61328125,-11.61328125,11.61328125,134.86830139160156
2001-08-20 17:00:00,45317.0,45108.37890625,208.62109375,208.62109375,43522.76075744629
2001-08-20 18:00:00,43762.0,44013.86328125,-251.86328125,251.86328125,63435.1124420166
2001-08-20 19:00:00,42221.0,42672.5546875,-451.5546875,451.5546875,203901.63580322266
2001-08-20 20:00:00,42005.0,41458.2265625,546.7734375,546.7734375,298961.1919555664
2001-08-20 21:00:00,40339.0,40715.1640625,-376.1640625,376.1640625,141499.4019165039
2001-08-20 22:00:00,36642.0,37057.31640625,-415.31640625,415.31640625,172487.71730041504
2001-08-20 23:00:00,32986.0,33119.77734375,-133.77734375,133.77734375,17896.377700805664
2001-08-21 00:00:00,30279.0,30181.349609375,97.650390625,97.650390625,9535.598789215088
2001-08-21 01:00:00,28489.0,28427.5546875,61.4453125,61.4453125,3775.5264282226562
2001-08-21 02:00:00,27230.0,27307.9296875,-77.9296875,77.9296875,6073.036193847656
2001-08-21 03:00:00,26450.0,26438.736328125,11.263671875,11.263671875,126.87030410766602
2001-08-21 04:00:00,26335.0,26443.310546875,-108.310546875,108.310546875,11731.174564361572
2001-08-21 05:00:00,27631.0,27150.396484375,480.603515625,480.603515625,230979.73923110962
2001-08-21 06:00:00,29808.0,30213.919921875,-405.919921875,405.919921875,164770.9829750061
2001-08-21 07:00:00,32345.0,32180.0625,164.9375,164.9375,27204.37890625
2001-08-21 08:00:00,34647.0,34455.4375,191.5625,191.5625,36696.19140625
2001-08-21 09:00:00,36540.0,36543.3671875,-3.3671875,3.3671875,11.33795166015625
2001-08-21 10:00:00,38304.0,38438.77734375,-134.77734375,134.77734375,18164.932388305664
2001-08-21 11:00:00,39582.0,39705.453125,-123.453125,123.453125,15240.674072265625
2001-08-21 12:00:00,40465.0,40387.5703125,77.4296875,77.4296875,5995.356506347656
2001-08-21 13:00:00,41104.0,41391.78125,-287.78125,287.78125,82818.0478515625
2001-08-21 14:00:00,41534.0,42052.55859375,-518.55859375,518.55859375,268903.01515197754
2001-08-21 15:00:00,41786.0,42074.55078125,-288.55078125,288.55078125,83261.55335998535
2001-08-21 16:00:00,41967.0,42345.33984375,-378.33984375,378.33984375,143141.0373687744
2001-08-21 17:00:00,41658.0,41706.6640625,-48.6640625,48.6640625,2368.1909790039062
2001-08-21 18:00:00,40442.0,40243.08203125,198.91796875,198.91796875,39568.35829162598
2001-08-21 19:00:00,38774.0,39018.45703125,-244.45703125,244.45703125,59759.24012756348
2001-08-21 20:00:00,39150.0,38412.5234375,737.4765625,737.4765625,543871.6802368164
2001-08-21 21:00:00,37616.0,38616.23828125,-1000.23828125,1000.23828125,1000476.6192779541
2001-08-21 22:00:00,34503.0,34601.9765625,-98.9765625,98.9765625,9796.359924316406
2001-08-21 23:00:00,31249.0,31542.736328125,-293.736328125,293.736328125,86281.03046035767
2001-08-22 00:00:00,28729.0,28275.322265625,453.677734375,453.677734375,205823.48666763306
2001-08-22 01:00:00,26863.0,26938.083984375,-75.083984375,75.083984375,5637.604709625244
2001-08-22 02:00:00,25767.0,25708.982421875,58.017578125,58.017578125,3366.0393714904785
2001-08-22 03:00:00,25207.0,25159.818359375,47.181640625,47.181640625,2226.1072120666504
2001-08-22 04:00:00,25261.0,25111.68359375,149.31640625,149.31640625,22295.38917541504
2001-08-22 05:00:00,26643.0,26103.4140625,539.5859375,539.5859375,291152.9839477539
2001-08-22 06:00:00,28889.0,29509.583984375,-620.583984375,620.583984375,385124.48166275024
2001-08-22 07:00:00,31452.0,31648.6640625,-196.6640625,196.6640625,38676.753479003906
2001-08-22 08:00:00,34178.0,33967.1484375,210.8515625,210.8515625,44458.381408691406
2001-08-22 09:00:00,36615.0,36405.53125,209.46875,209.46875,43877.1572265625
2001-08-22 10:00:00,38499.0,38703.72265625,-204.72265625,204.72265625,41911.365982055664
2001-08-22 11:00:00,40051.0,40132.16015625,-81.16015625,81.16015625,6586.970962524414
2001-08-22 12:00:00,41048.0,41253.734375,-205.734375,205.734375,42326.633056640625
2001-08-22 13:00:00,41979.0,41892.55078125,86.44921875,86.44921875,7473.467422485352
2001-08-22 14:00:00,42629.0,42997.6015625,-368.6015625,368.6015625,135867.1118774414
2001-08-22 15:00:00,43142.0,43038.2890625,103.7109375,103.7109375,10755.958557128906
2001-08-22 16:00:00,43516.0,43274.296875,241.703125,241.703125,58420.400634765625
2001-08-22 17:00:00,43083.0,43373.51953125,-290.51953125,290.51953125,84401.59803771973
2001-08-22 18:00:00,41666.0,41878.88671875,-212.88671875,212.88671875,45320.7550201416
2001-08-22 19:00:00,39966.0,40023.5234375,-57.5234375,57.5234375,3308.9458618164062
2001-08-22 20:00:00,40112.0,39305.7109375,806.2890625,806.2890625,650102.0523071289
2001-08-22 21:00:00,38494.0,39237.984375,-743.984375,743.984375,553512.7502441406
2001-08-22 22:00:00,35172.0,35776.8046875,-604.8046875,604.8046875,365788.71002197266
2001-08-22 23:00:00,31919.0,32059.796875,-140.796875,140.796875,19823.760009765625
2001-08-23 00:00:00,29573.0,29102.376953125,470.623046875,470.623046875,221486.05224990845
2001-08-23 01:00:00,27714.0,27822.51171875,-108.51171875,108.51171875,11774.793106079102
2001-08-23 02:00:00,26549.0,26710.72265625,-161.72265625,161.72265625,26154.217544555664
2001-08-23 03:00:00,25846.0,25998.275390625,-152.275390625,152.275390625,23187.794589996338
2001-08-23 04:00:00,26004.0,25864.625,139.375,139.375,19425.390625
2001-08-23 05:00:00,27340.0,27427.328125,-87.328125,87.328125,7626.201416015625
2001-08-23 06:00:00,29727.0,29895.25,-168.25,168.25,28308.0625
2001-08-23 07:00:00,32596.0,32584.138671875,11.861328125,11.861328125,140.69110488891602
2001-08-23 08:00:00,34614.0,35101.109375,-487.109375,487.109375,237275.54321289062
2001-08-23 09:00:00,36532.0,36669.5546875,-137.5546875,137.5546875,18921.292053222656
2001-08-23 10:00:00,38553.0,38292.43359375,260.56640625,260.56640625,67894.85206604004
2001-08-23 11:00:00,40021.0,39866.72265625,154.27734375,154.27734375,23801.498794555664
2001-08-23 12:00:00,40797.0,40703.203125,93.796875,93.796875,8797.853759765625
2001-08-23 13:00:00,41242.0,41417.23046875,-175.23046875,175.23046875,30705.717178344727
2001-08-23 14:00:00,41343.0,41532.57421875,-189.57421875,189.57421875,35938.38441467285
2001-08-23 15:00:00,41100.0,41825.7265625,-725.7265625,725.7265625,526679.0435180664
2001-08-23 16:00:00,40739.0,41289.45703125,-550.45703125,550.45703125,303002.9432525635
2001-08-23 17:00:00,40172.0,40245.51171875,-73.51171875,73.51171875,5403.972793579102
2001-08-23 18:00:00,39194.0,38627.53125,566.46875,566.46875,320886.8447265625
2001-08-23 19:00:00,38881.0,37981.32421875,899.67578125,899.67578125,809416.5113677979
2001-08-23 20:00:00,38923.0,38500.18359375,422.81640625,422.81640625,178773.71339416504
2001-08-23 21:00:00,37353.0,38093.3125,-740.3125,740.3125,548062.59765625
2001-08-23 22:00:00,34435.0,34295.30859375,139.69140625,139.69140625,19513.68898010254
2001-08-23 23:00:00,31561.0,31255.984375,305.015625,305.015625,93034.53149414062
2001-08-24 00:00:00,29063.0,28876.59375,186.40625,186.40625,34747.2900390625
2001-08-24 01:00:00,27384.0,27189.31640625,194.68359375,194.68359375,37901.70167541504
2001-08-24 02:00:00,26166.0,26382.4140625,-216.4140625,216.4140625,46835.046447753906
2001-08-24 03:00:00,25573.0,25304.224609375,268.775390625,268.775390625,72240.21060562134
2001-08-24 04:00:00,25777.0,25710.837890625,66.162109375,66.162109375,4377.424716949463
2001-08-24 05:00:00,27049.0,26500.05859375,548.94140625,548.94140625,301336.66749572754
2001-08-24 06:00:00,29400.0,29867.072265625,-467.072265625,467.072265625,218156.50131607056
2001-08-24 07:00:00,31835.0,32108.3046875,-273.3046875,273.3046875,74695.45220947266
2001-08-24 08:00:00,34108.0,34250.33203125,-142.33203125,142.33203125,20258.407119750977
2001-08-24 09:00:00,36151.0,36233.609375,-82.609375,82.609375,6824.308837890625
2001-08-24 10:00:00,38165.0,37993.73046875,171.26953125,171.26953125,29333.252334594727
2001-08-24 11:00:00,39456.0,39430.22265625,25.77734375,25.77734375,664.4714508056641
2001-08-24 12:00:00,40444.0,40284.79296875,159.20703125,159.20703125,25346.878799438477
2001-08-24 13:00:00,41579.0,41222.93359375,356.06640625,356.06640625,126783.28565979004
2001-08-24 14:00:00,42296.0,41856.1640625,439.8359375,439.8359375,193455.6519165039
2001-08-24 15:00:00,42541.0,42547.015625,-6.015625,6.015625,36.187744140625
2001-08-24 16:00:00,42580.0,42760.46875,-180.46875,180.46875,32568.9697265625
2001-08-24 17:00:00,42096.0,41935.12109375,160.87890625,160.87890625,25882.02247619629
2001-08-24 18:00:00,40461.0,40641.34375,-180.34375,180.34375,32523.8681640625
2001-08-24 19:00:00,38845.0,38760.35546875,84.64453125,84.64453125,7164.696670532227
2001-08-24 20:00:00,38852.0,38378.96484375,473.03515625,473.03515625,223762.2590484619
2001-08-24 21:00:00,37221.0,38060.08984375,-839.08984375,839.08984375,704071.7658843994
2001-08-24 22:00:00,34347.0,34363.1953125,-16.1953125,16.1953125,262.28814697265625
2001-08-24 23:00:00,31447.0,31448.283203125,-1.283203125,1.283203125,1.6466102600097656
2001-08-25 00:00:00,28815.0,28978.60546875,-163.60546875,163.60546875,26766.749404907227
2001-08-25 01:00:00,26907.0,27001.78125,-94.78125,94.78125,8983.4853515625
2001-08-25 02:00:00,25659.0,25885.61328125,-226.61328125,226.61328125,51353.5792388916
2001-08-25 03:00:00,24889.0,24580.849609375,308.150390625,308.150390625,94956.66324234009
2001-08-25 04:00:00,24389.0,24200.375,188.625,188.625,35579.390625
2001-08-25 05:00:00,24688.0,24424.83984375,263.16015625,263.16015625,69253.26783752441
2001-08-25 06:00:00,25122.0,25224.5,-102.5,102.5,10506.25
2001-08-25 07:00:00,26447.0,26696.474609375,-249.474609375,249.474609375,62237.58072280884
2001-08-25 08:00:00,29169.0,29031.86328125,137.13671875,137.13671875,18806.4796295166
2001-08-25 09:00:00,31649.0,31807.162109375,-158.162109375,158.162109375,25015.252841949463
2001-08-25 10:00:00,33626.0,33737.82421875,-111.82421875,111.82421875,12504.655899047852
2001-08-25 11:00:00,34620.0,34938.0,-318.0,318.0,101124.0
2001-08-25 12:00:00,35190.0,35158.11328125,31.88671875,31.88671875,1016.7628326416016
2001-08-25 13:00:00,35270.0,35416.29296875,-146.29296875,146.29296875,21401.632705688477
2001-08-25 14:00:00,35548.0,35554.92578125,-6.92578125,6.92578125,47.96644592285156
2001-08-25 15:00:00,35640.0,35602.5078125,37.4921875,37.4921875,1405.6641235351562
2001-08-25 16:00:00,35883.0,35972.48828125,-89.48828125,89.48828125,8008.152481079102
2001-08-25 17:00:00,35611.0,36010.86328125,-399.86328125,399.86328125,159890.6436920166
2001-08-25 18:00:00,34407.0,35120.671875,-713.671875,713.671875,509327.5451660156
2001-08-25 19:00:00,33125.0,33682.46875,-557.46875,557.46875,310771.4072265625
2001-08-25 20:00:00,33447.0,33706.8515625,-259.8515625,259.8515625,67522.8345336914
2001-08-25 21:00:00,32193.0,33107.4765625,-914.4765625,914.4765625,836267.3833618164
2001-08-25 22:00:00,30074.0,30334.623046875,-260.623046875,260.623046875,67924.37256240845
2001-08-25 23:00:00,27759.0,27637.677734375,121.322265625,121.322265625,14719.092136383057
2001-08-26 00:00:00,25580.0,25460.775390625,119.224609375,119.224609375,14214.507480621338
2001-08-26 01:00:00,24000.0,24008.4921875,-8.4921875,8.4921875,72.11724853515625
2001-08-26 02:00:00,22920.0,22993.814453125,-73.814453125,73.814453125,5448.573490142822
2001-08-26 03:00:00,22179.0,22203.38671875,-24.38671875,24.38671875,594.7120513916016
2001-08-26 04:00:00,21909.0,21987.775390625,-78.775390625,78.775390625,6205.562168121338
2001-08-26 05:00:00,21915.0,21687.013671875,227.986328125,227.986328125,51977.765811920166
2001-08-26 06:00:00,22059.0,22129.017578125,-70.017578125,70.017578125,4902.4612464904785
2001-08-26 07:00:00,22676.0,23125.771484375,-449.771484375,449.771484375,202294.38815689087
2001-08-26 08:00:00,25257.0,24805.763671875,451.236328125,451.236328125,203614.22381973267
2001-08-26 09:00:00,27449.0,27873.47265625,-424.47265625,424.47265625,180177.03590393066
2001-08-26 10:00:00,29474.0,28837.939453125,636.060546875,636.060546875,404573.0192909241
2001-08-26 11:00:00,31125.0,30866.05859375,258.94140625,258.94140625,67050.65187072754
2001-08-26 12:00:00,32389.0,32509.701171875,-120.701171875,120.701171875,14568.772891998291
2001-08-26 13:00:00,33513.0,33251.109375,261.890625,261.890625,68586.69946289062
2001-08-26 14:00:00,34233.0,34349.52734375,-116.52734375,116.52734375,13578.621841430664
2001-08-26 15:00:00,35042.0,34966.05078125,75.94921875,75.94921875,5768.283828735352
2001-08-26 16:00:00,35721.0,35860.8203125,-139.8203125,139.8203125,19549.719787597656
2001-08-26 17:00:00,35945.0,36207.54296875,-262.54296875,262.54296875,68928.81044006348
2001-08-26 18:00:00,35361.0,35793.8515625,-432.8515625,432.8515625,187360.4751586914
2001-08-26 19:00:00,34788.0,34888.359375,-100.359375,100.359375,10072.004150390625
2001-08-26 20:00:00,35967.0,34798.3046875,1168.6953125,1168.6953125,1365848.7334594727
2001-08-26 21:00:00,34973.0,35611.7421875,-638.7421875,638.7421875,407991.58209228516
2001-08-26 22:00:00,32641.0,32821.40625,-180.40625,180.40625,32546.4150390625
2001-08-26 23:00:00,30033.0,30080.5390625,-47.5390625,47.5390625,2259.9624633789062
2001-08-27 00:00:00,28114.0,27613.498046875,500.501953125,500.501953125,250502.2050819397
2001-08-27 01:00:00,26701.0,26616.599609375,84.400390625,84.400390625,7123.425937652588
2001-08-27 02:00:00,25980.0,25814.41796875,165.58203125,165.58203125,27417.409072875977
2001-08-27 03:00:00,25585.0,25501.099609375,83.900390625,83.900390625,7039.275547027588
2001-08-27 04:00:00,25911.0,25636.4453125,274.5546875,274.5546875,75380.27642822266
2001-08-27 05:00:00,27552.0,27678.9453125,-126.9453125,126.9453125,16115.112365722656
2001-08-27 06:00:00,30399.0,30706.09375,-307.09375,307.09375,94306.5712890625
2001-08-27 07:00:00,33045.0,33455.66015625,-410.66015625,410.66015625,168641.7639312744
2001-08-27 08:00:00,35783.0,35449.23828125,333.76171875,333.76171875,111396.8849029541
2001-08-27 09:00:00,38179.0,37925.4765625,253.5234375,253.5234375,64274.133361816406
2001-08-27 10:00:00,40504.0,40545.51171875,-41.51171875,41.51171875,1723.2227935791016
2001-08-27 11:00:00,42404.0,42186.796875,217.203125,217.203125,47177.197509765625
2001-08-27 12:00:00,43701.0,43715.38671875,-14.38671875,14.38671875,206.97767639160156
2001-08-27 13:00:00,44871.0,44834.81640625,36.18359375,36.18359375,1309.252456665039
2001-08-27 14:00:00,45588.0,44634.9140625,953.0859375,953.0859375,908372.8042602539
2001-08-27 15:00:00,45526.0,45623.58203125,-97.58203125,97.58203125,9522.252822875977
2001-08-27 16:00:00,45231.0,45900.55078125,-669.55078125,669.55078125,448298.24867248535
2001-08-27 17:00:00,44605.0,45089.7421875,-484.7421875,484.7421875,234974.98834228516
2001-08-27 18:00:00,43211.0,43041.82421875,169.17578125,169.17578125,28620.44496154785
2001-08-27 19:00:00,42272.0,41417.7265625,854.2734375,854.2734375,729783.1060180664
2001-08-27 20:00:00,42653.0,41159.98046875,1493.01953125,1493.01953125,2229107.3206939697
2001-08-27 21:00:00,40497.0,40918.5546875,-421.5546875,421.5546875,177708.35455322266
2001-08-27 22:00:00,36782.0,37091.890625,-309.890625,309.890625,96032.19946289062
2001-08-27 23:00:00,33420.0,33154.12890625,265.87109375,265.87109375,70687.43849182129
2001-08-28 00:00:00,30723.0,30370.080078125,352.919921875,352.919921875,124552.4712562561
2001-08-28 01:00:00,28891.0,28976.494140625,-85.494140625,85.494140625,7309.248081207275
2001-08-28 02:00:00,27885.0,27832.224609375,52.775390625,52.775390625,2785.241855621338
2001-08-28 03:00:00,27209.0,26989.990234375,219.009765625,219.009765625,47965.27743911743
2001-08-28 04:00:00,27270.0,27197.47265625,72.52734375,72.52734375,5260.215591430664
2001-08-28 05:00:00,28767.0,28246.6328125,520.3671875,520.3671875,270782.00982666016
2001-08-28 06:00:00,31562.0,31255.859375,306.140625,306.140625,93722.08227539062
2001-08-28 07:00:00,33907.0,34524.95703125,-617.95703125,617.95703125,381870.8924713135
2001-08-28 08:00:00,35986.0,36351.76953125,-365.76953125,365.76953125,133787.34999084473
2001-08-28 09:00:00,38026.0,37771.6640625,254.3359375,254.3359375,64686.769104003906
2001-08-28 10:00:00,40341.0,39889.96484375,451.03515625,451.03515625,203432.7121734619
2001-08-28 11:00:00,42366.0,41734.6640625,631.3359375,631.3359375,398585.0659790039
2001-08-28 12:00:00,43616.0,43436.96875,179.03125,179.03125,32052.1884765625
2001-08-28 13:00:00,44710.0,44791.62890625,-81.62890625,81.62890625,6663.278335571289
2001-08-28 14:00:00,45616.0,45315.68359375,300.31640625,300.31640625,90189.94386291504
2001-08-28 15:00:00,46073.0,45928.4609375,144.5390625,144.5390625,20891.540588378906
2001-08-28 16:00:00,46301.0,47095.40625,-794.40625,794.40625,631081.2900390625
2001-08-28 17:00:00,45760.0,46594.48828125,-834.48828125,834.48828125,696370.6915435791
2001-08-28 18:00:00,43880.0,44183.984375,-303.984375,303.984375,92406.50024414062
2001-08-28 19:00:00,42374.0,42822.78125,-448.78125,448.78125,201404.6103515625
2001-08-28 20:00:00,42604.0,42246.10546875,357.89453125,357.89453125,128088.49549865723
2001-08-28 21:00:00,40539.0,41313.80078125,-774.80078125,774.80078125,600316.2506256104
2001-08-28 22:00:00,37026.0,37382.84375,-356.84375,356.84375,127337.4619140625
2001-08-28 23:00:00,33408.0,33683.68359375,-275.68359375,275.68359375,76001.44386291504
2001-08-29 00:00:00,30613.0,30592.40234375,20.59765625,20.59765625,424.26344299316406
2001-08-29 01:00:00,28707.0,28871.748046875,-164.748046875,164.748046875,27141.918949127197
2001-08-29 02:00:00,27473.0,27375.578125,97.421875,97.421875,9491.021728515625
2001-08-29 03:00:00,26809.0,26711.3984375,97.6015625,97.6015625,9526.065002441406
2001-08-29 04:00:00,26673.0,26923.302734375,-250.302734375,250.302734375,62651.45883560181
2001-08-29 05:00:00,28121.0,27646.45703125,474.54296875,474.54296875,225191.02919006348
2001-08-29 06:00:00,30840.0,30944.22265625,-104.22265625,104.22265625,10862.362075805664
2001-08-29 07:00:00,33251.0,33332.5703125,-81.5703125,81.5703125,6653.715881347656
2001-08-29 08:00:00,35512.0,35403.63671875,108.36328125,108.36328125,11742.600723266602
2001-08-29 09:00:00,37573.0,37351.8671875,221.1328125,221.1328125,48899.720764160156
2001-08-29 10:00:00,39314.0,39198.7421875,115.2578125,115.2578125,13284.363342285156
2001-08-29 11:00:00,40667.0,40577.06640625,89.93359375,89.93359375,8088.051284790039
2001-08-29 12:00:00,41567.0,41355.6796875,211.3203125,211.3203125,44656.274475097656
2001-08-29 13:00:00,42527.0,42260.30859375,266.69140625,266.69140625,71124.30616760254
2001-08-29 14:00:00,42882.0,43100.33984375,-218.33984375,218.33984375,47672.287368774414
2001-08-29 15:00:00,43244.0,43282.36328125,-38.36328125,38.36328125,1471.7413482666016
2001-08-29 16:00:00,43401.0,43080.38671875,320.61328125,320.61328125,102792.8761138916
2001-08-29 17:00:00,42989.0,42469.4140625,519.5859375,519.5859375,269969.5464477539
2001-08-29 18:00:00,41400.0,41604.06640625,-204.06640625,204.06640625,41643.09815979004
2001-08-29 19:00:00,40125.0,40206.53515625,-81.53515625,81.53515625,6647.981704711914
2001-08-29 20:00:00,40574.0,39461.4609375,1112.5390625,1112.5390625,1237743.165588379
2001-08-29 21:00:00,38529.0,39529.28515625,-1000.28515625,1000.28515625,1000570.3938140869
2001-08-29 22:00:00,34826.0,35490.0703125,-664.0703125,664.0703125,440989.37994384766
2001-08-29 23:00:00,31731.0,31717.193359375,13.806640625,13.806640625,190.6233253479004
2001-08-30 00:00:00,29033.0,28847.873046875,185.126953125,185.126953125,34271.98877334595
2001-08-30 01:00:00,27457.0,27323.291015625,133.708984375,133.708984375,17878.092502593994
2001-08-30 02:00:00,26350.0,26138.3828125,211.6171875,211.6171875,44781.834045410156
2001-08-30 03:00:00,25913.0,25507.349609375,405.650390625,405.650390625,164552.2394142151
2001-08-30 04:00:00,26103.0,26003.4609375,99.5390625,99.5390625,9908.024963378906
2001-08-30 05:00:00,27801.0,27117.244140625,683.755859375,683.755859375,467522.0752296448
2001-08-30 06:00:00,30865.0,30766.80078125,98.19921875,98.19921875,9643.086563110352
2001-08-30 07:00:00,33170.0,33370.74609375,-200.74609375,200.74609375,40298.99415588379
2001-08-30 08:00:00,35065.0,35308.5078125,-243.5078125,243.5078125,59296.054748535156
2001-08-30 09:00:00,36518.0,36823.4140625,-305.4140625,305.4140625,93277.7495727539
2001-08-30 10:00:00,37906.0,38224.21484375,-318.21484375,318.21484375,101260.68678283691
2001-08-30 11:00:00,39520.0,38972.1640625,547.8359375,547.8359375,300124.2144165039
2001-08-30 12:00:00,40518.0,40208.08984375,309.91015625,309.91015625,96044.30494689941
2001-08-30 13:00:00,41370.0,41317.578125,52.421875,52.421875,2748.052978515625
2001-08-30 14:00:00,41799.0,42128.5234375,-329.5234375,329.5234375,108585.6958618164
2001-08-30 15:00:00,42073.0,42501.375,-428.375,428.375,183505.140625
2001-08-30 16:00:00,42093.0,42439.37890625,-346.37890625,346.37890625,119978.34669494629
2001-08-30 17:00:00,41289.0,41597.54296875,-308.54296875,308.54296875,95198.76356506348
2001-08-30 18:00:00,39943.0,40049.171875,-106.171875,106.171875,11272.467041015625
2001-08-30 19:00:00,39433.0,38396.36328125,1036.63671875,1036.63671875,1074615.6866607666
2001-08-30 20:00:00,40054.0,39034.39453125,1019.60546875,1019.60546875,1039595.3119049072
2001-08-30 21:00:00,38297.0,38937.6875,-640.6875,640.6875,410480.47265625
2001-08-30 22:00:00,35357.0,35503.28125,-146.28125,146.28125,21398.2041015625
2001-08-30 23:00:00,32467.0,32221.806640625,245.193359375,245.193359375,60119.7834815979
2001-08-31 00:00:00,29899.0,29783.650390625,115.349609375,115.349609375,13305.532382965088
2001-08-31 01:00:00,28347.0,28041.046875,305.953125,305.953125,93607.31469726562
2001-08-31 02:00:00,27395.0,27220.390625,174.609375,174.609375,30488.433837890625
2001-08-31 03:00:00,26917.0,26570.404296875,346.595703125,346.595703125,120128.58142471313
2001-08-31 04:00:00,27191.0,26751.96875,439.03125,439.03125,192748.4384765625
2001-08-31 05:00:00,28635.0,28162.015625,472.984375,472.984375,223714.21899414062
2001-08-31 06:00:00,31494.0,31372.029296875,121.970703125,121.970703125,14876.852420806885
2001-08-31 07:00:00,34066.0,34465.140625,-399.140625,399.140625,159313.23852539062
2001-08-31 08:00:00,36339.0,36586.12890625,-247.12890625,247.12890625,61072.69630432129
2001-08-31 09:00:00,38481.0,38151.97265625,329.02734375,329.02734375,108258.99293518066
2001-08-31 10:00:00,40476.0,40225.75390625,250.24609375,250.24609375,62623.10743713379
2001-08-31 11:00:00,42312.0,42030.1328125,281.8671875,281.8671875,79449.11138916016
2001-08-31 12:00:00,43564.0,43346.4296875,217.5703125,217.5703125,47336.840881347656
2001-08-31 13:00:00,44637.0,44669.53515625,-32.53515625,32.53515625,1058.536392211914
2001-08-31 14:00:00,45347.0,45023.1953125,323.8046875,323.8046875,104849.47564697266
2001-08-31 15:00:00,45505.0,45474.48046875,30.51953125,30.51953125,931.4417877197266
2001-08-31 16:00:00,45459.0,45932.4765625,-473.4765625,473.4765625,224180.0552368164
2001-08-31 17:00:00,44539.0,44986.3203125,-447.3203125,447.3203125,200095.46197509766
2001-08-31 18:00:00,42732.0,43182.08984375,-450.08984375,450.08984375,202580.8674468994
2001-08-31 19:00:00,41620.0,41078.109375,541.890625,541.890625,293645.4494628906
2001-08-31 20:00:00,41372.0,40883.51953125,488.48046875,488.48046875,238613.16835021973
2001-08-31 21:00:00,39392.0,40188.375,-796.375,796.375,634213.140625
2001-08-31 22:00:00,36455.0,36550.17578125,-95.17578125,95.17578125,9058.429336547852
2001-08-31 23:00:00,33489.0,32995.08984375,493.91015625,493.91015625,243947.2424468994
2001-09-01 00:00:00,30773.0,30546.01171875,226.98828125,226.98828125,51523.6798248291
2001-09-01 01:00:00,28977.0,28751.876953125,225.123046875,225.123046875,50680.38623428345
2001-09-01 02:00:00,27609.0,27496.880859375,112.119140625,112.119140625,12570.701694488525
2001-09-01 03:00:00,26620.0,26463.640625,156.359375,156.359375,24448.254150390625
2001-09-01 04:00:00,26143.0,26395.421875,-252.421875,252.421875,63716.802978515625
2001-09-01 05:00:00,26219.0,26629.6015625,-410.6015625,410.6015625,168593.6431274414
2001-09-01 06:00:00,26700.0,26959.623046875,-259.623046875,259.623046875,67404.12646865845
2001-09-01 07:00:00,27327.0,28361.26171875,-1034.26171875,1034.26171875,1069697.302871704
2001-09-01 08:00:00,29476.0,29859.783203125,-383.783203125,383.783203125,147289.547000885
2001-09-01 09:00:00,31103.0,31631.857421875,-528.857421875,528.857421875,279690.1726722717
2001-09-01 10:00:00,32197.0,33452.81640625,-1255.81640625,1255.81640625,1577074.846206665
2001-09-01 11:00:00,32676.0,33312.43359375,-636.43359375,636.43359375,405047.71925354004
2001-09-01 12:00:00,32866.0,33240.4609375,-374.4609375,374.4609375,140220.9937133789
2001-09-01 13:00:00,33061.0,32676.296875,384.703125,384.703125,147996.49438476562
2001-09-01 14:00:00,33191.0,32969.875,221.125,221.125,48896.265625
2001-09-01 15:00:00,33366.0,33297.67578125,68.32421875,68.32421875,4668.198867797852
2001-09-01 16:00:00,33609.0,33600.01953125,8.98046875,8.98046875,80.64881896972656
2001-09-01 17:00:00,33442.0,33655.046875,-213.046875,213.046875,45388.970947265625
2001-09-01 18:00:00,32280.0,32740.001953125,-460.001953125,460.001953125,211601.7968788147
2001-09-01 19:00:00,31306.0,32040.546875,-734.546875,734.546875,539559.1115722656
2001-09-01 20:00:00,31687.0,31309.564453125,377.435546875,377.435546875,142457.59204483032
2001-09-01 21:00:00,30174.0,31285.814453125,-1111.814453125,1111.814453125,1236131.3781776428
2001-09-01 22:00:00,28026.0,28098.77734375,-72.77734375,72.77734375,5296.541763305664
2001-09-01 23:00:00,25711.0,25686.6171875,24.3828125,24.3828125,594.5215454101562
2001-09-02 00:00:00,24431.0,23787.09375,643.90625,643.90625,414615.2587890625
2001-09-02 01:00:00,22106.0,23248.384765625,-1142.384765625,1142.384765625,1305042.9527320862
2001-09-02 02:00:00,21079.0,21737.990234375,-658.990234375,658.990234375,434268.12900161743
2001-09-02 03:00:00,20391.0,21076.166015625,-685.166015625,685.166015625,469452.46896743774
2001-09-02 04:00:00,20113.0,20732.486328125,-619.486328125,619.486328125,383763.31073379517
2001-09-02 05:00:00,20187.0,20740.791015625,-553.791015625,553.791015625,306684.488986969
2001-09-02 06:00:00,20231.0,21254.703125,-1023.703125,1023.703125,1047968.0881347656
2001-09-02 07:00:00,20985.0,21627.91796875,-642.91796875,642.91796875,413343.514541626
2001-09-02 08:00:00,23039.0,22776.228515625,262.771484375,262.771484375,69048.85300064087
2001-09-02 09:00:00,24825.0,24879.279296875,-54.279296875,54.279296875,2946.2420692443848
2001-09-02 10:00:00,26015.0,25971.6015625,43.3984375,43.3984375,1883.4243774414062
2001-09-02 11:00:00,27161.0,26914.685546875,246.314453125,246.314453125,60670.80981826782
2001-09-02 12:00:00,27338.0,27805.55078125,-467.55078125,467.55078125,218603.73304748535
2001-09-02 13:00:00,27580.0,27364.970703125,215.029296875,215.029296875,46237.598514556885
2001-09-02 14:00:00,27728.0,27714.18359375,13.81640625,13.81640625,190.89308166503906
2001-09-02 15:00:00,27960.0,27809.404296875,150.595703125,150.595703125,22679.065799713135
2001-09-02 16:00:00,28275.0,28356.517578125,-81.517578125,81.517578125,6645.1155433654785
2001-09-02 17:00:00,28473.0,28555.6953125,-82.6953125,82.6953125,6838.514709472656
2001-09-02 18:00:00,27921.0,28377.734375,-456.734375,456.734375,208606.28930664062
2001-09-02 19:00:00,27565.0,28568.259765625,-1003.259765625,1003.259765625,1006530.1573219299
2001-09-02 20:00:00,28412.0,28266.349609375,145.650390625,145.650390625,21214.036289215088
2001-09-02 21:00:00,27381.0,28058.173828125,-677.173828125,677.173828125,458564.39349746704
2001-09-02 22:00:00,25801.0,25933.294921875,-132.294921875,132.294921875,17501.946353912354
2001-09-02 23:00:00,23922.0,23856.4140625,65.5859375,65.5859375,4301.515197753906
2001-09-03 00:00:00,22115.0,21963.044921875,151.955078125,151.955078125,23090.345767974854
2001-09-03 01:00:00,20967.0,20906.423828125,60.576171875,60.576171875,3669.472599029541
2001-09-03 02:00:00,20210.0,20543.4140625,-333.4140625,333.4140625,111164.9370727539
2001-09-03 03:00:00,19757.0,19797.498046875,-40.498046875,40.498046875,1640.0918006896973
2001-09-03 04:00:00,19651.0,19850.853515625,-199.853515625,199.853515625,39941.42770767212
2001-09-03 05:00:00,19976.0,19938.28515625,37.71484375,37.71484375,1422.409439086914
2001-09-03 06:00:00,20373.0,21799.47265625,-1426.47265625,1426.47265625,2034824.2390289307
2001-09-03 07:00:00,21027.0,22086.455078125,-1059.455078125,1059.455078125,1122445.0625648499
2001-09-03 08:00:00,23303.0,23181.81640625,121.18359375,121.18359375,14685.463394165039
2001-09-03 09:00:00,25804.0,25294.03515625,509.96484375,509.96484375,260064.1418609619
2001-09-03 10:00:00,27687.0,26812.998046875,874.001953125,874.001953125,763879.4140663147
2001-09-03 11:00:00,28758.0,28481.8828125,276.1171875,276.1171875,76240.70123291016
2001-09-03 12:00:00,29202.0,29094.162109375,107.837890625,107.837890625,11629.010654449463
2001-09-03 13:00:00,29585.0,29538.59765625,46.40234375,46.40234375,2153.177505493164
2001-09-03 14:00:00,30060.0,29923.94140625,136.05859375,136.05859375,18511.94093322754
2001-09-03 15:00:00,30172.0,30541.236328125,-369.236328125,369.236328125,136335.46600723267
2001-09-03 16:00:00,30691.0,30738.578125,-47.578125,47.578125,2263.677978515625
2001-09-03 17:00:00,30888.0,31390.412109375,-502.412109375,502.412109375,252417.92764663696
2001-09-03 18:00:00,30299.0,30873.41796875,-574.41796875,574.41796875,329956.002822876
2001-09-03 19:00:00,30558.0,30747.384765625,-189.384765625,189.384765625,35866.58945083618
2001-09-03 20:00:00,32037.0,30489.298828125,1547.701171875,1547.701171875,2395378.9174232483
2001-09-03 21:00:00,30958.0,31020.126953125,-62.126953125,62.126953125,3859.7583045959473
2001-09-03 22:00:00,28211.0,28476.4609375,-265.4609375,265.4609375,70469.5093383789
2001-09-03 23:00:00,25910.0,25762.796875,147.203125,147.203125,21668.760009765625
2001-09-04 00:00:00,23985.0,23819.009765625,165.990234375,165.990234375,27552.75790786743
2001-09-04 01:00:00,23001.0,22781.9765625,219.0234375,219.0234375,47971.266174316406
2001-09-04 02:00:00,22406.0,22115.076171875,290.923828125,290.923828125,84636.67377090454
2001-09-04 03:00:00,22232.0,22051.22265625,180.77734375,180.77734375,32680.448013305664
2001-09-04 04:00:00,22600.0,22721.072265625,-121.072265625,121.072265625,14658.493503570557
2001-09-04 05:00:00,24388.0,23869.720703125,518.279296875,518.279296875,268613.4295692444
2001-09-04 06:00:00,27953.0,27939.078125,13.921875,13.921875,193.818603515625
2001-09-04 07:00:00,30606.0,30731.392578125,-125.392578125,125.392578125,15723.298648834229
2001-09-04 08:00:00,32733.0,31562.55859375,1170.44140625,1170.44140625,1369933.0854644775
2001-09-04 09:00:00,34668.0,33856.81640625,811.18359375,811.18359375,658018.822769165
2001-09-04 10:00:00,36064.0,35706.34375,357.65625,357.65625,127917.9931640625
2001-09-04 11:00:00,37397.0,36825.515625,571.484375,571.484375,326594.3908691406
2001-09-04 12:00:00,38688.0,38194.37890625,493.62109375,493.62109375,243661.7841949463
2001-09-04 13:00:00,39458.0,39552.94921875,-94.94921875,94.94921875,9015.354141235352
2001-09-04 14:00:00,39678.0,40108.2421875,-430.2421875,430.2421875,185108.33990478516
2001-09-04 15:00:00,40352.0,39716.28515625,635.71484375,635.71484375,404133.3625640869
2001-09-04 16:00:00,40518.0,40719.16796875,-201.16796875,201.16796875,40468.55165100098
2001-09-04 17:00:00,40232.0,40700.6640625,-468.6640625,468.6640625,219646.0034790039
2001-09-04 18:00:00,39061.0,39193.00390625,-132.00390625,132.00390625,17425.03126525879
2001-09-04 19:00:00,38475.0,38636.578125,-161.578125,161.578125,26107.490478515625
2001-09-04 20:00:00,39123.0,38417.4921875,705.5078125,705.5078125,497741.27349853516
2001-09-04 21:00:00,37139.0,37867.75,-728.75,728.75,531076.5625
2001-09-04 22:00:00,33533.0,34060.328125,-527.328125,527.328125,278074.9514160156
2001-09-04 23:00:00,30074.0,29534.333984375,539.666015625,539.666015625,291239.40842056274
2001-09-05 00:00:00,27670.0,27304.5625,365.4375,365.4375,133544.56640625
2001-09-05 01:00:00,26023.0,25995.982421875,27.017578125,27.017578125,729.9495277404785
2001-09-05 02:00:00,24937.0,24979.34375,-42.34375,42.34375,1792.9931640625
2001-09-05 03:00:00,24201.0,24564.015625,-363.015625,363.015625,131780.34399414062
2001-09-05 04:00:00,24219.0,24272.40625,-53.40625,53.40625,2852.2275390625
2001-09-05 05:00:00,25752.0,25566.123046875,185.876953125,185.876953125,34550.24170303345
2001-09-05 06:00:00,28971.0,29386.94140625,-415.94140625,415.94140625,173007.25343322754
2001-09-05 07:00:00,30892.0,31567.927734375,-675.927734375,675.927734375,456878.30209732056
2001-09-05 08:00:00,32463.0,32942.0,-479.0,479.0,229441.0
2001-09-05 09:00:00,33861.0,33837.71875,23.28125,23.28125,542.0166015625
2001-09-05 10:00:00,34723.0,35024.59765625,-301.59765625,301.59765625,90961.14625549316
2001-09-05 11:00:00,35404.0,35378.24609375,25.75390625,25.75390625,663.2636871337891
2001-09-05 12:00:00,35918.0,35667.87890625,250.12109375,250.12109375,62560.56153869629
2001-09-05 13:00:00,36538.0,36091.1484375,446.8515625,446.8515625,199676.3189086914
2001-09-05 14:00:00,36941.0,37066.1328125,-125.1328125,125.1328125,15658.220764160156
2001-09-05 15:00:00,37185.0,37249.57421875,-64.57421875,64.57421875,4169.829727172852
2001-09-05 16:00:00,37436.0,37207.29296875,228.70703125,228.70703125,52306.90614318848
2001-09-05 17:00:00,37113.0,36939.67578125,173.32421875,173.32421875,30041.28480529785
2001-09-05 18:00:00,35836.0,35950.28515625,-114.28515625,114.28515625,13061.096939086914
2001-09-05 19:00:00,35080.0,35163.765625,-83.765625,83.765625,7016.679931640625
2001-09-05 20:00:00,35452.0,35434.87109375,17.12890625,17.12890625,293.39942932128906
2001-09-05 21:00:00,33393.0,34467.88671875,-1074.88671875,1074.88671875,1155381.4581451416
2001-09-05 22:00:00,29938.0,30749.861328125,-811.861328125,811.861328125,659118.8161048889
2001-09-05 23:00:00,26827.0,27188.484375,-361.484375,361.484375,130670.95336914062
2001-09-06 00:00:00,24510.0,24347.017578125,162.982421875,162.982421875,26563.26984024048
2001-09-06 01:00:00,23190.0,23218.076171875,-28.076171875,28.076171875,788.271427154541
2001-09-06 02:00:00,22482.0,22402.794921875,79.205078125,79.205078125,6273.4444007873535
2001-09-06 03:00:00,22084.0,21999.1875,84.8125,84.8125,7193.16015625
2001-09-06 04:00:00,22474.0,22248.294921875,225.705078125,225.705078125,50942.78229141235
2001-09-06 05:00:00,23997.0,23970.673828125,26.326171875,26.326171875,693.067325592041
2001-09-06 06:00:00,27210.0,27316.8828125,-106.8828125,106.8828125,11423.935607910156
2001-09-06 07:00:00,29290.0,29525.189453125,-235.189453125,235.189453125,55314.07886123657
2001-09-06 08:00:00,30850.0,30598.64453125,251.35546875,251.35546875,63179.57167053223
2001-09-06 09:00:00,32196.0,31685.32421875,510.67578125,510.67578125,260789.75355529785
2001-09-06 10:00:00,33493.0,33152.87890625,340.12109375,340.12109375,115682.35841369629
2001-09-06 11:00:00,34305.0,34460.5234375,-155.5234375,155.5234375,24187.539611816406
2001-09-06 12:00:00,34851.0,34834.3046875,16.6953125,16.6953125,278.73345947265625
2001-09-06 13:00:00,35611.0,35307.765625,303.234375,303.234375,91951.08618164062
2001-09-06 14:00:00,36075.0,36193.30859375,-118.30859375,118.30859375,13996.923355102539
2001-09-06 15:00:00,36608.0,36327.1015625,280.8984375,280.8984375,78903.9321899414
2001-09-06 16:00:00,36914.0,36729.50390625,184.49609375,184.49609375,34038.80860900879
2001-09-06 17:00:00,36759.0,36563.86328125,195.13671875,195.13671875,38078.3390045166
2001-09-06 18:00:00,35541.0,35484.296875,56.703125,56.703125,3215.244384765625
2001-09-06 19:00:00,35121.0,35316.234375,-195.234375,195.234375,38116.461181640625
2001-09-06 20:00:00,35511.0,35307.9609375,203.0390625,203.0390625,41224.860900878906
2001-09-06 21:00:00,33347.0,34414.78515625,-1067.78515625,1067.78515625,1140165.139907837
2001-09-06 22:00:00,30206.0,30587.263671875,-381.263671875,381.263671875,145361.98749160767
2001-09-06 23:00:00,27240.0,27206.24609375,33.75390625,33.75390625,1139.326187133789
2001-09-07 00:00:00,24966.0,24936.62109375,29.37890625,29.37890625,863.1201324462891
2001-09-07 01:00:00,23635.0,23379.25390625,255.74609375,255.74609375,65406.06446838379
2001-09-07 02:00:00,22710.0,22778.638671875,-68.638671875,68.638671875,4711.267276763916
2001-09-07 03:00:00,22446.0,22314.24609375,131.75390625,131.75390625,17359.09181213379
2001-09-07 04:00:00,22762.0,22584.255859375,177.744140625,177.744140625,31592.979526519775
2001-09-07 05:00:00,24337.0,24128.3125,208.6875,208.6875,43550.47265625
2001-09-07 06:00:00,27569.0,28060.587890625,-491.587890625,491.587890625,241658.65420913696
2001-09-07 07:00:00,29892.0,30204.173828125,-312.173828125,312.173828125,97452.49896621704
2001-09-07 08:00:00,31636.0,31208.3984375,427.6015625,427.6015625,182843.0962524414
2001-09-07 09:00:00,33201.0,32985.78125,215.21875,215.21875,46319.1103515625
2001-09-07 10:00:00,34738.0,34432.68359375,305.31640625,305.31640625,93218.10792541504
2001-09-07 11:00:00,35745.0,35638.69921875,106.30078125,106.30078125,11299.856094360352
2001-09-07 12:00:00,36484.0,36055.1015625,428.8984375,428.8984375,183953.8696899414
2001-09-07 13:00:00,37495.0,37418.25390625,76.74609375,76.74609375,5889.962905883789
2001-09-07 14:00:00,38095.0,38062.546875,32.453125,32.453125,1053.205322265625
2001-09-07 15:00:00,38516.0,37910.0546875,605.9453125,605.9453125,367169.72174072266
2001-09-07 16:00:00,38639.0,38425.05078125,213.94921875,213.94921875,45774.26820373535
2001-09-07 17:00:00,38138.0,38289.2109375,-151.2109375,151.2109375,22864.747619628906
2001-09-07 18:00:00,36656.0,36805.16796875,-149.16796875,149.16796875,22251.082901000977
2001-09-07 19:00:00,35843.0,36180.6640625,-337.6640625,337.6640625,114017.0191040039
2001-09-07 20:00:00,35880.0,35728.2109375,151.7890625,151.7890625,23039.919494628906
2001-09-07 21:00:00,33974.0,34688.3828125,-714.3828125,714.3828125,510342.80279541016
2001-09-07 22:00:00,31332.0,31348.34375,-16.34375,16.34375,267.1181640625
2001-09-07 23:00:00,28662.0,28622.953125,39.046875,39.046875,1524.658447265625
2001-09-08 00:00:00,26399.0,26198.443359375,200.556640625,200.556640625,40222.9660987854
2001-09-08 01:00:00,24939.0,24751.671875,187.328125,187.328125,35091.826416015625
2001-09-08 02:00:00,23757.0,23999.791015625,-242.791015625,242.791015625,58947.477268218994
2001-09-08 03:00:00,23064.0,23299.94140625,-235.94140625,235.94140625,55668.34718322754
2001-09-08 04:00:00,22798.0,22922.283203125,-124.283203125,124.283203125,15446.31457901001
2001-09-08 05:00:00,23216.0,23175.92578125,40.07421875,40.07421875,1605.9430084228516
2001-09-08 06:00:00,23868.0,24304.21484375,-436.21484375,436.21484375,190283.3899078369
2001-09-08 07:00:00,24904.0,24997.2578125,-93.2578125,93.2578125,8697.019592285156
2001-09-08 08:00:00,27777.0,26857.2890625,919.7109375,919.7109375,845868.2085571289
2001-09-08 09:00:00,30164.0,29709.0546875,454.9453125,454.9453125,206975.23736572266
2001-09-08 10:00:00,31978.0,31785.46875,192.53125,192.53125,37068.2822265625
2001-09-08 11:00:00,33141.0,32980.45703125,160.54296875,160.54296875,25774.044815063477
2001-09-08 12:00:00,34040.0,33547.3671875,492.6328125,492.6328125,242687.08795166016
2001-09-08 13:00:00,34775.0,34432.6640625,342.3359375,342.3359375,117193.8941040039
2001-09-08 14:00:00,35268.0,34914.8984375,353.1015625,353.1015625,124680.7134399414
2001-09-08 15:00:00,35815.0,35719.87890625,95.12109375,95.12109375,9048.022476196289
2001-09-08 16:00:00,35964.0,36000.8828125,-36.8828125,36.8828125,1360.3418579101562
2001-09-08 17:00:00,35860.0,35765.28515625,94.71484375,94.71484375,8970.901626586914
2001-09-08 18:00:00,34817.0,35070.40234375,-253.40234375,253.40234375,64212.747817993164
2001-09-08 19:00:00,34601.0,34539.2578125,61.7421875,61.7421875,3812.0977172851562
2001-09-08 20:00:00,35189.0,34732.59765625,456.40234375,456.40234375,208303.09938049316
2001-09-08 21:00:00,33642.0,34241.12109375,-599.12109375,599.12109375,358946.0849761963
2001-09-08 22:00:00,31450.0,31641.19140625,-191.19140625,191.19140625,36554.15382385254
2001-09-08 23:00:00,29340.0,29089.517578125,250.482421875,250.482421875,62741.44366836548
2001-09-09 00:00:00,26689.0,27113.28515625,-424.28515625,424.28515625,180017.8938140869
2001-09-09 01:00:00,24976.0,25177.931640625,-201.931640625,201.931640625,40776.38748550415
2001-09-09 02:00:00,23974.0,24005.51171875,-31.51171875,31.51171875,992.9884185791016
2001-09-09 03:00:00,23169.0,23424.318359375,-255.318359375,255.318359375,65187.46463394165
2001-09-09 04:00:00,22734.0,22988.900390625,-254.900390625,254.900390625,64974.20914077759
2001-09-09 05:00:00,22855.0,22765.23828125,89.76171875,89.76171875,8057.166152954102
2001-09-09 06:00:00,23142.0,23372.951171875,-230.951171875,230.951171875,53338.44379043579
2001-09-09 07:00:00,23926.0,24009.259765625,-83.259765625,83.259765625,6932.188571929932
2001-09-09 08:00:00,26365.0,25590.818359375,774.181640625,774.181640625,599357.2126808167
2001-09-09 09:00:00,29072.0,28895.408203125,176.591796875,176.591796875,31184.66272354126
2001-09-09 10:00:00,31246.0,31115.787109375,130.212890625,130.212890625,16955.396884918213
2001-09-09 11:00:00,32966.0,32808.015625,157.984375,157.984375,24959.062744140625
2001-09-09 12:00:00,34456.0,34286.39453125,169.60546875,169.60546875,28766.015029907227
2001-09-09 13:00:00,35282.0,35186.34375,95.65625,95.65625,9150.1181640625
2001-09-09 14:00:00,35937.0,36096.87109375,-159.87109375,159.87109375,25558.76661682129
2001-09-09 15:00:00,36420.0,36444.546875,-24.546875,24.546875,602.549072265625
2001-09-09 16:00:00,37065.0,36593.9296875,471.0703125,471.0703125,221907.23931884766
2001-09-09 17:00:00,37087.0,37102.0234375,-15.0234375,15.0234375,225.70367431640625
2001-09-09 18:00:00,36186.0,36395.48046875,-209.48046875,209.48046875,43882.06678771973
2001-09-09 19:00:00,36270.0,35789.47265625,480.52734375,480.52734375,230906.52809143066
2001-09-09 20:00:00,37248.0,36770.828125,477.171875,477.171875,227692.99829101562
2001-09-09 21:00:00,35632.0,35917.08984375,-285.08984375,285.08984375,81276.21900939941
2001-09-09 22:00:00,32938.0,33140.04296875,-202.04296875,202.04296875,40821.36122131348
2001-09-09 23:00:00,30277.0,30319.005859375,-42.005859375,42.005859375,1764.4922218322754
2001-09-10 00:00:00,27998.0,27879.78125,118.21875,118.21875,13975.6728515625
2001-09-10 01:00:00,26745.0,26724.298828125,20.701171875,20.701171875,428.538516998291
2001-09-10 02:00:00,26059.0,25805.861328125,253.138671875,253.138671875,64079.187198638916
2001-09-10 03:00:00,25795.0,25582.1796875,212.8203125,212.8203125,45292.485412597656
2001-09-10 04:00:00,26207.0,26035.912109375,171.087890625,171.087890625,29271.066318511963
2001-09-10 05:00:00,28098.0,27822.806640625,275.193359375,275.193359375,75731.3850440979
2001-09-10 06:00:00,32016.0,31453.724609375,562.275390625,562.275390625,316153.61490249634
2001-09-10 07:00:00,34930.0,35255.74609375,-325.74609375,325.74609375,106110.51759338379
2001-09-10 08:00:00,36925.0,36709.67578125,215.32421875,215.32421875,46364.51918029785
2001-09-10 09:00:00,38546.0,38418.8515625,127.1484375,127.1484375,16166.725158691406
2001-09-10 10:00:00,40000.0,40191.72265625,-191.72265625,191.72265625,36757.576919555664
2001-09-10 11:00:00,41021.0,40765.96484375,255.03515625,255.03515625,65042.930923461914
2001-09-10 12:00:00,41994.0,41995.38671875,-1.38671875,1.38671875,1.9229888916015625
2001-09-10 13:00:00,42394.0,43046.40234375,-652.40234375,652.40234375,425628.81813049316
2001-09-10 14:00:00,43012.0,43276.8359375,-264.8359375,264.8359375,70138.0737915039
2001-09-10 15:00:00,43184.0,43463.79296875,-279.79296875,279.79296875,78284.10536193848
2001-09-10 16:00:00,42998.0,43263.375,-265.375,265.375,70423.890625
2001-09-10 17:00:00,42158.0,42512.53515625,-354.53515625,354.53515625,125695.17701721191
2001-09-10 18:00:00,41109.0,40762.73046875,346.26953125,346.26953125,119902.58827209473
2001-09-10 19:00:00,40518.0,40705.12109375,-187.12109375,187.12109375,35014.30372619629
2001-09-10 20:00:00,40375.0,40085.50390625,289.49609375,289.49609375,83807.98829650879
2001-09-10 21:00:00,37644.0,38523.55078125,-879.55078125,879.55078125,773609.5767974854
2001-09-10 22:00:00,33927.0,34069.0078125,-142.0078125,142.0078125,20166.218811035156
2001-09-10 23:00:00,30510.0,30925.8515625,-415.8515625,415.8515625,172932.5220336914
2001-09-11 00:00:00,27611.0,27967.69140625,-356.69140625,356.69140625,127228.75929260254
2001-09-11 01:00:00,25944.0,25901.05859375,42.94140625,42.94140625,1843.964370727539
2001-09-11 02:00:00,24850.0,24965.8046875,-115.8046875,115.8046875,13410.725646972656
2001-09-11 03:00:00,24296.0,24106.212890625,189.787109375,189.787109375,36019.14688491821
2001-09-11 04:00:00,24414.0,24426.259765625,-12.259765625,12.259765625,150.30185317993164
2001-09-11 05:00:00,25843.0,26152.568359375,-309.568359375,309.568359375,95832.56912612915
2001-09-11 06:00:00,29166.0,28847.1015625,318.8984375,318.8984375,101696.2134399414
2001-09-11 07:00:00,31269.0,31467.87890625,-198.87890625,198.87890625,39552.81935119629
2001-09-11 08:00:00,32704.0,33129.7890625,-425.7890625,425.7890625,181296.3257446289
2001-09-11 09:00:00,33887.0,33920.25,-33.25,33.25,1105.5625
2001-09-11 10:00:00,34796.0,34958.0390625,-162.0390625,162.0390625,26256.657775878906
2001-09-11 11:00:00,35451.0,35463.93359375,-12.93359375,12.93359375,167.27784729003906
2001-09-11 12:00:00,35790.0,35809.87890625,-19.87890625,19.87890625,395.17091369628906
2001-09-11 13:00:00,36476.0,36088.4609375,387.5390625,387.5390625,150186.5249633789
2001-09-11 14:00:00,36914.0,37130.8203125,-216.8203125,216.8203125,47011.047912597656
2001-09-11 15:00:00,37122.0,37332.75,-210.75,210.75,44415.5625
2001-09-11 16:00:00,37187.0,36980.3046875,206.6953125,206.6953125,42722.952209472656
2001-09-11 17:00:00,36762.0,36796.6796875,-34.6796875,34.6796875,1202.6807250976562
2001-09-11 18:00:00,35460.0,35599.26953125,-139.26953125,139.26953125,19396.002334594727
2001-09-11 19:00:00,34865.0,34775.00390625,89.99609375,89.99609375,8099.296890258789
2001-09-11 20:00:00,35178.0,35247.66015625,-69.66015625,69.66015625,4852.537368774414
2001-09-11 21:00:00,32949.0,33766.90234375,-817.90234375,817.90234375,668964.2439117432
2001-09-11 22:00:00,29931.0,30095.28125,-164.28125,164.28125,26988.3291015625
2001-09-11 23:00:00,27052.0,27049.712890625,2.287109375,2.287109375,5.230869293212891
2001-09-12 00:00:00,24763.0,24682.95703125,80.04296875,80.04296875,6406.876846313477
2001-09-12 01:00:00,23567.0,23430.08984375,136.91015625,136.91015625,18744.390884399414
2001-09-12 02:00:00,22835.0,22767.27734375,67.72265625,67.72265625,4586.358169555664
2001-09-12 03:00:00,22472.0,22485.486328125,-13.486328125,13.486328125,181.88104629516602
2001-09-12 04:00:00,22684.0,22772.03125,-88.03125,88.03125,7749.5009765625
2001-09-12 05:00:00,24144.0,23983.7265625,160.2734375,160.2734375,25687.574768066406
2001-09-12 06:00:00,27346.0,27516.7421875,-170.7421875,170.7421875,29152.894592285156
2001-09-12 07:00:00,29368.0,29890.095703125,-522.095703125,522.095703125,272583.92322158813
2001-09-12 08:00:00,31077.0,30645.484375,431.515625,431.515625,186205.73461914062
2001-09-12 09:00:00,32759.0,32113.955078125,645.044921875,645.044921875,416082.95123672485
2001-09-12 10:00:00,34121.0,33905.546875,215.453125,215.453125,46420.049072265625
2001-09-12 11:00:00,34818.0,35220.390625,-402.390625,402.390625,161918.21508789062
2001-09-12 12:00:00,35315.0,35121.23046875,193.76953125,193.76953125,37546.63124084473
2001-09-12 13:00:00,35997.0,35843.97265625,153.02734375,153.02734375,23417.367935180664
2001-09-12 14:00:00,36576.0,36451.921875,124.078125,124.078125,15395.381103515625
2001-09-12 15:00:00,37033.0,36899.3515625,133.6484375,133.6484375,17861.904846191406
2001-09-12 16:00:00,37292.0,37239.49609375,52.50390625,52.50390625,2756.660171508789
2001-09-12 17:00:00,36954.0,36923.984375,30.015625,30.015625,900.937744140625
2001-09-12 18:00:00,35519.0,35943.68359375,-424.68359375,424.68359375,180356.15480041504
2001-09-12 19:00:00,35045.0,35244.40234375,-199.40234375,199.40234375,39761.294692993164
2001-09-12 20:00:00,35351.0,35323.29296875,27.70703125,27.70703125,767.6795806884766
2001-09-12 21:00:00,33164.0,34442.5859375,-1278.5859375,1278.5859375,1634781.999572754
2001-09-12 22:00:00,29691.0,30431.990234375,-740.990234375,740.990234375,549066.5274391174
2001-09-12 23:00:00,26871.0,26834.474609375,36.525390625,36.525390625,1334.104160308838
2001-09-13 00:00:00,24604.0,24525.431640625,78.568359375,78.568359375,6172.98709487915
2001-09-13 01:00:00,23204.0,23053.126953125,150.873046875,150.873046875,22762.676273345947
2001-09-13 02:00:00,22583.0,22454.650390625,128.349609375,128.349609375,16473.622226715088
2001-09-13 03:00:00,22328.0,22028.59765625,299.40234375,299.40234375,89641.76344299316
2001-09-13 04:00:00,22556.0,22472.763671875,83.236328125,83.236328125,6928.286319732666
2001-09-13 05:00:00,24240.0,23930.103515625,309.896484375,309.896484375,96035.83102798462
2001-09-13 06:00:00,27618.0,27746.07421875,-128.07421875,128.07421875,16403.00550842285
2001-09-13 07:00:00,29690.0,30150.90625,-460.90625,460.90625,212434.5712890625
2001-09-13 08:00:00,31294.0,30620.0078125,673.9921875,673.9921875,454265.46881103516
2001-09-13 09:00:00,32908.0,32562.29296875,345.70703125,345.70703125,119513.35145568848
2001-09-13 10:00:00,34482.0,33797.9765625,684.0234375,684.0234375,467888.0630493164
2001-09-13 11:00:00,35468.0,35582.98046875,-114.98046875,114.98046875,13220.508193969727
2001-09-13 12:00:00,36392.0,35945.34375,446.65625,446.65625,199501.8056640625
2001-09-13 13:00:00,37387.0,36833.81640625,553.18359375,553.18359375,306012.08839416504
2001-09-13 14:00:00,38293.0,37833.58203125,459.41796875,459.41796875,211064.87001037598
2001-09-13 15:00:00,39121.0,38492.0703125,628.9296875,628.9296875,395552.55181884766
2001-09-13 16:00:00,39551.0,39538.7734375,12.2265625,12.2265625,149.48883056640625
2001-09-13 17:00:00,39198.0,39153.2578125,44.7421875,44.7421875,2001.8633422851562
2001-09-13 18:00:00,37754.0,37946.3515625,-192.3515625,192.3515625,36999.123596191406
2001-09-13 19:00:00,37771.0,37541.40625,229.59375,229.59375,52713.2900390625
2001-09-13 20:00:00,38008.0,37497.08984375,510.91015625,510.91015625,261029.1877593994
2001-09-13 21:00:00,35718.0,36623.82421875,-905.82421875,905.82421875,820517.5152740479
2001-09-13 22:00:00,32145.0,32741.119140625,-596.119140625,596.119140625,355358.0298194885
2001-09-13 23:00:00,28992.0,29267.2734375,-275.2734375,275.2734375,75775.4653930664
2001-09-14 00:00:00,26558.0,26641.177734375,-83.177734375,83.177734375,6918.535495758057
2001-09-14 01:00:00,24930.0,25044.75390625,-114.75390625,114.75390625,13168.458999633789
2001-09-14 02:00:00,23970.0,24109.857421875,-139.857421875,139.857421875,19560.09845352173
2001-09-14 03:00:00,23383.0,23384.43359375,-1.43359375,1.43359375,2.0551910400390625
2001-09-14 04:00:00,23310.0,23490.01171875,-180.01171875,180.01171875,32404.2188873291
2001-09-14 05:00:00,24731.0,24590.615234375,140.384765625,140.384765625,19707.88241958618
2001-09-14 06:00:00,28018.0,28011.220703125,6.779296875,6.779296875,45.958866119384766
2001-09-14 07:00:00,30307.0,30727.892578125,-420.892578125,420.892578125,177150.56232070923
2001-09-14 08:00:00,31170.0,32566.92578125,-1396.92578125,1396.92578125,1951401.6383209229
2001-09-14 09:00:00,31713.0,32744.400390625,-1031.400390625,1031.400390625,1063786.7657814026
2001-09-14 10:00:00,32078.0,32863.703125,-785.703125,785.703125,617329.4006347656
2001-09-14 11:00:00,31824.0,32365.857421875,-541.857421875,541.857421875,293609.4656410217
2001-09-14 12:00:00,31303.0,31555.638671875,-252.638671875,252.638671875,63826.298526763916
2001-09-14 13:00:00,31276.0,30970.505859375,305.494140625,305.494140625,93326.66995620728
2001-09-14 14:00:00,31040.0,30749.87109375,290.12890625,290.12890625,84174.78224182129
2001-09-14 15:00:00,30548.0,30645.18359375,-97.18359375,97.18359375,9444.650894165039
2001-09-14 16:00:00,30279.0,30422.6640625,-143.6640625,143.6640625,20639.362854003906
2001-09-14 17:00:00,29774.0,30228.234375,-454.234375,454.234375,206328.86743164062
2001-09-14 18:00:00,28972.0,29144.1328125,-172.1328125,172.1328125,29629.705139160156
2001-09-14 19:00:00,29318.0,29101.203125,216.796875,216.796875,47000.885009765625
2001-09-14 20:00:00,29759.0,29939.306640625,-180.306640625,180.306640625,32510.4846534729
2001-09-14 21:00:00,28253.0,29160.009765625,-907.009765625,907.009765625,822666.7149391174
2001-09-14 22:00:00,26265.0,26128.203125,136.796875,136.796875,18713.385009765625
2001-09-14 23:00:00,23923.0,24024.900390625,-101.900390625,101.900390625,10383.689609527588
2001-09-15 00:00:00,22120.0,21994.63671875,125.36328125,125.36328125,15715.952285766602
2001-09-15 01:00:00,20923.0,20849.681640625,73.318359375,73.318359375,5375.58182144165
2001-09-15 02:00:00,20330.0,20325.607421875,4.392578125,4.392578125,19.294742584228516
2001-09-15 03:00:00,19914.0,20057.216796875,-143.216796875,143.216796875,20511.05090713501
2001-09-15 04:00:00,19919.0,19920.068359375,-1.068359375,1.068359375,1.1413917541503906
2001-09-15 05:00:00,20400.0,20707.525390625,-307.525390625,307.525390625,94571.86587905884
2001-09-15 06:00:00,21314.0,21684.3984375,-370.3984375,370.3984375,137195.0025024414
2001-09-15 07:00:00,22309.0,22551.32421875,-242.32421875,242.32421875,58721.02699279785
2001-09-15 08:00:00,24491.0,24385.837890625,105.162109375,105.162109375,11059.069248199463
2001-09-15 09:00:00,26010.0,26189.88671875,-179.88671875,179.88671875,32359.2315826416
2001-09-15 10:00:00,26950.0,26988.818359375,-38.818359375,38.818359375,1506.8650245666504
2001-09-15 11:00:00,26982.0,27265.77734375,-283.77734375,283.77734375,80529.58082580566
2001-09-15 12:00:00,26826.0,26780.634765625,45.365234375,45.365234375,2058.0044898986816
2001-09-15 13:00:00,26563.0,26559.5546875,3.4453125,3.4453125,11.87017822265625
2001-09-15 14:00:00,26214.0,26275.8125,-61.8125,61.8125,3820.78515625
2001-09-15 15:00:00,25964.0,25858.97265625,105.02734375,105.02734375,11030.742935180664
2001-09-15 16:00:00,26111.0,26129.73828125,-18.73828125,18.73828125,351.12318420410156
2001-09-15 17:00:00,26084.0,26436.76953125,-352.76953125,352.76953125,124446.34217834473
2001-09-15 18:00:00,26044.0,26135.068359375,-91.068359375,91.068359375,8293.44607925415
2001-09-15 19:00:00,26894.0,26663.86328125,230.13671875,230.13671875,52962.9093170166
2001-09-15 20:00:00,27510.0,27387.890625,122.109375,122.109375,14910.699462890625
2001-09-15 21:00:00,26461.0,26694.35546875,-233.35546875,233.35546875,54454.77479553223
2001-09-15 22:00:00,24726.0,24545.583984375,180.416015625,180.416015625,32549.938694000244
2001-09-15 23:00:00,22853.0,22872.216796875,-19.216796875,19.216796875,369.28528213500977
2001-09-16 00:00:00,21098.0,21160.8125,-62.8125,62.8125,3945.41015625
2001-09-16 01:00:00,19939.0,20005.810546875,-66.810546875,66.810546875,4463.649173736572
2001-09-16 02:00:00,19414.0,19301.470703125,112.529296875,112.529296875,12662.842655181885
2001-09-16 03:00:00,19023.0,18920.619140625,102.380859375,102.380859375,10481.840366363525
2001-09-16 04:00:00,19056.0,18969.2578125,86.7421875,86.7421875,7524.207092285156
2001-09-16 05:00:00,19211.0,19171.041015625,39.958984375,39.958984375,1596.7204322814941
2001-09-16 06:00:00,19814.0,19591.205078125,222.794921875,222.794921875,49637.57721328735
2001-09-16 07:00:00,20493.0,20888.0859375,-395.0859375,395.0859375,156092.8980102539
2001-09-16 08:00:00,22376.0,22008.666015625,367.333984375,367.333984375,134934.25607681274
2001-09-16 09:00:00,24018.0,24017.001953125,0.998046875,0.998046875,0.9960975646972656
2001-09-16 10:00:00,24889.0,24944.947265625,-55.947265625,55.947265625,3130.0965309143066
2001-09-16 11:00:00,25412.0,25379.224609375,32.775390625,32.775390625,1074.226230621338
2001-09-16 12:00:00,25804.0,25493.05078125,310.94921875,310.94921875,96689.41664123535
2001-09-16 13:00:00,25974.0,25781.69140625,192.30859375,192.30859375,36982.59523010254
2001-09-16 14:00:00,25934.0,25781.796875,152.203125,152.203125,23165.791259765625
2001-09-16 15:00:00,26193.0,25805.990234375,387.009765625,387.009765625,149776.55868911743
2001-09-16 16:00:00,26514.0,26615.697265625,-101.697265625,101.697265625,10342.333835601807
2001-09-16 17:00:00,26910.0,26886.86328125,23.13671875,23.13671875,535.3077545166016
2001-09-16 18:00:00,26927.0,27112.267578125,-185.267578125,185.267578125,34324.07550430298
2001-09-16 19:00:00,28132.0,28108.2890625,23.7109375,23.7109375,562.2085571289062
2001-09-16 20:00:00,28879.0,28454.79296875,424.20703125,424.20703125,179951.60536193848
2001-09-16 21:00:00,27368.0,28021.115234375,-653.115234375,653.115234375,426559.5093727112
2001-09-16 22:00:00,25153.0,25443.93359375,-290.93359375,290.93359375,84642.35597229004
2001-09-16 23:00:00,23096.0,23140.916015625,-44.916015625,44.916015625,2017.4484596252441
2001-09-17 00:00:00,21498.0,21419.125,78.875,78.875,6221.265625
2001-09-17 01:00:00,20585.0,20556.44921875,28.55078125,28.55078125,815.1471099853516
2001-09-17 02:00:00,20077.0,20165.423828125,-88.423828125,88.423828125,7818.773380279541
2001-09-17 03:00:00,20056.0,19947.185546875,108.814453125,108.814453125,11840.585208892822
2001-09-17 04:00:00,20562.0,20406.419921875,155.580078125,155.580078125,24205.160709381104
2001-09-17 05:00:00,22345.0,22284.23046875,60.76953125,60.76953125,3692.9359283447266
2001-09-17 06:00:00,25868.0,26107.234375,-239.234375,239.234375,57233.086181640625
2001-09-17 07:00:00,28243.0,28659.5703125,-416.5703125,416.5703125,173530.82525634766
2001-09-17 08:00:00,29461.0,29486.78125,-25.78125,25.78125,664.6728515625
2001-09-17 09:00:00,30552.0,30491.751953125,60.248046875,60.248046875,3629.8271522521973
2001-09-17 10:00:00,31624.0,31658.0859375,-34.0859375,34.0859375,1161.8511352539062
2001-09-17 11:00:00,32236.0,32108.52734375,127.47265625,127.47265625,16249.278091430664
2001-09-17 12:00:00,32559.0,32369.55078125,189.44921875,189.44921875,35891.00648498535
2001-09-17 13:00:00,33003.0,32928.76953125,74.23046875,74.23046875,5510.162490844727
2001-09-17 14:00:00,33184.0,33135.3515625,48.6484375,48.6484375,2366.6704711914062
2001-09-17 15:00:00,33292.0,33199.3359375,92.6640625,92.6640625,8586.628479003906
2001-09-17 16:00:00,33306.0,33400.34375,-94.34375,94.34375,8900.7431640625
2001-09-17 17:00:00,32955.0,33189.81640625,-234.81640625,234.81640625,55138.74464416504
2001-09-17 18:00:00,32192.0,32379.505859375,-187.505859375,187.505859375,35158.447299957275
2001-09-17 19:00:00,32826.0,32353.75,472.25,472.25,223020.0625
2001-09-17 20:00:00,32841.0,32486.2265625,354.7734375,354.7734375,125864.1919555664
2001-09-17 21:00:00,30716.0,31043.169921875,-327.169921875,327.169921875,107040.1577796936
2001-09-17 22:00:00,27795.0,27905.607421875,-110.607421875,110.607421875,12234.001773834229
2001-09-17 23:00:00,24975.0,24980.6640625,-5.6640625,5.6640625,32.08160400390625
2001-09-18 00:00:00,23088.0,23088.2734375,-0.2734375,0.2734375,0.07476806640625
2001-09-18 01:00:00,22009.0,22025.71875,-16.71875,16.71875,279.5166015625
2001-09-18 02:00:00,21482.0,21562.7265625,-80.7265625,80.7265625,6516.777893066406
2001-09-18 03:00:00,21138.0,21299.400390625,-161.400390625,161.400390625,26050.086093902588
2001-09-18 04:00:00,21422.0,21334.576171875,87.423828125,87.423828125,7642.925724029541
2001-09-18 05:00:00,23173.0,23133.697265625,39.302734375,39.302734375,1544.7049293518066
2001-09-18 06:00:00,26363.0,26713.048828125,-350.048828125,350.048828125,122534.18207168579
2001-09-18 07:00:00,28368.0,29242.59375,-874.59375,874.59375,764914.2275390625
2001-09-18 08:00:00,29886.0,30280.470703125,-394.470703125,394.470703125,155607.13562393188
2001-09-18 09:00:00,30971.0,30886.748046875,84.251953125,84.251953125,7098.391605377197
2001-09-18 10:00:00,32059.0,31912.0078125,146.9921875,146.9921875,21606.703186035156
2001-09-18 11:00:00,32754.0,32721.6796875,32.3203125,32.3203125,1044.6026000976562
2001-09-18 12:00:00,33129.0,33289.96484375,-160.96484375,160.96484375,25909.680923461914
2001-09-18 13:00:00,33607.0,33550.984375,56.015625,56.015625,3137.750244140625
2001-09-18 14:00:00,33759.0,33705.73046875,53.26953125,53.26953125,2837.6429595947266
2001-09-18 15:00:00,33419.0,33893.5234375,-474.5234375,474.5234375,225172.4927368164
2001-09-18 16:00:00,33312.0,33483.83203125,-171.83203125,171.83203125,29526.246963500977
2001-09-18 17:00:00,32865.0,33140.5625,-275.5625,275.5625,75934.69140625
2001-09-18 18:00:00,32181.0,32294.36328125,-113.36328125,113.36328125,12851.233535766602
2001-09-18 19:00:00,32963.0,32191.5546875,771.4453125,771.4453125,595127.8701782227
2001-09-18 20:00:00,33181.0,33022.140625,158.859375,158.859375,25236.301025390625
2001-09-18 21:00:00,31268.0,31535.376953125,-267.376953125,267.376953125,71490.43506240845
2001-09-18 22:00:00,28251.0,28414.490234375,-163.490234375,163.490234375,26729.05673599243
2001-09-18 23:00:00,25495.0,25445.8125,49.1875,49.1875,2419.41015625
2001-09-19 00:00:00,23575.0,23378.666015625,196.333984375,196.333984375,38547.033420562744
2001-09-19 01:00:00,22504.0,22316.28515625,187.71484375,187.71484375,35236.862564086914
2001-09-19 02:00:00,21755.0,21984.685546875,-229.685546875,229.685546875,52755.45044326782
2001-09-19 03:00:00,21498.0,21495.142578125,2.857421875,2.857421875,8.164859771728516
2001-09-19 04:00:00,21924.0,21692.46875,231.53125,231.53125,53606.7197265625
2001-09-19 05:00:00,23566.0,23292.564453125,273.435546875,273.435546875,74766.99829483032
2001-09-19 06:00:00,27070.0,27127.328125,-57.328125,57.328125,3286.513916015625
2001-09-19 07:00:00,29005.0,29698.166015625,-693.166015625,693.166015625,480479.12521743774
2001-09-19 08:00:00,30242.0,30295.009765625,-53.009765625,53.009765625,2810.0352516174316
2001-09-19 09:00:00,31552.0,30813.037109375,738.962890625,738.962890625,546066.1537208557
2001-09-19 10:00:00,32905.0,32579.509765625,325.490234375,325.490234375,105943.89267349243
2001-09-19 11:00:00,33688.0,33491.41015625,196.58984375,196.58984375,38647.566665649414
2001-09-19 12:00:00,33967.0,34236.45703125,-269.45703125,269.45703125,72607.09169006348
2001-09-19 13:00:00,34368.0,34589.34375,-221.34375,221.34375,48993.0556640625
2001-09-19 14:00:00,34719.0,34558.7421875,160.2578125,160.2578125,25682.566467285156
2001-09-19 15:00:00,34601.0,34795.3125,-194.3125,194.3125,37757.34765625
2001-09-19 16:00:00,34522.0,34766.13671875,-244.13671875,244.13671875,59602.7374420166
2001-09-19 17:00:00,33806.0,34469.90625,-663.90625,663.90625,440771.5087890625
2001-09-19 18:00:00,32949.0,33225.0390625,-276.0390625,276.0390625,76197.5640258789
2001-09-19 19:00:00,33929.0,32870.37109375,1058.62890625,1058.62890625,1120695.1611480713
2001-09-19 20:00:00,33894.0,33858.78515625,35.21484375,35.21484375,1240.085220336914
2001-09-19 21:00:00,31978.0,32647.921875,-669.921875,669.921875,448795.3186035156
2001-09-19 22:00:00,29072.0,29229.779296875,-157.779296875,157.779296875,24894.306522369385
2001-09-19 23:00:00,26541.0,26376.572265625,164.427734375,164.427734375,27036.479831695557
2001-09-20 00:00:00,24546.0,24200.01171875,345.98828125,345.98828125,119707.8907623291
2001-09-20 01:00:00,23490.0,23155.513671875,334.486328125,334.486328125,111881.10370254517
2001-09-20 02:00:00,22902.0,22755.361328125,146.638671875,146.638671875,21502.900089263916
2001-09-20 03:00:00,22608.0,22556.4921875,51.5078125,51.5078125,2653.0547485351562
2001-09-20 04:00:00,23091.0,22928.255859375,162.744140625,162.744140625,26485.655307769775
2001-09-20 05:00:00,25043.0,24732.970703125,310.029296875,310.029296875,96118.16492080688
2001-09-20 06:00:00,28919.0,28269.916015625,649.083984375,649.083984375,421310.01877212524
2001-09-20 07:00:00,31293.0,31239.9765625,53.0234375,53.0234375,2811.4849243164062
2001-09-20 08:00:00,32596.0,32419.29296875,176.70703125,176.70703125,31225.374893188477
2001-09-20 09:00:00,33480.0,33667.3828125,-187.3828125,187.3828125,35112.318420410156
2001-09-20 10:00:00,34156.0,34229.99609375,-73.99609375,73.99609375,5475.421890258789
2001-09-20 11:00:00,34400.0,34830.98046875,-430.98046875,430.98046875,185744.16444396973
2001-09-20 12:00:00,34155.0,34537.86328125,-382.86328125,382.86328125,146584.2921295166
2001-09-20 13:00:00,34110.0,34357.2578125,-247.2578125,247.2578125,61136.425842285156
2001-09-20 14:00:00,33897.0,34225.38671875,-328.38671875,328.38671875,107837.8370513916
2001-09-20 15:00:00,33681.0,33740.1640625,-59.1640625,59.1640625,3500.3862915039062
2001-09-20 16:00:00,33688.0,33693.671875,-5.671875,5.671875,32.170166015625
2001-09-20 17:00:00,33564.0,33696.1015625,-132.1015625,132.1015625,17450.822814941406
2001-09-20 18:00:00,33378.0,33326.1171875,51.8828125,51.8828125,2691.8262329101562
2001-09-20 19:00:00,34309.0,33315.6171875,993.3828125,993.3828125,986809.4121704102
2001-09-20 20:00:00,34119.0,33699.8125,419.1875,419.1875,175718.16015625
2001-09-20 21:00:00,32027.0,32639.150390625,-612.150390625,612.150390625,374728.1007423401
2001-09-20 22:00:00,29719.0,29567.662109375,151.337890625,151.337890625,22903.157138824463
2001-09-20 23:00:00,26931.0,27000.546875,-69.546875,69.546875,4836.767822265625
2001-09-21 00:00:00,24888.0,24726.931640625,161.068359375,161.068359375,25943.01639175415
2001-09-21 01:00:00,23714.0,23509.884765625,204.115234375,204.115234375,41663.02890396118
2001-09-21 02:00:00,23005.0,22897.23828125,107.76171875,107.76171875,11612.588027954102
2001-09-21 03:00:00,22819.0,22742.205078125,76.794921875,76.794921875,5897.4600257873535
2001-09-21 04:00:00,23194.0,23247.669921875,-53.669921875,53.669921875,2880.4605140686035
2001-09-21 05:00:00,24858.0,24888.251953125,-30.251953125,30.251953125,915.1806678771973
2001-09-21 06:00:00,28487.0,28014.962890625,472.037109375,472.037109375,222819.0326271057
2001-09-21 07:00:00,31004.0,30762.796875,241.203125,241.203125,58178.947509765625
2001-09-21 08:00:00,32284.0,32508.439453125,-224.439453125,224.439453125,50373.06811904907
2001-09-21 09:00:00,33395.0,33516.984375,-121.984375,121.984375,14880.187744140625
2001-09-21 10:00:00,34468.0,34354.9375,113.0625,113.0625,12783.12890625
2001-09-21 11:00:00,35143.0,34855.91015625,287.08984375,287.08984375,82420.57838439941
2001-09-21 12:00:00,35646.0,35463.91796875,182.08203125,182.08203125,33153.86610412598
2001-09-21 13:00:00,36122.0,35995.20703125,126.79296875,126.79296875,16076.456924438477
2001-09-21 14:00:00,36400.0,36396.1015625,3.8984375,3.8984375,15.19781494140625
2001-09-21 15:00:00,36305.0,36240.73828125,64.26171875,64.26171875,4129.568496704102
2001-09-21 16:00:00,36026.0,36043.49609375,-17.49609375,17.49609375,306.11329650878906
2001-09-21 17:00:00,35241.0,35575.2890625,-334.2890625,334.2890625,111749.1773071289
2001-09-21 18:00:00,34327.0,34361.46484375,-34.46484375,34.46484375,1187.825454711914
2001-09-21 19:00:00,34614.0,33849.640625,764.359375,764.359375,584245.2541503906
2001-09-21 20:00:00,34089.0,33957.1484375,131.8515625,131.8515625,17384.834533691406
2001-09-21 21:00:00,32368.0,32388.306640625,-20.306640625,20.306640625,412.3596534729004
2001-09-21 22:00:00,30151.0,29755.283203125,395.716796875,395.716796875,156591.78332901
2001-09-21 23:00:00,27706.0,27465.84765625,240.15234375,240.15234375,57673.148208618164
2001-09-22 00:00:00,25214.0,25484.9609375,-270.9609375,270.9609375,73419.8296508789
2001-09-22 01:00:00,23818.0,23800.5546875,17.4453125,17.4453125,304.33892822265625
2001-09-22 02:00:00,22863.0,23025.171875,-162.171875,162.171875,26299.717041015625
2001-09-22 03:00:00,22364.0,22265.138671875,98.861328125,98.861328125,9773.562198638916
2001-09-22 04:00:00,22202.0,22144.71875,57.28125,57.28125,3281.1416015625
2001-09-22 05:00:00,22660.0,22877.384765625,-217.384765625,217.384765625,47256.13632583618
2001-09-22 06:00:00,23690.0,23791.75390625,-101.75390625,101.75390625,10353.857437133789
2001-09-22 07:00:00,24840.0,25513.724609375,-673.724609375,673.724609375,453904.84927749634
2001-09-22 08:00:00,27007.0,26706.599609375,300.400390625,300.400390625,90240.39468765259
2001-09-22 09:00:00,29116.0,28867.576171875,248.423828125,248.423828125,61714.39838027954
2001-09-22 10:00:00,30627.0,30511.98046875,115.01953125,115.01953125,13229.492568969727
2001-09-22 11:00:00,31654.0,31341.60546875,312.39453125,312.39453125,97590.34315490723
2001-09-22 12:00:00,32359.0,32181.12890625,177.87109375,177.87109375,31638.12599182129
2001-09-22 13:00:00,32752.0,32641.431640625,110.568359375,110.568359375,12225.36209487915
2001-09-22 14:00:00,32867.0,33231.5546875,-364.5546875,364.5546875,132900.12017822266
2001-09-22 15:00:00,32938.0,32875.44921875,62.55078125,62.55078125,3912.6002349853516
2001-09-22 16:00:00,32757.0,33023.37109375,-266.37109375,266.37109375,70953.55958557129
2001-09-22 17:00:00,32313.0,32655.408203125,-342.408203125,342.408203125,117243.37756729126
2001-09-22 18:00:00,31634.0,31401.4609375,232.5390625,232.5390625,54074.415588378906
2001-09-22 19:00:00,32572.0,31564.75390625,1007.24609375,1007.24609375,1014544.6933746338
2001-09-22 20:00:00,32259.0,32868.94140625,-609.94140625,609.94140625,372028.51905822754
2001-09-22 21:00:00,30865.0,31297.732421875,-432.732421875,432.732421875,187257.34894180298
2001-09-22 22:00:00,28723.0,28892.74609375,-169.74609375,169.74609375,28813.73634338379
2001-09-22 23:00:00,26537.0,26635.443359375,-98.443359375,98.443359375,9691.0950050354
2001-09-23 00:00:00,24274.0,24366.107421875,-92.107421875,92.107421875,8483.777164459229
2001-09-23 01:00:00,23158.0,22918.5546875,239.4453125,239.4453125,57334.057678222656
2001-09-23 02:00:00,21982.0,22199.2421875,-217.2421875,217.2421875,47194.168029785156
2001-09-23 03:00:00,21472.0,21263.8671875,208.1328125,208.1328125,43319.267639160156
2001-09-23 04:00:00,21160.0,21208.82421875,-48.82421875,48.82421875,2383.8043365478516
2001-09-23 05:00:00,21314.0,21506.70703125,-192.70703125,192.70703125,37135.99989318848
2001-09-23 06:00:00,21743.0,21598.33203125,144.66796875,144.66796875,20928.821182250977
2001-09-23 07:00:00,22282.0,22886.849609375,-604.849609375,604.849609375,365843.0499610901
2001-09-23 08:00:00,24316.0,24448.16015625,-132.16015625,132.16015625,17466.306900024414
2001-09-23 09:00:00,26394.0,26377.947265625,16.052734375,16.052734375,257.69028091430664
2001-09-23 10:00:00,27881.0,28504.0390625,-623.0390625,623.0390625,388177.6734008789
2001-09-23 11:00:00,29194.0,28795.109375,398.890625,398.890625,159113.73071289062
2001-09-23 12:00:00,30159.0,30004.40234375,154.59765625,154.59765625,23900.435317993164
2001-09-23 13:00:00,30820.0,30754.408203125,65.591796875,65.591796875,4302.28381729126
2001-09-23 14:00:00,31141.0,31227.443359375,-86.443359375,86.443359375,7472.4543800354
2001-09-23 15:00:00,31339.0,31464.08984375,-125.08984375,125.08984375,15647.469009399414
2001-09-23 16:00:00,31578.0,31947.65234375,-369.65234375,369.65234375,136642.85523986816
2001-09-23 17:00:00,31609.0,31989.751953125,-380.751953125,380.751953125,144972.0498085022
2001-09-23 18:00:00,31337.0,31346.80078125,-9.80078125,9.80078125,96.05531311035156
2001-09-23 19:00:00,32566.0,31275.4296875,1290.5703125,1290.5703125,1665571.7315063477
2001-09-23 20:00:00,32553.0,33017.53125,-464.53125,464.53125,215789.2822265625
2001-09-23 21:00:00,30992.0,31959.669921875,-967.669921875,967.669921875,936385.0777015686
2001-09-23 22:00:00,28527.0,28926.875,-399.875,399.875,159900.015625
2001-09-23 23:00:00,26189.0,26569.794921875,-380.794921875,380.794921875,145004.77252578735
2001-09-24 00:00:00,24419.0,24306.291015625,112.708984375,112.708984375,12703.315158843994
2001-09-24 01:00:00,23461.0,23263.537109375,197.462890625,197.462890625,38991.59317398071
2001-09-24 02:00:00,22875.0,22907.732421875,-32.732421875,32.732421875,1071.4114418029785
2001-09-24 03:00:00,22718.0,22512.666015625,205.333984375,205.333984375,42162.045139312744
2001-09-24 04:00:00,23225.0,23041.8828125,183.1171875,183.1171875,33531.904357910156
2001-09-24 05:00:00,25032.0,24710.251953125,321.748046875,321.748046875,103521.8056678772
2001-09-24 06:00:00,29256.0,28370.62890625,885.37109375,885.37109375,783881.9736480713
2001-09-24 07:00:00,31870.0,32181.193359375,-311.193359375,311.193359375,96841.3069190979
2001-09-24 08:00:00,33019.0,33243.26953125,-224.26953125,224.26953125,50296.82264709473
2001-09-24 09:00:00,34405.0,34274.5546875,130.4453125,130.4453125,17015.979553222656
2001-09-24 10:00:00,35511.0,35516.9140625,-5.9140625,5.9140625,34.97613525390625
2001-09-24 11:00:00,36100.0,36179.19921875,-79.19921875,79.19921875,6272.516250610352
2001-09-24 12:00:00,36531.0,36467.125,63.875,63.875,4080.015625
2001-09-24 13:00:00,37177.0,37005.8984375,171.1015625,171.1015625,29275.744689941406
2001-09-24 14:00:00,37238.0,37510.66015625,-272.66015625,272.66015625,74343.56080627441
2001-09-24 15:00:00,37075.0,37241.26953125,-166.26953125,166.26953125,27645.557022094727
2001-09-24 16:00:00,36920.0,37108.31640625,-188.31640625,188.31640625,35463.06886291504
2001-09-24 17:00:00,36634.0,36815.5546875,-181.5546875,181.5546875,32962.104553222656
2001-09-24 18:00:00,36446.0,35591.3515625,854.6484375,854.6484375,730423.9517211914
2001-09-24 19:00:00,37175.0,35822.5078125,1352.4921875,1352.4921875,1829235.1172485352
2001-09-24 20:00:00,36110.0,36431.1796875,-321.1796875,321.1796875,103156.39166259766
2001-09-24 21:00:00,34011.0,34285.86328125,-274.86328125,274.86328125,75549.8233795166
2001-09-24 22:00:00,30961.0,30817.271484375,143.728515625,143.728515625,20657.88620376587
2001-09-24 23:00:00,28139.0,28246.607421875,-107.607421875,107.607421875,11579.357242584229
2001-09-25 00:00:00,26026.0,25956.30078125,69.69921875,69.69921875,4857.981094360352
2001-09-25 01:00:00,24842.0,24700.376953125,141.623046875,141.623046875,20057.087406158447
2001-09-25 02:00:00,23934.0,23932.109375,1.890625,1.890625,3.574462890625
2001-09-25 03:00:00,23527.0,23388.462890625,138.537109375,138.537109375,19192.530673980713
2001-09-25 04:00:00,23631.0,23680.806640625,-49.806640625,49.806640625,2480.7014503479004
2001-09-25 05:00:00,25258.0,25031.4921875,226.5078125,226.5078125,51305.789123535156
2001-09-25 06:00:00,29085.0,28914.19921875,170.80078125,170.80078125,29172.90687561035
2001-09-25 07:00:00,31370.0,31554.392578125,-184.392578125,184.392578125,34000.62286758423
2001-09-25 08:00:00,32018.0,32997.5546875,-979.5546875,979.5546875,959527.3858032227
2001-09-25 09:00:00,32587.0,32852.64453125,-265.64453125,265.64453125,70567.01698303223
2001-09-25 10:00:00,33007.0,33353.9375,-346.9375,346.9375,120365.62890625
2001-09-25 11:00:00,33279.0,33568.20703125,-289.20703125,289.20703125,83640.70692443848
2001-09-25 12:00:00,33152.0,33467.94921875,-315.94921875,315.94921875,99823.90882873535
2001-09-25 13:00:00,33534.0,33307.56640625,226.43359375,226.43359375,51272.17237854004
2001-09-25 14:00:00,33317.0,33680.95703125,-363.95703125,363.95703125,132464.72059631348
2001-09-25 15:00:00,32513.0,33340.55859375,-827.55859375,827.55859375,684853.2260894775
2001-09-25 16:00:00,32295.0,32705.84765625,-410.84765625,410.84765625,168795.79664611816
2001-09-25 17:00:00,31941.0,32354.888671875,-413.888671875,413.888671875,171303.83270645142
2001-09-25 18:00:00,31258.0,31413.9375,-155.9375,155.9375,24316.50390625
2001-09-25 19:00:00,32359.0,31619.076171875,739.923828125,739.923828125,547487.2714271545
2001-09-25 20:00:00,31724.0,32789.80078125,-1065.80078125,1065.80078125,1135931.3053131104
2001-09-25 21:00:00,29751.0,30017.455078125,-266.455078125,266.455078125,70998.30865859985
2001-09-25 22:00:00,27134.0,27235.48828125,-101.48828125,101.48828125,10299.871231079102
2001-09-25 23:00:00,24195.0,24749.673828125,-554.673828125,554.673828125,307663.05560684204
2001-09-26 00:00:00,22414.0,22428.546875,-14.546875,14.546875,211.611572265625
2001-09-26 01:00:00,21452.0,21375.02734375,76.97265625,76.97265625,5924.789810180664
2001-09-26 02:00:00,20857.0,20893.4765625,-36.4765625,36.4765625,1330.5396118164062
2001-09-26 03:00:00,20647.0,20865.84765625,-218.84765625,218.84765625,47894.296646118164
2001-09-26 04:00:00,21109.0,21034.671875,74.328125,74.328125,5524.670166015625
2001-09-26 05:00:00,22833.0,23062.162109375,-229.162109375,229.162109375,52515.27237319946
2001-09-26 06:00:00,26790.0,26419.728515625,370.271484375,370.271484375,137100.97214126587
2001-09-26 07:00:00,28733.0,28996.955078125,-263.955078125,263.955078125,69672.28326797485
2001-09-26 08:00:00,29301.0,29980.8046875,-679.8046875,679.8046875,462134.41314697266
2001-09-26 09:00:00,30280.0,29808.3125,471.6875,471.6875,222489.09765625
2001-09-26 10:00:00,30323.0,31016.505859375,-693.505859375,693.505859375,480950.3769874573
2001-09-26 11:00:00,30579.0,30531.62890625,47.37109375,47.37109375,2244.020523071289
2001-09-26 12:00:00,30557.0,30547.263671875,9.736328125,9.736328125,94.79608535766602
2001-09-26 13:00:00,30499.0,30778.287109375,-279.287109375,279.287109375,78001.28946304321
2001-09-26 14:00:00,30423.0,30365.91796875,57.08203125,57.08203125,3258.3582916259766
2001-09-26 15:00:00,30279.0,30316.9296875,-37.9296875,37.9296875,1438.6611938476562
2001-09-26 16:00:00,30236.0,30391.24609375,-155.24609375,155.24609375,24101.34962463379
2001-09-26 17:00:00,29983.0,30202.482421875,-219.482421875,219.482421875,48172.53351211548
2001-09-26 18:00:00,29913.0,30216.392578125,-303.392578125,303.392578125,92047.05646133423
2001-09-26 19:00:00,31423.0,30557.71875,865.28125,865.28125,748711.6416015625
2001-09-26 20:00:00,30870.0,31337.7421875,-467.7421875,467.7421875,218782.75396728516
2001-09-26 21:00:00,29241.0,29524.779296875,-283.779296875,283.779296875,80530.68933486938
2001-09-26 22:00:00,26567.0,26644.205078125,-77.205078125,77.205078125,5960.6240882873535
2001-09-26 23:00:00,24201.0,24031.126953125,169.873046875,169.873046875,28856.852054595947
2001-09-27 00:00:00,22382.0,22178.9921875,203.0078125,203.0078125,41212.171936035156
2001-09-27 01:00:00,21407.0,21386.33203125,20.66796875,20.66796875,427.16493225097656
2001-09-27 02:00:00,20786.0,20914.763671875,-128.763671875,128.763671875,16580.083194732666
2001-09-27 03:00:00,20761.0,20652.3984375,108.6015625,108.6015625,11794.299377441406
2001-09-27 04:00:00,21107.0,21167.94140625,-60.94140625,60.94140625,3713.854995727539
2001-09-27 05:00:00,22721.0,22773.6484375,-52.6484375,52.6484375,2771.8579711914062
2001-09-27 06:00:00,26225.0,26147.513671875,77.486328125,77.486328125,6004.131046295166
2001-09-27 07:00:00,28172.0,29000.78515625,-828.78515625,828.78515625,686884.8352203369
2001-09-27 08:00:00,29125.0,29403.294921875,-278.294921875,278.294921875,77448.06354141235
2001-09-27 09:00:00,29897.0,29781.296875,115.703125,115.703125,13387.213134765625
2001-09-27 10:00:00,30467.0,30681.958984375,-214.958984375,214.958984375,46207.364963531494
2001-09-27 11:00:00,30750.0,30710.5,39.5,39.5,1560.25
2001-09-27 12:00:00,30660.0,30609.025390625,50.974609375,50.974609375,2598.410800933838
2001-09-27 13:00:00,30807.0,30711.34375,95.65625,95.65625,9150.1181640625
2001-09-27 14:00:00,30330.0,30682.912109375,-352.912109375,352.912109375,124546.95694351196
2001-09-27 15:00:00,30096.0,30231.6015625,-135.6015625,135.6015625,18387.783752441406
2001-09-27 16:00:00,29910.0,30076.59765625,-166.59765625,166.59765625,27754.779067993164
2001-09-27 17:00:00,29742.0,29747.693359375,-5.693359375,5.693359375,32.41434097290039
2001-09-27 18:00:00,30127.0,29506.61328125,620.38671875,620.38671875,384879.6808013916
2001-09-27 19:00:00,31610.0,30863.037109375,746.962890625,746.962890625,557953.5599708557
2001-09-27 20:00:00,30901.0,31305.65625,-404.65625,404.65625,163746.6806640625
2001-09-27 21:00:00,29206.0,29514.984375,-308.984375,308.984375,95471.34399414062
2001-09-27 22:00:00,26567.0,26602.236328125,-35.236328125,35.236328125,1241.598819732666
2001-09-27 23:00:00,24032.0,24055.763671875,-23.763671875,23.763671875,564.712100982666
2001-09-28 00:00:00,22301.0,22106.880859375,194.119140625,194.119140625,37682.240756988525
2001-09-28 01:00:00,21362.0,21285.69921875,76.30078125,76.30078125,5821.809219360352
2001-09-28 02:00:00,20814.0,20908.365234375,-94.365234375,94.365234375,8904.797458648682
2001-09-28 03:00:00,20733.0,20683.8515625,49.1484375,49.1484375,2415.5689086914062
2001-09-28 04:00:00,20927.0,21141.7109375,-214.7109375,214.7109375,46100.786682128906
2001-09-28 05:00:00,22895.0,22437.162109375,457.837890625,457.837890625,209615.53409194946
2001-09-28 06:00:00,26600.0,26171.447265625,428.552734375,428.552734375,183657.4461402893
2001-09-28 07:00:00,28608.0,29089.755859375,-481.755859375,481.755859375,232088.70804214478
2001-09-28 08:00:00,29277.0,29303.60546875,-26.60546875,26.60546875,707.8509674072266
2001-09-28 09:00:00,29912.0,29986.5,-74.5,74.5,5550.25
2001-09-28 10:00:00,30445.0,30487.564453125,-42.564453125,42.564453125,1811.7326698303223
2001-09-28 11:00:00,30516.0,30730.58984375,-214.58984375,214.58984375,46048.801040649414
2001-09-28 12:00:00,30231.0,30390.359375,-159.359375,159.359375,25395.410400390625
2001-09-28 13:00:00,30194.0,30230.623046875,-36.623046875,36.623046875,1341.2475624084473
2001-09-28 14:00:00,29950.0,30079.3046875,-129.3046875,129.3046875,16719.702209472656
2001-09-28 15:00:00,29497.0,29691.119140625,-194.119140625,194.119140625,37682.240756988525
2001-09-28 16:00:00,29292.0,29390.4765625,-98.4765625,98.4765625,9697.633361816406
2001-09-28 17:00:00,28911.0,29189.87109375,-278.87109375,278.87109375,77769.08692932129
2001-09-28 18:00:00,28961.0,28865.80078125,95.19921875,95.19921875,9062.891250610352
2001-09-28 19:00:00,30039.0,29520.255859375,518.744140625,518.744140625,269095.4834327698
2001-09-28 20:00:00,29551.0,29988.10546875,-437.10546875,437.10546875,191061.19081115723
2001-09-28 21:00:00,28070.0,28383.0390625,-313.0390625,313.0390625,97993.4546508789
2001-09-28 22:00:00,26114.0,25758.376953125,355.623046875,355.623046875,126467.75146865845
2001-09-28 23:00:00,23945.0,23808.2578125,136.7421875,136.7421875,18698.425842285156
2001-09-29 00:00:00,22154.0,21903.4609375,250.5390625,250.5390625,62769.821838378906
2001-09-29 01:00:00,21015.0,20840.0859375,174.9140625,174.9140625,30594.929260253906
2001-09-29 02:00:00,20288.0,20397.51171875,-109.51171875,109.51171875,11992.816543579102
2001-09-29 03:00:00,19975.0,19929.12109375,45.87890625,45.87890625,2104.874038696289
2001-09-29 04:00:00,19992.0,20118.07421875,-126.07421875,126.07421875,15894.708633422852
2001-09-29 05:00:00,20588.0,20807.083984375,-219.083984375,219.083984375,47997.792209625244
2001-09-29 06:00:00,21727.0,21953.970703125,-226.970703125,226.970703125,51515.700077056885
2001-09-29 07:00:00,22869.0,23170.51171875,-301.51171875,301.51171875,90909.3165435791
2001-09-29 08:00:00,24828.0,24810.677734375,17.322265625,17.322265625,300.06088638305664
2001-09-29 09:00:00,26189.0,26142.654296875,46.345703125,46.345703125,2147.9241981506348
2001-09-29 10:00:00,26845.0,26810.994140625,34.005859375,34.005859375,1156.3984718322754
2001-09-29 11:00:00,26715.0,27119.37890625,-404.37890625,404.37890625,163522.2998199463
2001-09-29 12:00:00,26305.0,26379.236328125,-74.236328125,74.236328125,5511.032413482666
2001-09-29 13:00:00,25887.0,25989.396484375,-102.396484375,102.396484375,10485.04001235962
2001-09-29 14:00:00,25391.0,25415.923828125,-24.923828125,24.923828125,621.197208404541
2001-09-29 15:00:00,25080.0,25008.921875,71.078125,71.078125,5052.099853515625
2001-09-29 16:00:00,25117.0,24987.763671875,129.236328125,129.236328125,16702.028507232666
2001-09-29 17:00:00,25182.0,25166.076171875,15.923828125,15.923828125,253.56830215454102
2001-09-29 18:00:00,25692.0,25493.6171875,198.3828125,198.3828125,39355.740295410156
2001-09-29 19:00:00,27250.0,26787.46875,462.53125,462.53125,213935.1572265625
2001-09-29 20:00:00,26982.0,27437.361328125,-455.361328125,455.361328125,207353.93915176392
2001-09-29 21:00:00,25956.0,25969.392578125,-13.392578125,13.392578125,179.36114883422852
2001-09-29 22:00:00,24609.0,24209.0390625,399.9609375,399.9609375,159968.7515258789
2001-09-29 23:00:00,22841.0,22780.955078125,60.044921875,60.044921875,3605.3926429748535
2001-09-30 00:00:00,21091.0,21114.96484375,-23.96484375,23.96484375,574.3137359619141
2001-09-30 01:00:00,20137.0,20009.046875,127.953125,127.953125,16372.002197265625
2001-09-30 02:00:00,19497.0,19570.201171875,-73.201171875,73.201171875,5358.411563873291
2001-09-30 03:00:00,19238.0,19224.69140625,13.30859375,13.30859375,177.11866760253906
2001-09-30 04:00:00,19188.0,19266.5,-78.5,78.5,6162.25
2001-09-30 05:00:00,19491.0,19496.806640625,-5.806640625,5.806640625,33.71707534790039
2001-09-30 06:00:00,20166.0,20082.8828125,83.1171875,83.1171875,6908.466857910156
2001-09-30 07:00:00,21036.0,21088.693359375,-52.693359375,52.693359375,2776.5901222229004
2001-09-30 08:00:00,22876.0,22681.80859375,194.19140625,194.19140625,37710.30226135254
2001-09-30 09:00:00,24337.0,24352.474609375,-15.474609375,15.474609375,239.4635353088379
2001-09-30 10:00:00,24924.0,25226.82421875,-302.82421875,302.82421875,91702.50746154785
2001-09-30 11:00:00,25150.0,25353.14453125,-203.14453125,203.14453125,41267.70057678223
2001-09-30 12:00:00,24913.0,25257.71875,-344.71875,344.71875,118831.0166015625
2001-09-30 13:00:00,24755.0,24835.11328125,-80.11328125,80.11328125,6418.137832641602
2001-09-30 14:00:00,24884.0,24345.994140625,538.005859375,538.005859375,289450.3047218323
2001-09-30 15:00:00,24936.0,24610.89453125,325.10546875,325.10546875,105693.56581115723
2001-09-30 16:00:00,25316.0,25210.767578125,105.232421875,105.232421875,11073.862613677979
2001-09-30 17:00:00,25934.0,26096.533203125,-162.533203125,162.533203125,26417.04211807251
2001-09-30 18:00:00,26888.0,26381.0234375,506.9765625,506.9765625,257025.2349243164
2001-09-30 19:00:00,28295.0,27936.568359375,358.431640625,358.431640625,128473.24100112915
2001-09-30 20:00:00,28159.0,28087.474609375,71.525390625,71.525390625,5115.881504058838
2001-09-30 21:00:00,26859.0,27121.369140625,-262.369140625,262.369140625,68837.56595230103
2001-09-30 22:00:00,24941.0,25092.998046875,-151.998046875,151.998046875,23103.406253814697
2001-09-30 23:00:00,22827.0,23030.2890625,-203.2890625,203.2890625,41326.442932128906
2001-10-01 00:00:00,21478.0,21341.0234375,136.9765625,136.9765625,18762.578674316406
2001-10-01 01:00:00,20543.0,20671.5234375,-128.5234375,128.5234375,16518.273986816406
2001-10-01 02:00:00,20205.0,20273.708984375,-68.708984375,68.708984375,4720.924533843994
2001-10-01 03:00:00,20163.0,20070.56640625,92.43359375,92.43359375,8543.969253540039
2001-10-01 04:00:00,20709.0,20676.2109375,32.7890625,32.7890625,1075.1226196289062
2001-10-01 05:00:00,22578.0,22871.845703125,-293.845703125,293.845703125,86345.29724502563
2001-10-01 06:00:00,26532.0,26431.802734375,100.197265625,100.197265625,10039.492038726807
2001-10-01 07:00:00,29016.0,29002.06640625,13.93359375,13.93359375,194.14503479003906
2001-10-01 08:00:00,29812.0,29435.611328125,376.388671875,376.388671875,141668.43231582642
2001-10-01 09:00:00,30368.0,30286.30078125,81.69921875,81.69921875,6674.762344360352
2001-10-01 10:00:00,30753.0,30903.380859375,-150.380859375,150.380859375,22614.402866363525
2001-10-01 11:00:00,30843.0,30692.251953125,150.748046875,150.748046875,22724.973636627197
2001-10-01 12:00:00,30630.0,30579.4765625,50.5234375,50.5234375,2552.6177368164062
2001-10-01 13:00:00,30558.0,30638.578125,-80.578125,80.578125,6492.834228515625
2001-10-01 14:00:00,30230.0,30333.642578125,-103.642578125,103.642578125,10741.784000396729
2001-10-01 15:00:00,30007.0,29935.10546875,71.89453125,71.89453125,5168.823623657227
2001-10-01 16:00:00,29963.0,29968.171875,-5.171875,5.171875,26.748291015625
2001-10-01 17:00:00,29996.0,30095.302734375,-99.302734375,99.302734375,9861.033054351807
2001-10-01 18:00:00,30180.0,30386.26953125,-206.26953125,206.26953125,42547.11952209473
2001-10-01 19:00:00,31855.0,31024.796875,830.203125,830.203125,689237.2287597656
2001-10-01 20:00:00,31334.0,31297.470703125,36.529296875,36.529296875,1334.3895301818848
2001-10-01 21:00:00,29586.0,29572.8125,13.1875,13.1875,173.91015625
2001-10-01 22:00:00,26926.0,26842.19921875,83.80078125,83.80078125,7022.570938110352
2001-10-01 23:00:00,24364.0,24317.751953125,46.248046875,46.248046875,2138.8818397521973
2001-10-02 00:00:00,22531.0,22378.544921875,152.455078125,152.455078125,23242.550846099854
2001-10-02 01:00:00,21507.0,21612.7421875,-105.7421875,105.7421875,11181.410217285156
2001-10-02 02:00:00,21124.0,21091.091796875,32.908203125,32.908203125,1082.9498329162598
2001-10-02 03:00:00,20908.0,20934.77734375,-26.77734375,26.77734375,717.0261383056641
2001-10-02 04:00:00,21387.0,21240.6796875,146.3203125,146.3203125,21409.633850097656
2001-10-02 05:00:00,23255.0,23379.646484375,-124.646484375,124.646484375,15536.74606704712
2001-10-02 06:00:00,27250.0,27213.08203125,36.91796875,36.91796875,1362.9364166259766
2001-10-02 07:00:00,29130.0,29906.67578125,-776.67578125,776.67578125,603225.2691802979
2001-10-02 08:00:00,29697.0,29990.828125,-293.828125,293.828125,86334.96704101562
2001-10-02 09:00:00,30037.0,30247.453125,-210.453125,210.453125,44290.517822265625
2001-10-02 10:00:00,30835.0,30434.34765625,400.65234375,400.65234375,160522.30055236816
2001-10-02 11:00:00,31175.0,30894.078125,280.921875,280.921875,78917.09985351562
2001-10-02 12:00:00,31238.0,31075.287109375,162.712890625,162.712890625,26475.484775543213
2001-10-02 13:00:00,31599.0,31280.162109375,318.837890625,318.837890625,101657.60049819946
2001-10-02 14:00:00,31731.0,31332.439453125,398.560546875,398.560546875,158850.50952529907
2001-10-02 15:00:00,31537.0,31588.38671875,-51.38671875,51.38671875,2640.5948638916016
2001-10-02 16:00:00,31483.0,31618.150390625,-135.150390625,135.150390625,18265.628086090088
2001-10-02 17:00:00,31198.0,31493.890625,-295.890625,295.890625,87551.26196289062
2001-10-02 18:00:00,31079.0,31557.443359375,-478.443359375,478.443359375,228908.0481300354
2001-10-02 19:00:00,32559.0,31561.353515625,997.646484375,997.646484375,995298.5077857971
2001-10-02 20:00:00,31943.0,32150.724609375,-207.724609375,207.724609375,43149.51333999634
2001-10-02 21:00:00,30100.0,30214.236328125,-114.236328125,114.236328125,13049.938663482666
2001-10-02 22:00:00,27145.0,27500.33984375,-355.33984375,355.33984375,126266.40455627441
2001-10-02 23:00:00,24521.0,24458.58203125,62.41796875,62.41796875,3896.0028228759766
2001-10-03 00:00:00,22634.0,22569.666015625,64.333984375,64.333984375,4138.861545562744
2001-10-03 01:00:00,21663.0,21642.59765625,20.40234375,20.40234375,416.25563049316406
2001-10-03 02:00:00,21134.0,21218.93359375,-84.93359375,84.93359375,7213.715347290039
2001-10-03 03:00:00,20854.0,20886.490234375,-32.490234375,32.490234375,1055.6153297424316
2001-10-03 04:00:00,21146.0,21196.5078125,-50.5078125,50.5078125,2551.0391235351562
2001-10-03 05:00:00,22987.0,22738.455078125,248.544921875,248.544921875,61774.57818984985
2001-10-03 06:00:00,26883.0,26974.96875,-91.96875,91.96875,8458.2509765625
2001-10-03 07:00:00,28985.0,29388.203125,-403.203125,403.203125,162572.76000976562
2001-10-03 08:00:00,29749.0,29701.8203125,47.1796875,47.1796875,2225.9229125976562
2001-10-03 09:00:00,30439.0,30114.681640625,324.318359375,324.318359375,105182.39822769165
2001-10-03 10:00:00,31482.0,30949.060546875,532.939453125,532.939453125,284024.4606971741
2001-10-03 11:00:00,32389.0,31777.169921875,611.830078125,611.830078125,374336.0444984436
2001-10-03 12:00:00,32759.0,32809.5859375,-50.5859375,50.5859375,2558.9370727539062
2001-10-03 13:00:00,33339.0,33274.75,64.25,64.25,4128.0625
2001-10-03 14:00:00,33490.0,33581.19921875,-91.19921875,91.19921875,8317.297500610352
2001-10-03 15:00:00,33537.0,33380.20703125,156.79296875,156.79296875,24584.035049438477
2001-10-03 16:00:00,33451.0,33386.21484375,64.78515625,64.78515625,4197.116470336914
2001-10-03 17:00:00,32921.0,33150.83203125,-229.83203125,229.83203125,52822.76258850098
2001-10-03 18:00:00,32446.0,32643.529296875,-197.529296875,197.529296875,39017.823123931885
2001-10-03 19:00:00,34004.0,32782.46484375,1221.53515625,1221.53515625,1492148.137954712
2001-10-03 20:00:00,33262.0,33884.92578125,-622.92578125,622.92578125,388036.52894592285
2001-10-03 21:00:00,31263.0,31627.12890625,-364.12890625,364.12890625,132589.8603668213
2001-10-03 22:00:00,28369.0,28540.3515625,-171.3515625,171.3515625,29361.357971191406
2001-10-03 23:00:00,25512.0,25595.37109375,-83.37109375,83.37109375,6950.739273071289
2001-10-04 00:00:00,23518.0,23567.158203125,-49.158203125,49.158203125,2416.5289344787598
2001-10-04 01:00:00,22258.0,22423.517578125,-165.517578125,165.517578125,27396.06866836548
2001-10-04 02:00:00,21679.0,21985.966796875,-306.966796875,306.966796875,94228.61438369751
2001-10-04 03:00:00,21448.0,21452.236328125,-4.236328125,4.236328125,17.946475982666016
2001-10-04 04:00:00,21701.0,21692.431640625,8.568359375,8.568359375,73.41678237915039
2001-10-04 05:00:00,23513.0,23191.033203125,321.966796875,321.966796875,103662.61828994751
2001-10-04 06:00:00,27353.0,27326.775390625,26.224609375,26.224609375,687.7301368713379
2001-10-04 07:00:00,29389.0,30033.71484375,-644.71484375,644.71484375,415657.2297515869
2001-10-04 08:00:00,30133.0,30353.3671875,-220.3671875,220.3671875,48561.697326660156
2001-10-04 09:00:00,31331.0,30812.43359375,518.56640625,518.56640625,268911.11769104004
2001-10-04 10:00:00,32637.0,32046.552734375,590.447265625,590.447265625,348627.9734840393
2001-10-04 11:00:00,33541.0,33260.7734375,280.2265625,280.2265625,78526.9263305664
2001-10-04 12:00:00,33694.0,33738.66796875,-44.66796875,44.66796875,1995.2274322509766
2001-10-04 13:00:00,34171.0,34247.61328125,-76.61328125,76.61328125,5869.594863891602
2001-10-04 14:00:00,34123.0,34410.76953125,-287.76953125,287.76953125,82811.30311584473
2001-10-04 15:00:00,34133.0,34086.24609375,46.75390625,46.75390625,2185.927749633789
2001-10-04 16:00:00,34023.0,34093.546875,-70.546875,70.546875,4976.861572265625
2001-10-04 17:00:00,33367.0,33728.4140625,-361.4140625,361.4140625,130620.1245727539
2001-10-04 18:00:00,32867.0,32949.98828125,-82.98828125,82.98828125,6887.054824829102
2001-10-04 19:00:00,34055.0,32992.99609375,1062.00390625,1062.00390625,1127852.2968902588
2001-10-04 20:00:00,33177.0,33857.73046875,-680.73046875,680.73046875,463393.9710845947
2001-10-04 21:00:00,31094.0,31574.4296875,-480.4296875,480.4296875,230812.68463134766
2001-10-04 22:00:00,28224.0,28544.091796875,-320.091796875,320.091796875,102458.75842666626
2001-10-04 23:00:00,25291.0,25625.71484375,-334.71484375,334.71484375,112034.02662658691
2001-10-05 00:00:00,23327.0,23419.578125,-92.578125,92.578125,8570.709228515625
2001-10-05 01:00:00,22028.0,22316.708984375,-288.708984375,288.708984375,83352.877658844
2001-10-05 02:00:00,21551.0,21666.603515625,-115.603515625,115.603515625,13364.17282485962
2001-10-05 03:00:00,21234.0,21227.12890625,6.87109375,6.87109375,47.21192932128906
2001-10-05 04:00:00,21299.0,21652.998046875,-353.998046875,353.998046875,125314.6171913147
2001-10-05 05:00:00,23030.0,22577.9453125,452.0546875,452.0546875,204353.44049072266
2001-10-05 06:00:00,26755.0,26871.72265625,-116.72265625,116.72265625,13624.178482055664
2001-10-05 07:00:00,28728.0,29415.505859375,-687.505859375,687.505859375,472664.3066749573
2001-10-05 08:00:00,29675.0,29894.88671875,-219.88671875,219.88671875,48350.1690826416
2001-10-05 09:00:00,30624.0,30560.44921875,63.55078125,63.55078125,4038.7017974853516
2001-10-05 10:00:00,31865.0,31254.68359375,610.31640625,610.31640625,372486.11573791504
2001-10-05 11:00:00,32649.0,32253.21875,395.78125,395.78125,156642.7978515625
2001-10-05 12:00:00,32834.0,33129.82421875,-295.82421875,295.82421875,87511.96839904785
2001-10-05 13:00:00,33275.0,33023.8359375,251.1640625,251.1640625,63083.386291503906
2001-10-05 14:00:00,33400.0,33221.65625,178.34375,178.34375,31806.4931640625
2001-10-05 15:00:00,33313.0,33368.8359375,-55.8359375,55.8359375,3117.6519165039062
2001-10-05 16:00:00,33034.0,33142.45703125,-108.45703125,108.45703125,11762.927627563477
2001-10-05 17:00:00,32097.0,32818.7421875,-721.7421875,721.7421875,520911.78521728516
2001-10-05 18:00:00,31493.0,31534.251953125,-41.251953125,41.251953125,1701.7236366271973
2001-10-05 19:00:00,32341.0,31670.404296875,670.595703125,670.595703125,449698.59704971313
2001-10-05 20:00:00,31298.0,32141.15625,-843.15625,843.15625,710912.4619140625
2001-10-05 21:00:00,29861.0,29828.880859375,32.119140625,32.119140625,1031.6391944885254
2001-10-05 22:00:00,27562.0,27497.5,64.5,64.5,4160.25
2001-10-05 23:00:00,25221.0,25113.068359375,107.931640625,107.931640625,11649.23904800415
2001-10-06 00:00:00,23372.0,23406.87109375,-34.87109375,34.87109375,1215.993179321289
2001-10-06 01:00:00,22183.0,22157.224609375,25.775390625,25.775390625,664.3707618713379
2001-10-06 02:00:00,21396.0,21727.70703125,-331.70703125,331.70703125,110029.55458068848
2001-10-06 03:00:00,21013.0,20869.25390625,143.74609375,143.74609375,20662.93946838379
2001-10-06 04:00:00,20936.0,21201.650390625,-265.650390625,265.650390625,70570.13003921509
2001-10-06 05:00:00,21541.0,21228.189453125,312.810546875,312.810546875,97850.43823623657
2001-10-06 06:00:00,22656.0,22908.12890625,-252.12890625,252.12890625,63568.98536682129
2001-10-06 07:00:00,24052.0,23804.998046875,247.001953125,247.001953125,61009.9648475647
2001-10-06 08:00:00,26039.0,26205.990234375,-166.990234375,166.990234375,27885.73837661743
2001-10-06 09:00:00,27510.0,27494.6015625,15.3984375,15.3984375,237.11187744140625
2001-10-06 10:00:00,27889.0,28434.759765625,-545.759765625,545.759765625,297853.72177505493
2001-10-06 11:00:00,27458.0,28173.826171875,-715.826171875,715.826171875,512407.10834121704
2001-10-06 12:00:00,26824.0,27005.873046875,-181.873046875,181.873046875,33077.80517959595
2001-10-06 13:00:00,26170.0,26422.17578125,-252.17578125,252.17578125,63592.62464904785
2001-10-06 14:00:00,25582.0,25699.880859375,-117.880859375,117.880859375,13895.897006988525
2001-10-06 15:00:00,25264.0,25198.1640625,65.8359375,65.8359375,4334.370666503906
2001-10-06 16:00:00,25272.0,25632.1640625,-360.1640625,360.1640625,129718.1519165039
2001-10-06 17:00:00,25161.0,25903.21484375,-742.21484375,742.21484375,550882.8742828369
2001-10-06 18:00:00,25724.0,26312.052734375,-588.052734375,588.052734375,345806.0184059143
2001-10-06 19:00:00,27207.0,27081.4609375,125.5390625,125.5390625,15760.056213378906
2001-10-06 20:00:00,26870.0,27616.11328125,-746.11328125,746.11328125,556685.0284576416
2001-10-06 21:00:00,25839.0,26008.171875,-169.171875,169.171875,28619.123291015625
2001-10-06 22:00:00,24484.0,24326.662109375,157.337890625,157.337890625,24755.211826324463
2001-10-06 23:00:00,22756.0,22920.58984375,-164.58984375,164.58984375,27089.816665649414
2001-10-07 00:00:00,21361.0,21223.798828125,137.201171875,137.201171875,18824.16156387329
2001-10-07 01:00:00,20248.0,20351.90625,-103.90625,103.90625,10796.5087890625
2001-10-07 02:00:00,19612.0,19796.671875,-184.671875,184.671875,34103.701416015625
2001-10-07 03:00:00,19309.0,19285.8203125,23.1796875,23.1796875,537.2979125976562
2001-10-07 04:00:00,19299.0,19343.35546875,-44.35546875,44.35546875,1967.4076080322266
2001-10-07 05:00:00,19708.0,19642.47265625,65.52734375,65.52734375,4293.832778930664
2001-10-07 06:00:00,20598.0,20562.18359375,35.81640625,35.81640625,1282.814956665039
2001-10-07 07:00:00,21487.0,21550.05859375,-63.05859375,63.05859375,3976.386245727539
2001-10-07 08:00:00,23176.0,23240.328125,-64.328125,64.328125,4138.107666015625
2001-10-07 09:00:00,24339.0,24454.810546875,-115.810546875,115.810546875,13412.082767486572
2001-10-07 10:00:00,24832.0,25046.345703125,-214.345703125,214.345703125,45944.080448150635
2001-10-07 11:00:00,24898.0,25182.787109375,-284.787109375,284.787109375,81103.69766616821
2001-10-07 12:00:00,24713.0,24753.88671875,-40.88671875,40.88671875,1671.7237701416016
2001-10-07 13:00:00,24456.0,24450.787109375,5.212890625,5.212890625,27.17422866821289
2001-10-07 14:00:00,24154.0,24153.833984375,0.166015625,0.166015625,0.027561187744140625
2001-10-07 15:00:00,24071.0,23954.02734375,116.97265625,116.97265625,13682.602310180664
2001-10-07 16:00:00,24425.0,24450.33203125,-25.33203125,25.33203125,641.7118072509766
2001-10-07 17:00:00,25016.0,25361.255859375,-345.255859375,345.255859375,119201.60843276978
2001-10-07 18:00:00,26063.0,26206.037109375,-143.037109375,143.037109375,20459.614658355713
2001-10-07 19:00:00,28118.0,27455.412109375,662.587890625,662.587890625,439022.71280288696
2001-10-07 20:00:00,28015.0,27963.05078125,51.94921875,51.94921875,2698.7213287353516
2001-10-07 21:00:00,26918.0,26702.5546875,215.4453125,215.4453125,46416.682678222656
2001-10-07 22:00:00,25348.0,25114.28515625,233.71484375,233.71484375,54622.628189086914
2001-10-07 23:00:00,23631.0,23408.19140625,222.80859375,222.80859375,49643.66944885254
2001-10-08 00:00:00,22242.0,21681.400390625,560.599609375,560.599609375,314271.9220314026
2001-10-08 01:00:00,21466.0,21204.703125,261.296875,261.296875,68276.05688476562
2001-10-08 02:00:00,21242.0,20940.185546875,301.814453125,301.814453125,91091.96411514282
2001-10-08 03:00:00,21299.0,21134.86328125,164.13671875,164.13671875,26940.8624420166
2001-10-08 04:00:00,21881.0,21696.599609375,184.400390625,184.400390625,34003.50406265259
2001-10-08 05:00:00,23620.0,23514.185546875,105.814453125,105.814453125,11196.698490142822
2001-10-08 06:00:00,27193.0,27066.228515625,126.771484375,126.771484375,16071.00925064087
2001-10-08 07:00:00,29376.0,29375.6953125,0.3046875,0.3046875,0.09283447265625
2001-10-08 08:00:00,30277.0,29811.7109375,465.2890625,465.2890625,216493.9116821289
2001-10-08 09:00:00,30711.0,30621.13671875,89.86328125,89.86328125,8075.409317016602
2001-10-08 10:00:00,30954.0,30898.134765625,55.865234375,55.865234375,3120.9244117736816
2001-10-08 11:00:00,30688.0,30743.23046875,-55.23046875,55.23046875,3050.4046783447266
2001-10-08 12:00:00,30177.0,30191.685546875,-14.685546875,14.685546875,215.66528701782227
2001-10-08 13:00:00,29800.0,30009.595703125,-209.595703125,209.595703125,43930.358768463135
2001-10-08 14:00:00,29428.0,29454.595703125,-26.595703125,26.595703125,707.3314247131348
2001-10-08 15:00:00,28995.0,29186.677734375,-191.677734375,191.677734375,36740.35385513306
2001-10-08 16:00:00,29013.0,28971.046875,41.953125,41.953125,1760.064697265625
2001-10-08 17:00:00,29211.0,29434.90234375,-223.90234375,223.90234375,50132.259536743164
2001-10-08 18:00:00,30284.0,30331.90234375,-47.90234375,47.90234375,2294.634536743164
2001-10-08 19:00:00,32070.0,31475.8828125,594.1171875,594.1171875,352975.23248291016
2001-10-08 20:00:00,31600.0,31295.41796875,304.58203125,304.58203125,92770.21376037598
2001-10-08 21:00:00,30188.0,30130.591796875,57.408203125,57.408203125,3295.7017860412598
2001-10-08 22:00:00,27764.0,27666.517578125,97.482421875,97.482421875,9502.822574615479
2001-10-08 23:00:00,25600.0,25141.583984375,458.416015625,458.416015625,210145.24338150024
2001-10-09 00:00:00,23991.0,23743.765625,247.234375,247.234375,61124.836181640625
2001-10-09 01:00:00,23267.0,23003.927734375,263.072265625,263.072265625,69207.01694107056
2001-10-09 02:00:00,22992.0,22696.466796875,295.533203125,295.533203125,87339.87414932251
2001-10-09 03:00:00,23084.0,22765.392578125,318.607421875,318.607421875,101510.68927383423
2001-10-09 04:00:00,23671.0,23705.888671875,-34.888671875,34.888671875,1217.219425201416
2001-10-09 05:00:00,25794.0,25642.8515625,151.1484375,151.1484375,22845.850158691406
2001-10-09 06:00:00,29937.0,29723.56640625,213.43359375,213.43359375,45553.89894104004
2001-10-09 07:00:00,31921.0,32102.486328125,-181.486328125,181.486328125,32937.287296295166
2001-10-09 08:00:00,31981.0,32090.498046875,-109.498046875,109.498046875,11989.822269439697
2001-10-09 09:00:00,31600.0,31854.0703125,-254.0703125,254.0703125,64551.723693847656
2001-10-09 10:00:00,31365.0,31512.025390625,-147.025390625,147.025390625,21616.465488433838
2001-10-09 11:00:00,30944.0,30990.291015625,-46.291015625,46.291015625,2142.858127593994
2001-10-09 12:00:00,30503.0,30581.625,-78.625,78.625,6181.890625
2001-10-09 13:00:00,30342.0,30278.318359375,63.681640625,63.681640625,4055.3513526916504
2001-10-09 14:00:00,29905.0,30070.1640625,-165.1640625,165.1640625,27279.167541503906
2001-10-09 15:00:00,29663.0,29630.09765625,32.90234375,32.90234375,1082.564224243164
2001-10-09 16:00:00,29663.0,29745.4921875,-82.4921875,82.4921875,6804.960998535156
2001-10-09 17:00:00,29772.0,30249.814453125,-477.814453125,477.814453125,228306.65161514282
2001-10-09 18:00:00,30544.0,30680.736328125,-136.736328125,136.736328125,18696.823429107666
2001-10-09 19:00:00,32153.0,31849.263671875,303.736328125,303.736328125,92255.75702285767
2001-10-09 20:00:00,31482.0,31640.537109375,-158.537109375,158.537109375,25134.015048980713
2001-10-09 21:00:00,29869.0,30031.5859375,-162.5859375,162.5859375,26434.187072753906
2001-10-09 22:00:00,27275.0,27464.513671875,-189.513671875,189.513671875,35915.431827545166
2001-10-09 23:00:00,25090.0,24801.962890625,288.037109375,288.037109375,82965.37637710571
2001-10-10 00:00:00,23293.0,23274.505859375,18.494140625,18.494140625,342.0332374572754
2001-10-10 01:00:00,22531.0,22269.087890625,261.912109375,261.912109375,68597.95303726196
2001-10-10 02:00:00,22236.0,22121.974609375,114.025390625,114.025390625,13001.789707183838
2001-10-10 03:00:00,22191.0,22171.779296875,19.220703125,19.220703125,369.43542861938477
2001-10-10 04:00:00,22714.0,22985.26171875,-271.26171875,271.26171875,73582.9200592041
2001-10-10 05:00:00,24690.0,24803.330078125,-113.330078125,113.330078125,12843.706607818604
2001-10-10 06:00:00,28676.0,28513.046875,162.953125,162.953125,26553.720947265625
2001-10-10 07:00:00,30644.0,30833.1953125,-189.1953125,189.1953125,35794.866271972656
2001-10-10 08:00:00,30660.0,30912.25,-252.25,252.25,63630.0625
2001-10-10 09:00:00,30511.0,30608.60546875,-97.60546875,97.60546875,9526.827529907227
2001-10-10 10:00:00,30618.0,30499.21484375,118.78515625,118.78515625,14109.913345336914
2001-10-10 11:00:00,30591.0,30414.3515625,176.6484375,176.6484375,31204.670471191406
2001-10-10 12:00:00,30350.0,30158.087890625,191.912109375,191.912109375,36830.25772476196
2001-10-10 13:00:00,30467.0,30233.373046875,233.626953125,233.626953125,54581.55322647095
2001-10-10 14:00:00,30304.0,30218.85546875,85.14453125,85.14453125,7249.591201782227
2001-10-10 15:00:00,30089.0,30126.056640625,-37.056640625,37.056640625,1373.1946144104004
2001-10-10 16:00:00,30080.0,30069.025390625,10.974609375,10.974609375,120.44205093383789
2001-10-10 17:00:00,29989.0,30375.99609375,-386.99609375,386.99609375,149765.9765777588
2001-10-10 18:00:00,30747.0,30722.4375,24.5625,24.5625,603.31640625
2001-10-10 19:00:00,32189.0,31385.1796875,803.8203125,803.8203125,646127.0947875977
2001-10-10 20:00:00,31447.0,31446.263671875,0.736328125,0.736328125,0.5421791076660156
2001-10-10 21:00:00,29680.0,29887.03515625,-207.03515625,207.03515625,42863.555923461914
2001-10-10 22:00:00,26995.0,27167.26171875,-172.26171875,172.26171875,29674.0997467041
2001-10-10 23:00:00,24662.0,24446.93359375,215.06640625,215.06640625,46253.55909729004
2001-10-11 00:00:00,22950.0,22680.25,269.75,269.75,72765.0625
2001-10-11 01:00:00,21872.0,21933.107421875,-61.107421875,61.107421875,3734.1170082092285
2001-10-11 02:00:00,21364.0,21506.330078125,-142.330078125,142.330078125,20257.851139068604
2001-10-11 03:00:00,21201.0,21450.029296875,-249.029296875,249.029296875,62015.590702056885
2001-10-11 04:00:00,21712.0,21761.974609375,-49.974609375,49.974609375,2497.461582183838
2001-10-11 05:00:00,23558.0,23693.587890625,-135.587890625,135.587890625,18384.076084136963
2001-10-11 06:00:00,27389.0,27534.880859375,-145.880859375,145.880859375,21281.225131988525
2001-10-11 07:00:00,29604.0,29934.587890625,-330.587890625,330.587890625,109288.35342788696
2001-10-11 08:00:00,29915.0,30140.98828125,-225.98828125,225.98828125,51070.7032623291
2001-10-11 09:00:00,30311.0,30155.078125,155.921875,155.921875,24311.631103515625
2001-10-11 10:00:00,30983.0,30767.2890625,215.7109375,215.7109375,46531.208557128906
2001-10-11 11:00:00,31208.0,31046.921875,161.078125,161.078125,25946.162353515625
2001-10-11 12:00:00,31216.0,31004.017578125,211.982421875,211.982421875,44936.54718399048
2001-10-11 13:00:00,31437.0,31238.017578125,198.982421875,198.982421875,39594.00421524048
2001-10-11 14:00:00,31441.0,31452.041015625,-11.041015625,11.041015625,121.90402603149414
2001-10-11 15:00:00,31385.0,31357.822265625,27.177734375,27.177734375,738.6292457580566
2001-10-11 16:00:00,31134.0,31280.748046875,-146.748046875,146.748046875,21534.989261627197
2001-10-11 17:00:00,30898.0,31089.982421875,-191.982421875,191.982421875,36857.25030899048
2001-10-11 18:00:00,31272.0,31209.0234375,62.9765625,62.9765625,3966.0474243164062
2001-10-11 19:00:00,32667.0,31884.818359375,782.181640625,782.181640625,611808.1189308167
2001-10-11 20:00:00,31765.0,32114.60546875,-349.60546875,349.60546875,122223.98377990723
2001-10-11 21:00:00,30026.0,30060.818359375,-34.818359375,34.818359375,1212.3181495666504
2001-10-11 22:00:00,27331.0,27548.11328125,-217.11328125,217.11328125,47138.1768951416
2001-10-11 23:00:00,24779.0,24831.091796875,-52.091796875,52.091796875,2713.5553016662598
2001-10-12 00:00:00,22828.0,22739.33984375,88.66015625,88.66015625,7860.623306274414
2001-10-12 01:00:00,21601.0,21850.576171875,-249.576171875,249.576171875,62288.26556777954
2001-10-12 02:00:00,21064.0,21133.88671875,-69.88671875,69.88671875,4884.153457641602
2001-10-12 03:00:00,20765.0,20787.3359375,-22.3359375,22.3359375,498.89410400390625
2001-10-12 04:00:00,21118.0,21129.2578125,-11.2578125,11.2578125,126.73834228515625
2001-10-12 05:00:00,22991.0,22605.9296875,385.0703125,385.0703125,148279.14556884766
2001-10-12 06:00:00,26712.0,26798.26171875,-86.26171875,86.26171875,7441.084121704102
2001-10-12 07:00:00,28839.0,29243.095703125,-404.095703125,404.095703125,163293.33728408813
2001-10-12 08:00:00,29426.0,29788.505859375,-362.505859375,362.505859375,131410.49808120728
2001-10-12 09:00:00,30127.0,29736.208984375,390.791015625,390.791015625,152717.617893219
2001-10-12 10:00:00,30920.0,30625.935546875,294.064453125,294.064453125,86473.90259170532
2001-10-12 11:00:00,31247.0,31155.291015625,91.708984375,91.708984375,8410.537815093994
2001-10-12 12:00:00,31617.0,31084.740234375,532.259765625,532.259765625,283300.45810317993
2001-10-12 13:00:00,31740.0,31678.771484375,61.228515625,61.228515625,3748.931125640869
2001-10-12 14:00:00,31578.0,31658.056640625,-80.056640625,80.056640625,6409.0657081604
2001-10-12 15:00:00,31197.0,31244.6015625,-47.6015625,47.6015625,2265.9087524414062
2001-10-12 16:00:00,30760.0,31038.849609375,-278.849609375,278.849609375,77757.10464859009
2001-10-12 17:00:00,30185.0,30360.8046875,-175.8046875,175.8046875,30907.288146972656
2001-10-12 18:00:00,30726.0,30659.2578125,66.7421875,66.7421875,4454.519592285156
2001-10-12 19:00:00,31232.0,31356.45703125,-124.45703125,124.45703125,15489.552627563477
2001-10-12 20:00:00,30180.0,30825.94921875,-645.94921875,645.94921875,417250.39320373535
2001-10-12 21:00:00,28735.0,28880.3359375,-145.3359375,145.3359375,21122.534729003906
2001-10-12 22:00:00,26578.0,26611.732421875,-33.732421875,33.732421875,1137.8762855529785
2001-10-12 23:00:00,24492.0,24298.458984375,193.541015625,193.541015625,37458.124729156494
2001-10-13 00:00:00,22403.0,22555.74609375,-152.74609375,152.74609375,23331.36915588379
2001-10-13 01:00:00,21236.0,21274.578125,-38.578125,38.578125,1488.271728515625
2001-10-13 02:00:00,20547.0,20527.853515625,19.146484375,19.146484375,366.58786392211914
2001-10-13 03:00:00,20038.0,20127.5859375,-89.5859375,89.5859375,8025.640197753906
2001-10-13 04:00:00,20036.0,20101.22265625,-65.22265625,65.22265625,4253.994888305664
2001-10-13 05:00:00,20508.0,20558.681640625,-50.681640625,50.681640625,2568.6286964416504
2001-10-13 06:00:00,21665.0,21789.03125,-124.03125,124.03125,15383.7509765625
2001-10-13 07:00:00,22829.0,22984.0390625,-155.0390625,155.0390625,24037.110900878906
2001-10-13 08:00:00,24714.0,24707.70703125,6.29296875,6.29296875,39.60145568847656
2001-10-13 09:00:00,26359.0,25887.1171875,471.8828125,471.8828125,222673.38873291016
2001-10-13 10:00:00,27308.0,26946.962890625,361.037109375,361.037109375,130347.79434585571
2001-10-13 11:00:00,27670.0,27372.984375,297.015625,297.015625,88218.28149414062
2001-10-13 12:00:00,27718.0,27480.470703125,237.529296875,237.529296875,56420.166873931885
2001-10-13 13:00:00,27773.0,27325.98828125,447.01171875,447.01171875,199819.4766998291
2001-10-13 14:00:00,27514.0,27395.1875,118.8125,118.8125,14116.41015625
2001-10-13 15:00:00,27337.0,27264.63671875,72.36328125,72.36328125,5236.444473266602
2001-10-13 16:00:00,27229.0,27480.0703125,-251.0703125,251.0703125,63036.301818847656
2001-10-13 17:00:00,27279.0,27755.814453125,-476.814453125,476.814453125,227352.02270889282
2001-10-13 18:00:00,28157.0,28138.353515625,18.646484375,18.646484375,347.69137954711914
2001-10-13 19:00:00,29175.0,29022.431640625,152.568359375,152.568359375,23277.10428237915
2001-10-13 20:00:00,28382.0,29019.1640625,-637.1640625,637.1640625,405978.0425415039
2001-10-13 21:00:00,27014.0,27357.236328125,-343.236328125,343.236328125,117811.17694473267
2001-10-13 22:00:00,25282.0,25515.91015625,-233.91015625,233.91015625,54713.961196899414
2001-10-13 23:00:00,23545.0,23439.52734375,105.47265625,105.47265625,11124.481216430664
2001-10-14 00:00:00,21796.0,21931.931640625,-135.931640625,135.931640625,18477.41092300415
2001-10-14 01:00:00,20556.0,20644.009765625,-88.009765625,88.009765625,7745.718845367432
2001-10-14 02:00:00,19859.0,19950.771484375,-91.771484375,91.771484375,8422.00534439087
2001-10-14 03:00:00,19382.0,19527.546875,-145.546875,145.546875,21183.892822265625
2001-10-14 04:00:00,19227.0,19247.908203125,-20.908203125,20.908203125,437.15295791625977
2001-10-14 05:00:00,19610.0,19440.294921875,169.705078125,169.705078125,28799.813541412354
2001-10-14 06:00:00,20256.0,20179.134765625,76.865234375,76.865234375,5908.264255523682
2001-10-14 07:00:00,21131.0,21309.447265625,-178.447265625,178.447265625,31843.426609039307
2001-10-14 08:00:00,22559.0,22644.93359375,-85.93359375,85.93359375,7384.582534790039
2001-10-14 09:00:00,24200.0,23958.39453125,241.60546875,241.60546875,58373.20252990723
2001-10-14 10:00:00,25132.0,25065.759765625,66.240234375,66.240234375,4387.768650054932
2001-10-14 11:00:00,25590.0,25612.888671875,-22.888671875,22.888671875,523.891300201416
2001-10-14 12:00:00,25871.0,25855.794921875,15.205078125,15.205078125,231.19440078735352
2001-10-14 13:00:00,25881.0,25917.142578125,-36.142578125,36.142578125,1306.2859535217285
2001-10-14 14:00:00,25688.0,25688.203125,-0.203125,0.203125,0.041259765625
2001-10-14 15:00:00,25729.0,25398.880859375,330.119140625,330.119140625,108978.64700698853
2001-10-14 16:00:00,26123.0,26295.01171875,-172.01171875,172.01171875,29588.0313873291
2001-10-14 17:00:00,26800.0,26894.66796875,-94.66796875,94.66796875,8962.024307250977
2001-10-14 18:00:00,28474.0,27426.541015625,1047.458984375,1047.458984375,1097170.3239479065
2001-10-14 19:00:00,29442.0,28687.94921875,754.05078125,754.05078125,568592.5807037354
2001-10-14 20:00:00,28755.0,29075.80078125,-320.80078125,320.80078125,102913.14125061035
2001-10-14 21:00:00,27397.0,27337.4140625,59.5859375,59.5859375,3550.4839477539062
2001-10-14 22:00:00,25467.0,25604.9453125,-137.9453125,137.9453125,19028.909240722656
2001-10-14 23:00:00,23303.0,23556.85546875,-253.85546875,253.85546875,64442.59901428223
2001-10-15 00:00:00,21834.0,21862.90625,-28.90625,28.90625,835.5712890625
2001-10-15 01:00:00,20747.0,20962.54296875,-215.54296875,215.54296875,46458.77137756348
2001-10-15 02:00:00,20256.0,20506.140625,-250.140625,250.140625,62570.332275390625
2001-10-15 03:00:00,20106.0,20279.921875,-173.921875,173.921875,30248.818603515625
2001-10-15 04:00:00,20455.0,20539.974609375,-84.974609375,84.974609375,7220.684238433838
2001-10-15 05:00:00,22409.0,22181.119140625,227.880859375,227.880859375,51929.686069488525
2001-10-15 06:00:00,26346.0,26375.859375,-29.859375,29.859375,891.582275390625
2001-10-15 07:00:00,28682.0,29203.91796875,-521.91796875,521.91796875,272398.366104126
2001-10-15 08:00:00,29388.0,29563.6015625,-175.6015625,175.6015625,30835.908752441406
2001-10-15 09:00:00,30197.0,29919.205078125,277.794921875,277.794921875,77170.01861953735
2001-10-15 10:00:00,30724.0,30898.55859375,-174.55859375,174.55859375,30470.70265197754
2001-10-15 11:00:00,30907.0,30963.33203125,-56.33203125,56.33203125,3173.2977447509766
2001-10-15 12:00:00,30993.0,30723.169921875,269.830078125,269.830078125,72808.2710609436
2001-10-15 13:00:00,30901.0,31055.453125,-154.453125,154.453125,23855.767822265625
2001-10-15 14:00:00,30849.0,30682.45703125,166.54296875,166.54296875,27736.560440063477
2001-10-15 15:00:00,30644.0,30716.205078125,-72.205078125,72.205078125,5213.5733070373535
2001-10-15 16:00:00,30527.0,30836.0703125,-309.0703125,309.0703125,95524.45806884766
2001-10-15 17:00:00,30390.0,30882.9765625,-492.9765625,492.9765625,243025.8911743164
2001-10-15 18:00:00,31081.0,30808.537109375,272.462890625,272.462890625,74236.02676773071
2001-10-15 19:00:00,32262.0,32028.763671875,233.236328125,233.236328125,54399.184757232666
2001-10-15 20:00:00,31225.0,31750.03125,-525.03125,525.03125,275657.8134765625
2001-10-15 21:00:00,29394.0,29506.615234375,-112.615234375,112.615234375,12682.191013336182
2001-10-15 22:00:00,26555.0,26787.814453125,-232.814453125,232.814453125,54202.56958389282
2001-10-15 23:00:00,24272.0,24090.890625,181.109375,181.109375,32800.605712890625
2001-10-16 00:00:00,22522.0,22347.80859375,174.19140625,174.19140625,30342.64601135254
2001-10-16 01:00:00,21464.0,21624.373046875,-160.373046875,160.373046875,25719.514163970947
2001-10-16 02:00:00,21049.0,21056.9765625,-7.9765625,7.9765625,63.62554931640625
2001-10-16 03:00:00,20901.0,20870.625,30.375,30.375,922.640625
2001-10-16 04:00:00,21421.0,21285.892578125,135.107421875,135.107421875,18254.01544570923
2001-10-16 05:00:00,23422.0,23418.720703125,3.279296875,3.279296875,10.753787994384766
2001-10-16 06:00:00,27601.0,27313.546875,287.453125,287.453125,82629.29907226562
2001-10-16 07:00:00,29751.0,29915.896484375,-164.896484375,164.896484375,27190.85055923462
2001-10-16 08:00:00,30035.0,30139.3515625,-104.3515625,104.3515625,10889.248596191406
2001-10-16 09:00:00,30165.0,30310.47265625,-145.47265625,145.47265625,21162.293716430664
2001-10-16 10:00:00,30737.0,30553.451171875,183.548828125,183.548828125,33690.17230606079
2001-10-16 11:00:00,30900.0,30777.271484375,122.728515625,122.728515625,15062.28854751587
2001-10-16 12:00:00,30725.0,30680.99609375,44.00390625,44.00390625,1936.343765258789
2001-10-16 13:00:00,30717.0,30677.6015625,39.3984375,39.3984375,1552.2368774414062
2001-10-16 14:00:00,30613.0,30531.2578125,81.7421875,81.7421875,6681.785217285156
2001-10-16 15:00:00,30565.0,30363.6484375,201.3515625,201.3515625,40542.451721191406
2001-10-16 16:00:00,30342.0,30591.875,-249.875,249.875,62437.515625
2001-10-16 17:00:00,30729.0,30484.015625,244.984375,244.984375,60017.343994140625
2001-10-16 18:00:00,31848.0,31755.92578125,92.07421875,92.07421875,8477.661758422852
2001-10-16 19:00:00,32357.0,32468.7890625,-111.7890625,111.7890625,12496.794494628906
2001-10-16 20:00:00,31319.0,31311.005859375,7.994140625,7.994140625,63.90628433227539
2001-10-16 21:00:00,29453.0,29544.861328125,-91.861328125,91.861328125,8438.503604888916
2001-10-16 22:00:00,26729.0,26828.703125,-99.703125,99.703125,9940.713134765625
2001-10-16 23:00:00,24265.0,24134.26171875,130.73828125,130.73828125,17092.4981842041
2001-10-17 00:00:00,22658.0,22363.697265625,294.302734375,294.302734375,86614.0994606018
2001-10-17 01:00:00,21618.0,21653.51171875,-35.51171875,35.51171875,1261.0821685791016
2001-10-17 02:00:00,21228.0,21197.875,30.125,30.125,907.515625
2001-10-17 03:00:00,21146.0,21090.623046875,55.376953125,55.376953125,3066.6069374084473
2001-10-17 04:00:00,21764.0,21631.849609375,132.150390625,132.150390625,17463.725742340088
2001-10-17 05:00:00,23626.0,23708.7578125,-82.7578125,82.7578125,6848.855529785156
2001-10-17 06:00:00,27746.0,27650.55078125,95.44921875,95.44921875,9110.553359985352
2001-10-17 07:00:00,30189.0,29906.505859375,282.494140625,282.494140625,79802.93948745728
2001-10-17 08:00:00,30350.0,30501.54296875,-151.54296875,151.54296875,22965.271377563477
2001-10-17 09:00:00,30452.0,30542.712890625,-90.712890625,90.712890625,8228.828525543213
2001-10-17 10:00:00,30691.0,30581.86328125,109.13671875,109.13671875,11910.823379516602
2001-10-17 11:00:00,30505.0,30670.923828125,-165.923828125,165.923828125,27530.71673965454
2001-10-17 12:00:00,30335.0,30265.3203125,69.6796875,69.6796875,4855.258850097656
2001-10-17 13:00:00,30114.0,30401.509765625,-287.509765625,287.509765625,82661.86532974243
2001-10-17 14:00:00,29854.0,29933.232421875,-79.232421875,79.232421875,6277.7766761779785
2001-10-17 15:00:00,29914.0,29496.697265625,417.302734375,417.302734375,174141.5721168518
2001-10-17 16:00:00,29835.0,30062.7734375,-227.7734375,227.7734375,51880.738830566406
2001-10-17 17:00:00,30102.0,30025.505859375,76.494140625,76.494140625,5851.353549957275
2001-10-17 18:00:00,31408.0,31440.001953125,-32.001953125,32.001953125,1024.1250038146973
2001-10-17 19:00:00,32405.0,31854.072265625,550.927734375,550.927734375,303521.36850357056
2001-10-17 20:00:00,31584.0,31641.9375,-57.9375,57.9375,3356.75390625
2001-10-17 21:00:00,29962.0,29923.3828125,38.6171875,38.6171875,1491.2871704101562
2001-10-17 22:00:00,27801.0,27502.650390625,298.349609375,298.349609375,89012.48941421509
2001-10-17 23:00:00,25351.0,25221.5390625,129.4609375,129.4609375,16760.134338378906
2001-10-18 00:00:00,23558.0,23402.265625,155.734375,155.734375,24253.195556640625
2001-10-18 01:00:00,22697.0,22486.890625,210.109375,210.109375,44145.949462890625
2001-10-18 02:00:00,22403.0,22278.080078125,124.919921875,124.919921875,15604.986881256104
2001-10-18 03:00:00,22353.0,22214.205078125,138.794921875,138.794921875,19264.030338287354
2001-10-18 04:00:00,22947.0,22956.109375,-9.109375,9.109375,82.980712890625
2001-10-18 05:00:00,24943.0,24986.0546875,-43.0546875,43.0546875,1853.7061157226562
2001-10-18 06:00:00,29323.0,29106.060546875,216.939453125,216.939453125,47062.72632217407
2001-10-18 07:00:00,31170.0,31456.421875,-286.421875,286.421875,82037.49047851562
2001-10-18 08:00:00,31356.0,31514.9921875,-158.9921875,158.9921875,25278.515686035156
2001-10-18 09:00:00,31237.0,31325.177734375,-88.177734375,88.177734375,7775.312839508057
2001-10-18 10:00:00,30908.0,31155.015625,-247.015625,247.015625,61016.718994140625
2001-10-18 11:00:00,30672.0,30607.23046875,64.76953125,64.76953125,4195.092178344727
2001-10-18 12:00:00,30511.0,30276.560546875,234.439453125,234.439453125,54961.85718154907
2001-10-18 13:00:00,30302.0,30283.84765625,18.15234375,18.15234375,329.50758361816406
2001-10-18 14:00:00,29952.0,30126.728515625,-174.728515625,174.728515625,30530.05417251587
2001-10-18 15:00:00,29434.0,29695.09375,-261.09375,261.09375,68169.9462890625
2001-10-18 16:00:00,29506.0,29405.25390625,100.74609375,100.74609375,10149.775405883789
2001-10-18 17:00:00,29722.0,30239.974609375,-517.974609375,517.974609375,268297.69595718384
2001-10-18 18:00:00,31075.0,30857.8203125,217.1796875,217.1796875,47167.016662597656
2001-10-18 19:00:00,32384.0,31676.306640625,707.693359375,707.693359375,500829.8909034729
2001-10-18 20:00:00,31660.0,31754.578125,-94.578125,94.578125,8945.021728515625
2001-10-18 21:00:00,30284.0,29937.185546875,346.814453125,346.814453125,120280.26489639282
2001-10-18 22:00:00,27823.0,27590.26953125,232.73046875,232.73046875,54163.47108459473
2001-10-18 23:00:00,25551.0,25268.322265625,282.677734375,282.677734375,79906.70151138306
2001-10-19 00:00:00,23911.0,23820.16015625,90.83984375,90.83984375,8251.877212524414
2001-10-19 01:00:00,22889.0,22822.654296875,66.345703125,66.345703125,4401.752323150635
2001-10-19 02:00:00,22603.0,22358.83203125,244.16796875,244.16796875,59617.99696350098
2001-10-19 03:00:00,22647.0,22414.3359375,232.6640625,232.6640625,54132.565979003906
2001-10-19 04:00:00,23198.0,23204.138671875,-6.138671875,6.138671875,37.683292388916016
2001-10-19 05:00:00,25107.0,25136.498046875,-29.498046875,29.498046875,870.1347694396973
2001-10-19 06:00:00,29065.0,28689.193359375,375.806640625,375.806640625,141230.6311378479
2001-10-19 07:00:00,31338.0,31164.732421875,173.267578125,173.267578125,30021.65362930298
2001-10-19 08:00:00,31420.0,31301.57421875,118.42578125,118.42578125,14024.665664672852
2001-10-19 09:00:00,31212.0,31196.46875,15.53125,15.53125,241.2197265625
2001-10-19 10:00:00,31200.0,31208.939453125,-8.939453125,8.939453125,79.91382217407227
2001-10-19 11:00:00,30895.0,30936.19140625,-41.19140625,41.19140625,1696.731948852539
2001-10-19 12:00:00,30356.0,30452.11328125,-96.11328125,96.11328125,9237.762832641602
2001-10-19 13:00:00,29979.0,30147.751953125,-168.751953125,168.751953125,28477.221683502197
2001-10-19 14:00:00,29614.0,29639.251953125,-25.251953125,25.251953125,637.6611366271973
2001-10-19 15:00:00,29137.0,29196.134765625,-59.134765625,59.134765625,3496.9205055236816
2001-10-19 16:00:00,28835.0,28977.90234375,-142.90234375,142.90234375,20421.079849243164
2001-10-19 17:00:00,28651.0,28952.57421875,-301.57421875,301.57421875,90947.00941467285
2001-10-19 18:00:00,29988.0,29545.00390625,442.99609375,442.99609375,196245.5390777588
2001-10-19 19:00:00,30514.0,31284.375,-770.375,770.375,593477.640625
2001-10-19 20:00:00,29645.0,30125.2265625,-480.2265625,480.2265625,230617.5513305664
2001-10-19 21:00:00,28371.0,28434.65625,-63.65625,63.65625,4052.1181640625
2001-10-19 22:00:00,26469.0,26373.935546875,95.064453125,95.064453125,9037.250247955322
2001-10-19 23:00:00,24327.0,24119.818359375,207.181640625,207.181640625,42924.23221206665
2001-10-20 00:00:00,22385.0,22486.91796875,-101.91796875,101.91796875,10387.272354125977
2001-10-20 01:00:00,21388.0,21445.71875,-57.71875,57.71875,3331.4541015625
2001-10-20 02:00:00,20872.0,20804.1171875,67.8828125,67.8828125,4608.076232910156
2001-10-20 03:00:00,20652.0,20807.416015625,-155.416015625,155.416015625,24154.137912750244
2001-10-20 04:00:00,20747.0,20717.978515625,29.021484375,29.021484375,842.2465553283691
2001-10-20 05:00:00,21293.0,21599.177734375,-306.177734375,306.177734375,93744.80502700806
2001-10-20 06:00:00,22627.0,22204.681640625,422.318359375,422.318359375,178352.79666519165
2001-10-20 07:00:00,23931.0,23998.904296875,-67.904296875,67.904296875,4610.993534088135
2001-10-20 08:00:00,25577.0,25572.552734375,4.447265625,4.447265625,19.77817153930664
2001-10-20 09:00:00,26605.0,26812.177734375,-207.177734375,207.177734375,42922.61362075806
2001-10-20 10:00:00,26887.0,27014.892578125,-127.892578125,127.892578125,16356.511539459229
2001-10-20 11:00:00,26729.0,26692.162109375,36.837890625,36.837890625,1357.030185699463
2001-10-20 12:00:00,26392.0,26318.16015625,73.83984375,73.83984375,5452.322525024414
2001-10-20 13:00:00,25830.0,26060.693359375,-230.693359375,230.693359375,53219.4260597229
2001-10-20 14:00:00,25287.0,25267.87890625,19.12109375,19.12109375,365.61622619628906
2001-10-20 15:00:00,24984.0,24856.326171875,127.673828125,127.673828125,16300.606388092041
2001-10-20 16:00:00,24937.0,24977.703125,-40.703125,40.703125,1656.744384765625
2001-10-20 17:00:00,25161.0,25391.505859375,-230.505859375,230.505859375,53132.951206207275
2001-10-20 18:00:00,26603.0,26251.33984375,351.66015625,351.66015625,123664.86549377441
2001-10-20 19:00:00,27604.0,27777.126953125,-173.126953125,173.126953125,29972.941898345947
2001-10-20 20:00:00,26823.0,27020.8828125,-197.8828125,197.8828125,39157.607482910156
2001-10-20 21:00:00,25707.0,25961.14453125,-254.14453125,254.14453125,64589.44276428223
2001-10-20 22:00:00,24247.0,24383.474609375,-136.474609375,136.474609375,18625.319004058838
2001-10-20 23:00:00,22632.0,22467.337890625,164.662109375,164.662109375,27113.610263824463
2001-10-21 00:00:00,21137.0,21182.46875,-45.46875,45.46875,2067.4072265625
2001-10-21 01:00:00,20035.0,20138.033203125,-103.033203125,103.033203125,10615.84094619751
2001-10-21 02:00:00,19423.0,19608.357421875,-185.357421875,185.357421875,34357.37384414673
2001-10-21 03:00:00,19274.0,19005.2578125,268.7421875,268.7421875,72222.36334228516
2001-10-21 04:00:00,19121.0,19355.533203125,-234.533203125,234.533203125,55005.82336807251
2001-10-21 05:00:00,19618.0,19459.857421875,158.142578125,158.142578125,25009.07501602173
2001-10-21 06:00:00,20573.0,20260.39453125,312.60546875,312.60546875,97722.17909240723
2001-10-21 07:00:00,21453.0,21448.412109375,4.587890625,4.587890625,21.04874038696289
2001-10-21 08:00:00,22957.0,23044.248046875,-87.248046875,87.248046875,7612.221683502197
2001-10-21 09:00:00,24008.0,24244.52734375,-236.52734375,236.52734375,55945.184341430664
2001-10-21 10:00:00,24348.0,24802.599609375,-454.599609375,454.599609375,206660.8048439026
2001-10-21 11:00:00,24622.0,24548.21484375,73.78515625,73.78515625,5444.249282836914
2001-10-21 12:00:00,24750.0,24678.029296875,71.970703125,71.970703125,5179.782108306885
2001-10-21 13:00:00,24631.0,24660.07421875,-29.07421875,29.07421875,845.3101959228516
2001-10-21 14:00:00,24449.0,24420.537109375,28.462890625,28.462890625,810.1361427307129
2001-10-21 15:00:00,24439.0,24269.900390625,169.099609375,169.099609375,28594.677890777588
2001-10-21 16:00:00,24909.0,24858.76171875,50.23828125,50.23828125,2523.8849029541016
2001-10-21 17:00:00,25757.0,25923.8515625,-166.8515625,166.8515625,27839.443908691406
2001-10-21 18:00:00,27549.0,27134.68359375,414.31640625,414.31640625,171658.08448791504
2001-10-21 19:00:00,28977.0,28337.111328125,639.888671875,639.888671875,409457.5123939514
2001-10-21 20:00:00,28293.0,27985.93359375,307.06640625,307.06640625,94289.77784729004
2001-10-21 21:00:00,26884.0,26925.28515625,-41.28515625,41.28515625,1704.464126586914
2001-10-21 22:00:00,24967.0,25202.56640625,-235.56640625,235.56640625,55491.53175354004
2001-10-21 23:00:00,22883.0,23192.423828125,-309.423828125,309.423828125,95743.10541152954
2001-10-22 00:00:00,21427.0,21382.353515625,44.646484375,44.646484375,1993.3085670471191
2001-10-22 01:00:00,20502.0,20565.955078125,-63.955078125,63.955078125,4090.2520179748535
2001-10-22 02:00:00,20116.0,20262.66015625,-146.66015625,146.66015625,21509.201431274414
2001-10-22 03:00:00,19974.0,20060.685546875,-86.685546875,86.685546875,7514.384037017822
2001-10-22 04:00:00,20632.0,20594.87890625,37.12109375,37.12109375,1377.975601196289
2001-10-22 05:00:00,22472.0,22643.654296875,-171.654296875,171.654296875,29465.197635650635
2001-10-22 06:00:00,26347.0,26455.658203125,-108.658203125,108.658203125,11806.60510635376
2001-10-22 07:00:00,29009.0,29057.271484375,-48.271484375,48.271484375,2330.136203765869
2001-10-22 08:00:00,29660.0,29518.138671875,141.861328125,141.861328125,20124.636417388916
2001-10-22 09:00:00,30252.0,30062.884765625,189.115234375,189.115234375,35764.57187271118
2001-10-22 10:00:00,31169.0,30694.12890625,474.87109375,474.87109375,225502.5556793213
2001-10-22 11:00:00,31534.0,31228.060546875,305.939453125,305.939453125,93598.94897842407
2001-10-22 12:00:00,31734.0,31261.068359375,472.931640625,472.931640625,223664.33670425415
2001-10-22 13:00:00,32060.0,31973.451171875,86.548828125,86.548828125,7490.699649810791
2001-10-22 14:00:00,32007.0,31816.244140625,190.755859375,190.755859375,36387.797885894775
2001-10-22 15:00:00,31883.0,31772.72265625,110.27734375,110.27734375,12161.092544555664
2001-10-22 16:00:00,31811.0,32152.732421875,-341.732421875,341.732421875,116781.04816055298
2001-10-22 17:00:00,31857.0,31954.494140625,-97.494140625,97.494140625,9505.107456207275
2001-10-22 18:00:00,32891.0,32065.888671875,825.111328125,825.111328125,680808.7038002014
2001-10-22 19:00:00,33334.0,33202.76171875,131.23828125,131.23828125,17223.4864654541
2001-10-22 20:00:00,32141.0,32609.08203125,-468.08203125,468.08203125,219100.78797912598
2001-10-22 21:00:00,30410.0,30335.3984375,74.6015625,74.6015625,5565.393127441406
2001-10-22 22:00:00,27341.0,27872.4375,-531.4375,531.4375,282425.81640625
2001-10-22 23:00:00,24708.0,24726.2265625,-18.2265625,18.2265625,332.20758056640625
2001-10-23 00:00:00,22820.0,22683.318359375,136.681640625,136.681640625,18681.87088394165
2001-10-23 01:00:00,21756.0,21880.52734375,-124.52734375,124.52734375,15507.059341430664
2001-10-23 02:00:00,21208.0,21295.482421875,-87.482421875,87.482421875,7653.1741371154785
2001-10-23 03:00:00,20987.0,21123.1484375,-136.1484375,136.1484375,18536.397033691406
2001-10-23 04:00:00,21394.0,21415.201171875,-21.201171875,21.201171875,449.489688873291
2001-10-23 05:00:00,23232.0,23345.568359375,-113.568359375,113.568359375,12897.77225112915
2001-10-23 06:00:00,27107.0,27233.607421875,-126.607421875,126.607421875,16029.439273834229
2001-10-23 07:00:00,29650.0,29642.853515625,7.146484375,7.146484375,51.07223892211914
2001-10-23 08:00:00,30107.0,30272.9296875,-165.9296875,165.9296875,27532.661193847656
2001-10-23 09:00:00,30643.0,30496.4609375,146.5390625,146.5390625,21473.696838378906
2001-10-23 10:00:00,31191.0,31165.134765625,25.865234375,25.865234375,669.0103492736816
2001-10-23 11:00:00,31435.0,31370.724609375,64.275390625,64.275390625,4131.325839996338
2001-10-23 12:00:00,31564.0,31524.1484375,39.8515625,39.8515625,1588.1470336914062
2001-10-23 13:00:00,31682.0,31836.890625,-154.890625,154.890625,23991.105712890625
2001-10-23 14:00:00,31572.0,31630.287109375,-58.287109375,58.287109375,3397.387119293213
2001-10-23 15:00:00,31740.0,31384.6953125,355.3046875,355.3046875,126241.42095947266
2001-10-23 16:00:00,31623.0,31945.697265625,-322.697265625,322.697265625,104133.5252418518
2001-10-23 17:00:00,31556.0,31674.603515625,-118.603515625,118.603515625,14066.79391860962
2001-10-23 18:00:00,32973.0,31547.1875,1425.8125,1425.8125,2032941.28515625
2001-10-23 19:00:00,33387.0,33889.81640625,-502.81640625,502.81640625,252824.33839416504
2001-10-23 20:00:00,32444.0,32829.5078125,-385.5078125,385.5078125,148616.27349853516
2001-10-23 21:00:00,30558.0,30539.7734375,18.2265625,18.2265625,332.20758056640625
2001-10-23 22:00:00,27604.0,27870.078125,-266.078125,266.078125,70797.56860351562
2001-10-23 23:00:00,25145.0,25023.642578125,121.357421875,121.357421875,14727.623844146729
2001-10-24 00:00:00,23459.0,23294.552734375,164.447265625,164.447265625,27042.903171539307
2001-10-24 01:00:00,22258.0,22420.384765625,-162.384765625,162.384765625,26368.81210708618
2001-10-24 02:00:00,21762.0,22017.974609375,-255.974609375,255.974609375,65523.00064468384
2001-10-24 03:00:00,21522.0,21613.0078125,-91.0078125,91.0078125,8282.421936035156
2001-10-24 04:00:00,21851.0,21794.181640625,56.818359375,56.818359375,3228.3259620666504
2001-10-24 05:00:00,23831.0,23554.693359375,276.306640625,276.306640625,76345.3596534729
2001-10-24 06:00:00,27686.0,27649.78125,36.21875,36.21875,1311.7978515625
2001-10-24 07:00:00,30267.0,30196.01171875,70.98828125,70.98828125,5039.336074829102
2001-10-24 08:00:00,30738.0,30901.037109375,-163.037109375,163.037109375,26581.099033355713
2001-10-24 09:00:00,31432.0,30961.6953125,470.3046875,470.3046875,221186.49908447266
2001-10-24 10:00:00,32379.0,31719.966796875,659.033203125,659.033203125,434324.7628211975
2001-10-24 11:00:00,32851.0,32889.7109375,-38.7109375,38.7109375,1498.5366821289062
2001-10-24 12:00:00,33179.0,32916.79296875,262.20703125,262.20703125,68752.52723693848
2001-10-24 13:00:00,33667.0,33370.03125,296.96875,296.96875,88190.4384765625
2001-10-24 14:00:00,33943.0,33941.078125,1.921875,1.921875,3.693603515625
2001-10-24 15:00:00,33888.0,33935.1953125,-47.1953125,47.1953125,2227.3975219726562
2001-10-24 16:00:00,33805.0,33716.80078125,88.19921875,88.19921875,7779.102188110352
2001-10-24 17:00:00,33351.0,33659.46875,-308.46875,308.46875,95152.9697265625
2001-10-24 18:00:00,34403.0,32984.375,1418.625,1418.625,2012496.890625
2001-10-24 19:00:00,34789.0,34663.44140625,125.55859375,125.55859375,15764.960464477539
2001-10-24 20:00:00,33626.0,33940.05078125,-314.05078125,314.05078125,98627.89320373535
2001-10-24 21:00:00,31734.0,31741.88671875,-7.88671875,7.88671875,62.20033264160156
2001-10-24 22:00:00,28837.0,29013.921875,-176.921875,176.921875,31301.349853515625
2001-10-24 23:00:00,25994.0,26298.7421875,-304.7421875,304.7421875,92867.80084228516
2001-10-25 00:00:00,24002.0,23987.458984375,14.541015625,14.541015625,211.44113540649414
2001-10-25 01:00:00,22907.0,22965.181640625,-58.181640625,58.181640625,3385.1033058166504
2001-10-25 02:00:00,22211.0,22429.9296875,-218.9296875,218.9296875,47930.208068847656
2001-10-25 03:00:00,21915.0,21960.84375,-45.84375,45.84375,2101.6494140625
2001-10-25 04:00:00,22360.0,22272.1953125,87.8046875,87.8046875,7709.663146972656
2001-10-25 05:00:00,24291.0,24164.732421875,126.267578125,126.267578125,15943.501285552979
2001-10-25 06:00:00,28380.0,28009.376953125,370.623046875,370.623046875,137361.44287490845
2001-10-25 07:00:00,30806.0,30720.572265625,85.427734375,85.427734375,7297.897800445557
2001-10-25 08:00:00,31372.0,32030.4140625,-658.4140625,658.4140625,433509.0776977539
2001-10-25 09:00:00,32198.0,31868.3515625,329.6484375,329.6484375,108668.0923461914
2001-10-25 10:00:00,33025.0,32798.52734375,226.47265625,226.47265625,51289.864028930664
2001-10-25 11:00:00,32992.0,33251.97265625,-259.97265625,259.97265625,67585.78199768066
2001-10-25 12:00:00,32370.0,32918.5390625,-548.5390625,548.5390625,300895.1030883789
2001-10-25 13:00:00,32286.0,32170.533203125,115.466796875,115.466796875,13332.58118057251
2001-10-25 14:00:00,31800.0,32260.12890625,-460.12890625,460.12890625,211718.6103668213
2001-10-25 15:00:00,31396.0,31409.513671875,-13.513671875,13.513671875,182.61932754516602
2001-10-25 16:00:00,31053.0,31127.638671875,-74.638671875,74.638671875,5570.931339263916
2001-10-25 17:00:00,30720.0,31097.486328125,-377.486328125,377.486328125,142495.92792129517
2001-10-25 18:00:00,31731.0,30530.041015625,1200.958984375,1200.958984375,1442302.4821510315
2001-10-25 19:00:00,32365.0,33201.9609375,-836.9609375,836.9609375,700503.6109008789
2001-10-25 20:00:00,31138.0,31905.703125,-767.703125,767.703125,589368.0881347656
2001-10-25 21:00:00,29491.0,29500.119140625,-9.119140625,9.119140625,83.15872573852539
2001-10-25 22:00:00,26839.0,27020.4453125,-181.4453125,181.4453125,32922.401428222656
2001-10-25 23:00:00,24379.0,24341.453125,37.546875,37.546875,1409.767822265625
2001-10-26 00:00:00,22512.0,22591.53515625,-79.53515625,79.53515625,6325.841079711914
2001-10-26 01:00:00,21506.0,21387.525390625,118.474609375,118.474609375,14036.233066558838
2001-10-26 02:00:00,20923.0,20874.689453125,48.310546875,48.310546875,2333.9089393615723
2001-10-26 03:00:00,20868.0,20652.861328125,215.138671875,215.138671875,46284.648136138916
2001-10-26 04:00:00,21348.0,21260.349609375,87.650390625,87.650390625,7682.590976715088
2001-10-26 05:00:00,23000.0,23165.447265625,-165.447265625,165.447265625,27372.797702789307
2001-10-26 06:00:00,26845.0,26800.3359375,44.6640625,44.6640625,1994.8784790039062
2001-10-26 07:00:00,29597.0,29292.740234375,304.259765625,304.259765625,92574.00497817993
2001-10-26 08:00:00,30123.0,30169.017578125,-46.017578125,46.017578125,2117.6174964904785
2001-10-26 09:00:00,30356.0,30515.6640625,-159.6640625,159.6640625,25492.612854003906
2001-10-26 10:00:00,30670.0,30695.60546875,-25.60546875,25.60546875,655.6400299072266
2001-10-26 11:00:00,30286.0,30748.716796875,-462.716796875,462.716796875,214106.83411026
2001-10-26 12:00:00,29882.0,29985.982421875,-103.982421875,103.982421875,10812.344058990479
2001-10-26 13:00:00,29708.0,29919.2421875,-211.2421875,211.2421875,44623.261779785156
2001-10-26 14:00:00,29469.0,29580.0078125,-111.0078125,111.0078125,12322.734436035156
2001-10-26 15:00:00,29037.0,29199.265625,-162.265625,162.265625,26330.133056640625
2001-10-26 16:00:00,28859.0,28841.759765625,17.240234375,17.240234375,297.22568130493164
2001-10-26 17:00:00,29337.0,29151.474609375,185.525390625,185.525390625,34419.67056655884
2001-10-26 18:00:00,30858.0,30975.513671875,-117.513671875,117.513671875,13809.463077545166
2001-10-26 19:00:00,31204.0,31324.189453125,-120.189453125,120.189453125,14445.504642486572
2001-10-26 20:00:00,30324.0,30082.10546875,241.89453125,241.89453125,58512.96424865723
2001-10-26 21:00:00,29235.0,29050.6640625,184.3359375,184.3359375,33979.737854003906
2001-10-26 22:00:00,27402.0,26897.626953125,504.373046875,504.373046875,254392.17041397095
2001-10-26 23:00:00,25469.0,24945.267578125,523.732421875,523.732421875,274295.649723053
2001-10-27 00:00:00,23470.0,23418.869140625,51.130859375,51.130859375,2614.3647804260254
2001-10-27 01:00:00,22519.0,22173.720703125,345.279296875,345.279296875,119217.79285049438
2001-10-27 02:00:00,21854.0,21960.416015625,-106.416015625,106.416015625,11324.368381500244
2001-10-27 03:00:00,21670.0,21389.98828125,280.01171875,280.01171875,78406.5626373291
2001-10-27 04:00:00,21638.0,21491.3203125,146.6796875,146.6796875,21514.930725097656
2001-10-27 05:00:00,22243.0,22388.001953125,-145.001953125,145.001953125,21025.566410064697
2001-10-27 06:00:00,23558.0,23646.390625,-88.390625,88.390625,7812.902587890625
2001-10-27 07:00:00,24919.0,24730.376953125,188.623046875,188.623046875,35578.65381240845
2001-10-27 08:00:00,26468.0,26728.6953125,-260.6953125,260.6953125,67962.04595947266
2001-10-27 09:00:00,27531.0,27979.240234375,-448.240234375,448.240234375,200919.30771255493
2001-10-27 10:00:00,27910.0,28232.416015625,-322.416015625,322.416015625,103952.08713150024
2001-10-27 11:00:00,27625.0,27832.779296875,-207.779296875,207.779296875,43172.236209869385
2001-10-27 12:00:00,26992.0,27309.59375,-317.59375,317.59375,100865.7900390625
2001-10-27 13:00:00,26589.0,26451.544921875,137.455078125,137.455078125,18893.898502349854
2001-10-27 14:00:00,26154.0,26134.671875,19.328125,19.328125,373.576416015625
2001-10-27 15:00:00,26158.0,25733.04296875,424.95703125,424.95703125,180588.47840881348
2001-10-27 16:00:00,26475.0,26365.9765625,109.0234375,109.0234375,11886.109924316406
2001-10-27 17:00:00,27260.0,26924.26171875,335.73828125,335.73828125,112720.1934967041
2001-10-27 18:00:00,28837.0,28304.498046875,532.501953125,532.501953125,283558.3300819397
2001-10-27 19:00:00,29082.0,29314.662109375,-232.662109375,232.662109375,54131.65713882446
2001-10-27 20:00:00,28336.0,28267.50390625,68.49609375,68.49609375,4691.714859008789
2001-10-27 21:00:00,27445.0,27198.40625,246.59375,246.59375,60808.4775390625
2001-10-27 22:00:00,26214.0,25767.505859375,446.494140625,446.494140625,199357.01761245728
2001-10-27 23:00:00,24708.0,24305.447265625,402.552734375,402.552734375,162048.7039527893
2001-10-28 00:00:00,23017.0,22840.74609375,176.25390625,176.25390625,31065.43946838379
2001-10-28 01:00:00,22176.5,21895.673828125,280.826171875,280.826171875,78863.33880996704
2001-10-28 02:00:00,21336.0,21658.21484375,-322.21484375,322.21484375,103822.40553283691
2001-10-28 03:00:00,21265.0,20964.271484375,300.728515625,300.728515625,90437.64011001587
2001-10-28 04:00:00,21519.0,21157.279296875,361.720703125,361.720703125,130841.86706924438
2001-10-28 05:00:00,22169.0,21737.404296875,431.595703125,431.595703125,186274.85095596313
2001-10-28 06:00:00,23124.0,23450.3828125,-326.3828125,326.3828125,106525.74029541016
2001-10-28 07:00:00,24510.0,24142.984375,367.015625,367.015625,134700.46899414062
2001-10-28 08:00:00,25849.0,25825.568359375,23.431640625,23.431640625,549.0417823791504
2001-10-28 09:00:00,26447.0,27131.28515625,-684.28515625,684.28515625,468246.1750640869
2001-10-28 10:00:00,26446.0,26771.0,-325.0,325.0,105625.0
2001-10-28 11:00:00,26084.0,26157.880859375,-73.880859375,73.880859375,5458.381381988525
2001-10-28 12:00:00,25652.0,25850.78125,-198.78125,198.78125,39513.9853515625
2001-10-28 13:00:00,25211.0,25166.978515625,44.021484375,44.021484375,1937.8910865783691
2001-10-28 14:00:00,24883.0,24745.662109375,137.337890625,137.337890625,18861.696201324463
2001-10-28 15:00:00,24912.0,24474.09765625,437.90234375,437.90234375,191758.46266174316
2001-10-28 16:00:00,25864.0,25514.900390625,349.099609375,349.099609375,121870.53726577759
2001-10-28 17:00:00,28754.0,27348.96875,1405.03125,1405.03125,1974112.8134765625
2001-10-28 18:00:00,30121.0,29364.2734375,756.7265625,756.7265625,572635.0903930664
2001-10-28 19:00:00,29601.0,30104.41796875,-503.41796875,503.41796875,253429.65126037598
2001-10-28 20:00:00,29127.0,28745.3828125,381.6171875,381.6171875,145631.67779541016
2001-10-28 21:00:00,27800.0,28376.244140625,-576.244140625,576.244140625,332057.3096046448
2001-10-28 22:00:00,26017.0,25997.076171875,19.923828125,19.923828125,396.958927154541
2001-10-28 23:00:00,24427.0,24178.91015625,248.08984375,248.08984375,61548.570571899414
2001-10-29 00:00:00,23503.0,22708.537109375,794.462890625,794.462890625,631171.2845802307
2001-10-29 01:00:00,23024.0,22427.947265625,596.052734375,596.052734375,355278.8621559143
2001-10-29 02:00:00,22998.0,22574.076171875,423.923828125,423.923828125,179711.41205215454
2001-10-29 03:00:00,23275.0,23035.21875,239.78125,239.78125,57495.0478515625
2001-10-29 04:00:00,24193.0,23954.458984375,238.541015625,238.541015625,56901.816135406494
2001-10-29 05:00:00,26443.0,26445.943359375,-2.943359375,2.943359375,8.66336441040039
2001-10-29 06:00:00,30517.0,30056.84765625,460.15234375,460.15234375,211740.17945861816
2001-10-29 07:00:00,32120.0,32095.875,24.125,24.125,582.015625
2001-10-29 08:00:00,32079.0,32269.8046875,-190.8046875,190.8046875,36406.428771972656
2001-10-29 09:00:00,31784.0,31972.083984375,-188.083984375,188.083984375,35375.585178375244
2001-10-29 10:00:00,31511.0,31657.169921875,-146.169921875,146.169921875,21365.646060943604
2001-10-29 11:00:00,31124.0,31389.927734375,-265.927734375,265.927734375,70717.55990982056
2001-10-29 12:00:00,30619.0,30844.82421875,-225.82421875,225.82421875,50996.57777404785
2001-10-29 13:00:00,30411.0,30333.76953125,77.23046875,77.23046875,5964.545303344727
2001-10-29 14:00:00,30094.0,30106.384765625,-12.384765625,12.384765625,153.38241958618164
2001-10-29 15:00:00,29783.0,30067.947265625,-284.947265625,284.947265625,81194.9441871643
2001-10-29 16:00:00,30324.0,30242.609375,81.390625,81.390625,6624.433837890625
2001-10-29 17:00:00,32912.0,31937.017578125,974.982421875,974.982421875,950590.7229652405
2001-10-29 18:00:00,33678.0,33973.6875,-295.6875,295.6875,87431.09765625
2001-10-29 19:00:00,32902.0,33530.71484375,-628.71484375,628.71484375,395282.3547515869
2001-10-29 20:00:00,31774.0,31634.623046875,139.376953125,139.376953125,19425.935062408447
2001-10-29 21:00:00,29948.0,30234.025390625,-286.025390625,286.025390625,81810.52408218384
2001-10-29 22:00:00,27264.0,27551.46484375,-287.46484375,287.46484375,82636.03639221191
2001-10-29 23:00:00,24921.0,24988.8125,-67.8125,67.8125,4598.53515625
2001-10-30 00:00:00,23229.0,23357.421875,-128.421875,128.421875,16492.177978515625
2001-10-30 01:00:00,22494.0,22290.9296875,203.0703125,203.0703125,41237.551818847656
2001-10-30 02:00:00,22290.0,22130.8125,159.1875,159.1875,25340.66015625
2001-10-30 03:00:00,22214.0,22213.740234375,0.259765625,0.259765625,0.06747817993164062
2001-10-30 04:00:00,22868.0,23020.638671875,-152.638671875,152.638671875,23298.564151763916
2001-10-30 05:00:00,24977.0,24974.201171875,2.798828125,2.798828125,7.833438873291016
2001-10-30 06:00:00,28675.0,29118.431640625,-443.431640625,443.431640625,196631.61990737915
2001-10-30 07:00:00,30656.0,30778.533203125,-122.533203125,122.533203125,15014.38586807251
2001-10-30 08:00:00,30619.0,30908.857421875,-289.857421875,289.857421875,84017.32501602173
2001-10-30 09:00:00,30608.0,30524.421875,83.578125,83.578125,6985.302978515625
2001-10-30 10:00:00,30666.0,30603.50390625,62.49609375,62.49609375,3905.761734008789
2001-10-30 11:00:00,30728.0,30499.05859375,228.94140625,228.94140625,52414.16749572754
2001-10-30 12:00:00,30258.0,30418.1328125,-160.1328125,160.1328125,25642.517639160156
2001-10-30 13:00:00,30145.0,30066.486328125,78.513671875,78.513671875,6164.396671295166
2001-10-30 14:00:00,29864.0,29998.5625,-134.5625,134.5625,18107.06640625
2001-10-30 15:00:00,29590.0,29637.951171875,-47.951171875,47.951171875,2299.314884185791
2001-10-30 16:00:00,30010.0,30259.763671875,-249.763671875,249.763671875,62381.891788482666
2001-10-30 17:00:00,32565.0,30990.984375,1574.015625,1574.015625,2477525.1877441406
2001-10-30 18:00:00,33175.0,33164.87890625,10.12109375,10.12109375,102.43653869628906
2001-10-30 19:00:00,32435.0,32743.021484375,-308.021484375,308.021484375,94877.23483657837
2001-10-30 20:00:00,31523.0,31472.6484375,50.3515625,50.3515625,2535.2798461914062
2001-10-30 21:00:00,29764.0,29858.0390625,-94.0390625,94.0390625,8843.345275878906
2001-10-30 22:00:00,27259.0,27272.37890625,-13.37890625,13.37890625,178.99513244628906
2001-10-30 23:00:00,25035.0,24862.38671875,172.61328125,172.61328125,29795.3448638916
2001-10-31 00:00:00,23350.0,23014.880859375,335.119140625,335.119140625,112304.83841323853
2001-10-31 01:00:00,22610.0,22439.455078125,170.544921875,170.544921875,29085.570377349854
2001-10-31 02:00:00,22345.0,22197.9921875,147.0078125,147.0078125,21611.296936035156
2001-10-31 03:00:00,22379.0,22245.609375,133.390625,133.390625,17793.058837890625
2001-10-31 04:00:00,23050.0,23107.35546875,-57.35546875,57.35546875,3289.6497955322266
2001-10-31 05:00:00,25278.0,25151.005859375,126.994140625,126.994140625,16127.511753082275
2001-10-31 06:00:00,29107.0,29394.0625,-287.0625,287.0625,82404.87890625
2001-10-31 07:00:00,31171.0,31145.193359375,25.806640625,25.806640625,665.9827003479004
2001-10-31 08:00:00,31338.0,31516.509765625,-178.509765625,178.509765625,31865.73642349243
2001-10-31 09:00:00,31242.0,31273.5625,-31.5625,31.5625,996.19140625
2001-10-31 10:00:00,31453.0,31250.220703125,202.779296875,202.779296875,41119.443241119385
2001-10-31 11:00:00,31205.0,31281.33984375,-76.33984375,76.33984375,5827.771743774414
2001-10-31 12:00:00,30928.0,30952.484375,-24.484375,24.484375,599.484619140625
2001-10-31 13:00:00,30614.0,30760.296875,-146.296875,146.296875,21402.775634765625
2001-10-31 14:00:00,29906.0,30235.83984375,-329.83984375,329.83984375,108794.32252502441
2001-10-31 15:00:00,29813.0,29616.357421875,196.642578125,196.642578125,38668.30353164673
2001-10-31 16:00:00,30320.0,30267.01953125,52.98046875,52.98046875,2806.9300689697266
2001-10-31 17:00:00,32387.0,31792.51953125,594.48046875,594.48046875,353407.0277252197
2001-10-31 18:00:00,32095.0,33001.69140625,-906.69140625,906.69140625,822089.3061676025
2001-10-31 19:00:00,31083.0,31689.4609375,-606.4609375,606.4609375,367794.8687133789
2001-10-31 20:00:00,30575.0,30162.646484375,412.353515625,412.353515625,170035.42184829712
2001-10-31 21:00:00,29333.0,29129.0859375,203.9140625,203.9140625,41580.944885253906
2001-10-31 22:00:00,26808.0,26923.572265625,-115.572265625,115.572265625,13356.948581695557
2001-10-31 23:00:00,24262.0,24362.947265625,-100.947265625,100.947265625,10190.350437164307
2001-11-01 00:00:00,22595.0,22606.041015625,-11.041015625,11.041015625,121.90402603149414
2001-11-01 01:00:00,21778.0,21744.001953125,33.998046875,33.998046875,1155.8671913146973
2001-11-01 02:00:00,21498.0,21497.505859375,0.494140625,0.494140625,0.24417495727539062
2001-11-01 03:00:00,21547.0,21531.51953125,15.48046875,15.48046875,239.64491271972656
2001-11-01 04:00:00,22187.0,22087.05078125,99.94921875,99.94921875,9989.846328735352
2001-11-01 05:00:00,24296.0,24277.3203125,18.6796875,18.6796875,348.93072509765625
2001-11-01 06:00:00,27937.0,28136.587890625,-199.587890625,199.587890625,39835.32608413696
2001-11-01 07:00:00,29680.0,30120.142578125,-440.142578125,440.142578125,193725.48907852173
2001-11-01 08:00:00,30091.0,29901.765625,189.234375,189.234375,35809.648681640625
2001-11-01 09:00:00,30233.0,30385.892578125,-152.892578125,152.892578125,23376.14044570923
2001-11-01 10:00:00,30505.0,30429.193359375,75.806640625,75.806640625,5746.6467628479
2001-11-01 11:00:00,30507.0,30418.4765625,88.5234375,88.5234375,7836.398986816406
2001-11-01 12:00:00,30479.0,30222.900390625,256.099609375,256.099609375,65587.00992202759
2001-11-01 13:00:00,30548.0,30290.361328125,257.638671875,257.638671875,66377.68524551392
2001-11-01 14:00:00,30242.0,30270.888671875,-28.888671875,28.888671875,834.555362701416
2001-11-01 15:00:00,29924.0,29998.4609375,-74.4609375,74.4609375,5544.431213378906
2001-11-01 16:00:00,30439.0,30412.568359375,26.431640625,26.431640625,698.6316261291504
2001-11-01 17:00:00,32783.0,31811.1875,971.8125,971.8125,944419.53515625
2001-11-01 18:00:00,33080.0,32798.9765625,281.0234375,281.0234375,78974.1724243164
2001-11-01 19:00:00,32485.0,32413.169921875,71.830078125,71.830078125,5159.5601234436035
2001-11-01 20:00:00,31420.0,31608.84375,-188.84375,188.84375,35661.9619140625
2001-11-01 21:00:00,29491.0,29986.943359375,-495.943359375,495.943359375,245959.8157081604
2001-11-01 22:00:00,26810.0,27259.8671875,-449.8671875,449.8671875,202380.48638916016
2001-11-01 23:00:00,24560.0,24571.640625,-11.640625,11.640625,135.504150390625
2001-11-02 00:00:00,22628.0,22836.884765625,-208.884765625,208.884765625,43632.84531021118
2001-11-02 01:00:00,21610.0,21747.54296875,-137.54296875,137.54296875,18918.068252563477
2001-11-02 02:00:00,21184.0,21194.607421875,-10.607421875,10.607421875,112.51739883422852
2001-11-02 03:00:00,21099.0,21082.26171875,16.73828125,16.73828125,280.17005920410156
2001-11-02 04:00:00,21613.0,21608.765625,4.234375,4.234375,17.929931640625
2001-11-02 05:00:00,23525.0,23449.369140625,75.630859375,75.630859375,5720.026889801025
2001-11-02 06:00:00,27190.0,27307.6640625,-117.6640625,117.6640625,13844.831604003906
2001-11-02 07:00:00,29179.0,29694.640625,-515.640625,515.640625,265885.2541503906
2001-11-02 08:00:00,30111.0,29964.28515625,146.71484375,146.71484375,21525.245376586914
2001-11-02 09:00:00,30505.0,30480.91796875,24.08203125,24.08203125,579.9442291259766
2001-11-02 10:00:00,30991.0,30644.3203125,346.6796875,346.6796875,120186.80572509766
2001-11-02 11:00:00,31400.0,30933.697265625,466.302734375,466.302734375,217438.2400856018
2001-11-02 12:00:00,31171.0,31264.736328125,-93.736328125,93.736328125,8786.499210357666
2001-11-02 13:00:00,31033.0,31341.916015625,-308.916015625,308.916015625,95429.10470962524
2001-11-02 14:00:00,30966.0,30720.5,245.5,245.5,60270.25
2001-11-02 15:00:00,30503.0,30880.53125,-377.53125,377.53125,142529.8447265625
2001-11-02 16:00:00,30604.0,30810.853515625,-206.853515625,206.853515625,42788.37692642212
2001-11-02 17:00:00,32521.0,31559.09765625,961.90234375,961.90234375,925256.1189117432
2001-11-02 18:00:00,32385.0,32914.8515625,-529.8515625,529.8515625,280742.6782836914
2001-11-02 19:00:00,31103.0,31777.87890625,-674.87890625,674.87890625,455461.5381011963
2001-11-02 20:00:00,29704.0,30295.953125,-591.953125,591.953125,350408.5021972656
2001-11-02 21:00:00,27949.0,28604.814453125,-655.814453125,655.814453125,430092.5969276428
2001-11-02 22:00:00,25987.0,26065.8828125,-78.8828125,78.8828125,6222.498107910156
2001-11-02 23:00:00,23983.0,24005.05859375,-22.05859375,22.05859375,486.58155822753906
2001-11-03 00:00:00,22243.0,22323.958984375,-80.958984375,80.958984375,6554.357151031494
2001-11-03 01:00:00,21250.0,21208.2421875,41.7578125,41.7578125,1743.7149047851562
2001-11-03 02:00:00,20584.0,20704.775390625,-120.775390625,120.775390625,14586.694980621338
2001-11-03 03:00:00,20133.0,20296.3671875,-163.3671875,163.3671875,26688.837951660156
2001-11-03 04:00:00,20066.0,20195.88671875,-129.88671875,129.88671875,16870.5597076416
2001-11-03 05:00:00,20809.0,20554.69140625,254.30859375,254.30859375,64672.86085510254
2001-11-03 06:00:00,21883.0,22092.337890625,-209.337890625,209.337890625,43822.35245132446
2001-11-03 07:00:00,23177.0,23363.20703125,-186.20703125,186.20703125,34673.05848693848
2001-11-03 08:00:00,25404.0,24875.8203125,528.1796875,528.1796875,278973.78228759766
2001-11-03 09:00:00,26893.0,26550.029296875,342.970703125,342.970703125,117628.90320205688
2001-11-03 10:00:00,27377.0,27336.96484375,40.03515625,40.03515625,1602.813735961914
2001-11-03 11:00:00,27355.0,27388.33984375,-33.33984375,33.33984375,1111.545181274414
2001-11-03 12:00:00,26887.0,26991.638671875,-104.638671875,104.638671875,10949.251651763916
2001-11-03 13:00:00,26140.0,26347.44921875,-207.44921875,207.44921875,43035.17835998535
2001-11-03 14:00:00,25587.0,25756.271484375,-169.271484375,169.271484375,28652.83542251587
2001-11-03 15:00:00,25295.0,25383.83203125,-88.83203125,88.83203125,7891.129776000977
2001-11-03 16:00:00,25642.0,26085.259765625,-443.259765625,443.259765625,196479.21982192993
2001-11-03 17:00:00,28077.0,27553.693359375,523.306640625,523.306640625,273849.8401222229
2001-11-03 18:00:00,28503.0,28704.53515625,-201.53515625,201.53515625,40616.419204711914
2001-11-03 19:00:00,27694.0,27949.82421875,-255.82421875,255.82421875,65446.03089904785
2001-11-03 20:00:00,26823.0,27008.7890625,-185.7890625,185.7890625,34517.575744628906
2001-11-03 21:00:00,25745.0,26067.888671875,-322.888671875,322.888671875,104257.09442520142
2001-11-03 22:00:00,24276.0,24532.3046875,-256.3046875,256.3046875,65692.09283447266
2001-11-03 23:00:00,22344.0,22757.8671875,-413.8671875,413.8671875,171286.04888916016
2001-11-04 00:00:00,20901.0,20977.56640625,-76.56640625,76.56640625,5862.414566040039
2001-11-04 01:00:00,19895.0,19857.47265625,37.52734375,37.52734375,1408.301528930664
2001-11-04 02:00:00,19543.0,19374.431640625,168.568359375,168.568359375,28415.29178237915
2001-11-04 03:00:00,19204.0,19288.994140625,-84.994140625,84.994140625,7224.003940582275
2001-11-04 04:00:00,19544.0,19302.77734375,241.22265625,241.22265625,58188.369888305664
2001-11-04 05:00:00,19922.0,19890.36328125,31.63671875,31.63671875,1000.8819732666016
2001-11-04 06:00:00,20600.0,20697.62890625,-97.62890625,97.62890625,9531.403335571289
2001-11-04 07:00:00,21780.0,21591.994140625,188.005859375,188.005859375,35346.203159332275
2001-11-04 08:00:00,23312.0,23419.6015625,-107.6015625,107.6015625,11578.096252441406
2001-11-04 09:00:00,24319.0,24571.3046875,-252.3046875,252.3046875,63657.655334472656
2001-11-04 10:00:00,24622.0,24846.13671875,-224.13671875,224.13671875,50237.2686920166
2001-11-04 11:00:00,24734.0,24929.568359375,-195.568359375,195.568359375,38246.98318862915
2001-11-04 12:00:00,24722.0,24852.447265625,-130.447265625,130.447265625,17016.489109039307
2001-11-04 13:00:00,24427.0,24519.951171875,-92.951171875,92.951171875,8639.920352935791
2001-11-04 14:00:00,24207.0,24226.92578125,-19.92578125,19.92578125,397.03675842285156
2001-11-04 15:00:00,24197.0,24036.6484375,160.3515625,160.3515625,25712.623596191406
2001-11-04 16:00:00,25158.0,25234.2265625,-76.2265625,76.2265625,5810.488830566406
2001-11-04 17:00:00,28225.0,27966.326171875,258.673828125,258.673828125,66912.14935684204
2001-11-04 18:00:00,28886.0,28651.806640625,234.193359375,234.193359375,54846.5295753479
2001-11-04 19:00:00,28312.0,28360.75390625,-48.75390625,48.75390625,2376.943374633789
2001-11-04 20:00:00,27516.0,27513.1796875,2.8203125,2.8203125,7.95416259765625
2001-11-04 21:00:00,26247.0,26499.240234375,-252.240234375,252.240234375,63625.13583755493
2001-11-04 22:00:00,24392.0,24696.244140625,-304.244140625,304.244140625,92564.49710464478
2001-11-04 23:00:00,22716.0,22793.6875,-77.6875,77.6875,6035.34765625
2001-11-05 00:00:00,21426.0,21313.955078125,112.044921875,112.044921875,12554.064517974854
2001-11-05 01:00:00,20367.0,20691.9453125,-324.9453125,324.9453125,105589.45611572266
2001-11-05 02:00:00,20412.0,20167.572265625,244.427734375,244.427734375,59744.91733169556
2001-11-05 03:00:00,20384.0,20486.74609375,-102.74609375,102.74609375,10556.759780883789
2001-11-05 04:00:00,21213.0,21118.619140625,94.380859375,94.380859375,8907.746616363525
2001-11-05 05:00:00,23463.0,23383.556640625,79.443359375,79.443359375,6311.2473487854
2001-11-05 06:00:00,27234.0,27081.98828125,152.01171875,152.01171875,23107.5626373291
2001-11-05 07:00:00,29381.0,29300.189453125,80.810546875,80.810546875,6530.344486236572
2001-11-05 08:00:00,30099.0,29830.40234375,268.59765625,268.59765625,72144.70094299316
2001-11-05 09:00:00,30501.0,30497.7265625,3.2734375,3.2734375,10.71539306640625
2001-11-05 10:00:00,30874.0,30728.6171875,145.3828125,145.3828125,21136.162170410156
2001-11-05 11:00:00,30789.0,30698.32421875,90.67578125,90.67578125,8222.097305297852
2001-11-05 12:00:00,30536.0,30497.708984375,38.291015625,38.291015625,1466.2018775939941
2001-11-05 13:00:00,30456.0,30442.513671875,13.486328125,13.486328125,181.88104629516602
2001-11-05 14:00:00,30121.0,30185.0,-64.0,64.0,4096.0
2001-11-05 15:00:00,30049.0,29902.966796875,146.033203125,146.033203125,21325.69641494751
2001-11-05 16:00:00,30981.0,30986.5234375,-5.5234375,5.5234375,30.50836181640625
2001-11-05 17:00:00,33590.0,32527.666015625,1062.333984375,1062.333984375,1128553.4943580627
2001-11-05 18:00:00,34003.0,33586.66015625,416.33984375,416.33984375,173338.8654937744
2001-11-05 19:00:00,33139.0,33143.390625,-4.390625,4.390625,19.277587890625
2001-11-05 20:00:00,32097.0,31964.943359375,132.056640625,132.056640625,17438.9563331604
2001-11-05 21:00:00,30317.0,30301.056640625,15.943359375,15.943359375,254.1907081604004
2001-11-05 22:00:00,27679.0,27911.962890625,-232.962890625,232.962890625,54271.70840835571
2001-11-05 23:00:00,25216.0,25363.859375,-147.859375,147.859375,21862.394775390625
2001-11-06 00:00:00,23570.0,23788.115234375,-218.115234375,218.115234375,47574.25546646118
2001-11-06 01:00:00,22845.0,22684.890625,160.109375,160.109375,25635.011962890625
2001-11-06 02:00:00,22409.0,22516.66015625,-107.66015625,107.66015625,11590.709243774414
2001-11-06 03:00:00,22402.0,22283.76171875,118.23828125,118.23828125,13980.291152954102
2001-11-06 04:00:00,23101.0,22997.701171875,103.298828125,103.298828125,10670.647891998291
2001-11-06 05:00:00,25247.0,25079.208984375,167.791015625,167.791015625,28153.824924468994
2001-11-06 06:00:00,29037.0,29303.111328125,-266.111328125,266.111328125,70815.23895645142
2001-11-06 07:00:00,30658.0,31216.34375,-558.34375,558.34375,311747.7431640625
2001-11-06 08:00:00,30784.0,31005.2421875,-221.2421875,221.2421875,48948.105529785156
2001-11-06 09:00:00,30722.0,30784.61328125,-62.61328125,62.61328125,3920.4229888916016
2001-11-06 10:00:00,30633.0,30709.296875,-76.296875,76.296875,5821.213134765625
2001-11-06 11:00:00,30301.0,30424.755859375,-123.755859375,123.755859375,15315.512729644775
2001-11-06 12:00:00,29904.0,30075.498046875,-171.498046875,171.498046875,29411.580081939697
2001-11-06 13:00:00,29798.0,29751.103515625,46.896484375,46.896484375,2199.280246734619
2001-11-06 14:00:00,29438.0,29617.744140625,-179.744140625,179.744140625,32307.956089019775
2001-11-06 15:00:00,29227.0,29414.548828125,-187.548828125,187.548828125,35174.56293106079
2001-11-06 16:00:00,29927.0,30432.587890625,-505.587890625,505.587890625,255619.11514663696
2001-11-06 17:00:00,32887.0,32853.765625,33.234375,33.234375,1104.523681640625
2001-11-06 18:00:00,33269.0,33476.0234375,-207.0234375,207.0234375,42858.703674316406
2001-11-06 19:00:00,32625.0,32588.12890625,36.87109375,36.87109375,1359.477554321289
2001-11-06 20:00:00,31798.0,31867.548828125,-69.548828125,69.548828125,4837.039493560791
2001-11-06 21:00:00,30357.0,30083.349609375,273.650390625,273.650390625,74884.53628921509
2001-11-06 22:00:00,27341.0,27881.4140625,-540.4140625,540.4140625,292047.3589477539
2001-11-06 23:00:00,25096.0,25016.408203125,79.591796875,79.591796875,6334.85412979126
2001-11-07 00:00:00,23316.0,23473.5078125,-157.5078125,157.5078125,24808.710998535156
2001-11-07 01:00:00,22373.0,22526.29296875,-153.29296875,153.29296875,23498.734268188477
2001-11-07 02:00:00,22009.0,22294.466796875,-285.466796875,285.466796875,81491.29211807251
2001-11-07 03:00:00,21953.0,22035.845703125,-82.845703125,82.845703125,6863.410526275635
2001-11-07 04:00:00,22693.0,22686.923828125,6.076171875,6.076171875,36.919864654541016
2001-11-07 05:00:00,24619.0,24771.150390625,-152.150390625,152.150390625,23149.741367340088
2001-11-07 06:00:00,28253.0,28582.529296875,-329.529296875,329.529296875,108589.55749893188
2001-11-07 07:00:00,29856.0,30510.697265625,-654.697265625,654.697265625,428628.5096168518
2001-11-07 08:00:00,30062.0,30441.201171875,-379.201171875,379.201171875,143793.5287513733
2001-11-07 09:00:00,30133.0,30239.396484375,-106.396484375,106.396484375,11320.21188735962
2001-11-07 10:00:00,30104.0,30387.3046875,-283.3046875,283.3046875,80261.54595947266
2001-11-07 11:00:00,30071.0,29945.05078125,125.94921875,125.94921875,15863.205703735352
2001-11-07 12:00:00,29721.0,29703.52734375,17.47265625,17.47265625,305.29371643066406
2001-11-07 13:00:00,29653.0,29486.076171875,166.923828125,166.923828125,27863.56439590454
2001-11-07 14:00:00,29444.0,29363.455078125,80.544921875,80.544921875,6487.4844398498535
2001-11-07 15:00:00,29248.0,29288.490234375,-40.490234375,40.490234375,1639.4590797424316
2001-11-07 16:00:00,29692.0,29969.533203125,-277.533203125,277.533203125,77024.67883682251
2001-11-07 17:00:00,32360.0,31877.76953125,482.23046875,482.23046875,232546.22499084473
2001-11-07 18:00:00,32444.0,32743.677734375,-299.677734375,299.677734375,89806.74448013306
2001-11-07 19:00:00,31501.0,31951.142578125,-450.142578125,450.142578125,202628.34064102173
2001-11-07 20:00:00,30560.0,30954.025390625,-394.025390625,394.025390625,155256.00845718384
2001-11-07 21:00:00,28887.0,29168.12109375,-281.12109375,281.12109375,79029.06935119629
2001-11-07 22:00:00,26197.0,26566.095703125,-369.095703125,369.095703125,136231.63806533813
2001-11-07 23:00:00,23759.0,24114.513671875,-355.513671875,355.513671875,126389.97089004517
2001-11-08 00:00:00,22478.0,22186.279296875,291.720703125,291.720703125,85100.96863174438
2001-11-08 01:00:00,21558.0,21669.28515625,-111.28515625,111.28515625,12384.386001586914
2001-11-08 02:00:00,21251.0,21085.59375,165.40625,165.40625,27359.2275390625
2001-11-08 03:00:00,21187.0,21432.998046875,-245.998046875,245.998046875,60515.0390663147
2001-11-08 04:00:00,21500.0,21695.5703125,-195.5703125,195.5703125,38247.747131347656
2001-11-08 05:00:00,24184.0,23719.0703125,464.9296875,464.9296875,216159.61431884766
2001-11-08 06:00:00,27953.0,27997.625,-44.625,44.625,1991.390625
2001-11-08 07:00:00,29668.0,30326.48828125,-658.48828125,658.48828125,433606.8165435791
2001-11-08 08:00:00,29958.0,30031.435546875,-73.435546875,73.435546875,5392.779544830322
2001-11-08 09:00:00,30035.0,30106.978515625,-71.978515625,71.978515625,5180.906711578369
2001-11-08 10:00:00,30101.0,30214.525390625,-113.525390625,113.525390625,12888.014316558838
2001-11-08 11:00:00,29935.0,29998.423828125,-63.423828125,63.423828125,4022.581974029541
2001-11-08 12:00:00,29670.0,29546.2578125,123.7421875,123.7421875,15312.128967285156
2001-11-08 13:00:00,29627.0,29513.1328125,113.8671875,113.8671875,12965.736389160156
2001-11-08 14:00:00,29294.0,29310.234375,-16.234375,16.234375,263.554931640625
2001-11-08 15:00:00,29023.0,29035.1015625,-12.1015625,12.1015625,146.44781494140625
2001-11-08 16:00:00,29615.0,29563.935546875,51.064453125,51.064453125,2607.5783729553223
2001-11-08 17:00:00,32205.0,31489.703125,715.296875,715.296875,511649.6193847656
2001-11-08 18:00:00,32397.0,32123.021484375,273.978515625,273.978515625,75064.22702407837
2001-11-08 19:00:00,31582.0,31816.923828125,-234.923828125,234.923828125,55189.20502090454
2001-11-08 20:00:00,30452.0,30840.61328125,-388.61328125,388.61328125,151020.2823638916
2001-11-08 21:00:00,28715.0,29031.1171875,-316.1171875,316.1171875,99930.07623291016
2001-11-08 22:00:00,26304.0,26351.55078125,-47.55078125,47.55078125,2261.0767974853516
2001-11-08 23:00:00,23894.0,23958.232421875,-64.232421875,64.232421875,4125.8040199279785
2001-11-09 00:00:00,21987.0,22234.080078125,-247.080078125,247.080078125,61048.5650062561
2001-11-09 01:00:00,21235.0,21195.875,39.125,39.125,1530.765625
2001-11-09 02:00:00,20792.0,20866.78125,-74.78125,74.78125,5592.2353515625
2001-11-09 03:00:00,20705.0,20723.107421875,-18.107421875,18.107421875,327.8787269592285
2001-11-09 04:00:00,21400.0,21533.576171875,-133.576171875,133.576171875,17842.59369277954
2001-11-09 05:00:00,23297.0,23287.91796875,9.08203125,9.08203125,82.48329162597656
2001-11-09 06:00:00,26928.0,26998.962890625,-70.962890625,70.962890625,5035.731845855713
2001-11-09 07:00:00,28807.0,29243.47265625,-436.47265625,436.47265625,190508.37965393066
2001-11-09 08:00:00,29560.0,29256.3515625,303.6484375,303.6484375,92202.3735961914
2001-11-09 09:00:00,29891.0,29818.251953125,72.748046875,72.748046875,5292.278324127197
2001-11-09 10:00:00,30041.0,30103.767578125,-62.767578125,62.767578125,3939.7688636779785
2001-11-09 11:00:00,29898.0,29979.28515625,-81.28515625,81.28515625,6607.276626586914
2001-11-09 12:00:00,29387.0,29480.7734375,-93.7734375,93.7734375,8793.457580566406
2001-11-09 13:00:00,29404.0,29149.861328125,254.138671875,254.138671875,64586.464542388916
2001-11-09 14:00:00,28761.0,29036.91015625,-275.91015625,275.91015625,76126.41432189941
2001-11-09 15:00:00,28611.0,28472.970703125,138.029296875,138.029296875,19052.086795806885
2001-11-09 16:00:00,29608.0,29283.87109375,324.12890625,324.12890625,105059.54786682129
2001-11-09 17:00:00,32244.0,31947.724609375,296.275390625,296.275390625,87779.10708999634
2001-11-09 18:00:00,32200.0,31902.66796875,297.33203125,297.33203125,88406.33680725098
2001-11-09 19:00:00,31419.0,31182.892578125,236.107421875,236.107421875,55746.71466445923
2001-11-09 20:00:00,30539.0,30451.69921875,87.30078125,87.30078125,7621.426406860352
2001-11-09 21:00:00,29288.0,29140.744140625,147.255859375,147.255859375,21684.288120269775
2001-11-09 22:00:00,27430.0,27057.552734375,372.447265625,372.447265625,138716.9656715393
2001-11-09 23:00:00,25424.0,25000.03125,423.96875,423.96875,179749.5009765625
2001-11-10 00:00:00,23871.0,23655.0546875,215.9453125,215.9453125,46632.377990722656
2001-11-10 01:00:00,23010.0,22820.529296875,189.470703125,189.470703125,35899.147342681885
2001-11-10 02:00:00,22571.0,22653.158203125,-82.158203125,82.158203125,6749.97034072876
2001-11-10 03:00:00,22457.0,22003.806640625,453.193359375,453.193359375,205384.2209815979
2001-11-10 04:00:00,22569.0,22585.640625,-16.640625,16.640625,276.910400390625
2001-11-10 05:00:00,23569.0,23290.12890625,278.87109375,278.87109375,77769.08692932129
2001-11-10 06:00:00,24713.0,25201.251953125,-488.251953125,488.251953125,238389.9697303772
2001-11-10 07:00:00,25891.0,25970.5859375,-79.5859375,79.5859375,6333.921447753906
2001-11-10 08:00:00,27488.0,27168.5390625,319.4609375,319.4609375,102055.2905883789
2001-11-10 09:00:00,27960.0,28565.7109375,-605.7109375,605.7109375,366885.7398071289
2001-11-10 10:00:00,27644.0,28276.666015625,-632.666015625,632.666015625,400266.28732681274
2001-11-10 11:00:00,27161.0,27315.64453125,-154.64453125,154.64453125,23914.931045532227
2001-11-10 12:00:00,26424.0,26610.3828125,-186.3828125,186.3828125,34738.552795410156
2001-11-10 13:00:00,25721.0,25774.615234375,-53.615234375,53.615234375,2874.5933570861816
2001-11-10 14:00:00,25114.0,25275.517578125,-161.517578125,161.517578125,26087.92804336548
2001-11-10 15:00:00,24926.0,24933.625,-7.625,7.625,58.140625
2001-11-10 16:00:00,25814.0,25815.16015625,-1.16015625,1.16015625,1.3459625244140625
2001-11-10 17:00:00,28560.0,28329.837890625,230.162109375,230.162109375,52974.59659194946
2001-11-10 18:00:00,28718.0,28869.4296875,-151.4296875,151.4296875,22930.950256347656
2001-11-10 19:00:00,28051.0,28078.43359375,-27.43359375,27.43359375,752.6020660400391
2001-11-10 20:00:00,27102.0,27546.564453125,-444.564453125,444.564453125,197637.55298233032
2001-11-10 21:00:00,25965.0,26496.798828125,-531.798828125,531.798828125,282809.9935951233
2001-11-10 22:00:00,24574.0,24683.294921875,-109.294921875,109.294921875,11945.379947662354
2001-11-10 23:00:00,22862.0,23134.62109375,-272.62109375,272.62109375,74322.26075744629
2001-11-11 00:00:00,21431.0,21476.15625,-45.15625,45.15625,2039.0869140625
2001-11-11 01:00:00,20493.0,20506.64453125,-13.64453125,13.64453125,186.17323303222656
2001-11-11 02:00:00,19896.0,20199.17578125,-303.17578125,303.17578125,91915.55433654785
2001-11-11 03:00:00,19674.0,19640.283203125,33.716796875,33.716796875,1136.8223915100098
2001-11-11 04:00:00,19675.0,19798.201171875,-123.201171875,123.201171875,15178.528751373291
2001-11-11 05:00:00,20280.0,20336.83984375,-56.83984375,56.83984375,3230.767837524414
2001-11-11 06:00:00,21111.0,21176.521484375,-65.521484375,65.521484375,4293.064914703369
2001-11-11 07:00:00,21889.0,21912.1640625,-23.1640625,23.1640625,536.5737915039062
2001-11-11 08:00:00,23341.0,23411.7890625,-70.7890625,70.7890625,5011.091369628906
2001-11-11 09:00:00,24614.0,24158.10546875,455.89453125,455.89453125,207839.82362365723
2001-11-11 10:00:00,24900.0,24854.025390625,45.974609375,45.974609375,2113.664707183838
2001-11-11 11:00:00,24954.0,24773.34375,180.65625,180.65625,32636.6806640625
2001-11-11 12:00:00,24786.0,24664.205078125,121.794921875,121.794921875,14834.002994537354
2001-11-11 13:00:00,24574.0,24263.947265625,310.052734375,310.052734375,96132.6980934143
2001-11-11 14:00:00,24578.0,23889.998046875,688.001953125,688.001953125,473346.6875038147
2001-11-11 15:00:00,24433.0,24224.255859375,208.744140625,208.744140625,43574.116245269775
2001-11-11 16:00:00,25483.0,25240.21875,242.78125,242.78125,58942.7353515625
2001-11-11 17:00:00,28620.0,27818.7734375,801.2265625,801.2265625,641964.0044555664
2001-11-11 18:00:00,29376.0,28636.0,740.0,740.0,547600.0
2001-11-11 19:00:00,28993.0,29179.0703125,-186.0703125,186.0703125,34622.161193847656
2001-11-11 20:00:00,28643.0,28109.25,533.75,533.75,284889.0625
2001-11-11 21:00:00,27662.0,27428.474609375,233.525390625,233.525390625,54534.10806655884
2001-11-11 22:00:00,25918.0,25945.12109375,-27.12109375,27.12109375,735.5537261962891
2001-11-11 23:00:00,24339.0,24148.212890625,190.787109375,190.787109375,36399.72110366821
2001-11-12 00:00:00,23093.0,22338.904296875,754.095703125,754.095703125,568660.3294715881
2001-11-12 01:00:00,22707.0,22014.484375,692.515625,692.515625,479577.8908691406
2001-11-12 02:00:00,22656.0,22084.708984375,571.291015625,571.291015625,326373.424533844
2001-11-12 03:00:00,22574.0,22306.6640625,267.3359375,267.3359375,71468.5034790039
2001-11-12 04:00:00,23418.0,22888.365234375,529.634765625,529.634765625,280512.9849586487
2001-11-12 05:00:00,25559.0,24273.59765625,1285.40234375,1285.40234375,1652259.1853179932
2001-11-12 06:00:00,29311.0,28660.375,650.625,650.625,423312.890625
2001-11-12 07:00:00,31110.0,31009.841796875,100.158203125,100.158203125,10031.66565322876
2001-11-12 08:00:00,31696.0,31320.85546875,375.14453125,375.14453125,140733.41932678223
2001-11-12 09:00:00,31395.0,31834.001953125,-439.001953125,439.001953125,192722.7148475647
2001-11-12 10:00:00,31142.0,31138.513671875,3.486328125,3.486328125,12.154483795166016
2001-11-12 11:00:00,30790.0,30879.87109375,-89.87109375,89.87109375,8076.813491821289
2001-11-12 12:00:00,30392.0,30326.435546875,65.564453125,65.564453125,4298.697513580322
2001-11-12 13:00:00,30023.0,30133.470703125,-110.470703125,110.470703125,12203.776248931885
2001-11-12 14:00:00,29665.0,29782.873046875,-117.873046875,117.873046875,13894.055179595947
2001-11-12 15:00:00,29537.0,29475.849609375,61.150390625,61.150390625,3739.370273590088
2001-11-12 16:00:00,30377.0,30564.365234375,-187.365234375,187.365234375,35105.73105239868
2001-11-12 17:00:00,33815.0,32913.5703125,901.4296875,901.4296875,812575.4815063477
2001-11-12 18:00:00,34011.0,34245.37890625,-234.37890625,234.37890625,54933.47169494629
2001-11-12 19:00:00,33355.0,33490.84765625,-135.84765625,135.84765625,18454.585708618164
2001-11-12 20:00:00,32553.0,32287.99609375,265.00390625,265.00390625,70227.07032775879
2001-11-12 21:00:00,30931.0,31093.96875,-162.96875,162.96875,26558.8134765625
2001-11-12 22:00:00,28635.0,28796.912109375,-161.912109375,161.912109375,26215.531162261963
2001-11-12 23:00:00,26258.0,26323.63671875,-65.63671875,65.63671875,4308.178848266602
2001-11-13 00:00:00,24704.0,24580.232421875,123.767578125,123.767578125,15318.413394927979
2001-11-13 01:00:00,24106.0,24094.794921875,11.205078125,11.205078125,125.55377578735352
2001-11-13 02:00:00,23877.0,23850.818359375,26.181640625,26.181640625,685.4783058166504
2001-11-13 03:00:00,23995.0,23913.1953125,81.8046875,81.8046875,6692.006896972656
2001-11-13 04:00:00,24784.0,24637.208984375,146.791015625,146.791015625,21547.602268218994
2001-11-13 05:00:00,27665.0,26639.1015625,1025.8984375,1025.8984375,1052467.6040649414
2001-11-13 06:00:00,31716.0,30927.41796875,788.58203125,788.58203125,621861.620010376
2001-11-13 07:00:00,33260.0,33005.42578125,254.57421875,254.57421875,64808.03285217285
2001-11-13 08:00:00,32966.0,33024.44140625,-58.44140625,58.44140625,3415.397964477539
2001-11-13 09:00:00,32037.0,32588.783203125,-551.783203125,551.783203125,304464.703250885
2001-11-13 10:00:00,31321.0,31780.583984375,-459.583984375,459.583984375,211217.43869400024
2001-11-13 11:00:00,30661.0,30874.150390625,-213.150390625,213.150390625,45433.08902359009
2001-11-13 12:00:00,30227.0,30163.892578125,63.107421875,63.107421875,3982.5466957092285
2001-11-13 13:00:00,29939.0,29964.57421875,-25.57421875,25.57421875,654.0406646728516
2001-11-13 14:00:00,29425.0,29551.44921875,-126.44921875,126.44921875,15989.404922485352
2001-11-13 15:00:00,29353.0,29268.734375,84.265625,84.265625,7100.695556640625
2001-11-13 16:00:00,30346.0,30395.86328125,-49.86328125,49.86328125,2486.3468170166016
2001-11-13 17:00:00,33416.0,33704.83203125,-288.83203125,288.83203125,83423.94227600098
2001-11-13 18:00:00,33689.0,34120.11328125,-431.11328125,431.11328125,185858.6612701416
2001-11-13 19:00:00,33135.0,33151.453125,-16.453125,16.453125,270.705322265625
2001-11-13 20:00:00,32337.0,32023.11328125,313.88671875,313.88671875,98524.8722076416
2001-11-13 21:00:00,30571.0,30800.69140625,-229.69140625,229.69140625,52758.14210510254
2001-11-13 22:00:00,28115.0,28106.771484375,8.228515625,8.228515625,67.70846939086914
2001-11-13 23:00:00,25858.0,25742.25390625,115.74609375,115.74609375,13397.158218383789
2001-11-14 00:00:00,24200.0,24316.46875,-116.46875,116.46875,13564.9697265625
2001-11-14 01:00:00,23484.0,23406.81640625,77.18359375,77.18359375,5957.307144165039
2001-11-14 02:00:00,23217.0,23211.46484375,5.53515625,5.53515625,30.637954711914062
2001-11-14 03:00:00,23317.0,23201.36328125,115.63671875,115.63671875,13371.850723266602
2001-11-14 04:00:00,24073.0,23853.47265625,219.52734375,219.52734375,48192.254653930664
2001-11-14 05:00:00,26672.0,26706.826171875,-34.826171875,34.826171875,1212.862247467041
2001-11-14 06:00:00,30653.0,30171.013671875,481.986328125,481.986328125,232310.82049942017
2001-11-14 07:00:00,32457.0,32894.4296875,-437.4296875,437.4296875,191344.73150634766
2001-11-14 08:00:00,32266.0,32359.59375,-93.59375,93.59375,8759.7900390625
2001-11-14 09:00:00,31713.0,31817.63671875,-104.63671875,104.63671875,10948.842910766602
2001-11-14 10:00:00,31412.0,31493.21875,-81.21875,81.21875,6596.4853515625
2001-11-14 11:00:00,30910.0,31031.923828125,-121.923828125,121.923828125,14865.419864654541
2001-11-14 12:00:00,30293.0,30475.419921875,-182.419921875,182.419921875,33277.0278968811
2001-11-14 13:00:00,30005.0,29970.953125,34.046875,34.046875,1159.189697265625
2001-11-14 14:00:00,29552.0,29619.951171875,-67.951171875,67.951171875,4617.361759185791
2001-11-14 15:00:00,29662.0,29306.197265625,355.802734375,355.802734375,126595.5857887268
2001-11-14 16:00:00,30591.0,30678.826171875,-87.826171875,87.826171875,7713.436466217041
2001-11-14 17:00:00,33359.0,32707.4609375,651.5390625,651.5390625,424503.1499633789
2001-11-14 18:00:00,33452.0,33998.7578125,-546.7578125,546.7578125,298944.10552978516
2001-11-14 19:00:00,32632.0,32705.177734375,-73.177734375,73.177734375,5354.980808258057
2001-11-14 20:00:00,31968.0,31705.80078125,262.19921875,262.19921875,68748.43031311035
2001-11-14 21:00:00,30382.0,30475.69921875,-93.69921875,93.69921875,8779.543594360352
2001-11-14 22:00:00,27927.0,28082.29296875,-155.29296875,155.29296875,24115.906143188477
2001-11-14 23:00:00,25466.0,25481.18359375,-15.18359375,15.18359375,230.54151916503906
2001-11-15 00:00:00,23828.0,23798.521484375,29.478515625,29.478515625,868.9828834533691
2001-11-15 01:00:00,23068.0,23059.154296875,8.845703125,8.845703125,78.24646377563477
2001-11-15 02:00:00,22697.0,22774.38671875,-77.38671875,77.38671875,5988.704238891602
2001-11-15 03:00:00,22617.0,22619.55859375,-2.55859375,2.55859375,6.5464019775390625
2001-11-15 04:00:00,23230.0,23347.73828125,-117.73828125,117.73828125,13862.302871704102
2001-11-15 05:00:00,25209.0,25241.765625,-32.765625,32.765625,1073.586181640625
2001-11-15 06:00:00,29218.0,29214.8984375,3.1015625,3.1015625,9.61968994140625
2001-11-15 07:00:00,31094.0,31327.677734375,-233.677734375,233.677734375,54605.28354263306
2001-11-15 08:00:00,31252.0,31328.986328125,-76.986328125,76.986328125,5926.894718170166
2001-11-15 09:00:00,30925.0,31171.740234375,-246.740234375,246.740234375,60880.74325942993
2001-11-15 10:00:00,30790.0,30886.181640625,-96.181640625,96.181640625,9250.90799331665
2001-11-15 11:00:00,30819.0,30533.728515625,285.271484375,285.271484375,81379.81979751587
2001-11-15 12:00:00,30562.0,30397.359375,164.640625,164.640625,27106.535400390625
2001-11-15 13:00:00,30539.0,30278.369140625,260.630859375,260.630859375,67928.44485855103
2001-11-15 14:00:00,30187.0,30195.1796875,-8.1796875,8.1796875,66.90728759765625
2001-11-15 15:00:00,29966.0,30073.98046875,-107.98046875,107.98046875,11659.781631469727
2001-11-15 16:00:00,30747.0,30565.521484375,181.478515625,181.478515625,32934.45163345337
2001-11-15 17:00:00,33382.0,32836.21875,545.78125,545.78125,297877.1728515625
2001-11-15 18:00:00,33198.0,33429.83984375,-231.83984375,231.83984375,53749.713150024414
2001-11-15 19:00:00,32394.0,32592.736328125,-198.736328125,198.736328125,39496.128116607666
2001-11-15 20:00:00,31446.0,31614.486328125,-168.486328125,168.486328125,28387.642765045166
2001-11-15 21:00:00,29697.0,30047.765625,-350.765625,350.765625,123036.52368164062
2001-11-15 22:00:00,27145.0,27454.103515625,-309.103515625,309.103515625,95544.98337173462
2001-11-15 23:00:00,24905.0,24910.03515625,-5.03515625,5.03515625,25.352798461914062
2001-11-16 00:00:00,23128.0,23113.197265625,14.802734375,14.802734375,219.12094497680664
2001-11-16 01:00:00,22164.0,22176.9921875,-12.9921875,12.9921875,168.79693603515625
2001-11-16 02:00:00,21830.0,22003.259765625,-173.259765625,173.259765625,30018.94638442993
2001-11-16 03:00:00,21724.0,21763.9921875,-39.9921875,39.9921875,1599.3750610351562
2001-11-16 04:00:00,22205.0,22135.44140625,69.55859375,69.55859375,4838.397964477539
2001-11-16 05:00:00,24147.0,24086.513671875,60.486328125,60.486328125,3658.595890045166
2001-11-16 06:00:00,27994.0,28036.064453125,-42.064453125,42.064453125,1769.4182167053223
2001-11-16 07:00:00,29556.0,30224.798828125,-668.798828125,668.798828125,447291.8725013733
2001-11-16 08:00:00,29731.0,30021.0625,-290.0625,290.0625,84136.25390625
2001-11-16 09:00:00,29809.0,29893.380859375,-84.380859375,84.380859375,7120.129428863525
2001-11-16 10:00:00,29849.0,29947.482421875,-98.482421875,98.482421875,9698.787418365479
2001-11-16 11:00:00,29912.0,29698.826171875,213.173828125,213.173828125,45443.08099746704
2001-11-16 12:00:00,29723.0,29648.4609375,74.5390625,74.5390625,5556.071838378906
2001-11-16 13:00:00,29656.0,29571.43359375,84.56640625,84.56640625,7151.477066040039
2001-11-16 14:00:00,29337.0,29378.2890625,-41.2890625,41.2890625,1704.7866821289062
2001-11-16 15:00:00,28876.0,29040.48046875,-164.48046875,164.48046875,27053.824600219727
2001-11-16 16:00:00,29350.0,29506.404296875,-156.404296875,156.404296875,24462.304080963135
2001-11-16 17:00:00,31655.0,31051.419921875,603.580078125,603.580078125,364308.9107093811
2001-11-16 18:00:00,31658.0,31709.15234375,-51.15234375,51.15234375,2616.562271118164
2001-11-16 19:00:00,30709.0,30726.21875,-17.21875,17.21875,296.4853515625
2001-11-16 20:00:00,29608.0,29743.517578125,-135.517578125,135.517578125,18365.01398086548
2001-11-16 21:00:00,28283.0,28518.205078125,-235.205078125,235.205078125,55321.42877578735
2001-11-16 22:00:00,26165.0,26425.08203125,-260.08203125,260.08203125,67642.66297912598
2001-11-16 23:00:00,24139.0,24265.423828125,-126.423828125,126.423828125,15982.984317779541
2001-11-17 00:00:00,22423.0,22462.212890625,-39.212890625,39.212890625,1537.650791168213
2001-11-17 01:00:00,21105.0,21470.71484375,-365.71484375,365.71484375,133747.3469390869
2001-11-17 02:00:00,20583.0,20610.3515625,-27.3515625,27.3515625,748.1079711914062
2001-11-17 03:00:00,20412.0,20296.095703125,115.904296875,115.904296875,13433.806034088135
2001-11-17 04:00:00,20598.0,20576.267578125,21.732421875,21.732421875,472.2981605529785
2001-11-17 05:00:00,21500.0,21298.4921875,201.5078125,201.5078125,40605.398498535156
2001-11-17 06:00:00,22830.0,22750.943359375,79.056640625,79.056640625,6249.9524269104
2001-11-17 07:00:00,24228.0,23995.568359375,232.431640625,232.431640625,54024.46756362915
2001-11-17 08:00:00,26084.0,25846.9765625,237.0234375,237.0234375,56180.109924316406
2001-11-17 09:00:00,26814.0,27404.171875,-590.171875,590.171875,348302.8420410156
2001-11-17 10:00:00,27117.0,26957.578125,159.421875,159.421875,25415.334228515625
2001-11-17 11:00:00,26510.0,26740.904296875,-230.904296875,230.904296875,53316.794315338135
2001-11-17 12:00:00,25805.0,25882.712890625,-77.712890625,77.712890625,6039.293369293213
2001-11-17 13:00:00,25213.0,25118.984375,94.015625,94.015625,8838.937744140625
2001-11-17 14:00:00,24627.0,24810.853515625,-183.853515625,183.853515625,33802.11520767212
2001-11-17 15:00:00,24481.0,24537.88671875,-56.88671875,56.88671875,3236.0987701416016
2001-11-17 16:00:00,25787.0,25565.5625,221.4375,221.4375,49034.56640625
2001-11-17 17:00:00,28993.0,28442.9453125,550.0546875,550.0546875,302560.15924072266
2001-11-17 18:00:00,29293.0,29159.712890625,133.287109375,133.287109375,17765.453525543213
2001-11-17 19:00:00,28783.0,28645.478515625,137.521484375,137.521484375,18912.15866470337
2001-11-17 20:00:00,28221.0,27919.859375,301.140625,301.140625,90685.67602539062
2001-11-17 21:00:00,27216.0,27223.947265625,-7.947265625,7.947265625,63.15903091430664
2001-11-17 22:00:00,25969.0,25735.015625,233.984375,233.984375,54748.687744140625
2001-11-17 23:00:00,24274.0,24065.046875,208.953125,208.953125,43661.408447265625
2001-11-18 00:00:00,22853.0,22568.09375,284.90625,284.90625,81171.5712890625
2001-11-18 01:00:00,22130.0,21851.48046875,278.51953125,278.51953125,77573.12928771973
2001-11-18 02:00:00,21762.0,21459.7109375,302.2890625,302.2890625,91378.6773071289
2001-11-18 03:00:00,21679.0,21326.09765625,352.90234375,352.90234375,124540.06422424316
2001-11-18 04:00:00,21889.0,21570.087890625,318.912109375,318.912109375,101704.93350601196
2001-11-18 05:00:00,22484.0,22600.958984375,-116.958984375,116.958984375,13679.404026031494
2001-11-18 06:00:00,23286.0,23525.712890625,-239.712890625,239.712890625,57462.26993179321
2001-11-18 07:00:00,23988.0,24080.673828125,-92.673828125,92.673828125,8588.438419342041
2001-11-18 08:00:00,25363.0,25092.59375,270.40625,270.40625,73119.5400390625
2001-11-18 09:00:00,26092.0,26561.603515625,-469.603515625,469.603515625,220527.46188735962
2001-11-18 10:00:00,26028.0,26267.162109375,-239.162109375,239.162109375,57198.51456069946
2001-11-18 11:00:00,25787.0,26056.740234375,-269.740234375,269.740234375,72759.79404067993
2001-11-18 12:00:00,25565.0,25521.03125,43.96875,43.96875,1933.2509765625
2001-11-18 13:00:00,25159.0,25249.216796875,-90.216796875,90.216796875,8139.07043838501
2001-11-18 14:00:00,24756.0,24868.541015625,-112.541015625,112.541015625,12665.480197906494
2001-11-18 15:00:00,24774.0,24687.2578125,86.7421875,86.7421875,7524.207092285156
2001-11-18 16:00:00,26181.0,25926.447265625,254.552734375,254.552734375,64797.09457778931
2001-11-18 17:00:00,29386.0,28492.2421875,893.7578125,893.7578125,798803.0274047852
2001-11-18 18:00:00,29859.0,29862.34765625,-3.34765625,3.34765625,11.206802368164062
2001-11-18 19:00:00,29511.0,29646.833984375,-135.833984375,135.833984375,18450.871311187744
2001-11-18 20:00:00,28974.0,28814.0,160.0,160.0,25600.0
2001-11-18 21:00:00,27829.0,28128.228515625,-299.228515625,299.228515625,89537.70456314087
2001-11-18 22:00:00,26014.0,26132.296875,-118.296875,118.296875,13994.150634765625
2001-11-18 23:00:00,24084.0,24302.916015625,-218.916015625,218.916015625,47924.221897125244
2001-11-19 00:00:00,22808.0,22507.619140625,300.380859375,300.380859375,90228.66067886353
2001-11-19 01:00:00,22228.0,22161.65625,66.34375,66.34375,4401.4931640625
2001-11-19 02:00:00,22096.0,22189.275390625,-93.275390625,93.275390625,8700.298496246338
2001-11-19 03:00:00,22211.0,22230.044921875,-19.044921875,19.044921875,362.7090492248535
2001-11-19 04:00:00,23069.0,23459.6171875,-390.6171875,390.6171875,152581.78717041016
2001-11-19 05:00:00,25005.0,25255.248046875,-250.248046875,250.248046875,62624.0849647522
2001-11-19 06:00:00,28866.0,28819.33984375,46.66015625,46.66015625,2177.170181274414
2001-11-19 07:00:00,31001.0,31102.783203125,-101.783203125,101.783203125,10359.82043838501
2001-11-19 08:00:00,31386.0,31595.73046875,-209.73046875,209.73046875,43986.86952209473
2001-11-19 09:00:00,31156.0,31504.564453125,-348.564453125,348.564453125,121497.17798233032
2001-11-19 10:00:00,31053.0,31306.958984375,-253.958984375,253.958984375,64495.165744781494
2001-11-19 11:00:00,30716.0,30854.015625,-138.015625,138.015625,19048.312744140625
2001-11-19 12:00:00,30125.0,30209.974609375,-84.974609375,84.974609375,7220.684238433838
2001-11-19 13:00:00,29973.0,29890.140625,82.859375,82.859375,6865.676025390625
2001-11-19 14:00:00,29770.0,29629.287109375,140.712890625,140.712890625,19800.117588043213
2001-11-19 15:00:00,29500.0,29633.87890625,-133.87890625,133.87890625,17923.56153869629
2001-11-19 16:00:00,30036.0,30670.951171875,-634.951171875,634.951171875,403162.9906654358
2001-11-19 17:00:00,32499.0,32221.298828125,277.701171875,277.701171875,77117.94086074829
2001-11-19 18:00:00,32738.0,33265.328125,-527.328125,527.328125,278074.9514160156
2001-11-19 19:00:00,32615.0,32366.5546875,248.4453125,248.4453125,61725.073303222656
2001-11-19 20:00:00,31824.0,31818.333984375,5.666015625,5.666015625,32.10373306274414
2001-11-19 21:00:00,30098.0,30178.755859375,-80.755859375,80.755859375,6521.508823394775
2001-11-19 22:00:00,27463.0,27644.833984375,-181.833984375,181.833984375,33063.597873687744
2001-11-19 23:00:00,24830.0,25107.30859375,-277.30859375,277.30859375,76900.05616760254
2001-11-20 00:00:00,22953.0,23149.951171875,-196.951171875,196.951171875,38789.76410293579
2001-11-20 01:00:00,21969.0,22125.705078125,-156.705078125,156.705078125,24556.481510162354
2001-11-20 02:00:00,21563.0,21706.33203125,-143.33203125,143.33203125,20544.071182250977
2001-11-20 03:00:00,21471.0,21686.859375,-215.859375,215.859375,46595.269775390625
2001-11-20 04:00:00,22182.0,22026.48046875,155.51953125,155.51953125,24186.324600219727
2001-11-20 05:00:00,24225.0,24315.30859375,-90.30859375,90.30859375,8155.642105102539
2001-11-20 06:00:00,28108.0,28160.3125,-52.3125,52.3125,2736.59765625
2001-11-20 07:00:00,30431.0,30586.404296875,-155.404296875,155.404296875,24150.495487213135
2001-11-20 08:00:00,30967.0,30590.0703125,376.9296875,376.9296875,142075.98931884766
2001-11-20 09:00:00,31255.0,31050.69921875,204.30078125,204.30078125,41738.80921936035
2001-11-20 10:00:00,31331.0,31243.712890625,87.287109375,87.287109375,7619.039463043213
2001-11-20 11:00:00,31202.0,31072.908203125,129.091796875,129.091796875,16664.69202041626
2001-11-20 12:00:00,30895.0,30941.662109375,-46.662109375,46.662109375,2177.352451324463
2001-11-20 13:00:00,30761.0,30707.556640625,53.443359375,53.443359375,2856.1926612854004
2001-11-20 14:00:00,30480.0,30505.29296875,-25.29296875,25.29296875,639.7342681884766
2001-11-20 15:00:00,30609.0,30284.345703125,324.654296875,324.654296875,105400.41247940063
2001-11-20 16:00:00,31743.0,31563.109375,179.890625,179.890625,32360.636962890625
2001-11-20 17:00:00,34840.0,34102.26953125,737.73046875,737.73046875,544246.2445220947
2001-11-20 18:00:00,34848.0,34686.14453125,161.85546875,161.85546875,26197.192764282227
2001-11-20 19:00:00,34191.0,34064.87109375,126.12890625,126.12890625,15908.500991821289
2001-11-20 20:00:00,33615.0,33276.65625,338.34375,338.34375,114476.4931640625
2001-11-20 21:00:00,32435.0,31891.517578125,543.482421875,543.482421875,295373.1428871155
2001-11-20 22:00:00,29753.0,29662.20703125,90.79296875,90.79296875,8243.363174438477
2001-11-20 23:00:00,27372.0,27063.283203125,308.716796875,308.716796875,95306.06067276001
2001-11-21 00:00:00,25606.0,25292.859375,313.140625,313.140625,98057.05102539062
2001-11-21 01:00:00,24807.0,24692.35546875,114.64453125,114.64453125,13143.368545532227
2001-11-21 02:00:00,24495.0,24495.908203125,-0.908203125,0.908203125,0.8248329162597656
2001-11-21 03:00:00,24633.0,24427.64453125,205.35546875,205.35546875,42170.86854553223
2001-11-21 04:00:00,25375.0,25383.54296875,-8.54296875,8.54296875,72.98231506347656
2001-11-21 05:00:00,27400.0,27367.775390625,32.224609375,32.224609375,1038.425449371338
2001-11-21 06:00:00,31198.0,30881.724609375,316.275390625,316.275390625,100030.12271499634
2001-11-21 07:00:00,33049.0,32787.84765625,261.15234375,261.15234375,68200.54664611816
2001-11-21 08:00:00,33309.0,33280.1640625,28.8359375,28.8359375,831.5112915039062
2001-11-21 09:00:00,32861.0,32953.13671875,-92.13671875,92.13671875,8489.174942016602
2001-11-21 10:00:00,32480.0,32622.595703125,-142.595703125,142.595703125,20333.534549713135
2001-11-21 11:00:00,32070.0,32047.451171875,22.548828125,22.548828125,508.449649810791
2001-11-21 12:00:00,31116.0,31483.134765625,-367.134765625,367.134765625,134787.93613052368
2001-11-21 13:00:00,30722.0,30817.05078125,-95.05078125,95.05078125,9034.651016235352
2001-11-21 14:00:00,30205.0,30276.92578125,-71.92578125,71.92578125,5173.318008422852
2001-11-21 15:00:00,29940.0,30034.09375,-94.09375,94.09375,8853.6337890625
2001-11-21 16:00:00,30880.0,30739.41015625,140.58984375,140.58984375,19765.504165649414
2001-11-21 17:00:00,33760.0,32988.07421875,771.92578125,771.92578125,595869.4117584229
2001-11-21 18:00:00,33939.0,34520.23046875,-581.23046875,581.23046875,337828.8578033447
2001-11-21 19:00:00,33213.0,33453.94140625,-240.94140625,240.94140625,58052.76124572754
2001-11-21 20:00:00,32521.0,32271.232421875,249.767578125,249.767578125,62383.84308242798
2001-11-21 21:00:00,31178.0,30992.806640625,185.193359375,185.193359375,34296.5803565979
2001-11-21 22:00:00,29036.0,28937.990234375,98.009765625,98.009765625,9605.914157867432
2001-11-21 23:00:00,26709.0,26690.228515625,18.771484375,18.771484375,352.36862564086914
2001-11-22 00:00:00,24858.0,24760.49609375,97.50390625,97.50390625,9507.011734008789
2001-11-22 01:00:00,23781.0,23807.50390625,-26.50390625,26.50390625,702.4570465087891
2001-11-22 02:00:00,23260.0,23121.697265625,138.302734375,138.302734375,19127.646335601807
2001-11-22 03:00:00,23138.0,22762.197265625,375.802734375,375.802734375,141227.6951637268
2001-11-22 04:00:00,23346.0,23158.36328125,187.63671875,187.63671875,35207.5382232666
2001-11-22 05:00:00,24009.0,23794.63671875,214.36328125,214.36328125,45951.6163482666
2001-11-22 06:00:00,25067.0,26137.16015625,-1070.16015625,1070.16015625,1145242.7600250244
2001-11-22 07:00:00,25857.0,26714.427734375,-857.427734375,857.427734375,735182.3196754456
2001-11-22 08:00:00,27008.0,27425.7109375,-417.7109375,417.7109375,174482.4273071289
2001-11-22 09:00:00,27703.0,28367.1171875,-664.1171875,664.1171875,441051.63873291016
2001-11-22 10:00:00,27867.0,28401.97265625,-534.97265625,534.97265625,286195.74293518066
2001-11-22 11:00:00,27427.0,27477.916015625,-50.916015625,50.916015625,2592.440647125244
2001-11-22 12:00:00,26487.0,26603.447265625,-116.447265625,116.447265625,13559.965671539307
2001-11-22 13:00:00,25284.0,25943.1171875,-659.1171875,659.1171875,434435.46685791016
2001-11-22 14:00:00,24235.0,24932.74609375,-697.74609375,697.74609375,486849.6113433838
2001-11-22 15:00:00,23487.0,24197.21484375,-710.21484375,710.21484375,504405.1242828369
2001-11-22 16:00:00,23734.0,24262.91015625,-528.91015625,528.91015625,279745.9533843994
2001-11-22 17:00:00,25518.0,25385.677734375,132.322265625,132.322265625,17509.181980133057
2001-11-22 18:00:00,25724.0,27293.9296875,-1569.9296875,1569.9296875,2464679.2236938477
2001-11-22 19:00:00,25817.0,26769.158203125,-952.158203125,952.158203125,906605.2437782288
2001-11-22 20:00:00,25885.0,26143.607421875,-258.607421875,258.607421875,66877.79864883423
2001-11-22 21:00:00,25599.0,25102.1484375,496.8515625,496.8515625,246861.4751586914
2001-11-22 22:00:00,24654.0,24325.759765625,328.240234375,328.240234375,107741.65146255493
2001-11-22 23:00:00,23294.0,23184.54296875,109.45703125,109.45703125,11980.841690063477
2001-11-23 00:00:00,22051.0,21878.51953125,172.48046875,172.48046875,29749.512100219727
2001-11-23 01:00:00,21382.0,21212.892578125,169.107421875,169.107421875,28597.32013320923
2001-11-23 02:00:00,21285.0,21054.05078125,230.94921875,230.94921875,53337.54164123535
2001-11-23 03:00:00,21373.0,21434.03515625,-61.03515625,61.03515625,3725.290298461914
2001-11-23 04:00:00,21936.0,22547.58984375,-611.58984375,611.58984375,374042.1369781494
2001-11-23 05:00:00,23208.0,24287.779296875,-1079.779296875,1079.779296875,1165923.3299598694
2001-11-23 06:00:00,25138.0,26532.52734375,-1394.52734375,1394.52734375,1944706.5124664307
2001-11-23 07:00:00,26208.0,27697.81640625,-1489.81640625,1489.81640625,2219552.924331665
2001-11-23 08:00:00,27303.0,27160.55078125,142.44921875,142.44921875,20291.77992248535
2001-11-23 09:00:00,27590.0,27869.373046875,-279.373046875,279.373046875,78049.29932022095
2001-11-23 10:00:00,27383.0,27697.16796875,-314.16796875,314.16796875,98701.51258850098
2001-11-23 11:00:00,27071.0,27154.080078125,-83.080078125,83.080078125,6902.2993812561035
2001-11-23 12:00:00,26506.0,26677.318359375,-171.318359375,171.318359375,29349.98025894165
2001-11-23 13:00:00,26065.0,26283.376953125,-218.376953125,218.376953125,47688.49365615845
2001-11-23 14:00:00,25535.0,25792.384765625,-257.384765625,257.384765625,66246.91757583618
2001-11-23 15:00:00,25411.0,25511.837890625,-100.837890625,100.837890625,10168.280185699463
2001-11-23 16:00:00,26577.0,26171.333984375,405.666015625,405.666015625,164564.91623306274
2001-11-23 17:00:00,29655.0,28394.494140625,1260.505859375,1260.505859375,1588875.0215187073
2001-11-23 18:00:00,29591.0,29719.05078125,-128.05078125,128.05078125,16397.00257873535
2001-11-23 19:00:00,28912.0,28866.369140625,45.630859375,45.630859375,2082.1753273010254
2001-11-23 20:00:00,28260.0,27985.296875,274.703125,274.703125,75461.80688476562
2001-11-23 21:00:00,27101.0,26949.078125,151.921875,151.921875,23080.256103515625
2001-11-23 22:00:00,25568.0,25461.3203125,106.6796875,106.6796875,11380.555725097656
2001-11-23 23:00:00,23630.0,23730.921875,-100.921875,100.921875,10185.224853515625
2001-11-24 00:00:00,22012.0,22048.255859375,-36.255859375,36.255859375,1314.4873390197754
2001-11-24 01:00:00,21066.0,21032.58203125,33.41796875,33.41796875,1116.7606353759766
2001-11-24 02:00:00,20506.0,20557.552734375,-51.552734375,51.552734375,2657.6844215393066
2001-11-24 03:00:00,20251.0,20319.15625,-68.15625,68.15625,4645.2744140625
2001-11-24 04:00:00,20261.0,20442.7109375,-181.7109375,181.7109375,33018.864807128906
2001-11-24 05:00:00,20822.0,21066.49609375,-244.49609375,244.49609375,59778.33985900879
2001-11-24 06:00:00,21841.0,22069.455078125,-228.455078125,228.455078125,52191.72272109985
2001-11-24 07:00:00,22978.0,23180.671875,-202.671875,202.671875,41075.888916015625
2001-11-24 08:00:00,24906.0,24539.853515625,366.146484375,366.146484375,134063.24802017212
2001-11-24 09:00:00,26440.0,25772.46875,667.53125,667.53125,445597.9697265625
2001-11-24 10:00:00,27000.0,26537.509765625,462.490234375,462.490234375,213897.21689224243
2001-11-24 11:00:00,26950.0,26694.982421875,255.017578125,255.017578125,65033.96515274048
2001-11-24 12:00:00,26495.0,26475.361328125,19.638671875,19.638671875,385.677433013916
2001-11-24 13:00:00,25933.0,25916.103515625,16.896484375,16.896484375,285.49118423461914
2001-11-24 14:00:00,25409.0,25370.822265625,38.177734375,38.177734375,1457.5394020080566
2001-11-24 15:00:00,25440.0,25146.626953125,293.373046875,293.373046875,86067.74463272095
2001-11-24 16:00:00,26784.0,26115.552734375,668.447265625,668.447265625,446821.7469215393
2001-11-24 17:00:00,28971.0,28160.251953125,810.748046875,810.748046875,657312.3955116272
2001-11-24 18:00:00,28737.0,28992.998046875,-255.998046875,255.998046875,65535.0000038147
2001-11-24 19:00:00,28267.0,28216.060546875,50.939453125,50.939453125,2594.8278846740723
2001-11-24 20:00:00,27502.0,27825.935546875,-323.935546875,323.935546875,104934.23852920532
2001-11-24 21:00:00,26412.0,26602.06640625,-190.06640625,190.06640625,36125.23878479004
2001-11-24 22:00:00,24868.0,24746.123046875,121.876953125,121.876953125,14853.991703033447
2001-11-24 23:00:00,23055.0,23133.677734375,-78.677734375,78.677734375,6190.185886383057
2001-11-25 00:00:00,21211.0,21538.25,-327.25,327.25,107092.5625
2001-11-25 01:00:00,20033.0,20233.26171875,-200.26171875,200.26171875,40104.7559967041
2001-11-25 02:00:00,19423.0,19600.5,-177.5,177.5,31506.25
2001-11-25 03:00:00,19084.0,18973.10546875,110.89453125,110.89453125,12297.597061157227
2001-11-25 04:00:00,19031.0,19053.12890625,-22.12890625,22.12890625,489.68849182128906
2001-11-25 05:00:00,19336.0,19340.220703125,-4.220703125,4.220703125,17.814334869384766
2001-11-25 06:00:00,20051.0,19936.654296875,114.345703125,114.345703125,13074.939823150635
2001-11-25 07:00:00,20775.0,21035.33984375,-260.33984375,260.33984375,67776.83424377441
2001-11-25 08:00:00,22546.0,22532.533203125,13.466796875,13.466796875,181.35461807250977
2001-11-25 09:00:00,23979.0,23836.56640625,142.43359375,142.43359375,20287.32862854004
2001-11-25 10:00:00,24796.0,24726.23046875,69.76953125,69.76953125,4867.787490844727
2001-11-25 11:00:00,25177.0,25094.384765625,82.615234375,82.615234375,6825.276950836182
2001-11-25 12:00:00,25533.0,25188.470703125,344.529296875,344.529296875,118700.43640518188
2001-11-25 13:00:00,25458.0,25497.896484375,-39.896484375,39.896484375,1591.7294654846191
2001-11-25 14:00:00,25318.0,25280.7265625,37.2734375,37.2734375,1389.3091430664062
2001-11-25 15:00:00,25653.0,25210.3515625,442.6484375,442.6484375,195937.6392211914
2001-11-25 16:00:00,27417.0,26803.568359375,613.431640625,613.431640625,376298.37771987915
2001-11-25 17:00:00,29368.0,28986.74609375,381.25390625,381.25390625,145354.5410308838
2001-11-25 18:00:00,29373.0,29479.734375,-106.734375,106.734375,11392.226806640625
2001-11-25 19:00:00,28740.0,29376.298828125,-636.298828125,636.298828125,404876.1986732483
2001-11-25 20:00:00,27864.0,28464.80859375,-600.80859375,600.80859375,360970.96632385254
2001-11-25 21:00:00,26493.0,26793.75,-300.75,300.75,90450.5625
2001-11-25 22:00:00,24571.0,24922.6328125,-351.6328125,351.6328125,123645.63482666016
2001-11-25 23:00:00,22333.0,22925.3203125,-592.3203125,592.3203125,350843.35260009766
2001-11-26 00:00:00,20844.0,20943.224609375,-99.224609375,99.224609375,9845.523105621338
2001-11-26 01:00:00,20019.0,20118.927734375,-99.927734375,99.927734375,9985.552097320557
2001-11-26 02:00:00,19738.0,19907.32421875,-169.32421875,169.32421875,28670.69105529785
2001-11-26 03:00:00,19730.0,19691.48046875,38.51953125,38.51953125,1483.7542877197266
2001-11-26 04:00:00,20423.0,20347.82421875,75.17578125,75.17578125,5651.398086547852
2001-11-26 05:00:00,22336.0,22387.38671875,-51.38671875,51.38671875,2640.5948638916016
2001-11-26 06:00:00,25816.0,26149.625,-333.625,333.625,111305.640625
2001-11-26 07:00:00,27836.0,28526.0859375,-690.0859375,690.0859375,476218.6011352539
2001-11-26 08:00:00,28753.0,29177.212890625,-424.212890625,424.212890625,179956.5765724182
2001-11-26 09:00:00,29265.0,29461.71875,-196.71875,196.71875,38698.2666015625
2001-11-26 10:00:00,29507.0,30004.025390625,-497.025390625,497.025390625,247034.23892593384
2001-11-26 11:00:00,29574.0,29689.5234375,-115.5234375,115.5234375,13345.664611816406
2001-11-26 12:00:00,29378.0,29466.587890625,-88.587890625,88.587890625,7847.814365386963
2001-11-26 13:00:00,29207.0,29357.056640625,-150.056640625,150.056640625,22516.9953956604
2001-11-26 14:00:00,28905.0,29158.0234375,-253.0234375,253.0234375,64020.859924316406
2001-11-26 15:00:00,28791.0,29007.716796875,-216.716796875,216.716796875,46966.17004776001
2001-11-26 16:00:00,30017.0,29751.69921875,265.30078125,265.30078125,70384.50453186035
2001-11-26 17:00:00,33001.0,32149.599609375,851.400390625,851.400390625,724882.6251564026
2001-11-26 18:00:00,33040.0,33121.1953125,-81.1953125,81.1953125,6592.678771972656
2001-11-26 19:00:00,32338.0,32018.009765625,319.990234375,319.990234375,102393.75009536743
2001-11-26 20:00:00,31344.0,31228.048828125,115.951171875,115.951171875,13444.674259185791
2001-11-26 21:00:00,29719.0,29735.419921875,-16.419921875,16.419921875,269.6138343811035
2001-11-26 22:00:00,27020.0,26908.998046875,111.001953125,111.001953125,12321.433597564697
2001-11-26 23:00:00,24587.0,24305.904296875,281.095703125,281.095703125,79014.79431533813
2001-11-27 00:00:00,22874.0,22940.19140625,-66.19140625,66.19140625,4381.302261352539
2001-11-27 01:00:00,22015.0,21905.841796875,109.158203125,109.158203125,11915.51330947876
2001-11-27 02:00:00,21739.0,21751.931640625,-12.931640625,12.931640625,167.2273292541504
2001-11-27 03:00:00,21837.0,21690.283203125,146.716796875,146.716796875,21525.81848526001
2001-11-27 04:00:00,22492.0,22116.96875,375.03125,375.03125,140648.4384765625
2001-11-27 05:00:00,24644.0,24320.091796875,323.908203125,323.908203125,104916.52405166626
2001-11-27 06:00:00,28576.0,28153.482421875,422.517578125,422.517578125,178521.10382461548
2001-11-27 07:00:00,30472.0,30941.85546875,-469.85546875,469.85546875,220764.16151428223
2001-11-27 08:00:00,31091.0,30829.677734375,261.322265625,261.322265625,68289.32651138306
2001-11-27 09:00:00,31114.0,31125.958984375,-11.958984375,11.958984375,143.01730728149414
2001-11-27 10:00:00,31075.0,31271.32421875,-196.32421875,196.32421875,38543.19886779785
2001-11-27 11:00:00,30932.0,30802.109375,129.890625,129.890625,16871.574462890625
2001-11-27 12:00:00,30850.0,30710.365234375,139.634765625,139.634765625,19497.86777114868
2001-11-27 13:00:00,30544.0,30705.478515625,-161.478515625,161.478515625,26075.31100845337
2001-11-27 14:00:00,30217.0,30283.9296875,-66.9296875,66.9296875,4479.583068847656
2001-11-27 15:00:00,30285.0,30037.85546875,247.14453125,247.14453125,61080.41932678223
2001-11-27 16:00:00,31808.0,31607.48828125,200.51171875,200.51171875,40204.9493560791
2001-11-27 17:00:00,34450.0,34546.5078125,-96.5078125,96.5078125,9313.757873535156
2001-11-27 18:00:00,34314.0,34021.609375,292.390625,292.390625,85492.27758789062
2001-11-27 19:00:00,33468.0,33519.6171875,-51.6171875,51.6171875,2664.3340454101562
2001-11-27 20:00:00,32324.0,32384.623046875,-60.623046875,60.623046875,3675.1538124084473
2001-11-27 21:00:00,30452.0,30718.796875,-266.796875,266.796875,71180.57250976562
2001-11-27 22:00:00,27507.0,27920.068359375,-413.068359375,413.068359375,170625.46951675415
2001-11-27 23:00:00,24880.0,25188.068359375,-308.068359375,308.068359375,94906.11404800415
2001-11-28 00:00:00,23073.0,23294.341796875,-221.341796875,221.341796875,48992.19104385376
2001-11-28 01:00:00,21945.0,22113.412109375,-168.412109375,168.412109375,28362.638584136963
2001-11-28 02:00:00,21568.0,21526.984375,41.015625,41.015625,1682.281494140625
2001-11-28 03:00:00,21492.0,21730.794921875,-238.794921875,238.794921875,57023.01471328735
2001-11-28 04:00:00,21957.0,21997.005859375,-40.005859375,40.005859375,1600.4687843322754
2001-11-28 05:00:00,23960.0,23975.951171875,-15.951171875,15.951171875,254.43988418579102
2001-11-28 06:00:00,27870.0,27872.845703125,-2.845703125,2.845703125,8.098026275634766
2001-11-28 07:00:00,30090.0,30283.115234375,-193.115234375,193.115234375,37293.49374771118
2001-11-28 08:00:00,30525.0,30598.849609375,-73.849609375,73.849609375,5453.764804840088
2001-11-28 09:00:00,30620.0,30620.271484375,-0.271484375,0.271484375,0.07370376586914062
2001-11-28 10:00:00,30725.0,30642.134765625,82.865234375,82.865234375,6866.647068023682
2001-11-28 11:00:00,30647.0,30584.01171875,62.98828125,62.98828125,3967.5235748291016
2001-11-28 12:00:00,30386.0,30314.701171875,71.298828125,71.298828125,5083.522891998291
2001-11-28 13:00:00,30276.0,30240.607421875,35.392578125,35.392578125,1252.6345863342285
2001-11-28 14:00:00,30112.0,30000.52734375,111.47265625,111.47265625,12426.153091430664
2001-11-28 15:00:00,30091.0,30092.09375,-1.09375,1.09375,1.1962890625
2001-11-28 16:00:00,31566.0,30941.197265625,624.802734375,624.802734375,390378.4568824768
2001-11-28 17:00:00,34000.0,33536.17578125,463.82421875,463.82421875,215132.90589904785
2001-11-28 18:00:00,33746.0,34184.2578125,-438.2578125,438.2578125,192069.91021728516
2001-11-28 19:00:00,32933.0,33273.203125,-340.203125,340.203125,115738.16625976562
2001-11-28 20:00:00,32168.0,31984.013671875,183.986328125,183.986328125,33850.968936920166
2001-11-28 21:00:00,30338.0,30669.134765625,-331.134765625,331.134765625,109650.23300552368
2001-11-28 22:00:00,27541.0,27945.025390625,-404.025390625,404.025390625,163236.51626968384
2001-11-28 23:00:00,24731.0,25239.056640625,-508.056640625,508.056640625,258121.5500831604
2001-11-29 00:00:00,22778.0,23238.091796875,-460.091796875,460.091796875,211684.46155166626
2001-11-29 01:00:00,21825.0,21920.875,-95.875,95.875,9192.015625
2001-11-29 02:00:00,21352.0,21338.904296875,13.095703125,13.095703125,171.49744033813477
2001-11-29 03:00:00,21237.0,21375.728515625,-138.728515625,138.728515625,19245.60104751587
2001-11-29 04:00:00,21711.0,21804.73828125,-93.73828125,93.73828125,8786.865371704102
2001-11-29 05:00:00,23793.0,23553.458984375,239.541015625,239.541015625,57379.898166656494
2001-11-29 06:00:00,27664.0,27554.984375,109.015625,109.015625,11884.406494140625
2001-11-29 07:00:00,30271.0,30083.982421875,187.017578125,187.017578125,34975.57452774048
2001-11-29 08:00:00,30937.0,30635.568359375,301.431640625,301.431640625,90861.03396987915
2001-11-29 09:00:00,31367.0,31167.947265625,199.052734375,199.052734375,39621.99106216431
2001-11-29 10:00:00,31680.0,31380.1796875,299.8203125,299.8203125,89892.21978759766
2001-11-29 11:00:00,31639.0,31347.2109375,291.7890625,291.7890625,85140.8569946289
2001-11-29 12:00:00,31385.0,31253.224609375,131.775390625,131.775390625,17364.753574371338
2001-11-29 13:00:00,31332.0,31298.845703125,33.154296875,33.154296875,1099.2074012756348
2001-11-29 14:00:00,31176.0,31023.578125,152.421875,152.421875,23232.427978515625
2001-11-29 15:00:00,31267.0,31123.603515625,143.396484375,143.396484375,20562.55173110962
2001-11-29 16:00:00,32586.0,32081.84765625,504.15234375,504.15234375,254169.58570861816
2001-11-29 17:00:00,34576.0,34279.9296875,296.0703125,296.0703125,87657.62994384766
2001-11-29 18:00:00,34233.0,34583.94140625,-350.94140625,350.94140625,123159.87062072754
2001-11-29 19:00:00,33427.0,33859.7109375,-432.7109375,432.7109375,187238.7554321289
2001-11-29 20:00:00,32482.0,32714.18359375,-232.18359375,232.18359375,53909.22120666504
2001-11-29 21:00:00,30554.0,30852.228515625,-298.228515625,298.228515625,88940.24753189087
2001-11-29 22:00:00,27965.0,28296.138671875,-331.138671875,331.138671875,109652.82001113892
2001-11-29 23:00:00,25193.0,25471.572265625,-278.572265625,278.572265625,77602.50717544556
2001-11-30 00:00:00,23077.0,23467.0390625,-390.0390625,390.0390625,152130.4702758789
2001-11-30 01:00:00,22027.0,22240.78515625,-213.78515625,213.78515625,45704.093032836914
2001-11-30 02:00:00,21551.0,21708.24609375,-157.24609375,157.24609375,24726.33399963379
2001-11-30 03:00:00,21374.0,21371.166015625,2.833984375,2.833984375,8.03146743774414
2001-11-30 04:00:00,21851.0,21808.138671875,42.861328125,42.861328125,1837.093448638916
2001-11-30 05:00:00,23717.0,23932.6875,-215.6875,215.6875,46521.09765625
2001-11-30 06:00:00,27610.0,27340.044921875,269.955078125,269.955078125,72875.74420547485
2001-11-30 07:00:00,30087.0,30038.96484375,48.03515625,48.03515625,2307.376235961914
2001-11-30 08:00:00,30730.0,30702.078125,27.921875,27.921875,779.631103515625
2001-11-30 09:00:00,31232.0,31055.912109375,176.087890625,176.087890625,31006.945224761963
2001-11-30 10:00:00,31541.0,31320.767578125,220.232421875,220.232421875,48502.31964492798
2001-11-30 11:00:00,31622.0,31401.26953125,220.73046875,220.73046875,48721.93983459473
2001-11-30 12:00:00,31304.0,31271.046875,32.953125,32.953125,1085.908447265625
2001-11-30 13:00:00,31275.0,31041.28515625,233.71484375,233.71484375,54622.628189086914
2001-11-30 14:00:00,30960.0,31069.658203125,-109.658203125,109.658203125,12024.92151260376
2001-11-30 15:00:00,30831.0,31086.21875,-255.21875,255.21875,65136.6103515625
2001-11-30 16:00:00,31970.0,31575.51953125,394.48046875,394.48046875,155614.84022521973
2001-11-30 17:00:00,33686.0,33765.50390625,-79.50390625,79.50390625,6320.871109008789
2001-11-30 18:00:00,33104.0,33726.13671875,-622.13671875,622.13671875,387054.0968170166
2001-11-30 19:00:00,31855.0,32509.537109375,-654.537109375,654.537109375,428418.8275489807
2001-11-30 20:00:00,30863.0,31174.822265625,-311.822265625,311.822265625,97233.12533950806
2001-11-30 21:00:00,29514.0,29324.4140625,189.5859375,189.5859375,35942.827697753906
2001-11-30 22:00:00,27361.0,27397.0625,-36.0625,36.0625,1300.50390625
2001-11-30 23:00:00,24885.0,25192.455078125,-307.455078125,307.455078125,94528.62506484985
2001-12-01 00:00:00,22665.0,22934.580078125,-269.580078125,269.580078125,72673.4185218811
2001-12-01 01:00:00,21430.0,21545.59375,-115.59375,115.59375,13361.9150390625
2001-12-01 02:00:00,20730.0,20725.900390625,4.099609375,4.099609375,16.80679702758789
2001-12-01 03:00:00,20415.0,20457.376953125,-42.376953125,42.376953125,1795.8061561584473
2001-12-01 04:00:00,20428.0,20506.828125,-78.828125,78.828125,6213.873291015625
2001-12-01 05:00:00,21110.0,20891.205078125,218.794921875,218.794921875,47871.21783828735
2001-12-01 06:00:00,22292.0,22144.130859375,147.869140625,147.869140625,21865.282749176025
2001-12-01 07:00:00,23394.0,23975.009765625,-581.009765625,581.009765625,337572.34775161743
2001-12-01 08:00:00,25233.0,25134.216796875,98.783203125,98.783203125,9758.12121963501
2001-12-01 09:00:00,26558.0,26473.783203125,84.216796875,84.216796875,7092.46887588501
2001-12-01 10:00:00,27125.0,27318.435546875,-193.435546875,193.435546875,37417.31079483032
2001-12-01 11:00:00,26867.0,27160.697265625,-293.697265625,293.697265625,86258.0838356018
2001-12-01 12:00:00,26825.0,26339.05078125,485.94921875,485.94921875,236146.64320373535
2001-12-01 13:00:00,26285.0,26347.033203125,-62.033203125,62.033203125,3848.1182899475098
2001-12-01 14:00:00,25740.0,25743.775390625,-3.775390625,3.775390625,14.25357437133789
2001-12-01 15:00:00,25522.0,25437.478515625,84.521484375,84.521484375,7143.881320953369
2001-12-01 16:00:00,26652.0,26791.7109375,-139.7109375,139.7109375,19519.146057128906
2001-12-01 17:00:00,29715.0,29250.5859375,464.4140625,464.4140625,215680.4214477539
2001-12-01 18:00:00,29612.0,30064.43359375,-452.43359375,452.43359375,204696.15675354004
2001-12-01 19:00:00,28828.0,29069.291015625,-241.291015625,241.291015625,58221.354221343994
2001-12-01 20:00:00,28247.0,28216.875,30.125,30.125,907.515625
2001-12-01 21:00:00,27260.0,27334.7578125,-74.7578125,74.7578125,5588.730529785156
2001-12-01 22:00:00,25727.0,25622.796875,104.203125,104.203125,10858.291259765625
2001-12-01 23:00:00,23751.0,23980.65234375,-229.65234375,229.65234375,52740.198989868164
2001-12-02 00:00:00,21977.0,21819.232421875,157.767578125,157.767578125,24890.60870742798
2001-12-02 01:00:00,20853.0,20935.97265625,-82.97265625,82.97265625,6884.461685180664
2001-12-02 02:00:00,20230.0,20308.61328125,-78.61328125,78.61328125,6180.047988891602
2001-12-02 03:00:00,19985.0,19916.70703125,68.29296875,68.29296875,4663.929580688477
2001-12-02 04:00:00,20067.0,19937.89453125,129.10546875,129.10546875,16668.222061157227
2001-12-02 05:00:00,20559.0,20507.458984375,51.541015625,51.541015625,2656.476291656494
2001-12-02 06:00:00,21509.0,21287.712890625,221.287109375,221.287109375,48967.98477554321
2001-12-02 07:00:00,22480.0,22417.49609375,62.50390625,62.50390625,3906.738296508789
2001-12-02 08:00:00,24307.0,23986.79296875,320.20703125,320.20703125,102532.54286193848
2001-12-02 09:00:00,25558.0,25525.576171875,32.423828125,32.423828125,1051.304630279541
2001-12-02 10:00:00,26046.0,25974.5546875,71.4453125,71.4453125,5104.432678222656
2001-12-02 11:00:00,26177.0,26144.626953125,32.373046875,32.373046875,1048.0141639709473
2001-12-02 12:00:00,26175.0,26083.384765625,91.615234375,91.615234375,8393.351169586182
2001-12-02 13:00:00,26019.0,25808.0390625,210.9609375,210.9609375,44504.517150878906
2001-12-02 14:00:00,25855.0,25658.470703125,196.529296875,196.529296875,38623.764530181885
2001-12-02 15:00:00,25981.0,25795.99609375,185.00390625,185.00390625,34226.44532775879
2001-12-02 16:00:00,27375.0,27227.298828125,147.701171875,147.701171875,21815.63617324829
2001-12-02 17:00:00,30864.0,29182.58203125,1681.41796875,1681.41796875,2827166.385635376
2001-12-02 18:00:00,31344.0,31414.97265625,-70.97265625,70.97265625,5037.117935180664
2001-12-02 19:00:00,30959.0,31076.583984375,-117.583984375,117.583984375,13825.993381500244
2001-12-02 20:00:00,30701.0,30481.15625,219.84375,219.84375,48331.2744140625
2001-12-02 21:00:00,29644.0,29492.732421875,151.267578125,151.267578125,22881.88019180298
2001-12-02 22:00:00,27587.0,27392.626953125,194.373046875,194.373046875,37780.88135147095
2001-12-02 23:00:00,25441.0,25410.236328125,30.763671875,30.763671875,946.403507232666
2001-12-03 00:00:00,23762.0,23993.83203125,-231.83203125,231.83203125,53746.09071350098
2001-12-03 01:00:00,23100.0,22983.234375,116.765625,116.765625,13634.211181640625
2001-12-03 02:00:00,22950.0,22583.919921875,366.080078125,366.080078125,134014.6236000061
2001-12-03 03:00:00,23180.0,22903.5234375,276.4765625,276.4765625,76439.2896118164
2001-12-03 04:00:00,23923.0,23742.470703125,180.529296875,180.529296875,32590.827030181885
2001-12-03 05:00:00,26258.0,25780.244140625,477.755859375,477.755859375,228250.66116714478
2001-12-03 06:00:00,30492.0,30250.59375,241.40625,241.40625,58276.9775390625
2001-12-03 07:00:00,32640.0,32614.845703125,25.154296875,25.154296875,632.7386512756348
2001-12-03 08:00:00,32770.0,33023.4453125,-253.4453125,253.4453125,64234.526428222656
2001-12-03 09:00:00,32226.0,32831.50390625,-605.50390625,605.50390625,366634.9804840088
2001-12-03 10:00:00,31725.0,31997.611328125,-272.611328125,272.611328125,74316.93622207642
2001-12-03 11:00:00,31177.0,31380.658203125,-203.658203125,203.658203125,41476.66370010376
2001-12-03 12:00:00,30638.0,30818.953125,-180.953125,180.953125,32744.033447265625
2001-12-03 13:00:00,30397.0,30355.626953125,41.373046875,41.373046875,1711.7290077209473
2001-12-03 14:00:00,30033.0,30067.65625,-34.65625,34.65625,1201.0556640625
2001-12-03 15:00:00,29828.0,29849.546875,-21.546875,21.546875,464.267822265625
2001-12-03 16:00:00,31102.0,31179.228515625,-77.228515625,77.228515625,5964.243625640869
2001-12-03 17:00:00,34677.0,33267.08984375,1409.91015625,1409.91015625,1987846.6486968994
2001-12-03 18:00:00,35047.0,34826.70703125,220.29296875,220.29296875,48528.99208068848
2001-12-03 19:00:00,34570.0,34489.0703125,80.9296875,80.9296875,6549.614318847656
2001-12-03 20:00:00,33770.0,33709.28125,60.71875,60.71875,3686.7666015625
2001-12-03 21:00:00,32021.0,32324.673828125,-303.673828125,303.673828125,92217.79388809204
2001-12-03 22:00:00,29218.0,29591.2578125,-373.2578125,373.2578125,139321.39459228516
2001-12-03 23:00:00,26286.0,26778.609375,-492.609375,492.609375,242663.99633789062
2001-12-04 00:00:00,24441.0,24454.87890625,-13.87890625,13.87890625,192.62403869628906
2001-12-04 01:00:00,23638.0,23613.71875,24.28125,24.28125,589.5791015625
2001-12-04 02:00:00,23263.0,23184.388671875,78.611328125,78.611328125,6179.740909576416
2001-12-04 03:00:00,23269.0,23051.333984375,217.666015625,217.666015625,47378.494358062744
2001-12-04 04:00:00,23885.0,23671.234375,213.765625,213.765625,45695.742431640625
2001-12-04 05:00:00,26230.0,25818.640625,411.359375,411.359375,169216.53540039062
2001-12-04 06:00:00,30225.0,30123.29296875,101.70703125,101.70703125,10344.320205688477
2001-12-04 07:00:00,32159.0,32390.546875,-231.546875,231.546875,53613.955322265625
2001-12-04 08:00:00,32304.0,32708.724609375,-404.724609375,404.724609375,163802.00943374634
2001-12-04 09:00:00,31625.0,32112.328125,-487.328125,487.328125,237488.70141601562
2001-12-04 10:00:00,31284.0,31384.673828125,-100.673828125,100.673828125,10135.219669342041
2001-12-04 11:00:00,30920.0,30849.060546875,70.939453125,70.939453125,5032.406009674072
2001-12-04 12:00:00,30490.0,30614.81640625,-124.81640625,124.81640625,15579.135269165039
2001-12-04 13:00:00,30454.0,30212.154296875,241.845703125,241.845703125,58489.344120025635
2001-12-04 14:00:00,30165.0,30083.92578125,81.07421875,81.07421875,6573.028945922852
2001-12-04 15:00:00,30025.0,30156.939453125,-131.939453125,131.939453125,17408.019290924072
2001-12-04 16:00:00,30978.0,31619.390625,-641.390625,641.390625,411381.9338378906
2001-12-04 17:00:00,34191.0,33869.22265625,321.77734375,321.77734375,103540.65895080566
2001-12-04 18:00:00,34594.0,34424.17578125,169.82421875,169.82421875,28840.26527404785
2001-12-04 19:00:00,33702.0,34033.7421875,-331.7421875,331.7421875,110052.87896728516
2001-12-04 20:00:00,33007.0,32939.6328125,67.3671875,67.3671875,4538.337951660156
2001-12-04 21:00:00,31276.0,31392.802734375,-116.802734375,116.802734375,13642.878757476807
2001-12-04 22:00:00,28259.0,28795.22265625,-536.22265625,536.22265625,287534.73707580566
2001-12-04 23:00:00,25251.0,25893.71875,-642.71875,642.71875,413087.3916015625
2001-12-05 00:00:00,23148.0,23499.119140625,-351.119140625,351.119140625,123284.65091323853
2001-12-05 01:00:00,22322.0,22345.83203125,-23.83203125,23.83203125,567.9657135009766
2001-12-05 02:00:00,21789.0,21980.6875,-191.6875,191.6875,36744.09765625
2001-12-05 03:00:00,21641.0,21739.94921875,-98.94921875,98.94921875,9790.947891235352
2001-12-05 04:00:00,22291.0,21970.54296875,320.45703125,320.45703125,102692.70887756348
2001-12-05 05:00:00,24367.0,24208.849609375,158.150390625,158.150390625,25011.546054840088
2001-12-05 06:00:00,28235.0,28230.423828125,4.576171875,4.576171875,20.941349029541016
2001-12-05 07:00:00,30676.0,30627.7578125,48.2421875,48.2421875,2327.3086547851562
2001-12-05 08:00:00,30862.0,31094.263671875,-232.263671875,232.263671875,53946.413272857666
2001-12-05 09:00:00,30917.0,30708.14453125,208.85546875,208.85546875,43620.60682678223
2001-12-05 10:00:00,30906.0,30947.88671875,-41.88671875,41.88671875,1754.4972076416016
2001-12-05 11:00:00,30780.0,30652.802734375,127.197265625,127.197265625,16179.144382476807
2001-12-05 12:00:00,30612.0,30423.505859375,188.494140625,188.494140625,35530.041049957275
2001-12-05 13:00:00,30511.0,30384.974609375,126.025390625,126.025390625,15882.399082183838
2001-12-05 14:00:00,30343.0,30255.10546875,87.89453125,87.89453125,7725.448623657227
2001-12-05 15:00:00,30274.0,30241.697265625,32.302734375,32.302734375,1043.4666481018066
2001-12-05 16:00:00,31204.0,31150.826171875,53.173828125,53.173828125,2827.455997467041
2001-12-05 17:00:00,34173.0,34024.53515625,148.46484375,148.46484375,22041.809829711914
2001-12-05 18:00:00,34190.0,34445.1953125,-255.1953125,255.1953125,65124.647521972656
2001-12-05 19:00:00,33479.0,33751.1953125,-272.1953125,272.1953125,74090.28814697266
2001-12-05 20:00:00,32747.0,32747.568359375,-0.568359375,0.568359375,0.3230323791503906
2001-12-05 21:00:00,30905.0,31485.697265625,-580.697265625,580.697265625,337209.3143043518
2001-12-05 22:00:00,27284.0,28617.123046875,-1333.123046875,1333.123046875,1777217.0581092834
2001-12-05 23:00:00,25071.0,24925.1171875,145.8828125,145.8828125,21281.794982910156
2001-12-06 00:00:00,22888.0,23176.25,-288.25,288.25,83088.0625
2001-12-06 01:00:00,21862.0,22021.90234375,-159.90234375,159.90234375,25568.759536743164
2001-12-06 02:00:00,21359.0,21526.12890625,-167.12890625,167.12890625,27932.07130432129
2001-12-06 03:00:00,21310.0,21386.10546875,-76.10546875,76.10546875,5792.042373657227
2001-12-06 04:00:00,21770.0,21768.82421875,1.17578125,1.17578125,1.3824615478515625
2001-12-06 05:00:00,23665.0,23523.099609375,141.900390625,141.900390625,20135.720859527588
2001-12-06 06:00:00,27424.0,27403.62890625,20.37109375,20.37109375,414.98146057128906
2001-12-06 07:00:00,30145.0,30008.517578125,136.482421875,136.482421875,18627.45148086548
2001-12-06 08:00:00,30357.0,30908.408203125,-551.408203125,551.408203125,304051.00647354126
2001-12-06 09:00:00,30569.0,30451.05078125,117.94921875,117.94921875,13912.018203735352
2001-12-06 10:00:00,30736.0,30658.93359375,77.06640625,77.06640625,5939.230972290039
2001-12-06 11:00:00,30819.0,30605.693359375,213.306640625,213.306640625,45499.7229347229
2001-12-06 12:00:00,30716.0,30523.63671875,192.36328125,192.36328125,37003.6319732666
2001-12-06 13:00:00,30707.0,30544.6875,162.3125,162.3125,26345.34765625
2001-12-06 14:00:00,30412.0,30479.666015625,-67.666015625,67.666015625,4578.689670562744
2001-12-06 15:00:00,30489.0,30290.73828125,198.26171875,198.26171875,39307.7091217041
2001-12-06 16:00:00,31872.0,31315.98828125,556.01171875,556.01171875,309149.0313873291
2001-12-06 17:00:00,34451.0,33995.01171875,455.98828125,455.98828125,207925.3126373291
2001-12-06 18:00:00,34328.0,34359.359375,-31.359375,31.359375,983.410400390625
2001-12-06 19:00:00,33535.0,33776.41796875,-241.41796875,241.41796875,58282.63563537598
2001-12-06 20:00:00,32654.0,32804.94921875,-150.94921875,150.94921875,22785.66664123535
2001-12-06 21:00:00,30915.0,31494.73828125,-579.73828125,579.73828125,336096.4747467041
2001-12-06 22:00:00,28094.0,28712.634765625,-618.634765625,618.634765625,382708.9732398987
2001-12-06 23:00:00,25019.0,25537.736328125,-518.736328125,518.736328125,269087.37811660767
2001-12-07 00:00:00,22884.0,23289.525390625,-405.525390625,405.525390625,164450.84244155884
2001-12-07 01:00:00,21895.0,22020.9921875,-125.9921875,125.9921875,15874.031311035156
2001-12-07 02:00:00,21408.0,21477.5390625,-69.5390625,69.5390625,4835.681213378906
2001-12-07 03:00:00,21204.0,21294.865234375,-90.865234375,90.865234375,8256.490818023682
2001-12-07 04:00:00,21616.0,21764.40625,-148.40625,148.40625,22024.4150390625
2001-12-07 05:00:00,23415.0,23352.66015625,62.33984375,62.33984375,3886.256118774414
2001-12-07 06:00:00,27423.0,26969.8359375,453.1640625,453.1640625,205357.6675415039
2001-12-07 07:00:00,29996.0,30021.66015625,-25.66015625,25.66015625,658.4436187744141
2001-12-07 08:00:00,30452.0,30654.720703125,-202.720703125,202.720703125,41095.683475494385
2001-12-07 09:00:00,30631.0,30694.521484375,-63.521484375,63.521484375,4034.978977203369
2001-12-07 10:00:00,30717.0,30770.052734375,-53.052734375,53.052734375,2814.5926246643066
2001-12-07 11:00:00,30457.0,30576.525390625,-119.525390625,119.525390625,14286.319004058838
2001-12-07 12:00:00,30079.0,30112.58984375,-33.58984375,33.58984375,1128.277603149414
2001-12-07 13:00:00,29977.0,29913.775390625,63.224609375,63.224609375,3997.351230621338
2001-12-07 14:00:00,29779.0,29736.77734375,42.22265625,42.22265625,1782.752700805664
2001-12-07 15:00:00,29842.0,29635.84765625,206.15234375,206.15234375,42498.788833618164
2001-12-07 16:00:00,31159.0,30862.580078125,296.419921875,296.419921875,87864.7700843811
2001-12-07 17:00:00,33941.0,33440.4453125,500.5546875,500.5546875,250554.99517822266
2001-12-07 18:00:00,33509.0,34068.9765625,-559.9765625,559.9765625,313573.7505493164
2001-12-07 19:00:00,32543.0,32648.494140625,-105.494140625,105.494140625,11129.013706207275
2001-12-07 20:00:00,31748.0,31651.78125,96.21875,96.21875,9258.0478515625
2001-12-07 21:00:00,30277.0,30504.705078125,-227.705078125,227.705078125,51849.60260391235
2001-12-07 22:00:00,28213.0,28145.41015625,67.58984375,67.58984375,4568.386978149414
2001-12-07 23:00:00,25441.0,26038.556640625,-597.556640625,597.556640625,357073.9387550354
2001-12-08 00:00:00,23587.0,23430.626953125,156.373046875,156.373046875,24452.529788970947
2001-12-08 01:00:00,22444.0,22375.015625,68.984375,68.984375,4758.843994140625
2001-12-08 02:00:00,21922.0,21956.736328125,-34.736328125,34.736328125,1206.612491607666
2001-12-08 03:00:00,21713.0,21431.322265625,281.677734375,281.677734375,79342.34604263306
2001-12-08 04:00:00,21920.0,21553.3671875,366.6328125,366.6328125,134419.61920166016
2001-12-08 05:00:00,22672.0,22554.6171875,117.3828125,117.3828125,13778.724670410156
2001-12-08 06:00:00,24090.0,23736.62890625,353.37109375,353.37109375,124871.12989807129
2001-12-08 07:00:00,25552.0,25871.62109375,-319.62109375,319.62109375,102157.64356994629
2001-12-08 08:00:00,27413.0,27413.48828125,-0.48828125,0.48828125,0.2384185791015625
2001-12-08 09:00:00,28866.0,28587.02734375,278.97265625,278.97265625,77825.74293518066
2001-12-08 10:00:00,29425.0,29245.455078125,179.544921875,179.544921875,32236.378971099854
2001-12-08 11:00:00,29421.0,29171.732421875,249.267578125,249.267578125,62134.32550430298
2001-12-08 12:00:00,29251.0,28793.697265625,457.302734375,457.302734375,209125.7908668518
2001-12-08 13:00:00,29051.0,28736.185546875,314.814453125,314.814453125,99108.13989639282
2001-12-08 14:00:00,29022.0,28881.4375,140.5625,140.5625,19757.81640625
2001-12-08 15:00:00,29481.0,29021.40234375,459.59765625,459.59765625,211230.00563049316
2001-12-08 16:00:00,31417.0,30272.1484375,1144.8515625,1144.8515625,1310685.1001586914
2001-12-08 17:00:00,33035.0,32921.89453125,113.10546875,113.10546875,12792.847061157227
2001-12-08 18:00:00,32641.0,33004.5078125,-363.5078125,363.5078125,132137.92974853516
2001-12-08 19:00:00,31842.0,32231.208984375,-389.208984375,389.208984375,151483.633518219
2001-12-08 20:00:00,31121.0,31296.46875,-175.46875,175.46875,30789.2822265625
2001-12-08 21:00:00,29834.0,30006.1171875,-172.1171875,172.1171875,29624.326232910156
2001-12-08 22:00:00,28337.0,28048.099609375,288.900390625,288.900390625,83463.43570327759
2001-12-08 23:00:00,26106.0,26300.48046875,-194.48046875,194.48046875,37822.65272521973
2001-12-09 00:00:00,23965.0,24177.970703125,-212.970703125,212.970703125,45356.520389556885
2001-12-09 01:00:00,22766.0,22678.8671875,87.1328125,87.1328125,7592.127014160156
2001-12-09 02:00:00,22109.0,22140.072265625,-31.072265625,31.072265625,965.4856910705566
2001-12-09 03:00:00,21739.0,21523.28515625,215.71484375,215.71484375,46532.893814086914
2001-12-09 04:00:00,21808.0,21482.716796875,325.283203125,325.283203125,105809.16223526001
2001-12-09 05:00:00,22241.0,22159.93359375,81.06640625,81.06640625,6571.762222290039
2001-12-09 06:00:00,23152.0,23163.396484375,-11.396484375,11.396484375,129.87985610961914
2001-12-09 07:00:00,24207.0,24265.525390625,-58.525390625,58.525390625,3425.221347808838
2001-12-09 08:00:00,25935.0,25670.181640625,264.818359375,264.818359375,70128.76346206665
2001-12-09 09:00:00,27058.0,27213.162109375,-155.162109375,155.162109375,24075.280185699463
2001-12-09 10:00:00,27377.0,27849.861328125,-472.861328125,472.861328125,223597.83563613892
2001-12-09 11:00:00,27274.0,27339.45703125,-65.45703125,65.45703125,4284.622940063477
2001-12-09 12:00:00,27146.0,26915.35546875,230.64453125,230.64453125,53196.89979553223
2001-12-09 13:00:00,26763.0,26808.9140625,-45.9140625,45.9140625,2108.1011352539062
2001-12-09 14:00:00,26495.0,26315.34765625,179.65234375,179.65234375,32274.964614868164
2001-12-09 15:00:00,26683.0,26397.9296875,285.0703125,285.0703125,81265.08306884766
2001-12-09 16:00:00,28396.0,28304.845703125,91.154296875,91.154296875,8309.105838775635
2001-12-09 17:00:00,32214.0,31076.876953125,1137.123046875,1137.123046875,1293048.8237342834
2001-12-09 18:00:00,32854.0,32424.34375,429.65625,429.65625,184604.4931640625
2001-12-09 19:00:00,32719.0,32489.966796875,229.033203125,229.033203125,52456.20813369751
2001-12-09 20:00:00,32443.0,32356.9921875,86.0078125,86.0078125,7397.343811035156
2001-12-09 21:00:00,31358.0,31333.28125,24.71875,24.71875,611.0166015625
2001-12-09 22:00:00,29145.0,29452.810546875,-307.810546875,307.810546875,94747.33276748657
2001-12-09 23:00:00,26848.0,27085.69921875,-237.69921875,237.69921875,56500.91859436035
2001-12-10 00:00:00,24874.0,25120.880859375,-246.880859375,246.880859375,60950.158725738525
2001-12-10 01:00:00,24422.0,23903.326171875,518.673828125,518.673828125,269022.53998184204
2001-12-10 02:00:00,24304.0,23997.748046875,306.251953125,306.251953125,93790.2587928772
2001-12-10 03:00:00,24461.0,24521.220703125,-60.220703125,60.220703125,3626.5330848693848
2001-12-10 04:00:00,25247.0,25077.837890625,169.162109375,169.162109375,28615.819248199463
2001-12-10 05:00:00,27710.0,27644.775390625,65.224609375,65.224609375,4254.249668121338
2001-12-10 06:00:00,32094.0,31451.107421875,642.892578125,642.892578125,413310.8670082092
2001-12-10 07:00:00,34400.0,34422.48828125,-22.48828125,22.48828125,505.72279357910156
2001-12-10 08:00:00,34487.0,34590.62890625,-103.62890625,103.62890625,10738.950210571289
2001-12-10 09:00:00,34179.0,34579.40234375,-400.40234375,400.40234375,160322.03688049316
2001-12-10 10:00:00,33707.0,33879.671875,-172.671875,172.671875,29815.576416015625
2001-12-10 11:00:00,33043.0,33392.71875,-349.71875,349.71875,122303.2041015625
2001-12-10 12:00:00,32540.0,32338.736328125,201.263671875,201.263671875,40507.065616607666
2001-12-10 13:00:00,32272.0,32127.18359375,144.81640625,144.81640625,20971.79151916504
2001-12-10 14:00:00,32008.0,31731.39453125,276.60546875,276.60546875,76510.58534240723
2001-12-10 15:00:00,32208.0,31874.419921875,333.580078125,333.580078125,111275.6685218811
2001-12-10 16:00:00,34250.0,33912.75,337.25,337.25,113737.5625
2001-12-10 17:00:00,37194.0,37192.1328125,1.8671875,1.8671875,3.48638916015625
2001-12-10 18:00:00,37177.0,37043.328125,133.671875,133.671875,17868.170166015625
2001-12-10 19:00:00,36479.0,36450.7734375,28.2265625,28.2265625,796.7388305664062
2001-12-10 20:00:00,35698.0,35472.69140625,225.30859375,225.30859375,50763.96241760254
2001-12-10 21:00:00,33925.0,34181.2109375,-256.2109375,256.2109375,65644.0444946289
2001-12-10 22:00:00,30810.0,31448.32421875,-638.32421875,638.32421875,407457.80824279785
2001-12-10 23:00:00,27424.0,28124.0,-700.0,700.0,490000.0
2001-12-11 00:00:00,25372.0,25306.162109375,65.837890625,65.837890625,4334.627841949463
2001-12-11 01:00:00,24266.0,24412.89453125,-146.89453125,146.89453125,21578.003311157227
2001-12-11 02:00:00,23745.0,23925.44921875,-180.44921875,180.44921875,32561.92054748535
2001-12-11 03:00:00,23566.0,23820.056640625,-254.056640625,254.056640625,64544.7766456604
2001-12-11 04:00:00,24144.0,24266.693359375,-122.693359375,122.693359375,15053.6604347229
2001-12-11 05:00:00,26336.0,26044.640625,291.359375,291.359375,84890.28540039062
2001-12-11 06:00:00,30334.0,29985.40234375,348.59765625,348.59765625,121520.32594299316
2001-12-11 07:00:00,32740.0,33309.03125,-569.03125,569.03125,323796.5634765625
2001-12-11 08:00:00,32850.0,33365.59765625,-515.59765625,515.59765625,265840.94313049316
2001-12-11 09:00:00,32707.0,32733.298828125,-26.298828125,26.298828125,691.628360748291
2001-12-11 10:00:00,32325.0,32511.263671875,-186.263671875,186.263671875,34694.155460357666
2001-12-11 11:00:00,32142.0,31872.076171875,269.923828125,269.923828125,72858.87298965454
2001-12-11 12:00:00,31558.0,31742.486328125,-184.486328125,184.486328125,34035.205265045166
2001-12-11 13:00:00,31301.0,31359.056640625,-58.056640625,58.056640625,3370.5735206604004
2001-12-11 14:00:00,30738.0,30908.494140625,-170.494140625,170.494140625,29068.251987457275
2001-12-11 15:00:00,30621.0,30701.451171875,-80.451171875,80.451171875,6472.391056060791
2001-12-11 16:00:00,32108.0,32323.025390625,-215.025390625,215.025390625,46235.91861343384
2001-12-11 17:00:00,35849.0,35771.7734375,77.2265625,77.2265625,5963.941955566406
2001-12-11 18:00:00,36121.0,35712.12890625,408.87109375,408.87109375,167175.5713043213
2001-12-11 19:00:00,35553.0,35694.359375,-141.359375,141.359375,19982.472900390625
2001-12-11 20:00:00,34881.0,34910.4765625,-29.4765625,29.4765625,868.8677368164062
2001-12-11 21:00:00,33449.0,33684.44921875,-235.44921875,235.44921875,55436.33460998535
2001-12-11 22:00:00,30409.0,30901.05078125,-492.05078125,492.05078125,242113.97132873535
2001-12-11 23:00:00,27436.0,27651.646484375,-215.646484375,215.646484375,46503.40622329712
2001-12-12 00:00:00,25343.0,25166.595703125,176.404296875,176.404296875,31118.475955963135
2001-12-12 01:00:00,24519.0,24282.36328125,236.63671875,236.63671875,55996.9366607666
2001-12-12 02:00:00,24154.0,24160.986328125,-6.986328125,6.986328125,48.808780670166016
2001-12-12 03:00:00,24178.0,24144.6328125,33.3671875,33.3671875,1113.3692016601562
2001-12-12 04:00:00,24927.0,24670.109375,256.890625,256.890625,65992.79321289062
2001-12-12 05:00:00,27184.0,27280.677734375,-96.677734375,96.677734375,9346.584323883057
2001-12-12 06:00:00,31329.0,31146.513671875,182.486328125,182.486328125,33301.259952545166
2001-12-12 07:00:00,33955.0,33706.51953125,248.48046875,248.48046875,61742.54335021973
2001-12-12 08:00:00,33736.0,33964.9921875,-228.9921875,228.9921875,52437.421936035156
2001-12-12 09:00:00,33331.0,33354.3671875,-23.3671875,23.3671875,546.0254516601562
2001-12-12 10:00:00,33178.0,33085.359375,92.640625,92.640625,8582.285400390625
2001-12-12 11:00:00,32794.0,32680.337890625,113.662109375,113.662109375,12919.075107574463
2001-12-12 12:00:00,32267.0,32283.546875,-16.546875,16.546875,273.799072265625
2001-12-12 13:00:00,32307.0,31963.501953125,343.498046875,343.498046875,117990.9082069397
2001-12-12 14:00:00,32319.0,32165.955078125,153.044921875,153.044921875,23422.748111724854
2001-12-12 15:00:00,32122.0,32411.275390625,-289.275390625,289.275390625,83680.25162124634
2001-12-12 16:00:00,34102.0,33436.765625,665.234375,665.234375,442536.7736816406
2001-12-12 17:00:00,36776.0,36789.890625,-13.890625,13.890625,192.949462890625
2001-12-12 18:00:00,36585.0,36921.55078125,-336.55078125,336.55078125,113266.42835998535
2001-12-12 19:00:00,35744.0,35998.96484375,-254.96484375,254.96484375,65007.071548461914
2001-12-12 20:00:00,34931.0,35100.125,-169.125,169.125,28603.265625
2001-12-12 21:00:00,33216.0,33653.578125,-437.578125,437.578125,191474.61547851562
2001-12-12 22:00:00,30237.0,30856.123046875,-619.123046875,619.123046875,383313.34717178345
2001-12-12 23:00:00,27073.0,27427.34765625,-354.34765625,354.34765625,125562.26148986816
2001-12-13 00:00:00,24984.0,24907.802734375,76.197265625,76.197265625,5806.023288726807
2001-12-13 01:00:00,23869.0,24148.552734375,-279.552734375,279.552734375,78149.7312965393
2001-12-13 02:00:00,23376.0,23619.818359375,-243.818359375,243.818359375,59447.39236831665
2001-12-13 03:00:00,23457.0,23394.455078125,62.544921875,62.544921875,3911.8672523498535
2001-12-13 04:00:00,23987.0,23942.359375,44.640625,44.640625,1992.785400390625
2001-12-13 05:00:00,25895.0,26567.921875,-672.921875,672.921875,452823.8498535156
2001-12-13 06:00:00,29569.0,29650.185546875,-81.185546875,81.185546875,6591.093021392822
2001-12-13 07:00:00,32243.0,32229.685546875,13.314453125,13.314453125,177.27466201782227
2001-12-13 08:00:00,32393.0,32525.9765625,-132.9765625,132.9765625,17682.766174316406
2001-12-13 09:00:00,32432.0,32184.68359375,247.31640625,247.31640625,61165.40480041504
2001-12-13 10:00:00,32691.0,32419.880859375,271.119140625,271.119140625,73505.58841323853
2001-12-13 11:00:00,32488.0,32546.326171875,-58.326171875,58.326171875,3401.942325592041
2001-12-13 12:00:00,32260.0,32046.505859375,213.494140625,213.494140625,45579.748081207275
2001-12-13 13:00:00,32163.0,31848.615234375,314.384765625,314.384765625,98837.78085708618
2001-12-13 14:00:00,31714.0,31899.107421875,-185.107421875,185.107421875,34264.75763320923
2001-12-13 15:00:00,31718.0,32051.3359375,-333.3359375,333.3359375,111112.8472290039
2001-12-13 16:00:00,33289.0,32954.75390625,334.24609375,334.24609375,111720.45118713379
2001-12-13 17:00:00,35951.0,35778.984375,172.015625,172.015625,29589.375244140625
2001-12-13 18:00:00,35789.0,35828.4140625,-39.4140625,39.4140625,1553.4683227539062
2001-12-13 19:00:00,34983.0,35158.58984375,-175.58984375,175.58984375,30831.793228149414
2001-12-13 20:00:00,34129.0,34789.93359375,-660.93359375,660.93359375,436833.21534729004
2001-12-13 21:00:00,32486.0,32920.421875,-434.421875,434.421875,188722.36547851562
2001-12-13 22:00:00,29481.0,30197.693359375,-716.693359375,716.693359375,513649.3713722229
2001-12-13 23:00:00,26518.0,27091.82421875,-573.82421875,573.82421875,329274.23402404785
2001-12-14 00:00:00,24121.0,24520.142578125,-399.142578125,399.142578125,159314.79767227173
2001-12-14 01:00:00,22936.0,23005.53515625,-69.53515625,69.53515625,4835.137954711914
2001-12-14 02:00:00,22305.0,22582.525390625,-277.525390625,277.525390625,77020.34244155884
2001-12-14 03:00:00,22116.0,22052.4609375,63.5390625,63.5390625,4037.2124633789062
2001-12-14 04:00:00,22578.0,22378.83984375,199.16015625,199.16015625,39664.767837524414
2001-12-14 05:00:00,24552.0,24379.1796875,172.8203125,172.8203125,29866.860412597656
2001-12-14 06:00:00,28587.0,28139.580078125,447.419921875,447.419921875,200184.5864906311
2001-12-14 07:00:00,31280.0,31159.958984375,120.041015625,120.041015625,14409.845432281494
2001-12-14 08:00:00,31750.0,32417.6328125,-667.6328125,667.6328125,445733.57232666016
2001-12-14 09:00:00,32086.0,32228.4921875,-142.4921875,142.4921875,20304.023498535156
2001-12-14 10:00:00,32189.0,32204.818359375,-15.818359375,15.818359375,250.2204933166504
2001-12-14 11:00:00,31979.0,31824.486328125,154.513671875,154.513671875,23874.474796295166
2001-12-14 12:00:00,31775.0,31465.583984375,309.416015625,309.416015625,95738.27072525024
2001-12-14 13:00:00,31646.0,31486.994140625,159.005859375,159.005859375,25282.863315582275
2001-12-14 14:00:00,31517.0,31441.443359375,75.556640625,75.556640625,5708.8059425354
2001-12-14 15:00:00,31750.0,31459.986328125,290.013671875,290.013671875,84107.92987442017
2001-12-14 16:00:00,32833.0,32933.71484375,-100.71484375,100.71484375,10143.479751586914
2001-12-14 17:00:00,34810.0,34606.51953125,203.48046875,203.48046875,41404.30116271973
2001-12-14 18:00:00,34376.0,34865.03515625,-489.03515625,489.03515625,239155.3840484619
2001-12-14 19:00:00,33303.0,33691.15234375,-388.15234375,388.15234375,150662.24195861816
2001-12-14 20:00:00,32329.0,32619.9765625,-290.9765625,290.9765625,84667.3599243164
2001-12-14 21:00:00,30996.0,31160.296875,-164.296875,164.296875,26993.463134765625
2001-12-14 22:00:00,28721.0,28978.712890625,-257.712890625,257.712890625,66415.93399429321
2001-12-14 23:00:00,25905.0,26581.37890625,-676.37890625,676.37890625,457488.4248199463
2001-12-15 00:00:00,23705.0,24010.611328125,-305.611328125,305.611328125,93398.28387832642
2001-12-15 01:00:00,22285.0,22417.236328125,-132.236328125,132.236328125,17486.446475982666
2001-12-15 02:00:00,21649.0,21851.33203125,-202.33203125,202.33203125,40938.25086975098
2001-12-15 03:00:00,21392.0,21271.802734375,120.197265625,120.197265625,14447.382663726807
2001-12-15 04:00:00,21583.0,21373.791015625,209.208984375,209.208984375,43768.399143218994
2001-12-15 05:00:00,22487.0,22121.00390625,365.99609375,365.99609375,133953.1406402588
2001-12-15 06:00:00,23977.0,23786.072265625,190.927734375,190.927734375,36453.39975357056
2001-12-15 07:00:00,25644.0,25797.771484375,-153.771484375,153.771484375,23645.66940689087
2001-12-15 08:00:00,27564.0,27489.3984375,74.6015625,74.6015625,5565.393127441406
2001-12-15 09:00:00,28869.0,28872.923828125,-3.923828125,3.923828125,15.396427154541016
2001-12-15 10:00:00,29075.0,29221.943359375,-146.943359375,146.943359375,21592.3508644104
2001-12-15 11:00:00,28879.0,28728.580078125,150.419921875,150.419921875,22626.152896881104
2001-12-15 12:00:00,28226.0,28309.314453125,-83.314453125,83.314453125,6941.298099517822
2001-12-15 13:00:00,27599.0,27563.216796875,35.783203125,35.783203125,1280.4376258850098
2001-12-15 14:00:00,26979.0,27298.4453125,-319.4453125,319.4453125,102045.30767822266
2001-12-15 15:00:00,26903.0,26895.81640625,7.18359375,7.18359375,51.60401916503906
2001-12-15 16:00:00,28664.0,28458.21484375,205.78515625,205.78515625,42347.530532836914
2001-12-15 17:00:00,32400.0,31542.51171875,857.48828125,857.48828125,735286.1524810791
2001-12-15 18:00:00,32679.0,32412.134765625,266.865234375,266.865234375,71217.05331802368
2001-12-15 19:00:00,32252.0,32250.96484375,1.03515625,1.03515625,1.0715484619140625
2001-12-15 20:00:00,31831.0,31474.306640625,356.693359375,356.693359375,127230.1526222229
2001-12-15 21:00:00,31099.0,31167.3671875,-68.3671875,68.3671875,4674.072326660156
2001-12-15 22:00:00,29733.0,29485.9453125,247.0546875,247.0546875,61036.018615722656
2001-12-15 23:00:00,27599.0,27620.365234375,-21.365234375,21.365234375,456.47323989868164
2001-12-16 00:00:00,25695.0,25577.26171875,117.73828125,117.73828125,13862.302871704102
2001-12-16 01:00:00,24480.0,24715.51953125,-235.51953125,235.51953125,55469.44960021973
2001-12-16 02:00:00,23931.0,23968.171875,-37.171875,37.171875,1381.748291015625
2001-12-16 03:00:00,23661.0,23527.08984375,133.91015625,133.91015625,17931.929946899414
2001-12-16 04:00:00,23993.0,23958.986328125,34.013671875,34.013671875,1156.929874420166
2001-12-16 05:00:00,24574.0,24648.0703125,-74.0703125,74.0703125,5486.411193847656
2001-12-16 06:00:00,25734.0,25156.51171875,577.48828125,577.48828125,333492.7149810791
2001-12-16 07:00:00,26695.0,27221.833984375,-526.833984375,526.833984375,277554.04709243774
2001-12-16 08:00:00,28236.0,28169.880859375,66.119140625,66.119140625,4371.740756988525
2001-12-16 09:00:00,28956.0,29091.435546875,-135.435546875,135.435546875,18342.787357330322
2001-12-16 10:00:00,28770.0,29168.73828125,-398.73828125,398.73828125,158992.2169342041
2001-12-16 11:00:00,28456.0,28385.65234375,70.34765625,70.34765625,4948.792739868164
2001-12-16 12:00:00,28251.0,27980.81640625,270.18359375,270.18359375,72999.17433166504
2001-12-16 13:00:00,27813.0,27726.64453125,86.35546875,86.35546875,7457.266983032227
2001-12-16 14:00:00,27392.0,27274.57421875,117.42578125,117.42578125,13788.814102172852
2001-12-16 15:00:00,27495.0,27223.296875,271.703125,271.703125,73822.58813476562
2001-12-16 16:00:00,29867.0,29157.46875,709.53125,709.53125,503434.5947265625
2001-12-16 17:00:00,33228.0,32679.111328125,548.888671875,548.888671875,301278.7741127014
2001-12-16 18:00:00,33663.0,33648.60546875,14.39453125,14.39453125,207.20252990722656
2001-12-16 19:00:00,33466.0,33316.14453125,149.85546875,149.85546875,22456.661514282227
2001-12-16 20:00:00,32989.0,33049.73046875,-60.73046875,60.73046875,3688.1898345947266
2001-12-16 21:00:00,31788.0,32184.21875,-396.21875,396.21875,156989.2978515625
2001-12-16 22:00:00,29502.0,29933.27734375,-431.27734375,431.27734375,186000.14723205566
2001-12-16 23:00:00,26755.0,27353.607421875,-598.607421875,598.607421875,358330.8455238342
2001-12-17 00:00:00,24642.0,25168.1015625,-526.1015625,526.1015625,276782.8540649414
2001-12-17 01:00:00,23656.0,23958.01953125,-302.01953125,302.01953125,91215.79725646973
2001-12-17 02:00:00,23246.0,23523.552734375,-277.552734375,277.552734375,77035.5203590393
2001-12-17 03:00:00,23356.0,23280.138671875,75.861328125,75.861328125,5754.941104888916
2001-12-17 04:00:00,23940.0,23767.802734375,172.197265625,172.197265625,29651.898288726807
2001-12-17 05:00:00,26036.0,26115.6484375,-79.6484375,79.6484375,6343.873596191406
2001-12-17 06:00:00,30196.0,29371.60546875,824.39453125,824.39453125,679626.3431549072
2001-12-17 07:00:00,33075.0,33068.47265625,6.52734375,6.52734375,42.60621643066406
2001-12-17 08:00:00,33431.0,33766.08203125,-335.08203125,335.08203125,112279.96766662598
2001-12-17 09:00:00,33511.0,33800.3828125,-289.3828125,289.3828125,83742.41217041016
2001-12-17 10:00:00,33958.0,33653.14453125,304.85546875,304.85546875,92936.85682678223
2001-12-17 11:00:00,33386.0,33914.5234375,-528.5234375,528.5234375,279337.0239868164
2001-12-17 12:00:00,32971.0,32819.85546875,151.14453125,151.14453125,22844.669326782227
2001-12-17 13:00:00,32754.0,32571.216796875,182.783203125,182.783203125,33409.69934463501
2001-12-17 14:00:00,32339.0,32413.810546875,-74.810546875,74.810546875,5596.617923736572
2001-12-17 15:00:00,32432.0,32322.11328125,109.88671875,109.88671875,12075.090957641602
2001-12-17 16:00:00,34375.0,33839.6171875,535.3828125,535.3828125,286634.75592041016
2001-12-17 17:00:00,36963.0,36773.828125,189.171875,189.171875,35785.998291015625
2001-12-17 18:00:00,36856.0,37331.78515625,-475.78515625,475.78515625,226371.5149078369
2001-12-17 19:00:00,36071.0,36261.55859375,-190.55859375,190.55859375,36312.57765197754
2001-12-17 20:00:00,35179.0,35548.25390625,-369.25390625,369.25390625,136348.4472808838
2001-12-17 21:00:00,33429.0,33574.953125,-145.953125,145.953125,21302.314697265625
2001-12-17 22:00:00,30419.0,30853.541015625,-434.541015625,434.541015625,188825.8942604065
2001-12-17 23:00:00,27345.0,27671.3984375,-326.3984375,326.3984375,106535.9400024414
2001-12-18 00:00:00,24640.0,25310.236328125,-670.236328125,670.236328125,449216.73553848267
2001-12-18 01:00:00,23345.0,23737.4921875,-392.4921875,392.4921875,154050.11724853516
2001-12-18 02:00:00,22698.0,22934.1640625,-236.1640625,236.1640625,55773.464416503906
2001-12-18 03:00:00,22465.0,22572.7890625,-107.7890625,107.7890625,11618.481994628906
2001-12-18 04:00:00,22850.0,22967.884765625,-117.884765625,117.884765625,13896.817966461182
2001-12-18 05:00:00,24964.0,24632.794921875,331.205078125,331.205078125,109696.80377578735
2001-12-18 06:00:00,29021.0,28867.328125,153.671875,153.671875,23615.045166015625
2001-12-18 07:00:00,31911.0,31725.59375,185.40625,185.40625,34375.4775390625
2001-12-18 08:00:00,32301.0,32268.0546875,32.9453125,32.9453125,1085.3936157226562
2001-12-18 09:00:00,32495.0,32502.9140625,-7.9140625,7.9140625,62.63238525390625
2001-12-18 10:00:00,32460.0,32555.15234375,-95.15234375,95.15234375,9053.968521118164
2001-12-18 11:00:00,32256.0,32130.572265625,125.427734375,125.427734375,15732.116550445557
2001-12-18 12:00:00,31903.0,31767.173828125,135.826171875,135.826171875,18448.74896621704
2001-12-18 13:00:00,31754.0,31727.974609375,26.025390625,26.025390625,677.3209571838379
2001-12-18 14:00:00,31514.0,31651.48828125,-137.48828125,137.48828125,18903.0274810791
2001-12-18 15:00:00,31704.0,31818.224609375,-114.224609375,114.224609375,13047.261386871338
2001-12-18 16:00:00,33457.0,33408.5078125,48.4921875,48.4921875,2351.4922485351562
2001-12-18 17:00:00,36983.0,35901.4921875,1081.5078125,1081.5078125,1169659.1484985352
2001-12-18 18:00:00,36938.0,37243.06640625,-305.06640625,305.06640625,93065.51222229004
2001-12-18 19:00:00,36389.0,36389.78515625,-0.78515625,0.78515625,0.6164703369140625
2001-12-18 20:00:00,35761.0,35894.3671875,-133.3671875,133.3671875,17786.806701660156
2001-12-18 21:00:00,34090.0,34464.79296875,-374.79296875,374.79296875,140469.76942443848
2001-12-18 22:00:00,31457.0,31473.7578125,-16.7578125,16.7578125,280.82427978515625
2001-12-18 23:00:00,28315.0,28720.115234375,-405.115234375,405.115234375,164118.35312271118
2001-12-19 00:00:00,25649.0,26252.900390625,-603.900390625,603.900390625,364695.6817970276
2001-12-19 01:00:00,24596.0,24589.28515625,6.71484375,6.71484375,45.08912658691406
2001-12-19 02:00:00,24212.0,24213.451171875,-1.451171875,1.451171875,2.1058998107910156
2001-12-19 03:00:00,24118.0,24292.884765625,-174.884765625,174.884765625,30584.68124771118
2001-12-19 04:00:00,24683.0,24534.318359375,148.681640625,148.681640625,22106.23025894165
2001-12-19 05:00:00,27104.0,26342.625,761.375,761.375,579691.890625
2001-12-19 06:00:00,31230.0,30986.451171875,243.548828125,243.548828125,59316.03168106079
2001-12-19 07:00:00,33565.0,33943.28125,-378.28125,378.28125,143096.7041015625
2001-12-19 08:00:00,33417.0,33852.1015625,-435.1015625,435.1015625,189313.3696899414
2001-12-19 09:00:00,32982.0,32891.390625,90.609375,90.609375,8210.058837890625
2001-12-19 10:00:00,32658.0,32736.271484375,-78.271484375,78.271484375,6126.425266265869
2001-12-19 11:00:00,31947.0,32217.271484375,-270.271484375,270.271484375,73046.67526626587
2001-12-19 12:00:00,31266.0,31337.83984375,-71.83984375,71.83984375,5160.963150024414
2001-12-19 13:00:00,30930.0,30919.3203125,10.6796875,10.6796875,114.05572509765625
2001-12-19 14:00:00,30477.0,30589.01171875,-112.01171875,112.01171875,12546.625137329102
2001-12-19 15:00:00,30533.0,30550.888671875,-17.888671875,17.888671875,320.004581451416
2001-12-19 16:00:00,32027.0,31971.701171875,55.298828125,55.298828125,3057.960391998291
2001-12-19 17:00:00,36033.0,35262.73828125,770.26171875,770.26171875,593303.1153717041
2001-12-19 18:00:00,36376.0,35824.76953125,551.23046875,551.23046875,303855.0296783447
2001-12-19 19:00:00,35703.0,35908.9140625,-205.9140625,205.9140625,42400.601135253906
2001-12-19 20:00:00,35197.0,35191.85546875,5.14453125,5.14453125,26.466201782226562
2001-12-19 21:00:00,33794.0,33783.10546875,10.89453125,10.89453125,118.69081115722656
2001-12-19 22:00:00,31137.0,31503.525390625,-366.525390625,366.525390625,134340.86197280884
2001-12-19 23:00:00,28020.0,28321.044921875,-301.044921875,301.044921875,90628.04498672485
2001-12-20 00:00:00,25552.0,25861.041015625,-309.041015625,309.041015625,95506.3493385315
2001-12-20 01:00:00,24529.0,24643.51171875,-114.51171875,114.51171875,13112.933731079102
2001-12-20 02:00:00,24018.0,24232.640625,-214.640625,214.640625,46070.597900390625
2001-12-20 03:00:00,23909.0,24007.962890625,-98.962890625,98.962890625,9793.653720855713
2001-12-20 04:00:00,24498.0,24357.60546875,140.39453125,140.39453125,19710.624404907227
2001-12-20 05:00:00,26709.0,26344.126953125,364.873046875,364.873046875,133132.34033584595
2001-12-20 06:00:00,30923.0,30662.490234375,260.509765625,260.509765625,67865.33798599243
2001-12-20 07:00:00,33384.0,33552.94921875,-168.94921875,168.94921875,28543.83851623535
2001-12-20 08:00:00,33701.0,33487.125,213.875,213.875,45742.515625
2001-12-20 09:00:00,33513.0,33504.1015625,8.8984375,8.8984375,79.18218994140625
2001-12-20 10:00:00,33375.0,33234.33203125,140.66796875,140.66796875,19787.477432250977
2001-12-20 11:00:00,33123.0,32919.01953125,203.98046875,203.98046875,41608.03163146973
2001-12-20 12:00:00,32589.0,32582.625,6.375,6.375,40.640625
2001-12-20 13:00:00,32504.0,32346.193359375,157.806640625,157.806640625,24902.9358253479
2001-12-20 14:00:00,32165.0,32296.87109375,-131.87109375,131.87109375,17389.98536682129
2001-12-20 15:00:00,32423.0,32079.216796875,343.783203125,343.783203125,118186.89075088501
2001-12-20 16:00:00,34020.0,34056.48828125,-36.48828125,36.48828125,1331.3946685791016
2001-12-20 17:00:00,37717.0,36446.91015625,1270.08984375,1270.08984375,1613128.2111968994
2001-12-20 18:00:00,37982.0,37458.34375,523.65625,523.65625,274215.8681640625
2001-12-20 19:00:00,37508.0,37478.4765625,29.5234375,29.5234375,871.6333618164062
2001-12-20 20:00:00,36894.0,37137.92578125,-243.92578125,243.92578125,59499.78675842285
2001-12-20 21:00:00,35561.0,35632.4453125,-71.4453125,71.4453125,5104.432678222656
2001-12-20 22:00:00,33116.0,33141.94921875,-25.94921875,25.94921875,673.3619537353516
2001-12-20 23:00:00,29793.0,30377.8828125,-584.8828125,584.8828125,342087.90435791016
2001-12-21 00:00:00,27364.0,27415.748046875,-51.748046875,51.748046875,2677.8603553771973
2001-12-21 01:00:00,26104.0,26262.134765625,-158.134765625,158.134765625,25006.60409927368
2001-12-21 02:00:00,25547.0,25667.51171875,-120.51171875,120.51171875,14523.074356079102
2001-12-21 03:00:00,25359.0,25448.158203125,-89.158203125,89.158203125,7949.18518447876
2001-12-21 04:00:00,25897.0,25741.943359375,155.056640625,155.056640625,24042.5618019104
2001-12-21 05:00:00,27998.0,27622.013671875,375.986328125,375.986328125,141365.71893692017
2001-12-21 06:00:00,31932.0,31543.01171875,388.98828125,388.98828125,151311.8829498291
2001-12-21 07:00:00,34194.0,34450.0234375,-256.0234375,256.0234375,65548.0005493164
2001-12-21 08:00:00,34249.0,34701.375,-452.375,452.375,204643.140625
2001-12-21 09:00:00,33912.0,33772.5546875,139.4453125,139.4453125,19444.995178222656
2001-12-21 10:00:00,33700.0,33543.87109375,156.12890625,156.12890625,24376.23536682129
2001-12-21 11:00:00,33093.0,33253.78515625,-160.78515625,160.78515625,25851.866470336914
2001-12-21 12:00:00,32330.0,32361.4140625,-31.4140625,31.4140625,986.8433227539062
2001-12-21 13:00:00,31854.0,31724.2421875,129.7578125,129.7578125,16837.089904785156
2001-12-21 14:00:00,31378.0,31391.076171875,-13.076171875,13.076171875,170.98627090454102
2001-12-21 15:00:00,31274.0,31332.71484375,-58.71484375,58.71484375,3447.432876586914
2001-12-21 16:00:00,32858.0,32345.53125,512.46875,512.46875,262624.2197265625
2001-12-21 17:00:00,36734.0,35640.78125,1093.21875,1093.21875,1195127.2353515625
2001-12-21 18:00:00,36873.0,36445.0078125,427.9921875,427.9921875,183177.31256103516
2001-12-21 19:00:00,36206.0,36040.04296875,165.95703125,165.95703125,27541.736221313477
2001-12-21 20:00:00,35461.0,35450.4375,10.5625,10.5625,111.56640625
2001-12-21 21:00:00,34178.0,34129.92578125,48.07421875,48.07421875,2311.1305084228516
2001-12-21 22:00:00,32248.0,32070.77734375,177.22265625,177.22265625,31407.869888305664
2001-12-21 23:00:00,29651.0,30065.306640625,-414.306640625,414.306640625,171649.9924659729
2001-12-22 00:00:00,27377.0,27545.185546875,-168.185546875,168.185546875,28286.378177642822
2001-12-22 01:00:00,26051.0,26197.41796875,-146.41796875,146.41796875,21438.221572875977
2001-12-22 02:00:00,25852.0,25408.81640625,443.18359375,443.18359375,196411.69776916504
2001-12-22 03:00:00,25807.0,25539.7578125,267.2421875,267.2421875,71418.38677978516
2001-12-22 04:00:00,25841.0,25969.28515625,-128.28515625,128.28515625,16457.081314086914
2001-12-22 05:00:00,26616.0,26451.396484375,164.603515625,164.603515625,27094.31735610962
2001-12-22 06:00:00,27990.0,27817.62890625,172.37109375,172.37109375,29711.79396057129
2001-12-22 07:00:00,29253.0,29779.80078125,-526.80078125,526.80078125,277519.06312561035
2001-12-22 08:00:00,30638.0,30561.775390625,76.224609375,76.224609375,5810.191074371338
2001-12-22 09:00:00,31223.0,31980.05859375,-757.05859375,757.05859375,573137.7143707275
2001-12-22 10:00:00,30984.0,31278.552734375,-294.552734375,294.552734375,86761.3133277893
2001-12-22 11:00:00,30174.0,30504.576171875,-330.576171875,330.576171875,109280.60541152954
2001-12-22 12:00:00,29249.0,29159.98828125,89.01171875,89.01171875,7923.086074829102
2001-12-22 13:00:00,28384.0,28353.97265625,30.02734375,30.02734375,901.6413726806641
2001-12-22 14:00:00,27817.0,27591.494140625,225.505859375,225.505859375,50852.892612457275
2001-12-22 15:00:00,27686.0,27551.83984375,134.16015625,134.16015625,17998.947525024414
2001-12-22 16:00:00,29525.0,28992.0,533.0,533.0,284089.0
2001-12-22 17:00:00,33430.0,32087.4140625,1342.5859375,1342.5859375,1802536.999572754
2001-12-22 18:00:00,33821.0,33812.671875,8.328125,8.328125,69.357666015625
2001-12-22 19:00:00,33564.0,33222.01953125,341.98046875,341.98046875,116950.64100646973
2001-12-22 20:00:00,33192.0,33078.3359375,113.6640625,113.6640625,12919.519104003906
2001-12-22 21:00:00,32340.0,32468.341796875,-128.341796875,128.341796875,16471.61682510376
2001-12-22 22:00:00,31189.0,31044.994140625,144.005859375,144.005859375,20737.687534332275
2001-12-22 23:00:00,29426.0,29416.513671875,9.486328125,9.486328125,89.99042129516602
2001-12-23 00:00:00,27141.0,27567.818359375,-426.818359375,426.818359375,182173.91189956665
2001-12-23 01:00:00,25425.0,26280.2734375,-855.2734375,855.2734375,731492.6528930664
2001-12-23 02:00:00,24901.0,24935.2578125,-34.2578125,34.2578125,1173.5977172851562
2001-12-23 03:00:00,24633.0,24426.76953125,206.23046875,206.23046875,42531.00624084473
2001-12-23 04:00:00,24684.0,24791.294921875,-107.294921875,107.294921875,11512.200260162354
2001-12-23 05:00:00,25327.0,25224.8046875,102.1953125,102.1953125,10443.881896972656
2001-12-23 06:00:00,26357.0,26386.763671875,-29.763671875,29.763671875,885.876163482666
2001-12-23 07:00:00,27471.0,27557.359375,-86.359375,86.359375,7457.941650390625
2001-12-23 08:00:00,28661.0,28850.63671875,-189.63671875,189.63671875,35962.0850982666
2001-12-23 09:00:00,28931.0,29532.275390625,-601.275390625,601.275390625,361532.09537124634
2001-12-23 10:00:00,28564.0,29285.63671875,-721.63671875,721.63671875,520759.5538482666
2001-12-23 11:00:00,27879.0,28500.04296875,-621.04296875,621.04296875,385694.3690338135
2001-12-23 12:00:00,27441.0,27616.12890625,-175.12890625,175.12890625,30670.13380432129
2001-12-23 13:00:00,26971.0,26987.24609375,-16.24609375,16.24609375,263.93556213378906
2001-12-23 14:00:00,26666.0,26540.125,125.875,125.875,15844.515625
2001-12-23 15:00:00,26989.0,26387.796875,601.203125,601.203125,361445.1975097656
2001-12-23 16:00:00,29163.0,28736.9453125,426.0546875,426.0546875,181522.59674072266
2001-12-23 17:00:00,32119.0,32117.69140625,1.30859375,1.30859375,1.7124176025390625
2001-12-23 18:00:00,32279.0,32430.7890625,-151.7890625,151.7890625,23039.919494628906
2001-12-23 19:00:00,31896.0,31967.123046875,-71.123046875,71.123046875,5058.487796783447
2001-12-23 20:00:00,31354.0,31631.13671875,-277.13671875,277.13671875,76804.7608795166
2001-12-23 21:00:00,30407.0,30256.74609375,150.25390625,150.25390625,22576.23634338379
2001-12-23 22:00:00,28523.0,28733.248046875,-210.248046875,210.248046875,44204.2412147522
2001-12-23 23:00:00,26125.0,26729.615234375,-604.615234375,604.615234375,365559.5816383362
2001-12-24 00:00:00,23811.0,24628.73828125,-817.73828125,817.73828125,668695.8966217041
2001-12-24 01:00:00,22421.0,23062.765625,-641.765625,641.765625,411863.1174316406
2001-12-24 02:00:00,21629.0,22210.302734375,-581.302734375,581.302734375,337912.8689918518
2001-12-24 03:00:00,21678.0,21634.716796875,43.283203125,43.283203125,1873.4356727600098
2001-12-24 04:00:00,21634.0,21959.939453125,-325.939453125,325.939453125,106236.52710342407
2001-12-24 05:00:00,22770.0,23271.77734375,-501.77734375,501.77734375,251780.50270080566
2001-12-24 06:00:00,24686.0,25660.345703125,-974.345703125,974.345703125,949349.5491981506
2001-12-24 07:00:00,26463.0,27759.076171875,-1296.076171875,1296.076171875,1679813.4433021545
2001-12-24 08:00:00,27988.0,29042.451171875,-1054.451171875,1054.451171875,1111867.2738685608
2001-12-24 09:00:00,29121.0,29343.751953125,-222.751953125,222.751953125,49618.4326210022
2001-12-24 10:00:00,29263.0,29777.318359375,-514.318359375,514.318359375,264523.37479019165
2001-12-24 11:00:00,28937.0,29425.755859375,-488.755859375,488.755859375,238882.29007339478
2001-12-24 12:00:00,28370.0,28832.220703125,-462.220703125,462.220703125,213647.97839736938
2001-12-24 13:00:00,27817.0,28381.45703125,-564.45703125,564.45703125,318611.7401275635
2001-12-24 14:00:00,27612.0,27726.478515625,-114.478515625,114.478515625,13105.33053970337
2001-12-24 15:00:00,27584.0,27688.212890625,-104.212890625,104.212890625,10860.326572418213
2001-12-24 16:00:00,29106.0,29617.09765625,-511.09765625,511.09765625,261220.81422424316
2001-12-24 17:00:00,32592.0,31846.076171875,745.923828125,745.923828125,556402.3573646545
2001-12-24 18:00:00,32211.0,33378.13671875,-1167.13671875,1167.13671875,1362208.1202545166
2001-12-24 19:00:00,31251.0,31734.75390625,-483.75390625,483.75390625,234017.8418121338
2001-12-24 20:00:00,30846.0,30933.36328125,-87.36328125,87.36328125,7632.342910766602
2001-12-24 21:00:00,30568.0,29651.65234375,916.34765625,916.34765625,839693.0271148682
2001-12-24 22:00:00,29717.0,28436.759765625,1280.240234375,1280.240234375,1639015.057712555
2001-12-24 23:00:00,28106.0,27090.125,1015.875,1015.875,1032002.015625
2001-12-25 00:00:00,26466.0,25852.298828125,613.701171875,613.701171875,376629.1283607483
2001-12-25 01:00:00,25154.0,25482.4609375,-328.4609375,328.4609375,107886.5874633789
2001-12-25 02:00:00,24415.0,24546.16796875,-131.16796875,131.16796875,17205.036026000977
2001-12-25 03:00:00,24156.0,24130.857421875,25.142578125,25.142578125,632.1492347717285
2001-12-25 04:00:00,24300.0,24265.416015625,34.583984375,34.583984375,1196.0519752502441
2001-12-25 05:00:00,24975.0,25553.779296875,-578.779296875,578.779296875,334985.4744911194
2001-12-25 06:00:00,26130.0,27330.986328125,-1200.986328125,1200.986328125,1442368.1603431702
2001-12-25 07:00:00,27211.0,28807.38671875,-1596.38671875,1596.38671875,2548450.5558013916
2001-12-25 08:00:00,28191.0,29384.326171875,-1193.326171875,1193.326171875,1424027.352481842
2001-12-25 09:00:00,28909.0,29066.40625,-157.40625,157.40625,24776.7275390625
2001-12-25 10:00:00,28811.0,29192.474609375,-381.474609375,381.474609375,145522.87759780884
2001-12-25 11:00:00,28259.0,28446.705078125,-187.705078125,187.705078125,35233.19635391235
2001-12-25 12:00:00,27366.0,27651.79296875,-285.79296875,285.79296875,81677.62098693848
2001-12-25 13:00:00,26864.0,26893.583984375,-29.583984375,29.583984375,875.2121315002441
2001-12-25 14:00:00,25667.0,26439.154296875,-772.154296875,772.154296875,596222.2581825256
2001-12-25 15:00:00,25709.0,25457.169921875,251.830078125,251.830078125,63418.3882484436
2001-12-25 16:00:00,27226.0,28094.302734375,-868.302734375,868.302734375,753949.6385231018
2001-12-25 17:00:00,29990.0,30194.390625,-204.390625,204.390625,41775.527587890625
2001-12-25 18:00:00,30362.0,31374.94921875,-1012.94921875,1012.94921875,1026066.1197662354
2001-12-25 19:00:00,30510.0,31039.841796875,-529.841796875,529.841796875,280732.32971572876
2001-12-25 20:00:00,30692.0,30630.58984375,61.41015625,61.41015625,3771.207290649414
2001-12-25 21:00:00,30230.0,29821.697265625,408.302734375,408.302734375,166711.1228981018
2001-12-25 22:00:00,28868.0,28559.3515625,308.6484375,308.6484375,95263.8579711914
2001-12-25 23:00:00,26833.0,27026.71484375,-193.71484375,193.71484375,37525.440689086914
2001-12-26 00:00:00,25144.0,24991.46875,152.53125,152.53125,23265.7822265625
2001-12-26 01:00:00,24246.0,24299.984375,-53.984375,53.984375,2914.312744140625
2001-12-26 02:00:00,23839.0,23972.8828125,-133.8828125,133.8828125,17924.607482910156
2001-12-26 03:00:00,23820.0,23862.06640625,-42.06640625,42.06640625,1769.582534790039
2001-12-26 04:00:00,24564.0,24390.751953125,173.248046875,173.248046875,30014.885746002197
2001-12-26 05:00:00,26255.0,26326.90625,-71.90625,71.90625,5170.5087890625
2001-12-26 06:00:00,28981.0,29592.423828125,-611.423828125,611.423828125,373839.09759902954
2001-12-26 07:00:00,31268.0,31079.36328125,188.63671875,188.63671875,35583.8116607666
2001-12-26 08:00:00,32455.0,31390.482421875,1064.517578125,1064.517578125,1133197.6741371155
2001-12-26 09:00:00,33188.0,32493.47265625,694.52734375,694.52734375,482368.23121643066
2001-12-26 10:00:00,33274.0,33020.48046875,253.51953125,253.51953125,64272.15272521973
2001-12-26 11:00:00,33192.0,33103.1875,88.8125,88.8125,7887.66015625
2001-12-26 12:00:00,32620.0,32956.109375,-336.109375,336.109375,112969.51196289062
2001-12-26 13:00:00,32088.0,32451.681640625,-363.681640625,363.681640625,132264.33572769165
2001-12-26 14:00:00,31577.0,31570.17578125,6.82421875,6.82421875,46.56996154785156
2001-12-26 15:00:00,31453.0,31242.822265625,210.177734375,210.177734375,44174.68002700806
2001-12-26 16:00:00,33083.0,31898.576171875,1184.423828125,1184.423828125,1402859.8046302795
2001-12-26 17:00:00,37104.0,34889.8359375,2214.1640625,2214.1640625,4902522.495666504
2001-12-26 18:00:00,37531.0,37276.41015625,254.58984375,254.58984375,64815.988540649414
2001-12-26 19:00:00,37000.0,36929.921875,70.078125,70.078125,4910.943603515625
2001-12-26 20:00:00,36376.0,36514.55859375,-138.55859375,138.55859375,19198.48390197754
2001-12-26 21:00:00,35099.0,35151.4140625,-52.4140625,52.4140625,2747.2339477539062
2001-12-26 22:00:00,32732.0,32614.6484375,117.3515625,117.3515625,13771.389221191406
2001-12-26 23:00:00,30328.0,30306.4140625,21.5859375,21.5859375,465.95269775390625
2001-12-27 00:00:00,28332.0,28202.345703125,129.654296875,129.654296875,16810.236698150635
2001-12-27 01:00:00,27329.0,27460.3984375,-131.3984375,131.3984375,17265.549377441406
2001-12-27 02:00:00,26986.0,26867.3359375,118.6640625,118.6640625,14081.159729003906
2001-12-27 03:00:00,27009.0,26829.140625,179.859375,179.859375,32349.394775390625
2001-12-27 04:00:00,27555.0,27158.1640625,396.8359375,396.8359375,157478.7612915039
2001-12-27 05:00:00,29332.0,29533.54296875,-201.54296875,201.54296875,40619.56825256348
2001-12-27 06:00:00,32132.0,32378.03125,-246.03125,246.03125,60531.3759765625
2001-12-27 07:00:00,33888.0,34527.68359375,-639.68359375,639.68359375,409195.10011291504
2001-12-27 08:00:00,34827.0,34158.8671875,668.1328125,668.1328125,446401.45513916016
2001-12-27 09:00:00,34997.0,34398.69140625,598.30859375,598.30859375,357973.17335510254
2001-12-27 10:00:00,35021.0,34941.296875,79.703125,79.703125,6352.588134765625
2001-12-27 11:00:00,34786.0,34700.3203125,85.6796875,85.6796875,7341.008850097656
2001-12-27 12:00:00,34341.0,34099.15625,241.84375,241.84375,58488.3994140625
2001-12-27 13:00:00,34121.0,33829.44921875,291.55078125,291.55078125,85001.85804748535
2001-12-27 14:00:00,33726.0,33685.45703125,40.54296875,40.54296875,1643.7323150634766
2001-12-27 15:00:00,33546.0,33680.80078125,-134.80078125,134.80078125,18171.25062561035
2001-12-27 16:00:00,34757.0,34721.20703125,35.79296875,35.79296875,1281.1366119384766
2001-12-27 17:00:00,38391.0,36233.7578125,2157.2421875,2157.2421875,4653693.855529785
2001-12-27 18:00:00,38743.0,38597.41796875,145.58203125,145.58203125,21194.127822875977
2001-12-27 19:00:00,37919.0,38231.078125,-312.078125,312.078125,97392.75610351562
2001-12-27 20:00:00,37161.0,37245.34375,-84.34375,84.34375,7113.8681640625
2001-12-27 21:00:00,35743.0,36073.16796875,-330.16796875,330.16796875,109010.88758850098
2001-12-27 22:00:00,33252.0,33185.84375,66.15625,66.15625,4376.6494140625
2001-12-27 23:00:00,30659.0,30708.18359375,-49.18359375,49.18359375,2419.025894165039
2001-12-28 00:00:00,28511.0,28667.083984375,-156.083984375,156.083984375,24362.210178375244
2001-12-28 01:00:00,27574.0,27566.2265625,7.7734375,7.7734375,60.42633056640625
2001-12-28 02:00:00,27139.0,27106.537109375,32.462890625,32.462890625,1053.839267730713
2001-12-28 03:00:00,27198.0,26809.77734375,388.22265625,388.22265625,150716.83082580566
2001-12-28 04:00:00,27772.0,27636.078125,135.921875,135.921875,18474.756103515625
2001-12-28 05:00:00,29414.0,29380.626953125,33.373046875,33.373046875,1113.7602577209473
2001-12-28 06:00:00,32066.0,32269.220703125,-203.220703125,203.220703125,41298.654178619385
2001-12-28 07:00:00,33942.0,34491.57421875,-549.57421875,549.57421875,302031.82191467285
2001-12-28 08:00:00,34705.0,34977.9140625,-272.9140625,272.9140625,74482.0855102539
2001-12-28 09:00:00,35134.0,34752.109375,381.890625,381.890625,145840.44946289062
2001-12-28 10:00:00,35049.0,34849.3359375,199.6640625,199.6640625,39865.737854003906
2001-12-28 11:00:00,34415.0,34503.7421875,-88.7421875,88.7421875,7875.175842285156
2001-12-28 12:00:00,33481.0,33757.37109375,-276.37109375,276.37109375,76380.98146057129
2001-12-28 13:00:00,32985.0,32971.11328125,13.88671875,13.88671875,192.84095764160156
2001-12-28 14:00:00,32639.0,32634.998046875,4.001953125,4.001953125,16.015628814697266
2001-12-28 15:00:00,32490.0,32429.0625,60.9375,60.9375,3713.37890625
2001-12-28 16:00:00,33859.0,33627.34375,231.65625,231.65625,53664.6181640625
2001-12-28 17:00:00,36840.0,36269.87890625,570.12109375,570.12109375,325038.0615386963
2001-12-28 18:00:00,36773.0,36985.546875,-212.546875,212.546875,45176.174072265625
2001-12-28 19:00:00,35941.0,36053.96875,-112.96875,112.96875,12761.9384765625
2001-12-28 20:00:00,35138.0,35213.24609375,-75.24609375,75.24609375,5661.974624633789
2001-12-28 21:00:00,33979.0,33918.7109375,60.2890625,60.2890625,3634.7710571289062
2001-12-28 22:00:00,32054.0,32147.498046875,-93.498046875,93.498046875,8741.884769439697
2001-12-28 23:00:00,29997.0,29982.697265625,14.302734375,14.302734375,204.56821060180664
2001-12-29 00:00:00,27925.0,27999.47265625,-74.47265625,74.47265625,5546.176528930664
2001-12-29 01:00:00,26721.0,26912.45703125,-191.45703125,191.45703125,36655.79481506348
2001-12-29 02:00:00,26111.0,26290.51953125,-179.51953125,179.51953125,32227.262100219727
2001-12-29 03:00:00,25832.0,26140.306640625,-308.306640625,308.306640625,95052.9846534729
2001-12-29 04:00:00,25867.0,25976.169921875,-109.169921875,109.169921875,11918.071842193604
2001-12-29 05:00:00,26404.0,26594.9140625,-190.9140625,190.9140625,36448.179260253906
2001-12-29 06:00:00,27381.0,27268.734375,112.265625,112.265625,12603.570556640625
2001-12-29 07:00:00,28609.0,28631.71484375,-22.71484375,22.71484375,515.9641265869141
2001-12-29 08:00:00,30073.0,30104.330078125,-31.330078125,31.330078125,981.5737953186035
2001-12-29 09:00:00,31518.0,31842.416015625,-324.416015625,324.416015625,105245.75119400024
2001-12-29 10:00:00,31890.0,32076.81640625,-186.81640625,186.81640625,34900.36964416504
2001-12-29 11:00:00,31296.0,31551.51171875,-255.51171875,255.51171875,65286.2384185791
2001-12-29 12:00:00,30422.0,30031.23828125,390.76171875,390.76171875,152694.7208404541
2001-12-29 13:00:00,29566.0,29681.7890625,-115.7890625,115.7890625,13407.106994628906
2001-12-29 14:00:00,29046.0,28816.1328125,229.8671875,229.8671875,52838.923889160156
2001-12-29 15:00:00,29101.0,28837.83203125,263.16796875,263.16796875,69257.37977600098
2001-12-29 16:00:00,30710.0,30431.939453125,278.060546875,278.060546875,77317.66772842407
2001-12-29 17:00:00,34092.0,32883.03125,1208.96875,1208.96875,1461605.4384765625
2001-12-29 18:00:00,34788.0,34708.79296875,79.20703125,79.20703125,6273.753799438477
2001-12-29 19:00:00,34604.0,34351.89453125,252.10546875,252.10546875,63557.16737365723
2001-12-29 20:00:00,34216.0,34096.62109375,119.37890625,119.37890625,14251.323257446289
2001-12-29 21:00:00,33411.0,33444.1640625,-33.1640625,33.1640625,1099.8550415039062
2001-12-29 22:00:00,32058.0,32009.005859375,48.994140625,48.994140625,2400.4258155822754
2001-12-29 23:00:00,30080.0,30396.720703125,-316.720703125,316.720703125,100312.00378799438
2001-12-30 00:00:00,28326.0,28254.08984375,71.91015625,71.91015625,5171.070571899414
2001-12-30 01:00:00,27362.0,27367.10546875,-5.10546875,5.10546875,26.065811157226562
2001-12-30 02:00:00,27108.0,26903.466796875,204.533203125,204.533203125,41833.83118057251
2001-12-30 03:00:00,26865.0,26851.892578125,13.107421875,13.107421875,171.80450820922852
2001-12-30 04:00:00,26808.0,26804.92578125,3.07421875,3.07421875,9.450820922851562
2001-12-30 05:00:00,27352.0,27274.71484375,77.28515625,77.28515625,5972.995376586914
2001-12-30 06:00:00,28403.0,28530.45703125,-127.45703125,127.45703125,16245.294815063477
2001-12-30 07:00:00,29305.0,29498.095703125,-193.095703125,193.095703125,37285.950565338135
2001-12-30 08:00:00,30329.0,30151.6484375,177.3515625,177.3515625,31453.576721191406
2001-12-30 09:00:00,31206.0,31313.013671875,-107.013671875,107.013671875,11451.925968170166
2001-12-30 10:00:00,31460.0,31328.54296875,131.45703125,131.45703125,17280.951065063477
2001-12-30 11:00:00,31384.0,31176.9140625,207.0859375,207.0859375,42884.585510253906
2001-12-30 12:00:00,31058.0,30989.689453125,68.310546875,68.310546875,4666.330814361572
2001-12-30 13:00:00,30583.0,30614.490234375,-31.490234375,31.490234375,991.6348609924316
2001-12-30 14:00:00,30150.0,30110.666015625,39.333984375,39.333984375,1547.1623268127441
2001-12-30 15:00:00,30235.0,30113.951171875,121.048828125,121.048828125,14652.818790435791
2001-12-30 16:00:00,31981.0,31576.611328125,404.388671875,404.388671875,163530.19794082642
2001-12-30 17:00:00,35848.0,34842.7421875,1005.2578125,1005.2578125,1010543.2695922852
2001-12-30 18:00:00,36532.0,36298.5546875,233.4453125,233.4453125,54496.713928222656
2001-12-30 19:00:00,36353.0,36374.9453125,-21.9453125,21.9453125,481.59674072265625
2001-12-30 20:00:00,35974.0,35880.0390625,93.9609375,93.9609375,8828.657775878906
2001-12-30 21:00:00,34979.0,35184.01171875,-205.01171875,205.01171875,42029.8048248291
2001-12-30 22:00:00,33331.0,33131.08203125,199.91796875,199.91796875,39967.19422912598
2001-12-30 23:00:00,31014.0,31244.078125,-230.078125,230.078125,52935.943603515625
2001-12-31 00:00:00,29001.0,28990.818359375,10.181640625,10.181640625,103.66580581665039
2001-12-31 01:00:00,28138.0,28062.619140625,75.380859375,75.380859375,5682.273960113525
2001-12-31 02:00:00,27830.0,28022.49609375,-192.49609375,192.49609375,37054.74610900879
2001-12-31 03:00:00,27874.0,27702.115234375,171.884765625,171.884765625,29544.37265396118
2001-12-31 04:00:00,28427.0,28389.599609375,37.400390625,37.400390625,1398.789218902588
2001-12-31 05:00:00,29688.0,30200.072265625,-512.072265625,512.072265625,262218.00522232056
2001-12-31 06:00:00,31942.0,32342.833984375,-400.833984375,400.833984375,160667.88302993774
2001-12-31 07:00:00,33380.0,34670.5390625,-1290.5390625,1290.5390625,1665491.071838379
2001-12-31 08:00:00,34339.0,34492.5625,-153.5625,153.5625,23581.44140625
2001-12-31 09:00:00,34757.0,34381.58984375,375.41015625,375.41015625,140932.7854156494
2001-12-31 10:00:00,34970.0,34402.33984375,567.66015625,567.66015625,322238.0529937744
2001-12-31 11:00:00,34428.0,34547.63671875,-119.63671875,119.63671875,14312.944473266602
2001-12-31 12:00:00,33642.0,33758.58984375,-116.58984375,116.58984375,13593.191665649414
2001-12-31 13:00:00,32719.0,33254.35546875,-535.35546875,535.35546875,286605.4779205322
2001-12-31 14:00:00,31941.0,32486.708984375,-545.708984375,545.708984375,297798.295627594
2001-12-31 15:00:00,31759.0,31883.994140625,-124.994140625,124.994140625,15623.535190582275
2001-12-31 16:00:00,33587.0,32968.15625,618.84375,618.84375,382967.5869140625
2001-12-31 17:00:00,37568.0,36029.22265625,1538.77734375,1538.77734375,2367835.7136383057
2001-12-31 18:00:00,37570.0,38000.953125,-430.953125,430.953125,185720.59594726562
2001-12-31 19:00:00,36392.0,36919.48046875,-527.48046875,527.48046875,278235.6449127197
2001-12-31 20:00:00,35082.0,35606.6171875,-524.6171875,524.6171875,275223.19342041016
2001-12-31 21:00:00,33890.0,33814.234375,75.765625,75.765625,5740.429931640625
2001-12-31 22:00:00,32590.0,31851.103515625,738.896484375,738.896484375,545968.0146217346
2001-12-31 23:00:00,31569.0,30193.8046875,1375.1953125,1375.1953125,1891162.1475219727
