timestamp,actual,prediction,error,absolute_error,squared_error
2001-06-10 09:00:00,25718.0,25687.96484375,30.03515625,30.03515625,902.1106109619141
2001-06-10 10:00:00,27213.0,27174.791015625,38.208984375,38.208984375,1459.9264869689941
2001-06-10 11:00:00,28267.0,28284.876953125,-17.876953125,17.876953125,319.58545303344727
2001-06-10 12:00:00,28845.0,29192.279296875,-347.279296875,347.279296875,120602.91003799438
2001-06-10 13:00:00,29061.0,29368.228515625,-307.228515625,307.228515625,94389.36081314087
2001-06-10 14:00:00,29329.0,29358.041015625,-29.041015625,29.041015625,843.3805885314941
2001-06-10 15:00:00,29576.0,29749.982421875,-173.982421875,173.982421875,30269.88312149048
2001-06-10 16:00:00,29926.0,29957.4140625,-31.4140625,31.4140625,986.8433227539062
2001-06-10 17:00:00,30384.0,30119.220703125,264.779296875,264.779296875,70108.07605361938
2001-06-10 18:00:00,30328.0,30125.693359375,202.306640625,202.306640625,40927.9768409729
2001-06-10 19:00:00,29944.0,29843.029296875,100.970703125,100.970703125,10195.082889556885
2001-06-10 20:00:00,30358.0,29963.255859375,394.744140625,394.744140625,155822.93655776978
2001-06-10 21:00:00,30961.0,30163.517578125,797.482421875,797.482421875,635978.2131996155
2001-06-10 22:00:00,29177.0,29104.4765625,72.5234375,72.5234375,5259.648986816406
2001-06-10 23:00:00,26590.0,26726.154296875,-136.154296875,136.154296875,18537.992557525635
2001-06-11 00:00:00,24371.0,24179.615234375,191.384765625,191.384765625,36628.12851333618
2001-06-11 01:00:00,23054.0,23143.8828125,-89.8828125,89.8828125,8078.919982910156
2001-06-11 02:00:00,22322.0,22232.21484375,89.78515625,89.78515625,8061.374282836914
2001-06-11 03:00:00,22122.0,21940.521484375,181.478515625,181.478515625,32934.45163345337
2001-06-11 04:00:00,22387.0,22315.990234375,71.009765625,71.009765625,5042.386814117432
2001-06-11 05:00:00,23702.0,24018.46484375,-316.46484375,316.46484375,100149.99732971191
2001-06-11 06:00:00,26620.0,26440.69921875,179.30078125,179.30078125,32148.77015686035
2001-06-11 07:00:00,30130.0,29894.9296875,235.0703125,235.0703125,55258.051818847656
2001-06-11 08:00:00,32315.0,32274.24609375,40.75390625,40.75390625,1660.880874633789
2001-06-11 09:00:00,34143.0,33904.859375,238.140625,238.140625,56710.957275390625
2001-06-11 10:00:00,35710.0,35860.58984375,-150.58984375,150.58984375,22677.301040649414
2001-06-11 11:00:00,36771.0,37067.34765625,-296.34765625,296.34765625,87821.93336486816
2001-06-11 12:00:00,37442.0,37616.5546875,-174.5546875,174.5546875,30469.338928222656
2001-06-11 13:00:00,38125.0,38077.9921875,47.0078125,47.0078125,2209.7344360351562
2001-06-11 14:00:00,38713.0,38942.1953125,-229.1953125,229.1953125,52530.491271972656
2001-06-11 15:00:00,39141.0,39071.3359375,69.6640625,69.6640625,4853.081604003906
2001-06-11 16:00:00,39406.0,39887.66796875,-481.66796875,481.66796875,232004.03211975098
2001-06-11 17:00:00,39133.0,39183.79296875,-50.79296875,50.79296875,2579.9256744384766
2001-06-11 18:00:00,38113.0,38265.33984375,-152.33984375,152.33984375,23207.427993774414
2001-06-11 19:00:00,37280.0,37269.8984375,10.1015625,10.1015625,102.04156494140625
2001-06-11 20:00:00,37357.0,36844.57421875,512.42578125,512.42578125,262580.18128967285
2001-06-11 21:00:00,37476.0,36537.83984375,938.16015625,938.16015625,880144.4787750244
2001-06-11 22:00:00,34581.0,34532.26953125,48.73046875,48.73046875,2374.6585845947266
2001-06-11 23:00:00,30864.0,31387.744140625,-523.744140625,523.744140625,274307.9248390198
2001-06-12 00:00:00,28083.0,27815.64453125,267.35546875,267.35546875,71478.94667053223
2001-06-12 01:00:00,26556.0,26344.599609375,211.400390625,211.400390625,44690.12515640259
2001-06-12 02:00:00,25464.0,25623.939453125,-159.939453125,159.939453125,25580.628665924072
2001-06-12 03:00:00,24844.0,24943.8828125,-99.8828125,99.8828125,9976.576232910156
2001-06-12 04:00:00,24824.0,24730.748046875,93.251953125,93.251953125,8695.926761627197
2001-06-12 05:00:00,26008.0,25818.234375,189.765625,189.765625,36010.992431640625
2001-06-12 06:00:00,28990.0,28512.443359375,477.556640625,477.556640625,228060.3450050354
2001-06-12 07:00:00,32354.0,32184.556640625,169.443359375,169.443359375,28711.0520362854
2001-06-12 08:00:00,34684.0,34500.91015625,183.08984375,183.08984375,33521.890884399414
2001-06-12 09:00:00,36603.0,36240.90625,362.09375,362.09375,131111.8837890625
2001-06-12 10:00:00,38263.0,38150.78125,112.21875,112.21875,12593.0478515625
2001-06-12 11:00:00,39492.0,39318.0625,173.9375,173.9375,30254.25390625
2001-06-12 12:00:00,40402.0,40343.75390625,58.24609375,58.24609375,3392.607437133789
2001-06-12 13:00:00,41298.0,41524.0546875,-226.0546875,226.0546875,51100.721740722656
2001-06-12 14:00:00,42266.0,42195.22265625,70.77734375,70.77734375,5009.432388305664
2001-06-12 15:00:00,42985.0,42646.203125,338.796875,338.796875,114783.32250976562
2001-06-12 16:00:00,43512.0,43402.15234375,109.84765625,109.84765625,12066.507583618164
2001-06-12 17:00:00,43320.0,43675.99609375,-355.99609375,355.99609375,126733.21876525879
2001-06-12 18:00:00,42225.0,41785.1015625,439.8984375,439.8984375,193510.6353149414
2001-06-12 19:00:00,40823.0,40516.859375,306.140625,306.140625,93722.08227539062
2001-06-12 20:00:00,40675.0,39854.21875,820.78125,820.78125,673681.8603515625
2001-06-12 21:00:00,40031.0,39471.01953125,559.98046875,559.98046875,313578.1253814697
2001-06-12 22:00:00,36772.0,36717.796875,54.203125,54.203125,2937.978759765625
2001-06-12 23:00:00,33119.0,33343.35546875,-224.35546875,224.35546875,50335.37635803223
2001-06-13 00:00:00,30150.0,30191.564453125,-41.564453125,41.564453125,1727.6037635803223
2001-06-13 01:00:00,28621.0,28368.921875,252.078125,252.078125,63543.381103515625
2001-06-13 02:00:00,27401.0,27371.330078125,29.669921875,29.669921875,880.3042640686035
2001-06-13 03:00:00,26570.0,26676.8359375,-106.8359375,106.8359375,11413.917541503906
2001-06-13 04:00:00,26502.0,26615.74609375,-113.74609375,113.74609375,12938.173843383789
2001-06-13 05:00:00,27668.0,27542.91796875,125.08203125,125.08203125,15645.514541625977
2001-06-13 06:00:00,30643.0,30530.138671875,112.861328125,112.861328125,12737.679386138916
2001-06-13 07:00:00,34392.0,33761.15234375,630.84765625,630.84765625,397968.76539611816
2001-06-13 08:00:00,36996.0,36895.2890625,100.7109375,100.7109375,10142.692932128906
2001-06-13 09:00:00,39126.0,38886.63671875,239.36328125,239.36328125,57294.7804107666
2001-06-13 10:00:00,41222.0,41173.42578125,48.57421875,48.57421875,2359.4547271728516
2001-06-13 11:00:00,42839.0,42653.5625,185.4375,185.4375,34387.06640625
2001-06-13 12:00:00,43855.0,44153.12109375,-298.12109375,298.12109375,88876.18653869629
2001-06-13 13:00:00,44834.0,44555.89453125,278.10546875,278.10546875,77342.65174865723
2001-06-13 14:00:00,45827.0,45107.90234375,719.09765625,719.09765625,517101.43922424316
2001-06-13 15:00:00,46438.0,45625.17578125,812.82421875,812.82421875,660683.2105865479
2001-06-13 16:00:00,46937.0,46782.265625,154.734375,154.734375,23942.726806640625
2001-06-13 17:00:00,46663.0,46294.24609375,368.75390625,368.75390625,135979.4433746338
2001-06-13 18:00:00,45416.0,45299.18359375,116.81640625,116.81640625,13646.072769165039
2001-06-13 19:00:00,43834.0,44335.234375,-501.234375,501.234375,251235.89868164062
2001-06-13 20:00:00,43064.0,43426.328125,-362.328125,362.328125,131281.67016601562
2001-06-13 21:00:00,42599.0,41810.63671875,788.36328125,788.36328125,621516.6632232666
2001-06-13 22:00:00,39090.0,39311.49609375,-221.49609375,221.49609375,49060.51954650879
2001-06-13 23:00:00,35104.0,35294.57421875,-190.57421875,190.57421875,36318.53285217285
2001-06-14 00:00:00,31839.0,31993.5390625,-154.5390625,154.5390625,23882.321838378906
2001-06-14 01:00:00,29922.0,29755.22265625,166.77734375,166.77734375,27814.682388305664
2001-06-14 02:00:00,28578.0,28739.4921875,-161.4921875,161.4921875,26079.726623535156
2001-06-14 03:00:00,27807.0,27839.36328125,-32.36328125,32.36328125,1047.3819732666016
2001-06-14 04:00:00,27827.0,27741.216796875,85.783203125,85.783203125,7358.75793838501
2001-06-14 05:00:00,29136.0,28709.294921875,426.705078125,426.705078125,182077.22369766235
2001-06-14 06:00:00,31828.0,31489.875,338.125,338.125,114328.515625
2001-06-14 07:00:00,35061.0,34765.828125,295.171875,295.171875,87126.43579101562
2001-06-14 08:00:00,36950.0,37404.68359375,-454.68359375,454.68359375,206737.17042541504
2001-06-14 09:00:00,38278.0,38937.03125,-659.03125,659.03125,434322.1884765625
2001-06-14 10:00:00,39628.0,39795.69921875,-167.69921875,167.69921875,28123.02796936035
2001-06-14 11:00:00,40682.0,40805.78515625,-123.78515625,123.78515625,15322.764907836914
2001-06-14 12:00:00,41719.0,41546.69921875,172.30078125,172.30078125,29687.55921936035
2001-06-14 13:00:00,42964.0,42452.3046875,511.6953125,511.6953125,261832.09283447266
2001-06-14 14:00:00,44132.0,43553.9375,578.0625,578.0625,334156.25390625
2001-06-14 15:00:00,45200.0,44427.01953125,772.98046875,772.98046875,597498.8050689697
2001-06-14 16:00:00,45682.0,45173.90234375,508.09765625,508.09765625,258163.22828674316
2001-06-14 17:00:00,45515.0,44613.4296875,901.5703125,901.5703125,812829.0283813477
2001-06-14 18:00:00,44342.0,44064.05078125,277.94921875,277.94921875,77255.76820373535
2001-06-14 19:00:00,42730.0,43068.37890625,-338.37890625,338.37890625,114500.28419494629
2001-06-14 20:00:00,41733.0,41958.69140625,-225.69140625,225.69140625,50936.61085510254
2001-06-14 21:00:00,41405.0,41186.88671875,218.11328125,218.11328125,47573.4034576416
2001-06-14 22:00:00,38316.0,38121.5703125,194.4296875,194.4296875,37802.903381347656
2001-06-14 23:00:00,34426.0,34876.18359375,-450.18359375,450.18359375,202665.26808166504
2001-06-15 00:00:00,31259.0,31568.828125,-309.828125,309.828125,95993.46704101562
2001-06-15 01:00:00,29637.0,29451.361328125,185.638671875,185.638671875,34461.716495513916
2001-06-15 02:00:00,28533.0,28469.73828125,63.26171875,63.26171875,4002.0450592041016
2001-06-15 03:00:00,27606.0,27928.296875,-322.296875,322.296875,103875.27563476562
2001-06-15 04:00:00,27783.0,27501.4375,281.5625,281.5625,79277.44140625
2001-06-15 05:00:00,29013.0,28958.740234375,54.259765625,54.259765625,2944.1221656799316
2001-06-15 06:00:00,31766.0,31521.5703125,244.4296875,244.4296875,59745.872131347656
2001-06-15 07:00:00,35000.0,34840.078125,159.921875,159.921875,25575.006103515625
2001-06-15 08:00:00,37030.0,37185.84375,-155.84375,155.84375,24287.2744140625
2001-06-15 09:00:00,38440.0,38942.55859375,-502.55859375,502.55859375,252565.14015197754
2001-06-15 10:00:00,39817.0,40001.7734375,-184.7734375,184.7734375,34141.223205566406
2001-06-15 11:00:00,41047.0,41023.98046875,23.01953125,23.01953125,529.8988189697266
2001-06-15 12:00:00,42101.0,42063.015625,37.984375,37.984375,1442.812744140625
2001-06-15 13:00:00,43171.0,43023.2109375,147.7890625,147.7890625,21841.606994628906
2001-06-15 14:00:00,43724.0,43928.7421875,-204.7421875,204.7421875,41919.363342285156
2001-06-15 15:00:00,43949.0,44018.3671875,-69.3671875,69.3671875,4811.806701660156
2001-06-15 16:00:00,43939.0,43534.5625,404.4375,404.4375,163569.69140625
2001-06-15 17:00:00,43263.0,43136.71875,126.28125,126.28125,15946.9541015625
2001-06-15 18:00:00,41847.0,41722.9296875,124.0703125,124.0703125,15393.442443847656
2001-06-15 19:00:00,40253.0,40587.42578125,-334.42578125,334.42578125,111840.60316467285
2001-06-15 20:00:00,39324.0,39555.54296875,-231.54296875,231.54296875,53612.14637756348
2001-06-15 21:00:00,39304.0,38332.59375,971.40625,971.40625,943630.1025390625
2001-06-15 22:00:00,36886.0,36473.0078125,412.9921875,412.9921875,170562.54693603516
2001-06-15 23:00:00,33817.0,33705.48046875,111.51953125,111.51953125,12436.605850219727
2001-06-16 00:00:00,31044.0,30852.443359375,191.556640625,191.556640625,36693.9465675354
2001-06-16 01:00:00,29117.0,29020.837890625,96.162109375,96.162109375,9247.151279449463
2001-06-16 02:00:00,27835.0,27683.544921875,151.455078125,151.455078125,22938.640689849854
2001-06-16 03:00:00,26956.0,26743.59375,212.40625,212.40625,45116.4150390625
2001-06-16 04:00:00,26606.0,26674.46484375,-68.46484375,68.46484375,4687.434829711914
2001-06-16 05:00:00,26824.0,26911.212890625,-87.212890625,87.212890625,7606.088291168213
2001-06-16 06:00:00,27332.0,27984.51171875,-652.51171875,652.51171875,425771.5431060791
2001-06-16 07:00:00,29283.0,28889.296875,393.703125,393.703125,155002.15063476562
2001-06-16 08:00:00,31917.0,32093.455078125,-176.455078125,176.455078125,31136.394596099854
2001-06-16 09:00:00,34427.0,34442.1328125,-15.1328125,15.1328125,229.00201416015625
2001-06-16 10:00:00,35912.0,36377.484375,-465.484375,465.484375,216675.70336914062
2001-06-16 11:00:00,36626.0,37007.0078125,-381.0078125,381.0078125,145166.95318603516
2001-06-16 12:00:00,37043.0,36910.15234375,132.84765625,132.84765625,17648.499771118164
2001-06-16 13:00:00,36905.0,37077.84375,-172.84375,172.84375,29874.9619140625
2001-06-16 14:00:00,36595.0,37008.48046875,-413.48046875,413.48046875,170966.09803771973
2001-06-16 15:00:00,36212.0,36499.10546875,-287.10546875,287.10546875,82429.55018615723
2001-06-16 16:00:00,35784.0,36020.27734375,-236.27734375,236.27734375,55826.983169555664
2001-06-16 17:00:00,35324.0,35400.671875,-76.671875,76.671875,5878.576416015625
2001-06-16 18:00:00,34767.0,34599.30859375,167.69140625,167.69140625,28120.40773010254
2001-06-16 19:00:00,34245.0,33862.84765625,382.15234375,382.15234375,146040.41383361816
2001-06-16 20:00:00,34511.0,34176.6484375,334.3515625,334.3515625,111790.9673461914
2001-06-16 21:00:00,34522.0,34321.125,200.875,200.875,40350.765625
2001-06-16 22:00:00,32780.0,32568.767578125,211.232421875,211.232421875,44619.13605117798
2001-06-16 23:00:00,30256.0,30330.0703125,-74.0703125,74.0703125,5486.411193847656
2001-06-17 00:00:00,28092.0,27623.83984375,468.16015625,468.16015625,219173.9319000244
2001-06-17 01:00:00,26514.0,26213.279296875,300.720703125,300.720703125,90432.94128799438
2001-06-17 02:00:00,25415.0,25924.568359375,-509.568359375,509.568359375,259659.91287612915
2001-06-17 03:00:00,24346.0,24845.556640625,-499.556640625,499.556640625,249556.8371925354
2001-06-17 04:00:00,23864.0,24234.59375,-370.59375,370.59375,137339.7275390625
2001-06-17 05:00:00,23423.0,24027.740234375,-604.740234375,604.740234375,365710.75107192993
2001-06-17 06:00:00,23239.0,23786.150390625,-547.150390625,547.150390625,299373.5499610901
2001-06-17 07:00:00,24390.0,24319.900390625,70.099609375,70.099609375,4913.955234527588
2001-06-17 08:00:00,26584.0,26883.53125,-299.53125,299.53125,89718.9697265625
2001-06-17 09:00:00,28490.0,28904.83203125,-414.83203125,414.83203125,172085.61415100098
2001-06-17 10:00:00,30079.0,30571.109375,-492.109375,492.109375,242171.63696289062
2001-06-17 11:00:00,30945.0,31577.138671875,-632.138671875,632.138671875,399599.3004798889
2001-06-17 12:00:00,31352.0,31723.0234375,-371.0234375,371.0234375,137658.3911743164
2001-06-17 13:00:00,31749.0,31643.51171875,105.48828125,105.48828125,11127.777481079102
2001-06-17 14:00:00,32101.0,31976.30859375,124.69140625,124.69140625,15547.946792602539
2001-06-17 15:00:00,32745.0,32193.76953125,551.23046875,551.23046875,303855.0296783447
2001-06-17 16:00:00,33744.0,33284.95703125,459.04296875,459.04296875,210720.44715881348
2001-06-17 17:00:00,34389.0,34282.0078125,106.9921875,106.9921875,11447.328186035156
2001-06-17 18:00:00,34366.0,34424.1640625,-58.1640625,58.1640625,3383.0581665039062
2001-06-17 19:00:00,33649.0,33711.00390625,-62.00390625,62.00390625,3844.484390258789
2001-06-17 20:00:00,33407.0,33655.42578125,-248.42578125,248.42578125,61715.36878967285
2001-06-17 21:00:00,34349.0,33117.95703125,1231.04296875,1231.04296875,1515466.7909088135
2001-06-17 22:00:00,32732.0,32941.72265625,-209.72265625,209.72265625,43983.592544555664
2001-06-17 23:00:00,29670.0,30472.67578125,-802.67578125,802.67578125,644288.4098052979
2001-06-18 00:00:00,27053.0,27237.5078125,-184.5078125,184.5078125,34043.132873535156
2001-06-18 01:00:00,25251.0,25914.04296875,-663.04296875,663.04296875,439625.9784088135
2001-06-18 02:00:00,24264.0,24424.783203125,-160.783203125,160.783203125,25851.23840713501
2001-06-18 03:00:00,23710.0,23851.728515625,-141.728515625,141.728515625,20086.97214126587
2001-06-18 04:00:00,23851.0,23826.34375,24.65625,24.65625,607.9306640625
2001-06-18 05:00:00,24854.0,24902.095703125,-48.095703125,48.095703125,2313.1966590881348
2001-06-18 06:00:00,27407.0,26745.001953125,661.998046875,661.998046875,438241.4140663147
2001-06-18 07:00:00,31134.0,30393.58984375,740.41015625,740.41015625,548207.1994781494
2001-06-18 08:00:00,33878.0,33743.38671875,134.61328125,134.61328125,18120.7354888916
2001-06-18 09:00:00,35729.0,35832.96484375,-103.96484375,103.96484375,10808.688735961914
2001-06-18 10:00:00,37337.0,37713.76171875,-376.76171875,376.76171875,141949.3927154541
2001-06-18 11:00:00,38466.0,38744.8984375,-278.8984375,278.8984375,77784.3384399414
2001-06-18 12:00:00,39313.0,39257.2578125,55.7421875,55.7421875,3107.1914672851562
2001-06-18 13:00:00,40185.0,40122.734375,62.265625,62.265625,3877.008056640625
2001-06-18 14:00:00,40992.0,41005.3046875,-13.3046875,13.3046875,177.01470947265625
2001-06-18 15:00:00,41689.0,41272.4375,416.5625,416.5625,173524.31640625
2001-06-18 16:00:00,42316.0,41896.92578125,419.07421875,419.07421875,175623.20082092285
2001-06-18 17:00:00,42329.0,42383.32421875,-54.32421875,54.32421875,2951.1207427978516
2001-06-18 18:00:00,41547.0,41727.18359375,-180.18359375,180.18359375,32466.12745666504
2001-06-18 19:00:00,39821.0,40084.02734375,-263.02734375,263.02734375,69183.38356018066
2001-06-18 20:00:00,38664.0,39486.7734375,-822.7734375,822.7734375,676956.1294555664
2001-06-18 21:00:00,38480.0,38224.80078125,255.19921875,255.19921875,65126.64125061035
2001-06-18 22:00:00,35372.0,35277.67578125,94.32421875,94.32421875,8897.058242797852
2001-06-18 23:00:00,31801.0,32038.189453125,-237.189453125,237.189453125,56258.83667373657
2001-06-19 00:00:00,28725.0,28731.9609375,-6.9609375,6.9609375,48.45465087890625
2001-06-19 01:00:00,26638.0,26929.001953125,-291.001953125,291.001953125,84682.1367225647
2001-06-19 02:00:00,25485.0,25589.669921875,-104.669921875,104.669921875,10955.792545318604
2001-06-19 03:00:00,24719.0,24857.923828125,-138.923828125,138.923828125,19299.83002090454
2001-06-19 04:00:00,24778.0,24613.427734375,164.572265625,164.572265625,27084.030612945557
2001-06-19 05:00:00,26049.0,25682.65625,366.34375,366.34375,134207.7431640625
2001-06-19 06:00:00,28608.0,28301.248046875,306.751953125,306.751953125,94096.7607460022
2001-06-19 07:00:00,32392.0,31734.435546875,657.564453125,657.564453125,432391.0100135803
2001-06-19 08:00:00,35480.0,34793.2109375,686.7890625,686.7890625,471679.2163696289
2001-06-19 09:00:00,37770.0,37619.39453125,150.60546875,150.60546875,22682.007217407227
2001-06-19 10:00:00,39850.0,40085.34375,-235.34375,235.34375,55386.6806640625
2001-06-19 11:00:00,41529.0,41609.83203125,-80.83203125,80.83203125,6533.817276000977
2001-06-19 12:00:00,42658.0,42800.83203125,-142.83203125,142.83203125,20400.989151000977
2001-06-19 13:00:00,43917.0,43763.89453125,153.10546875,153.10546875,23441.284561157227
2001-06-19 14:00:00,44791.0,44389.4140625,401.5859375,401.5859375,161271.2651977539
2001-06-19 15:00:00,45511.0,44802.5546875,708.4453125,708.4453125,501894.76080322266
2001-06-19 16:00:00,46165.0,45545.8828125,619.1171875,619.1171875,383306.09185791016
2001-06-19 17:00:00,46128.0,46451.40234375,-323.40234375,323.40234375,104589.07594299316
2001-06-19 18:00:00,44782.0,45373.7265625,-591.7265625,591.7265625,350140.3247680664
2001-06-19 19:00:00,42894.0,42772.296875,121.703125,121.703125,14811.650634765625
2001-06-19 20:00:00,41775.0,42131.296875,-356.296875,356.296875,126947.46313476562
2001-06-19 21:00:00,41396.0,40871.28125,524.71875,524.71875,275329.7666015625
2001-06-19 22:00:00,37564.0,38200.5625,-636.5625,636.5625,405211.81640625
2001-06-19 23:00:00,33660.0,33919.28515625,-259.28515625,259.28515625,67228.79225158691
2001-06-20 00:00:00,30336.0,30456.634765625,-120.634765625,120.634765625,14552.746677398682
2001-06-20 01:00:00,28454.0,28365.8984375,88.1015625,88.1015625,7761.885314941406
2001-06-20 02:00:00,27110.0,27024.037109375,85.962890625,85.962890625,7389.618564605713
2001-06-20 03:00:00,26411.0,26325.3984375,85.6015625,85.6015625,7327.627502441406
2001-06-20 04:00:00,26298.0,26317.00390625,-19.00390625,19.00390625,361.14845275878906
2001-06-20 05:00:00,27481.0,27354.291015625,126.708984375,126.708984375,16055.166721343994
2001-06-20 06:00:00,29978.0,29625.783203125,352.216796875,352.216796875,124056.67200088501
2001-06-20 07:00:00,33698.0,32779.30859375,918.69140625,918.69140625,843993.8999176025
2001-06-20 08:00:00,36732.0,36208.22265625,523.77734375,523.77734375,274342.70582580566
2001-06-20 09:00:00,39293.0,38574.8984375,718.1015625,718.1015625,515669.8540649414
2001-06-20 10:00:00,41554.0,41255.03125,298.96875,298.96875,89382.3134765625
2001-06-20 11:00:00,43506.0,42812.2265625,693.7734375,693.7734375,481321.5825805664
2001-06-20 12:00:00,45219.0,44505.91796875,713.08203125,713.08203125,508485.983291626
2001-06-20 13:00:00,47012.0,46041.60546875,970.39453125,970.39453125,941665.5462799072
2001-06-20 14:00:00,47399.0,47414.9140625,-15.9140625,15.9140625,253.25738525390625
2001-06-20 15:00:00,48042.0,48331.15625,-289.15625,289.15625,83611.3369140625
2001-06-20 16:00:00,48410.0,47814.51171875,595.48828125,595.48828125,354606.2931060791
2001-06-20 17:00:00,47728.0,47767.59375,-39.59375,39.59375,1567.6650390625
2001-06-20 18:00:00,46289.0,47039.74609375,-750.74609375,750.74609375,563619.6972808838
2001-06-20 19:00:00,43677.0,44601.87109375,-924.87109375,924.87109375,855386.5400543213
2001-06-20 20:00:00,42039.0,43051.7421875,-1012.7421875,1012.7421875,1025646.7383422852
2001-06-20 21:00:00,40800.0,41566.12109375,-766.12109375,766.12109375,586941.5302886963
2001-06-20 22:00:00,37511.0,37303.48046875,207.51953125,207.51953125,43064.35585021973
2001-06-20 23:00:00,33842.0,33931.51953125,-89.51953125,89.51953125,8013.746475219727
2001-06-21 00:00:00,30894.0,30619.091796875,274.908203125,274.908203125,75574.52014541626
2001-06-21 01:00:00,28748.0,28968.45703125,-220.45703125,220.45703125,48601.30262756348
2001-06-21 02:00:00,27538.0,27364.869140625,173.130859375,173.130859375,29974.294467926025
2001-06-21 03:00:00,26756.0,26472.517578125,283.482421875,283.482421875,80362.28351211548
2001-06-21 04:00:00,26737.0,26611.23046875,125.76953125,125.76953125,15817.974990844727
2001-06-21 05:00:00,27821.0,27827.1171875,-6.1171875,6.1171875,37.41998291015625
2001-06-21 06:00:00,30475.0,30086.931640625,388.068359375,388.068359375,150597.05154800415
2001-06-21 07:00:00,33895.0,33576.81640625,318.18359375,318.18359375,101240.79933166504
2001-06-21 08:00:00,35973.0,36209.93359375,-236.93359375,236.93359375,56137.52784729004
2001-06-21 09:00:00,37892.0,37606.47265625,285.52734375,285.52734375,81525.86402893066
2001-06-21 10:00:00,39632.0,39740.77734375,-108.77734375,108.77734375,11832.510513305664
2001-06-21 11:00:00,40819.0,40726.7578125,92.2421875,92.2421875,8508.621154785156
2001-06-21 12:00:00,40969.0,41227.1015625,-258.1015625,258.1015625,66616.4165649414
2001-06-21 13:00:00,42254.0,41869.9375,384.0625,384.0625,147504.00390625
2001-06-21 14:00:00,42712.0,42951.234375,-239.234375,239.234375,57233.086181640625
2001-06-21 15:00:00,42718.0,42804.53125,-86.53125,86.53125,7487.6572265625
2001-06-21 16:00:00,42287.0,42588.421875,-301.421875,301.421875,90855.14672851562
2001-06-21 17:00:00,41466.0,41514.75,-48.75,48.75,2376.5625
2001-06-21 18:00:00,40039.0,39694.05078125,344.94921875,344.94921875,118989.96351623535
2001-06-21 19:00:00,38597.0,38302.93359375,294.06640625,294.06640625,86475.05128479004
2001-06-21 20:00:00,38216.0,38098.1640625,117.8359375,117.8359375,13885.308166503906
2001-06-21 21:00:00,37961.0,37312.375,648.625,648.625,420714.390625
2001-06-21 22:00:00,35202.0,35022.90234375,179.09765625,179.09765625,32075.970474243164
2001-06-21 23:00:00,31964.0,32255.580078125,-291.580078125,291.580078125,85018.9419593811
2001-06-22 00:00:00,29400.0,28971.861328125,428.138671875,428.138671875,183302.72235488892
2001-06-22 01:00:00,27715.0,27703.828125,11.171875,11.171875,124.810791015625
2001-06-22 02:00:00,26812.0,26418.572265625,393.427734375,393.427734375,154785.38217544556
2001-06-22 03:00:00,26152.0,25990.30078125,161.69921875,161.69921875,26146.63734436035
2001-06-22 04:00:00,26328.0,26284.654296875,43.345703125,43.345703125,1878.8499794006348
2001-06-22 05:00:00,27534.0,27563.068359375,-29.068359375,29.068359375,844.9695167541504
2001-06-22 06:00:00,29974.0,30498.9375,-524.9375,524.9375,275559.37890625
2001-06-22 07:00:00,33472.0,33041.98046875,430.01953125,430.01953125,184916.79725646973
2001-06-22 08:00:00,36132.0,35923.20703125,208.79296875,208.79296875,43594.50379943848
2001-06-22 09:00:00,37957.0,37994.07421875,-37.07421875,37.07421875,1374.4976959228516
2001-06-22 10:00:00,39702.0,39723.58203125,-21.58203125,21.58203125,465.78407287597656
2001-06-22 11:00:00,41055.0,40955.109375,99.890625,99.890625,9978.136962890625
2001-06-22 12:00:00,41849.0,41864.73828125,-15.73828125,15.73828125,247.69349670410156
2001-06-22 13:00:00,42723.0,42982.1015625,-259.1015625,259.1015625,67133.6196899414
2001-06-22 14:00:00,43193.0,42871.21875,321.78125,321.78125,103543.1728515625
2001-06-22 15:00:00,43186.0,43267.15625,-81.15625,81.15625,6586.3369140625
2001-06-22 16:00:00,42857.0,43162.2734375,-305.2734375,305.2734375,93191.8716430664
2001-06-22 17:00:00,41970.0,42388.546875,-418.546875,418.546875,175181.48657226562
2001-06-22 18:00:00,40145.0,40557.92578125,-412.92578125,412.92578125,170507.70082092285
2001-06-22 19:00:00,38532.0,38439.6484375,92.3515625,92.3515625,8528.811096191406
2001-06-22 20:00:00,37459.0,37833.3046875,-374.3046875,374.3046875,140103.99908447266
2001-06-22 21:00:00,36854.0,36121.1171875,732.8828125,732.8828125,537117.2168579102
2001-06-22 22:00:00,34534.0,34217.03515625,316.96484375,316.96484375,100466.71217346191
2001-06-22 23:00:00,31566.0,31603.369140625,-37.369140625,37.369140625,1396.4526710510254
2001-06-23 00:00:00,28858.0,28818.203125,39.796875,39.796875,1583.791259765625
2001-06-23 01:00:00,27219.0,26849.091796875,369.908203125,369.908203125,136832.07873916626
2001-06-23 02:00:00,25992.0,26061.861328125,-69.861328125,69.861328125,4880.605167388916
2001-06-23 03:00:00,25192.0,25081.474609375,110.525390625,110.525390625,12215.861972808838
2001-06-23 04:00:00,25056.0,24787.390625,268.609375,268.609375,72150.99633789062
2001-06-23 05:00:00,25332.0,25197.33203125,134.66796875,134.66796875,18135.461807250977
2001-06-23 06:00:00,25931.0,25795.357421875,135.642578125,135.642578125,18398.90900039673
2001-06-23 07:00:00,27740.0,28003.068359375,-263.068359375,263.068359375,69204.96170425415
2001-06-23 08:00:00,30327.0,30335.021484375,-8.021484375,8.021484375,64.34421157836914
2001-06-23 09:00:00,32705.0,32810.9296875,-105.9296875,105.9296875,11221.098693847656
2001-06-23 10:00:00,34325.0,34216.70703125,108.29296875,108.29296875,11727.367080688477
2001-06-23 11:00:00,35417.0,35467.29296875,-50.29296875,50.29296875,2529.3827056884766
2001-06-23 12:00:00,35887.0,35791.98828125,95.01171875,95.01171875,9027.226699829102
2001-06-23 13:00:00,35641.0,36110.55078125,-469.55078125,469.55078125,220477.93617248535
2001-06-23 14:00:00,34667.0,35635.5,-968.5,968.5,937992.25
2001-06-23 15:00:00,33835.0,34532.625,-697.625,697.625,486680.640625
2001-06-23 16:00:00,33398.0,33565.66796875,-167.66796875,167.66796875,28112.547744750977
2001-06-23 17:00:00,33149.0,33141.328125,7.671875,7.671875,58.857666015625
2001-06-23 18:00:00,32822.0,32701.607421875,120.392578125,120.392578125,14494.372867584229
2001-06-23 19:00:00,32229.0,32070.033203125,158.966796875,158.966796875,25270.44250869751
2001-06-23 20:00:00,31856.0,31791.234375,64.765625,64.765625,4194.586181640625
2001-06-23 21:00:00,32108.0,30982.6953125,1125.3046875,1125.3046875,1266310.6397094727
2001-06-23 22:00:00,30458.0,30410.978515625,47.021484375,47.021484375,2211.019992828369
2001-06-23 23:00:00,27925.0,28054.900390625,-129.900390625,129.900390625,16874.111484527588
2001-06-24 00:00:00,25682.0,25516.185546875,165.814453125,165.814453125,27494.432865142822
2001-06-24 01:00:00,23884.0,23968.556640625,-84.556640625,84.556640625,7149.8254737854
2001-06-24 02:00:00,22770.0,22914.453125,-144.453125,144.453125,20866.705322265625
2001-06-24 03:00:00,21914.0,22058.16796875,-144.16796875,144.16796875,20784.403213500977
2001-06-24 04:00:00,21576.0,21638.865234375,-62.865234375,62.865234375,3952.0376930236816
2001-06-24 05:00:00,21441.0,21832.794921875,-391.794921875,391.794921875,153503.26080703735
2001-06-24 06:00:00,21238.0,21641.166015625,-403.166015625,403.166015625,162542.83615493774
2001-06-24 07:00:00,22653.0,22385.88671875,267.11328125,267.11328125,71349.5050201416
2001-06-24 08:00:00,24909.0,24602.11328125,306.88671875,306.88671875,94179.4581451416
2001-06-24 09:00:00,26850.0,27049.7265625,-199.7265625,199.7265625,39890.699768066406
2001-06-24 10:00:00,28526.0,28346.70703125,179.29296875,179.29296875,32145.968643188477
2001-06-24 11:00:00,29541.0,29832.92578125,-291.92578125,291.92578125,85220.66175842285
2001-06-24 12:00:00,30320.0,30272.126953125,47.873046875,47.873046875,2291.8286170959473
2001-06-24 13:00:00,30860.0,30786.296875,73.703125,73.703125,5432.150634765625
2001-06-24 14:00:00,31200.0,31029.46484375,170.53515625,170.53515625,29082.239517211914
2001-06-24 15:00:00,31471.0,31576.73046875,-105.73046875,105.73046875,11178.932022094727
2001-06-24 16:00:00,31905.0,31736.349609375,168.650390625,168.650390625,28442.954257965088
2001-06-24 17:00:00,32369.0,32147.48828125,221.51171875,221.51171875,49067.4415435791
2001-06-24 18:00:00,32065.0,32258.03515625,-193.03515625,193.03515625,37262.571548461914
2001-06-24 19:00:00,31447.0,31627.994140625,-180.994140625,180.994140625,32758.878940582275
2001-06-24 20:00:00,31360.0,31598.77734375,-238.77734375,238.77734375,57014.619888305664
2001-06-24 21:00:00,32162.0,31401.93359375,760.06640625,760.06640625,577700.94190979
2001-06-24 22:00:00,30489.0,30680.59375,-191.59375,191.59375,36708.1650390625
2001-06-24 23:00:00,27594.0,28317.02734375,-723.02734375,723.02734375,522768.53981018066
2001-06-25 00:00:00,25348.0,25289.822265625,58.177734375,58.177734375,3384.6487770080566
2001-06-25 01:00:00,23814.0,23884.322265625,-70.322265625,70.322265625,4945.221042633057
2001-06-25 02:00:00,23021.0,23016.765625,4.234375,4.234375,17.929931640625
2001-06-25 03:00:00,22588.0,22552.51953125,35.48046875,35.48046875,1258.8636627197266
2001-06-25 04:00:00,22859.0,22843.91015625,15.08984375,15.08984375,227.70338439941406
2001-06-25 05:00:00,24158.0,24417.01171875,-259.01171875,259.01171875,67087.0704498291
2001-06-25 06:00:00,26625.0,26725.08984375,-100.08984375,100.08984375,10017.976821899414
2001-06-25 07:00:00,30197.0,29847.998046875,349.001953125,349.001953125,121802.3632850647
2001-06-25 08:00:00,32921.0,32917.10546875,3.89453125,3.89453125,15.167373657226562
2001-06-25 09:00:00,35058.0,35030.7265625,27.2734375,27.2734375,743.8403930664062
2001-06-25 10:00:00,36839.0,36847.67578125,-8.67578125,8.67578125,75.26918029785156
2001-06-25 11:00:00,38110.0,38655.10546875,-545.10546875,545.10546875,297139.9720611572
2001-06-25 12:00:00,38926.0,39060.59765625,-134.59765625,134.59765625,18116.529067993164
2001-06-25 13:00:00,39782.0,39927.33203125,-145.33203125,145.33203125,21121.399307250977
2001-06-25 14:00:00,40551.0,40566.12109375,-15.12109375,15.12109375,228.64747619628906
2001-06-25 15:00:00,40953.0,40873.82421875,79.17578125,79.17578125,6268.804336547852
2001-06-25 16:00:00,41254.0,41152.9609375,101.0390625,101.0390625,10208.892150878906
2001-06-25 17:00:00,41376.0,40793.30859375,582.69140625,582.69140625,339529.27491760254
2001-06-25 18:00:00,40435.0,40252.04296875,182.95703125,182.95703125,33473.27528381348
2001-06-25 19:00:00,38953.0,39464.2734375,-511.2734375,511.2734375,261400.5278930664
2001-06-25 20:00:00,37910.0,38668.7890625,-758.7890625,758.7890625,575760.8413696289
2001-06-25 21:00:00,37865.0,37344.76171875,520.23828125,520.23828125,270647.8692779541
2001-06-25 22:00:00,35100.0,34992.08984375,107.91015625,107.91015625,11644.601821899414
2001-06-25 23:00:00,31167.0,31860.77734375,-693.77734375,693.77734375,481327.00270080566
2001-06-26 00:00:00,28222.0,28255.423828125,-33.423828125,33.423828125,1117.152286529541
2001-06-26 01:00:00,26381.0,26505.443359375,-124.443359375,124.443359375,15486.1496925354
2001-06-26 02:00:00,25318.0,25484.876953125,-166.876953125,166.876953125,27847.917484283447
2001-06-26 03:00:00,24569.0,24640.7421875,-71.7421875,71.7421875,5146.941467285156
2001-06-26 04:00:00,24691.0,24507.22265625,183.77734375,183.77734375,33774.112075805664
2001-06-26 05:00:00,25746.0,25728.33984375,17.66015625,17.66015625,311.88111877441406
2001-06-26 06:00:00,28289.0,28274.662109375,14.337890625,14.337890625,205.5751075744629
2001-06-26 07:00:00,31915.0,31394.138671875,520.861328125,520.861328125,271296.5231361389
2001-06-26 08:00:00,34900.0,34183.40234375,716.59765625,716.59765625,513512.20094299316
2001-06-26 09:00:00,37267.0,36903.52734375,363.47265625,363.47265625,132112.37184143066
2001-06-26 10:00:00,39653.0,39232.0078125,420.9921875,420.9921875,177234.42193603516
2001-06-26 11:00:00,41174.0,41105.64453125,68.35546875,68.35546875,4672.470108032227
2001-06-26 12:00:00,42324.0,42378.171875,-54.171875,54.171875,2934.592041015625
2001-06-26 13:00:00,43265.0,43694.39453125,-429.39453125,429.39453125,184379.66346740723
2001-06-26 14:00:00,43833.0,43858.16796875,-25.16796875,25.16796875,633.4266510009766
2001-06-26 15:00:00,44612.0,43956.0078125,655.9921875,655.9921875,430325.75006103516
2001-06-26 16:00:00,45134.0,44452.3125,681.6875,681.6875,464697.84765625
2001-06-26 17:00:00,45193.0,45059.0625,133.9375,133.9375,17939.25390625
2001-06-26 18:00:00,44373.0,44227.6328125,145.3671875,145.3671875,21131.619201660156
2001-06-26 19:00:00,42755.0,42706.41015625,48.58984375,48.58984375,2360.972915649414
2001-06-26 20:00:00,41478.0,41839.66796875,-361.66796875,361.66796875,130803.71961975098
2001-06-26 21:00:00,41367.0,40365.796875,1001.203125,1001.203125,1002407.6975097656
2001-06-26 22:00:00,38273.0,38074.30859375,198.69140625,198.69140625,39478.27491760254
2001-06-26 23:00:00,34168.0,34714.3671875,-546.3671875,546.3671875,298517.10357666016
2001-06-27 00:00:00,30934.0,30983.990234375,-49.990234375,49.990234375,2499.0235328674316
2001-06-27 01:00:00,28791.0,28877.78125,-86.78125,86.78125,7530.9853515625
2001-06-27 02:00:00,27561.0,27364.232421875,196.767578125,196.767578125,38717.47980117798
2001-06-27 03:00:00,26728.0,26594.330078125,133.669921875,133.669921875,17867.648014068604
2001-06-27 04:00:00,26532.0,26362.25390625,169.74609375,169.74609375,28813.73634338379
2001-06-27 05:00:00,27721.0,27798.865234375,-77.865234375,77.865234375,6062.994724273682
2001-06-27 06:00:00,30259.0,29988.0546875,270.9453125,270.9453125,73411.36236572266
2001-06-27 07:00:00,34195.0,33270.5234375,924.4765625,924.4765625,854656.9146118164
2001-06-27 08:00:00,37538.0,36615.95703125,922.04296875,922.04296875,850163.2362213135
2001-06-27 09:00:00,40115.0,39784.72265625,330.27734375,330.27734375,109083.12379455566
2001-06-27 10:00:00,42695.0,42051.31640625,643.68359375,643.68359375,414328.56886291504
2001-06-27 11:00:00,44435.0,43718.67578125,716.32421875,716.32421875,513120.38636779785
2001-06-27 12:00:00,45459.0,45207.75,251.25,251.25,63126.5625
2001-06-27 13:00:00,46686.0,46055.82421875,630.17578125,630.17578125,397121.51527404785
2001-06-27 14:00:00,47561.0,47411.8125,149.1875,149.1875,22256.91015625
2001-06-27 15:00:00,48339.0,48323.98828125,15.01171875,15.01171875,225.35169982910156
2001-06-27 16:00:00,48881.0,47741.00390625,1139.99609375,1139.99609375,1299591.0937652588
2001-06-27 17:00:00,48758.0,47752.3671875,1005.6328125,1005.6328125,1011297.3535766602
2001-06-27 18:00:00,47667.0,46939.1640625,727.8359375,727.8359375,529745.1519165039
2001-06-27 19:00:00,46005.0,46275.734375,-270.734375,270.734375,73297.10180664062
2001-06-27 20:00:00,44925.0,45322.58203125,-397.58203125,397.58203125,158071.47157287598
2001-06-27 21:00:00,44417.0,44503.61328125,-86.61328125,86.61328125,7501.860488891602
2001-06-27 22:00:00,41024.0,40959.69140625,64.30859375,64.30859375,4135.595230102539
2001-06-27 23:00:00,36924.0,37459.69140625,-535.69140625,535.69140625,286965.28273010254
2001-06-28 00:00:00,33575.0,33512.6328125,62.3671875,62.3671875,3889.6660766601562
2001-06-28 01:00:00,31535.0,31183.927734375,351.072265625,351.072265625,123251.73569107056
2001-06-28 02:00:00,30067.0,30240.705078125,-173.705078125,173.705078125,30173.454166412354
2001-06-28 03:00:00,29150.0,29350.265625,-200.265625,200.265625,40106.320556640625
2001-06-28 04:00:00,28991.0,28968.640625,22.359375,22.359375,499.941650390625
2001-06-28 05:00:00,29989.0,30091.044921875,-102.044921875,102.044921875,10413.166080474854
2001-06-28 06:00:00,32549.0,31966.62890625,582.37109375,582.37109375,339156.0908355713
2001-06-28 07:00:00,36261.0,35616.06640625,644.93359375,644.93359375,415939.34034729004
2001-06-28 08:00:00,39589.0,39193.43359375,395.56640625,395.56640625,156472.78175354004
2001-06-28 09:00:00,42162.0,41966.484375,195.515625,195.515625,38226.359619140625
2001-06-28 10:00:00,44664.0,44125.37890625,538.62109375,538.62109375,290112.6826324463
2001-06-28 11:00:00,46402.0,45929.72265625,472.27734375,472.27734375,223045.88941955566
2001-06-28 12:00:00,47730.0,46851.515625,878.484375,878.484375,771734.7971191406
2001-06-28 13:00:00,48833.0,48659.109375,173.890625,173.890625,30237.949462890625
2001-06-28 14:00:00,49539.0,48764.53125,774.46875,774.46875,599801.8447265625
2001-06-28 15:00:00,49843.0,48707.62109375,1135.37890625,1135.37890625,1289085.2607574463
2001-06-28 16:00:00,50157.0,48706.203125,1450.796875,1450.796875,2104811.5725097656
2001-06-28 17:00:00,49840.0,47725.08984375,2114.91015625,2114.91015625,4472844.969009399
2001-06-28 18:00:00,48773.0,46765.9921875,2007.0078125,2007.0078125,4028080.359436035
2001-06-28 19:00:00,47082.0,46220.8203125,861.1796875,861.1796875,741630.4541625977
2001-06-28 20:00:00,45858.0,45434.88671875,423.11328125,423.11328125,179024.8487701416
2001-06-28 21:00:00,45261.0,44686.13671875,574.86328125,574.86328125,330467.7921295166
2001-06-28 22:00:00,41822.0,42135.78125,-313.78125,313.78125,98458.6728515625
2001-06-28 23:00:00,37482.0,38378.63671875,-896.63671875,896.63671875,803957.4054107666
2001-06-29 00:00:00,34165.0,34145.0078125,19.9921875,19.9921875,399.68756103515625
2001-06-29 01:00:00,32066.0,32030.44140625,35.55859375,35.55859375,1264.413589477539
2001-06-29 02:00:00,30633.0,30581.990234375,51.009765625,51.009765625,2601.9961891174316
2001-06-29 03:00:00,29479.0,29686.646484375,-207.646484375,207.646484375,43117.06247329712
2001-06-29 04:00:00,29384.0,29136.427734375,247.572265625,247.572265625,61292.02670669556
2001-06-29 05:00:00,30387.0,30397.177734375,-10.177734375,10.177734375,103.58627700805664
2001-06-29 06:00:00,32628.0,32989.95703125,-361.95703125,361.95703125,131012.89247131348
2001-06-29 07:00:00,36203.0,35978.15625,224.84375,224.84375,50554.7119140625
2001-06-29 08:00:00,39302.0,39176.953125,125.046875,125.046875,15636.720947265625
2001-06-29 09:00:00,41868.0,41624.80859375,243.19140625,243.19140625,59142.06007385254
2001-06-29 10:00:00,44081.0,44182.30859375,-101.30859375,101.30859375,10263.431167602539
2001-06-29 11:00:00,45783.0,45780.99609375,2.00390625,2.00390625,4.0156402587890625
2001-06-29 12:00:00,46887.0,46159.35546875,727.64453125,727.64453125,529466.5638580322
2001-06-29 13:00:00,47922.0,47155.671875,766.328125,766.328125,587258.7951660156
2001-06-29 14:00:00,48397.0,48233.81640625,163.18359375,163.18359375,26628.88526916504
2001-06-29 15:00:00,48415.0,48479.13671875,-64.13671875,64.13671875,4113.518692016602
2001-06-29 16:00:00,48199.0,48258.203125,-59.203125,59.203125,3505.010009765625
2001-06-29 17:00:00,47449.0,47961.8671875,-512.8671875,512.8671875,263032.75201416016
2001-06-29 18:00:00,45932.0,46258.18359375,-326.18359375,326.18359375,106395.73683166504
2001-06-29 19:00:00,44229.0,44340.03515625,-111.03515625,111.03515625,12328.805923461914
2001-06-29 20:00:00,43073.0,43461.7109375,-388.7109375,388.7109375,151096.1929321289
2001-06-29 21:00:00,42579.0,42251.08203125,327.91796875,327.91796875,107530.19422912598
2001-06-29 22:00:00,40001.0,39794.859375,206.140625,206.140625,42493.957275390625
2001-06-29 23:00:00,36869.0,36454.9375,414.0625,414.0625,171447.75390625
2001-06-30 00:00:00,34004.0,33493.3984375,510.6015625,510.6015625,260713.9556274414
2001-06-30 01:00:00,31711.0,31736.611328125,-25.611328125,25.611328125,655.940128326416
2001-06-30 02:00:00,30321.0,29936.029296875,384.970703125,384.970703125,148202.44226455688
2001-06-30 03:00:00,29299.0,28934.5703125,364.4296875,364.4296875,132808.99713134766
2001-06-30 04:00:00,28779.0,28806.759765625,-27.759765625,27.759765625,770.6045875549316
2001-06-30 05:00:00,28647.0,28526.650390625,120.349609375,120.349609375,14484.028476715088
2001-06-30 06:00:00,29123.0,29071.986328125,51.013671875,51.013671875,2602.394718170166
2001-06-30 07:00:00,31786.0,30953.24609375,832.75390625,832.75390625,693479.0683746338
2001-06-30 08:00:00,35923.0,35078.99609375,844.00390625,844.00390625,712342.5937652588
2001-06-30 09:00:00,39541.0,38505.4609375,1035.5390625,1035.5390625,1072341.149963379
2001-06-30 10:00:00,42404.0,42149.5078125,254.4921875,254.4921875,64766.273498535156
2001-06-30 11:00:00,44584.0,43925.640625,658.359375,658.359375,433437.0666503906
2001-06-30 12:00:00,45563.0,44810.65625,752.34375,752.34375,566021.1181640625
2001-06-30 13:00:00,45903.0,45529.828125,373.171875,373.171875,139257.24829101562
2001-06-30 14:00:00,46032.0,45570.0078125,461.9921875,461.9921875,213436.78131103516
2001-06-30 15:00:00,45934.0,46219.6953125,-285.6953125,285.6953125,81621.81158447266
2001-06-30 16:00:00,45698.0,45636.45703125,61.54296875,61.54296875,3787.5370025634766
2001-06-30 17:00:00,44899.0,44220.99609375,678.00390625,678.00390625,459689.2968902588
2001-06-30 18:00:00,43592.0,43498.52734375,93.47265625,93.47265625,8737.137466430664
2001-06-30 19:00:00,42234.0,42312.3671875,-78.3671875,78.3671875,6141.416076660156
2001-06-30 20:00:00,41494.0,41486.28125,7.71875,7.71875,59.5791015625
2001-06-30 21:00:00,41069.0,40665.19921875,403.80078125,403.80078125,163055.07093811035
2001-06-30 22:00:00,38596.0,38576.9296875,19.0703125,19.0703125,363.67681884765625
2001-06-30 23:00:00,35760.0,35869.1484375,-109.1484375,109.1484375,11913.381408691406
2001-07-01 00:00:00,32664.0,32745.8359375,-81.8359375,81.8359375,6697.120666503906
2001-07-01 01:00:00,30571.0,30623.56640625,-52.56640625,52.56640625,2763.227066040039
2001-07-01 02:00:00,29179.0,29039.791015625,139.208984375,139.208984375,19379.141330718994
2001-07-01 03:00:00,28221.0,28256.99609375,-35.99609375,35.99609375,1295.718765258789
2001-07-01 04:00:00,27587.0,27403.01171875,183.98828125,183.98828125,33851.6876373291
2001-07-01 05:00:00,27080.0,27098.955078125,-18.955078125,18.955078125,359.2949867248535
2001-07-01 06:00:00,27173.0,27540.310546875,-367.310546875,367.310546875,134917.03784561157
2001-07-01 07:00:00,29054.0,28614.79296875,439.20703125,439.20703125,192902.81629943848
2001-07-01 08:00:00,32184.0,32154.107421875,29.892578125,29.892578125,893.5662269592285
2001-07-01 09:00:00,35351.0,35261.1484375,89.8515625,89.8515625,8073.303283691406
2001-07-01 10:00:00,37778.0,38006.0234375,-228.0234375,228.0234375,51994.688049316406
2001-07-01 11:00:00,39361.0,39991.51953125,-630.51953125,630.51953125,397554.8792877197
2001-07-01 12:00:00,40609.0,40595.703125,13.296875,13.296875,176.806884765625
2001-07-01 13:00:00,41391.0,41032.59375,358.40625,358.40625,128455.0400390625
2001-07-01 14:00:00,41616.0,41848.91796875,-232.91796875,232.91796875,54250.78016662598
2001-07-01 15:00:00,41494.0,41703.9453125,-209.9453125,209.9453125,44077.034240722656
2001-07-01 16:00:00,40428.0,41827.21484375,-1399.21484375,1399.21484375,1957802.178970337
2001-07-01 17:00:00,39076.0,40032.1015625,-956.1015625,956.1015625,914130.1978149414
2001-07-01 18:00:00,36527.0,38345.15625,-1818.15625,1818.15625,3305692.1494140625
2001-07-01 19:00:00,34534.0,35632.1171875,-1098.1171875,1098.1171875,1205861.3574829102
2001-07-01 20:00:00,33911.0,34316.70703125,-405.70703125,405.70703125,164598.19520568848
2001-07-01 21:00:00,33781.0,33589.4140625,191.5859375,191.5859375,36705.171447753906
2001-07-01 22:00:00,31910.0,32129.193359375,-219.193359375,219.193359375,48045.7287940979
2001-07-01 23:00:00,29180.0,29592.896484375,-412.896484375,412.896484375,170483.50680923462
2001-07-02 00:00:00,26775.0,26687.892578125,87.107421875,87.107421875,7587.7029457092285
2001-07-02 01:00:00,25183.0,25322.591796875,-139.591796875,139.591796875,19485.86975479126
2001-07-02 02:00:00,23479.0,24246.86328125,-767.86328125,767.86328125,589614.0186920166
2001-07-02 03:00:00,22654.0,22822.83203125,-168.83203125,168.83203125,28504.254776000977
2001-07-02 04:00:00,22915.0,22489.99609375,425.00390625,425.00390625,180628.3203277588
2001-07-02 05:00:00,23432.0,23899.3125,-467.3125,467.3125,218380.97265625
2001-07-02 06:00:00,25059.0,25311.232421875,-252.232421875,252.232421875,63621.19464492798
2001-07-02 07:00:00,27787.0,27873.81640625,-86.81640625,86.81640625,7537.088394165039
2001-07-02 08:00:00,29572.0,30234.48046875,-662.48046875,662.48046875,438880.3714752197
2001-07-02 09:00:00,30698.0,31445.337890625,-747.337890625,747.337890625,558513.9227638245
2001-07-02 10:00:00,31582.0,31548.1953125,33.8046875,33.8046875,1142.7568969726562
2001-07-02 11:00:00,32055.0,32315.96484375,-260.96484375,260.96484375,68102.64967346191
2001-07-02 12:00:00,32152.0,31963.41796875,188.58203125,188.58203125,35563.18251037598
2001-07-02 13:00:00,32348.0,32058.935546875,289.064453125,289.064453125,83558.25806045532
2001-07-02 14:00:00,32620.0,32110.724609375,509.275390625,509.275390625,259361.42349624634
2001-07-02 15:00:00,32690.0,32834.47265625,-144.47265625,144.47265625,20872.348403930664
2001-07-02 16:00:00,32934.0,32818.63671875,115.36328125,115.36328125,13308.686660766602
2001-07-02 17:00:00,32881.0,32550.48046875,330.51953125,330.51953125,109243.16053771973
2001-07-02 18:00:00,32145.0,32190.1875,-45.1875,45.1875,2041.91015625
2001-07-02 19:00:00,31040.0,31402.57421875,-362.57421875,362.57421875,131460.06410217285
2001-07-02 20:00:00,30469.0,30976.556640625,-507.556640625,507.556640625,257613.7434425354
2001-07-02 21:00:00,30817.0,30293.013671875,523.986328125,523.986328125,274561.67206192017
2001-07-02 22:00:00,28316.0,29151.01171875,-835.01171875,835.01171875,697244.5704498291
2001-07-02 23:00:00,25448.0,25800.009765625,-352.009765625,352.009765625,123910.87509536743
2001-07-03 00:00:00,23122.0,23135.583984375,-13.583984375,13.583984375,184.52463150024414
2001-07-03 01:00:00,21859.0,21739.12109375,119.87890625,119.87890625,14370.952163696289
2001-07-03 02:00:00,21123.0,21147.43359375,-24.43359375,24.43359375,597.0005035400391
2001-07-03 03:00:00,20820.0,20738.51953125,81.48046875,81.48046875,6639.066787719727
2001-07-03 04:00:00,21173.0,20858.984375,314.015625,314.015625,98605.81274414062
2001-07-03 05:00:00,22197.0,22465.005859375,-268.005859375,268.005859375,71827.14065933228
2001-07-03 06:00:00,24356.0,24913.3046875,-557.3046875,557.3046875,310588.51470947266
2001-07-03 07:00:00,27237.0,27189.373046875,47.626953125,47.626953125,2268.3266639709473
2001-07-03 08:00:00,29482.0,29516.51171875,-34.51171875,34.51171875,1191.0587310791016
2001-07-03 09:00:00,31031.0,30916.255859375,114.744140625,114.744140625,13166.217807769775
2001-07-03 10:00:00,32065.0,32173.248046875,-108.248046875,108.248046875,11717.639652252197
2001-07-03 11:00:00,32882.0,32791.4140625,90.5859375,90.5859375,8205.812072753906
2001-07-03 12:00:00,33246.0,33393.2265625,-147.2265625,147.2265625,21675.660705566406
2001-07-03 13:00:00,33737.0,33667.640625,69.359375,69.359375,4810.722900390625
2001-07-03 14:00:00,33895.0,34224.93359375,-329.93359375,329.93359375,108856.17628479004
2001-07-03 15:00:00,33850.0,33870.421875,-20.421875,20.421875,417.052978515625
2001-07-03 16:00:00,33753.0,33567.4375,185.5625,185.5625,34433.44140625
2001-07-03 17:00:00,33492.0,33231.046875,260.953125,260.953125,68096.53344726562
2001-07-03 18:00:00,32455.0,32426.6640625,28.3359375,28.3359375,802.9253540039062
2001-07-03 19:00:00,31343.0,31483.05859375,-140.05859375,140.05859375,19616.40968322754
2001-07-03 20:00:00,30995.0,31365.080078125,-370.080078125,370.080078125,136959.2642250061
2001-07-03 21:00:00,31541.0,30535.751953125,1005.248046875,1005.248046875,1010523.6357460022
2001-07-03 22:00:00,29627.0,29262.91796875,364.08203125,364.08203125,132555.72547912598
2001-07-03 23:00:00,27072.0,26780.5390625,291.4609375,291.4609375,84949.4780883789
2001-07-04 00:00:00,25058.0,24506.548828125,551.451171875,551.451171875,304098.3949623108
2001-07-04 01:00:00,23603.0,23426.26171875,176.73828125,176.73828125,31236.4200592041
2001-07-04 02:00:00,22753.0,22336.47265625,416.52734375,416.52734375,173495.02809143066
2001-07-04 03:00:00,22242.0,21941.6484375,300.3515625,300.3515625,90211.0610961914
2001-07-04 04:00:00,22046.0,22019.984375,26.015625,26.015625,676.812744140625
2001-07-04 05:00:00,22331.0,22285.248046875,45.751953125,45.751953125,2093.2412147521973
2001-07-04 06:00:00,22560.0,24050.4765625,-1490.4765625,1490.4765625,2221520.3833618164
2001-07-04 07:00:00,23365.0,24030.099609375,-665.099609375,665.099609375,442357.4903907776
2001-07-04 08:00:00,25507.0,25590.958984375,-83.958984375,83.958984375,7049.111057281494
2001-07-04 09:00:00,27960.0,27827.787109375,132.212890625,132.212890625,17480.248447418213
2001-07-04 10:00:00,29817.0,29390.44140625,426.55859375,426.55859375,181952.23390197754
2001-07-04 11:00:00,31218.0,30585.560546875,632.439453125,632.439453125,399979.6618690491
2001-07-04 12:00:00,32018.0,31633.384765625,384.615234375,384.615234375,147928.87851333618
2001-07-04 13:00:00,32624.0,32311.69140625,312.30859375,312.30859375,97536.65773010254
2001-07-04 14:00:00,33284.0,32998.59375,285.40625,285.40625,81456.7275390625
2001-07-04 15:00:00,33779.0,33434.7265625,344.2734375,344.2734375,118524.1997680664
2001-07-04 16:00:00,34316.0,33990.609375,325.390625,325.390625,105879.05883789062
2001-07-04 17:00:00,34110.0,34301.2734375,-191.2734375,191.2734375,36585.527893066406
2001-07-04 18:00:00,33157.0,33519.4140625,-362.4140625,362.4140625,131343.9526977539
2001-07-04 19:00:00,32282.0,32121.455078125,160.544921875,160.544921875,25774.671939849854
2001-07-04 20:00:00,32303.0,31820.123046875,482.876953125,482.876953125,233170.15185928345
2001-07-04 21:00:00,32240.0,32098.69140625,141.30859375,141.30859375,19968.11866760254
2001-07-04 22:00:00,31055.0,30458.806640625,596.193359375,596.193359375,355446.5217628479
2001-07-04 23:00:00,28791.0,28690.111328125,100.888671875,100.888671875,10178.524112701416
2001-07-05 00:00:00,26575.0,26366.53515625,208.46484375,208.46484375,43457.591079711914
2001-07-05 01:00:00,24934.0,24781.416015625,152.583984375,152.583984375,23281.872287750244
2001-07-05 02:00:00,23986.0,24053.099609375,-67.099609375,67.099609375,4502.357578277588
2001-07-05 03:00:00,23404.0,23645.083984375,-241.083984375,241.083984375,58121.487522125244
2001-07-05 04:00:00,23460.0,23630.2265625,-170.2265625,170.2265625,28977.082580566406
2001-07-05 05:00:00,24460.0,24383.986328125,76.013671875,76.013671875,5778.078311920166
2001-07-05 06:00:00,26600.0,25912.08203125,687.91796875,687.91796875,473231.131729126
2001-07-05 07:00:00,30277.0,29696.458984375,580.541015625,580.541015625,337027.8708229065
2001-07-05 08:00:00,33418.0,32693.63671875,724.36328125,724.36328125,524702.1632232666
2001-07-05 09:00:00,35697.0,34979.9296875,717.0703125,717.0703125,514189.83306884766
2001-07-05 10:00:00,37804.0,37334.21484375,469.78515625,469.78515625,220698.0930328369
2001-07-05 11:00:00,39017.0,39545.62109375,-528.62109375,528.62109375,279440.2607574463
2001-07-05 12:00:00,39933.0,39943.6953125,-10.6953125,10.6953125,114.38970947265625
2001-07-05 13:00:00,40460.0,40657.234375,-197.234375,197.234375,38901.398681640625
2001-07-05 14:00:00,40541.0,41072.9921875,-531.9921875,531.9921875,283015.68756103516
2001-07-05 15:00:00,40285.0,40916.58984375,-631.58984375,631.58984375,398905.7307281494
2001-07-05 16:00:00,39917.0,40422.51953125,-505.51953125,505.51953125,255549.99647521973
2001-07-05 17:00:00,39086.0,39508.40625,-422.40625,422.40625,178427.0400390625
2001-07-05 18:00:00,37690.0,37998.3984375,-308.3984375,308.3984375,95109.5962524414
2001-07-05 19:00:00,36136.0,36264.5625,-128.5625,128.5625,16528.31640625
2001-07-05 20:00:00,35026.0,35725.96875,-699.96875,699.96875,489956.2509765625
2001-07-05 21:00:00,34262.0,34592.28125,-330.28125,330.28125,109085.7041015625
2001-07-05 22:00:00,31613.0,31415.8125,197.1875,197.1875,38882.91015625
2001-07-05 23:00:00,28589.0,28836.857421875,-247.857421875,247.857421875,61433.30157852173
2001-07-06 00:00:00,25967.0,26045.09375,-78.09375,78.09375,6098.6337890625
2001-07-06 01:00:00,24476.0,24449.375,26.625,26.625,708.890625
2001-07-06 02:00:00,23522.0,23701.763671875,-179.763671875,179.763671875,32314.977725982666
2001-07-06 03:00:00,22834.0,22911.181640625,-77.181640625,77.181640625,5957.00564956665
2001-07-06 04:00:00,22753.0,22738.859375,14.140625,14.140625,199.957275390625
2001-07-06 05:00:00,23432.0,23634.080078125,-202.080078125,202.080078125,40836.3579750061
2001-07-06 06:00:00,25220.0,25234.25,-14.25,14.25,203.0625
2001-07-06 07:00:00,28207.0,28202.765625,4.234375,4.234375,17.929931640625
2001-07-06 08:00:00,30569.0,30272.44140625,296.55859375,296.55859375,87946.99952697754
2001-07-06 09:00:00,32080.0,32990.12890625,-910.12890625,910.12890625,828334.6259918213
2001-07-06 10:00:00,33016.0,33382.046875,-366.046875,366.046875,133990.31469726562
2001-07-06 11:00:00,33523.0,33757.5390625,-234.5390625,234.5390625,55008.571838378906
2001-07-06 12:00:00,33658.0,33855.66015625,-197.66015625,197.66015625,39069.537368774414
2001-07-06 13:00:00,33980.0,33922.65625,57.34375,57.34375,3288.3056640625
2001-07-06 14:00:00,34023.0,34125.69921875,-102.69921875,102.69921875,10547.129531860352
2001-07-06 15:00:00,34038.0,34008.8828125,29.1171875,29.1171875,847.8106079101562
2001-07-06 16:00:00,34073.0,33941.58984375,131.41015625,131.41015625,17268.629165649414
2001-07-06 17:00:00,33775.0,33834.62109375,-59.62109375,59.62109375,3554.674819946289
2001-07-06 18:00:00,32926.0,32547.01171875,378.98828125,378.98828125,143632.1173248291
2001-07-06 19:00:00,31521.0,32352.748046875,-831.748046875,831.748046875,691804.8134803772
2001-07-06 20:00:00,30596.0,31354.404296875,-758.404296875,758.404296875,575177.0775184631
2001-07-06 21:00:00,30726.0,30060.220703125,665.779296875,665.779296875,443262.0721473694
2001-07-06 22:00:00,28692.0,28849.181640625,-157.181640625,157.181640625,24706.06814956665
2001-07-06 23:00:00,26202.0,26261.029296875,-59.029296875,59.029296875,3484.4578895568848
2001-07-07 00:00:00,23644.0,24026.935546875,-382.935546875,382.935546875,146639.63306045532
2001-07-07 01:00:00,22307.0,22042.150390625,264.849609375,264.849609375,70145.31558609009
2001-07-07 02:00:00,21275.0,21446.5859375,-171.5859375,171.5859375,29441.733947753906
2001-07-07 03:00:00,20767.0,20696.564453125,70.435546875,70.435546875,4961.166263580322
2001-07-07 04:00:00,20601.0,20643.248046875,-42.248046875,42.248046875,1784.8974647521973
2001-07-07 05:00:00,20907.0,20785.93359375,121.06640625,121.06640625,14657.074722290039
2001-07-07 06:00:00,21442.0,21458.4609375,-16.4609375,16.4609375,270.96246337890625
2001-07-07 07:00:00,23045.0,22945.73828125,99.26171875,99.26171875,9852.888809204102
2001-07-07 08:00:00,25671.0,25579.07421875,91.92578125,91.92578125,8450.349258422852
2001-07-07 09:00:00,27937.0,27775.25390625,161.74609375,161.74609375,26161.79884338379
2001-07-07 10:00:00,29723.0,29345.12109375,377.87890625,377.87890625,142792.4677886963
2001-07-07 11:00:00,30499.0,30275.798828125,223.201171875,223.201171875,49818.76312637329
2001-07-07 12:00:00,30986.0,30599.48046875,386.51953125,386.51953125,149397.34803771973
2001-07-07 13:00:00,31093.0,31109.736328125,-16.736328125,16.736328125,280.104679107666
2001-07-07 14:00:00,31439.0,30956.861328125,482.138671875,482.138671875,232457.69891738892
2001-07-07 15:00:00,31720.0,31753.478515625,-33.478515625,33.478515625,1120.8110084533691
2001-07-07 16:00:00,32233.0,31657.396484375,575.603515625,575.603515625,331319.4071998596
2001-07-07 17:00:00,32616.0,31971.810546875,644.189453125,644.189453125,414980.0515174866
2001-07-07 18:00:00,32182.0,32041.59375,140.40625,140.40625,19713.9150390625
2001-07-07 19:00:00,31289.0,31182.78125,106.21875,106.21875,11282.4228515625
2001-07-07 20:00:00,31008.0,31287.537109375,-279.537109375,279.537109375,78140.99551773071
2001-07-07 21:00:00,31293.0,30719.08203125,573.91796875,573.91796875,329381.834854126
2001-07-07 22:00:00,29721.0,29532.533203125,188.466796875,188.466796875,35519.73352432251
2001-07-07 23:00:00,27754.0,27197.2890625,556.7109375,556.7109375,309927.0679321289
2001-07-08 00:00:00,25581.0,25353.390625,227.609375,227.609375,51806.027587890625
2001-07-08 01:00:00,24020.0,23902.884765625,117.115234375,117.115234375,13715.978122711182
2001-07-08 02:00:00,23115.0,23070.951171875,44.048828125,44.048828125,1940.299259185791
2001-07-08 03:00:00,22546.0,22249.08984375,296.91015625,296.91015625,88155.64088439941
2001-07-08 04:00:00,22272.0,21984.548828125,287.451171875,287.451171875,82628.17621231079
2001-07-08 05:00:00,22338.0,22292.001953125,45.998046875,45.998046875,2115.8203163146973
2001-07-08 06:00:00,22473.0,22314.744140625,158.255859375,158.255859375,25044.917026519775
2001-07-08 07:00:00,23249.0,23048.5234375,200.4765625,200.4765625,40190.852111816406
2001-07-08 08:00:00,24842.0,24917.720703125,-75.720703125,75.720703125,5733.624881744385
2001-07-08 09:00:00,26559.0,26652.322265625,-93.322265625,93.322265625,8709.045261383057
2001-07-08 10:00:00,28220.0,28213.462890625,6.537109375,6.537109375,42.73379898071289
2001-07-08 11:00:00,29384.0,29564.27734375,-180.27734375,180.27734375,32499.920669555664
2001-07-08 12:00:00,30112.0,30205.875,-93.875,93.875,8812.515625
2001-07-08 13:00:00,30686.0,30491.783203125,194.216796875,194.216796875,37720.16418838501
2001-07-08 14:00:00,31053.0,30848.384765625,204.615234375,204.615234375,41867.39413833618
2001-07-08 15:00:00,31473.0,31402.744140625,70.255859375,70.255859375,4935.885776519775
2001-07-08 16:00:00,32073.0,31752.279296875,320.720703125,320.720703125,102861.76941299438
2001-07-08 17:00:00,32686.0,32181.71875,504.28125,504.28125,254299.5791015625
2001-07-08 18:00:00,32932.0,32897.6484375,34.3515625,34.3515625,1180.0298461914062
2001-07-08 19:00:00,32728.0,32546.99609375,181.00390625,181.00390625,32762.41407775879
2001-07-08 20:00:00,33141.0,32950.70703125,190.29296875,190.29296875,36211.41395568848
2001-07-08 21:00:00,33757.0,33105.64453125,651.35546875,651.35546875,424263.9466705322
2001-07-08 22:00:00,32327.0,32226.650390625,100.349609375,100.349609375,10070.044101715088
2001-07-08 23:00:00,29768.0,30043.068359375,-275.068359375,275.068359375,75662.60232925415
2001-07-09 00:00:00,27692.0,27548.58984375,143.41015625,143.41015625,20566.472915649414
2001-07-09 01:00:00,26096.0,26306.87890625,-210.87890625,210.87890625,44469.91310119629
2001-07-09 02:00:00,25355.0,25269.4375,85.5625,85.5625,7320.94140625
2001-07-09 03:00:00,24791.0,25032.666015625,-241.666015625,241.666015625,58402.463108062744
2001-07-09 04:00:00,24910.0,25041.375,-131.375,131.375,17259.390625
2001-07-09 05:00:00,26253.0,25983.892578125,269.107421875,269.107421875,72418.80450820923
2001-07-09 06:00:00,28646.0,29072.916015625,-426.916015625,426.916015625,182257.28439712524
2001-07-09 07:00:00,32163.0,31515.37109375,647.62890625,647.62890625,419423.2002105713
2001-07-09 08:00:00,35325.0,34969.08203125,355.91796875,355.91796875,126677.60047912598
2001-07-09 09:00:00,37903.0,37661.8046875,241.1953125,241.1953125,58175.178771972656
2001-07-09 10:00:00,39781.0,40313.35546875,-532.35546875,532.35546875,283402.3451080322
2001-07-09 11:00:00,41195.0,41648.14453125,-453.14453125,453.14453125,205339.96620178223
2001-07-09 12:00:00,42467.0,42498.01171875,-31.01171875,31.01171875,961.7266998291016
2001-07-09 13:00:00,43617.0,43603.51171875,13.48828125,13.48828125,181.93373107910156
2001-07-09 14:00:00,44460.0,44007.72265625,452.27734375,452.27734375,204554.79566955566
2001-07-09 15:00:00,45157.0,44666.35546875,490.64453125,490.64453125,240732.05604553223
2001-07-09 16:00:00,45789.0,45736.4140625,52.5859375,52.5859375,2765.2808227539062
2001-07-09 17:00:00,46006.0,45366.81640625,639.18359375,639.18359375,408555.66651916504
2001-07-09 18:00:00,45320.0,45362.1640625,-42.1640625,42.1640625,1777.8081665039062
2001-07-09 19:00:00,43698.0,44155.9375,-457.9375,457.9375,209706.75390625
2001-07-09 20:00:00,42305.0,43098.46484375,-793.46484375,793.46484375,629586.4582672119
2001-07-09 21:00:00,41884.0,41383.2421875,500.7578125,500.7578125,250758.38677978516
2001-07-09 22:00:00,38539.0,38772.453125,-233.453125,233.453125,54500.361572265625
2001-07-09 23:00:00,34702.0,34960.43359375,-258.43359375,258.43359375,66787.92237854004
2001-07-10 00:00:00,31625.0,31803.548828125,-178.548828125,178.548828125,31879.68402481079
2001-07-10 01:00:00,29443.0,29315.740234375,127.259765625,127.259765625,16195.047946929932
2001-07-10 02:00:00,28084.0,28301.75390625,-217.75390625,217.75390625,47416.76368713379
2001-07-10 03:00:00,27227.0,27407.69921875,-180.69921875,180.69921875,32652.20765686035
2001-07-10 04:00:00,26992.0,27179.703125,-187.703125,187.703125,35232.463134765625
2001-07-10 05:00:00,28151.0,27847.787109375,303.212890625,303.212890625,91938.05704116821
2001-07-10 06:00:00,30368.0,30230.92578125,137.07421875,137.07421875,18789.34144592285
2001-07-10 07:00:00,34210.0,33422.125,787.875,787.875,620747.015625
2001-07-10 08:00:00,37241.0,37195.71875,45.28125,45.28125,2050.3916015625
2001-07-10 09:00:00,40007.0,39076.58203125,930.41796875,930.41796875,865677.596572876
2001-07-10 10:00:00,42623.0,42161.87109375,461.12890625,461.12890625,212639.8681793213
2001-07-10 11:00:00,44625.0,44097.83203125,527.16796875,527.16796875,277906.067276001
2001-07-10 12:00:00,45556.0,45543.55859375,12.44140625,12.44140625,154.78858947753906
2001-07-10 13:00:00,46690.0,46610.21875,79.78125,79.78125,6365.0478515625
2001-07-10 14:00:00,47157.0,47578.38671875,-421.38671875,421.38671875,177566.7667388916
2001-07-10 15:00:00,46773.0,47363.36328125,-590.36328125,590.36328125,348528.8038482666
2001-07-10 16:00:00,46449.0,46712.19921875,-263.19921875,263.19921875,69273.82875061035
2001-07-10 17:00:00,45174.0,46816.13671875,-1642.13671875,1642.13671875,2696613.0030670166
2001-07-10 18:00:00,43266.0,44362.171875,-1096.171875,1096.171875,1201592.7795410156
2001-07-10 19:00:00,41340.0,41924.1015625,-584.1015625,584.1015625,341174.6353149414
2001-07-10 20:00:00,40372.0,41122.62890625,-750.62890625,750.62890625,563443.7548980713
2001-07-10 21:00:00,39654.0,39822.41796875,-168.41796875,168.41796875,28364.612197875977
2001-07-10 22:00:00,36319.0,36372.7265625,-53.7265625,53.7265625,2886.5435180664062
2001-07-10 23:00:00,33207.0,32896.9609375,310.0390625,310.0390625,96124.2202758789
2001-07-11 00:00:00,30057.0,30261.4296875,-204.4296875,204.4296875,41791.497131347656
2001-07-11 01:00:00,28214.0,28221.060546875,-7.060546875,7.060546875,49.851322174072266
2001-07-11 02:00:00,27018.0,26989.263671875,28.736328125,28.736328125,825.776554107666
2001-07-11 03:00:00,26399.0,26181.900390625,217.099609375,217.099609375,47132.24039077759
2001-07-11 04:00:00,26461.0,26399.455078125,61.544921875,61.544921875,3787.7774085998535
2001-07-11 05:00:00,27703.0,27549.74609375,153.25390625,153.25390625,23486.75978088379
2001-07-11 06:00:00,30045.0,30236.08984375,-191.08984375,191.08984375,36515.328384399414
2001-07-11 07:00:00,33062.0,32730.6875,331.3125,331.3125,109767.97265625
2001-07-11 08:00:00,35382.0,35442.4375,-60.4375,60.4375,3652.69140625
2001-07-11 09:00:00,37343.0,37031.09765625,311.90234375,311.90234375,97283.07203674316
2001-07-11 10:00:00,38960.0,38948.66796875,11.33203125,11.33203125,128.41493225097656
2001-07-11 11:00:00,40176.0,40470.51171875,-294.51171875,294.51171875,86737.1524810791
2001-07-11 12:00:00,40918.0,40882.69921875,35.30078125,35.30078125,1246.1451568603516
2001-07-11 13:00:00,41444.0,41851.83984375,-407.83984375,407.83984375,166333.3381500244
2001-07-11 14:00:00,41745.0,42018.23046875,-273.23046875,273.23046875,74654.88905334473
2001-07-11 15:00:00,41735.0,42414.7890625,-679.7890625,679.7890625,462113.1694946289
2001-07-11 16:00:00,41775.0,42500.42578125,-725.42578125,725.42578125,526242.5641021729
2001-07-11 17:00:00,41253.0,41562.640625,-309.640625,309.640625,95877.31665039062
2001-07-11 18:00:00,39836.0,40061.515625,-225.515625,225.515625,50857.297119140625
2001-07-11 19:00:00,37706.0,38723.40234375,-1017.40234375,1017.40234375,1035107.5290679932
2001-07-11 20:00:00,36438.0,37162.453125,-724.453125,724.453125,524832.3303222656
2001-07-11 21:00:00,36258.0,35554.9765625,703.0234375,703.0234375,494241.9536743164
2001-07-11 22:00:00,33361.0,33396.73828125,-35.73828125,35.73828125,1277.2247467041016
2001-07-11 23:00:00,29965.0,30400.265625,-435.265625,435.265625,189456.16430664062
2001-07-12 00:00:00,27074.0,27074.056640625,-0.056640625,0.056640625,0.003208160400390625
2001-07-12 01:00:00,25425.0,25579.658203125,-154.658203125,154.658203125,23919.15979385376
2001-07-12 02:00:00,24315.0,24424.03515625,-109.03515625,109.03515625,11888.665298461914
2001-07-12 03:00:00,23677.0,23700.69140625,-23.69140625,23.69140625,561.2827301025391
2001-07-12 04:00:00,23771.0,23663.962890625,107.037109375,107.037109375,11456.942783355713
2001-07-12 05:00:00,24894.0,24846.638671875,47.361328125,47.361328125,2243.095401763916
2001-07-12 06:00:00,26714.0,26787.4609375,-73.4609375,73.4609375,5396.509338378906
2001-07-12 07:00:00,30221.0,29522.6640625,698.3359375,698.3359375,487673.0816040039
2001-07-12 08:00:00,32684.0,32902.484375,-218.484375,218.484375,47735.422119140625
2001-07-12 09:00:00,34134.0,34637.453125,-503.453125,503.453125,253465.04907226562
2001-07-12 10:00:00,35652.0,35773.9296875,-121.9296875,121.9296875,14866.848693847656
2001-07-12 11:00:00,36463.0,36714.57421875,-251.57421875,251.57421875,63289.58753967285
2001-07-12 12:00:00,36879.0,36770.3828125,108.6171875,108.6171875,11797.693420410156
2001-07-12 13:00:00,37272.0,37752.52734375,-480.52734375,480.52734375,230906.52809143066
2001-07-12 14:00:00,37431.0,37642.0703125,-211.0703125,211.0703125,44550.676818847656
2001-07-12 15:00:00,37551.0,37276.8359375,274.1640625,274.1640625,75165.9331665039
2001-07-12 16:00:00,37628.0,37603.02734375,24.97265625,24.97265625,623.6335601806641
2001-07-12 17:00:00,37322.0,37431.55859375,-109.55859375,109.55859375,12003.085464477539
2001-07-12 18:00:00,36282.0,36460.59765625,-178.59765625,178.59765625,31897.122817993164
2001-07-12 19:00:00,34905.0,34954.26171875,-49.26171875,49.26171875,2426.7169342041016
2001-07-12 20:00:00,34448.0,35025.171875,-577.171875,577.171875,333127.3732910156
2001-07-12 21:00:00,34358.0,33850.7265625,507.2734375,507.2734375,257326.3403930664
2001-07-12 22:00:00,31838.0,31872.810546875,-34.810546875,34.810546875,1211.7741737365723
2001-07-12 23:00:00,28718.0,29019.560546875,-301.560546875,301.560546875,90938.76343154907
2001-07-13 00:00:00,26266.0,26215.41015625,50.58984375,50.58984375,2559.332290649414
2001-07-13 01:00:00,24383.0,24640.501953125,-257.501953125,257.501953125,66307.2558631897
2001-07-13 02:00:00,23372.0,23548.923828125,-176.923828125,176.923828125,31302.04095840454
2001-07-13 03:00:00,22903.0,22765.240234375,137.759765625,137.759765625,18977.75302505493
2001-07-13 04:00:00,23096.0,22949.7109375,146.2890625,146.2890625,21400.489807128906
2001-07-13 05:00:00,24150.0,24194.400390625,-44.400390625,44.400390625,1971.394687652588
2001-07-13 06:00:00,25871.0,26586.154296875,-715.154296875,715.154296875,511445.66833877563
2001-07-13 07:00:00,29370.0,28748.005859375,621.994140625,621.994140625,386876.7109718323
2001-07-13 08:00:00,31770.0,31715.556640625,54.443359375,54.443359375,2964.0793800354004
2001-07-13 09:00:00,33555.0,33368.40625,186.59375,186.59375,34817.2275390625
2001-07-13 10:00:00,34988.0,34971.49609375,16.50390625,16.50390625,272.37892150878906
2001-07-13 11:00:00,35800.0,35906.31640625,-106.31640625,106.31640625,11303.178237915039
2001-07-13 12:00:00,36202.0,36308.640625,-106.640625,106.640625,11372.222900390625
2001-07-13 13:00:00,36456.0,36767.296875,-311.296875,311.296875,96905.74438476562
2001-07-13 14:00:00,36494.0,36610.16796875,-116.16796875,116.16796875,13494.996963500977
2001-07-13 15:00:00,36311.0,36537.546875,-226.546875,226.546875,51323.486572265625
2001-07-13 16:00:00,36062.0,35868.80078125,193.19921875,193.19921875,37325.93812561035
2001-07-13 17:00:00,35521.0,35620.81640625,-99.81640625,99.81640625,9963.314956665039
2001-07-13 18:00:00,34484.0,34382.45703125,101.54296875,101.54296875,10310.974502563477
2001-07-13 19:00:00,33143.0,33530.8984375,-387.8984375,387.8984375,150465.1978149414
2001-07-13 20:00:00,32504.0,32638.65625,-134.65625,134.65625,18132.3056640625
2001-07-13 21:00:00,32476.0,31811.705078125,664.294921875,664.294921875,441287.74322891235
2001-07-13 22:00:00,30281.0,30496.865234375,-215.865234375,215.865234375,46597.79941177368
2001-07-13 23:00:00,27544.0,27492.146484375,51.853515625,51.853515625,2688.787082672119
2001-07-14 00:00:00,25229.0,25062.181640625,166.818359375,166.818359375,27828.36502456665
2001-07-14 01:00:00,23572.0,23554.55078125,17.44921875,17.44921875,304.47523498535156
2001-07-14 02:00:00,22534.0,22592.236328125,-58.236328125,58.236328125,3391.469913482666
2001-07-14 03:00:00,21988.0,21804.298828125,183.701171875,183.701171875,33746.12054824829
2001-07-14 04:00:00,21740.0,21790.298828125,-50.298828125,50.298828125,2529.972110748291
2001-07-14 05:00:00,21911.0,22002.158203125,-91.158203125,91.158203125,8309.81799697876
2001-07-14 06:00:00,22299.0,22166.220703125,132.779296875,132.779296875,17630.341678619385
2001-07-14 07:00:00,24095.0,24040.970703125,54.029296875,54.029296875,2919.1649208068848
2001-07-14 08:00:00,26767.0,26596.220703125,170.779296875,170.779296875,29165.568241119385
2001-07-14 09:00:00,28995.0,28948.22265625,46.77734375,46.77734375,2188.119888305664
2001-07-14 10:00:00,30477.0,30589.5546875,-112.5546875,112.5546875,12668.557678222656
2001-07-14 11:00:00,31227.0,31470.400390625,-243.400390625,243.400390625,59243.75015640259
2001-07-14 12:00:00,31573.0,31587.201171875,-14.201171875,14.201171875,201.67328262329102
2001-07-14 13:00:00,31531.0,31816.556640625,-285.556640625,285.556640625,81542.5950050354
2001-07-14 14:00:00,31500.0,31558.6953125,-58.6953125,58.6953125,3445.1397094726562
2001-07-14 15:00:00,31580.0,31637.306640625,-57.306640625,57.306640625,3284.0510597229004
2001-07-14 16:00:00,31742.0,31551.541015625,190.458984375,190.458984375,36274.624729156494
2001-07-14 17:00:00,31871.0,31957.078125,-86.078125,86.078125,7409.443603515625
2001-07-14 18:00:00,31358.0,31302.69140625,55.30859375,55.30859375,3059.040542602539
2001-07-14 19:00:00,30548.0,30511.69921875,36.30078125,36.30078125,1317.7467193603516
2001-07-14 20:00:00,30367.0,30200.931640625,166.068359375,166.068359375,27578.69998550415
2001-07-14 21:00:00,30727.0,30012.13671875,714.86328125,714.86328125,511029.5108795166
2001-07-14 22:00:00,28948.0,29312.30859375,-364.30859375,364.30859375,132720.75148010254
2001-07-14 23:00:00,26751.0,26510.62109375,240.37890625,240.37890625,57782.01856994629
2001-07-15 00:00:00,24498.0,24647.392578125,-149.392578125,149.392578125,22318.14239883423
2001-07-15 01:00:00,23036.0,22935.208984375,100.791015625,100.791015625,10158.828830718994
2001-07-15 02:00:00,22005.0,22215.138671875,-210.138671875,210.138671875,44158.261417388916
2001-07-15 03:00:00,21308.0,21360.22265625,-52.22265625,52.22265625,2727.205825805664
2001-07-15 04:00:00,21066.0,20966.68359375,99.31640625,99.31640625,9863.748550415039
2001-07-15 05:00:00,20792.0,20962.720703125,-170.720703125,170.720703125,29145.558475494385
2001-07-15 06:00:00,20931.0,20777.63671875,153.36328125,153.36328125,23520.2960357666
2001-07-15 07:00:00,22445.0,21977.970703125,467.029296875,467.029296875,218116.36413955688
2001-07-15 08:00:00,24864.0,24650.619140625,213.380859375,213.380859375,45531.391147613525
2001-07-15 09:00:00,27002.0,27056.37890625,-54.37890625,54.37890625,2957.065444946289
2001-07-15 10:00:00,28690.0,29008.123046875,-318.123046875,318.123046875,101202.27295303345
2001-07-15 11:00:00,30100.0,30076.375,23.625,23.625,558.140625
2001-07-15 12:00:00,31066.0,31117.947265625,-51.947265625,51.947265625,2698.5184059143066
2001-07-15 13:00:00,31611.0,31318.7109375,292.2890625,292.2890625,85432.8960571289
2001-07-15 14:00:00,32081.0,31782.75,298.25,298.25,88953.0625
2001-07-15 15:00:00,32732.0,32661.734375,70.265625,70.265625,4937.258056640625
2001-07-15 16:00:00,33395.0,33217.74609375,177.25390625,177.25390625,31418.94728088379
2001-07-15 17:00:00,33743.0,33807.46875,-64.46875,64.46875,4156.2197265625
2001-07-15 18:00:00,33393.0,33440.31640625,-47.31640625,47.31640625,2238.842300415039
2001-07-15 19:00:00,32711.0,32936.8359375,-225.8359375,225.8359375,51001.870666503906
2001-07-15 20:00:00,32789.0,32721.302734375,67.697265625,67.697265625,4582.919773101807
2001-07-15 21:00:00,33342.0,33001.2734375,340.7265625,340.7265625,116094.5903930664
2001-07-15 22:00:00,31504.0,31836.517578125,-332.517578125,332.517578125,110567.93976211548
2001-07-15 23:00:00,28724.0,29225.03125,-501.03125,501.03125,251032.3134765625
2001-07-16 00:00:00,26394.0,26438.005859375,-44.005859375,44.005859375,1936.5156593322754
2001-07-16 01:00:00,24940.0,24965.65625,-25.65625,25.65625,658.2431640625
2001-07-16 02:00:00,24095.0,24151.2578125,-56.2578125,56.2578125,3164.9414672851562
2001-07-16 03:00:00,23600.0,23473.72265625,126.27734375,126.27734375,15945.967544555664
2001-07-16 04:00:00,23804.0,23608.447265625,195.552734375,195.552734375,38240.87192153931
2001-07-16 05:00:00,24996.0,24920.7109375,75.2890625,75.2890625,5668.442932128906
2001-07-16 06:00:00,27109.0,27600.611328125,-491.611328125,491.611328125,241681.69794082642
2001-07-16 07:00:00,30638.0,30173.736328125,464.263671875,464.263671875,215540.75702285767
2001-07-16 08:00:00,33634.0,33735.74609375,-101.74609375,101.74609375,10352.267593383789
2001-07-16 09:00:00,35965.0,35905.453125,59.546875,59.546875,3545.830322265625
2001-07-16 10:00:00,38073.0,38301.66015625,-228.66015625,228.66015625,52285.467056274414
2001-07-16 11:00:00,39563.0,39716.09765625,-153.09765625,153.09765625,23438.892349243164
2001-07-16 12:00:00,40660.0,40488.625,171.375,171.375,29369.390625
2001-07-16 13:00:00,41719.0,41503.796875,215.203125,215.203125,46312.385009765625
2001-07-16 14:00:00,42369.0,41925.90625,443.09375,443.09375,196332.0712890625
2001-07-16 15:00:00,42689.0,42647.24609375,41.75390625,41.75390625,1743.388687133789
2001-07-16 16:00:00,42773.0,42847.81640625,-74.81640625,74.81640625,5597.494644165039
2001-07-16 17:00:00,42423.0,42337.09375,85.90625,85.90625,7379.8837890625
2001-07-16 18:00:00,41486.0,41502.02734375,-16.02734375,16.02734375,256.87574768066406
2001-07-16 19:00:00,40210.0,39914.83984375,295.16015625,295.16015625,87119.51783752441
2001-07-16 20:00:00,39790.0,39745.65625,44.34375,44.34375,1966.3681640625
2001-07-16 21:00:00,39480.0,39424.6953125,55.3046875,55.3046875,3058.6084594726562
2001-07-16 22:00:00,36432.0,36605.1484375,-173.1484375,173.1484375,29980.381408691406
2001-07-16 23:00:00,32989.0,32757.640625,231.359375,231.359375,53527.160400390625
2001-07-17 00:00:00,30270.0,30136.6484375,133.3515625,133.3515625,17782.639221191406
2001-07-17 01:00:00,28489.0,28430.740234375,58.259765625,58.259765625,3394.2002906799316
2001-07-17 02:00:00,27302.0,27106.341796875,195.658203125,195.658203125,38282.13245010376
2001-07-17 03:00:00,26594.0,26465.4140625,128.5859375,128.5859375,16534.343322753906
2001-07-17 04:00:00,26656.0,26358.6796875,297.3203125,297.3203125,88399.36822509766
2001-07-17 05:00:00,28002.0,27826.52734375,175.47265625,175.47265625,30790.653091430664
2001-07-17 06:00:00,30259.0,30194.232421875,64.767578125,64.767578125,4194.8391761779785
2001-07-17 07:00:00,33475.0,33390.36328125,84.63671875,84.63671875,7163.374160766602
2001-07-17 08:00:00,36170.0,35981.12109375,188.87890625,188.87890625,35675.24122619629
2001-07-17 09:00:00,38365.0,38311.97265625,53.02734375,53.02734375,2811.899185180664
2001-07-17 10:00:00,40548.0,40473.6953125,74.3046875,74.3046875,5521.186584472656
2001-07-17 11:00:00,42652.0,42324.85546875,327.14453125,327.14453125,107023.54432678223
2001-07-17 12:00:00,43931.0,43716.94140625,214.05859375,214.05859375,45821.08155822754
2001-07-17 13:00:00,45032.0,44783.765625,248.234375,248.234375,61620.304931640625
2001-07-17 14:00:00,45986.0,46162.9140625,-176.9140625,176.9140625,31298.585510253906
2001-07-17 15:00:00,46552.0,47530.90625,-978.90625,978.90625,958257.4462890625
2001-07-17 16:00:00,46845.0,46881.81640625,-36.81640625,36.81640625,1355.447769165039
2001-07-17 17:00:00,46442.0,46285.4609375,156.5390625,156.5390625,24504.478088378906
2001-07-17 18:00:00,45230.0,45370.34375,-140.34375,140.34375,19696.3681640625
2001-07-17 19:00:00,43566.0,44152.4453125,-586.4453125,586.4453125,343918.10455322266
2001-07-17 20:00:00,42983.0,43294.8515625,-311.8515625,311.8515625,97251.3970336914
2001-07-17 21:00:00,41884.0,41978.71875,-94.71875,94.71875,8971.6416015625
2001-07-17 22:00:00,38308.0,39003.59765625,-695.59765625,695.59765625,483856.09938049316
2001-07-17 23:00:00,34642.0,34940.64453125,-298.64453125,298.64453125,89188.55604553223
2001-07-18 00:00:00,31607.0,31585.634765625,21.365234375,21.365234375,456.47323989868164
2001-07-18 01:00:00,29735.0,29796.666015625,-61.666015625,61.666015625,3802.697483062744
2001-07-18 02:00:00,28289.0,28366.13671875,-77.13671875,77.13671875,5950.073379516602
2001-07-18 03:00:00,27532.0,27533.224609375,-1.224609375,1.224609375,1.4996681213378906
2001-07-18 04:00:00,27496.0,27274.806640625,221.193359375,221.193359375,48926.5022315979
2001-07-18 05:00:00,28774.0,28604.875,169.125,169.125,28603.265625
2001-07-18 06:00:00,31071.0,30850.734375,220.265625,220.265625,48516.945556640625
2001-07-18 07:00:00,33813.0,33883.7109375,-70.7109375,70.7109375,5000.036682128906
2001-07-18 08:00:00,35922.0,36709.8984375,-787.8984375,787.8984375,620783.9478149414
2001-07-18 09:00:00,36820.0,37756.08984375,-936.08984375,936.08984375,876264.1955718994
2001-07-18 10:00:00,38049.0,38682.78125,-633.78125,633.78125,401678.6728515625
2001-07-18 11:00:00,38872.0,39117.63671875,-245.63671875,245.63671875,60337.3975982666
2001-07-18 12:00:00,39291.0,39924.20703125,-633.20703125,633.20703125,400951.1444244385
2001-07-18 13:00:00,39808.0,39746.41796875,61.58203125,61.58203125,3792.3465728759766
2001-07-18 14:00:00,40256.0,40582.33203125,-326.33203125,326.33203125,106492.59461975098
2001-07-18 15:00:00,40497.0,40590.37890625,-93.37890625,93.37890625,8719.620132446289
2001-07-18 16:00:00,40619.0,40617.36328125,1.63671875,1.63671875,2.6788482666015625
2001-07-18 17:00:00,40387.0,39976.8984375,410.1015625,410.1015625,168183.2915649414
2001-07-18 18:00:00,39316.0,39068.02734375,247.97265625,247.97265625,61490.438247680664
2001-07-18 19:00:00,37892.0,37772.14453125,119.85546875,119.85546875,14365.333389282227
2001-07-18 20:00:00,37566.0,37323.77734375,242.22265625,242.22265625,58671.815200805664
2001-07-18 21:00:00,37290.0,36482.5625,807.4375,807.4375,651955.31640625
2001-07-18 22:00:00,34659.0,34379.0859375,279.9140625,279.9140625,78351.8823852539
2001-07-18 23:00:00,31462.0,31808.97265625,-346.97265625,346.97265625,120390.02418518066
2001-07-19 00:00:00,28801.0,28802.9140625,-1.9140625,1.9140625,3.66363525390625
2001-07-19 01:00:00,27073.0,27092.291015625,-19.291015625,19.291015625,372.14328384399414
2001-07-19 02:00:00,26061.0,26328.41015625,-267.41015625,267.41015625,71508.19166564941
2001-07-19 03:00:00,25447.0,25446.51171875,0.48828125,0.48828125,0.2384185791015625
2001-07-19 04:00:00,25560.0,25533.41015625,26.58984375,26.58984375,707.0197906494141
2001-07-19 05:00:00,26923.0,26939.98828125,-16.98828125,16.98828125,288.60169982910156
2001-07-19 06:00:00,29167.0,29708.279296875,-541.279296875,541.279296875,292983.2772254944
2001-07-19 07:00:00,32011.0,32058.505859375,-47.505859375,47.505859375,2256.8066749572754
2001-07-19 08:00:00,34023.0,34410.26953125,-387.26953125,387.26953125,149977.68983459473
2001-07-19 09:00:00,35188.0,35738.4453125,-550.4453125,550.4453125,302990.04205322266
2001-07-19 10:00:00,36551.0,35975.1328125,575.8671875,575.8671875,331623.01763916016
2001-07-19 11:00:00,37441.0,37530.33203125,-89.33203125,89.33203125,7980.211807250977
2001-07-19 12:00:00,38102.0,37945.13671875,156.86328125,156.86328125,24606.0890045166
2001-07-19 13:00:00,38813.0,38933.796875,-120.796875,120.796875,14591.885009765625
2001-07-19 14:00:00,39288.0,39049.14453125,238.85546875,238.85546875,57051.93495178223
2001-07-19 15:00:00,39789.0,39641.32421875,147.67578125,147.67578125,21808.13636779785
2001-07-19 16:00:00,39960.0,39870.16015625,89.83984375,89.83984375,8071.197525024414
2001-07-19 17:00:00,39690.0,39400.828125,289.171875,289.171875,83620.37329101562
2001-07-19 18:00:00,38421.0,38445.97265625,-24.97265625,24.97265625,623.6335601806641
2001-07-19 19:00:00,36738.0,36981.60546875,-243.60546875,243.60546875,59343.62440490723
2001-07-19 20:00:00,36209.0,36420.390625,-211.390625,211.390625,44685.996337890625
2001-07-19 21:00:00,35986.0,35427.171875,558.828125,558.828125,312288.8732910156
2001-07-19 22:00:00,33280.0,33606.6484375,-326.6484375,326.6484375,106699.2017211914
2001-07-19 23:00:00,30351.0,30393.708984375,-42.708984375,42.708984375,1824.0573463439941
2001-07-20 00:00:00,27461.0,27819.580078125,-358.580078125,358.580078125,128579.6724281311
2001-07-20 01:00:00,25807.0,25704.87109375,102.12890625,102.12890625,10430.313491821289
2001-07-20 02:00:00,24642.0,24762.330078125,-120.330078125,120.330078125,14479.327701568604
2001-07-20 03:00:00,24072.0,24102.2109375,-30.2109375,30.2109375,912.7007446289062
2001-07-20 04:00:00,24075.0,24013.69921875,61.30078125,61.30078125,3757.7857818603516
2001-07-20 05:00:00,25286.0,25096.23046875,189.76953125,189.76953125,36012.47499084473
2001-07-20 06:00:00,27259.0,27568.587890625,-309.587890625,309.587890625,95844.66202163696
2001-07-20 07:00:00,30418.0,30216.8515625,201.1484375,201.1484375,40460.693908691406
2001-07-20 08:00:00,32686.0,33033.4765625,-347.4765625,347.4765625,120739.9614868164
2001-07-20 09:00:00,34478.0,34763.24609375,-285.24609375,285.24609375,81365.33399963379
2001-07-20 10:00:00,36329.0,36148.28125,180.71875,180.71875,32659.2666015625
2001-07-20 11:00:00,37210.0,37287.9140625,-77.9140625,77.9140625,6070.601135253906
2001-07-20 12:00:00,37759.0,37786.5703125,-27.5703125,27.5703125,760.1221313476562
2001-07-20 13:00:00,38185.0,38320.51171875,-135.51171875,135.51171875,18363.4259185791
2001-07-20 14:00:00,38682.0,38651.1796875,30.8203125,30.8203125,949.8916625976562
2001-07-20 15:00:00,38863.0,38810.47265625,52.52734375,52.52734375,2759.121841430664
2001-07-20 16:00:00,39037.0,39077.71875,-40.71875,40.71875,1658.0166015625
2001-07-20 17:00:00,38702.0,38527.1796875,174.8203125,174.8203125,30562.141662597656
2001-07-20 18:00:00,37500.0,37225.25390625,274.74609375,274.74609375,75485.41603088379
2001-07-20 19:00:00,35872.0,35830.08984375,41.91015625,41.91015625,1756.461196899414
2001-07-20 20:00:00,34697.0,35510.9296875,-813.9296875,813.9296875,662481.5361938477
2001-07-20 21:00:00,34348.0,33958.40625,389.59375,389.59375,151783.2900390625
2001-07-20 22:00:00,31922.0,32095.740234375,-173.740234375,173.740234375,30185.66904067993
2001-07-20 23:00:00,28879.0,29380.873046875,-501.873046875,501.873046875,251876.55517959595
2001-07-21 00:00:00,26404.0,26300.494140625,103.505859375,103.505859375,10713.462924957275
2001-07-21 01:00:00,24422.0,24858.673828125,-436.673828125,436.673828125,190684.03216934204
2001-07-21 02:00:00,23405.0,23251.32421875,153.67578125,153.67578125,23616.24574279785
2001-07-21 03:00:00,22635.0,22728.224609375,-93.224609375,93.224609375,8690.827793121338
2001-07-21 04:00:00,22323.0,22340.998046875,-17.998046875,17.998046875,323.92969131469727
2001-07-21 05:00:00,22404.0,22698.634765625,-294.634765625,294.634765625,86809.64511489868
2001-07-21 06:00:00,22674.0,22883.1171875,-209.1171875,209.1171875,43729.998107910156
2001-07-21 07:00:00,24646.0,23988.8125,657.1875,657.1875,431895.41015625
2001-07-21 08:00:00,27408.0,27347.61328125,60.38671875,60.38671875,3646.5558013916016
2001-07-21 09:00:00,29966.0,29703.265625,262.734375,262.734375,69029.35180664062
2001-07-21 10:00:00,31825.0,32300.78515625,-475.78515625,475.78515625,226371.5149078369
2001-07-21 11:00:00,33224.0,33270.01171875,-46.01171875,46.01171875,2117.0782623291016
2001-07-21 12:00:00,33961.0,33966.32421875,-5.32421875,5.32421875,28.347305297851562
2001-07-21 13:00:00,34445.0,34450.42578125,-5.42578125,5.42578125,29.439102172851562
2001-07-21 14:00:00,34978.0,34492.97265625,485.02734375,485.02734375,235251.52418518066
2001-07-21 15:00:00,35566.0,35460.265625,105.734375,105.734375,11179.758056640625
2001-07-21 16:00:00,36011.0,35674.47265625,336.52734375,336.52734375,113250.65309143066
2001-07-21 17:00:00,36088.0,35971.35546875,116.64453125,116.64453125,13605.946670532227
2001-07-21 18:00:00,35466.0,35592.88671875,-126.88671875,126.88671875,16100.239395141602
2001-07-21 19:00:00,34232.0,34594.73046875,-362.73046875,362.73046875,131573.39295959473
2001-07-21 20:00:00,33645.0,34443.1171875,-798.1171875,798.1171875,636991.0449829102
2001-07-21 21:00:00,33589.0,33471.28515625,117.71484375,117.71484375,13856.784439086914
2001-07-21 22:00:00,31510.0,32110.96875,-600.96875,600.96875,361163.4384765625
2001-07-21 23:00:00,28860.0,28971.66015625,-111.66015625,111.66015625,12467.990493774414
2001-07-22 00:00:00,26328.0,26608.853515625,-280.853515625,280.853515625,78878.69723892212
2001-07-22 01:00:00,24433.0,24872.84375,-439.84375,439.84375,193462.5244140625
2001-07-22 02:00:00,23251.0,23535.94921875,-284.94921875,284.94921875,81196.05726623535
2001-07-22 03:00:00,22566.0,22526.8046875,39.1953125,39.1953125,1536.2725219726562
2001-07-22 04:00:00,22057.0,22103.423828125,-46.423828125,46.423828125,2155.171817779541
2001-07-22 05:00:00,22003.0,21984.78125,18.21875,18.21875,331.9228515625
2001-07-22 06:00:00,21908.0,21900.255859375,7.744140625,7.744140625,59.97171401977539
2001-07-22 07:00:00,23210.0,22792.517578125,417.482421875,417.482421875,174291.57257461548
2001-07-22 08:00:00,25858.0,25162.873046875,695.126953125,695.126953125,483201.48096084595
2001-07-22 09:00:00,28274.0,28377.06640625,-103.06640625,103.06640625,10622.684097290039
2001-07-22 10:00:00,30462.0,30586.916015625,-124.916015625,124.916015625,15604.010959625244
2001-07-22 11:00:00,32120.0,31968.400390625,151.599609375,151.599609375,22982.441562652588
2001-07-22 12:00:00,33129.0,33409.98046875,-280.98046875,280.98046875,78950.02381896973
2001-07-22 13:00:00,34190.0,34159.66796875,30.33203125,30.33203125,920.0321197509766
2001-07-22 14:00:00,35056.0,35218.37890625,-162.37890625,162.37890625,26366.90919494629
2001-07-22 15:00:00,35782.0,35596.09375,185.90625,185.90625,34561.1337890625
2001-07-22 16:00:00,36434.0,36329.8125,104.1875,104.1875,10855.03515625
2001-07-22 17:00:00,36752.0,36722.84375,29.15625,29.15625,850.0869140625
2001-07-22 18:00:00,36268.0,36584.921875,-316.921875,316.921875,100439.47485351562
2001-07-22 19:00:00,35294.0,35326.125,-32.125,32.125,1032.015625
2001-07-22 20:00:00,34810.0,35432.17578125,-622.17578125,622.17578125,387102.70277404785
2001-07-22 21:00:00,35273.0,34930.5,342.5,342.5,117306.25
2001-07-22 22:00:00,33241.0,33698.06640625,-457.06640625,457.06640625,208909.69972229004
2001-07-22 23:00:00,30638.0,30691.125,-53.125,53.125,2822.265625
2001-07-23 00:00:00,28206.0,28223.453125,-17.453125,17.453125,304.611572265625
2001-07-23 01:00:00,26582.0,26727.7265625,-145.7265625,145.7265625,21236.231018066406
2001-07-23 02:00:00,25679.0,25572.154296875,106.845703125,106.845703125,11416.004276275635
2001-07-23 03:00:00,25308.0,25121.19140625,186.80859375,186.80859375,34897.45069885254
2001-07-23 04:00:00,25354.0,25314.62890625,39.37109375,39.37109375,1550.083023071289
2001-07-23 05:00:00,26669.0,26397.34375,271.65625,271.65625,73797.1181640625
2001-07-23 06:00:00,29020.0,29359.1796875,-339.1796875,339.1796875,115042.86041259766
2001-07-23 07:00:00,32396.0,31793.78125,602.21875,602.21875,362667.4228515625
2001-07-23 08:00:00,35539.0,35402.48046875,136.51953125,136.51953125,18637.582412719727
2001-07-23 09:00:00,38242.0,37398.09375,843.90625,843.90625,712177.7587890625
2001-07-23 10:00:00,40929.0,40118.51953125,810.48046875,810.48046875,656878.5902252197
2001-07-23 11:00:00,43170.0,42805.47265625,364.52734375,364.52734375,132880.18434143066
2001-07-23 12:00:00,44712.0,44310.140625,401.859375,401.859375,161490.95727539062
2001-07-23 13:00:00,46320.0,45680.63671875,639.36328125,639.36328125,408785.4054107666
2001-07-23 14:00:00,47067.0,46982.35546875,84.64453125,84.64453125,7164.696670532227
2001-07-23 15:00:00,47839.0,47228.80859375,610.19140625,610.19140625,372333.55226135254
2001-07-23 16:00:00,48428.0,47726.41015625,701.58984375,701.58984375,492228.3088531494
2001-07-23 17:00:00,48332.0,47872.01171875,459.98828125,459.98828125,211589.2188873291
2001-07-23 18:00:00,47327.0,46775.05078125,551.94921875,551.94921875,304647.94007873535
2001-07-23 19:00:00,45700.0,46009.81640625,-309.81640625,309.81640625,95986.20558166504
2001-07-23 20:00:00,44738.0,44326.60546875,411.39453125,411.39453125,169245.46034240723
2001-07-23 21:00:00,44236.0,43441.82421875,794.17578125,794.17578125,630715.1715240479
2001-07-23 22:00:00,40789.0,41102.13671875,-313.13671875,313.13671875,98054.6046295166
2001-07-23 23:00:00,37011.0,36883.12890625,127.87109375,127.87109375,16351.016616821289
2001-07-24 00:00:00,33898.0,33649.74609375,248.25390625,248.25390625,61630.00196838379
2001-07-24 01:00:00,31936.0,31566.533203125,369.466796875,369.466796875,136505.7139930725
2001-07-24 02:00:00,30660.0,30709.837890625,-49.837890625,49.837890625,2483.815341949463
2001-07-24 03:00:00,29790.0,29815.75390625,-25.75390625,25.75390625,663.2636871337891
2001-07-24 04:00:00,29754.0,29347.7421875,406.2578125,406.2578125,165045.41021728516
2001-07-24 05:00:00,31027.0,30667.265625,359.734375,359.734375,129408.82055664062
2001-07-24 06:00:00,33470.0,33026.1875,443.8125,443.8125,196969.53515625
2001-07-24 07:00:00,36828.0,36689.1328125,138.8671875,138.8671875,19284.095764160156
2001-07-24 08:00:00,39517.0,40184.12109375,-667.12109375,667.12109375,445050.5537261963
2001-07-24 09:00:00,41974.0,41891.09375,82.90625,82.90625,6873.4462890625
2001-07-24 10:00:00,44690.0,44473.04296875,216.95703125,216.95703125,47070.35340881348
2001-07-24 11:00:00,46912.0,46143.6015625,768.3984375,768.3984375,590436.1587524414
2001-07-24 12:00:00,48486.0,47525.828125,960.171875,960.171875,921930.0295410156
2001-07-24 13:00:00,49564.0,48831.37109375,732.62890625,732.62890625,536745.1142730713
2001-07-24 14:00:00,50410.0,48682.35546875,1727.64453125,1727.64453125,2984755.626358032
2001-07-24 15:00:00,51104.0,48925.14453125,2178.85546875,2178.85546875,4747411.153701782
2001-07-24 16:00:00,51550.0,49356.12890625,2193.87109375,2193.87109375,4813070.375991821
2001-07-24 17:00:00,51508.0,49145.4921875,2362.5078125,2362.5078125,5581443.164123535
2001-07-24 18:00:00,50482.0,47754.00390625,2727.99609375,2727.99609375,7441962.687515259
2001-07-24 19:00:00,49002.0,46689.99609375,2312.00390625,2312.00390625,5345362.062515259
2001-07-24 20:00:00,48570.0,47980.4453125,589.5546875,589.5546875,347574.72955322266
2001-07-24 21:00:00,47952.0,48385.7890625,-433.7890625,433.7890625,188172.9507446289
2001-07-24 22:00:00,44315.0,46135.640625,-1820.640625,1820.640625,3314732.2854003906
2001-07-24 23:00:00,40438.0,40157.65625,280.34375,280.34375,78592.6181640625
2001-07-25 00:00:00,37386.0,36695.203125,690.796875,690.796875,477200.3225097656
2001-07-25 01:00:00,35120.0,34687.90625,432.09375,432.09375,186705.0087890625
2001-07-25 02:00:00,34081.0,33758.18359375,322.81640625,322.81640625,104210.43214416504
2001-07-25 03:00:00,33230.0,33091.4765625,138.5234375,138.5234375,19188.742736816406
2001-07-25 04:00:00,33230.0,33412.0,-182.0,182.0,33124.0
2001-07-25 05:00:00,34212.0,34040.79296875,171.20703125,171.20703125,29311.847549438477
2001-07-25 06:00:00,36335.0,37079.0546875,-744.0546875,744.0546875,553617.3779907227
2001-07-25 07:00:00,39759.0,39696.09765625,62.90234375,62.90234375,3956.704849243164
2001-07-25 08:00:00,42732.0,42390.97265625,341.02734375,341.02734375,116299.64918518066
2001-07-25 09:00:00,45413.0,44189.86328125,1223.13671875,1223.13671875,1496063.4327545166
2001-07-25 10:00:00,47775.0,46321.14453125,1453.85546875,1453.85546875,2113695.724014282
2001-07-25 11:00:00,49761.0,49653.90625,107.09375,107.09375,11469.0712890625
2001-07-25 12:00:00,50807.0,50201.51953125,605.48046875,605.48046875,366606.5980377197
2001-07-25 13:00:00,51686.0,50683.171875,1002.828125,1002.828125,1005664.2482910156
2001-07-25 14:00:00,52132.0,50455.8828125,1676.1171875,1676.1171875,2809368.82623291
2001-07-25 15:00:00,51959.0,49696.70703125,2262.29296875,2262.29296875,5117969.4764556885
2001-07-25 16:00:00,52024.0,49219.390625,2804.609375,2804.609375,7865833.746337891
2001-07-25 17:00:00,51477.0,49040.89453125,2436.10546875,2436.10546875,5934609.854873657
2001-07-25 18:00:00,50398.0,47947.421875,2450.578125,2450.578125,6005333.146728516
2001-07-25 19:00:00,48930.0,47723.28125,1206.71875,1206.71875,1456170.1416015625
2001-07-25 20:00:00,48362.0,48161.01171875,200.98828125,200.98828125,40396.2891998291
2001-07-25 21:00:00,47017.0,47787.25390625,-770.25390625,770.25390625,593291.0800933838
2001-07-25 22:00:00,43487.0,43686.94140625,-199.94140625,199.94140625,39976.56593322754
2001-07-25 23:00:00,39599.0,39716.2578125,-117.2578125,117.2578125,13749.394592285156
2001-07-26 00:00:00,36472.0,36207.35546875,264.64453125,264.64453125,70036.72792053223
2001-07-26 01:00:00,34674.0,34410.3203125,263.6796875,263.6796875,69526.97760009766
2001-07-26 02:00:00,33251.0,33025.25,225.75,225.75,50963.0625
2001-07-26 03:00:00,32287.0,32542.923828125,-255.923828125,255.923828125,65497.00580215454
2001-07-26 04:00:00,32192.0,32040.81640625,151.18359375,151.18359375,22856.47901916504
2001-07-26 05:00:00,33286.0,32461.33203125,824.66796875,824.66796875,680077.258682251
2001-07-26 06:00:00,35488.0,35336.6328125,151.3671875,151.3671875,22912.025451660156
2001-07-26 07:00:00,38241.0,38721.22265625,-480.22265625,480.22265625,230613.79957580566
2001-07-26 08:00:00,40295.0,40527.1796875,-232.1796875,232.1796875,53907.407287597656
2001-07-26 09:00:00,41562.0,41732.5859375,-170.5859375,170.5859375,29099.562072753906
2001-07-26 10:00:00,42376.0,42702.1796875,-326.1796875,326.1796875,106393.18853759766
2001-07-26 11:00:00,42624.0,43497.33984375,-873.33984375,873.33984375,762722.4826812744
2001-07-26 12:00:00,42584.0,43406.39453125,-822.39453125,822.39453125,676332.7650299072
2001-07-26 13:00:00,42285.0,43225.1484375,-940.1484375,940.1484375,883879.0845336914
2001-07-26 14:00:00,41695.0,42814.046875,-1119.046875,1119.046875,1252265.9084472656
2001-07-26 15:00:00,40597.0,41706.83984375,-1109.83984375,1109.83984375,1231744.4787750244
2001-07-26 16:00:00,39887.0,40634.84765625,-747.84765625,747.84765625,559276.1169586182
2001-07-26 17:00:00,39006.0,39866.85546875,-860.85546875,860.85546875,741072.1380767822
2001-07-26 18:00:00,37808.0,38333.2109375,-525.2109375,525.2109375,275846.5288696289
2001-07-26 19:00:00,36404.0,36734.72265625,-330.72265625,330.72265625,109377.47535705566
2001-07-26 20:00:00,36157.0,35928.6015625,228.3984375,228.3984375,52165.846252441406
2001-07-26 21:00:00,36129.0,35761.953125,367.046875,367.046875,134723.40844726562
2001-07-26 22:00:00,34289.0,34197.2734375,91.7265625,91.7265625,8413.762268066406
2001-07-26 23:00:00,32440.0,32246.96875,193.03125,193.03125,37261.0634765625
2001-07-27 00:00:00,30611.0,30322.923828125,288.076171875,288.076171875,82987.88080215454
2001-07-27 01:00:00,26213.0,28714.984375,-2501.984375,2501.984375,6259925.812744141
2001-07-27 02:00:00,24980.0,24745.78125,234.21875,234.21875,54858.4228515625
2001-07-27 03:00:00,24139.0,24554.59375,-415.59375,415.59375,172718.1650390625
2001-07-27 04:00:00,24217.0,24362.3046875,-145.3046875,145.3046875,21113.452209472656
2001-07-27 05:00:00,25080.0,25253.580078125,-173.580078125,173.580078125,30130.043521881104
2001-07-27 06:00:00,26963.0,27172.083984375,-209.083984375,209.083984375,43716.112522125244
2001-07-27 07:00:00,29602.0,29598.4609375,3.5390625,3.5390625,12.52496337890625
2001-07-27 08:00:00,31805.0,31313.25390625,491.74609375,491.74609375,241814.2207183838
2001-07-27 09:00:00,33207.0,33550.41015625,-343.41015625,343.41015625,117930.53541564941
2001-07-27 10:00:00,34375.0,34374.203125,0.796875,0.796875,0.635009765625
2001-07-27 11:00:00,35029.0,35145.27734375,-116.27734375,116.27734375,13520.420669555664
2001-07-27 12:00:00,35422.0,35250.70703125,171.29296875,171.29296875,29341.281143188477
2001-07-27 13:00:00,35776.0,35757.890625,18.109375,18.109375,327.949462890625
2001-07-27 14:00:00,36064.0,35872.03125,191.96875,191.96875,36852.0009765625
2001-07-27 15:00:00,36149.0,36495.0390625,-346.0390625,346.0390625,119743.0327758789
2001-07-27 16:00:00,36323.0,36135.0234375,187.9765625,187.9765625,35335.188049316406
2001-07-27 17:00:00,35897.0,35806.16015625,90.83984375,90.83984375,8251.877212524414
2001-07-27 18:00:00,34552.0,34748.68359375,-196.68359375,196.68359375,38684.43605041504
2001-07-27 19:00:00,32860.0,33382.94921875,-522.94921875,522.94921875,273475.88539123535
2001-07-27 20:00:00,32567.0,32516.15234375,50.84765625,50.84765625,2585.484146118164
2001-07-27 21:00:00,32347.0,31577.115234375,769.884765625,769.884765625,592722.5523414612
2001-07-27 22:00:00,30010.0,30692.240234375,-682.240234375,682.240234375,465451.73740005493
2001-07-27 23:00:00,27428.0,27459.546875,-31.546875,31.546875,995.205322265625
2001-07-28 00:00:00,25145.0,24765.974609375,379.025390625,379.025390625,143660.24673843384
2001-07-28 01:00:00,23559.0,23265.1796875,293.8203125,293.8203125,86330.37603759766
2001-07-28 02:00:00,22564.0,22470.978515625,93.021484375,93.021484375,8652.99655532837
2001-07-28 03:00:00,21894.0,21791.97265625,102.02734375,102.02734375,10409.578872680664
2001-07-28 04:00:00,21752.0,21507.9296875,244.0703125,244.0703125,59570.317443847656
2001-07-28 05:00:00,21968.0,21964.24609375,3.75390625,3.75390625,14.091812133789062
2001-07-28 06:00:00,22517.0,22599.6875,-82.6875,82.6875,6837.22265625
2001-07-28 07:00:00,23868.0,23841.888671875,26.111328125,26.111328125,681.801456451416
2001-07-28 08:00:00,26437.0,25905.861328125,531.138671875,531.138671875,282108.2887611389
2001-07-28 09:00:00,28654.0,28421.3203125,232.6796875,232.6796875,54139.836975097656
2001-07-28 10:00:00,30260.0,29973.474609375,286.525390625,286.525390625,82096.79947280884
2001-07-28 11:00:00,31210.0,31330.033203125,-120.033203125,120.033203125,14407.96985244751
2001-07-28 12:00:00,31452.0,31800.619140625,-348.619140625,348.619140625,121535.30521011353
2001-07-28 13:00:00,31572.0,31742.787109375,-170.787109375,170.787109375,29168.236728668213
2001-07-28 14:00:00,31568.0,31673.109375,-105.109375,105.109375,11047.980712890625
2001-07-28 15:00:00,31513.0,31644.50390625,-131.50390625,131.50390625,17293.27735900879
2001-07-28 16:00:00,31712.0,31508.765625,203.234375,203.234375,41304.211181640625
2001-07-28 17:00:00,31707.0,31969.33984375,-262.33984375,262.33984375,68822.19361877441
2001-07-28 18:00:00,31106.0,31137.767578125,-31.767578125,31.767578125,1009.1790199279785
2001-07-28 19:00:00,30081.0,30226.1796875,-145.1796875,145.1796875,21077.141662597656
2001-07-28 20:00:00,30223.0,29894.541015625,328.458984375,328.458984375,107885.3044166565
2001-07-28 21:00:00,30345.0,30160.486328125,184.513671875,184.513671875,34045.295108795166
2001-07-28 22:00:00,28593.0,28973.8203125,-380.8203125,380.8203125,145024.11041259766
2001-07-28 23:00:00,26417.0,26571.74609375,-154.74609375,154.74609375,23946.35353088379
2001-07-29 00:00:00,24553.0,24377.404296875,175.595703125,175.595703125,30833.850955963135
2001-07-29 01:00:00,23075.0,22918.505859375,156.494140625,156.494140625,24490.416049957275
2001-07-29 02:00:00,22144.0,22092.388671875,51.611328125,51.611328125,2663.729190826416
2001-07-29 03:00:00,21612.0,21445.705078125,166.294921875,166.294921875,27654.001041412354
2001-07-29 04:00:00,21319.0,21308.978515625,10.021484375,10.021484375,100.43014907836914
2001-07-29 05:00:00,21445.0,21147.037109375,297.962890625,297.962890625,88781.88418960571
2001-07-29 06:00:00,21429.0,21563.1796875,-134.1796875,134.1796875,18004.188537597656
2001-07-29 07:00:00,22326.0,22463.21484375,-137.21484375,137.21484375,18827.913345336914
2001-07-29 08:00:00,24110.0,24242.3203125,-132.3203125,132.3203125,17508.665100097656
2001-07-29 09:00:00,25848.0,26278.029296875,-430.029296875,430.029296875,184925.19617080688
2001-07-29 10:00:00,27200.0,27451.5234375,-251.5234375,251.5234375,63264.039611816406
2001-07-29 11:00:00,28011.0,28401.43359375,-390.43359375,390.43359375,152438.39112854004
2001-07-29 12:00:00,28359.0,28610.1875,-251.1875,251.1875,63095.16015625
2001-07-29 13:00:00,28416.0,28643.451171875,-227.451171875,227.451171875,51734.03558731079
2001-07-29 14:00:00,28239.0,28491.82421875,-252.82421875,252.82421875,63920.08558654785
2001-07-29 15:00:00,28048.0,28359.04296875,-311.04296875,311.04296875,96747.72840881348
2001-07-29 16:00:00,28080.0,28490.4453125,-410.4453125,410.4453125,168465.35455322266
2001-07-29 17:00:00,28263.0,28356.869140625,-93.869140625,93.869140625,8811.415561676025
2001-07-29 18:00:00,28044.0,28517.857421875,-473.857421875,473.857421875,224540.85626602173
2001-07-29 19:00:00,27954.0,28134.83203125,-180.83203125,180.83203125,32700.223526000977
2001-07-29 20:00:00,28830.0,28332.75390625,497.24609375,497.24609375,247253.6777496338
2001-07-29 21:00:00,28925.0,29101.48828125,-176.48828125,176.48828125,31148.1134185791
2001-07-29 22:00:00,27311.0,27355.890625,-44.890625,44.890625,2015.168212890625
2001-07-29 23:00:00,25419.0,25439.533203125,-20.533203125,20.533203125,421.61243057250977
2001-07-30 00:00:00,23842.0,23496.125,345.875,345.875,119629.515625
2001-07-30 01:00:00,22712.0,22579.791015625,132.208984375,132.208984375,17479.215549468994
2001-07-30 02:00:00,22237.0,22211.169921875,25.830078125,25.830078125,667.1929359436035
2001-07-30 03:00:00,22074.0,22092.916015625,-18.916015625,18.916015625,357.81564712524414
2001-07-30 04:00:00,22584.0,22441.732421875,142.267578125,142.267578125,20240.06378555298
2001-07-30 05:00:00,24029.0,24443.02734375,-414.02734375,414.02734375,171418.64137268066
2001-07-30 06:00:00,26408.0,26698.8515625,-290.8515625,290.8515625,84594.6314086914
2001-07-30 07:00:00,29319.0,29507.423828125,-188.423828125,188.423828125,35503.53900527954
2001-07-30 08:00:00,31694.0,31427.95703125,266.04296875,266.04296875,70778.86122131348
2001-07-30 09:00:00,33341.0,33188.9453125,152.0546875,152.0546875,23120.627990722656
2001-07-30 10:00:00,34557.0,34713.9609375,-156.9609375,156.9609375,24636.735900878906
2001-07-30 11:00:00,35385.0,35362.40625,22.59375,22.59375,510.4775390625
2001-07-30 12:00:00,35727.0,36050.75,-323.75,323.75,104814.0625
2001-07-30 13:00:00,36077.0,36144.72265625,-67.72265625,67.72265625,4586.358169555664
2001-07-30 14:00:00,36273.0,36200.0546875,72.9453125,72.9453125,5321.018615722656
2001-07-30 15:00:00,36185.0,36398.82421875,-213.82421875,213.82421875,45720.79652404785
2001-07-30 16:00:00,36220.0,36052.29296875,167.70703125,167.70703125,28125.648330688477
2001-07-30 17:00:00,35856.0,35700.02734375,155.97265625,155.97265625,24327.469497680664
2001-07-30 18:00:00,35045.0,34571.859375,473.140625,473.140625,223862.05102539062
2001-07-30 19:00:00,33848.0,34016.4453125,-168.4453125,168.4453125,28373.823303222656
2001-07-30 20:00:00,33908.0,33643.05078125,264.94921875,264.94921875,70198.08851623535
2001-07-30 21:00:00,33878.0,33309.62109375,568.37890625,568.37890625,323054.5810699463
2001-07-30 22:00:00,31239.0,31204.880859375,34.119140625,34.119140625,1164.1157569885254
2001-07-30 23:00:00,28369.0,28213.173828125,155.826171875,155.826171875,24281.79584121704
2001-07-31 00:00:00,25903.0,25869.208984375,33.791015625,33.791015625,1141.8327369689941
2001-07-31 01:00:00,24342.0,24274.865234375,67.134765625,67.134765625,4507.076755523682
2001-07-31 02:00:00,23591.0,23747.4609375,-156.4609375,156.4609375,24480.024963378906
2001-07-31 03:00:00,23083.0,22971.921875,111.078125,111.078125,12338.349853515625
2001-07-31 04:00:00,23362.0,23093.615234375,268.384765625,268.384765625,72030.38241958618
2001-07-31 05:00:00,24760.0,24252.814453125,507.185546875,507.185546875,257237.17895889282
2001-07-31 06:00:00,26941.0,26906.9765625,34.0234375,34.0234375,1157.5942993164062
2001-07-31 07:00:00,29812.0,29662.896484375,149.103515625,149.103515625,22231.85837173462
2001-07-31 08:00:00,32109.0,32047.33203125,61.66796875,61.66796875,3802.9383697509766
2001-07-31 09:00:00,33833.0,33543.0546875,289.9453125,289.9453125,84068.28424072266
2001-07-31 10:00:00,35239.0,35486.34765625,-247.34765625,247.34765625,61180.863052368164
2001-07-31 11:00:00,36574.0,36394.6015625,179.3984375,179.3984375,32183.799377441406
2001-07-31 12:00:00,37275.0,37344.71484375,-69.71484375,69.71484375,4860.159439086914
2001-07-31 13:00:00,38216.0,38013.078125,202.921875,202.921875,41177.287353515625
2001-07-31 14:00:00,38723.0,38545.2890625,177.7109375,177.7109375,31581.177307128906
2001-07-31 15:00:00,39211.0,39066.40625,144.59375,144.59375,20907.3525390625
2001-07-31 16:00:00,39486.0,39572.78515625,-86.78515625,86.78515625,7531.663345336914
2001-07-31 17:00:00,39273.0,39265.92578125,7.07421875,7.07421875,50.04457092285156
2001-07-31 18:00:00,38116.0,38216.03125,-100.03125,100.03125,10006.2509765625
2001-07-31 19:00:00,36536.0,37308.4609375,-772.4609375,772.4609375,596695.8999633789
2001-07-31 20:00:00,36210.0,36261.4765625,-51.4765625,51.4765625,2649.8364868164062
2001-07-31 21:00:00,35701.0,35620.09375,80.90625,80.90625,6545.8212890625
2001-07-31 22:00:00,32842.0,32941.23046875,-99.23046875,99.23046875,9846.685928344727
2001-07-31 23:00:00,29553.0,30002.53125,-449.53125,449.53125,202078.3447265625
2001-08-01 00:00:00,26928.0,27098.015625,-170.015625,170.015625,28905.312744140625
2001-08-01 01:00:00,25303.0,25299.58203125,3.41796875,3.41796875,11.682510375976562
2001-08-01 02:00:00,24293.0,24263.65625,29.34375,29.34375,861.0556640625
2001-08-01 03:00:00,23789.0,23857.09375,-68.09375,68.09375,4636.7587890625
2001-08-01 04:00:00,24002.0,23884.94921875,117.05078125,117.05078125,13700.885391235352
2001-08-01 05:00:00,25209.0,25260.8046875,-51.8046875,51.8046875,2683.7256469726562
2001-08-01 06:00:00,27414.0,27764.759765625,-350.759765625,350.759765625,123032.41318130493
2001-08-01 07:00:00,30366.0,30003.185546875,362.814453125,362.814453125,131634.32739639282
2001-08-01 08:00:00,33161.0,32957.8203125,203.1796875,203.1796875,41281.985412597656
2001-08-01 09:00:00,35346.0,35132.63671875,213.36328125,213.36328125,45523.8897857666
2001-08-01 10:00:00,37121.0,37049.4609375,71.5390625,71.5390625,5117.837463378906
2001-08-01 11:00:00,39268.0,38268.82421875,999.17578125,999.17578125,998352.2418365479
2001-08-01 12:00:00,40325.0,40092.72265625,232.27734375,232.27734375,53952.764419555664
2001-08-01 13:00:00,41589.0,41152.90234375,436.09765625,436.09765625,190181.16578674316
2001-08-01 14:00:00,42385.0,42164.74609375,220.25390625,220.25390625,48511.78321838379
2001-08-01 15:00:00,42848.0,42818.64453125,29.35546875,29.35546875,861.7435455322266
2001-08-01 16:00:00,43358.0,43335.90234375,22.09765625,22.09765625,488.30641174316406
2001-08-01 17:00:00,43391.0,42773.29296875,617.70703125,617.70703125,381561.9764556885
2001-08-01 18:00:00,42312.0,41745.0,567.0,567.0,321489.0
2001-08-01 19:00:00,40609.0,41139.15625,-530.15625,530.15625,281065.6494140625
2001-08-01 20:00:00,40072.0,39996.09765625,75.90234375,75.90234375,5761.165786743164
2001-08-01 21:00:00,39171.0,39588.1484375,-417.1484375,417.1484375,174012.8189086914
2001-08-01 22:00:00,35878.0,36425.38671875,-547.38671875,547.38671875,299632.2198638916
2001-08-01 23:00:00,32497.0,32383.501953125,113.498046875,113.498046875,12881.806644439697
2001-08-02 00:00:00,29115.0,29452.615234375,-337.615234375,337.615234375,113984.04648208618
2001-08-02 01:00:00,27367.0,27351.47265625,15.52734375,15.52734375,241.09840393066406
2001-08-02 02:00:00,26103.0,26300.974609375,-197.974609375,197.974609375,39193.94595718384
2001-08-02 03:00:00,25356.0,25226.9921875,129.0078125,129.0078125,16643.015686035156
2001-08-02 04:00:00,25492.0,25352.51171875,139.48828125,139.48828125,19456.9806060791
2001-08-02 05:00:00,26579.0,26526.181640625,52.818359375,52.818359375,2789.7790870666504
2001-08-02 06:00:00,28541.0,29137.29296875,-596.29296875,596.29296875,355565.3045806885
2001-08-02 07:00:00,31570.0,31170.970703125,399.029296875,399.029296875,159224.37976455688
2001-08-02 08:00:00,34344.0,34089.41015625,254.58984375,254.58984375,64815.988540649414
2001-08-02 09:00:00,36879.0,36407.87109375,471.12890625,471.12890625,221962.4463043213
2001-08-02 10:00:00,39060.0,38914.23828125,145.76171875,145.76171875,21246.4786529541
2001-08-02 11:00:00,40891.0,40639.6328125,251.3671875,251.3671875,63185.462951660156
2001-08-02 12:00:00,42272.0,42397.07421875,-125.07421875,125.07421875,15643.560195922852
2001-08-02 13:00:00,43522.0,43150.734375,371.265625,371.265625,137838.16430664062
2001-08-02 14:00:00,44393.0,44272.2578125,120.7421875,120.7421875,14578.675842285156
2001-08-02 15:00:00,45330.0,44778.59765625,551.40234375,551.40234375,304044.54469299316
2001-08-02 16:00:00,45820.0,45645.49609375,174.50390625,174.50390625,30451.61329650879
2001-08-02 17:00:00,45681.0,45082.59375,598.40625,598.40625,358090.0400390625
2001-08-02 18:00:00,44183.0,44241.609375,-58.609375,58.609375,3435.058837890625
2001-08-02 19:00:00,42105.0,42819.9921875,-714.9921875,714.9921875,511213.82818603516
2001-08-02 20:00:00,41337.0,41454.984375,-117.984375,117.984375,13920.312744140625
2001-08-02 21:00:00,40392.0,40346.18359375,45.81640625,45.81640625,2099.143081665039
2001-08-02 22:00:00,36954.0,37108.765625,-154.765625,154.765625,23952.398681640625
2001-08-02 23:00:00,33299.0,33617.5625,-318.5625,318.5625,101482.06640625
2001-08-03 00:00:00,30226.0,30452.265625,-226.265625,226.265625,51196.133056640625
2001-08-03 01:00:00,28566.0,28415.556640625,150.443359375,150.443359375,22633.2043800354
2001-08-03 02:00:00,27334.0,27164.666015625,169.333984375,169.333984375,28673.998264312744
2001-08-03 03:00:00,26570.0,26406.306640625,163.693359375,163.693359375,26795.5159034729
2001-08-03 04:00:00,26662.0,26480.79296875,181.20703125,181.20703125,32835.98817443848
2001-08-03 05:00:00,27899.0,27779.822265625,119.177734375,119.177734375,14203.332370758057
2001-08-03 06:00:00,30085.0,30524.056640625,-439.056640625,439.056640625,192770.7336769104
2001-08-03 07:00:00,32794.0,32813.328125,-19.328125,19.328125,373.576416015625
2001-08-03 08:00:00,35304.0,35156.09375,147.90625,147.90625,21876.2587890625
2001-08-03 09:00:00,37448.0,37208.08203125,239.91796875,239.91796875,57560.63172912598
2001-08-03 10:00:00,39289.0,39181.55859375,107.44140625,107.44140625,11543.655776977539
2001-08-03 11:00:00,40983.0,40812.86328125,170.13671875,170.13671875,28946.5030670166
2001-08-03 12:00:00,42165.0,42124.14453125,40.85546875,40.85546875,1669.1693267822266
2001-08-03 13:00:00,43322.0,43043.69140625,278.30859375,278.30859375,77455.67335510254
2001-08-03 14:00:00,44137.0,43926.0859375,210.9140625,210.9140625,44484.741760253906
2001-08-03 15:00:00,44573.0,44763.23828125,-190.23828125,190.23828125,36190.6036529541
2001-08-03 16:00:00,44391.0,44291.83203125,99.16796875,99.16796875,9834.286026000977
2001-08-03 17:00:00,44061.0,43989.67578125,71.32421875,71.32421875,5087.144180297852
2001-08-03 18:00:00,42548.0,42716.46484375,-168.46484375,168.46484375,28380.403579711914
2001-08-03 19:00:00,40796.0,41255.1875,-459.1875,459.1875,210853.16015625
2001-08-03 20:00:00,40462.0,40132.3125,329.6875,329.6875,108693.84765625
2001-08-03 21:00:00,39515.0,39642.4375,-127.4375,127.4375,16240.31640625
2001-08-03 22:00:00,36721.0,36654.6015625,66.3984375,66.3984375,4408.752502441406
2001-08-03 23:00:00,33698.0,33526.12109375,171.87890625,171.87890625,29542.35841369629
2001-08-04 00:00:00,30952.0,30835.5859375,116.4140625,116.4140625,13552.233947753906
2001-08-04 01:00:00,29139.0,28823.9296875,315.0703125,315.0703125,99269.30181884766
2001-08-04 02:00:00,27799.0,27773.9921875,25.0078125,25.0078125,625.3906860351562
2001-08-04 03:00:00,26898.0,26712.4296875,185.5703125,185.5703125,34436.340881347656
2001-08-04 04:00:00,26500.0,26671.28515625,-171.28515625,171.28515625,29338.604751586914
2001-08-04 05:00:00,26890.0,26589.22265625,300.77734375,300.77734375,90467.01051330566
2001-08-04 06:00:00,27358.0,27810.208984375,-452.208984375,452.208984375,204492.965549469
2001-08-04 07:00:00,28590.0,29334.662109375,-744.662109375,744.662109375,554521.6571388245
2001-08-04 08:00:00,31238.0,31033.10546875,204.89453125,204.89453125,41981.76893615723
2001-08-04 09:00:00,33773.0,34073.40234375,-300.40234375,300.40234375,90241.56813049316
2001-08-04 10:00:00,35789.0,35569.91015625,219.08984375,219.08984375,48000.359634399414
2001-08-04 11:00:00,37035.0,37236.640625,-201.640625,201.640625,40658.941650390625
2001-08-04 12:00:00,38041.0,37688.4609375,352.5390625,352.5390625,124283.7905883789
2001-08-04 13:00:00,38804.0,38550.765625,253.234375,253.234375,64127.648681640625
2001-08-04 14:00:00,39306.0,39115.71875,190.28125,190.28125,36206.9541015625
2001-08-04 15:00:00,39147.0,39436.38671875,-289.38671875,289.38671875,83744.6729888916
2001-08-04 16:00:00,38815.0,39358.78125,-543.78125,543.78125,295698.0478515625
2001-08-04 17:00:00,38034.0,38544.24609375,-510.24609375,510.24609375,260351.0761871338
2001-08-04 18:00:00,36966.0,37021.26953125,-55.26953125,55.26953125,3054.7210845947266
2001-08-04 19:00:00,35927.0,36071.3984375,-144.3984375,144.3984375,20850.908752441406
2001-08-04 20:00:00,35929.0,35770.04296875,158.95703125,158.95703125,25267.337783813477
2001-08-04 21:00:00,35506.0,35771.1015625,-265.1015625,265.1015625,70278.8384399414
2001-08-04 22:00:00,33515.0,33377.5,137.5,137.5,18906.25
2001-08-04 23:00:00,31106.0,31099.806640625,6.193359375,6.193359375,38.35770034790039
2001-08-05 00:00:00,28706.0,28413.96875,292.03125,292.03125,85282.2509765625
2001-08-05 01:00:00,27116.0,26972.859375,143.140625,143.140625,20489.238525390625
2001-08-05 02:00:00,25930.0,26123.849609375,-193.849609375,193.849609375,37577.67105484009
2001-08-05 03:00:00,25103.0,25108.912109375,-5.912109375,5.912109375,34.95303726196289
2001-08-05 04:00:00,24658.0,24899.373046875,-241.373046875,241.373046875,58260.94775772095
2001-08-05 05:00:00,24658.0,24767.7421875,-109.7421875,109.7421875,12043.347717285156
2001-08-05 06:00:00,24613.0,24902.10546875,-289.10546875,289.10546875,83581.97206115723
2001-08-05 07:00:00,25778.0,25744.267578125,33.732421875,33.732421875,1137.8762855529785
2001-08-05 08:00:00,28322.0,28367.703125,-45.703125,45.703125,2088.775634765625
2001-08-05 09:00:00,31009.0,30648.849609375,360.150390625,360.150390625,129708.30386734009
2001-08-05 10:00:00,33676.0,33185.76171875,490.23828125,490.23828125,240333.5724029541
2001-08-05 11:00:00,35949.0,35732.953125,216.046875,216.046875,46676.252197265625
2001-08-05 12:00:00,38173.0,37264.73046875,908.26953125,908.26953125,824953.5413970947
2001-08-05 13:00:00,39634.0,39116.796875,517.203125,517.203125,267499.0725097656
2001-08-05 14:00:00,40718.0,40248.80078125,469.19921875,469.19921875,220147.90687561035
2001-08-05 15:00:00,41496.0,41213.1953125,282.8046875,282.8046875,79978.49127197266
2001-08-05 16:00:00,42239.0,41998.58203125,240.41796875,240.41796875,57800.79969787598
2001-08-05 17:00:00,42546.0,41841.953125,704.046875,704.046875,495682.0021972656
2001-08-05 18:00:00,41781.0,41968.0703125,-187.0703125,187.0703125,34995.301818847656
2001-08-05 19:00:00,40564.0,41463.2578125,-899.2578125,899.2578125,808664.6133422852
2001-08-05 20:00:00,40825.0,40430.25,394.75,394.75,155827.5625
2001-08-05 21:00:00,40486.0,39928.1953125,557.8046875,557.8046875,311146.06939697266
2001-08-05 22:00:00,37997.0,37928.05078125,68.94921875,68.94921875,4753.994766235352
2001-08-05 23:00:00,34760.0,34913.39453125,-153.39453125,153.39453125,23529.882217407227
2001-08-06 00:00:00,32050.0,32074.001953125,-24.001953125,24.001953125,576.0937538146973
2001-08-06 01:00:00,30370.0,30014.0390625,355.9609375,355.9609375,126708.1890258789
2001-08-06 02:00:00,29142.0,28726.181640625,415.818359375,415.818359375,172904.90799331665
2001-08-06 03:00:00,28533.0,28641.78125,-108.78125,108.78125,11833.3603515625
2001-08-06 04:00:00,28691.0,28641.14453125,49.85546875,49.85546875,2485.5677642822266
2001-08-06 05:00:00,29881.0,29718.845703125,162.154296875,162.154296875,26294.015995025635
2001-08-06 06:00:00,32056.0,32130.671875,-74.671875,74.671875,5575.888916015625
2001-08-06 07:00:00,35399.0,35165.7421875,233.2578125,233.2578125,54409.207092285156
2001-08-06 08:00:00,38917.0,38607.51171875,309.48828125,309.48828125,95782.9962310791
2001-08-06 09:00:00,42116.0,41246.79296875,869.20703125,869.20703125,755520.8631744385
2001-08-06 10:00:00,45127.0,44153.78125,973.21875,973.21875,947154.7353515625
2001-08-06 11:00:00,47571.0,46468.953125,1102.046875,1102.046875,1214507.3146972656
2001-08-06 12:00:00,49200.0,49056.32421875,143.67578125,143.67578125,20642.73011779785
2001-08-06 13:00:00,50355.0,49207.91015625,1147.08984375,1147.08984375,1315815.1096343994
2001-08-06 14:00:00,51164.0,49130.5234375,2033.4765625,2033.4765625,4135026.9302368164
2001-08-06 15:00:00,51490.0,49124.5546875,2365.4453125,2365.4453125,5595331.526428223
2001-08-06 16:00:00,51660.0,49061.75,2598.25,2598.25,6750903.0625
2001-08-06 17:00:00,51349.0,47964.44140625,3384.55859375,3384.55859375,11455236.874526978
2001-08-06 18:00:00,50378.0,47164.0234375,3213.9765625,3213.9765625,10329645.344299316
2001-08-06 19:00:00,49011.0,47245.81640625,1765.18359375,1765.18359375,3115873.119644165
2001-08-06 20:00:00,48781.0,47699.39453125,1081.60546875,1081.60546875,1169870.3900299072
2001-08-06 21:00:00,47438.0,47769.72265625,-331.72265625,331.72265625,110039.92066955566
2001-08-06 22:00:00,43531.0,46445.0,-2914.0,2914.0,8491396.0
2001-08-06 23:00:00,39474.0,39521.90234375,-47.90234375,47.90234375,2294.634536743164
2001-08-07 00:00:00,36295.0,36067.65625,227.34375,227.34375,51685.1806640625
2001-08-07 01:00:00,34462.0,33385.109375,1076.890625,1076.890625,1159693.4182128906
2001-08-07 02:00:00,32919.0,32690.125,228.875,228.875,52383.765625
2001-08-07 03:00:00,31924.0,32480.798828125,-556.798828125,556.798828125,310024.9350013733
2001-08-07 04:00:00,31720.0,31726.142578125,-6.142578125,6.142578125,37.731266021728516
2001-08-07 05:00:00,32931.0,32347.685546875,583.314453125,583.314453125,340255.7512245178
2001-08-07 06:00:00,34803.0,35177.515625,-374.515625,374.515625,140261.95336914062
2001-08-07 07:00:00,38172.0,37670.53515625,501.46484375,501.46484375,251466.9895172119
2001-08-07 08:00:00,41100.0,40378.01171875,721.98828125,721.98828125,521267.0782623291
2001-08-07 09:00:00,44240.0,42743.1953125,1496.8046875,1496.8046875,2240424.2725219727
2001-08-07 10:00:00,46948.0,45833.2421875,1114.7578125,1114.7578125,1242684.9805297852
2001-08-07 11:00:00,48884.0,47578.69921875,1305.30078125,1305.30078125,1703810.1295318604
2001-08-07 12:00:00,50155.0,49966.3046875,188.6953125,188.6953125,35605.920959472656
2001-08-07 13:00:00,51407.0,50419.30859375,987.69140625,987.69140625,975534.3139801025
2001-08-07 14:00:00,52394.0,49843.7109375,2550.2890625,2550.2890625,6503974.302307129
2001-08-07 15:00:00,53076.0,49095.8515625,3980.1484375,3980.1484375,15841581.584533691
2001-08-07 16:00:00,53253.0,49073.5859375,4179.4140625,4179.4140625,17467501.905822754
2001-08-07 17:00:00,52964.0,48850.4765625,4113.5234375,4113.5234375,16921075.070861816
2001-08-07 18:00:00,52019.0,47964.83203125,4054.16796875,4054.16796875,16436277.918838501
2001-08-07 19:00:00,50606.0,47876.921875,2729.078125,2729.078125,7447867.412353516
2001-08-07 20:00:00,50382.0,47441.63671875,2940.36328125,2940.36328125,8645736.225723267
2001-08-07 21:00:00,48918.0,47660.8125,1257.1875,1257.1875,1580520.41015625
2001-08-07 22:00:00,45123.0,46619.2265625,-1496.2265625,1496.2265625,2238693.9263305664
2001-08-07 23:00:00,41378.0,41721.99609375,-343.99609375,343.99609375,118333.31251525879
2001-08-08 00:00:00,37867.0,38050.93359375,-183.93359375,183.93359375,33831.56690979004
2001-08-08 01:00:00,35938.0,35670.3125,267.6875,267.6875,71656.59765625
2001-08-08 02:00:00,34450.0,34496.03515625,-46.03515625,46.03515625,2119.235610961914
2001-08-08 03:00:00,33379.0,33478.57421875,-99.57421875,99.57421875,9915.025039672852
2001-08-08 04:00:00,33292.0,33242.11328125,49.88671875,49.88671875,2488.6847076416016
2001-08-08 05:00:00,34346.0,33999.3046875,346.6953125,346.6953125,120197.63970947266
2001-08-08 06:00:00,36465.0,36941.734375,-476.734375,476.734375,227275.66430664062
2001-08-08 07:00:00,39673.0,39546.4453125,126.5546875,126.5546875,16016.088928222656
2001-08-08 08:00:00,42910.0,41737.3828125,1172.6171875,1172.6171875,1375031.0684204102
2001-08-08 09:00:00,45912.0,44524.3203125,1387.6796875,1387.6796875,1925654.9151000977
2001-08-08 10:00:00,48768.0,46113.23046875,2654.76953125,2654.76953125,7047801.264053345
2001-08-08 11:00:00,50772.0,49715.3984375,1056.6015625,1056.6015625,1116406.8618774414
2001-08-08 12:00:00,52033.0,50288.921875,1744.078125,1744.078125,3041808.5061035156
2001-08-08 13:00:00,52815.0,50635.5390625,2179.4609375,2179.4609375,4750049.978088379
2001-08-08 14:00:00,53427.0,50662.88671875,2764.11328125,2764.11328125,7640322.231582642
2001-08-08 15:00:00,53604.0,50253.3125,3350.6875,3350.6875,11227106.72265625
2001-08-08 16:00:00,53789.0,50115.578125,3673.421875,3673.421875,13494028.271728516
2001-08-08 17:00:00,53356.0,49806.91796875,3549.08203125,3549.08203125,12595983.264541626
2001-08-08 18:00:00,52307.0,49318.6015625,2988.3984375,2988.3984375,8930525.221252441
2001-08-08 19:00:00,51468.0,48297.38671875,3170.61328125,3170.61328125,10052788.579238892
2001-08-08 20:00:00,51036.0,48536.48828125,2499.51171875,2499.51171875,6247558.832168579
2001-08-08 21:00:00,49396.0,47908.16796875,1487.83203125,1487.83203125,2213644.153213501
2001-08-08 22:00:00,45586.0,46465.37890625,-879.37890625,879.37890625,773307.2607574463
2001-08-08 23:00:00,41424.0,41738.734375,-314.734375,314.734375,99057.72680664062
2001-08-09 00:00:00,38326.0,38613.34765625,-287.34765625,287.34765625,82568.67555236816
2001-08-09 01:00:00,36169.0,36112.08203125,56.91796875,56.91796875,3239.6551666259766
2001-08-09 02:00:00,34679.0,34414.77734375,264.22265625,264.22265625,69813.61207580566
2001-08-09 03:00:00,33636.0,33955.75,-319.75,319.75,102240.0625
2001-08-09 04:00:00,33335.0,33604.703125,-269.703125,269.703125,72739.77563476562
2001-08-09 05:00:00,34362.0,33929.859375,432.140625,432.140625,186745.51977539062
2001-08-09 06:00:00,36291.0,36482.51171875,-191.51171875,191.51171875,36676.7384185791
2001-08-09 07:00:00,39526.0,39174.6875,351.3125,351.3125,123420.47265625
2001-08-09 08:00:00,43024.0,41409.09375,1614.90625,1614.90625,2607922.1962890625
2001-08-09 09:00:00,46245.0,44718.72265625,1526.27734375,1526.27734375,2329522.5300445557
2001-08-09 10:00:00,49193.0,47780.04296875,1412.95703125,1412.95703125,1996447.5721588135
2001-08-09 11:00:00,51544.0,50013.2578125,1530.7421875,1530.7421875,2343171.644592285
2001-08-09 12:00:00,52527.0,50647.14453125,1879.85546875,1879.85546875,3533856.583389282
2001-08-09 13:00:00,53654.0,51227.1484375,2426.8515625,2426.8515625,5889608.506408691
2001-08-09 14:00:00,54030.0,51282.54296875,2747.45703125,2747.45703125,7548520.1385650635
2001-08-09 15:00:00,53631.0,50856.4609375,2774.5390625,2774.5390625,7698067.009338379
2001-08-09 16:00:00,53618.0,50527.2890625,3090.7109375,3090.7109375,9552494.099182129
2001-08-09 17:00:00,53455.0,50389.203125,3065.796875,3065.796875,9399110.478759766
2001-08-09 18:00:00,52868.0,49501.8359375,3366.1640625,3366.1640625,11331060.495666504
2001-08-09 19:00:00,51947.0,49138.99609375,2808.00390625,2808.00390625,7884885.937515259
2001-08-09 20:00:00,52344.0,48884.6640625,3459.3359375,3459.3359375,11967005.128479004
2001-08-09 21:00:00,51163.0,48101.72265625,3061.27734375,3061.27734375,9371418.975357056
2001-08-09 22:00:00,47650.0,46490.1171875,1159.8828125,1159.8828125,1345328.1387329102
2001-08-09 23:00:00,44058.0,45860.30859375,-1802.30859375,1802.30859375,3248316.2671051025
2001-08-10 00:00:00,40662.0,41003.97265625,-341.97265625,341.97265625,116945.29762268066
2001-08-10 01:00:00,38621.0,37878.33984375,742.66015625,742.66015625,551544.1076812744
2001-08-10 02:00:00,36988.0,36698.49609375,289.50390625,289.50390625,83812.51173400879
2001-08-10 03:00:00,35966.0,36290.73828125,-324.73828125,324.73828125,105454.9513092041
2001-08-10 04:00:00,35613.0,35651.58984375,-38.58984375,38.58984375,1489.176040649414
2001-08-10 05:00:00,36622.0,35829.50390625,792.49609375,792.49609375,628050.0586090088
2001-08-10 06:00:00,38472.0,38537.8984375,-65.8984375,65.8984375,4342.604064941406
2001-08-10 07:00:00,41347.0,40462.26953125,884.73046875,884.73046875,782748.0023345947
2001-08-10 08:00:00,44482.0,43246.3125,1235.6875,1235.6875,1526923.59765625
2001-08-10 09:00:00,47163.0,45096.484375,2066.515625,2066.515625,4270486.828369141
2001-08-10 10:00:00,49410.0,48085.08203125,1324.91796875,1324.91796875,1755407.623916626
2001-08-10 11:00:00,51109.0,50181.22265625,927.77734375,927.77734375,860770.7995758057
2001-08-10 12:00:00,51907.0,50699.9296875,1207.0703125,1207.0703125,1457018.7393188477
2001-08-10 13:00:00,52122.0,50904.27734375,1217.72265625,1217.72265625,1482848.4675445557
2001-08-10 14:00:00,50703.0,51119.50390625,-416.50390625,416.50390625,173475.5039215088
2001-08-10 15:00:00,48723.0,50611.23046875,-1888.23046875,1888.23046875,3565414.3031158447
2001-08-10 16:00:00,47538.0,50229.01171875,-2691.01171875,2691.01171875,7241544.070449829
2001-08-10 17:00:00,46509.0,50790.73046875,-4281.73046875,4281.73046875,18333215.807022095
2001-08-10 18:00:00,45206.0,46671.640625,-1465.640625,1465.640625,2148102.4416503906
2001-08-10 19:00:00,43753.0,44315.00390625,-562.00390625,562.00390625,315848.3906402588
2001-08-10 20:00:00,43541.0,42711.58984375,829.41015625,829.41015625,687921.2072906494
2001-08-10 21:00:00,42027.0,42481.69921875,-454.69921875,454.69921875,206751.37953186035
2001-08-10 22:00:00,39761.0,39434.23828125,326.76171875,326.76171875,106773.2208404541
2001-08-10 23:00:00,37034.0,36556.4921875,477.5078125,477.5078125,228013.71099853516
2001-08-11 00:00:00,34088.0,34343.8828125,-255.8828125,255.8828125,65476.013732910156
2001-08-11 01:00:00,32229.0,32006.048828125,222.951171875,222.951171875,49707.22504043579
2001-08-11 02:00:00,31143.0,30909.05078125,233.94921875,233.94921875,54732.23695373535
2001-08-11 03:00:00,30221.0,30543.642578125,-322.642578125,322.642578125,104098.23321914673
2001-08-11 04:00:00,29777.0,30827.015625,-1050.015625,1050.015625,1102532.8127441406
2001-08-11 05:00:00,29952.0,29797.935546875,154.064453125,154.064453125,23735.855716705322
2001-08-11 06:00:00,30561.0,30496.521484375,64.478515625,64.478515625,4157.478977203369
2001-08-11 07:00:00,31596.0,32157.833984375,-561.833984375,561.833984375,315657.42599868774
2001-08-11 08:00:00,33825.0,33612.0859375,212.9140625,212.9140625,45332.398010253906
2001-08-11 09:00:00,36054.0,36306.3359375,-252.3359375,252.3359375,63673.425354003906
2001-08-11 10:00:00,37533.0,38039.23046875,-506.23046875,506.23046875,256269.28749084473
2001-08-11 11:00:00,38286.0,39123.484375,-837.484375,837.484375,701380.0783691406
2001-08-11 12:00:00,38385.0,38471.25,-86.25,86.25,7439.0625
2001-08-11 13:00:00,37929.0,38600.33203125,-671.33203125,671.33203125,450686.696182251
2001-08-11 14:00:00,37320.0,37430.91015625,-110.91015625,110.91015625,12301.062759399414
2001-08-11 15:00:00,36471.0,37084.0234375,-613.0234375,613.0234375,375797.7349243164
2001-08-11 16:00:00,35705.0,35988.43359375,-283.43359375,283.43359375,80334.60206604004
2001-08-11 17:00:00,35167.0,35180.7109375,-13.7109375,13.7109375,187.98980712890625
2001-08-11 18:00:00,34820.0,34257.05078125,562.94921875,562.94921875,316911.82289123535
2001-08-11 19:00:00,34539.0,34141.57421875,397.42578125,397.42578125,157947.25160217285
2001-08-11 20:00:00,35091.0,34069.6015625,1021.3984375,1021.3984375,1043254.7681274414
2001-08-11 21:00:00,34617.0,34704.22265625,-87.22265625,87.22265625,7607.791763305664
2001-08-11 22:00:00,32964.0,33085.109375,-121.109375,121.109375,14667.480712890625
2001-08-11 23:00:00,30961.0,30628.8359375,332.1640625,332.1640625,110332.9644165039
2001-08-12 00:00:00,28855.0,28660.443359375,194.556640625,194.556640625,37852.2864112854
2001-08-12 01:00:00,27333.0,27193.232421875,139.767578125,139.767578125,19534.97589492798
2001-08-12 02:00:00,26362.0,26050.48828125,311.51171875,311.51171875,97039.5509185791
2001-08-12 03:00:00,26009.0,25852.29296875,156.70703125,156.70703125,24557.093643188477
2001-08-12 04:00:00,25674.0,26428.419921875,-754.419921875,754.419921875,569149.4185218811
2001-08-12 05:00:00,25782.0,25891.212890625,-109.212890625,109.212890625,11927.455478668213
2001-08-12 06:00:00,26176.0,26562.642578125,-386.642578125,386.642578125,149492.48321914673
2001-08-12 07:00:00,27045.0,27426.443359375,-381.443359375,381.443359375,145499.0364112854
2001-08-12 08:00:00,29009.0,29037.322265625,-28.322265625,28.322265625,802.1507301330566
2001-08-12 09:00:00,31266.0,31074.947265625,191.052734375,191.052734375,36501.14731216431
2001-08-12 10:00:00,32945.0,32865.83203125,79.16796875,79.16796875,6267.567276000977
2001-08-12 11:00:00,34109.0,34085.6875,23.3125,23.3125,543.47265625
2001-08-12 12:00:00,34768.0,35077.46875,-309.46875,309.46875,95770.9072265625
2001-08-12 13:00:00,35160.0,35111.9453125,48.0546875,48.0546875,2309.2529907226562
2001-08-12 14:00:00,35207.0,35312.421875,-105.421875,105.421875,11113.771728515625
2001-08-12 15:00:00,35425.0,35157.54296875,267.45703125,267.45703125,71533.26356506348
2001-08-12 16:00:00,35788.0,35479.12890625,308.87109375,308.87109375,95401.35255432129
2001-08-12 17:00:00,35972.0,35696.03125,275.96875,275.96875,76158.7509765625
2001-08-12 18:00:00,35989.0,35784.0859375,204.9140625,204.9140625,41989.773010253906
2001-08-12 19:00:00,35896.0,35426.44140625,469.55859375,469.55859375,220485.27296447754
2001-08-12 20:00:00,36413.0,35694.015625,718.984375,718.984375,516938.5314941406
2001-08-12 21:00:00,35823.0,35603.2109375,219.7890625,219.7890625,48307.231994628906
2001-08-12 22:00:00,33901.0,33695.7578125,205.2421875,205.2421875,42124.355529785156
2001-08-12 23:00:00,31519.0,31467.73046875,51.26953125,51.26953125,2628.5648345947266
2001-08-13 00:00:00,29479.0,29326.025390625,152.974609375,152.974609375,23401.231113433838
2001-08-13 01:00:00,28036.0,27775.677734375,260.322265625,260.322265625,67767.68198013306
2001-08-13 02:00:00,27292.0,27088.916015625,203.083984375,203.083984375,41243.104709625244
2001-08-13 03:00:00,26888.0,26729.70703125,158.29296875,158.29296875,25056.663955688477
2001-08-13 04:00:00,27136.0,27027.095703125,108.904296875,108.904296875,11860.145877838135
2001-08-13 05:00:00,28661.0,28473.447265625,187.552734375,187.552734375,35176.02817153931
2001-08-13 06:00:00,31150.0,31241.9296875,-91.9296875,91.9296875,8451.067443847656
2001-08-13 07:00:00,33960.0,34290.80078125,-330.80078125,330.80078125,109429.15687561035
2001-08-13 08:00:00,36558.0,36480.35546875,77.64453125,77.64453125,6028.673233032227
2001-08-13 09:00:00,38591.0,37894.98828125,696.01171875,696.01171875,484432.3126373291
2001-08-13 10:00:00,40371.0,39616.6171875,754.3828125,754.3828125,569093.4277954102
2001-08-13 11:00:00,41737.0,41893.74609375,-156.74609375,156.74609375,24569.33790588379
2001-08-13 12:00:00,42704.0,42701.0859375,2.9140625,2.9140625,8.49176025390625
2001-08-13 13:00:00,43480.0,43184.3515625,295.6484375,295.6484375,87407.9985961914
2001-08-13 14:00:00,43872.0,43950.80859375,-78.80859375,78.80859375,6210.794448852539
2001-08-13 15:00:00,44076.0,43859.28515625,216.71484375,216.71484375,46965.323501586914
2001-08-13 16:00:00,43938.0,44450.34765625,-512.34765625,512.34765625,262500.12086486816
2001-08-13 17:00:00,43441.0,43011.7265625,429.2734375,429.2734375,184275.6841430664
2001-08-13 18:00:00,42086.0,42146.265625,-60.265625,60.265625,3631.945556640625
2001-08-13 19:00:00,40802.0,40985.4765625,-183.4765625,183.4765625,33663.648986816406
2001-08-13 20:00:00,40859.0,39872.12109375,986.87890625,986.87890625,973929.9756011963
2001-08-13 21:00:00,39271.0,39618.890625,-347.890625,347.890625,121027.88696289062
2001-08-13 22:00:00,36085.0,35844.875,240.125,240.125,57660.015625
2001-08-13 23:00:00,32832.0,32849.54296875,-17.54296875,17.54296875,307.75575256347656
2001-08-14 00:00:00,30104.0,30051.091796875,52.908203125,52.908203125,2799.2779579162598
2001-08-14 01:00:00,28374.0,28222.908203125,151.091796875,151.091796875,22828.73108291626
2001-08-14 02:00:00,27116.0,26822.619140625,293.380859375,293.380859375,86072.32864761353
2001-08-14 03:00:00,26479.0,26302.384765625,176.615234375,176.615234375,31192.94101333618
2001-08-14 04:00:00,26634.0,26253.302734375,380.697265625,380.697265625,144930.4080543518
2001-08-14 05:00:00,27949.0,27881.92578125,67.07421875,67.07421875,4498.950820922852
2001-08-14 06:00:00,30226.0,30416.990234375,-190.990234375,190.990234375,36477.26962661743
2001-08-14 07:00:00,32655.0,33250.6875,-595.6875,595.6875,354843.59765625
2001-08-14 08:00:00,35092.0,35079.51171875,12.48828125,12.48828125,155.95716857910156
2001-08-14 09:00:00,37326.0,37153.89453125,172.10546875,172.10546875,29620.292373657227
2001-08-14 10:00:00,39199.0,39704.75,-505.75,505.75,255783.0625
2001-08-14 11:00:00,41075.0,41031.26953125,43.73046875,43.73046875,1912.3538970947266
2001-08-14 12:00:00,42122.0,42162.8984375,-40.8984375,40.8984375,1672.6821899414062
2001-08-14 13:00:00,43033.0,43197.3203125,-164.3203125,164.3203125,27001.165100097656
2001-08-14 14:00:00,43658.0,43725.46484375,-67.46484375,67.46484375,4551.505142211914
2001-08-14 15:00:00,44083.0,44133.90234375,-50.90234375,50.90234375,2591.048599243164
2001-08-14 16:00:00,44273.0,44618.9375,-345.9375,345.9375,119672.75390625
2001-08-14 17:00:00,43877.0,44138.55859375,-261.55859375,261.55859375,68412.89796447754
2001-08-14 18:00:00,42955.0,42231.59375,723.40625,723.40625,523316.6025390625
2001-08-14 19:00:00,42548.0,41594.00390625,953.99609375,953.99609375,910108.5468902588
2001-08-14 20:00:00,40755.0,42018.23828125,-1263.23828125,1263.23828125,1595770.955215454
2001-08-14 21:00:00,38957.0,39634.4765625,-677.4765625,677.4765625,458974.4927368164
2001-08-14 22:00:00,35776.0,35454.53125,321.46875,321.46875,103342.1572265625
2001-08-14 23:00:00,32352.0,32147.462890625,204.537109375,204.537109375,41835.42911148071
2001-08-15 00:00:00,29645.0,29429.599609375,215.400390625,215.400390625,46397.32828140259
2001-08-15 01:00:00,27706.0,27675.330078125,30.669921875,30.669921875,940.6441078186035
2001-08-15 02:00:00,26564.0,26250.79296875,313.20703125,313.20703125,98098.64442443848
2001-08-15 03:00:00,26001.0,25745.32421875,255.67578125,255.67578125,65370.10511779785
2001-08-15 04:00:00,26013.0,26069.287109375,-56.287109375,56.287109375,3168.238681793213
2001-08-15 05:00:00,27291.0,27021.91796875,269.08203125,269.08203125,72405.13954162598
2001-08-15 06:00:00,29671.0,29718.66015625,-47.66015625,47.66015625,2271.490493774414
2001-08-15 07:00:00,32272.0,32225.1171875,46.8828125,46.8828125,2197.9981079101562
2001-08-15 08:00:00,34680.0,34299.03125,380.96875,380.96875,145137.1884765625
2001-08-15 09:00:00,36844.0,36420.109375,423.890625,423.890625,179683.26196289062
2001-08-15 10:00:00,38770.0,38693.16015625,76.83984375,76.83984375,5904.361587524414
2001-08-15 11:00:00,40208.0,40243.453125,-35.453125,35.453125,1256.924072265625
2001-08-15 12:00:00,41183.0,41354.96875,-171.96875,171.96875,29573.2509765625
2001-08-15 13:00:00,42377.0,42221.60546875,155.39453125,155.39453125,24147.460342407227
2001-08-15 14:00:00,42996.0,42886.078125,109.921875,109.921875,12082.818603515625
2001-08-15 15:00:00,43368.0,43230.69921875,137.30078125,137.30078125,18851.50453186035
2001-08-15 16:00:00,43638.0,43371.125,266.875,266.875,71222.265625
2001-08-15 17:00:00,43070.0,43493.40234375,-423.40234375,423.40234375,179269.54469299316
2001-08-15 18:00:00,41673.0,41582.578125,90.421875,90.421875,8176.115478515625
2001-08-15 19:00:00,39896.0,39908.0390625,-12.0390625,12.0390625,144.93902587890625
2001-08-15 20:00:00,39973.0,39220.73828125,752.26171875,752.26171875,565897.6934967041
2001-08-15 21:00:00,38458.0,39074.1953125,-616.1953125,616.1953125,379696.66314697266
2001-08-15 22:00:00,35068.0,35208.71484375,-140.71484375,140.71484375,19800.667251586914
2001-08-15 23:00:00,31792.0,31853.138671875,-61.138671875,61.138671875,3737.937198638916
2001-08-16 00:00:00,29082.0,28753.037109375,328.962890625,328.962890625,108216.58340835571
2001-08-16 01:00:00,27126.0,27023.3046875,102.6953125,102.6953125,10546.327209472656
2001-08-16 02:00:00,25916.0,26023.375,-107.375,107.375,11529.390625
2001-08-16 03:00:00,25266.0,25044.271484375,221.728515625,221.728515625,49163.53464126587
2001-08-16 04:00:00,25306.0,25181.923828125,124.076171875,124.076171875,15394.896427154541
2001-08-16 05:00:00,26766.0,26289.76953125,476.23046875,476.23046875,226795.45936584473
2001-08-16 06:00:00,29094.0,29449.7578125,-355.7578125,355.7578125,126563.62115478516
2001-08-16 07:00:00,32040.0,31923.990234375,116.009765625,116.009765625,13458.265720367432
2001-08-16 08:00:00,34399.0,34594.72265625,-195.72265625,195.72265625,38307.358169555664
2001-08-16 09:00:00,36617.0,36347.42578125,269.57421875,269.57421875,72670.25941467285
2001-08-16 10:00:00,38629.0,38315.56640625,313.43359375,313.43359375,98240.61769104004
2001-08-16 11:00:00,40293.0,40174.65234375,118.34765625,118.34765625,14006.167739868164
2001-08-16 12:00:00,41586.0,41015.42578125,570.57421875,570.57421875,325554.93910217285
2001-08-16 13:00:00,42989.0,42459.3515625,529.6484375,529.6484375,280527.4673461914
2001-08-16 14:00:00,43729.0,43530.84375,198.15625,198.15625,39265.8994140625
2001-08-16 15:00:00,44261.0,44126.3515625,134.6484375,134.6484375,18130.201721191406
2001-08-16 16:00:00,44523.0,44607.20703125,-84.20703125,84.20703125,7090.824111938477
2001-08-16 17:00:00,44100.0,44301.94140625,-201.94140625,201.94140625,40780.33155822754
2001-08-16 18:00:00,42505.0,42982.671875,-477.671875,477.671875,228170.42016601562
2001-08-16 19:00:00,40819.0,40940.44140625,-121.44140625,121.44140625,14748.015151977539
2001-08-16 20:00:00,40995.0,39986.546875,1008.453125,1008.453125,1016977.7053222656
2001-08-16 21:00:00,39572.0,40001.03125,-429.03125,429.03125,184067.8134765625
2001-08-16 22:00:00,36589.0,36057.7890625,531.2109375,531.2109375,282185.0601196289
2001-08-16 23:00:00,33435.0,32945.91796875,489.08203125,489.08203125,239201.23329162598
2001-08-17 00:00:00,30843.0,30428.111328125,414.888671875,414.888671875,172132.61005020142
2001-08-17 01:00:00,29055.0,28570.95703125,484.04296875,484.04296875,234297.59559631348
2001-08-17 02:00:00,28036.0,27506.755859375,529.244140625,529.244140625,280099.3603858948
2001-08-17 03:00:00,27582.0,27086.71875,495.28125,495.28125,245303.5166015625
2001-08-17 04:00:00,27746.0,27179.73828125,566.26171875,566.26171875,320652.3341217041
2001-08-17 05:00:00,29021.0,28820.34765625,200.65234375,200.65234375,40261.363052368164
2001-08-17 06:00:00,31602.0,31215.173828125,386.826171875,386.826171875,149634.48724746704
2001-08-17 07:00:00,34095.0,34488.8984375,-393.8984375,393.8984375,155155.9790649414
2001-08-17 08:00:00,36734.0,36694.1875,39.8125,39.8125,1585.03515625
2001-08-17 09:00:00,38673.0,38542.4609375,130.5390625,130.5390625,17040.446838378906
2001-08-17 10:00:00,40368.0,40633.23046875,-265.23046875,265.23046875,70347.20155334473
2001-08-17 11:00:00,41184.0,42098.55078125,-914.55078125,914.55078125,836403.1314849854
2001-08-17 12:00:00,41984.0,41910.55859375,73.44140625,73.44140625,5393.640151977539
2001-08-17 13:00:00,43103.0,42866.44140625,236.55859375,236.55859375,55959.96827697754
2001-08-17 14:00:00,44133.0,43583.35546875,549.64453125,549.64453125,302109.1107330322
2001-08-17 15:00:00,45029.0,44519.83984375,509.16015625,509.16015625,259244.0647125244
2001-08-17 16:00:00,45399.0,45369.609375,29.390625,29.390625,863.808837890625
2001-08-17 17:00:00,44890.0,45103.515625,-213.515625,213.515625,45588.922119140625
2001-08-17 18:00:00,43417.0,44115.640625,-698.640625,698.640625,488098.7229003906
2001-08-17 19:00:00,41648.0,41744.3125,-96.3125,96.3125,9276.09765625
2001-08-17 20:00:00,41440.0,40653.09375,786.90625,786.90625,619221.4462890625
2001-08-17 21:00:00,40101.0,40060.8984375,40.1015625,40.1015625,1608.1353149414062
2001-08-17 22:00:00,36881.0,37134.45703125,-253.45703125,253.45703125,64240.46669006348
2001-08-17 23:00:00,33407.0,33827.75390625,-420.75390625,420.75390625,177033.8496246338
2001-08-18 00:00:00,30339.0,30586.15625,-247.15625,247.15625,61086.2119140625
2001-08-18 01:00:00,28204.0,28673.0859375,-469.0859375,469.0859375,220041.6167602539
2001-08-18 02:00:00,26784.0,26880.5703125,-96.5703125,96.5703125,9325.825256347656
2001-08-18 03:00:00,25566.0,25830.45703125,-264.45703125,264.45703125,69937.52137756348
2001-08-18 04:00:00,25074.0,25329.7265625,-255.7265625,255.7265625,65396.074768066406
2001-08-18 05:00:00,25126.0,25201.541015625,-75.541015625,75.541015625,5706.445041656494
2001-08-18 06:00:00,25427.0,25502.52734375,-75.52734375,75.52734375,5704.379653930664
2001-08-18 07:00:00,26896.0,26817.333984375,78.666015625,78.666015625,6188.342014312744
2001-08-18 08:00:00,30040.0,29423.955078125,616.044921875,616.044921875,379511.34576797485
2001-08-18 09:00:00,32968.0,32449.771484375,518.228515625,518.228515625,268560.79440689087
2001-08-18 10:00:00,35125.0,35257.01953125,-132.01953125,132.01953125,17429.156631469727
2001-08-18 11:00:00,36553.0,36906.31640625,-353.31640625,353.31640625,124832.48292541504
2001-08-18 12:00:00,37301.0,37513.59765625,-212.59765625,212.59765625,45197.763442993164
2001-08-18 13:00:00,37713.0,38206.53125,-493.53125,493.53125,243573.0947265625
2001-08-18 14:00:00,37826.0,38308.6953125,-482.6953125,482.6953125,232994.76470947266
2001-08-18 15:00:00,37986.0,38183.5078125,-197.5078125,197.5078125,39009.335998535156
2001-08-18 16:00:00,37912.0,37917.44140625,-5.44140625,5.44140625,29.608901977539062
2001-08-18 17:00:00,37417.0,37489.6875,-72.6875,72.6875,5283.47265625
2001-08-18 18:00:00,36509.0,36521.02734375,-12.02734375,12.02734375,144.65699768066406
2001-08-18 19:00:00,35865.0,35591.73828125,273.26171875,273.26171875,74671.9669342041
2001-08-18 20:00:00,36432.0,35412.56640625,1019.43359375,1019.43359375,1039244.85206604
2001-08-18 21:00:00,35471.0,36064.046875,-593.046875,593.046875,351704.5959472656
2001-08-18 22:00:00,33333.0,33276.421875,56.578125,56.578125,3201.084228515625
2001-08-18 23:00:00,30868.0,30912.740234375,-44.740234375,44.740234375,2001.6885719299316
2001-08-19 00:00:00,28556.0,28576.255859375,-20.255859375,20.255859375,410.2998390197754
2001-08-19 01:00:00,26753.0,26649.916015625,103.083984375,103.083984375,10626.307834625244
2001-08-19 02:00:00,25635.0,25601.365234375,33.634765625,33.634765625,1131.2974586486816
2001-08-19 03:00:00,24701.0,24781.919921875,-80.919921875,80.919921875,6548.0337562561035
2001-08-19 04:00:00,24295.0,24284.34375,10.65625,10.65625,113.5556640625
2001-08-19 05:00:00,24241.0,24023.931640625,217.068359375,217.068359375,47118.67264175415
2001-08-19 06:00:00,24268.0,24158.23828125,109.76171875,109.76171875,12047.634902954102
2001-08-19 07:00:00,25164.0,24909.408203125,254.591796875,254.591796875,64816.98303604126
2001-08-19 08:00:00,27625.0,27155.4140625,469.5859375,469.5859375,220510.9526977539
2001-08-19 09:00:00,30187.0,30122.875,64.125,64.125,4112.015625
2001-08-19 10:00:00,32466.0,32418.251953125,47.748046875,47.748046875,2279.8759803771973
2001-08-19 11:00:00,34039.0,34030.56640625,8.43359375,8.43359375,71.12550354003906
2001-08-19 12:00:00,34878.0,35177.9609375,-299.9609375,299.9609375,89976.5640258789
2001-08-19 13:00:00,35238.0,35474.4765625,-236.4765625,236.4765625,55921.164611816406
2001-08-19 14:00:00,35473.0,35741.6640625,-268.6640625,268.6640625,72180.3784790039
2001-08-19 15:00:00,35638.0,35488.046875,149.953125,149.953125,22485.939697265625
2001-08-19 16:00:00,36120.0,35766.33203125,353.66796875,353.66796875,125081.03211975098
2001-08-19 17:00:00,36162.0,36457.98828125,-295.98828125,295.98828125,87609.0626373291
2001-08-19 18:00:00,35770.0,35608.63671875,161.36328125,161.36328125,26038.1085357666
2001-08-19 19:00:00,35471.0,34960.07421875,510.92578125,510.92578125,261045.15394592285
2001-08-19 20:00:00,36615.0,35600.98046875,1014.01953125,1014.01953125,1028235.6097564697
2001-08-19 21:00:00,35893.0,36161.05859375,-268.05859375,268.05859375,71855.40968322754
2001-08-19 22:00:00,33710.0,33862.30078125,-152.30078125,152.30078125,23195.52796936035
2001-08-19 23:00:00,31480.0,31175.53125,304.46875,304.46875,92701.2197265625
2001-08-20 00:00:00,29433.0,29462.4921875,-29.4921875,29.4921875,869.7891235351562
2001-08-20 01:00:00,28000.0,27667.171875,332.828125,332.828125,110774.56079101562
2001-08-20 02:00:00,27071.0,27025.75390625,45.24609375,45.24609375,2047.208999633789
2001-08-20 03:00:00,26783.0,26788.259765625,-5.259765625,5.259765625,27.66513442993164
2001-08-20 04:00:00,26935.0,26774.2578125,160.7421875,160.7421875,25838.050842285156
2001-08-20 05:00:00,28506.0,28152.703125,353.296875,353.296875,124818.68188476562
2001-08-20 06:00:00,31266.0,31034.521484375,231.478515625,231.478515625,53582.30319595337
2001-08-20 07:00:00,33968.0,34249.3359375,-281.3359375,281.3359375,79149.9097290039
2001-08-20 08:00:00,36589.0,36312.640625,276.359375,276.359375,76374.50415039062
2001-08-20 09:00:00,38913.0,38190.11328125,722.88671875,722.88671875,522565.2081451416
2001-08-20 10:00:00,41136.0,40647.5546875,488.4453125,488.4453125,238578.82330322266
2001-08-20 11:00:00,42669.0,42367.9609375,301.0390625,301.0390625,90624.5171508789
2001-08-20 12:00:00,43686.0,43148.953125,537.046875,537.046875,288419.3459472656
2001-08-20 13:00:00,44588.0,44479.4765625,108.5234375,108.5234375,11777.336486816406
2001-08-20 14:00:00,45238.0,44862.9453125,375.0546875,375.0546875,140666.01861572266
2001-08-20 15:00:00,45587.0,45548.6328125,38.3671875,38.3671875,1472.0410766601562
2001-08-20 16:00:00,45676.0,45388.16796875,287.83203125,287.83203125,82847.27821350098
2001-08-20 17:00:00,45317.0,44913.37890625,403.62109375,403.62109375,162909.9873199463
2001-08-20 18:00:00,43762.0,44024.41015625,-262.41015625,262.41015625,68859.09010314941
2001-08-20 19:00:00,42221.0,42494.6328125,-273.6328125,273.6328125,74874.91607666016
2001-08-20 20:00:00,42005.0,41196.015625,808.984375,808.984375,654455.7189941406
2001-08-20 21:00:00,40339.0,40927.40625,-588.40625,588.40625,346221.9150390625
2001-08-20 22:00:00,36642.0,36748.32421875,-106.32421875,106.32421875,11304.839492797852
2001-08-20 23:00:00,32986.0,33461.2578125,-475.2578125,475.2578125,225869.98834228516
2001-08-21 00:00:00,30279.0,30306.1484375,-27.1484375,27.1484375,737.0376586914062
2001-08-21 01:00:00,28489.0,28670.361328125,-181.361328125,181.361328125,32891.931339263916
2001-08-21 02:00:00,27230.0,27104.130859375,125.869140625,125.869140625,15843.040561676025
2001-08-21 03:00:00,26450.0,26502.912109375,-52.912109375,52.912109375,2799.691318511963
2001-08-21 04:00:00,26335.0,26298.84375,36.15625,36.15625,1307.2744140625
2001-08-21 05:00:00,27631.0,27463.92578125,167.07421875,167.07421875,27913.79457092285
2001-08-21 06:00:00,29808.0,30035.763671875,-227.763671875,227.763671875,51876.290225982666
2001-08-21 07:00:00,32345.0,32291.103515625,53.896484375,53.896484375,2904.831027984619
2001-08-21 08:00:00,34647.0,34495.10546875,151.89453125,151.89453125,23071.948623657227
2001-08-21 09:00:00,36540.0,36311.33203125,228.66796875,228.66796875,52289.03993225098
2001-08-21 10:00:00,38304.0,38279.23828125,24.76171875,24.76171875,613.1427154541016
2001-08-21 11:00:00,39582.0,39623.77734375,-41.77734375,41.77734375,1745.346450805664
2001-08-21 12:00:00,40465.0,40490.84375,-25.84375,25.84375,667.8994140625
2001-08-21 13:00:00,41104.0,41489.4921875,-385.4921875,385.4921875,148604.22662353516
2001-08-21 14:00:00,41534.0,42003.1015625,-469.1015625,469.1015625,220056.2759399414
2001-08-21 15:00:00,41786.0,41975.6015625,-189.6015625,189.6015625,35948.752502441406
2001-08-21 16:00:00,41967.0,42586.51953125,-619.51953125,619.51953125,383804.4496002197
2001-08-21 17:00:00,41658.0,41746.09765625,-88.09765625,88.09765625,7761.197036743164
2001-08-21 18:00:00,40442.0,39951.8671875,490.1328125,490.1328125,240230.17388916016
2001-08-21 19:00:00,38774.0,39023.4375,-249.4375,249.4375,62219.06640625
2001-08-21 20:00:00,39150.0,38137.84765625,1012.15234375,1012.15234375,1024452.3669586182
2001-08-21 21:00:00,37616.0,38576.48828125,-960.48828125,960.48828125,922537.7384185791
2001-08-21 22:00:00,34503.0,34486.6875,16.3125,16.3125,266.09765625
2001-08-21 23:00:00,31249.0,31673.3984375,-424.3984375,424.3984375,180114.0337524414
2001-08-22 00:00:00,28729.0,28280.595703125,448.404296875,448.404296875,201066.41345596313
2001-08-22 01:00:00,26863.0,27014.20703125,-151.20703125,151.20703125,22863.566299438477
2001-08-22 02:00:00,25767.0,25840.875,-73.875,73.875,5457.515625
2001-08-22 03:00:00,25207.0,25065.291015625,141.708984375,141.708984375,20081.436252593994
2001-08-22 04:00:00,25261.0,25085.396484375,175.603515625,175.603515625,30836.59469985962
2001-08-22 05:00:00,26643.0,26362.87890625,280.12109375,280.12109375,78467.82716369629
2001-08-22 06:00:00,28889.0,29351.953125,-462.953125,462.953125,214325.59594726562
2001-08-22 07:00:00,31452.0,31451.732421875,0.267578125,0.267578125,0.07159805297851562
2001-08-22 08:00:00,34178.0,33797.3828125,380.6171875,380.6171875,144869.44342041016
2001-08-22 09:00:00,36615.0,35968.61328125,646.38671875,646.38671875,417815.7901763916
2001-08-22 10:00:00,38499.0,38198.5078125,300.4921875,300.4921875,90295.55474853516
2001-08-22 11:00:00,40051.0,39739.2734375,311.7265625,311.7265625,97173.4497680664
2001-08-22 12:00:00,41048.0,41078.51171875,-30.51171875,30.51171875,930.9649810791016
2001-08-22 13:00:00,41979.0,41989.1328125,-10.1328125,10.1328125,102.67388916015625
2001-08-22 14:00:00,42629.0,42815.31640625,-186.31640625,186.31640625,34713.80323791504
2001-08-22 15:00:00,43142.0,42861.984375,280.015625,280.015625,78408.75024414062
2001-08-22 16:00:00,43516.0,43381.8671875,134.1328125,134.1328125,17991.611389160156
2001-08-22 17:00:00,43083.0,43584.4375,-501.4375,501.4375,251439.56640625
2001-08-22 18:00:00,41666.0,41794.6875,-128.6875,128.6875,16560.47265625
2001-08-22 19:00:00,39966.0,40018.45703125,-52.45703125,52.45703125,2751.7401275634766
2001-08-22 20:00:00,40112.0,39445.578125,666.421875,666.421875,444118.1154785156
2001-08-22 21:00:00,38494.0,39379.60546875,-885.60546875,885.60546875,784297.0462799072
2001-08-22 22:00:00,35172.0,35703.06640625,-531.06640625,531.06640625,282031.52784729004
2001-08-22 23:00:00,31919.0,32101.521484375,-182.521484375,182.521484375,33314.09225845337
2001-08-23 00:00:00,29573.0,29270.5390625,302.4609375,302.4609375,91482.6187133789
2001-08-23 01:00:00,27714.0,27717.912109375,-3.912109375,3.912109375,15.30459976196289
2001-08-23 02:00:00,26549.0,26506.763671875,42.236328125,42.236328125,1783.907413482666
2001-08-23 03:00:00,25846.0,25758.412109375,87.587890625,87.587890625,7671.638584136963
2001-08-23 04:00:00,26004.0,25945.892578125,58.107421875,58.107421875,3376.4724769592285
2001-08-23 05:00:00,27340.0,26929.3359375,410.6640625,410.6640625,168644.9722290039
2001-08-23 06:00:00,29727.0,29809.46484375,-82.46484375,82.46484375,6800.450454711914
2001-08-23 07:00:00,32596.0,32382.939453125,213.060546875,213.060546875,45394.79663467407
2001-08-23 08:00:00,34614.0,34919.58203125,-305.58203125,305.58203125,93380.37782287598
2001-08-23 09:00:00,36532.0,36582.8125,-50.8125,50.8125,2581.91015625
2001-08-23 10:00:00,38553.0,38247.10546875,305.89453125,305.89453125,93571.46424865723
2001-08-23 11:00:00,40021.0,39723.76953125,297.23046875,297.23046875,88345.95155334473
2001-08-23 12:00:00,40797.0,40650.4609375,146.5390625,146.5390625,21473.696838378906
2001-08-23 13:00:00,41242.0,41440.3671875,-198.3671875,198.3671875,39349.541076660156
2001-08-23 14:00:00,41343.0,41467.82421875,-124.82421875,124.82421875,15581.085586547852
2001-08-23 15:00:00,41100.0,41898.34375,-798.34375,798.34375,637352.7431640625
2001-08-23 16:00:00,40739.0,41393.1640625,-654.1640625,654.1640625,427930.6206665039
2001-08-23 17:00:00,40172.0,40009.484375,162.515625,162.515625,26411.328369140625
2001-08-23 18:00:00,39194.0,38676.48046875,517.51953125,517.51953125,267826.4652252197
2001-08-23 19:00:00,38881.0,37922.25390625,958.74609375,958.74609375,919194.0722808838
2001-08-23 20:00:00,38923.0,38559.5078125,363.4921875,363.4921875,132126.57037353516
2001-08-23 21:00:00,37353.0,38205.3125,-852.3125,852.3125,726436.59765625
2001-08-23 22:00:00,34435.0,34313.62109375,121.37890625,121.37890625,14732.838882446289
2001-08-23 23:00:00,31561.0,31461.830078125,99.169921875,99.169921875,9834.673404693604
2001-08-24 00:00:00,29063.0,28984.212890625,78.787109375,78.787109375,6207.408603668213
2001-08-24 01:00:00,27384.0,27151.26171875,232.73828125,232.73828125,54167.1075592041
2001-08-24 02:00:00,26166.0,26243.294921875,-77.294921875,77.294921875,5974.5049476623535
2001-08-24 03:00:00,25573.0,25436.416015625,136.583984375,136.583984375,18655.184787750244
2001-08-24 04:00:00,25777.0,25712.58984375,64.41015625,64.41015625,4148.668228149414
2001-08-24 05:00:00,27049.0,26783.806640625,265.193359375,265.193359375,70327.5178565979
2001-08-24 06:00:00,29400.0,29864.22265625,-464.22265625,464.22265625,215502.67457580566
2001-08-24 07:00:00,31835.0,32078.736328125,-243.736328125,243.736328125,59407.397647857666
2001-08-24 08:00:00,34108.0,34347.171875,-239.171875,239.171875,57203.185791015625
2001-08-24 09:00:00,36151.0,36026.8359375,124.1640625,124.1640625,15416.714416503906
2001-08-24 10:00:00,38165.0,37500.88671875,664.11328125,664.11328125,441046.4503326416
2001-08-24 11:00:00,39456.0,39138.7109375,317.2890625,317.2890625,100672.3491821289
2001-08-24 12:00:00,40444.0,40177.33203125,266.66796875,266.66796875,71111.80555725098
2001-08-24 13:00:00,41579.0,41351.83203125,227.16796875,227.16796875,51605.28602600098
2001-08-24 14:00:00,42296.0,41960.0234375,335.9765625,335.9765625,112880.2505493164
2001-08-24 15:00:00,42541.0,42573.61328125,-32.61328125,32.61328125,1063.6261138916016
2001-08-24 16:00:00,42580.0,42702.359375,-122.359375,122.359375,14971.816650390625
2001-08-24 17:00:00,42096.0,42099.07421875,-3.07421875,3.07421875,9.450820922851562
2001-08-24 18:00:00,40461.0,40630.92578125,-169.92578125,169.92578125,28874.77113342285
2001-08-24 19:00:00,38845.0,38911.48046875,-66.48046875,66.48046875,4419.652725219727
2001-08-24 20:00:00,38852.0,37913.3125,938.6875,938.6875,881134.22265625
2001-08-24 21:00:00,37221.0,38385.140625,-1164.140625,1164.140625,1355223.3947753906
2001-08-24 22:00:00,34347.0,34406.84765625,-59.84765625,59.84765625,3581.741958618164
2001-08-24 23:00:00,31447.0,31392.23046875,54.76953125,54.76953125,2999.7015533447266
2001-08-25 00:00:00,28815.0,28960.537109375,-145.537109375,145.537109375,21181.050205230713
2001-08-25 01:00:00,26907.0,26940.119140625,-33.119140625,33.119140625,1096.8774757385254
2001-08-25 02:00:00,25659.0,25767.96484375,-108.96484375,108.96484375,11873.337173461914
2001-08-25 03:00:00,24889.0,24588.984375,300.015625,300.015625,90009.37524414062
2001-08-25 04:00:00,24389.0,24346.748046875,42.251953125,42.251953125,1785.2275428771973
2001-08-25 05:00:00,24688.0,24408.669921875,279.330078125,279.330078125,78025.2925453186
2001-08-25 06:00:00,25122.0,25133.02734375,-11.02734375,11.02734375,121.60231018066406
2001-08-25 07:00:00,26447.0,26650.87890625,-203.87890625,203.87890625,41566.60841369629
2001-08-25 08:00:00,29169.0,28972.4765625,196.5234375,196.5234375,38621.461486816406
2001-08-25 09:00:00,31649.0,32230.525390625,-581.525390625,581.525390625,338171.77994155884
2001-08-25 10:00:00,33626.0,33760.10546875,-134.10546875,134.10546875,17984.276748657227
2001-08-25 11:00:00,34620.0,35072.48828125,-452.48828125,452.48828125,204745.6446685791
2001-08-25 12:00:00,35190.0,34992.10546875,197.89453125,197.89453125,39162.24549865723
2001-08-25 13:00:00,35270.0,35438.1640625,-168.1640625,168.1640625,28279.151916503906
2001-08-25 14:00:00,35548.0,35393.76953125,154.23046875,154.23046875,23787.037490844727
2001-08-25 15:00:00,35640.0,35456.56640625,183.43359375,183.43359375,33647.88331604004
2001-08-25 16:00:00,35883.0,35710.109375,172.890625,172.890625,29891.168212890625
2001-08-25 17:00:00,35611.0,35970.13671875,-359.13671875,359.13671875,128979.1827545166
2001-08-25 18:00:00,34407.0,34788.3984375,-381.3984375,381.3984375,145464.7681274414
2001-08-25 19:00:00,33125.0,33500.6796875,-375.6796875,375.6796875,141135.22760009766
2001-08-25 20:00:00,33447.0,33054.125,392.875,392.875,154350.765625
2001-08-25 21:00:00,32193.0,32977.453125,-784.453125,784.453125,615366.7053222656
2001-08-25 22:00:00,30074.0,30388.421875,-314.421875,314.421875,98861.11547851562
2001-08-25 23:00:00,27759.0,27575.74609375,183.25390625,183.25390625,33581.99415588379
2001-08-26 00:00:00,25580.0,25312.00390625,267.99609375,267.99609375,71821.90626525879
2001-08-26 01:00:00,24000.0,23990.861328125,9.138671875,9.138671875,83.51532363891602
2001-08-26 02:00:00,22920.0,22999.34375,-79.34375,79.34375,6295.4306640625
2001-08-26 03:00:00,22179.0,22207.3125,-28.3125,28.3125,801.59765625
2001-08-26 04:00:00,21909.0,21926.876953125,-17.876953125,17.876953125,319.58545303344727
2001-08-26 05:00:00,21915.0,21800.40625,114.59375,114.59375,13131.7275390625
2001-08-26 06:00:00,22059.0,22075.02734375,-16.02734375,16.02734375,256.87574768066406
2001-08-26 07:00:00,22676.0,22833.30859375,-157.30859375,157.30859375,24745.99366760254
2001-08-26 08:00:00,25257.0,24575.048828125,681.951171875,681.951171875,465057.4008216858
2001-08-26 09:00:00,27449.0,27556.529296875,-107.529296875,107.529296875,11562.549686431885
2001-08-26 10:00:00,29474.0,29111.11328125,362.88671875,362.88671875,131686.7706451416
2001-08-26 11:00:00,31125.0,30862.048828125,262.951171875,262.951171875,69143.31879043579
2001-08-26 12:00:00,32389.0,32027.763671875,361.236328125,361.236328125,130491.68475723267
2001-08-26 13:00:00,33513.0,33456.8828125,56.1171875,56.1171875,3149.1387329101562
2001-08-26 14:00:00,34233.0,34514.6875,-281.6875,281.6875,79347.84765625
2001-08-26 15:00:00,35042.0,35074.0390625,-32.0390625,32.0390625,1026.5015258789062
2001-08-26 16:00:00,35721.0,35692.91796875,28.08203125,28.08203125,788.6004791259766
2001-08-26 17:00:00,35945.0,36180.52734375,-235.52734375,235.52734375,55473.129653930664
2001-08-26 18:00:00,35361.0,35769.54296875,-408.54296875,408.54296875,166907.35731506348
2001-08-26 19:00:00,34788.0,34795.65625,-7.65625,7.65625,58.6181640625
2001-08-26 20:00:00,35967.0,34769.1015625,1197.8984375,1197.8984375,1434960.6665649414
2001-08-26 21:00:00,34973.0,35684.1328125,-711.1328125,711.1328125,505709.87701416016
2001-08-26 22:00:00,32641.0,33042.03515625,-401.03515625,401.03515625,160829.1965484619
2001-08-26 23:00:00,30033.0,30289.564453125,-256.564453125,256.564453125,65825.31860733032
2001-08-27 00:00:00,28114.0,27562.705078125,551.294921875,551.294921875,303926.09088516235
2001-08-27 01:00:00,26701.0,26467.974609375,233.025390625,233.025390625,54300.83267593384
2001-08-27 02:00:00,25980.0,25753.36328125,226.63671875,226.63671875,51364.2022857666
2001-08-27 03:00:00,25585.0,25370.021484375,214.978515625,214.978515625,46215.76218032837
2001-08-27 04:00:00,25911.0,25806.001953125,104.998046875,104.998046875,11024.589847564697
2001-08-27 05:00:00,27552.0,26971.953125,580.046875,580.046875,336454.3771972656
2001-08-27 06:00:00,30399.0,30167.841796875,231.158203125,231.158203125,53434.11487197876
2001-08-27 07:00:00,33045.0,33559.640625,-514.640625,514.640625,264854.9729003906
2001-08-27 08:00:00,35783.0,35472.62890625,310.37109375,310.37109375,96330.21583557129
2001-08-27 09:00:00,38179.0,37690.41015625,488.58984375,488.58984375,238720.0354156494
2001-08-27 10:00:00,40504.0,40543.1953125,-39.1953125,39.1953125,1536.2725219726562
2001-08-27 11:00:00,42404.0,42117.87109375,286.12890625,286.12890625,81869.75099182129
2001-08-27 12:00:00,43701.0,43478.71875,222.28125,222.28125,49408.9541015625
2001-08-27 13:00:00,44871.0,44788.2421875,82.7578125,82.7578125,6848.855529785156
2001-08-27 14:00:00,45588.0,44856.65625,731.34375,731.34375,534863.6806640625
2001-08-27 15:00:00,45526.0,45768.53125,-242.53125,242.53125,58821.4072265625
2001-08-27 16:00:00,45231.0,45347.71484375,-116.71484375,116.71484375,13622.354751586914
2001-08-27 17:00:00,44605.0,45016.40234375,-411.40234375,411.40234375,169251.88844299316
2001-08-27 18:00:00,43211.0,43017.41015625,193.58984375,193.58984375,37477.027603149414
2001-08-27 19:00:00,42272.0,41621.3984375,650.6015625,650.6015625,423282.3931274414
2001-08-27 20:00:00,42653.0,41152.32421875,1500.67578125,1500.67578125,2252027.800430298
2001-08-27 21:00:00,40497.0,41272.3046875,-775.3046875,775.3046875,601097.3584594727
2001-08-27 22:00:00,36782.0,36934.46875,-152.46875,152.46875,23246.7197265625
2001-08-27 23:00:00,33420.0,33586.9453125,-166.9453125,166.9453125,27870.737365722656
2001-08-28 00:00:00,30723.0,30476.9453125,246.0546875,246.0546875,60542.909240722656
2001-08-28 01:00:00,28891.0,28889.802734375,1.197265625,1.197265625,1.4334449768066406
2001-08-28 02:00:00,27885.0,27479.642578125,405.357421875,405.357421875,164314.63946914673
2001-08-28 03:00:00,27209.0,26978.966796875,230.033203125,230.033203125,52915.27453994751
2001-08-28 04:00:00,27270.0,27140.51171875,129.48828125,129.48828125,16767.2149810791
2001-08-28 05:00:00,28767.0,28218.26953125,548.73046875,548.73046875,301105.1273345947
2001-08-28 06:00:00,31562.0,31004.162109375,557.837890625,557.837890625,311183.11221694946
2001-08-28 07:00:00,33907.0,34006.12890625,-99.12890625,99.12890625,9826.540054321289
2001-08-28 08:00:00,35986.0,36293.73828125,-307.73828125,307.73828125,94702.8497467041
2001-08-28 09:00:00,38026.0,37777.5078125,248.4921875,248.4921875,61748.367248535156
2001-08-28 10:00:00,40341.0,40044.0703125,296.9296875,296.9296875,88167.23931884766
2001-08-28 11:00:00,42366.0,41814.78515625,551.21484375,551.21484375,303837.8039703369
2001-08-28 12:00:00,43616.0,43547.08984375,68.91015625,68.91015625,4748.609634399414
2001-08-28 13:00:00,44710.0,44946.66796875,-236.66796875,236.66796875,56011.72743225098
2001-08-28 14:00:00,45616.0,45260.6484375,355.3515625,355.3515625,126274.7329711914
2001-08-28 15:00:00,46073.0,45763.5625,309.4375,309.4375,95751.56640625
2001-08-28 16:00:00,46301.0,46938.34375,-637.34375,637.34375,406207.0556640625
2001-08-28 17:00:00,45760.0,46491.6796875,-731.6796875,731.6796875,535355.1651000977
2001-08-28 18:00:00,43880.0,44141.11328125,-261.11328125,261.11328125,68180.1456451416
2001-08-28 19:00:00,42374.0,42708.921875,-334.921875,334.921875,112172.66235351562
2001-08-28 20:00:00,42604.0,42193.7109375,410.2890625,410.2890625,168337.1148071289
2001-08-28 21:00:00,40539.0,41481.484375,-942.484375,942.484375,888276.7971191406
2001-08-28 22:00:00,37026.0,37082.37109375,-56.37109375,56.37109375,3177.700210571289
2001-08-28 23:00:00,33408.0,33613.72265625,-205.72265625,205.72265625,42321.811294555664
2001-08-29 00:00:00,30613.0,30536.197265625,76.802734375,76.802734375,5898.660007476807
2001-08-29 01:00:00,28707.0,28897.912109375,-190.912109375,190.912109375,36447.43350601196
2001-08-29 02:00:00,27473.0,27380.7890625,92.2109375,92.2109375,8502.856994628906
2001-08-29 03:00:00,26809.0,26683.625,125.375,125.375,15718.890625
2001-08-29 04:00:00,26673.0,26564.75,108.25,108.25,11718.0625
2001-08-29 05:00:00,28121.0,28005.50390625,115.49609375,115.49609375,13339.347671508789
2001-08-29 06:00:00,30840.0,30466.19140625,373.80859375,373.80859375,139732.86476135254
2001-08-29 07:00:00,33251.0,33136.05859375,114.94140625,114.94140625,13211.526870727539
2001-08-29 08:00:00,35512.0,35252.4453125,259.5546875,259.5546875,67368.63580322266
2001-08-29 09:00:00,37573.0,37300.7109375,272.2890625,272.2890625,74141.3335571289
2001-08-29 10:00:00,39314.0,39431.1875,-117.1875,117.1875,13732.91015625
2001-08-29 11:00:00,40667.0,40779.35546875,-112.35546875,112.35546875,12623.751358032227
2001-08-29 12:00:00,41567.0,41549.90625,17.09375,17.09375,292.1962890625
2001-08-29 13:00:00,42527.0,42475.0390625,51.9609375,51.9609375,2699.9390258789062
2001-08-29 14:00:00,42882.0,43105.53125,-223.53125,223.53125,49966.2197265625
2001-08-29 15:00:00,43244.0,43238.390625,5.609375,5.609375,31.465087890625
2001-08-29 16:00:00,43401.0,43445.13671875,-44.13671875,44.13671875,1948.0499420166016
2001-08-29 17:00:00,42989.0,42496.55078125,492.44921875,492.44921875,242506.23304748535
2001-08-29 18:00:00,41400.0,41491.3046875,-91.3046875,91.3046875,8336.545959472656
2001-08-29 19:00:00,40125.0,40199.81640625,-74.81640625,74.81640625,5597.494644165039
2001-08-29 20:00:00,40574.0,39864.05078125,709.94921875,709.94921875,504027.89320373535
2001-08-29 21:00:00,38529.0,39593.03125,-1064.03125,1064.03125,1132162.5009765625
2001-08-29 22:00:00,34826.0,35626.09375,-800.09375,800.09375,640150.0087890625
2001-08-29 23:00:00,31731.0,31669.767578125,61.232421875,61.232421875,3749.4094886779785
2001-08-30 00:00:00,29033.0,28872.5859375,160.4140625,160.4140625,25732.671447753906
2001-08-30 01:00:00,27457.0,27132.236328125,324.763671875,324.763671875,105471.44256973267
2001-08-30 02:00:00,26350.0,26259.3515625,90.6484375,90.6484375,8217.139221191406
2001-08-30 03:00:00,25913.0,25588.6875,324.3125,324.3125,105178.59765625
2001-08-30 04:00:00,26103.0,26007.130859375,95.869140625,95.869140625,9190.892124176025
2001-08-30 05:00:00,27801.0,27454.2421875,346.7578125,346.7578125,120240.98052978516
2001-08-30 06:00:00,30865.0,30450.134765625,414.865234375,414.865234375,172113.16269302368
2001-08-30 07:00:00,33170.0,33212.6171875,-42.6171875,42.6171875,1816.2246704101562
2001-08-30 08:00:00,35065.0,35455.08984375,-390.08984375,390.08984375,152170.0861968994
2001-08-30 09:00:00,36518.0,36662.30859375,-144.30859375,144.30859375,20824.97023010254
2001-08-30 10:00:00,37906.0,37891.3984375,14.6015625,14.6015625,213.20562744140625
2001-08-30 11:00:00,39520.0,39238.1171875,281.8828125,281.8828125,79457.91998291016
2001-08-30 12:00:00,40518.0,40122.3984375,395.6015625,395.6015625,156500.5962524414
2001-08-30 13:00:00,41370.0,41468.30078125,-98.30078125,98.30078125,9663.043594360352
2001-08-30 14:00:00,41799.0,42033.86328125,-234.86328125,234.86328125,55160.7608795166
2001-08-30 15:00:00,42073.0,42595.05078125,-522.05078125,522.05078125,272537.01820373535
2001-08-30 16:00:00,42093.0,42584.64453125,-491.64453125,491.64453125,241714.34510803223
2001-08-30 17:00:00,41289.0,41478.71875,-189.71875,189.71875,35993.2041015625
2001-08-30 18:00:00,39943.0,40013.37890625,-70.37890625,70.37890625,4953.190444946289
2001-08-30 19:00:00,39433.0,38609.33203125,823.66796875,823.66796875,678428.922744751
2001-08-30 20:00:00,40054.0,39129.90625,924.09375,924.09375,853949.2587890625
2001-08-30 21:00:00,38297.0,39311.21484375,-1014.21484375,1014.21484375,1028631.7492828369
2001-08-30 22:00:00,35357.0,35360.44140625,-3.44140625,3.44140625,11.843276977539062
2001-08-30 23:00:00,32467.0,32257.203125,209.796875,209.796875,44014.728759765625
2001-08-31 00:00:00,29899.0,29856.859375,42.140625,42.140625,1775.832275390625
2001-08-31 01:00:00,28347.0,28201.029296875,145.970703125,145.970703125,21307.446170806885
2001-08-31 02:00:00,27395.0,27006.060546875,388.939453125,388.939453125,151273.89819717407
2001-08-31 03:00:00,26917.0,26624.3046875,292.6953125,292.6953125,85670.54595947266
2001-08-31 04:00:00,27191.0,27016.396484375,174.603515625,174.603515625,30486.38766860962
2001-08-31 05:00:00,28635.0,28490.052734375,144.947265625,144.947265625,21009.709812164307
2001-08-31 06:00:00,31494.0,31095.16015625,398.83984375,398.83984375,159073.2209625244
2001-08-31 07:00:00,34066.0,34077.2109375,-11.2109375,11.2109375,125.68511962890625
2001-08-31 08:00:00,36339.0,36379.30078125,-40.30078125,40.30078125,1624.1529693603516
2001-08-31 09:00:00,38481.0,38250.9765625,230.0234375,230.0234375,52910.781799316406
2001-08-31 10:00:00,40476.0,40189.02734375,286.97265625,286.97265625,82353.30543518066
2001-08-31 11:00:00,42312.0,41869.8203125,442.1796875,442.1796875,195522.87603759766
2001-08-31 12:00:00,43564.0,43297.02734375,266.97265625,266.97265625,71274.39918518066
2001-08-31 13:00:00,44637.0,44522.48046875,114.51953125,114.51953125,13114.723037719727
2001-08-31 14:00:00,45347.0,44917.24609375,429.75390625,429.75390625,184688.4199371338
2001-08-31 15:00:00,45505.0,45458.5390625,46.4609375,46.4609375,2158.6187133789062
2001-08-31 16:00:00,45459.0,45704.19140625,-245.19140625,245.19140625,60118.82569885254
2001-08-31 17:00:00,44539.0,44961.3828125,-422.3828125,422.3828125,178407.24029541016
2001-08-31 18:00:00,42732.0,43088.6875,-356.6875,356.6875,127225.97265625
2001-08-31 19:00:00,41620.0,41194.0703125,425.9296875,425.9296875,181416.09869384766
2001-08-31 20:00:00,41372.0,40836.32421875,535.67578125,535.67578125,286948.54261779785
2001-08-31 21:00:00,39392.0,39995.36328125,-603.36328125,603.36328125,364047.2491607666
2001-08-31 22:00:00,36455.0,36494.15625,-39.15625,39.15625,1533.2119140625
2001-08-31 23:00:00,33489.0,32978.51953125,510.48046875,510.48046875,260590.30897521973
2001-09-01 00:00:00,30773.0,30794.58203125,-21.58203125,21.58203125,465.78407287597656
2001-09-01 01:00:00,28977.0,28681.572265625,295.427734375,295.427734375,87277.54623794556
2001-09-01 02:00:00,27609.0,27426.392578125,182.607421875,182.607421875,33345.47052383423
2001-09-01 03:00:00,26620.0,26432.486328125,187.513671875,187.513671875,35161.377140045166
2001-09-01 04:00:00,26143.0,26283.0,-140.0,140.0,19600.0
2001-09-01 05:00:00,26219.0,26258.712890625,-39.712890625,39.712890625,1577.113681793213
2001-09-01 06:00:00,26700.0,27079.638671875,-379.638671875,379.638671875,144125.52118301392
2001-09-01 07:00:00,27327.0,27967.859375,-640.859375,640.859375,410700.7385253906
2001-09-01 08:00:00,29476.0,29352.76171875,123.23828125,123.23828125,15187.673965454102
2001-09-01 09:00:00,31103.0,31412.259765625,-309.259765625,309.259765625,95641.60263442993
2001-09-01 10:00:00,32197.0,32933.12109375,-736.12109375,736.12109375,541874.2646636963
2001-09-01 11:00:00,32676.0,32917.33984375,-241.33984375,241.33984375,58244.920181274414
2001-09-01 12:00:00,32866.0,33148.35546875,-282.35546875,282.35546875,79724.61073303223
2001-09-01 13:00:00,33061.0,33014.95703125,46.04296875,46.04296875,2119.9549713134766
2001-09-01 14:00:00,33191.0,32902.62890625,288.37109375,288.37109375,83157.88771057129
2001-09-01 15:00:00,33366.0,33062.79296875,303.20703125,303.20703125,91934.50379943848
2001-09-01 16:00:00,33609.0,33354.6171875,254.3828125,254.3828125,64710.615295410156
2001-09-01 17:00:00,33442.0,33709.20703125,-267.20703125,267.20703125,71399.59754943848
2001-09-01 18:00:00,32280.0,32766.662109375,-486.662109375,486.662109375,236840.00870132446
2001-09-01 19:00:00,31306.0,31499.18359375,-193.18359375,193.18359375,37319.90089416504
2001-09-01 20:00:00,31687.0,30717.115234375,969.884765625,969.884765625,940676.4585914612
2001-09-01 21:00:00,30174.0,31388.283203125,-1214.283203125,1214.283203125,1474483.69739151
2001-09-01 22:00:00,28026.0,28284.53125,-258.53125,258.53125,66838.4072265625
2001-09-01 23:00:00,25711.0,25769.099609375,-58.099609375,58.099609375,3375.564609527588
2001-09-02 00:00:00,24431.0,23835.791015625,595.208984375,595.208984375,354273.735080719
2001-09-02 01:00:00,22106.0,23292.71875,-1186.71875,1186.71875,1408301.3916015625
2001-09-02 02:00:00,21079.0,21572.744140625,-493.744140625,493.744140625,243783.27640151978
2001-09-02 03:00:00,20391.0,20840.34765625,-449.34765625,449.34765625,201913.31617736816
2001-09-02 04:00:00,20113.0,20502.0859375,-389.0859375,389.0859375,151387.8667602539
2001-09-02 05:00:00,20187.0,20606.14453125,-419.14453125,419.14453125,175682.13807678223
2001-09-02 06:00:00,20231.0,21049.71875,-818.71875,818.71875,670300.3916015625
2001-09-02 07:00:00,20985.0,21467.166015625,-482.166015625,482.166015625,232484.06662368774
2001-09-02 08:00:00,23039.0,23112.736328125,-73.736328125,73.736328125,5437.046085357666
2001-09-02 09:00:00,24825.0,24859.73046875,-34.73046875,34.73046875,1206.2054595947266
2001-09-02 10:00:00,26015.0,26198.244140625,-183.244140625,183.244140625,33578.415073394775
2001-09-02 11:00:00,27161.0,26434.41015625,726.58984375,726.58984375,527932.8010406494
2001-09-02 12:00:00,27338.0,27972.328125,-634.328125,634.328125,402372.1701660156
2001-09-02 13:00:00,27580.0,27416.77734375,163.22265625,163.22265625,26641.635513305664
2001-09-02 14:00:00,27728.0,27697.8359375,30.1640625,30.1640625,909.8706665039062
2001-09-02 15:00:00,27960.0,27749.927734375,210.072265625,210.072265625,44130.35678482056
2001-09-02 16:00:00,28275.0,28463.025390625,-188.025390625,188.025390625,35353.54751968384
2001-09-02 17:00:00,28473.0,28813.775390625,-340.775390625,340.775390625,116127.86685562134
2001-09-02 18:00:00,27921.0,28450.0234375,-529.0234375,529.0234375,279865.7974243164
2001-09-02 19:00:00,27565.0,28160.13671875,-595.13671875,595.13671875,354187.7140045166
2001-09-02 20:00:00,28412.0,28324.064453125,87.935546875,87.935546875,7732.660404205322
2001-09-02 21:00:00,27381.0,27857.8046875,-476.8046875,476.8046875,227342.71002197266
2001-09-02 22:00:00,25801.0,25781.837890625,19.162109375,19.162109375,367.1864356994629
2001-09-02 23:00:00,23922.0,23786.6015625,135.3984375,135.3984375,18332.736877441406
2001-09-03 00:00:00,22115.0,22125.580078125,-10.580078125,10.580078125,111.93805313110352
2001-09-03 01:00:00,20967.0,21155.990234375,-188.990234375,188.990234375,35717.30868911743
2001-09-03 02:00:00,20210.0,20251.224609375,-41.224609375,41.224609375,1699.468418121338
2001-09-03 03:00:00,19757.0,19531.76953125,225.23046875,225.23046875,50728.76405334473
2001-09-03 04:00:00,19651.0,19712.60546875,-61.60546875,61.60546875,3795.2337799072266
2001-09-03 05:00:00,19976.0,20124.18359375,-148.18359375,148.18359375,21958.37745666504
2001-09-03 06:00:00,20373.0,21125.7578125,-752.7578125,752.7578125,566644.3242797852
2001-09-03 07:00:00,21027.0,21846.02734375,-819.02734375,819.02734375,670805.7898101807
2001-09-03 08:00:00,23303.0,23300.33984375,2.66015625,2.66015625,7.0764312744140625
2001-09-03 09:00:00,25804.0,25215.69140625,588.30859375,588.30859375,346107.00148010254
2001-09-03 10:00:00,27687.0,26788.12890625,898.87109375,898.87109375,807969.2431793213
2001-09-03 11:00:00,28758.0,28603.625,154.375,154.375,23831.640625
2001-09-03 12:00:00,29202.0,29386.169921875,-184.169921875,184.169921875,33918.5601234436
2001-09-03 13:00:00,29585.0,29494.65625,90.34375,90.34375,8161.9931640625
2001-09-03 14:00:00,30060.0,29808.787109375,251.212890625,251.212890625,63107.91641616821
2001-09-03 15:00:00,30172.0,30462.099609375,-290.099609375,290.099609375,84157.78335952759
2001-09-03 16:00:00,30691.0,30792.541015625,-101.541015625,101.541015625,10310.577854156494
2001-09-03 17:00:00,30888.0,31070.66015625,-182.66015625,182.66015625,33364.732681274414
2001-09-03 18:00:00,30299.0,30601.037109375,-302.037109375,302.037109375,91226.41543960571
2001-09-03 19:00:00,30558.0,30759.486328125,-201.486328125,201.486328125,40596.740421295166
2001-09-03 20:00:00,32037.0,30610.0546875,1426.9453125,1426.9453125,2036172.9248657227
2001-09-03 21:00:00,30958.0,31043.73828125,-85.73828125,85.73828125,7351.052871704102
2001-09-03 22:00:00,28211.0,28452.126953125,-241.126953125,241.126953125,58142.20752334595
2001-09-03 23:00:00,25910.0,25767.892578125,142.107421875,142.107421875,20194.51935195923
2001-09-04 00:00:00,23985.0,23922.419921875,62.580078125,62.580078125,3916.2661781311035
2001-09-04 01:00:00,23001.0,22657.841796875,343.158203125,343.158203125,117757.55237197876
2001-09-04 02:00:00,22406.0,22134.201171875,271.798828125,271.798828125,73874.60297012329
2001-09-04 03:00:00,22232.0,22022.142578125,209.857421875,209.857421875,44040.13751602173
2001-09-04 04:00:00,22600.0,22386.271484375,213.728515625,213.728515625,45679.87839126587
2001-09-04 05:00:00,24388.0,24195.494140625,192.505859375,192.505859375,37058.505893707275
2001-09-04 06:00:00,27953.0,27255.59375,697.40625,697.40625,486375.4775390625
2001-09-04 07:00:00,30606.0,30073.4921875,532.5078125,532.5078125,283564.57037353516
2001-09-04 08:00:00,32733.0,31918.296875,814.703125,814.703125,663741.1818847656
2001-09-04 09:00:00,34668.0,33645.40234375,1022.59765625,1022.59765625,1045705.9665679932
2001-09-04 10:00:00,36064.0,35251.69140625,812.30859375,812.30859375,659845.2514801025
2001-09-04 11:00:00,37397.0,36476.26953125,920.73046875,920.73046875,847744.5960845947
2001-09-04 12:00:00,38688.0,37733.9609375,954.0390625,954.0390625,910190.5327758789
2001-09-04 13:00:00,39458.0,38973.78515625,484.21484375,484.21484375,234464.0149078369
2001-09-04 14:00:00,39678.0,39664.0625,13.9375,13.9375,194.25390625
2001-09-04 15:00:00,40352.0,39508.47265625,843.52734375,843.52734375,711538.3796539307
2001-09-04 16:00:00,40518.0,40887.0390625,-369.0390625,369.0390625,136189.8296508789
2001-09-04 17:00:00,40232.0,40335.02734375,-103.02734375,103.02734375,10614.633560180664
2001-09-04 18:00:00,39061.0,38648.796875,412.203125,412.203125,169911.41625976562
2001-09-04 19:00:00,38475.0,38465.23828125,9.76171875,9.76171875,95.29115295410156
2001-09-04 20:00:00,39123.0,38358.53515625,764.46484375,764.46484375,584406.4973297119
2001-09-04 21:00:00,37139.0,37887.87890625,-748.87890625,748.87890625,560819.6162261963
2001-09-04 22:00:00,33533.0,34082.51171875,-549.51171875,549.51171875,301963.1290435791
2001-09-04 23:00:00,30074.0,30072.412109375,1.587890625,1.587890625,2.5213966369628906
2001-09-05 00:00:00,27670.0,27448.076171875,221.923828125,221.923828125,49250.18548965454
2001-09-05 01:00:00,26023.0,26251.177734375,-228.177734375,228.177734375,52065.07846450806
2001-09-05 02:00:00,24937.0,24966.05078125,-29.05078125,29.05078125,843.9478912353516
2001-09-05 03:00:00,24201.0,24572.33984375,-371.33984375,371.33984375,137893.2795562744
2001-09-05 04:00:00,24219.0,24217.095703125,1.904296875,1.904296875,3.6263465881347656
2001-09-05 05:00:00,25752.0,25595.8125,156.1875,156.1875,24394.53515625
2001-09-05 06:00:00,28971.0,29127.125,-156.125,156.125,24375.015625
2001-09-05 07:00:00,30892.0,31632.052734375,-740.052734375,740.052734375,547678.0496559143
2001-09-05 08:00:00,32463.0,32825.4765625,-362.4765625,362.4765625,131389.2583618164
2001-09-05 09:00:00,33861.0,33697.1328125,163.8671875,163.8671875,26852.455139160156
2001-09-05 10:00:00,34723.0,35259.890625,-536.890625,536.890625,288251.5432128906
2001-09-05 11:00:00,35404.0,35315.8359375,88.1640625,88.1640625,7772.901916503906
2001-09-05 12:00:00,35918.0,35705.5546875,212.4453125,212.4453125,45133.010803222656
2001-09-05 13:00:00,36538.0,36263.36328125,274.63671875,274.63671875,75425.3272857666
2001-09-05 14:00:00,36941.0,37219.6015625,-278.6015625,278.6015625,77618.8306274414
2001-09-05 15:00:00,37185.0,37145.78125,39.21875,39.21875,1538.1103515625
2001-09-05 16:00:00,37436.0,37251.62109375,184.37890625,184.37890625,33995.58106994629
2001-09-05 17:00:00,37113.0,37144.53125,-31.53125,31.53125,994.2197265625
2001-09-05 18:00:00,35836.0,36335.7421875,-499.7421875,499.7421875,249742.25396728516
2001-09-05 19:00:00,35080.0,35229.1484375,-149.1484375,149.1484375,22245.256408691406
2001-09-05 20:00:00,35452.0,35434.46875,17.53125,17.53125,307.3447265625
2001-09-05 21:00:00,33393.0,34511.59765625,-1118.59765625,1118.59765625,1251260.7165679932
2001-09-05 22:00:00,29938.0,30692.6328125,-754.6328125,754.6328125,569470.6817016602
2001-09-05 23:00:00,26827.0,26960.603515625,-133.603515625,133.603515625,17849.89938735962
2001-09-06 00:00:00,24510.0,24705.130859375,-195.130859375,195.130859375,38076.052280426025
2001-09-06 01:00:00,23190.0,23146.83984375,43.16015625,43.16015625,1862.799087524414
2001-09-06 02:00:00,22482.0,22396.134765625,85.865234375,85.865234375,7372.838474273682
2001-09-06 03:00:00,22084.0,22085.25390625,-1.25390625,1.25390625,1.5722808837890625
2001-09-06 04:00:00,22474.0,22287.623046875,186.376953125,186.376953125,34736.36865615845
2001-09-06 05:00:00,23997.0,23868.37890625,128.62109375,128.62109375,16543.38575744629
2001-09-06 06:00:00,27210.0,27150.775390625,59.224609375,59.224609375,3507.554355621338
2001-09-06 07:00:00,29290.0,29529.15625,-239.15625,239.15625,57195.7119140625
2001-09-06 08:00:00,30850.0,30854.150390625,-4.150390625,4.150390625,17.22574234008789
2001-09-06 09:00:00,32196.0,32099.33203125,96.66796875,96.66796875,9344.696182250977
2001-09-06 10:00:00,33493.0,33294.0703125,198.9296875,198.9296875,39573.020568847656
2001-09-06 11:00:00,34305.0,34224.58984375,80.41015625,80.41015625,6465.793228149414
2001-09-06 12:00:00,34851.0,34659.66796875,191.33203125,191.33203125,36607.94618225098
2001-09-06 13:00:00,35611.0,35293.66796875,317.33203125,317.33203125,100699.61805725098
2001-09-06 14:00:00,36075.0,36006.69140625,68.30859375,68.30859375,4666.063980102539
2001-09-06 15:00:00,36608.0,36347.82421875,260.17578125,260.17578125,67691.43714904785
2001-09-06 16:00:00,36914.0,36454.0703125,459.9296875,459.9296875,211535.31744384766
2001-09-06 17:00:00,36759.0,36453.37890625,305.62109375,305.62109375,93404.25294494629
2001-09-06 18:00:00,35541.0,35552.88671875,-11.88671875,11.88671875,141.29408264160156
2001-09-06 19:00:00,35121.0,35338.5390625,-217.5390625,217.5390625,47323.243713378906
2001-09-06 20:00:00,35511.0,35431.234375,79.765625,79.765625,6362.554931640625
2001-09-06 21:00:00,33347.0,34484.48828125,-1137.48828125,1137.48828125,1293879.589981079
2001-09-06 22:00:00,30206.0,30569.15625,-363.15625,363.15625,131882.4619140625
2001-09-06 23:00:00,27240.0,27348.19140625,-108.19140625,108.19140625,11705.380386352539
2001-09-07 00:00:00,24966.0,24852.62109375,113.37890625,113.37890625,12854.776382446289
2001-09-07 01:00:00,23635.0,23568.4609375,66.5390625,66.5390625,4427.446838378906
2001-09-07 02:00:00,22710.0,22773.322265625,-63.322265625,63.322265625,4009.7093238830566
2001-09-07 03:00:00,22446.0,22186.296875,259.703125,259.703125,67445.71313476562
2001-09-07 04:00:00,22762.0,22480.013671875,281.986328125,281.986328125,79516.28924942017
2001-09-07 05:00:00,24337.0,24237.458984375,99.541015625,99.541015625,9908.413791656494
2001-09-07 06:00:00,27569.0,27366.453125,202.546875,202.546875,41025.236572265625
2001-09-07 07:00:00,29892.0,29842.46875,49.53125,49.53125,2453.3447265625
2001-09-07 08:00:00,31636.0,31189.85546875,446.14453125,446.14453125,199044.94276428223
2001-09-07 09:00:00,33201.0,32887.30078125,313.69921875,313.69921875,98407.19984436035
2001-09-07 10:00:00,34738.0,34232.4140625,505.5859375,505.5859375,255617.1401977539
2001-09-07 11:00:00,35745.0,35598.7890625,146.2109375,146.2109375,21377.638244628906
2001-09-07 12:00:00,36484.0,36097.4453125,386.5546875,386.5546875,149424.52642822266
2001-09-07 13:00:00,37495.0,37221.7421875,273.2578125,273.2578125,74669.83209228516
2001-09-07 14:00:00,38095.0,38001.125,93.875,93.875,8812.515625
2001-09-07 15:00:00,38516.0,38158.1796875,357.8203125,357.8203125,128035.37603759766
2001-09-07 16:00:00,38639.0,38437.9375,201.0625,201.0625,40426.12890625
2001-09-07 17:00:00,38138.0,38033.96484375,104.03515625,104.03515625,10823.313735961914
2001-09-07 18:00:00,36656.0,36895.0546875,-239.0546875,239.0546875,57147.143615722656
2001-09-07 19:00:00,35843.0,35945.80078125,-102.80078125,102.80078125,10568.000625610352
2001-09-07 20:00:00,35880.0,35847.875,32.125,32.125,1032.015625
2001-09-07 21:00:00,33974.0,34299.390625,-325.390625,325.390625,105879.05883789062
2001-09-07 22:00:00,31332.0,31020.08984375,311.91015625,311.91015625,97287.94557189941
2001-09-07 23:00:00,28662.0,28524.755859375,137.244140625,137.244140625,18835.954135894775
2001-09-08 00:00:00,26399.0,26131.880859375,267.119140625,267.119140625,71352.63528823853
2001-09-08 01:00:00,24939.0,24848.740234375,90.259765625,90.259765625,8146.825290679932
2001-09-08 02:00:00,23757.0,23931.1875,-174.1875,174.1875,30341.28515625
2001-09-08 03:00:00,23064.0,23200.69921875,-136.69921875,136.69921875,18686.67640686035
2001-09-08 04:00:00,22798.0,23027.970703125,-229.970703125,229.970703125,52886.524295806885
2001-09-08 05:00:00,23216.0,23250.40625,-34.40625,34.40625,1183.7900390625
2001-09-08 06:00:00,23868.0,24199.333984375,-331.333984375,331.333984375,109782.20920181274
2001-09-08 07:00:00,24904.0,25228.21484375,-324.21484375,324.21484375,105115.26490783691
2001-09-08 08:00:00,27777.0,26952.923828125,824.076171875,824.076171875,679101.5370521545
2001-09-08 09:00:00,30164.0,29845.65625,318.34375,318.34375,101342.7431640625
2001-09-08 10:00:00,31978.0,32068.31640625,-90.31640625,90.31640625,8157.053237915039
2001-09-08 11:00:00,33141.0,33016.3359375,124.6640625,124.6640625,15541.128479003906
2001-09-08 12:00:00,34040.0,33725.40625,314.59375,314.59375,98969.2275390625
2001-09-08 13:00:00,34775.0,34528.1328125,246.8671875,246.8671875,60943.408264160156
2001-09-08 14:00:00,35268.0,34994.640625,273.359375,273.359375,74725.34790039062
2001-09-08 15:00:00,35815.0,35638.01953125,176.98046875,176.98046875,31322.086318969727
2001-09-08 16:00:00,35964.0,35874.70703125,89.29296875,89.29296875,7973.234268188477
2001-09-08 17:00:00,35860.0,35911.015625,-51.015625,51.015625,2602.593994140625
2001-09-08 18:00:00,34817.0,35003.72265625,-186.72265625,186.72265625,34865.350357055664
2001-09-08 19:00:00,34601.0,34390.1796875,210.8203125,210.8203125,44445.204162597656
2001-09-08 20:00:00,35189.0,34723.48828125,465.51171875,465.51171875,216701.1602935791
2001-09-08 21:00:00,33642.0,34337.53125,-695.53125,695.53125,483763.7197265625
2001-09-08 22:00:00,31450.0,31535.21484375,-85.21484375,85.21484375,7261.569595336914
2001-09-08 23:00:00,29340.0,29238.677734375,101.322265625,101.322265625,10266.201511383057
2001-09-09 00:00:00,26689.0,27085.6875,-396.6875,396.6875,157360.97265625
2001-09-09 01:00:00,24976.0,25409.169921875,-433.169921875,433.169921875,187636.1812171936
2001-09-09 02:00:00,23974.0,23953.662109375,20.337890625,20.337890625,413.6297950744629
2001-09-09 03:00:00,23169.0,23304.265625,-135.265625,135.265625,18296.789306640625
2001-09-09 04:00:00,22734.0,23068.37890625,-334.37890625,334.37890625,111809.25294494629
2001-09-09 05:00:00,22855.0,22879.26171875,-24.26171875,24.26171875,588.6309967041016
2001-09-09 06:00:00,23142.0,23069.568359375,72.431640625,72.431640625,5246.34256362915
2001-09-09 07:00:00,23926.0,24025.849609375,-99.849609375,99.849609375,9969.944492340088
2001-09-09 08:00:00,26365.0,26117.103515625,247.896484375,247.896484375,61452.66696548462
2001-09-09 09:00:00,29072.0,28672.380859375,399.619140625,399.619140625,159695.45755386353
2001-09-09 10:00:00,31246.0,31078.17578125,167.82421875,167.82421875,28164.96839904785
2001-09-09 11:00:00,32966.0,32721.115234375,244.884765625,244.884765625,59968.54843521118
2001-09-09 12:00:00,34456.0,34276.4921875,179.5078125,179.5078125,32223.054748535156
2001-09-09 13:00:00,35282.0,35275.7265625,6.2734375,6.2734375,39.35601806640625
2001-09-09 14:00:00,35937.0,35818.45703125,118.54296875,118.54296875,14052.435440063477
2001-09-09 15:00:00,36420.0,36268.25,151.75,151.75,23028.0625
2001-09-09 16:00:00,37065.0,36685.44140625,379.55859375,379.55859375,144064.72608947754
2001-09-09 17:00:00,37087.0,37114.82421875,-27.82421875,27.82421875,774.1871490478516
2001-09-09 18:00:00,36186.0,36649.0,-463.0,463.0,214369.0
2001-09-09 19:00:00,36270.0,35684.72265625,585.27734375,585.27734375,342549.56910705566
2001-09-09 20:00:00,37248.0,36495.47265625,752.52734375,752.52734375,566297.4030914307
2001-09-09 21:00:00,35632.0,36323.14453125,-691.14453125,691.14453125,477680.7630767822
2001-09-09 22:00:00,32938.0,33168.34765625,-230.34765625,230.34765625,53060.042739868164
2001-09-09 23:00:00,30277.0,30358.236328125,-81.236328125,81.236328125,6599.341007232666
2001-09-10 00:00:00,27998.0,27903.921875,94.078125,94.078125,8850.693603515625
2001-09-10 01:00:00,26745.0,26548.58984375,196.41015625,196.41015625,38576.949478149414
2001-09-10 02:00:00,26059.0,25975.40625,83.59375,83.59375,6987.9150390625
2001-09-10 03:00:00,25795.0,25595.17578125,199.82421875,199.82421875,39929.71839904785
2001-09-10 04:00:00,26207.0,25969.900390625,237.099609375,237.099609375,56216.22476577759
2001-09-10 05:00:00,28098.0,27319.515625,778.484375,778.484375,606037.9221191406
2001-09-10 06:00:00,32016.0,31027.1328125,988.8671875,988.8671875,977858.3145141602
2001-09-10 07:00:00,34930.0,35565.875,-635.875,635.875,404337.015625
2001-09-10 08:00:00,36925.0,36852.375,72.625,72.625,5274.390625
2001-09-10 09:00:00,38546.0,38751.77734375,-205.77734375,205.77734375,42344.315200805664
2001-09-10 10:00:00,40000.0,39802.11328125,197.88671875,197.88671875,39159.1534576416
2001-09-10 11:00:00,41021.0,40812.140625,208.859375,208.859375,43622.238525390625
2001-09-10 12:00:00,41994.0,41916.15234375,77.84765625,77.84765625,6060.257583618164
2001-09-10 13:00:00,42394.0,42832.0390625,-438.0390625,438.0390625,191878.2202758789
2001-09-10 14:00:00,43012.0,42974.07421875,37.92578125,37.92578125,1438.3648834228516
2001-09-10 15:00:00,43184.0,43229.96875,-45.96875,45.96875,2113.1259765625
2001-09-10 16:00:00,42998.0,43248.94921875,-250.94921875,250.94921875,62975.51039123535
2001-09-10 17:00:00,42158.0,42406.26171875,-248.26171875,248.26171875,61633.8809967041
2001-09-10 18:00:00,41109.0,41045.33984375,63.66015625,63.66015625,4052.615493774414
2001-09-10 19:00:00,40518.0,40808.9296875,-290.9296875,290.9296875,84640.08306884766
2001-09-10 20:00:00,40375.0,40051.98046875,323.01953125,323.01953125,104341.61756896973
2001-09-10 21:00:00,37644.0,38713.8984375,-1069.8984375,1069.8984375,1144682.6665649414
2001-09-10 22:00:00,33927.0,34049.6015625,-122.6015625,122.6015625,15031.143127441406
2001-09-10 23:00:00,30510.0,30792.541015625,-282.541015625,282.541015625,79829.4255104065
2001-09-11 00:00:00,27611.0,28126.587890625,-515.587890625,515.587890625,265830.87295913696
2001-09-11 01:00:00,25944.0,25825.361328125,118.638671875,118.638671875,14075.134464263916
2001-09-11 02:00:00,24850.0,24936.931640625,-86.931640625,86.931640625,7557.11014175415
2001-09-11 03:00:00,24296.0,24190.771484375,105.228515625,105.228515625,11073.04050064087
2001-09-11 04:00:00,24414.0,24581.419921875,-167.419921875,167.419921875,28029.430240631104
2001-09-11 05:00:00,25843.0,25872.8125,-29.8125,29.8125,888.78515625
2001-09-11 06:00:00,29166.0,29265.759765625,-99.759765625,99.759765625,9952.010837554932
2001-09-11 07:00:00,31269.0,31673.810546875,-404.810546875,404.810546875,163871.57886123657
2001-09-11 08:00:00,32704.0,33150.9375,-446.9375,446.9375,199753.12890625
2001-09-11 09:00:00,33887.0,34256.00390625,-369.00390625,369.00390625,136163.8828277588
2001-09-11 10:00:00,34796.0,35021.10546875,-225.10546875,225.10546875,50672.47206115723
2001-09-11 11:00:00,35451.0,35434.34765625,16.65234375,16.65234375,277.30055236816406
2001-09-11 12:00:00,35790.0,35681.31640625,108.68359375,108.68359375,11812.123550415039
2001-09-11 13:00:00,36476.0,36048.3359375,427.6640625,427.6640625,182896.5503540039
2001-09-11 14:00:00,36914.0,37195.0703125,-281.0703125,281.0703125,79000.52056884766
2001-09-11 15:00:00,37122.0,37251.71875,-129.71875,129.71875,16826.9541015625
2001-09-11 16:00:00,37187.0,37079.84765625,107.15234375,107.15234375,11481.624771118164
2001-09-11 17:00:00,36762.0,36918.515625,-156.515625,156.515625,24497.140869140625
2001-09-11 18:00:00,35460.0,35869.0625,-409.0625,409.0625,167332.12890625
2001-09-11 19:00:00,34865.0,34989.53515625,-124.53515625,124.53515625,15509.005142211914
2001-09-11 20:00:00,35178.0,35132.26171875,45.73828125,45.73828125,2091.9903717041016
2001-09-11 21:00:00,32949.0,33728.7421875,-779.7421875,779.7421875,607997.8789672852
2001-09-11 22:00:00,29931.0,30022.94140625,-91.94140625,91.94140625,8453.222183227539
2001-09-11 23:00:00,27052.0,26885.587890625,166.412109375,166.412109375,27692.990146636963
2001-09-12 00:00:00,24763.0,25004.748046875,-241.748046875,241.748046875,58442.1181678772
2001-09-12 01:00:00,23567.0,23420.6484375,146.3515625,146.3515625,21418.779846191406
2001-09-12 02:00:00,22835.0,22688.40625,146.59375,146.59375,21489.7275390625
2001-09-12 03:00:00,22472.0,22339.845703125,132.154296875,132.154296875,17464.758182525635
2001-09-12 04:00:00,22684.0,22596.197265625,87.802734375,87.802734375,7709.320163726807
2001-09-12 05:00:00,24144.0,24086.05859375,57.94140625,57.94140625,3357.206558227539
2001-09-12 06:00:00,27346.0,27428.533203125,-82.533203125,82.533203125,6811.72961807251
2001-09-12 07:00:00,29368.0,29647.49609375,-279.49609375,279.49609375,78118.06642150879
2001-09-12 08:00:00,31077.0,30682.232421875,394.767578125,394.767578125,155841.44073867798
2001-09-12 09:00:00,32759.0,32222.6484375,536.3515625,536.3515625,287672.9985961914
2001-09-12 10:00:00,34121.0,33998.34375,122.65625,122.65625,15044.5556640625
2001-09-12 11:00:00,34818.0,35091.58203125,-273.58203125,273.58203125,74847.12782287598
2001-09-12 12:00:00,35315.0,35063.87109375,251.12890625,251.12890625,63065.72755432129
2001-09-12 13:00:00,35997.0,35906.7890625,90.2109375,90.2109375,8138.013244628906
2001-09-12 14:00:00,36576.0,36316.92578125,259.07421875,259.07421875,67119.45082092285
2001-09-12 15:00:00,37033.0,36831.94921875,201.05078125,201.05078125,40421.41664123535
2001-09-12 16:00:00,37292.0,37037.72265625,254.27734375,254.27734375,64656.967544555664
2001-09-12 17:00:00,36954.0,36972.2421875,-18.2421875,18.2421875,332.77740478515625
2001-09-12 18:00:00,35519.0,35887.22265625,-368.22265625,368.22265625,135587.92457580566
2001-09-12 19:00:00,35045.0,35342.65625,-297.65625,297.65625,88599.2431640625
2001-09-12 20:00:00,35351.0,35100.81640625,250.18359375,250.18359375,62591.83058166504
2001-09-12 21:00:00,33164.0,34145.96875,-981.96875,981.96875,964262.6259765625
2001-09-12 22:00:00,29691.0,30409.373046875,-718.373046875,718.373046875,516059.83447647095
2001-09-12 23:00:00,26871.0,26881.88671875,-10.88671875,10.88671875,118.52064514160156
2001-09-13 00:00:00,24604.0,24548.78125,55.21875,55.21875,3049.1103515625
2001-09-13 01:00:00,23204.0,23151.09375,52.90625,52.90625,2799.0712890625
2001-09-13 02:00:00,22583.0,22435.921875,147.078125,147.078125,21631.974853515625
2001-09-13 03:00:00,22328.0,22118.576171875,209.423828125,209.423828125,43858.33978652954
2001-09-13 04:00:00,22556.0,22540.923828125,15.076171875,15.076171875,227.29095840454102
2001-09-13 05:00:00,24240.0,23905.4765625,334.5234375,334.5234375,111905.9302368164
2001-09-13 06:00:00,27618.0,27445.783203125,172.216796875,172.216796875,29658.62512588501
2001-09-13 07:00:00,29690.0,30077.580078125,-387.580078125,387.580078125,150218.3169593811
2001-09-13 08:00:00,31294.0,30891.96875,402.03125,402.03125,161629.1259765625
2001-09-13 09:00:00,32908.0,32343.3046875,564.6953125,564.6953125,318880.79595947266
2001-09-13 10:00:00,34482.0,34001.30078125,480.69921875,480.69921875,231071.73890686035
2001-09-13 11:00:00,35468.0,35516.44921875,-48.44921875,48.44921875,2347.3267974853516
2001-09-13 12:00:00,36392.0,36102.97265625,289.02734375,289.02734375,83536.80543518066
2001-09-13 13:00:00,37387.0,37033.71875,353.28125,353.28125,124807.6416015625
2001-09-13 14:00:00,38293.0,38088.203125,204.796875,204.796875,41941.760009765625
2001-09-13 15:00:00,39121.0,38703.19140625,417.80859375,417.80859375,174564.02101135254
2001-09-13 16:00:00,39551.0,39535.4921875,15.5078125,15.5078125,240.49224853515625
2001-09-13 17:00:00,39198.0,39309.81640625,-111.81640625,111.81640625,12502.908706665039
2001-09-13 18:00:00,37754.0,38021.140625,-267.140625,267.140625,71364.11352539062
2001-09-13 19:00:00,37771.0,37581.82421875,189.17578125,189.17578125,35787.47621154785
2001-09-13 20:00:00,38008.0,37767.58984375,240.41015625,240.41015625,57797.043228149414
2001-09-13 21:00:00,35718.0,36364.52734375,-646.52734375,646.52734375,417997.60621643066
2001-09-13 22:00:00,32145.0,32732.724609375,-587.724609375,587.724609375,345420.21646499634
2001-09-13 23:00:00,28992.0,29144.30859375,-152.30859375,152.30859375,23197.90773010254
2001-09-14 00:00:00,26558.0,26328.54296875,229.45703125,229.45703125,52650.52919006348
2001-09-14 01:00:00,24930.0,25041.64453125,-111.64453125,111.64453125,12464.501358032227
2001-09-14 02:00:00,23970.0,24194.791015625,-224.791015625,224.791015625,50531.000705718994
2001-09-14 03:00:00,23383.0,23362.0234375,20.9765625,20.9765625,440.01617431640625
2001-09-14 04:00:00,23310.0,23651.1484375,-341.1484375,341.1484375,116382.2564086914
2001-09-14 05:00:00,24731.0,24504.001953125,226.998046875,226.998046875,51528.1132850647
2001-09-14 06:00:00,28018.0,27588.328125,429.671875,429.671875,184617.92016601562
2001-09-14 07:00:00,30307.0,30623.615234375,-316.615234375,316.615234375,100245.20663833618
2001-09-14 08:00:00,31170.0,32181.9609375,-1011.9609375,1011.9609375,1024064.9390258789
2001-09-14 09:00:00,31713.0,32862.078125,-1149.078125,1149.078125,1320380.5373535156
2001-09-14 10:00:00,32078.0,32769.94140625,-691.94140625,691.94140625,478782.90968322754
2001-09-14 11:00:00,31824.0,32263.9375,-439.9375,439.9375,193545.00390625
2001-09-14 12:00:00,31303.0,31733.947265625,-430.947265625,430.947265625,185715.5457496643
2001-09-14 13:00:00,31276.0,31146.177734375,129.822265625,129.822265625,16853.820652008057
2001-09-14 14:00:00,31040.0,31089.341796875,-49.341796875,49.341796875,2434.6129188537598
2001-09-14 15:00:00,30548.0,30922.47265625,-374.47265625,374.47265625,140229.77027893066
2001-09-14 16:00:00,30279.0,30711.451171875,-432.451171875,432.451171875,187014.0160560608
2001-09-14 17:00:00,29774.0,30135.818359375,-361.818359375,361.818359375,130912.52518081665
2001-09-14 18:00:00,28972.0,29424.365234375,-452.365234375,452.365234375,204634.30527114868
2001-09-14 19:00:00,29318.0,29330.220703125,-12.220703125,12.220703125,149.34558486938477
2001-09-14 20:00:00,29759.0,29794.22265625,-35.22265625,35.22265625,1240.635513305664
2001-09-14 21:00:00,28253.0,29535.5625,-1282.5625,1282.5625,1644966.56640625
2001-09-14 22:00:00,26265.0,25933.94140625,331.05859375,331.05859375,109599.79249572754
2001-09-14 23:00:00,23923.0,24251.814453125,-328.814453125,328.814453125,108118.94458389282
2001-09-15 00:00:00,22120.0,22080.50390625,39.49609375,39.49609375,1559.941421508789
2001-09-15 01:00:00,20923.0,20976.248046875,-53.248046875,53.248046875,2835.3544960021973
2001-09-15 02:00:00,20330.0,20192.583984375,137.416015625,137.416015625,18883.161350250244
2001-09-15 03:00:00,19914.0,19956.166015625,-42.166015625,42.166015625,1777.9728736877441
2001-09-15 04:00:00,19919.0,20018.84375,-99.84375,99.84375,9968.7744140625
2001-09-15 05:00:00,20400.0,20639.666015625,-239.666015625,239.666015625,57439.799045562744
2001-09-15 06:00:00,21314.0,21438.708984375,-124.708984375,124.708984375,15552.330783843994
2001-09-15 07:00:00,22309.0,22353.58203125,-44.58203125,44.58203125,1987.5575103759766
2001-09-15 08:00:00,24491.0,24411.6015625,79.3984375,79.3984375,6304.111877441406
2001-09-15 09:00:00,26010.0,26309.44921875,-299.44921875,299.44921875,89669.83460998535
2001-09-15 10:00:00,26950.0,26892.67578125,57.32421875,57.32421875,3286.0660552978516
2001-09-15 11:00:00,26982.0,27163.720703125,-181.720703125,181.720703125,33022.413944244385
2001-09-15 12:00:00,26826.0,26868.9921875,-42.9921875,42.9921875,1848.3281860351562
2001-09-15 13:00:00,26563.0,26678.4140625,-115.4140625,115.4140625,13320.405822753906
2001-09-15 14:00:00,26214.0,26374.4375,-160.4375,160.4375,25740.19140625
2001-09-15 15:00:00,25964.0,25790.349609375,173.650390625,173.650390625,30154.458164215088
2001-09-15 16:00:00,26111.0,25802.384765625,308.615234375,308.615234375,95243.36288833618
2001-09-15 17:00:00,26084.0,26140.8984375,-56.8984375,56.8984375,3237.4321899414062
2001-09-15 18:00:00,26044.0,25820.23046875,223.76953125,223.76953125,50072.80311584473
2001-09-15 19:00:00,26894.0,26478.865234375,415.134765625,415.134765625,172336.87363052368
2001-09-15 20:00:00,27510.0,27079.0078125,430.9921875,430.9921875,185754.26568603516
2001-09-15 21:00:00,26461.0,26581.619140625,-120.619140625,120.619140625,14548.977085113525
2001-09-15 22:00:00,24726.0,24657.8515625,68.1484375,68.1484375,4644.209533691406
2001-09-15 23:00:00,22853.0,22883.50390625,-30.50390625,30.50390625,930.4882965087891
2001-09-16 00:00:00,21098.0,21107.25,-9.25,9.25,85.5625
2001-09-16 01:00:00,19939.0,19951.42578125,-12.42578125,12.42578125,154.40003967285156
2001-09-16 02:00:00,19414.0,19299.2109375,114.7890625,114.7890625,13176.528869628906
2001-09-16 03:00:00,19023.0,18936.859375,86.140625,86.140625,7420.207275390625
2001-09-16 04:00:00,19056.0,18887.1796875,168.8203125,168.8203125,28500.297912597656
2001-09-16 05:00:00,19211.0,19133.486328125,77.513671875,77.513671875,6008.369327545166
2001-09-16 06:00:00,19814.0,19910.998046875,-96.998046875,96.998046875,9408.621097564697
2001-09-16 07:00:00,20493.0,20860.865234375,-367.865234375,367.865234375,135324.83066177368
2001-09-16 08:00:00,22376.0,22122.466796875,253.533203125,253.533203125,64279.08508682251
2001-09-16 09:00:00,24018.0,24094.470703125,-76.470703125,76.470703125,5847.768436431885
2001-09-16 10:00:00,24889.0,24962.4453125,-73.4453125,73.4453125,5394.213928222656
2001-09-16 11:00:00,25412.0,25350.529296875,61.470703125,61.470703125,3778.6473426818848
2001-09-16 12:00:00,25804.0,25665.0625,138.9375,138.9375,19303.62890625
2001-09-16 13:00:00,25974.0,25655.15234375,318.84765625,318.84765625,101663.82789611816
2001-09-16 14:00:00,25934.0,25693.064453125,240.935546875,240.935546875,58049.93774795532
2001-09-16 15:00:00,26193.0,25689.228515625,503.771484375,503.771484375,253785.70846939087
2001-09-16 16:00:00,26514.0,26666.94921875,-152.94921875,152.94921875,23393.46351623535
2001-09-16 17:00:00,26910.0,27067.54296875,-157.54296875,157.54296875,24819.787002563477
2001-09-16 18:00:00,26927.0,27099.13671875,-172.13671875,172.13671875,29631.0499420166
2001-09-16 19:00:00,28132.0,27864.017578125,267.982421875,267.982421875,71814.57843399048
2001-09-16 20:00:00,28879.0,28446.09765625,432.90234375,432.90234375,187404.43922424316
2001-09-16 21:00:00,27368.0,27742.67578125,-374.67578125,374.67578125,140381.94105529785
2001-09-16 22:00:00,25153.0,25483.51953125,-330.51953125,330.51953125,109243.16053771973
2001-09-16 23:00:00,23096.0,23131.4609375,-35.4609375,35.4609375,1257.4780883789062
2001-09-17 00:00:00,21498.0,21409.638671875,88.361328125,88.361328125,7807.724308013916
2001-09-17 01:00:00,20585.0,20560.03515625,24.96484375,24.96484375,623.2434234619141
2001-09-17 02:00:00,20077.0,20186.73828125,-109.73828125,109.73828125,12042.490371704102
2001-09-17 03:00:00,20056.0,19936.078125,119.921875,119.921875,14381.256103515625
2001-09-17 04:00:00,20562.0,20351.55078125,210.44921875,210.44921875,44288.87367248535
2001-09-17 05:00:00,22345.0,22319.771484375,25.228515625,25.228515625,636.4780006408691
2001-09-17 06:00:00,25868.0,25982.078125,-114.078125,114.078125,13013.818603515625
2001-09-17 07:00:00,28243.0,28587.001953125,-344.001953125,344.001953125,118337.3437538147
2001-09-17 08:00:00,29461.0,29679.978515625,-218.978515625,218.978515625,47951.59030532837
2001-09-17 09:00:00,30552.0,30353.916015625,198.083984375,198.083984375,39237.264865875244
2001-09-17 10:00:00,31624.0,31562.4765625,61.5234375,61.5234375,3785.1333618164062
2001-09-17 11:00:00,32236.0,32030.41796875,205.58203125,205.58203125,42263.97157287598
2001-09-17 12:00:00,32559.0,32430.265625,128.734375,128.734375,16572.539306640625
2001-09-17 13:00:00,33003.0,32938.45703125,64.54296875,64.54296875,4165.794815063477
2001-09-17 14:00:00,33184.0,33102.41796875,81.58203125,81.58203125,6655.627822875977
2001-09-17 15:00:00,33292.0,33155.67578125,136.32421875,136.32421875,18584.29261779785
2001-09-17 16:00:00,33306.0,33363.47265625,-57.47265625,57.47265625,3303.106216430664
2001-09-17 17:00:00,32955.0,32960.359375,-5.359375,5.359375,28.722900390625
2001-09-17 18:00:00,32192.0,32458.236328125,-266.236328125,266.236328125,70881.78241348267
2001-09-17 19:00:00,32826.0,32569.619140625,256.380859375,256.380859375,65731.14505386353
2001-09-17 20:00:00,32841.0,32837.67578125,3.32421875,3.32421875,11.050430297851562
2001-09-17 21:00:00,30716.0,31407.572265625,-691.572265625,691.572265625,478272.19858169556
2001-09-17 22:00:00,27795.0,27807.27734375,-12.27734375,12.27734375,150.73316955566406
2001-09-17 23:00:00,24975.0,25107.9921875,-132.9921875,132.9921875,17686.921936035156
2001-09-18 00:00:00,23088.0,23100.6796875,-12.6796875,12.6796875,160.77447509765625
2001-09-18 01:00:00,22009.0,21979.67578125,29.32421875,29.32421875,859.9098052978516
2001-09-18 02:00:00,21482.0,21427.2890625,54.7109375,54.7109375,2993.2866821289062
2001-09-18 03:00:00,21138.0,21251.173828125,-113.173828125,113.173828125,12808.315372467041
2001-09-18 04:00:00,21422.0,21358.375,63.625,63.625,4048.140625
2001-09-18 05:00:00,23173.0,23061.884765625,111.115234375,111.115234375,12346.595310211182
2001-09-18 06:00:00,26363.0,26799.357421875,-436.357421875,436.357421875,190407.79962539673
2001-09-18 07:00:00,28368.0,29032.21484375,-664.21484375,664.21484375,441181.3586578369
2001-09-18 08:00:00,29886.0,29742.591796875,143.408203125,143.408203125,20565.91272354126
2001-09-18 09:00:00,30971.0,30766.900390625,204.099609375,204.099609375,41656.65054702759
2001-09-18 10:00:00,32059.0,32142.294921875,-83.294921875,83.294921875,6938.0440101623535
2001-09-18 11:00:00,32754.0,32808.3984375,-54.3984375,54.3984375,2959.1900024414062
2001-09-18 12:00:00,33129.0,33280.00390625,-151.00390625,151.00390625,22802.17970275879
2001-09-18 13:00:00,33607.0,33598.09375,8.90625,8.90625,79.3212890625
2001-09-18 14:00:00,33759.0,33841.46875,-82.46875,82.46875,6801.0947265625
2001-09-18 15:00:00,33419.0,33885.796875,-466.796875,466.796875,217899.32250976562
2001-09-18 16:00:00,33312.0,33422.3984375,-110.3984375,110.3984375,12187.815002441406
2001-09-18 17:00:00,32865.0,33057.41015625,-192.41015625,192.41015625,37021.668228149414
2001-09-18 18:00:00,32181.0,32421.70703125,-240.70703125,240.70703125,57939.87489318848
2001-09-18 19:00:00,32963.0,32241.4375,721.5625,721.5625,520652.44140625
2001-09-18 20:00:00,33181.0,33257.125,-76.125,76.125,5795.015625
2001-09-18 21:00:00,31268.0,31768.525390625,-500.525390625,500.525390625,250525.66666030884
2001-09-18 22:00:00,28251.0,28411.24609375,-160.24609375,160.24609375,25678.81056213379
2001-09-18 23:00:00,25495.0,25517.4921875,-22.4921875,22.4921875,505.89849853515625
2001-09-19 00:00:00,23575.0,23481.138671875,93.861328125,93.861328125,8809.948917388916
2001-09-19 01:00:00,22504.0,22454.791015625,49.208984375,49.208984375,2421.524143218994
2001-09-19 02:00:00,21755.0,21942.291015625,-187.291015625,187.291015625,35077.924533843994
2001-09-19 03:00:00,21498.0,21614.138671875,-116.138671875,116.138671875,13488.191104888916
2001-09-19 04:00:00,21924.0,21763.828125,160.171875,160.171875,25655.029541015625
2001-09-19 05:00:00,23566.0,23340.44140625,225.55859375,225.55859375,50876.67921447754
2001-09-19 06:00:00,27070.0,27398.55078125,-328.55078125,328.55078125,107945.61585998535
2001-09-19 07:00:00,29005.0,29662.494140625,-657.494140625,657.494140625,432298.5449562073
2001-09-19 08:00:00,30242.0,30160.546875,81.453125,81.453125,6634.611572265625
2001-09-19 09:00:00,31552.0,31227.861328125,324.138671875,324.138671875,105065.87860488892
2001-09-19 10:00:00,32905.0,32663.712890625,241.287109375,241.287109375,58219.46915054321
2001-09-19 11:00:00,33688.0,33736.1171875,-48.1171875,48.1171875,2315.2637329101562
2001-09-19 12:00:00,33967.0,34230.83984375,-263.83984375,263.83984375,69611.46315002441
2001-09-19 13:00:00,34368.0,34441.4140625,-73.4140625,73.4140625,5389.624572753906
2001-09-19 14:00:00,34719.0,34576.515625,142.484375,142.484375,20301.797119140625
2001-09-19 15:00:00,34601.0,34752.7421875,-151.7421875,151.7421875,23025.691467285156
2001-09-19 16:00:00,34522.0,34490.30859375,31.69140625,31.69140625,1004.3452301025391
2001-09-19 17:00:00,33806.0,34272.6796875,-466.6796875,466.6796875,217789.93072509766
2001-09-19 18:00:00,32949.0,33079.71875,-130.71875,130.71875,17087.3916015625
2001-09-19 19:00:00,33929.0,32840.75390625,1088.24609375,1088.24609375,1184279.5605621338
2001-09-19 20:00:00,33894.0,34151.359375,-257.359375,257.359375,66233.84790039062
2001-09-19 21:00:00,31978.0,32213.64453125,-235.64453125,235.64453125,55528.34510803223
2001-09-19 22:00:00,29072.0,29176.177734375,-104.177734375,104.177734375,10853.000339508057
2001-09-19 23:00:00,26541.0,26332.068359375,208.931640625,208.931640625,43652.43045425415
2001-09-20 00:00:00,24546.0,24288.162109375,257.837890625,257.837890625,66480.37784194946
2001-09-20 01:00:00,23490.0,23174.6484375,315.3515625,315.3515625,99446.6079711914
2001-09-20 02:00:00,22902.0,22744.521484375,157.478515625,157.478515625,24799.48288345337
2001-09-20 03:00:00,22608.0,22576.294921875,31.705078125,31.705078125,1005.2119789123535
2001-09-20 04:00:00,23091.0,22818.61328125,272.38671875,272.38671875,74194.5245513916
2001-09-20 05:00:00,25043.0,24845.51953125,197.48046875,197.48046875,38998.53553771973
2001-09-20 06:00:00,28919.0,28459.171875,459.828125,459.828125,211441.90454101562
2001-09-20 07:00:00,31293.0,31278.439453125,14.560546875,14.560546875,212.00952529907227
2001-09-20 08:00:00,32596.0,32591.3515625,4.6484375,4.6484375,21.60797119140625
2001-09-20 09:00:00,33480.0,33786.49609375,-306.49609375,306.49609375,93939.85548400879
2001-09-20 10:00:00,34156.0,34115.828125,40.171875,40.171875,1613.779541015625
2001-09-20 11:00:00,34400.0,34593.984375,-193.984375,193.984375,37629.937744140625
2001-09-20 12:00:00,34155.0,34376.6015625,-221.6015625,221.6015625,49107.252502441406
2001-09-20 13:00:00,34110.0,34418.28125,-308.28125,308.28125,95037.3291015625
2001-09-20 14:00:00,33897.0,34096.640625,-199.640625,199.640625,39856.379150390625
2001-09-20 15:00:00,33681.0,33821.265625,-140.265625,140.265625,19674.445556640625
2001-09-20 16:00:00,33688.0,33677.34765625,10.65234375,10.65234375,113.47242736816406
2001-09-20 17:00:00,33564.0,33373.68359375,190.31640625,190.31640625,36220.33448791504
2001-09-20 18:00:00,33378.0,33281.6875,96.3125,96.3125,9276.09765625
2001-09-20 19:00:00,34309.0,33437.31640625,871.68359375,871.68359375,759832.287612915
2001-09-20 20:00:00,34119.0,33787.7265625,331.2734375,331.2734375,109742.0903930664
2001-09-20 21:00:00,32027.0,32372.22265625,-345.22265625,345.22265625,119178.68238830566
2001-09-20 22:00:00,29719.0,29212.41796875,506.58203125,506.58203125,256625.35438537598
2001-09-20 23:00:00,26931.0,27042.00390625,-111.00390625,111.00390625,12321.867202758789
2001-09-21 00:00:00,24888.0,24808.1328125,79.8671875,79.8671875,6378.767639160156
2001-09-21 01:00:00,23714.0,23443.955078125,270.044921875,270.044921875,72924.25983047485
2001-09-21 02:00:00,23005.0,23040.25,-35.25,35.25,1242.5625
2001-09-21 03:00:00,22819.0,22523.419921875,295.580078125,295.580078125,87367.5825843811
2001-09-21 04:00:00,23194.0,23080.21875,113.78125,113.78125,12946.1728515625
2001-09-21 05:00:00,24858.0,24858.330078125,-0.330078125,0.330078125,0.10895156860351562
2001-09-21 06:00:00,28487.0,28132.03515625,354.96484375,354.96484375,126000.04029846191
2001-09-21 07:00:00,31004.0,30914.44921875,89.55078125,89.55078125,8019.342422485352
2001-09-21 08:00:00,32284.0,32347.384765625,-63.384765625,63.384765625,4017.6285133361816
2001-09-21 09:00:00,33395.0,33376.41015625,18.58984375,18.58984375,345.58229064941406
2001-09-21 10:00:00,34468.0,34187.87109375,280.12890625,280.12890625,78472.20411682129
2001-09-21 11:00:00,35143.0,34859.4296875,283.5703125,283.5703125,80412.12213134766
2001-09-21 12:00:00,35646.0,35530.5859375,115.4140625,115.4140625,13320.405822753906
2001-09-21 13:00:00,36122.0,35952.62890625,169.37109375,169.37109375,28686.56739807129
2001-09-21 14:00:00,36400.0,36365.4921875,34.5078125,34.5078125,1190.7891235351562
2001-09-21 15:00:00,36305.0,36426.5859375,-121.5859375,121.5859375,14783.140197753906
2001-09-21 16:00:00,36026.0,35909.93359375,116.06640625,116.06640625,13471.410659790039
2001-09-21 17:00:00,35241.0,35463.4765625,-222.4765625,222.4765625,49495.820861816406
2001-09-21 18:00:00,34327.0,34752.6640625,-425.6640625,425.6640625,181189.8941040039
2001-09-21 19:00:00,34614.0,33941.9296875,672.0703125,672.0703125,451678.50494384766
2001-09-21 20:00:00,34089.0,34250.7421875,-161.7421875,161.7421875,26160.535217285156
2001-09-21 21:00:00,32368.0,32602.7734375,-234.7734375,234.7734375,55118.566955566406
2001-09-21 22:00:00,30151.0,29890.197265625,260.802734375,260.802734375,68018.0662574768
2001-09-21 23:00:00,27706.0,27488.6171875,217.3828125,217.3828125,47255.287170410156
2001-09-22 00:00:00,25214.0,25447.537109375,-233.537109375,233.537109375,54539.58145523071
2001-09-22 01:00:00,23818.0,23729.3125,88.6875,88.6875,7865.47265625
2001-09-22 02:00:00,22863.0,23038.662109375,-175.662109375,175.662109375,30857.176670074463
2001-09-22 03:00:00,22364.0,22249.013671875,114.986328125,114.986328125,13221.855655670166
2001-09-22 04:00:00,22202.0,22238.248046875,-36.248046875,36.248046875,1313.9209022521973
2001-09-22 05:00:00,22660.0,22830.859375,-170.859375,170.859375,29192.926025390625
2001-09-22 06:00:00,23690.0,23581.087890625,108.912109375,108.912109375,11861.847568511963
2001-09-22 07:00:00,24840.0,25096.6875,-256.6875,256.6875,65888.47265625
2001-09-22 08:00:00,27007.0,26941.296875,65.703125,65.703125,4316.900634765625
2001-09-22 09:00:00,29116.0,29043.234375,72.765625,72.765625,5294.836181640625
2001-09-22 10:00:00,30627.0,30579.951171875,47.048828125,47.048828125,2213.592227935791
2001-09-22 11:00:00,31654.0,31311.04296875,342.95703125,342.95703125,117619.52528381348
2001-09-22 12:00:00,32359.0,32075.810546875,283.189453125,283.189453125,80196.26636123657
2001-09-22 13:00:00,32752.0,32590.404296875,161.595703125,161.595703125,26113.171268463135
2001-09-22 14:00:00,32867.0,32978.47265625,-111.47265625,111.47265625,12426.153091430664
2001-09-22 15:00:00,32938.0,33069.875,-131.875,131.875,17391.015625
2001-09-22 16:00:00,32757.0,33024.3203125,-267.3203125,267.3203125,71460.14947509766
2001-09-22 17:00:00,32313.0,32834.60546875,-521.60546875,521.60546875,272072.2650299072
2001-09-22 18:00:00,31634.0,31964.36328125,-330.36328125,330.36328125,109139.8975982666
2001-09-22 19:00:00,32572.0,31315.099609375,1256.900390625,1256.900390625,1579798.5919532776
2001-09-22 20:00:00,32259.0,32443.361328125,-184.361328125,184.361328125,33989.099308013916
2001-09-22 21:00:00,30865.0,31349.03125,-484.03125,484.03125,234286.2509765625
2001-09-22 22:00:00,28723.0,28818.76953125,-95.76953125,95.76953125,9171.803115844727
2001-09-22 23:00:00,26537.0,26536.138671875,0.861328125,0.861328125,0.7418861389160156
2001-09-23 00:00:00,24274.0,24546.001953125,-272.001953125,272.001953125,73985.0625038147
2001-09-23 01:00:00,23158.0,22988.384765625,169.615234375,169.615234375,28769.32773208618
2001-09-23 02:00:00,21982.0,22246.51953125,-264.51953125,264.51953125,69970.58241271973
2001-09-23 03:00:00,21472.0,21386.408203125,85.591796875,85.591796875,7325.95569229126
2001-09-23 04:00:00,21160.0,21284.146484375,-124.146484375,124.146484375,15412.34958267212
2001-09-23 05:00:00,21314.0,21201.193359375,112.806640625,112.806640625,12725.3381690979
2001-09-23 06:00:00,21743.0,21587.4765625,155.5234375,155.5234375,24187.539611816406
2001-09-23 07:00:00,22282.0,22782.255859375,-500.255859375,500.255859375,250255.92483901978
2001-09-23 08:00:00,24316.0,24542.19140625,-226.19140625,226.19140625,51162.55226135254
2001-09-23 09:00:00,26394.0,26689.359375,-295.359375,295.359375,87237.16040039062
2001-09-23 10:00:00,27881.0,28273.494140625,-392.494140625,392.494140625,154051.65042495728
2001-09-23 11:00:00,29194.0,29086.59375,107.40625,107.40625,11536.1025390625
2001-09-23 12:00:00,30159.0,30033.171875,125.828125,125.828125,15832.717041015625
2001-09-23 13:00:00,30820.0,30729.294921875,90.705078125,90.705078125,8227.411197662354
2001-09-23 14:00:00,31141.0,31401.638671875,-260.638671875,260.638671875,67932.51727676392
2001-09-23 15:00:00,31339.0,31580.369140625,-241.369140625,241.369140625,58259.062046051025
2001-09-23 16:00:00,31578.0,31767.2578125,-189.2578125,189.2578125,35818.519592285156
2001-09-23 17:00:00,31609.0,31925.609375,-316.609375,316.609375,100241.49633789062
2001-09-23 18:00:00,31337.0,31359.046875,-22.046875,22.046875,486.064697265625
2001-09-23 19:00:00,32566.0,31480.947265625,1085.052734375,1085.052734375,1177339.4363746643
2001-09-23 20:00:00,32553.0,32887.19140625,-334.19140625,334.19140625,111683.89601135254
2001-09-23 21:00:00,30992.0,31976.5625,-984.5625,984.5625,969363.31640625
2001-09-23 22:00:00,28527.0,28978.791015625,-451.791015625,451.791015625,204115.121799469
2001-09-23 23:00:00,26189.0,26329.134765625,-140.134765625,140.134765625,19637.75253677368
2001-09-24 00:00:00,24419.0,24393.15234375,25.84765625,25.84765625,668.1013336181641
2001-09-24 01:00:00,23461.0,23333.015625,127.984375,127.984375,16380.000244140625
2001-09-24 02:00:00,22875.0,22830.876953125,44.123046875,44.123046875,1946.8432655334473
2001-09-24 03:00:00,22718.0,22575.208984375,142.791015625,142.791015625,20389.274143218994
2001-09-24 04:00:00,23225.0,22978.30078125,246.69921875,246.69921875,60860.50453186035
2001-09-24 05:00:00,25032.0,25049.419921875,-17.419921875,17.419921875,303.4536781311035
2001-09-24 06:00:00,29256.0,28677.34765625,578.65234375,578.65234375,334838.53492736816
2001-09-24 07:00:00,31870.0,32217.462890625,-347.462890625,347.462890625,120730.46036148071
2001-09-24 08:00:00,33019.0,33357.0390625,-338.0390625,338.0390625,114270.4077758789
2001-09-24 09:00:00,34405.0,34392.24609375,12.75390625,12.75390625,162.66212463378906
2001-09-24 10:00:00,35511.0,35478.703125,32.296875,32.296875,1043.088134765625
2001-09-24 11:00:00,36100.0,36338.41796875,-238.41796875,238.41796875,56843.12782287598
2001-09-24 12:00:00,36531.0,36633.44921875,-102.44921875,102.44921875,10495.842422485352
2001-09-24 13:00:00,37177.0,37031.82421875,145.17578125,145.17578125,21076.00746154785
2001-09-24 14:00:00,37238.0,37421.859375,-183.859375,183.859375,33804.269775390625
2001-09-24 15:00:00,37075.0,37160.13671875,-85.13671875,85.13671875,7248.260879516602
2001-09-24 16:00:00,36920.0,36751.20703125,168.79296875,168.79296875,28491.066299438477
2001-09-24 17:00:00,36634.0,36501.85546875,132.14453125,132.14453125,17462.177139282227
2001-09-24 18:00:00,36446.0,36043.52734375,402.47265625,402.47265625,161984.23902893066
2001-09-24 19:00:00,37175.0,36061.109375,1113.890625,1113.890625,1240752.3244628906
2001-09-24 20:00:00,36110.0,36656.64453125,-546.64453125,546.64453125,298820.2435455322
2001-09-24 21:00:00,34011.0,34266.6953125,-255.6953125,255.6953125,65380.092834472656
2001-09-24 22:00:00,30961.0,30981.208984375,-20.208984375,20.208984375,408.40304946899414
2001-09-24 23:00:00,28139.0,28195.521484375,-56.521484375,56.521484375,3194.678195953369
2001-09-25 00:00:00,26026.0,25657.8046875,368.1953125,368.1953125,135567.78814697266
2001-09-25 01:00:00,24842.0,24754.72265625,87.27734375,87.27734375,7617.334732055664
2001-09-25 02:00:00,23934.0,24029.24609375,-95.24609375,95.24609375,9071.818374633789
2001-09-25 03:00:00,23527.0,23490.408203125,36.591796875,36.591796875,1338.9595985412598
2001-09-25 04:00:00,23631.0,23886.837890625,-255.837890625,255.837890625,65453.02627944946
2001-09-25 05:00:00,25258.0,25208.505859375,49.494140625,49.494140625,2449.6699562072754
2001-09-25 06:00:00,29085.0,28678.740234375,406.259765625,406.259765625,165046.99716567993
2001-09-25 07:00:00,31370.0,31465.8359375,-95.8359375,95.8359375,9184.526916503906
2001-09-25 08:00:00,32018.0,32794.40234375,-776.40234375,776.40234375,602800.5993804932
2001-09-25 09:00:00,32587.0,32683.291015625,-96.291015625,96.291015625,9271.959690093994
2001-09-25 10:00:00,33007.0,33447.51953125,-440.51953125,440.51953125,194057.45741271973
2001-09-25 11:00:00,33279.0,33519.484375,-240.484375,240.484375,57832.734619140625
2001-09-25 12:00:00,33152.0,33520.51953125,-368.51953125,368.51953125,135806.64491271973
2001-09-25 13:00:00,33534.0,33480.47265625,53.52734375,53.52734375,2865.176528930664
2001-09-25 14:00:00,33317.0,33901.26171875,-584.26171875,584.26171875,341361.7559967041
2001-09-25 15:00:00,32513.0,33513.71875,-1000.71875,1000.71875,1001438.0166015625
2001-09-25 16:00:00,32295.0,32810.4375,-515.4375,515.4375,265675.81640625
2001-09-25 17:00:00,31941.0,32733.22265625,-792.22265625,792.22265625,627616.7370758057
2001-09-25 18:00:00,31258.0,32081.279296875,-823.279296875,823.279296875,677788.8006629944
2001-09-25 19:00:00,32359.0,31390.75,968.25,968.25,937508.0625
2001-09-25 20:00:00,31724.0,32731.533203125,-1007.533203125,1007.533203125,1015123.1553993225
2001-09-25 21:00:00,29751.0,30273.529296875,-522.529296875,522.529296875,273036.8660926819
2001-09-25 22:00:00,27134.0,27045.828125,88.171875,88.171875,7774.279541015625
2001-09-25 23:00:00,24195.0,24878.759765625,-683.759765625,683.759765625,467527.41708755493
2001-09-26 00:00:00,22414.0,22267.40234375,146.59765625,146.59765625,21490.872817993164
2001-09-26 01:00:00,21452.0,21340.953125,111.046875,111.046875,12331.408447265625
2001-09-26 02:00:00,20857.0,20823.376953125,33.623046875,33.623046875,1130.5092811584473
2001-09-26 03:00:00,20647.0,20692.689453125,-45.689453125,45.689453125,2087.5261268615723
2001-09-26 04:00:00,21109.0,21085.927734375,23.072265625,23.072265625,532.3294410705566
2001-09-26 05:00:00,22833.0,22800.5859375,32.4140625,32.4140625,1050.6714477539062
2001-09-26 06:00:00,26790.0,26444.1171875,345.8828125,345.8828125,119634.91998291016
2001-09-26 07:00:00,28733.0,29263.51171875,-530.51171875,530.51171875,281442.6837310791
2001-09-26 08:00:00,29301.0,29757.96875,-456.96875,456.96875,208820.4384765625
2001-09-26 09:00:00,30280.0,29729.732421875,550.267578125,550.267578125,302794.407535553
2001-09-26 10:00:00,30323.0,30890.751953125,-567.751953125,567.751953125,322342.2802772522
2001-09-26 11:00:00,30579.0,30432.98828125,146.01171875,146.01171875,21319.4220123291
2001-09-26 12:00:00,30557.0,30460.26171875,96.73828125,96.73828125,9358.295059204102
2001-09-26 13:00:00,30499.0,30614.87890625,-115.87890625,115.87890625,13427.920913696289
2001-09-26 14:00:00,30423.0,30360.203125,62.796875,62.796875,3943.447509765625
2001-09-26 15:00:00,30279.0,30380.845703125,-101.845703125,101.845703125,10372.547245025635
2001-09-26 16:00:00,30236.0,30432.71484375,-196.71484375,196.71484375,38696.729751586914
2001-09-26 17:00:00,29983.0,30179.228515625,-196.228515625,196.228515625,38505.63034439087
2001-09-26 18:00:00,29913.0,29853.71875,59.28125,59.28125,3514.2666015625
2001-09-26 19:00:00,31423.0,30513.73046875,909.26953125,909.26953125,826771.0804595947
2001-09-26 20:00:00,30870.0,31426.091796875,-556.091796875,556.091796875,309238.08655166626
2001-09-26 21:00:00,29241.0,29409.083984375,-168.083984375,168.083984375,28252.225803375244
2001-09-26 22:00:00,26567.0,26573.33984375,-6.33984375,6.33984375,40.19361877441406
2001-09-26 23:00:00,24201.0,23936.671875,264.328125,264.328125,69869.35766601562
2001-09-27 00:00:00,22382.0,22174.6796875,207.3203125,207.3203125,42981.711975097656
2001-09-27 01:00:00,21407.0,21329.6875,77.3125,77.3125,5977.22265625
2001-09-27 02:00:00,20786.0,20850.232421875,-64.232421875,64.232421875,4125.8040199279785
2001-09-27 03:00:00,20761.0,20551.720703125,209.279296875,209.279296875,43797.824100494385
2001-09-27 04:00:00,21107.0,20995.19140625,111.80859375,111.80859375,12501.161636352539
2001-09-27 05:00:00,22721.0,22827.96484375,-106.96484375,106.96484375,11441.477798461914
2001-09-27 06:00:00,26225.0,26186.3046875,38.6953125,38.6953125,1497.3272094726562
2001-09-27 07:00:00,28172.0,28731.775390625,-559.775390625,559.775390625,313348.48794937134
2001-09-27 08:00:00,29125.0,29370.8671875,-245.8671875,245.8671875,60450.673889160156
2001-09-27 09:00:00,29897.0,29887.728515625,9.271484375,9.271484375,85.96042251586914
2001-09-27 10:00:00,30467.0,30456.21484375,10.78515625,10.78515625,116.31959533691406
2001-09-27 11:00:00,30750.0,30502.73828125,247.26171875,247.26171875,61138.3575592041
2001-09-27 12:00:00,30660.0,30683.6953125,-23.6953125,23.6953125,561.4678344726562
2001-09-27 13:00:00,30807.0,30683.90625,123.09375,123.09375,15152.0712890625
2001-09-27 14:00:00,30330.0,30717.162109375,-387.162109375,387.162109375,149894.49893569946
2001-09-27 15:00:00,30096.0,30184.580078125,-88.580078125,88.580078125,7846.4302406311035
2001-09-27 16:00:00,29910.0,30081.662109375,-171.662109375,171.662109375,29467.879795074463
2001-09-27 17:00:00,29742.0,29691.1953125,50.8046875,50.8046875,2581.1162719726562
2001-09-27 18:00:00,30127.0,29746.662109375,380.337890625,380.337890625,144656.91104507446
2001-09-27 19:00:00,31610.0,31086.107421875,523.892578125,523.892578125,274463.4334144592
2001-09-27 20:00:00,30901.0,31560.72265625,-659.72265625,659.72265625,435233.98316955566
2001-09-27 21:00:00,29206.0,29494.970703125,-288.970703125,288.970703125,83504.06726455688
2001-09-27 22:00:00,26567.0,26724.412109375,-157.412109375,157.412109375,24778.572177886963
2001-09-27 23:00:00,24032.0,23992.78125,39.21875,39.21875,1538.1103515625
2001-09-28 00:00:00,22301.0,22135.0234375,165.9765625,165.9765625,27548.219299316406
2001-09-28 01:00:00,21362.0,21300.818359375,61.181640625,61.181640625,3743.1931495666504
2001-09-28 02:00:00,20814.0,20881.01953125,-67.01953125,67.01953125,4491.617568969727
2001-09-28 03:00:00,20733.0,20669.71484375,63.28515625,63.28515625,4005.011001586914
2001-09-28 04:00:00,20927.0,21044.302734375,-117.302734375,117.302734375,13759.931491851807
2001-09-28 05:00:00,22895.0,22536.078125,358.921875,358.921875,128824.91235351562
2001-09-28 06:00:00,26600.0,26420.703125,179.296875,179.296875,32147.369384765625
2001-09-28 07:00:00,28608.0,28980.505859375,-372.505859375,372.505859375,138760.61526870728
2001-09-28 08:00:00,29277.0,29533.80078125,-256.80078125,256.80078125,65946.64125061035
2001-09-28 09:00:00,29912.0,29861.1328125,50.8671875,50.8671875,2587.4707641601562
2001-09-28 10:00:00,30445.0,30440.00390625,4.99609375,4.99609375,24.960952758789062
2001-09-28 11:00:00,30516.0,30577.298828125,-61.298828125,61.298828125,3757.546329498291
2001-09-28 12:00:00,30231.0,30362.04296875,-131.04296875,131.04296875,17172.259658813477
2001-09-28 13:00:00,30194.0,30196.732421875,-2.732421875,2.732421875,7.466129302978516
2001-09-28 14:00:00,29950.0,30039.251953125,-89.251953125,89.251953125,7965.911136627197
2001-09-28 15:00:00,29497.0,29628.9453125,-131.9453125,131.9453125,17409.565490722656
2001-09-28 16:00:00,29292.0,29374.6875,-82.6875,82.6875,6837.22265625
2001-09-28 17:00:00,28911.0,29154.47265625,-243.47265625,243.47265625,59278.934341430664
2001-09-28 18:00:00,28961.0,28968.22265625,-7.22265625,7.22265625,52.16676330566406
2001-09-28 19:00:00,30039.0,29983.78125,55.21875,55.21875,3049.1103515625
2001-09-28 20:00:00,29551.0,29996.740234375,-445.740234375,445.740234375,198684.35654067993
2001-09-28 21:00:00,28070.0,28124.833984375,-54.833984375,54.833984375,3006.765842437744
2001-09-28 22:00:00,26114.0,25979.365234375,134.634765625,134.634765625,18126.52011489868
2001-09-28 23:00:00,23945.0,23925.986328125,19.013671875,19.013671875,361.519718170166
2001-09-29 00:00:00,22154.0,21893.296875,260.703125,260.703125,67966.11938476562
2001-09-29 01:00:00,21015.0,20953.73046875,61.26953125,61.26953125,3753.9554595947266
2001-09-29 02:00:00,20288.0,20287.4453125,0.5546875,0.5546875,0.30767822265625
2001-09-29 03:00:00,19975.0,19865.21484375,109.78515625,109.78515625,12052.780532836914
2001-09-29 04:00:00,19992.0,19964.498046875,27.501953125,27.501953125,756.3574256896973
2001-09-29 05:00:00,20588.0,20915.234375,-327.234375,327.234375,107082.33618164062
2001-09-29 06:00:00,21727.0,21711.1875,15.8125,15.8125,250.03515625
2001-09-29 07:00:00,22869.0,23166.08984375,-297.08984375,297.08984375,88262.37525939941
2001-09-29 08:00:00,24828.0,24836.072265625,-8.072265625,8.072265625,65.16147232055664
2001-09-29 09:00:00,26189.0,26250.6953125,-61.6953125,61.6953125,3806.3115844726562
2001-09-29 10:00:00,26845.0,26855.2578125,-10.2578125,10.2578125,105.22271728515625
2001-09-29 11:00:00,26715.0,27176.939453125,-461.939453125,461.939453125,213388.05835342407
2001-09-29 12:00:00,26305.0,26408.896484375,-103.896484375,103.896484375,10794.47946548462
2001-09-29 13:00:00,25887.0,25793.130859375,93.869140625,93.869140625,8811.415561676025
2001-09-29 14:00:00,25391.0,25336.115234375,54.884765625,54.884765625,3012.3374977111816
2001-09-29 15:00:00,25080.0,25059.205078125,20.794921875,20.794921875,432.4287757873535
2001-09-29 16:00:00,25117.0,25140.966796875,-23.966796875,23.966796875,574.4073524475098
2001-09-29 17:00:00,25182.0,25377.421875,-195.421875,195.421875,38189.709228515625
2001-09-29 18:00:00,25692.0,25573.640625,118.359375,118.359375,14008.941650390625
2001-09-29 19:00:00,27250.0,26656.447265625,593.552734375,593.552734375,352304.8484840393
2001-09-29 20:00:00,26982.0,27203.583984375,-221.583984375,221.583984375,49099.462131500244
2001-09-29 21:00:00,25956.0,25937.943359375,18.056640625,18.056640625,326.0422706604004
2001-09-29 22:00:00,24609.0,24242.201171875,366.798828125,366.798828125,134541.3803138733
2001-09-29 23:00:00,22841.0,22813.125,27.875,27.875,777.015625
2001-09-30 00:00:00,21091.0,21208.455078125,-117.455078125,117.455078125,13795.695377349854
2001-09-30 01:00:00,20137.0,19990.455078125,146.544921875,146.544921875,21475.414127349854
2001-09-30 02:00:00,19497.0,19473.87109375,23.12890625,23.12890625,534.9463043212891
2001-09-30 03:00:00,19238.0,19244.337890625,-6.337890625,6.337890625,40.16885757446289
2001-09-30 04:00:00,19188.0,19262.615234375,-74.615234375,74.615234375,5567.433200836182
2001-09-30 05:00:00,19491.0,19518.44921875,-27.44921875,27.44921875,753.4596099853516
2001-09-30 06:00:00,20166.0,20238.41796875,-72.41796875,72.41796875,5244.362197875977
2001-09-30 07:00:00,21036.0,21216.185546875,-180.185546875,180.185546875,32466.831302642822
2001-09-30 08:00:00,22876.0,22728.0625,147.9375,147.9375,21885.50390625
2001-09-30 09:00:00,24337.0,24427.76171875,-90.76171875,90.76171875,8237.689590454102
2001-09-30 10:00:00,24924.0,25099.115234375,-175.115234375,175.115234375,30665.34531021118
2001-09-30 11:00:00,25150.0,25395.59375,-245.59375,245.59375,60316.2900390625
2001-09-30 12:00:00,24913.0,25399.93359375,-486.93359375,486.93359375,237104.32472229004
2001-09-30 13:00:00,24755.0,24814.79296875,-59.79296875,59.79296875,3575.1991119384766
2001-09-30 14:00:00,24884.0,24427.234375,456.765625,456.765625,208634.83618164062
2001-09-30 15:00:00,24936.0,24559.533203125,376.466796875,376.466796875,141727.2491493225
2001-09-30 16:00:00,25316.0,25389.474609375,-73.474609375,73.474609375,5398.518222808838
2001-09-30 17:00:00,25934.0,25954.982421875,-20.982421875,20.982421875,440.2620277404785
2001-09-30 18:00:00,26888.0,26309.888671875,578.111328125,578.111328125,334212.7077064514
2001-09-30 19:00:00,28295.0,27919.380859375,375.619140625,375.619140625,141089.73880386353
2001-09-30 20:00:00,28159.0,28353.697265625,-194.697265625,194.697265625,37907.02524185181
2001-09-30 21:00:00,26859.0,27031.27734375,-172.27734375,172.27734375,29679.483169555664
2001-09-30 22:00:00,24941.0,24851.8046875,89.1953125,89.1953125,7955.803771972656
2001-09-30 23:00:00,22827.0,23099.984375,-272.984375,272.984375,74520.46899414062
2001-10-01 00:00:00,21478.0,21297.0,181.0,181.0,32761.0
2001-10-01 01:00:00,20543.0,20602.791015625,-59.791015625,59.791015625,3574.965549468994
2001-10-01 02:00:00,20205.0,20150.619140625,54.380859375,54.380859375,2957.2778663635254
2001-10-01 03:00:00,20163.0,20079.986328125,83.013671875,83.013671875,6891.269718170166
2001-10-01 04:00:00,20709.0,20565.13671875,143.86328125,143.86328125,20696.6436920166
2001-10-01 05:00:00,22578.0,22803.857421875,-225.857421875,225.857421875,51011.57501602173
2001-10-01 06:00:00,26532.0,26536.798828125,-4.798828125,4.798828125,23.028751373291016
2001-10-01 07:00:00,29016.0,29260.873046875,-244.873046875,244.873046875,59962.80908584595
2001-10-01 08:00:00,29812.0,29697.32421875,114.67578125,114.67578125,13150.534805297852
2001-10-01 09:00:00,30368.0,30215.265625,152.734375,152.734375,23327.789306640625
2001-10-01 10:00:00,30753.0,30672.271484375,80.728515625,80.728515625,6517.093235015869
2001-10-01 11:00:00,30843.0,30787.58984375,55.41015625,55.41015625,3070.285415649414
2001-10-01 12:00:00,30630.0,30608.501953125,21.498046875,21.498046875,462.16601943969727
2001-10-01 13:00:00,30558.0,30668.115234375,-110.115234375,110.115234375,12125.364841461182
2001-10-01 14:00:00,30230.0,30336.98046875,-106.98046875,106.98046875,11444.820693969727
2001-10-01 15:00:00,30007.0,30140.6640625,-133.6640625,133.6640625,17866.081604003906
2001-10-01 16:00:00,29963.0,30024.40234375,-61.40234375,61.40234375,3770.247817993164
2001-10-01 17:00:00,29996.0,30128.189453125,-132.189453125,132.189453125,17474.051517486572
2001-10-01 18:00:00,30180.0,30619.78125,-439.78125,439.78125,193407.5478515625
2001-10-01 19:00:00,31855.0,31050.1015625,804.8984375,804.8984375,647861.4946899414
2001-10-01 20:00:00,31334.0,31495.755859375,-161.755859375,161.755859375,26164.958042144775
2001-10-01 21:00:00,29586.0,29490.462890625,95.537109375,95.537109375,9127.339267730713
2001-10-01 22:00:00,26926.0,26863.22265625,62.77734375,62.77734375,3940.994888305664
2001-10-01 23:00:00,24364.0,24231.1328125,132.8671875,132.8671875,17653.689514160156
2001-10-02 00:00:00,22531.0,22541.55078125,-10.55078125,10.55078125,111.31898498535156
2001-10-02 01:00:00,21507.0,21537.0859375,-30.0859375,30.0859375,905.1636352539062
2001-10-02 02:00:00,21124.0,21070.193359375,53.806640625,53.806640625,2895.1545753479004
2001-10-02 03:00:00,20908.0,21048.75390625,-140.75390625,140.75390625,19811.66212463379
2001-10-02 04:00:00,21387.0,21261.0,126.0,126.0,15876.0
2001-10-02 05:00:00,23255.0,23304.146484375,-49.146484375,49.146484375,2415.376926422119
2001-10-02 06:00:00,27250.0,27091.904296875,158.095703125,158.095703125,24994.251346588135
2001-10-02 07:00:00,29130.0,29640.2109375,-510.2109375,510.2109375,260315.2007446289
2001-10-02 08:00:00,29697.0,29955.49609375,-258.49609375,258.49609375,66820.23048400879
2001-10-02 09:00:00,30037.0,30153.828125,-116.828125,116.828125,13648.810791015625
2001-10-02 10:00:00,30835.0,30329.455078125,505.544921875,505.544921875,255575.66803359985
2001-10-02 11:00:00,31175.0,31016.818359375,158.181640625,158.181640625,25021.43143081665
2001-10-02 12:00:00,31238.0,31072.861328125,165.138671875,165.138671875,27270.780948638916
2001-10-02 13:00:00,31599.0,31396.6171875,202.3828125,202.3828125,40958.802795410156
2001-10-02 14:00:00,31731.0,31424.654296875,306.345703125,306.345703125,93847.68982315063
2001-10-02 15:00:00,31537.0,31604.369140625,-67.369140625,67.369140625,4538.601108551025
2001-10-02 16:00:00,31483.0,31395.05859375,87.94140625,87.94140625,7733.690933227539
2001-10-02 17:00:00,31198.0,31493.384765625,-295.384765625,295.384765625,87252.15976333618
2001-10-02 18:00:00,31079.0,31391.603515625,-312.603515625,312.603515625,97720.95798110962
2001-10-02 19:00:00,32559.0,31372.85546875,1186.14453125,1186.14453125,1406938.8490142822
2001-10-02 20:00:00,31943.0,32160.583984375,-217.583984375,217.583984375,47342.790256500244
2001-10-02 21:00:00,30100.0,30140.466796875,-40.466796875,40.466796875,1637.5616493225098
2001-10-02 22:00:00,27145.0,27414.96484375,-269.96484375,269.96484375,72881.01686096191
2001-10-02 23:00:00,24521.0,24646.00390625,-125.00390625,125.00390625,15625.976577758789
2001-10-03 00:00:00,22634.0,22655.2578125,-21.2578125,21.2578125,451.89459228515625
2001-10-03 01:00:00,21663.0,21783.263671875,-120.263671875,120.263671875,14463.350772857666
2001-10-03 02:00:00,21134.0,21236.806640625,-102.806640625,102.806640625,10569.2053565979
2001-10-03 03:00:00,20854.0,21010.78125,-156.78125,156.78125,24580.3603515625
2001-10-03 04:00:00,21146.0,21295.158203125,-149.158203125,149.158203125,22248.16955947876
2001-10-03 05:00:00,22987.0,22838.861328125,148.138671875,148.138671875,21945.066104888916
2001-10-03 06:00:00,26883.0,26611.10546875,271.89453125,271.89453125,73926.63612365723
2001-10-03 07:00:00,28985.0,29366.05859375,-381.05859375,381.05859375,145205.65187072754
2001-10-03 08:00:00,29749.0,29864.978515625,-115.978515625,115.978515625,13451.01608657837
2001-10-03 09:00:00,30439.0,30203.966796875,235.033203125,235.033203125,55240.60657119751
2001-10-03 10:00:00,31482.0,30793.486328125,688.513671875,688.513671875,474051.07635879517
2001-10-03 11:00:00,32389.0,31793.92578125,595.07421875,595.07421875,354113.32582092285
2001-10-03 12:00:00,32759.0,32619.458984375,139.541015625,139.541015625,19471.695041656494
2001-10-03 13:00:00,33339.0,33027.90625,311.09375,311.09375,96779.3212890625
2001-10-03 14:00:00,33490.0,33584.578125,-94.578125,94.578125,8945.021728515625
2001-10-03 15:00:00,33537.0,33522.3828125,14.6171875,14.6171875,213.66217041015625
2001-10-03 16:00:00,33451.0,33543.71484375,-92.71484375,92.71484375,8596.042251586914
2001-10-03 17:00:00,32921.0,33205.66796875,-284.66796875,284.66796875,81035.85243225098
2001-10-03 18:00:00,32446.0,32541.513671875,-95.513671875,95.513671875,9122.861515045166
2001-10-03 19:00:00,34004.0,33141.54296875,862.45703125,862.45703125,743832.1307525635
2001-10-03 20:00:00,33262.0,33974.484375,-712.484375,712.484375,507633.9846191406
2001-10-03 21:00:00,31263.0,31626.369140625,-363.369140625,363.369140625,132037.13235855103
2001-10-03 22:00:00,28369.0,28467.17578125,-98.17578125,98.17578125,9638.484024047852
2001-10-03 23:00:00,25512.0,25660.640625,-148.640625,148.640625,22094.035400390625
2001-10-04 00:00:00,23518.0,23460.173828125,57.826171875,57.826171875,3343.866153717041
2001-10-04 01:00:00,22258.0,22544.380859375,-286.380859375,286.380859375,82013.99661636353
2001-10-04 02:00:00,21679.0,21875.29296875,-196.29296875,196.29296875,38530.92958068848
2001-10-04 03:00:00,21448.0,21467.826171875,-19.826171875,19.826171875,393.077091217041
2001-10-04 04:00:00,21701.0,21670.93359375,30.06640625,30.06640625,903.9887847900391
2001-10-04 05:00:00,23513.0,23239.52734375,273.47265625,273.47265625,74787.29371643066
2001-10-04 06:00:00,27353.0,27354.921875,-1.921875,1.921875,3.693603515625
2001-10-04 07:00:00,29389.0,29870.0625,-481.0625,481.0625,231421.12890625
2001-10-04 08:00:00,30133.0,30401.29296875,-268.29296875,268.29296875,71981.11708068848
2001-10-04 09:00:00,31331.0,30995.501953125,335.498046875,335.498046875,112558.9394569397
2001-10-04 10:00:00,32637.0,32099.767578125,537.232421875,537.232421875,288618.675113678
2001-10-04 11:00:00,33541.0,33448.14453125,92.85546875,92.85546875,8622.138076782227
2001-10-04 12:00:00,33694.0,33746.52734375,-52.52734375,52.52734375,2759.121841430664
2001-10-04 13:00:00,34171.0,34015.62890625,155.37109375,155.37109375,24140.17677307129
2001-10-04 14:00:00,34123.0,34558.06640625,-435.06640625,435.06640625,189282.77784729004
2001-10-04 15:00:00,34133.0,34169.15234375,-36.15234375,36.15234375,1306.991958618164
2001-10-04 16:00:00,34023.0,33992.16796875,30.83203125,30.83203125,950.6141510009766
2001-10-04 17:00:00,33367.0,33633.3359375,-266.3359375,266.3359375,70934.8316040039
2001-10-04 18:00:00,32867.0,33353.18359375,-486.18359375,486.18359375,236374.48683166504
2001-10-04 19:00:00,34055.0,33202.19140625,852.80859375,852.80859375,727282.4975738525
2001-10-04 20:00:00,33177.0,34012.671875,-835.671875,835.671875,698347.4826660156
2001-10-04 21:00:00,31094.0,31695.06640625,-601.06640625,601.06640625,361280.82472229004
2001-10-04 22:00:00,28224.0,28450.189453125,-226.189453125,226.189453125,51161.66870498657
2001-10-04 23:00:00,25291.0,25648.083984375,-357.083984375,357.083984375,127508.97189712524
2001-10-05 00:00:00,23327.0,23284.9140625,42.0859375,42.0859375,1771.2261352539062
2001-10-05 01:00:00,22028.0,22316.412109375,-288.412109375,288.412109375,83181.54483413696
2001-10-05 02:00:00,21551.0,21517.71875,33.28125,33.28125,1107.6416015625
2001-10-05 03:00:00,21234.0,21348.1640625,-114.1640625,114.1640625,13033.433166503906
2001-10-05 04:00:00,21299.0,21513.30859375,-214.30859375,214.30859375,45928.17335510254
2001-10-05 05:00:00,23030.0,22644.138671875,385.861328125,385.861328125,148888.96454238892
2001-10-05 06:00:00,26755.0,26648.404296875,106.595703125,106.595703125,11362.643924713135
2001-10-05 07:00:00,28728.0,29405.2578125,-677.2578125,677.2578125,458678.14459228516
2001-10-05 08:00:00,29675.0,30081.048828125,-406.048828125,406.048828125,164875.6508216858
2001-10-05 09:00:00,30624.0,30302.5703125,321.4296875,321.4296875,103317.04400634766
2001-10-05 10:00:00,31865.0,31253.236328125,611.763671875,611.763671875,374254.79022598267
2001-10-05 11:00:00,32649.0,32457.931640625,191.068359375,191.068359375,36507.11795425415
2001-10-05 12:00:00,32834.0,33014.0546875,-180.0546875,180.0546875,32419.690490722656
2001-10-05 13:00:00,33275.0,33048.95703125,226.04296875,226.04296875,51095.42372131348
2001-10-05 14:00:00,33400.0,33403.97265625,-3.97265625,3.97265625,15.781997680664062
2001-10-05 15:00:00,33313.0,33306.65625,6.34375,6.34375,40.2431640625
2001-10-05 16:00:00,33034.0,32846.55078125,187.44921875,187.44921875,35137.20960998535
2001-10-05 17:00:00,32097.0,32304.958984375,-207.958984375,207.958984375,43246.939182281494
2001-10-05 18:00:00,31493.0,31455.626953125,37.373046875,37.373046875,1396.7446327209473
2001-10-05 19:00:00,32341.0,31730.724609375,610.275390625,610.275390625,372436.05240249634
2001-10-05 20:00:00,31298.0,32127.71875,-829.71875,829.71875,688433.2041015625
2001-10-05 21:00:00,29861.0,29532.33203125,328.66796875,328.66796875,108022.63368225098
2001-10-05 22:00:00,27562.0,27340.1953125,221.8046875,221.8046875,49197.319396972656
2001-10-05 23:00:00,25221.0,25091.642578125,129.357421875,129.357421875,16733.34259414673
2001-10-06 00:00:00,23372.0,23318.474609375,53.525390625,53.525390625,2864.967441558838
2001-10-06 01:00:00,22183.0,22126.326171875,56.673828125,56.673828125,3211.922794342041
2001-10-06 02:00:00,21396.0,21679.98046875,-283.98046875,283.98046875,80644.90663146973
2001-10-06 03:00:00,21013.0,21010.376953125,2.623046875,2.623046875,6.880374908447266
2001-10-06 04:00:00,20936.0,20943.33203125,-7.33203125,7.33203125,53.75868225097656
2001-10-06 05:00:00,21541.0,21303.638671875,237.361328125,237.361328125,56340.400089263916
2001-10-06 06:00:00,22656.0,23053.94140625,-397.94140625,397.94140625,158357.36280822754
2001-10-06 07:00:00,24052.0,23980.013671875,71.986328125,71.986328125,5182.031436920166
2001-10-06 08:00:00,26039.0,26075.994140625,-36.994140625,36.994140625,1368.5664405822754
2001-10-06 09:00:00,27510.0,27928.09375,-418.09375,418.09375,174802.3837890625
2001-10-06 10:00:00,27889.0,28382.51953125,-493.51953125,493.51953125,243561.52772521973
2001-10-06 11:00:00,27458.0,27887.080078125,-429.080078125,429.080078125,184109.7134437561
2001-10-06 12:00:00,26824.0,26975.546875,-151.546875,151.546875,22966.455322265625
2001-10-06 13:00:00,26170.0,26285.640625,-115.640625,115.640625,13372.754150390625
2001-10-06 14:00:00,25582.0,25626.265625,-44.265625,44.265625,1959.445556640625
2001-10-06 15:00:00,25264.0,25216.361328125,47.638671875,47.638671875,2269.443058013916
2001-10-06 16:00:00,25272.0,25532.80078125,-260.80078125,260.80078125,68017.04750061035
2001-10-06 17:00:00,25161.0,26158.02734375,-997.02734375,997.02734375,994063.5241851807
2001-10-06 18:00:00,25724.0,25960.2890625,-236.2890625,236.2890625,55832.521057128906
2001-10-06 19:00:00,27207.0,26584.734375,622.265625,622.265625,387214.5080566406
2001-10-06 20:00:00,26870.0,27586.978515625,-716.978515625,716.978515625,514058.19186782837
2001-10-06 21:00:00,25839.0,26111.23828125,-272.23828125,272.23828125,74113.6817779541
2001-10-06 22:00:00,24484.0,24268.119140625,215.880859375,215.880859375,46604.545444488525
2001-10-06 23:00:00,22756.0,22964.4140625,-208.4140625,208.4140625,43436.421447753906
2001-10-07 00:00:00,21361.0,21336.42578125,24.57421875,24.57421875,603.8922271728516
2001-10-07 01:00:00,20248.0,20369.916015625,-121.916015625,121.916015625,14863.514865875244
2001-10-07 02:00:00,19612.0,19827.42578125,-215.42578125,215.42578125,46408.26722717285
2001-10-07 03:00:00,19309.0,19276.90234375,32.09765625,32.09765625,1030.259536743164
2001-10-07 04:00:00,19299.0,19330.869140625,-31.869140625,31.869140625,1015.6421241760254
2001-10-07 05:00:00,19708.0,19684.7734375,23.2265625,23.2265625,539.4732055664062
2001-10-07 06:00:00,20598.0,20576.51953125,21.48046875,21.48046875,461.41053771972656
2001-10-07 07:00:00,21487.0,21612.20703125,-125.20703125,125.20703125,15676.800674438477
2001-10-07 08:00:00,23176.0,23175.9140625,0.0859375,0.0859375,0.00738525390625
2001-10-07 09:00:00,24339.0,24495.8671875,-156.8671875,156.8671875,24607.314514160156
2001-10-07 10:00:00,24832.0,25205.255859375,-373.255859375,373.255859375,139319.93655776978
2001-10-07 11:00:00,24898.0,25262.494140625,-364.494140625,364.494140625,132855.97854995728
2001-10-07 12:00:00,24713.0,24761.572265625,-48.572265625,48.572265625,2359.2649879455566
2001-10-07 13:00:00,24456.0,24553.29296875,-97.29296875,97.29296875,9465.921768188477
2001-10-07 14:00:00,24154.0,24055.689453125,98.310546875,98.310546875,9664.963626861572
2001-10-07 15:00:00,24071.0,24026.869140625,44.130859375,44.130859375,1947.5327491760254
2001-10-07 16:00:00,24425.0,24473.02734375,-48.02734375,48.02734375,2306.625747680664
2001-10-07 17:00:00,25016.0,25225.84375,-209.84375,209.84375,44034.3994140625
2001-10-07 18:00:00,26063.0,26350.990234375,-287.990234375,287.990234375,82938.37509536743
2001-10-07 19:00:00,28118.0,27363.162109375,754.837890625,754.837890625,569780.2411231995
2001-10-07 20:00:00,28015.0,27986.765625,28.234375,28.234375,797.179931640625
2001-10-07 21:00:00,26918.0,26931.009765625,-13.009765625,13.009765625,169.25400161743164
2001-10-07 22:00:00,25348.0,24979.08203125,368.91796875,368.91796875,136100.46766662598
2001-10-07 23:00:00,23631.0,23270.0390625,360.9609375,360.9609375,130292.7984008789
2001-10-08 00:00:00,22242.0,21739.42578125,502.57421875,502.57421875,252580.84535217285
2001-10-08 01:00:00,21466.0,21257.611328125,208.388671875,208.388671875,43425.838565826416
2001-10-08 02:00:00,21242.0,21009.59765625,232.40234375,232.40234375,54010.849380493164
2001-10-08 03:00:00,21299.0,21078.53515625,220.46484375,220.46484375,48604.747329711914
2001-10-08 04:00:00,21881.0,21583.513671875,297.486328125,297.486328125,88498.11542129517
2001-10-08 05:00:00,23620.0,23733.86328125,-113.86328125,113.86328125,12964.846817016602
2001-10-08 06:00:00,27193.0,26689.142578125,503.857421875,503.857421875,253872.30157852173
2001-10-08 07:00:00,29376.0,29313.25,62.75,62.75,3937.5625
2001-10-08 08:00:00,30277.0,29992.357421875,284.642578125,284.642578125,81021.39728164673
2001-10-08 09:00:00,30711.0,30662.771484375,48.228515625,48.228515625,2325.989719390869
2001-10-08 10:00:00,30954.0,30915.4140625,38.5859375,38.5859375,1488.8745727539062
2001-10-08 11:00:00,30688.0,30831.125,-143.125,143.125,20484.765625
2001-10-08 12:00:00,30177.0,30328.306640625,-151.306640625,151.306640625,22893.6994972229
2001-10-08 13:00:00,29800.0,30005.203125,-205.203125,205.203125,42108.322509765625
2001-10-08 14:00:00,29428.0,29267.7421875,160.2578125,160.2578125,25682.566467285156
2001-10-08 15:00:00,28995.0,29069.703125,-74.703125,74.703125,5580.556884765625
2001-10-08 16:00:00,29013.0,29165.9453125,-152.9453125,152.9453125,23392.268615722656
2001-10-08 17:00:00,29211.0,29595.75,-384.75,384.75,148032.5625
2001-10-08 18:00:00,30284.0,30330.623046875,-46.623046875,46.623046875,2173.7084999084473
2001-10-08 19:00:00,32070.0,31683.951171875,386.048828125,386.048828125,149033.6976966858
2001-10-08 20:00:00,31600.0,31609.330078125,-9.330078125,9.330078125,87.05035781860352
2001-10-08 21:00:00,30188.0,30111.44921875,76.55078125,76.55078125,5860.022109985352
2001-10-08 22:00:00,27764.0,27709.75390625,54.24609375,54.24609375,2942.638687133789
2001-10-08 23:00:00,25600.0,25212.8359375,387.1640625,387.1640625,149896.0112915039
2001-10-09 00:00:00,23991.0,23680.765625,310.234375,310.234375,96245.36743164062
2001-10-09 01:00:00,23267.0,22881.84765625,385.15234375,385.15234375,148342.32789611816
2001-10-09 02:00:00,22992.0,22467.76953125,524.23046875,524.23046875,274817.5843658447
2001-10-09 03:00:00,23084.0,22772.2109375,311.7890625,311.7890625,97212.4194946289
2001-10-09 04:00:00,23671.0,23580.4296875,90.5703125,90.5703125,8202.981506347656
2001-10-09 05:00:00,25794.0,25898.04296875,-104.04296875,104.04296875,10824.939346313477
2001-10-09 06:00:00,29937.0,29586.96484375,350.03515625,350.03515625,122524.61061096191
2001-10-09 07:00:00,31921.0,31701.552734375,219.447265625,219.447265625,48157.10239028931
2001-10-09 08:00:00,31981.0,31985.875,-4.875,4.875,23.765625
2001-10-09 09:00:00,31600.0,31870.306640625,-270.306640625,270.306640625,73065.6799659729
2001-10-09 10:00:00,31365.0,31411.9375,-46.9375,46.9375,2203.12890625
2001-10-09 11:00:00,30944.0,31081.640625,-137.640625,137.640625,18944.941650390625
2001-10-09 12:00:00,30503.0,30526.763671875,-23.763671875,23.763671875,564.712100982666
2001-10-09 13:00:00,30342.0,30331.169921875,10.830078125,10.830078125,117.29059219360352
2001-10-09 14:00:00,29905.0,30093.529296875,-188.529296875,188.529296875,35543.295780181885
2001-10-09 15:00:00,29663.0,29615.296875,47.703125,47.703125,2275.588134765625
2001-10-09 16:00:00,29663.0,29740.341796875,-77.341796875,77.341796875,5981.75354385376
2001-10-09 17:00:00,29772.0,30134.9921875,-362.9921875,362.9921875,131763.32818603516
2001-10-09 18:00:00,30544.0,30970.25,-426.25,426.25,181689.0625
2001-10-09 19:00:00,32153.0,31685.71875,467.28125,467.28125,218351.7666015625
2001-10-09 20:00:00,31482.0,31665.11328125,-183.11328125,183.11328125,33530.4737701416
2001-10-09 21:00:00,29869.0,30037.46875,-168.46875,168.46875,28381.7197265625
2001-10-09 22:00:00,27275.0,27413.05078125,-138.05078125,138.05078125,19058.01820373535
2001-10-09 23:00:00,25090.0,24881.78125,208.21875,208.21875,43355.0478515625
2001-10-10 00:00:00,23293.0,23187.9453125,105.0546875,105.0546875,11036.487365722656
2001-10-10 01:00:00,22531.0,22312.6796875,218.3203125,218.3203125,47663.758850097656
2001-10-10 02:00:00,22236.0,22169.203125,66.796875,66.796875,4461.822509765625
2001-10-10 03:00:00,22191.0,22259.560546875,-68.560546875,68.560546875,4700.548587799072
2001-10-10 04:00:00,22714.0,22864.755859375,-150.755859375,150.755859375,22727.329135894775
2001-10-10 05:00:00,24690.0,24815.607421875,-125.607421875,125.607421875,15777.224430084229
2001-10-10 06:00:00,28676.0,28343.921875,332.078125,332.078125,110275.88110351562
2001-10-10 07:00:00,30644.0,30749.078125,-105.078125,105.078125,11041.412353515625
2001-10-10 08:00:00,30660.0,30832.669921875,-172.669921875,172.669921875,29814.901920318604
2001-10-10 09:00:00,30511.0,30563.076171875,-52.076171875,52.076171875,2711.927677154541
2001-10-10 10:00:00,30618.0,30590.572265625,27.427734375,27.427734375,752.2806129455566
2001-10-10 11:00:00,30591.0,30498.5390625,92.4609375,92.4609375,8549.024963378906
2001-10-10 12:00:00,30350.0,30244.052734375,105.947265625,105.947265625,11224.823093414307
2001-10-10 13:00:00,30467.0,30151.67578125,315.32421875,315.32421875,99429.36293029785
2001-10-10 14:00:00,30304.0,30203.38671875,100.61328125,100.61328125,10123.032363891602
2001-10-10 15:00:00,30089.0,30093.625,-4.625,4.625,21.390625
2001-10-10 16:00:00,30080.0,29988.37890625,91.62109375,91.62109375,8394.424819946289
2001-10-10 17:00:00,29989.0,30050.13671875,-61.13671875,61.13671875,3737.6983795166016
2001-10-10 18:00:00,30747.0,30727.435546875,19.564453125,19.564453125,382.76782608032227
2001-10-10 19:00:00,32189.0,31348.052734375,840.947265625,840.947265625,707192.3035621643
2001-10-10 20:00:00,31447.0,31620.607421875,-173.607421875,173.607421875,30139.53693008423
2001-10-10 21:00:00,29680.0,30157.990234375,-477.990234375,477.990234375,228474.66415786743
2001-10-10 22:00:00,26995.0,27271.802734375,-276.802734375,276.802734375,76619.7537574768
2001-10-10 23:00:00,24662.0,24586.716796875,75.283203125,75.283203125,5667.56067276001
2001-10-11 00:00:00,22950.0,22830.75390625,119.24609375,119.24609375,14219.630874633789
2001-10-11 01:00:00,21872.0,22008.83203125,-136.83203125,136.83203125,18723.004776000977
2001-10-11 02:00:00,21364.0,21499.775390625,-135.775390625,135.775390625,18434.956699371338
2001-10-11 03:00:00,21201.0,21267.322265625,-66.322265625,66.322265625,4398.642917633057
2001-10-11 04:00:00,21712.0,21634.208984375,77.791015625,77.791015625,6051.442111968994
2001-10-11 05:00:00,23558.0,23444.50390625,113.49609375,113.49609375,12881.363296508789
2001-10-11 06:00:00,27389.0,27410.953125,-21.953125,21.953125,481.939697265625
2001-10-11 07:00:00,29604.0,29558.27734375,45.72265625,45.72265625,2090.561294555664
2001-10-11 08:00:00,29915.0,30217.771484375,-302.771484375,302.771484375,91670.57175064087
2001-10-11 09:00:00,30311.0,30142.919921875,168.080078125,168.080078125,28250.912662506104
2001-10-11 10:00:00,30983.0,30662.140625,320.859375,320.859375,102950.73852539062
2001-10-11 11:00:00,31208.0,31001.3828125,206.6171875,206.6171875,42690.662170410156
2001-10-11 12:00:00,31216.0,31204.177734375,11.822265625,11.822265625,139.76596450805664
2001-10-11 13:00:00,31437.0,31340.998046875,96.001953125,96.001953125,9216.375003814697
2001-10-11 14:00:00,31441.0,31524.30859375,-83.30859375,83.30859375,6940.321792602539
2001-10-11 15:00:00,31385.0,31370.208984375,14.791015625,14.791015625,218.77414321899414
2001-10-11 16:00:00,31134.0,31316.439453125,-182.439453125,182.439453125,33284.15405654907
2001-10-11 17:00:00,30898.0,30928.634765625,-30.634765625,30.634765625,938.4888648986816
2001-10-11 18:00:00,31272.0,31103.814453125,168.185546875,168.185546875,28286.378177642822
2001-10-11 19:00:00,32667.0,31787.8359375,879.1640625,879.1640625,772929.4487915039
2001-10-11 20:00:00,31765.0,32192.265625,-427.265625,427.265625,182555.91430664062
2001-10-11 21:00:00,30026.0,30018.072265625,7.927734375,7.927734375,62.84897232055664
2001-10-11 22:00:00,27331.0,27359.744140625,-28.744140625,28.744140625,826.2256202697754
2001-10-11 23:00:00,24779.0,24681.162109375,97.837890625,97.837890625,9572.252841949463
2001-10-12 00:00:00,22828.0,22891.880859375,-63.880859375,63.880859375,4080.7641944885254
2001-10-12 01:00:00,21601.0,21853.703125,-252.703125,252.703125,63858.869384765625
2001-10-12 02:00:00,21064.0,21170.388671875,-106.388671875,106.388671875,11318.549503326416
2001-10-12 03:00:00,20765.0,20858.595703125,-93.595703125,93.595703125,8760.155643463135
2001-10-12 04:00:00,21118.0,21088.580078125,29.419921875,29.419921875,865.5318031311035
2001-10-12 05:00:00,22991.0,22689.376953125,301.623046875,301.623046875,90976.46240615845
2001-10-12 06:00:00,26712.0,26534.833984375,177.166015625,177.166015625,31387.797092437744
2001-10-12 07:00:00,28839.0,29240.16015625,-401.16015625,401.16015625,160929.4709625244
2001-10-12 08:00:00,29426.0,29828.857421875,-402.857421875,402.857421875,162294.10235977173
2001-10-12 09:00:00,30127.0,29757.751953125,369.248046875,369.248046875,136344.1201210022
2001-10-12 10:00:00,30920.0,30632.505859375,287.494140625,287.494140625,82652.88089370728
2001-10-12 11:00:00,31247.0,31143.001953125,103.998046875,103.998046875,10815.593753814697
2001-10-12 12:00:00,31617.0,31116.416015625,500.583984375,500.583984375,250584.32541275024
2001-10-12 13:00:00,31740.0,31679.265625,60.734375,60.734375,3688.664306640625
2001-10-12 14:00:00,31578.0,31515.689453125,62.310546875,62.310546875,3882.6042518615723
2001-10-12 15:00:00,31197.0,31291.556640625,-94.556640625,94.556640625,8940.9582862854
2001-10-12 16:00:00,30760.0,31005.109375,-245.109375,245.109375,60078.605712890625
2001-10-12 17:00:00,30185.0,30630.142578125,-445.142578125,445.142578125,198151.91485977173
2001-10-12 18:00:00,30726.0,30737.216796875,-11.216796875,11.216796875,125.81653213500977
2001-10-12 19:00:00,31232.0,31368.541015625,-136.541015625,136.541015625,18643.448947906494
2001-10-12 20:00:00,30180.0,30580.76953125,-400.76953125,400.76953125,160616.21717834473
2001-10-12 21:00:00,28735.0,28754.67578125,-19.67578125,19.67578125,387.13636779785156
2001-10-12 22:00:00,26578.0,26471.232421875,106.767578125,106.767578125,11399.315738677979
2001-10-12 23:00:00,24492.0,24249.51171875,242.48828125,242.48828125,58800.5665435791
2001-10-13 00:00:00,22403.0,22488.212890625,-85.212890625,85.212890625,7261.236728668213
2001-10-13 01:00:00,21236.0,21321.078125,-85.078125,85.078125,7238.287353515625
2001-10-13 02:00:00,20547.0,20572.455078125,-25.455078125,25.455078125,647.9610023498535
2001-10-13 03:00:00,20038.0,20174.4375,-136.4375,136.4375,18615.19140625
2001-10-13 04:00:00,20036.0,19977.935546875,58.064453125,58.064453125,3371.4807167053223
2001-10-13 05:00:00,20508.0,20750.869140625,-242.869140625,242.869140625,58985.419467926025
2001-10-13 06:00:00,21665.0,21660.544921875,4.455078125,4.455078125,19.847721099853516
2001-10-13 07:00:00,22829.0,22984.01953125,-155.01953125,155.01953125,24031.055068969727
2001-10-13 08:00:00,24714.0,24841.705078125,-127.705078125,127.705078125,16308.586978912354
2001-10-13 09:00:00,26359.0,26389.537109375,-30.537109375,30.537109375,932.5150489807129
2001-10-13 10:00:00,27308.0,27237.3671875,70.6328125,70.6328125,4988.994201660156
2001-10-13 11:00:00,27670.0,27455.169921875,214.830078125,214.830078125,46151.9624671936
2001-10-13 12:00:00,27718.0,27458.951171875,259.048828125,259.048828125,67106.29535293579
2001-10-13 13:00:00,27773.0,27345.73828125,427.26171875,427.26171875,182552.5763092041
2001-10-13 14:00:00,27514.0,27479.046875,34.953125,34.953125,1221.720947265625
2001-10-13 15:00:00,27337.0,27208.40234375,128.59765625,128.59765625,16537.357192993164
2001-10-13 16:00:00,27229.0,27304.5078125,-75.5078125,75.5078125,5701.429748535156
2001-10-13 17:00:00,27279.0,27574.26171875,-295.26171875,295.26171875,87179.4825592041
2001-10-13 18:00:00,28157.0,28075.935546875,81.064453125,81.064453125,6571.445560455322
2001-10-13 19:00:00,29175.0,28823.08984375,351.91015625,351.91015625,123840.75807189941
2001-10-13 20:00:00,28382.0,28645.966796875,-263.966796875,263.966796875,69678.46985244751
2001-10-13 21:00:00,27014.0,27289.935546875,-275.935546875,275.935546875,76140.42602920532
2001-10-13 22:00:00,25282.0,25079.814453125,202.185546875,202.185546875,40878.99536514282
2001-10-13 23:00:00,23545.0,23466.35546875,78.64453125,78.64453125,6184.962295532227
2001-10-14 00:00:00,21796.0,21719.029296875,76.970703125,76.970703125,5924.489139556885
2001-10-14 01:00:00,20556.0,20694.625,-138.625,138.625,19216.890625
2001-10-14 02:00:00,19859.0,19913.162109375,-54.162109375,54.162109375,2933.534091949463
2001-10-14 03:00:00,19382.0,19500.982421875,-118.982421875,118.982421875,14156.816715240479
2001-10-14 04:00:00,19227.0,19306.318359375,-79.318359375,79.318359375,6291.40213394165
2001-10-14 05:00:00,19610.0,19404.00390625,205.99609375,205.99609375,42434.39064025879
2001-10-14 06:00:00,20256.0,20331.27734375,-75.27734375,75.27734375,5666.678482055664
2001-10-14 07:00:00,21131.0,21338.94140625,-207.94140625,207.94140625,43239.62843322754
2001-10-14 08:00:00,22559.0,22856.14453125,-297.14453125,297.14453125,88294.87245178223
2001-10-14 09:00:00,24200.0,23962.498046875,237.501953125,237.501953125,56407.1777381897
2001-10-14 10:00:00,25132.0,25085.955078125,46.044921875,46.044921875,2120.1348304748535
2001-10-14 11:00:00,25590.0,25522.662109375,67.337890625,67.337890625,4534.391513824463
2001-10-14 12:00:00,25871.0,25900.564453125,-29.564453125,29.564453125,874.0568885803223
2001-10-14 13:00:00,25881.0,25789.837890625,91.162109375,91.162109375,8310.530185699463
2001-10-14 14:00:00,25688.0,25709.693359375,-21.693359375,21.693359375,470.6018409729004
2001-10-14 15:00:00,25729.0,25458.31640625,270.68359375,270.68359375,73269.60792541504
2001-10-14 16:00:00,26123.0,26237.505859375,-114.505859375,114.505859375,13111.591831207275
2001-10-14 17:00:00,26800.0,26831.80078125,-31.80078125,31.80078125,1011.2896881103516
2001-10-14 18:00:00,28474.0,27540.884765625,933.115234375,933.115234375,870704.0406227112
2001-10-14 19:00:00,29442.0,28986.185546875,455.814453125,455.814453125,207766.81567764282
2001-10-14 20:00:00,28755.0,29134.7890625,-379.7890625,379.7890625,144239.7319946289
2001-10-14 21:00:00,27397.0,27503.33984375,-106.33984375,106.33984375,11308.162368774414
2001-10-14 22:00:00,25467.0,25436.392578125,30.607421875,30.607421875,936.8142738342285
2001-10-14 23:00:00,23303.0,23518.642578125,-215.642578125,215.642578125,46501.72150039673
2001-10-15 00:00:00,21834.0,21773.236328125,60.763671875,60.763671875,3692.223819732666
2001-10-15 01:00:00,20747.0,20999.5546875,-252.5546875,252.5546875,63783.870178222656
2001-10-15 02:00:00,20256.0,20387.54296875,-131.54296875,131.54296875,17303.552627563477
2001-10-15 03:00:00,20106.0,20334.95703125,-228.95703125,228.95703125,52421.32215881348
2001-10-15 04:00:00,20455.0,20450.986328125,4.013671875,4.013671875,16.109561920166016
2001-10-15 05:00:00,22409.0,22075.5859375,333.4140625,333.4140625,111164.9370727539
2001-10-15 06:00:00,26346.0,26164.935546875,181.064453125,181.064453125,32784.33618545532
2001-10-15 07:00:00,28682.0,29168.625,-486.625,486.625,236803.890625
2001-10-15 08:00:00,29388.0,29603.845703125,-215.845703125,215.845703125,46589.367557525635
2001-10-15 09:00:00,30197.0,30015.818359375,181.181640625,181.181640625,32826.78689956665
2001-10-15 10:00:00,30724.0,30943.115234375,-219.115234375,219.115234375,48011.48593521118
2001-10-15 11:00:00,30907.0,30948.46484375,-41.46484375,41.46484375,1719.333267211914
2001-10-15 12:00:00,30993.0,30736.779296875,256.220703125,256.220703125,65649.04870986938
2001-10-15 13:00:00,30901.0,30991.146484375,-90.146484375,90.146484375,8126.388645172119
2001-10-15 14:00:00,30849.0,30671.583984375,177.416015625,177.416015625,31476.442600250244
2001-10-15 15:00:00,30644.0,30732.345703125,-88.345703125,88.345703125,7804.963260650635
2001-10-15 16:00:00,30527.0,30820.369140625,-293.369140625,293.369140625,86065.45267105103
2001-10-15 17:00:00,30390.0,30783.677734375,-393.677734375,393.677734375,154982.15854263306
2001-10-15 18:00:00,31081.0,30747.94921875,333.05078125,333.05078125,110922.82289123535
2001-10-15 19:00:00,32262.0,31570.69921875,691.30078125,691.30078125,477896.77015686035
2001-10-15 20:00:00,31225.0,31694.21484375,-469.21484375,469.21484375,220162.5695953369
2001-10-15 21:00:00,29394.0,29688.5546875,-294.5546875,294.5546875,86762.46392822266
2001-10-15 22:00:00,26555.0,26830.802734375,-275.802734375,275.802734375,76067.1482887268
2001-10-15 23:00:00,24272.0,24040.087890625,231.912109375,231.912109375,53783.22647476196
2001-10-16 00:00:00,22522.0,22436.37890625,85.62109375,85.62109375,7330.971694946289
2001-10-16 01:00:00,21464.0,21537.046875,-73.046875,73.046875,5335.845947265625
2001-10-16 02:00:00,21049.0,21072.43359375,-23.43359375,23.43359375,549.1333160400391
2001-10-16 03:00:00,20901.0,20866.560546875,34.439453125,34.439453125,1186.0759315490723
2001-10-16 04:00:00,21421.0,21256.78515625,164.21484375,164.21484375,26966.514907836914
2001-10-16 05:00:00,23422.0,23363.685546875,58.314453125,58.314453125,3400.5754432678223
2001-10-16 06:00:00,27601.0,27180.181640625,420.818359375,420.818359375,177088.09158706665
2001-10-16 07:00:00,29751.0,29745.271484375,5.728515625,5.728515625,32.81589126586914
2001-10-16 08:00:00,30035.0,30054.361328125,-19.361328125,19.361328125,374.861026763916
2001-10-16 09:00:00,30165.0,30270.75,-105.75,105.75,11183.0625
2001-10-16 10:00:00,30737.0,30393.9296875,343.0703125,343.0703125,117697.23931884766
2001-10-16 11:00:00,30900.0,30946.462890625,-46.462890625,46.462890625,2158.800205230713
2001-10-16 12:00:00,30725.0,30667.748046875,57.251953125,57.251953125,3277.7861366271973
2001-10-16 13:00:00,30717.0,30623.201171875,93.798828125,93.798828125,8798.220157623291
2001-10-16 14:00:00,30613.0,30465.4375,147.5625,147.5625,21774.69140625
2001-10-16 15:00:00,30565.0,30389.396484375,175.603515625,175.603515625,30836.59469985962
2001-10-16 16:00:00,30342.0,30591.02734375,-249.02734375,249.02734375,62014.617935180664
2001-10-16 17:00:00,30729.0,30266.544921875,462.455078125,462.455078125,213864.69928359985
2001-10-16 18:00:00,31848.0,31540.36328125,307.63671875,307.63671875,94640.3507232666
2001-10-16 19:00:00,32357.0,32084.15625,272.84375,272.84375,74443.7119140625
2001-10-16 20:00:00,31319.0,31572.73828125,-253.73828125,253.73828125,64383.1153717041
2001-10-16 21:00:00,29453.0,29526.619140625,-73.619140625,73.619140625,5419.777866363525
2001-10-16 22:00:00,26729.0,26843.3671875,-114.3671875,114.3671875,13079.853576660156
2001-10-16 23:00:00,24265.0,24220.361328125,44.638671875,44.638671875,1992.611026763916
2001-10-17 00:00:00,22658.0,22417.0625,240.9375,240.9375,58050.87890625
2001-10-17 01:00:00,21618.0,21720.517578125,-102.517578125,102.517578125,10509.853824615479
2001-10-17 02:00:00,21228.0,21209.875,18.125,18.125,328.515625
2001-10-17 03:00:00,21146.0,21135.71875,10.28125,10.28125,105.7041015625
2001-10-17 04:00:00,21764.0,21518.130859375,245.869140625,245.869140625,60451.634311676025
2001-10-17 05:00:00,23626.0,23712.515625,-86.515625,86.515625,7484.953369140625
2001-10-17 06:00:00,27746.0,27622.626953125,123.373046875,123.373046875,15220.908695220947
2001-10-17 07:00:00,30189.0,30149.73828125,39.26171875,39.26171875,1541.4825592041016
2001-10-17 08:00:00,30350.0,30702.787109375,-352.787109375,352.787109375,124458.74454116821
2001-10-17 09:00:00,30452.0,30504.32421875,-52.32421875,52.32421875,2737.8238677978516
2001-10-17 10:00:00,30691.0,30630.2578125,60.7421875,60.7421875,3689.6133422851562
2001-10-17 11:00:00,30505.0,30634.62109375,-129.62109375,129.62109375,16801.62794494629
2001-10-17 12:00:00,30335.0,30309.833984375,25.166015625,25.166015625,633.3283424377441
2001-10-17 13:00:00,30114.0,30307.24609375,-193.24609375,193.24609375,37344.05274963379
2001-10-17 14:00:00,29854.0,29978.884765625,-124.884765625,124.884765625,15596.204685211182
2001-10-17 15:00:00,29914.0,29684.154296875,229.845703125,229.845703125,52829.047245025635
2001-10-17 16:00:00,29835.0,30221.689453125,-386.689453125,386.689453125,149528.73315811157
2001-10-17 17:00:00,30102.0,30248.56640625,-146.56640625,146.56640625,21481.71144104004
2001-10-17 18:00:00,31408.0,31571.5390625,-163.5390625,163.5390625,26745.024963378906
2001-10-17 19:00:00,32405.0,32031.494140625,373.505859375,373.505859375,139506.62698745728
2001-10-17 20:00:00,31584.0,31663.0546875,-79.0546875,79.0546875,6249.643615722656
2001-10-17 21:00:00,29962.0,29804.421875,157.578125,157.578125,24830.865478515625
2001-10-17 22:00:00,27801.0,27392.525390625,408.474609375,408.474609375,166851.50650405884
2001-10-17 23:00:00,25351.0,25242.619140625,108.380859375,108.380859375,11746.410678863525
2001-10-18 00:00:00,23558.0,23466.55078125,91.44921875,91.44921875,8362.959609985352
2001-10-18 01:00:00,22697.0,22429.142578125,267.857421875,267.857421875,71747.59845352173
2001-10-18 02:00:00,22403.0,22157.021484375,245.978515625,245.978515625,60505.43014907837
2001-10-18 03:00:00,22353.0,22348.240234375,4.759765625,4.759765625,22.65536880493164
2001-10-18 04:00:00,22947.0,22845.94140625,101.05859375,101.05859375,10212.839370727539
2001-10-18 05:00:00,24943.0,24932.197265625,10.802734375,10.802734375,116.69906997680664
2001-10-18 06:00:00,29323.0,28873.90625,449.09375,449.09375,201685.1962890625
2001-10-18 07:00:00,31170.0,31561.5625,-391.5625,391.5625,153321.19140625
2001-10-18 08:00:00,31356.0,31130.033203125,225.966796875,225.966796875,51060.99328994751
2001-10-18 09:00:00,31237.0,31344.611328125,-107.611328125,107.611328125,11580.197940826416
2001-10-18 10:00:00,30908.0,31179.220703125,-271.220703125,271.220703125,73560.66980361938
2001-10-18 11:00:00,30672.0,30630.330078125,41.669921875,41.669921875,1736.3823890686035
2001-10-18 12:00:00,30511.0,30365.234375,145.765625,145.765625,21247.617431640625
2001-10-18 13:00:00,30302.0,30284.619140625,17.380859375,17.380859375,302.0942726135254
2001-10-18 14:00:00,29952.0,30091.798828125,-139.798828125,139.798828125,19543.71234512329
2001-10-18 15:00:00,29434.0,29706.97265625,-272.97265625,272.97265625,74514.07106018066
2001-10-18 16:00:00,29506.0,29343.86328125,162.13671875,162.13671875,26288.3155670166
2001-10-18 17:00:00,29722.0,29991.146484375,-269.146484375,269.146484375,72439.83005142212
2001-10-18 18:00:00,31075.0,31145.873046875,-70.873046875,70.873046875,5022.988773345947
2001-10-18 19:00:00,32384.0,31446.05859375,937.94140625,937.94140625,879734.0815582275
2001-10-18 20:00:00,31660.0,31753.15234375,-93.15234375,93.15234375,8677.359146118164
2001-10-18 21:00:00,30284.0,30013.7734375,270.2265625,270.2265625,73022.3950805664
2001-10-18 22:00:00,27823.0,27657.439453125,165.560546875,165.560546875,27410.294681549072
2001-10-18 23:00:00,25551.0,25311.255859375,239.744140625,239.744140625,57477.252964019775
2001-10-19 00:00:00,23911.0,23619.849609375,291.150390625,291.150390625,84768.54996109009
2001-10-19 01:00:00,22889.0,22867.083984375,21.916015625,21.916015625,480.31174087524414
2001-10-19 02:00:00,22603.0,22477.84765625,125.15234375,125.15234375,15663.109146118164
2001-10-19 03:00:00,22647.0,22475.275390625,171.724609375,171.724609375,29489.341464996338
2001-10-19 04:00:00,23198.0,23126.396484375,71.603515625,71.603515625,5127.063449859619
2001-10-19 05:00:00,25107.0,25100.15234375,6.84765625,6.84765625,46.89039611816406
2001-10-19 06:00:00,29065.0,28793.873046875,271.126953125,271.126953125,73509.82471084595
2001-10-19 07:00:00,31338.0,31242.005859375,95.994140625,95.994140625,9214.875034332275
2001-10-19 08:00:00,31420.0,31352.576171875,67.423828125,67.423828125,4545.972599029541
2001-10-19 09:00:00,31212.0,31315.1953125,-103.1953125,103.1953125,10649.272521972656
2001-10-19 10:00:00,31200.0,31213.501953125,-13.501953125,13.501953125,182.30273818969727
2001-10-19 11:00:00,30895.0,31104.58984375,-209.58984375,209.58984375,43927.902603149414
2001-10-19 12:00:00,30356.0,30475.162109375,-119.162109375,119.162109375,14199.608310699463
2001-10-19 13:00:00,29979.0,30094.271484375,-115.271484375,115.271484375,13287.51511001587
2001-10-19 14:00:00,29614.0,29621.353515625,-7.353515625,7.353515625,54.07419204711914
2001-10-19 15:00:00,29137.0,29326.85546875,-189.85546875,189.85546875,36045.09901428223
2001-10-19 16:00:00,28835.0,29060.2578125,-225.2578125,225.2578125,50741.082092285156
2001-10-19 17:00:00,28651.0,28850.60546875,-199.60546875,199.60546875,39842.34315490723
2001-10-19 18:00:00,29988.0,29495.64453125,492.35546875,492.35546875,242413.90760803223
2001-10-19 19:00:00,30514.0,31416.3984375,-902.3984375,902.3984375,814322.9400024414
2001-10-19 20:00:00,29645.0,30210.68359375,-565.68359375,565.68359375,319997.92823791504
2001-10-19 21:00:00,28371.0,28430.154296875,-59.154296875,59.154296875,3499.2308387756348
2001-10-19 22:00:00,26469.0,26362.580078125,106.419921875,106.419921875,11325.199771881104
2001-10-19 23:00:00,24327.0,24280.17578125,46.82421875,46.82421875,2192.5074615478516
2001-10-20 00:00:00,22385.0,22571.482421875,-186.482421875,186.482421875,34775.69366836548
2001-10-20 01:00:00,21388.0,21346.724609375,41.275390625,41.275390625,1703.657871246338
2001-10-20 02:00:00,20872.0,20728.21484375,143.78515625,143.78515625,20674.171157836914
2001-10-20 03:00:00,20652.0,20537.208984375,114.791015625,114.791015625,13176.977268218994
2001-10-20 04:00:00,20747.0,20780.638671875,-33.638671875,33.638671875,1131.560245513916
2001-10-20 05:00:00,21293.0,21531.2109375,-238.2109375,238.2109375,56744.450744628906
2001-10-20 06:00:00,22627.0,22138.275390625,488.724609375,488.724609375,238851.74380874634
2001-10-20 07:00:00,23931.0,23966.0625,-35.0625,35.0625,1229.37890625
2001-10-20 08:00:00,25577.0,25505.732421875,71.267578125,71.267578125,5079.0676918029785
2001-10-20 09:00:00,26605.0,26912.7890625,-307.7890625,307.7890625,94734.1069946289
2001-10-20 10:00:00,26887.0,26912.82421875,-25.82421875,25.82421875,666.8902740478516
2001-10-20 11:00:00,26729.0,26823.1875,-94.1875,94.1875,8871.28515625
2001-10-20 12:00:00,26392.0,26189.0703125,202.9296875,202.9296875,41180.458068847656
2001-10-20 13:00:00,25830.0,25875.400390625,-45.400390625,45.400390625,2061.195468902588
2001-10-20 14:00:00,25287.0,25173.732421875,113.267578125,113.267578125,12829.544254302979
2001-10-20 15:00:00,24984.0,24866.52734375,117.47265625,117.47265625,13799.824966430664
2001-10-20 16:00:00,24937.0,25000.322265625,-63.322265625,63.322265625,4009.7093238830566
2001-10-20 17:00:00,25161.0,25486.03515625,-325.03515625,325.03515625,105647.85279846191
2001-10-20 18:00:00,26603.0,26417.66796875,185.33203125,185.33203125,34347.96180725098
2001-10-20 19:00:00,27604.0,27505.642578125,98.357421875,98.357421875,9674.182437896729
2001-10-20 20:00:00,26823.0,27114.869140625,-291.869140625,291.869140625,85187.59524917603
2001-10-20 21:00:00,25707.0,25966.310546875,-259.310546875,259.310546875,67241.95972061157
2001-10-20 22:00:00,24247.0,24304.59765625,-57.59765625,57.59765625,3317.490005493164
2001-10-20 23:00:00,22632.0,22592.072265625,39.927734375,39.927734375,1594.2239723205566
2001-10-21 00:00:00,21137.0,21026.228515625,110.771484375,110.771484375,12270.32175064087
2001-10-21 01:00:00,20035.0,20208.08984375,-173.08984375,173.08984375,29960.094009399414
2001-10-21 02:00:00,19423.0,19541.578125,-118.578125,118.578125,14060.771728515625
2001-10-21 03:00:00,19274.0,19017.17578125,256.82421875,256.82421875,65958.67933654785
2001-10-21 04:00:00,19121.0,19330.64453125,-209.64453125,209.64453125,43950.82948303223
2001-10-21 05:00:00,19618.0,19305.056640625,312.943359375,312.943359375,97933.5461769104
2001-10-21 06:00:00,20573.0,20359.677734375,213.322265625,213.322265625,45506.38901138306
2001-10-21 07:00:00,21453.0,21440.681640625,12.318359375,12.318359375,151.7419776916504
2001-10-21 08:00:00,22957.0,22996.1953125,-39.1953125,39.1953125,1536.2725219726562
2001-10-21 09:00:00,24008.0,24403.26171875,-395.26171875,395.26171875,156231.8263092041
2001-10-21 10:00:00,24348.0,24729.580078125,-381.580078125,381.580078125,145603.3560218811
2001-10-21 11:00:00,24622.0,24591.572265625,30.427734375,30.427734375,925.8470191955566
2001-10-21 12:00:00,24750.0,24751.634765625,-1.634765625,1.634765625,2.6724586486816406
2001-10-21 13:00:00,24631.0,24789.75,-158.75,158.75,25201.5625
2001-10-21 14:00:00,24449.0,24437.99609375,11.00390625,11.00390625,121.08595275878906
2001-10-21 15:00:00,24439.0,24215.013671875,223.986328125,223.986328125,50169.875186920166
2001-10-21 16:00:00,24909.0,24910.712890625,-1.712890625,1.712890625,2.9339942932128906
2001-10-21 17:00:00,25757.0,25995.001953125,-238.001953125,238.001953125,56644.9296913147
2001-10-21 18:00:00,27549.0,27063.154296875,485.845703125,485.845703125,236046.04724502563
2001-10-21 19:00:00,28977.0,28196.548828125,780.451171875,780.451171875,609104.0316810608
2001-10-21 20:00:00,28293.0,28323.810546875,-30.810546875,30.810546875,949.2897987365723
2001-10-21 21:00:00,26884.0,27140.8125,-256.8125,256.8125,65952.66015625
2001-10-21 22:00:00,24967.0,24970.990234375,-3.990234375,3.990234375,15.92197036743164
2001-10-21 23:00:00,22883.0,23044.328125,-161.328125,161.328125,26026.763916015625
2001-10-22 00:00:00,21427.0,21329.9765625,97.0234375,97.0234375,9413.547424316406
2001-10-22 01:00:00,20502.0,20551.009765625,-49.009765625,49.009765625,2401.9571266174316
2001-10-22 02:00:00,20116.0,20186.521484375,-70.521484375,70.521484375,4973.279758453369
2001-10-22 03:00:00,19974.0,20094.935546875,-120.935546875,120.935546875,14625.406497955322
2001-10-22 04:00:00,20632.0,20543.634765625,88.365234375,88.365234375,7808.414646148682
2001-10-22 05:00:00,22472.0,22467.025390625,4.974609375,4.974609375,24.74673843383789
2001-10-22 06:00:00,26347.0,26353.779296875,-6.779296875,6.779296875,45.958866119384766
2001-10-22 07:00:00,29009.0,29119.619140625,-110.619140625,110.619140625,12236.594272613525
2001-10-22 08:00:00,29660.0,29647.7109375,12.2890625,12.2890625,151.02105712890625
2001-10-22 09:00:00,30252.0,30082.3359375,169.6640625,169.6640625,28785.894104003906
2001-10-22 10:00:00,31169.0,30716.1875,452.8125,452.8125,205039.16015625
2001-10-22 11:00:00,31534.0,31401.298828125,132.701171875,132.701171875,17609.60101699829
2001-10-22 12:00:00,31734.0,31339.16015625,394.83984375,394.83984375,155898.5022125244
2001-10-22 13:00:00,32060.0,31710.3359375,349.6640625,349.6640625,122264.9566040039
2001-10-22 14:00:00,32007.0,31743.23828125,263.76171875,263.76171875,69570.2442779541
2001-10-22 15:00:00,31883.0,31829.55078125,53.44921875,53.44921875,2856.8189849853516
2001-10-22 16:00:00,31811.0,32082.75390625,-271.75390625,271.75390625,73850.18556213379
2001-10-22 17:00:00,31857.0,31998.880859375,-141.880859375,141.880859375,20130.178256988525
2001-10-22 18:00:00,32891.0,32042.28515625,848.71484375,848.71484375,720316.8860015869
2001-10-22 19:00:00,33334.0,33195.16015625,138.83984375,138.83984375,19276.502212524414
2001-10-22 20:00:00,32141.0,32476.5859375,-335.5859375,335.5859375,112617.9214477539
2001-10-22 21:00:00,30410.0,30242.267578125,167.732421875,167.732421875,28134.16534805298
2001-10-22 22:00:00,27341.0,27619.51953125,-278.51953125,278.51953125,77573.12928771973
2001-10-22 23:00:00,24708.0,24804.4375,-96.4375,96.4375,9300.19140625
2001-10-23 00:00:00,22820.0,22880.470703125,-60.470703125,60.470703125,3656.7059364318848
2001-10-23 01:00:00,21756.0,21885.1796875,-129.1796875,129.1796875,16687.391662597656
2001-10-23 02:00:00,21208.0,21319.74609375,-111.74609375,111.74609375,12487.189468383789
2001-10-23 03:00:00,20987.0,21044.9453125,-57.9453125,57.9453125,3357.6592407226562
2001-10-23 04:00:00,21394.0,21349.46875,44.53125,44.53125,1983.0322265625
2001-10-23 05:00:00,23232.0,23276.759765625,-44.759765625,44.759765625,2003.4366188049316
2001-10-23 06:00:00,27107.0,27048.53125,58.46875,58.46875,3418.5947265625
2001-10-23 07:00:00,29650.0,29768.037109375,-118.037109375,118.037109375,13932.759189605713
2001-10-23 08:00:00,30107.0,30246.80859375,-139.80859375,139.80859375,19546.44288635254
2001-10-23 09:00:00,30643.0,30490.333984375,152.666015625,152.666015625,23306.912326812744
2001-10-23 10:00:00,31191.0,31144.74609375,46.25390625,46.25390625,2139.423843383789
2001-10-23 11:00:00,31435.0,31510.267578125,-75.267578125,75.267578125,5665.2083168029785
2001-10-23 12:00:00,31564.0,31565.935546875,-1.935546875,1.935546875,3.7463417053222656
2001-10-23 13:00:00,31682.0,31725.72265625,-43.72265625,43.72265625,1911.670669555664
2001-10-23 14:00:00,31572.0,31685.4375,-113.4375,113.4375,12868.06640625
2001-10-23 15:00:00,31740.0,31438.671875,301.328125,301.328125,90798.63891601562
2001-10-23 16:00:00,31623.0,31994.31640625,-371.31640625,371.31640625,137875.87355041504
2001-10-23 17:00:00,31556.0,31778.509765625,-222.509765625,222.509765625,49510.59579849243
2001-10-23 18:00:00,32973.0,31828.0546875,1144.9453125,1144.9453125,1310899.7686157227
2001-10-23 19:00:00,33387.0,33284.94921875,102.05078125,102.05078125,10414.361953735352
2001-10-23 20:00:00,32444.0,32739.078125,-295.078125,295.078125,87071.09985351562
2001-10-23 21:00:00,30558.0,30376.99609375,181.00390625,181.00390625,32762.41407775879
2001-10-23 22:00:00,27604.0,27958.908203125,-354.908203125,354.908203125,125959.83264541626
2001-10-23 23:00:00,25145.0,25090.013671875,54.986328125,54.986328125,3023.496280670166
2001-10-24 00:00:00,23459.0,23230.76171875,228.23828125,228.23828125,52092.7130279541
2001-10-24 01:00:00,22258.0,22455.166015625,-197.166015625,197.166015625,38874.437717437744
2001-10-24 02:00:00,21762.0,21933.119140625,-171.119140625,171.119140625,29281.760288238525
2001-10-24 03:00:00,21522.0,21705.755859375,-183.755859375,183.755859375,33766.215854644775
2001-10-24 04:00:00,21851.0,21905.78515625,-54.78515625,54.78515625,3001.413345336914
2001-10-24 05:00:00,23831.0,23510.35546875,320.64453125,320.64453125,102812.91542053223
2001-10-24 06:00:00,27686.0,27649.1875,36.8125,36.8125,1355.16015625
2001-10-24 07:00:00,30267.0,30262.705078125,4.294921875,4.294921875,18.446353912353516
2001-10-24 08:00:00,30738.0,30947.1484375,-209.1484375,209.1484375,43743.068908691406
2001-10-24 09:00:00,31432.0,31069.498046875,362.501953125,362.501953125,131407.6660194397
2001-10-24 10:00:00,32379.0,31771.408203125,607.591796875,607.591796875,369167.79162979126
2001-10-24 11:00:00,32851.0,32729.60546875,121.39453125,121.39453125,14736.632217407227
2001-10-24 12:00:00,33179.0,32770.84375,408.15625,408.15625,166591.5244140625
2001-10-24 13:00:00,33667.0,33370.859375,296.140625,296.140625,87699.26977539062
2001-10-24 14:00:00,33943.0,34029.66015625,-86.66015625,86.66015625,7509.982681274414
2001-10-24 15:00:00,33888.0,34154.48046875,-266.48046875,266.48046875,71011.84022521973
2001-10-24 16:00:00,33805.0,33830.7109375,-25.7109375,25.7109375,661.0523071289062
2001-10-24 17:00:00,33351.0,33490.359375,-139.359375,139.359375,19421.035400390625
2001-10-24 18:00:00,34403.0,33023.87890625,1379.12109375,1379.12109375,1901974.9912261963
2001-10-24 19:00:00,34789.0,34168.0546875,620.9453125,620.9453125,385573.08111572266
2001-10-24 20:00:00,33626.0,34129.1015625,-503.1015625,503.1015625,253111.1821899414
2001-10-24 21:00:00,31734.0,31877.86328125,-143.86328125,143.86328125,20696.6436920166
2001-10-24 22:00:00,28837.0,28957.71875,-120.71875,120.71875,14573.0166015625
2001-10-24 23:00:00,25994.0,26324.662109375,-330.662109375,330.662109375,109337.43057632446
2001-10-25 00:00:00,24002.0,24177.853515625,-175.853515625,175.853515625,30924.45895767212
2001-10-25 01:00:00,22907.0,22942.775390625,-35.775390625,35.775390625,1279.878574371338
2001-10-25 02:00:00,22211.0,22301.5859375,-90.5859375,90.5859375,8205.812072753906
2001-10-25 03:00:00,21915.0,22009.908203125,-94.908203125,94.908203125,9007.56702041626
2001-10-25 04:00:00,22360.0,22112.724609375,247.275390625,247.275390625,61145.11880874634
2001-10-25 05:00:00,24291.0,24085.716796875,205.283203125,205.283203125,42141.19348526001
2001-10-25 06:00:00,28380.0,28052.26953125,327.73046875,327.73046875,107407.26014709473
2001-10-25 07:00:00,30806.0,30706.52734375,99.47265625,99.47265625,9894.809341430664
2001-10-25 08:00:00,31372.0,32020.66796875,-648.66796875,648.66796875,420770.133682251
2001-10-25 09:00:00,32198.0,31812.279296875,385.720703125,385.720703125,148780.46081924438
2001-10-25 10:00:00,33025.0,32713.130859375,311.869140625,311.869140625,97262.36087417603
2001-10-25 11:00:00,32992.0,33500.765625,-508.765625,508.765625,258842.46118164062
2001-10-25 12:00:00,32370.0,32769.765625,-399.765625,399.765625,159812.55493164062
2001-10-25 13:00:00,32286.0,32245.1171875,40.8828125,40.8828125,1671.4043579101562
2001-10-25 14:00:00,31800.0,32047.14453125,-247.14453125,247.14453125,61080.41932678223
2001-10-25 15:00:00,31396.0,31468.091796875,-72.091796875,72.091796875,5197.22717666626
2001-10-25 16:00:00,31053.0,31326.275390625,-273.275390625,273.275390625,74679.43912124634
2001-10-25 17:00:00,30720.0,31029.625,-309.625,309.625,95867.640625
2001-10-25 18:00:00,31731.0,30856.943359375,874.056640625,874.056640625,763975.0110206604
2001-10-25 19:00:00,32365.0,32942.9453125,-577.9453125,577.9453125,334020.78424072266
2001-10-25 20:00:00,31138.0,32162.09375,-1024.09375,1024.09375,1048768.0087890625
2001-10-25 21:00:00,29491.0,29554.064453125,-63.064453125,63.064453125,3977.1252479553223
2001-10-25 22:00:00,26839.0,27209.140625,-370.140625,370.140625,137004.08227539062
2001-10-25 23:00:00,24379.0,24487.12109375,-108.12109375,108.12109375,11690.170913696289
2001-10-26 00:00:00,22512.0,22566.77734375,-54.77734375,54.77734375,3000.557388305664
2001-10-26 01:00:00,21506.0,21481.03125,24.96875,24.96875,623.4384765625
2001-10-26 02:00:00,20923.0,21054.103515625,-131.103515625,131.103515625,17188.13180923462
2001-10-26 03:00:00,20868.0,20725.00390625,142.99609375,142.99609375,20447.88282775879
2001-10-26 04:00:00,21348.0,21379.849609375,-31.849609375,31.849609375,1014.3976173400879
2001-10-26 05:00:00,23000.0,23236.375,-236.375,236.375,55873.140625
2001-10-26 06:00:00,26845.0,26767.626953125,77.373046875,77.373046875,5986.588382720947
2001-10-26 07:00:00,29597.0,29202.72265625,394.27734375,394.27734375,155454.62379455566
2001-10-26 08:00:00,30123.0,30114.703125,8.296875,8.296875,68.838134765625
2001-10-26 09:00:00,30356.0,30583.19140625,-227.19140625,227.19140625,51615.93507385254
2001-10-26 10:00:00,30670.0,30691.830078125,-21.830078125,21.830078125,476.5523109436035
2001-10-26 11:00:00,30286.0,30731.1953125,-445.1953125,445.1953125,198198.86627197266
2001-10-26 12:00:00,29882.0,30071.91015625,-189.91015625,189.91015625,36065.867446899414
2001-10-26 13:00:00,29708.0,29876.994140625,-168.994140625,168.994140625,28559.019565582275
2001-10-26 14:00:00,29469.0,29575.00390625,-106.00390625,106.00390625,11236.828140258789
2001-10-26 15:00:00,29037.0,29174.365234375,-137.365234375,137.365234375,18869.20761489868
2001-10-26 16:00:00,28859.0,28925.361328125,-66.361328125,66.361328125,4403.825870513916
2001-10-26 17:00:00,29337.0,28923.126953125,413.873046875,413.873046875,171290.89892959595
2001-10-26 18:00:00,30858.0,29998.091796875,859.908203125,859.908203125,739442.1178016663
2001-10-26 19:00:00,31204.0,31124.025390625,79.974609375,79.974609375,6395.938144683838
2001-10-26 20:00:00,30324.0,30195.5625,128.4375,128.4375,16496.19140625
2001-10-26 21:00:00,29235.0,28809.3046875,425.6953125,425.6953125,181216.49908447266
2001-10-26 22:00:00,27402.0,26908.732421875,493.267578125,493.267578125,243312.90362930298
2001-10-26 23:00:00,25469.0,24912.994140625,556.005859375,556.005859375,309142.5156593323
2001-10-27 00:00:00,23470.0,23283.193359375,186.806640625,186.806640625,34896.7209815979
2001-10-27 01:00:00,22519.0,22188.5546875,330.4453125,330.4453125,109194.10455322266
2001-10-27 02:00:00,21854.0,21787.232421875,66.767578125,66.767578125,4457.9094886779785
2001-10-27 03:00:00,21670.0,21420.30859375,249.69140625,249.69140625,62345.79835510254
2001-10-27 04:00:00,21638.0,21702.724609375,-64.724609375,64.724609375,4189.275058746338
2001-10-27 05:00:00,22243.0,22177.015625,65.984375,65.984375,4353.937744140625
2001-10-27 06:00:00,23558.0,23627.1953125,-69.1953125,69.1953125,4787.991271972656
2001-10-27 07:00:00,24919.0,24910.072265625,8.927734375,8.927734375,79.70444107055664
2001-10-27 08:00:00,26468.0,26806.609375,-338.609375,338.609375,114656.30883789062
2001-10-27 09:00:00,27531.0,27651.140625,-120.140625,120.140625,14433.769775390625
2001-10-27 10:00:00,27910.0,28146.71484375,-236.71484375,236.71484375,56033.917251586914
2001-10-27 11:00:00,27625.0,27700.267578125,-75.267578125,75.267578125,5665.2083168029785
2001-10-27 12:00:00,26992.0,27196.669921875,-204.669921875,204.669921875,41889.7769203186
2001-10-27 13:00:00,26589.0,26492.537109375,96.462890625,96.462890625,9305.089267730713
2001-10-27 14:00:00,26154.0,26232.791015625,-78.791015625,78.791015625,6208.024143218994
2001-10-27 15:00:00,26158.0,25739.826171875,418.173828125,418.173828125,174869.35052871704
2001-10-27 16:00:00,26475.0,26291.794921875,183.205078125,183.205078125,33564.10065078735
2001-10-27 17:00:00,27260.0,26858.154296875,401.845703125,401.845703125,161479.96912002563
2001-10-27 18:00:00,28837.0,28270.90625,566.09375,566.09375,320462.1337890625
2001-10-27 19:00:00,29082.0,29220.95703125,-138.95703125,138.95703125,19309.056533813477
2001-10-27 20:00:00,28336.0,28523.166015625,-187.166015625,187.166015625,35031.117404937744
2001-10-27 21:00:00,27445.0,27519.130859375,-74.130859375,74.130859375,5495.384311676025
2001-10-27 22:00:00,26214.0,25844.7578125,369.2421875,369.2421875,136339.79302978516
2001-10-27 23:00:00,24708.0,24453.126953125,254.873046875,254.873046875,64960.27002334595
2001-10-28 00:00:00,23017.0,22935.251953125,81.748046875,81.748046875,6682.743167877197
2001-10-28 01:00:00,22176.5,21949.18359375,227.31640625,227.31640625,51672.74855041504
2001-10-28 02:00:00,21336.0,21689.876953125,-353.876953125,353.876953125,125228.89795303345
2001-10-28 03:00:00,21265.0,20829.1640625,435.8359375,435.8359375,189952.9644165039
2001-10-28 04:00:00,21519.0,21259.19921875,259.80078125,259.80078125,67496.44593811035
2001-10-28 05:00:00,22169.0,22104.185546875,64.814453125,64.814453125,4200.913333892822
2001-10-28 06:00:00,23124.0,23476.716796875,-352.716796875,352.716796875,124409.13879776001
2001-10-28 07:00:00,24510.0,24206.37109375,303.62890625,303.62890625,92190.51271057129
2001-10-28 08:00:00,25849.0,26078.447265625,-229.447265625,229.447265625,52646.04770278931
2001-10-28 09:00:00,26447.0,26889.93359375,-442.93359375,442.93359375,196190.16847229004
2001-10-28 10:00:00,26446.0,26725.810546875,-279.810546875,279.810546875,78293.94214248657
2001-10-28 11:00:00,26084.0,26170.451171875,-86.451171875,86.451171875,7473.805118560791
2001-10-28 12:00:00,25652.0,25774.103515625,-122.103515625,122.103515625,14909.26852798462
2001-10-28 13:00:00,25211.0,25267.53125,-56.53125,56.53125,3195.7822265625
2001-10-28 14:00:00,24883.0,24932.306640625,-49.306640625,49.306640625,2431.1448097229004
2001-10-28 15:00:00,24912.0,24540.54296875,371.45703125,371.45703125,137980.32606506348
2001-10-28 16:00:00,25864.0,25733.23046875,130.76953125,130.76953125,17100.670303344727
2001-10-28 17:00:00,28754.0,27081.72265625,1672.27734375,1672.27734375,2796511.5144195557
2001-10-28 18:00:00,30121.0,29580.32421875,540.67578125,540.67578125,292330.30043029785
2001-10-28 19:00:00,29601.0,30059.943359375,-458.943359375,458.943359375,210629.0071144104
2001-10-28 20:00:00,29127.0,29024.263671875,102.736328125,102.736328125,10554.753116607666
2001-10-28 21:00:00,27800.0,28133.462890625,-333.462890625,333.462890625,111197.49942398071
2001-10-28 22:00:00,26017.0,26134.35546875,-117.35546875,117.35546875,13772.306045532227
2001-10-28 23:00:00,24427.0,24167.318359375,259.681640625,259.681640625,67434.55447769165
2001-10-29 00:00:00,23503.0,22905.068359375,597.931640625,597.931640625,357522.24686050415
2001-10-29 01:00:00,23024.0,22673.88671875,350.11328125,350.11328125,122579.3097076416
2001-10-29 02:00:00,22998.0,22603.4921875,394.5078125,394.5078125,155636.41412353516
2001-10-29 03:00:00,23275.0,22872.09375,402.90625,402.90625,162333.4462890625
2001-10-29 04:00:00,24193.0,24179.650390625,13.349609375,13.349609375,178.2120704650879
2001-10-29 05:00:00,26443.0,26346.240234375,96.759765625,96.759765625,9362.452243804932
2001-10-29 06:00:00,30517.0,30253.03515625,263.96484375,263.96484375,69677.43873596191
2001-10-29 07:00:00,32120.0,32526.12890625,-406.12890625,406.12890625,164940.6884918213
2001-10-29 08:00:00,32079.0,32415.63671875,-336.63671875,336.63671875,113324.2804107666
2001-10-29 09:00:00,31784.0,31970.41796875,-186.41796875,186.41796875,34751.65907287598
2001-10-29 10:00:00,31511.0,31641.509765625,-130.509765625,130.509765625,17032.79892349243
2001-10-29 11:00:00,31124.0,31195.18359375,-71.18359375,71.18359375,5067.104019165039
2001-10-29 12:00:00,30619.0,30697.013671875,-78.013671875,78.013671875,6086.132999420166
2001-10-29 13:00:00,30411.0,30369.095703125,41.904296875,41.904296875,1755.9700965881348
2001-10-29 14:00:00,30094.0,30188.669921875,-94.669921875,94.669921875,8962.394107818604
2001-10-29 15:00:00,29783.0,30031.15625,-248.15625,248.15625,61581.5244140625
2001-10-29 16:00:00,30324.0,30023.845703125,300.154296875,300.154296875,90092.60193252563
2001-10-29 17:00:00,32912.0,32254.865234375,657.134765625,657.134765625,431826.1001930237
2001-10-29 18:00:00,33678.0,34033.05859375,-355.05859375,355.05859375,126066.60499572754
2001-10-29 19:00:00,32902.0,33423.97265625,-521.97265625,521.97265625,272455.45387268066
2001-10-29 20:00:00,31774.0,31972.32421875,-198.32421875,198.32421875,39332.49574279785
2001-10-29 21:00:00,29948.0,30058.724609375,-110.724609375,110.724609375,12259.939121246338
2001-10-29 22:00:00,27264.0,27353.703125,-89.703125,89.703125,8046.650634765625
2001-10-29 23:00:00,24921.0,25072.6640625,-151.6640625,151.6640625,23001.987854003906
2001-10-30 00:00:00,23229.0,23258.83984375,-29.83984375,29.83984375,890.4162750244141
2001-10-30 01:00:00,22494.0,22239.3359375,254.6640625,254.6640625,64853.784729003906
2001-10-30 02:00:00,22290.0,22106.849609375,183.150390625,183.150390625,33544.06558609009
2001-10-30 03:00:00,22214.0,22312.1875,-98.1875,98.1875,9640.78515625
2001-10-30 04:00:00,22868.0,22850.611328125,17.388671875,17.388671875,302.365909576416
2001-10-30 05:00:00,24977.0,25078.435546875,-101.435546875,101.435546875,10289.170169830322
2001-10-30 06:00:00,28675.0,29188.537109375,-513.537109375,513.537109375,263720.3627052307
2001-10-30 07:00:00,30656.0,30841.1328125,-185.1328125,185.1328125,34274.158264160156
2001-10-30 08:00:00,30619.0,30879.9296875,-260.9296875,260.9296875,68084.30181884766
2001-10-30 09:00:00,30608.0,30478.927734375,129.072265625,129.072265625,16659.649753570557
2001-10-30 10:00:00,30666.0,30684.390625,-18.390625,18.390625,338.215087890625
2001-10-30 11:00:00,30728.0,30526.556640625,201.443359375,201.443359375,40579.4270362854
2001-10-30 12:00:00,30258.0,30396.689453125,-138.689453125,138.689453125,19234.764408111572
2001-10-30 13:00:00,30145.0,30079.61328125,65.38671875,65.38671875,4275.422988891602
2001-10-30 14:00:00,29864.0,29907.390625,-43.390625,43.390625,1882.746337890625
2001-10-30 15:00:00,29590.0,29622.046875,-32.046875,32.046875,1027.002197265625
2001-10-30 16:00:00,30010.0,29888.326171875,121.673828125,121.673828125,14804.520450592041
2001-10-30 17:00:00,32565.0,31323.73046875,1241.26953125,1241.26953125,1540750.0492095947
2001-10-30 18:00:00,33175.0,32787.47265625,387.52734375,387.52734375,150177.44215393066
2001-10-30 19:00:00,32435.0,32661.494140625,-226.494140625,226.494140625,51299.595737457275
2001-10-30 20:00:00,31523.0,31515.423828125,7.576171875,7.576171875,57.398380279541016
2001-10-30 21:00:00,29764.0,29974.728515625,-210.728515625,210.728515625,44406.50729751587
2001-10-30 22:00:00,27259.0,27239.95703125,19.04296875,19.04296875,362.63465881347656
2001-10-30 23:00:00,25035.0,24818.46484375,216.53515625,216.53515625,46887.473892211914
2001-10-31 00:00:00,23350.0,23249.49609375,100.50390625,100.50390625,10101.035171508789
2001-10-31 01:00:00,22610.0,22454.794921875,155.205078125,155.205078125,24088.616275787354
2001-10-31 02:00:00,22345.0,22264.439453125,80.560546875,80.560546875,6490.001712799072
2001-10-31 03:00:00,22379.0,22219.54296875,159.45703125,159.45703125,25426.544815063477
2001-10-31 04:00:00,23050.0,22986.09375,63.90625,63.90625,4084.0087890625
2001-10-31 05:00:00,25278.0,25156.318359375,121.681640625,121.681640625,14806.42166519165
2001-10-31 06:00:00,29107.0,28903.158203125,203.841796875,203.841796875,41551.47815322876
2001-10-31 07:00:00,31171.0,30964.70703125,206.29296875,206.29296875,42556.78895568848
2001-10-31 08:00:00,31338.0,31281.408203125,56.591796875,56.591796875,3202.6314735412598
2001-10-31 09:00:00,31242.0,31302.34765625,-60.34765625,60.34765625,3641.839614868164
2001-10-31 10:00:00,31453.0,31247.873046875,205.126953125,205.126953125,42077.06689834595
2001-10-31 11:00:00,31205.0,31372.30859375,-167.30859375,167.30859375,27992.16554260254
2001-10-31 12:00:00,30928.0,30876.568359375,51.431640625,51.431640625,2645.2136573791504
2001-10-31 13:00:00,30614.0,30722.55859375,-108.55859375,108.55859375,11784.968276977539
2001-10-31 14:00:00,29906.0,30268.669921875,-362.669921875,362.669921875,131529.4722328186
2001-10-31 15:00:00,29813.0,29695.7578125,117.2421875,117.2421875,13745.730529785156
2001-10-31 16:00:00,30320.0,30352.841796875,-32.841796875,32.841796875,1078.5836219787598
2001-10-31 17:00:00,32387.0,31604.08203125,782.91796875,782.91796875,612960.545791626
2001-10-31 18:00:00,32095.0,32631.28125,-536.28125,536.28125,287597.5791015625
2001-10-31 19:00:00,31083.0,31549.677734375,-466.677734375,466.677734375,217788.10776138306
2001-10-31 20:00:00,30575.0,30227.59765625,347.40234375,347.40234375,120688.38844299316
2001-10-31 21:00:00,29333.0,29276.263671875,56.736328125,56.736328125,3219.010929107666
2001-10-31 22:00:00,26808.0,26946.921875,-138.921875,138.921875,19299.287353515625
2001-10-31 23:00:00,24262.0,24527.443359375,-265.443359375,265.443359375,70460.1770362854
2001-11-01 00:00:00,22595.0,22618.435546875,-23.435546875,23.435546875,549.2248573303223
2001-11-01 01:00:00,21778.0,21824.833984375,-46.833984375,46.833984375,2193.422092437744
2001-11-01 02:00:00,21498.0,21493.953125,4.046875,4.046875,16.377197265625
2001-11-01 03:00:00,21547.0,21434.111328125,112.888671875,112.888671875,12743.852237701416
2001-11-01 04:00:00,22187.0,22179.109375,7.890625,7.890625,62.261962890625
2001-11-01 05:00:00,24296.0,24518.017578125,-222.017578125,222.017578125,49291.80499649048
2001-11-01 06:00:00,27937.0,28066.68359375,-129.68359375,129.68359375,16817.83448791504
2001-11-01 07:00:00,29680.0,30007.462890625,-327.462890625,327.462890625,107231.94473648071
2001-11-01 08:00:00,30091.0,30026.59375,64.40625,64.40625,4148.1650390625
2001-11-01 09:00:00,30233.0,30420.826171875,-187.826171875,187.826171875,35278.67084121704
2001-11-01 10:00:00,30505.0,30358.474609375,146.525390625,146.525390625,21469.690097808838
2001-11-01 11:00:00,30507.0,30551.328125,-44.328125,44.328125,1964.982666015625
2001-11-01 12:00:00,30479.0,30277.181640625,201.818359375,201.818359375,40730.65018081665
2001-11-01 13:00:00,30548.0,30312.078125,235.921875,235.921875,55659.131103515625
2001-11-01 14:00:00,30242.0,30212.158203125,29.841796875,29.841796875,890.5328407287598
2001-11-01 15:00:00,29924.0,30036.099609375,-112.099609375,112.099609375,12566.322422027588
2001-11-01 16:00:00,30439.0,30585.75390625,-146.75390625,146.75390625,21536.70899963379
2001-11-01 17:00:00,32783.0,32158.337890625,624.662109375,624.662109375,390202.75088882446
2001-11-01 18:00:00,33080.0,32731.099609375,348.900390625,348.900390625,121731.48257827759
2001-11-01 19:00:00,32485.0,32375.84375,109.15625,109.15625,11915.0869140625
2001-11-01 20:00:00,31420.0,31548.634765625,-128.634765625,128.634765625,16546.90292739868
2001-11-01 21:00:00,29491.0,29815.853515625,-324.853515625,324.853515625,105529.80661392212
2001-11-01 22:00:00,26810.0,27200.05078125,-390.05078125,390.05078125,152139.61195373535
2001-11-01 23:00:00,24560.0,24315.01171875,244.98828125,244.98828125,60019.2579498291
2001-11-02 00:00:00,22628.0,22858.373046875,-230.373046875,230.373046875,53071.74072647095
2001-11-02 01:00:00,21610.0,21813.8046875,-203.8046875,203.8046875,41536.350646972656
2001-11-02 02:00:00,21184.0,21249.435546875,-65.435546875,65.435546875,4281.810794830322
2001-11-02 03:00:00,21099.0,21136.884765625,-37.884765625,37.884765625,1435.2554664611816
2001-11-02 04:00:00,21613.0,21495.767578125,117.232421875,117.232421875,13743.440738677979
2001-11-02 05:00:00,23525.0,23356.2109375,168.7890625,168.7890625,28489.747619628906
2001-11-02 06:00:00,27190.0,27269.57421875,-79.57421875,79.57421875,6332.056289672852
2001-11-02 07:00:00,29179.0,29426.90234375,-247.90234375,247.90234375,61455.572036743164
2001-11-02 08:00:00,30111.0,30192.85546875,-81.85546875,81.85546875,6700.317764282227
2001-11-02 09:00:00,30505.0,30452.46875,52.53125,52.53125,2759.5322265625
2001-11-02 10:00:00,30991.0,30770.966796875,220.033203125,220.033203125,48414.61047744751
2001-11-02 11:00:00,31400.0,30985.12109375,414.87890625,414.87890625,172124.5068511963
2001-11-02 12:00:00,31171.0,31368.75,-197.75,197.75,39105.0625
2001-11-02 13:00:00,31033.0,31138.498046875,-105.498046875,105.498046875,11129.837894439697
2001-11-02 14:00:00,30966.0,30688.71875,277.28125,277.28125,76884.8916015625
2001-11-02 15:00:00,30503.0,30880.01171875,-377.01171875,377.01171875,142137.8360748291
2001-11-02 16:00:00,30604.0,31058.060546875,-454.060546875,454.060546875,206170.98022842407
2001-11-02 17:00:00,32521.0,31890.826171875,630.173828125,630.173828125,397119.05365371704
2001-11-02 18:00:00,32385.0,33086.42578125,-701.42578125,701.42578125,491998.12660217285
2001-11-02 19:00:00,31103.0,31909.09765625,-806.09765625,806.09765625,649793.4314117432
2001-11-02 20:00:00,29704.0,29825.330078125,-121.330078125,121.330078125,14720.987857818604
2001-11-02 21:00:00,27949.0,28585.794921875,-636.794921875,636.794921875,405507.77252578735
2001-11-02 22:00:00,25987.0,25985.763671875,1.236328125,1.236328125,1.5285072326660156
2001-11-02 23:00:00,23983.0,24047.064453125,-64.064453125,64.064453125,4104.254154205322
2001-11-03 00:00:00,22243.0,22282.1484375,-39.1484375,39.1484375,1532.6001586914062
2001-11-03 01:00:00,21250.0,21193.689453125,56.310546875,56.310546875,3170.8776893615723
2001-11-03 02:00:00,20584.0,20705.234375,-121.234375,121.234375,14697.773681640625
2001-11-03 03:00:00,20133.0,20292.248046875,-159.248046875,159.248046875,25359.940433502197
2001-11-03 04:00:00,20066.0,20176.119140625,-110.119140625,110.119140625,12126.225131988525
2001-11-03 05:00:00,20809.0,20744.0234375,64.9765625,64.9765625,4221.953674316406
2001-11-03 06:00:00,21883.0,22008.21875,-125.21875,125.21875,15679.7353515625
2001-11-03 07:00:00,23177.0,23170.63671875,6.36328125,6.36328125,40.49134826660156
2001-11-03 08:00:00,25404.0,25156.482421875,247.517578125,247.517578125,61264.95148086548
2001-11-03 09:00:00,26893.0,26463.8671875,429.1328125,429.1328125,184154.97076416016
2001-11-03 10:00:00,27377.0,27349.724609375,27.275390625,27.275390625,743.9469337463379
2001-11-03 11:00:00,27355.0,27389.11328125,-34.11328125,34.11328125,1163.7159576416016
2001-11-03 12:00:00,26887.0,27120.833984375,-233.833984375,233.833984375,54678.332248687744
2001-11-03 13:00:00,26140.0,26549.330078125,-409.330078125,409.330078125,167551.1128578186
2001-11-03 14:00:00,25587.0,25652.482421875,-65.482421875,65.482421875,4287.9475746154785
2001-11-03 15:00:00,25295.0,25642.25,-347.25,347.25,120582.5625
2001-11-03 16:00:00,25642.0,26284.6796875,-642.6796875,642.6796875,413037.18072509766
2001-11-03 17:00:00,28077.0,27982.0390625,94.9609375,94.9609375,9017.579650878906
2001-11-03 18:00:00,28503.0,28594.439453125,-91.439453125,91.439453125,8361.173587799072
2001-11-03 19:00:00,27694.0,27834.634765625,-140.634765625,140.634765625,19778.13730239868
2001-11-03 20:00:00,26823.0,27062.041015625,-239.041015625,239.041015625,57140.607151031494
2001-11-03 21:00:00,25745.0,25806.232421875,-61.232421875,61.232421875,3749.4094886779785
2001-11-03 22:00:00,24276.0,24345.978515625,-69.978515625,69.978515625,4896.992649078369
2001-11-03 23:00:00,22344.0,22731.5078125,-387.5078125,387.5078125,150162.30474853516
2001-11-04 00:00:00,20901.0,20939.19921875,-38.19921875,38.19921875,1459.1803131103516
2001-11-04 01:00:00,19895.0,19917.646484375,-22.646484375,22.646484375,512.8632545471191
2001-11-04 02:00:00,19543.0,19448.130859375,94.869140625,94.869140625,9000.153842926025
2001-11-04 03:00:00,19204.0,19314.28125,-110.28125,110.28125,12161.9541015625
2001-11-04 04:00:00,19544.0,19367.7734375,176.2265625,176.2265625,31055.801330566406
2001-11-04 05:00:00,19922.0,19912.873046875,9.126953125,9.126953125,83.30127334594727
2001-11-04 06:00:00,20600.0,20758.458984375,-158.458984375,158.458984375,25109.249729156494
2001-11-04 07:00:00,21780.0,21383.818359375,396.181640625,396.181640625,156959.89236831665
2001-11-04 08:00:00,23312.0,23337.751953125,-25.751953125,25.751953125,663.1630897521973
2001-11-04 09:00:00,24319.0,24401.935546875,-82.935546875,82.935546875,6878.304935455322
2001-11-04 10:00:00,24622.0,24943.416015625,-321.416015625,321.416015625,103308.25510025024
2001-11-04 11:00:00,24734.0,24988.826171875,-254.826171875,254.826171875,64936.37787246704
2001-11-04 12:00:00,24722.0,24836.533203125,-114.533203125,114.533203125,13117.85461807251
2001-11-04 13:00:00,24427.0,24591.546875,-164.546875,164.546875,27075.674072265625
2001-11-04 14:00:00,24207.0,23992.787109375,214.212890625,214.212890625,45887.16250991821
2001-11-04 15:00:00,24197.0,24030.869140625,166.130859375,166.130859375,27599.462436676025
2001-11-04 16:00:00,25158.0,25511.625,-353.625,353.625,125050.640625
2001-11-04 17:00:00,28225.0,27935.828125,289.171875,289.171875,83620.37329101562
2001-11-04 18:00:00,28886.0,28650.859375,235.140625,235.140625,55291.113525390625
2001-11-04 19:00:00,28312.0,28371.7265625,-59.7265625,59.7265625,3567.2622680664062
2001-11-04 20:00:00,27516.0,27654.28515625,-138.28515625,138.28515625,19122.784439086914
2001-11-04 21:00:00,26247.0,26275.701171875,-28.701171875,28.701171875,823.757266998291
2001-11-04 22:00:00,24392.0,24594.486328125,-202.486328125,202.486328125,41000.713077545166
2001-11-04 23:00:00,22716.0,22602.3671875,113.6328125,113.6328125,12912.416076660156
2001-11-05 00:00:00,21426.0,21283.01953125,142.98046875,142.98046875,20443.414443969727
2001-11-05 01:00:00,20367.0,20714.0234375,-347.0234375,347.0234375,120425.2661743164
2001-11-05 02:00:00,20412.0,20147.359375,264.640625,264.640625,70034.66040039062
2001-11-05 03:00:00,20384.0,20506.185546875,-122.185546875,122.185546875,14929.307865142822
2001-11-05 04:00:00,21213.0,21188.689453125,24.310546875,24.310546875,591.0026893615723
2001-11-05 05:00:00,23463.0,23440.953125,22.046875,22.046875,486.064697265625
2001-11-05 06:00:00,27234.0,27102.751953125,131.248046875,131.248046875,17226.049808502197
2001-11-05 07:00:00,29381.0,29547.845703125,-166.845703125,166.845703125,27837.488651275635
2001-11-05 08:00:00,30099.0,29934.45703125,164.54296875,164.54296875,27074.388565063477
2001-11-05 09:00:00,30501.0,30652.970703125,-151.970703125,151.970703125,23095.094608306885
2001-11-05 10:00:00,30874.0,30781.267578125,92.732421875,92.732421875,8599.302066802979
2001-11-05 11:00:00,30789.0,30813.845703125,-24.845703125,24.845703125,617.3089637756348
2001-11-05 12:00:00,30536.0,30557.322265625,-21.322265625,21.322265625,454.63901138305664
2001-11-05 13:00:00,30456.0,30301.94140625,154.05859375,154.05859375,23734.05030822754
2001-11-05 14:00:00,30121.0,30111.306640625,9.693359375,9.693359375,93.96121597290039
2001-11-05 15:00:00,30049.0,29976.689453125,72.310546875,72.310546875,5228.815189361572
2001-11-05 16:00:00,30981.0,30801.86328125,179.13671875,179.13671875,32089.9640045166
2001-11-05 17:00:00,33590.0,32792.6171875,797.3828125,797.3828125,635819.3496704102
2001-11-05 18:00:00,34003.0,33463.37109375,539.62890625,539.62890625,291199.3564605713
2001-11-05 19:00:00,33139.0,33033.4453125,105.5546875,105.5546875,11141.792053222656
2001-11-05 20:00:00,32097.0,32168.384765625,-71.384765625,71.384765625,5095.784763336182
2001-11-05 21:00:00,30317.0,30181.0859375,135.9140625,135.9140625,18472.632385253906
2001-11-05 22:00:00,27679.0,27787.595703125,-108.595703125,108.595703125,11793.026737213135
2001-11-05 23:00:00,25216.0,25373.673828125,-157.673828125,157.673828125,24861.03607559204
2001-11-06 00:00:00,23570.0,23665.439453125,-95.439453125,95.439453125,9108.689212799072
2001-11-06 01:00:00,22845.0,22674.06640625,170.93359375,170.93359375,29218.29347229004
2001-11-06 02:00:00,22409.0,22460.5234375,-51.5234375,51.5234375,2654.6646118164062
2001-11-06 03:00:00,22402.0,22419.62890625,-17.62890625,17.62890625,310.77833557128906
2001-11-06 04:00:00,23101.0,22917.48828125,183.51171875,183.51171875,33676.5509185791
2001-11-06 05:00:00,25247.0,25125.744140625,121.255859375,121.255859375,14702.983432769775
2001-11-06 06:00:00,29037.0,28793.4140625,243.5859375,243.5859375,59334.108947753906
2001-11-06 07:00:00,30658.0,31305.7890625,-647.7890625,647.7890625,419630.6694946289
2001-11-06 08:00:00,30784.0,30987.76953125,-203.76953125,203.76953125,41522.02186584473
2001-11-06 09:00:00,30722.0,30866.00390625,-144.00390625,144.00390625,20737.12501525879
2001-11-06 10:00:00,30633.0,30731.357421875,-98.357421875,98.357421875,9674.182437896729
2001-11-06 11:00:00,30301.0,30485.8984375,-184.8984375,184.8984375,34187.432189941406
2001-11-06 12:00:00,29904.0,30028.193359375,-124.193359375,124.193359375,15423.9905128479
2001-11-06 13:00:00,29798.0,29841.060546875,-43.060546875,43.060546875,1854.2106971740723
2001-11-06 14:00:00,29438.0,29579.328125,-141.328125,141.328125,19973.638916015625
2001-11-06 15:00:00,29227.0,29394.271484375,-167.271484375,167.271484375,27979.74948501587
2001-11-06 16:00:00,29927.0,30364.01171875,-437.01171875,437.01171875,190979.2423248291
2001-11-06 17:00:00,32887.0,32782.79296875,104.20703125,104.20703125,10859.105361938477
2001-11-06 18:00:00,33269.0,33301.7421875,-32.7421875,32.7421875,1072.0508422851562
2001-11-06 19:00:00,32625.0,32582.853515625,42.146484375,42.146484375,1776.3261451721191
2001-11-06 20:00:00,31798.0,31869.810546875,-71.810546875,71.810546875,5156.754642486572
2001-11-06 21:00:00,30357.0,29955.685546875,401.314453125,401.314453125,161053.29028701782
2001-11-06 22:00:00,27341.0,27872.966796875,-531.966796875,531.966796875,282988.6729774475
2001-11-06 23:00:00,25096.0,24855.646484375,240.353515625,240.353515625,57769.81247329712
2001-11-07 00:00:00,23316.0,23538.279296875,-222.279296875,222.279296875,49408.085819244385
2001-11-07 01:00:00,22373.0,22716.49609375,-343.49609375,343.49609375,117989.56642150879
2001-11-07 02:00:00,22009.0,22207.427734375,-198.427734375,198.427734375,39373.56576919556
2001-11-07 03:00:00,21953.0,22086.125,-133.125,133.125,17722.265625
2001-11-07 04:00:00,22693.0,22646.021484375,46.978515625,46.978515625,2206.980930328369
2001-11-07 05:00:00,24619.0,24784.927734375,-165.927734375,165.927734375,27532.013034820557
2001-11-07 06:00:00,28253.0,28281.044921875,-28.044921875,28.044921875,786.5176429748535
2001-11-07 07:00:00,29856.0,30400.337890625,-544.337890625,544.337890625,296303.73917007446
2001-11-07 08:00:00,30062.0,30588.5703125,-526.5703125,526.5703125,277276.29400634766
2001-11-07 09:00:00,30133.0,30308.052734375,-175.052734375,175.052734375,30643.459812164307
2001-11-07 10:00:00,30104.0,30276.994140625,-172.994140625,172.994140625,29926.972690582275
2001-11-07 11:00:00,30071.0,30024.919921875,46.080078125,46.080078125,2123.3736000061035
2001-11-07 12:00:00,29721.0,29934.2421875,-213.2421875,213.2421875,45472.230529785156
2001-11-07 13:00:00,29653.0,29538.208984375,114.791015625,114.791015625,13176.977268218994
2001-11-07 14:00:00,29444.0,29455.34765625,-11.34765625,11.34765625,128.76930236816406
2001-11-07 15:00:00,29248.0,29225.53125,22.46875,22.46875,504.8447265625
2001-11-07 16:00:00,29692.0,29993.232421875,-301.232421875,301.232421875,90740.97198867798
2001-11-07 17:00:00,32360.0,31732.548828125,627.451171875,627.451171875,393694.9730873108
2001-11-07 18:00:00,32444.0,32495.55078125,-51.55078125,51.55078125,2657.4830474853516
2001-11-07 19:00:00,31501.0,31922.42578125,-421.42578125,421.42578125,177599.68910217285
2001-11-07 20:00:00,30560.0,30799.177734375,-239.177734375,239.177734375,57205.98862075806
2001-11-07 21:00:00,28887.0,29123.361328125,-236.361328125,236.361328125,55866.677433013916
2001-11-07 22:00:00,26197.0,26566.244140625,-369.244140625,369.244140625,136341.23538589478
2001-11-07 23:00:00,23759.0,24248.802734375,-489.802734375,489.802734375,239906.7186012268
2001-11-08 00:00:00,22478.0,22195.666015625,282.333984375,282.333984375,79712.47873306274
2001-11-08 01:00:00,21558.0,21722.955078125,-164.955078125,164.955078125,27210.177799224854
2001-11-08 02:00:00,21251.0,21256.5078125,-5.5078125,5.5078125,30.33599853515625
2001-11-08 03:00:00,21187.0,21209.267578125,-22.267578125,22.267578125,495.8450355529785
2001-11-08 04:00:00,21500.0,21746.431640625,-246.431640625,246.431640625,60728.55350112915
2001-11-08 05:00:00,24184.0,23539.359375,644.640625,644.640625,415561.5354003906
2001-11-08 06:00:00,27953.0,28068.84375,-115.84375,115.84375,13419.7744140625
2001-11-08 07:00:00,29668.0,30238.126953125,-570.126953125,570.126953125,325044.74267959595
2001-11-08 08:00:00,29958.0,29962.5,-4.5,4.5,20.25
2001-11-08 09:00:00,30035.0,30146.119140625,-111.119140625,111.119140625,12347.463413238525
2001-11-08 10:00:00,30101.0,30128.384765625,-27.384765625,27.384765625,749.9253883361816
2001-11-08 11:00:00,29935.0,30092.376953125,-157.376953125,157.376953125,24767.505374908447
2001-11-08 12:00:00,29670.0,29637.369140625,32.630859375,32.630859375,1064.7729835510254
2001-11-08 13:00:00,29627.0,29582.546875,44.453125,44.453125,1976.080322265625
2001-11-08 14:00:00,29294.0,29441.953125,-147.953125,147.953125,21890.127197265625
2001-11-08 15:00:00,29023.0,29053.236328125,-30.236328125,30.236328125,914.235538482666
2001-11-08 16:00:00,29615.0,29759.857421875,-144.857421875,144.857421875,20983.67267227173
2001-11-08 17:00:00,32205.0,31644.40625,560.59375,560.59375,314265.3525390625
2001-11-08 18:00:00,32397.0,32279.4453125,117.5546875,117.5546875,13819.104553222656
2001-11-08 19:00:00,31582.0,31826.98046875,-244.98046875,244.98046875,60015.43006896973
2001-11-08 20:00:00,30452.0,30682.48828125,-230.48828125,230.48828125,53124.8477935791
2001-11-08 21:00:00,28715.0,28846.05859375,-131.05859375,131.05859375,17176.35499572754
2001-11-08 22:00:00,26304.0,26439.875,-135.875,135.875,18462.015625
2001-11-08 23:00:00,23894.0,24180.037109375,-286.037109375,286.037109375,81817.22793960571
2001-11-09 00:00:00,21987.0,22217.533203125,-230.533203125,230.533203125,53145.55774307251
2001-11-09 01:00:00,21235.0,21219.9453125,15.0546875,15.0546875,226.64361572265625
2001-11-09 02:00:00,20792.0,20846.439453125,-54.439453125,54.439453125,2963.6540565490723
2001-11-09 03:00:00,20705.0,20687.369140625,17.630859375,17.630859375,310.8472023010254
2001-11-09 04:00:00,21400.0,21344.662109375,55.337890625,55.337890625,3062.282138824463
2001-11-09 05:00:00,23297.0,23311.82421875,-14.82421875,14.82421875,219.75746154785156
2001-11-09 06:00:00,26928.0,26900.955078125,27.044921875,27.044921875,731.4277992248535
2001-11-09 07:00:00,28807.0,29350.037109375,-543.037109375,543.037109375,294889.3021583557
2001-11-09 08:00:00,29560.0,29177.466796875,382.533203125,382.533203125,146331.6514930725
2001-11-09 09:00:00,29891.0,29861.490234375,29.509765625,29.509765625,870.8262672424316
2001-11-09 10:00:00,30041.0,30040.865234375,0.134765625,0.134765625,0.018161773681640625
2001-11-09 11:00:00,29898.0,29982.01953125,-84.01953125,84.01953125,7059.281631469727
2001-11-09 12:00:00,29387.0,29582.80078125,-195.80078125,195.80078125,38337.94593811035
2001-11-09 13:00:00,29404.0,29272.6484375,131.3515625,131.3515625,17253.232971191406
2001-11-09 14:00:00,28761.0,29074.72265625,-313.72265625,313.72265625,98421.90504455566
2001-11-09 15:00:00,28611.0,28354.212890625,256.787109375,256.787109375,65939.61954116821
2001-11-09 16:00:00,29608.0,29412.4375,195.5625,195.5625,38244.69140625
2001-11-09 17:00:00,32244.0,31757.705078125,486.294921875,486.294921875,236482.75104141235
2001-11-09 18:00:00,32200.0,32166.0390625,33.9609375,33.9609375,1153.3452758789062
2001-11-09 19:00:00,31419.0,31134.421875,284.578125,284.578125,80984.70922851562
2001-11-09 20:00:00,30539.0,30541.5703125,-2.5703125,2.5703125,6.60650634765625
2001-11-09 21:00:00,29288.0,29058.693359375,229.306640625,229.306640625,52581.5354347229
2001-11-09 22:00:00,27430.0,27139.560546875,290.439453125,290.439453125,84355.07593154907
2001-11-09 23:00:00,25424.0,25079.1796875,344.8203125,344.8203125,118901.04791259766
2001-11-10 00:00:00,23871.0,23612.2109375,258.7890625,258.7890625,66971.7788696289
2001-11-10 01:00:00,23010.0,22799.6796875,210.3203125,210.3203125,44234.633850097656
2001-11-10 02:00:00,22571.0,22493.330078125,77.669921875,77.669921875,6032.6167640686035
2001-11-10 03:00:00,22457.0,22220.646484375,236.353515625,236.353515625,55862.98434829712
2001-11-10 04:00:00,22569.0,22626.478515625,-57.478515625,57.478515625,3303.779758453369
2001-11-10 05:00:00,23569.0,23161.314453125,407.685546875,407.685546875,166207.50513076782
2001-11-10 06:00:00,24713.0,25125.3984375,-412.3984375,412.3984375,170072.4712524414
2001-11-10 07:00:00,25891.0,26067.462890625,-176.462890625,176.462890625,31139.151767730713
2001-11-10 08:00:00,27488.0,27255.66796875,232.33203125,232.33203125,53978.17274475098
2001-11-10 09:00:00,27960.0,28358.80078125,-398.80078125,398.80078125,159042.06312561035
2001-11-10 10:00:00,27644.0,28284.947265625,-640.947265625,640.947265625,410813.3973121643
2001-11-10 11:00:00,27161.0,27308.8671875,-147.8671875,147.8671875,21864.705139160156
2001-11-10 12:00:00,26424.0,26586.400390625,-162.400390625,162.400390625,26373.886875152588
2001-11-10 13:00:00,25721.0,25808.9140625,-87.9140625,87.9140625,7728.882385253906
2001-11-10 14:00:00,25114.0,25197.740234375,-83.740234375,83.740234375,7012.426853179932
2001-11-10 15:00:00,24926.0,24869.96875,56.03125,56.03125,3139.5009765625
2001-11-10 16:00:00,25814.0,26003.263671875,-189.263671875,189.263671875,35820.737491607666
2001-11-10 17:00:00,28560.0,28084.658203125,475.341796875,475.341796875,225949.82385635376
2001-11-10 18:00:00,28718.0,29239.083984375,-521.083984375,521.083984375,271528.51877212524
2001-11-10 19:00:00,28051.0,28382.20703125,-331.20703125,331.20703125,109698.09754943848
2001-11-10 20:00:00,27102.0,27609.71875,-507.71875,507.71875,257778.3291015625
2001-11-10 21:00:00,25965.0,26390.42578125,-425.42578125,425.42578125,180987.09535217285
2001-11-10 22:00:00,24574.0,24750.068359375,-176.068359375,176.068359375,31000.06717300415
2001-11-10 23:00:00,22862.0,23083.75,-221.75,221.75,49173.0625
2001-11-11 00:00:00,21431.0,21565.7734375,-134.7734375,134.7734375,18163.879455566406
2001-11-11 01:00:00,20493.0,20468.984375,24.015625,24.015625,576.750244140625
2001-11-11 02:00:00,19896.0,20060.38671875,-164.38671875,164.38671875,27022.9933013916
2001-11-11 03:00:00,19674.0,19558.419921875,115.580078125,115.580078125,13358.754459381104
2001-11-11 04:00:00,19675.0,19695.810546875,-20.810546875,20.810546875,433.07886123657227
2001-11-11 05:00:00,20280.0,20177.78125,102.21875,102.21875,10448.6728515625
2001-11-11 06:00:00,21111.0,21112.828125,-1.828125,1.828125,3.342041015625
2001-11-11 07:00:00,21889.0,22198.166015625,-309.166015625,309.166015625,95583.62521743774
2001-11-11 08:00:00,23341.0,23253.0546875,87.9453125,87.9453125,7734.377990722656
2001-11-11 09:00:00,24614.0,24120.61328125,493.38671875,493.38671875,243430.4542388916
2001-11-11 10:00:00,24900.0,24898.828125,1.171875,1.171875,1.373291015625
2001-11-11 11:00:00,24954.0,24552.5,401.5,401.5,161202.25
2001-11-11 12:00:00,24786.0,24680.353515625,105.646484375,105.646484375,11161.17966079712
2001-11-11 13:00:00,24574.0,24002.439453125,571.560546875,571.560546875,326681.4587440491
2001-11-11 14:00:00,24578.0,23638.013671875,939.986328125,939.986328125,883574.2970619202
2001-11-11 15:00:00,24433.0,23916.189453125,516.810546875,516.810546875,267093.1413612366
2001-11-11 16:00:00,25483.0,25184.01171875,298.98828125,298.98828125,89393.9923248291
2001-11-11 17:00:00,28620.0,27848.236328125,771.763671875,771.763671875,595619.1652259827
2001-11-11 18:00:00,29376.0,28957.9375,418.0625,418.0625,174776.25390625
2001-11-11 19:00:00,28993.0,29014.681640625,-21.681640625,21.681640625,470.0935401916504
2001-11-11 20:00:00,28643.0,28344.802734375,298.197265625,298.197265625,88921.6092262268
2001-11-11 21:00:00,27662.0,27610.15625,51.84375,51.84375,2687.7744140625
2001-11-11 22:00:00,25918.0,25961.29296875,-43.29296875,43.29296875,1874.2811431884766
2001-11-11 23:00:00,24339.0,24003.138671875,335.861328125,335.861328125,112802.83172988892
2001-11-12 00:00:00,23093.0,22600.203125,492.796875,492.796875,242848.76000976562
2001-11-12 01:00:00,22707.0,22182.912109375,524.087890625,524.087890625,274668.11709976196
2001-11-12 02:00:00,22656.0,22125.5546875,530.4453125,530.4453125,281372.22955322266
2001-11-12 03:00:00,22574.0,22363.251953125,210.748046875,210.748046875,44414.7392616272
2001-11-12 04:00:00,23418.0,22909.1640625,508.8359375,508.8359375,258914.0112915039
2001-11-12 05:00:00,25559.0,24908.349609375,650.650390625,650.650390625,423345.9308204651
2001-11-12 06:00:00,29311.0,28653.720703125,657.279296875,657.279296875,432016.0741004944
2001-11-12 07:00:00,31110.0,30954.212890625,155.787109375,155.787109375,24269.623447418213
2001-11-12 08:00:00,31696.0,31152.9453125,543.0546875,543.0546875,294908.39361572266
2001-11-12 09:00:00,31395.0,31721.78125,-326.78125,326.78125,106785.9853515625
2001-11-12 10:00:00,31142.0,31071.05078125,70.94921875,70.94921875,5033.791641235352
2001-11-12 11:00:00,30790.0,30839.263671875,-49.263671875,49.263671875,2426.909366607666
2001-11-12 12:00:00,30392.0,30345.90625,46.09375,46.09375,2124.6337890625
2001-11-12 13:00:00,30023.0,30082.05078125,-59.05078125,59.05078125,3486.9947662353516
2001-11-12 14:00:00,29665.0,29620.431640625,44.568359375,44.568359375,1986.3386573791504
2001-11-12 15:00:00,29537.0,29447.240234375,89.759765625,89.759765625,8056.815525054932
2001-11-12 16:00:00,30377.0,30471.32421875,-94.32421875,94.32421875,8897.058242797852
2001-11-12 17:00:00,33815.0,32466.4921875,1348.5078125,1348.5078125,1818473.3203735352
2001-11-12 18:00:00,34011.0,34096.3515625,-85.3515625,85.3515625,7284.889221191406
2001-11-12 19:00:00,33355.0,33505.16015625,-150.16015625,150.16015625,22548.072525024414
2001-11-12 20:00:00,32553.0,32717.978515625,-164.978515625,164.978515625,27217.91061782837
2001-11-12 21:00:00,30931.0,31064.388671875,-133.388671875,133.388671875,17792.537784576416
2001-11-12 22:00:00,28635.0,28584.708984375,50.291015625,50.291015625,2529.186252593994
2001-11-12 23:00:00,26258.0,26159.671875,98.328125,98.328125,9668.420166015625
2001-11-13 00:00:00,24704.0,24642.50390625,61.49609375,61.49609375,3781.769546508789
2001-11-13 01:00:00,24106.0,24005.087890625,100.912109375,100.912109375,10183.253818511963
2001-11-13 02:00:00,23877.0,23785.0625,91.9375,91.9375,8452.50390625
2001-11-13 03:00:00,23995.0,23971.40234375,23.59765625,23.59765625,556.8493804931641
2001-11-13 04:00:00,24784.0,24753.96484375,30.03515625,30.03515625,902.1106109619141
2001-11-13 05:00:00,27665.0,26799.990234375,865.009765625,865.009765625,748241.8946266174
2001-11-13 06:00:00,31716.0,31271.57421875,444.42578125,444.42578125,197514.27503967285
2001-11-13 07:00:00,33260.0,33103.828125,156.171875,156.171875,24389.654541015625
2001-11-13 08:00:00,32966.0,32823.41796875,142.58203125,142.58203125,20329.635635375977
2001-11-13 09:00:00,32037.0,32637.046875,-600.046875,600.046875,360056.2521972656
2001-11-13 10:00:00,31321.0,31765.5703125,-444.5703125,444.5703125,197642.76275634766
2001-11-13 11:00:00,30661.0,30856.0234375,-195.0234375,195.0234375,38034.141174316406
2001-11-13 12:00:00,30227.0,30236.0703125,-9.0703125,9.0703125,82.27056884765625
2001-11-13 13:00:00,29939.0,29873.505859375,65.494140625,65.494140625,4289.482456207275
2001-11-13 14:00:00,29425.0,29567.05078125,-142.05078125,142.05078125,20178.42445373535
2001-11-13 15:00:00,29353.0,29184.833984375,168.166015625,168.166015625,28279.808811187744
2001-11-13 16:00:00,30346.0,30224.048828125,121.951171875,121.951171875,14872.088321685791
2001-11-13 17:00:00,33416.0,33907.69921875,-491.69921875,491.69921875,241768.12171936035
2001-11-13 18:00:00,33689.0,34001.3203125,-312.3203125,312.3203125,97543.97760009766
2001-11-13 19:00:00,33135.0,33268.40234375,-133.40234375,133.40234375,17796.185317993164
2001-11-13 20:00:00,32337.0,32254.41796875,82.58203125,82.58203125,6819.791885375977
2001-11-13 21:00:00,30571.0,30836.990234375,-265.990234375,265.990234375,70750.80478286743
2001-11-13 22:00:00,28115.0,28224.90234375,-109.90234375,109.90234375,12078.525161743164
2001-11-13 23:00:00,25858.0,25748.6640625,109.3359375,109.3359375,11954.347229003906
2001-11-14 00:00:00,24200.0,24326.802734375,-126.802734375,126.802734375,16078.933444976807
2001-11-14 01:00:00,23484.0,23359.607421875,124.392578125,124.392578125,15473.513492584229
2001-11-14 02:00:00,23217.0,23256.802734375,-39.802734375,39.802734375,1584.2576637268066
2001-11-14 03:00:00,23317.0,23192.154296875,124.845703125,124.845703125,15586.449588775635
2001-11-14 04:00:00,24073.0,23872.84375,200.15625,200.15625,40062.5244140625
2001-11-14 05:00:00,26672.0,26413.283203125,258.716796875,258.716796875,66934.38098526001
2001-11-14 06:00:00,30653.0,30512.591796875,140.408203125,140.408203125,19714.46350479126
2001-11-14 07:00:00,32457.0,32581.0859375,-124.0859375,124.0859375,15397.319885253906
2001-11-14 08:00:00,32266.0,32408.509765625,-142.509765625,142.509765625,20309.03329849243
2001-11-14 09:00:00,31713.0,31826.8046875,-113.8046875,113.8046875,12951.506896972656
2001-11-14 10:00:00,31412.0,31540.984375,-128.984375,128.984375,16636.968994140625
2001-11-14 11:00:00,30910.0,31118.404296875,-208.404296875,208.404296875,43432.350955963135
2001-11-14 12:00:00,30293.0,30422.095703125,-129.095703125,129.095703125,16665.700565338135
2001-11-14 13:00:00,30005.0,29938.759765625,66.240234375,66.240234375,4387.768650054932
2001-11-14 14:00:00,29552.0,29642.478515625,-90.478515625,90.478515625,8186.361789703369
2001-11-14 15:00:00,29662.0,29346.7109375,315.2890625,315.2890625,99407.1929321289
2001-11-14 16:00:00,30591.0,30708.21875,-117.21875,117.21875,13740.2353515625
2001-11-14 17:00:00,33359.0,33588.5859375,-229.5859375,229.5859375,52709.702697753906
2001-11-14 18:00:00,33452.0,33888.02734375,-436.02734375,436.02734375,190119.84449768066
2001-11-14 19:00:00,32632.0,32759.767578125,-127.767578125,127.767578125,16324.554019927979
2001-11-14 20:00:00,31968.0,31876.791015625,91.208984375,91.208984375,8319.078830718994
2001-11-14 21:00:00,30382.0,30410.42578125,-28.42578125,28.42578125,808.0250396728516
2001-11-14 22:00:00,27927.0,27948.416015625,-21.416015625,21.416015625,458.64572525024414
2001-11-14 23:00:00,25466.0,25623.193359375,-157.193359375,157.193359375,24709.7522315979
2001-11-15 00:00:00,23828.0,23836.115234375,-8.115234375,8.115234375,65.85702896118164
2001-11-15 01:00:00,23068.0,22949.05078125,118.94921875,118.94921875,14148.916641235352
2001-11-15 02:00:00,22697.0,22852.2265625,-155.2265625,155.2265625,24095.285705566406
2001-11-15 03:00:00,22617.0,22633.458984375,-16.458984375,16.458984375,270.89816665649414
2001-11-15 04:00:00,23230.0,23362.78515625,-132.78515625,132.78515625,17631.897720336914
2001-11-15 05:00:00,25209.0,25310.58984375,-101.58984375,101.58984375,10320.496353149414
2001-11-15 06:00:00,29218.0,29078.78125,139.21875,139.21875,19381.8603515625
2001-11-15 07:00:00,31094.0,31282.109375,-188.109375,188.109375,35385.136962890625
2001-11-15 08:00:00,31252.0,31120.552734375,131.447265625,131.447265625,17278.383640289307
2001-11-15 09:00:00,30925.0,31129.798828125,-204.798828125,204.798828125,41942.56000137329
2001-11-15 10:00:00,30790.0,30812.984375,-22.984375,22.984375,528.281494140625
2001-11-15 11:00:00,30819.0,30587.07421875,231.92578125,231.92578125,53789.56800842285
2001-11-15 12:00:00,30562.0,30446.29296875,115.70703125,115.70703125,13388.117080688477
2001-11-15 13:00:00,30539.0,30316.580078125,222.419921875,222.419921875,49470.6216468811
2001-11-15 14:00:00,30187.0,30104.9765625,82.0234375,82.0234375,6727.844299316406
2001-11-15 15:00:00,29966.0,30042.7734375,-76.7734375,76.7734375,5894.160705566406
2001-11-15 16:00:00,30747.0,30655.439453125,91.560546875,91.560546875,8383.333744049072
2001-11-15 17:00:00,33382.0,32959.0625,422.9375,422.9375,178876.12890625
2001-11-15 18:00:00,33198.0,33319.015625,-121.015625,121.015625,14644.781494140625
2001-11-15 19:00:00,32394.0,32447.69140625,-53.69140625,53.69140625,2882.767105102539
2001-11-15 20:00:00,31446.0,31524.298828125,-78.298828125,78.298828125,6130.706485748291
2001-11-15 21:00:00,29697.0,30010.25390625,-313.25390625,313.25390625,98128.00978088379
2001-11-15 22:00:00,27145.0,27472.419921875,-327.419921875,327.419921875,107203.8052406311
2001-11-15 23:00:00,24905.0,24995.2421875,-90.2421875,90.2421875,8143.652404785156
2001-11-16 00:00:00,23128.0,23155.01171875,-27.01171875,27.01171875,729.6329498291016
2001-11-16 01:00:00,22164.0,22391.248046875,-227.248046875,227.248046875,51641.6748085022
2001-11-16 02:00:00,21830.0,21969.662109375,-139.662109375,139.662109375,19505.504795074463
2001-11-16 03:00:00,21724.0,21765.109375,-41.109375,41.109375,1689.980712890625
2001-11-16 04:00:00,22205.0,22294.9921875,-89.9921875,89.9921875,8098.593811035156
2001-11-16 05:00:00,24147.0,24289.701171875,-142.701171875,142.701171875,20363.62445449829
2001-11-16 06:00:00,27994.0,27993.77734375,0.22265625,0.22265625,0.0495758056640625
2001-11-16 07:00:00,29556.0,30140.466796875,-584.466796875,584.466796875,341601.4366493225
2001-11-16 08:00:00,29731.0,30197.8046875,-466.8046875,466.8046875,217906.61627197266
2001-11-16 09:00:00,29809.0,29848.951171875,-39.951171875,39.951171875,1596.096134185791
2001-11-16 10:00:00,29849.0,29864.630859375,-15.630859375,15.630859375,244.3237648010254
2001-11-16 11:00:00,29912.0,29807.533203125,104.466796875,104.466796875,10913.31164932251
2001-11-16 12:00:00,29723.0,29625.111328125,97.888671875,97.888671875,9582.192081451416
2001-11-16 13:00:00,29656.0,29561.068359375,94.931640625,94.931640625,9012.01639175415
2001-11-16 14:00:00,29337.0,29404.572265625,-67.572265625,67.572265625,4566.011081695557
2001-11-16 15:00:00,28876.0,28998.548828125,-122.548828125,122.548828125,15018.215274810791
2001-11-16 16:00:00,29350.0,29705.8515625,-355.8515625,355.8515625,126630.3345336914
2001-11-16 17:00:00,31655.0,31283.96484375,371.03515625,371.03515625,137667.0871734619
2001-11-16 18:00:00,31658.0,31549.830078125,108.169921875,108.169921875,11700.731998443604
2001-11-16 19:00:00,30709.0,30783.546875,-74.546875,74.546875,5557.236572265625
2001-11-16 20:00:00,29608.0,29287.966796875,320.033203125,320.033203125,102421.25110244751
2001-11-16 21:00:00,28283.0,28343.583984375,-60.583984375,60.583984375,3670.419162750244
2001-11-16 22:00:00,26165.0,26171.634765625,-6.634765625,6.634765625,44.02011489868164
2001-11-16 23:00:00,24139.0,24218.3203125,-79.3203125,79.3203125,6291.711975097656
2001-11-17 00:00:00,22423.0,22429.751953125,-6.751953125,6.751953125,45.588871002197266
2001-11-17 01:00:00,21105.0,21386.078125,-281.078125,281.078125,79004.91235351562
2001-11-17 02:00:00,20583.0,20567.8046875,15.1953125,15.1953125,230.89752197265625
2001-11-17 03:00:00,20412.0,20318.09765625,93.90234375,93.90234375,8817.650161743164
2001-11-17 04:00:00,20598.0,20635.232421875,-37.232421875,37.232421875,1386.2532386779785
2001-11-17 05:00:00,21500.0,21318.001953125,181.998046875,181.998046875,33123.2890663147
2001-11-17 06:00:00,22830.0,22916.029296875,-86.029296875,86.029296875,7401.039920806885
2001-11-17 07:00:00,24228.0,24163.15625,64.84375,64.84375,4204.7119140625
2001-11-17 08:00:00,26084.0,25886.6015625,197.3984375,197.3984375,38966.143127441406
2001-11-17 09:00:00,26814.0,27210.33984375,-396.33984375,396.33984375,157085.2717437744
2001-11-17 10:00:00,27117.0,27162.271484375,-45.271484375,45.271484375,2049.507297515869
2001-11-17 11:00:00,26510.0,26707.314453125,-197.314453125,197.314453125,38932.99341201782
2001-11-17 12:00:00,25805.0,25759.595703125,45.404296875,45.404296875,2061.5501747131348
2001-11-17 13:00:00,25213.0,25182.35546875,30.64453125,30.64453125,939.0872955322266
2001-11-17 14:00:00,24627.0,24746.30859375,-119.30859375,119.30859375,14234.540542602539
2001-11-17 15:00:00,24481.0,24466.85546875,14.14453125,14.14453125,200.06776428222656
2001-11-17 16:00:00,25787.0,25556.04296875,230.95703125,230.95703125,53341.15028381348
2001-11-17 17:00:00,28993.0,28366.775390625,626.224609375,626.224609375,392157.26138687134
2001-11-17 18:00:00,29293.0,28960.611328125,332.388671875,332.388671875,110482.22919082642
2001-11-17 19:00:00,28783.0,28379.017578125,403.982421875,403.982421875,163201.79718399048
2001-11-17 20:00:00,28221.0,27823.935546875,397.064453125,397.064453125,157660.17993545532
2001-11-17 21:00:00,27216.0,27104.521484375,111.478515625,111.478515625,12427.45944595337
2001-11-17 22:00:00,25969.0,25520.759765625,448.240234375,448.240234375,200919.30771255493
2001-11-17 23:00:00,24274.0,24275.509765625,-1.509765625,1.509765625,2.2793922424316406
2001-11-18 00:00:00,22853.0,22523.9609375,329.0390625,329.0390625,108266.7046508789
2001-11-18 01:00:00,22130.0,21799.626953125,330.373046875,330.373046875,109146.35010147095
2001-11-18 02:00:00,21762.0,21512.080078125,249.919921875,249.919921875,62459.9673500061
2001-11-18 03:00:00,21679.0,21332.60546875,346.39453125,346.39453125,119989.17127990723
2001-11-18 04:00:00,21889.0,21815.892578125,73.107421875,73.107421875,5344.6951332092285
2001-11-18 05:00:00,22484.0,22406.609375,77.390625,77.390625,5989.308837890625
2001-11-18 06:00:00,23286.0,23572.833984375,-286.833984375,286.833984375,82273.73459243774
2001-11-18 07:00:00,23988.0,24012.560546875,-24.560546875,24.560546875,603.2204627990723
2001-11-18 08:00:00,25363.0,25124.205078125,238.794921875,238.794921875,57023.01471328735
2001-11-18 09:00:00,26092.0,26128.0703125,-36.0703125,36.0703125,1301.0674438476562
2001-11-18 10:00:00,26028.0,26237.673828125,-209.673828125,209.673828125,43963.11420059204
2001-11-18 11:00:00,25787.0,25808.85546875,-21.85546875,21.85546875,477.66151428222656
2001-11-18 12:00:00,25565.0,25415.349609375,149.650390625,149.650390625,22395.239414215088
2001-11-18 13:00:00,25159.0,25220.712890625,-61.712890625,61.712890625,3808.480869293213
2001-11-18 14:00:00,24756.0,24947.517578125,-191.517578125,191.517578125,36678.98273086548
2001-11-18 15:00:00,24774.0,24745.970703125,28.029296875,28.029296875,785.6414833068848
2001-11-18 16:00:00,26181.0,26020.19140625,160.80859375,160.80859375,25859.40382385254
2001-11-18 17:00:00,29386.0,28395.115234375,990.884765625,990.884765625,981852.6187477112
2001-11-18 18:00:00,29859.0,29939.091796875,-80.091796875,80.091796875,6414.69592666626
2001-11-18 19:00:00,29511.0,29708.5625,-197.5625,197.5625,39030.94140625
2001-11-18 20:00:00,28974.0,28962.625,11.375,11.375,129.390625
2001-11-18 21:00:00,27829.0,27961.12890625,-132.12890625,132.12890625,17458.04786682129
2001-11-18 22:00:00,26014.0,26119.767578125,-105.767578125,105.767578125,11186.780582427979
2001-11-18 23:00:00,24084.0,24334.689453125,-250.689453125,250.689453125,62845.20190811157
2001-11-19 00:00:00,22808.0,22704.013671875,103.986328125,103.986328125,10813.156436920166
2001-11-19 01:00:00,22228.0,22148.443359375,79.556640625,79.556640625,6329.2590675354
2001-11-19 02:00:00,22096.0,22158.908203125,-62.908203125,62.908203125,3957.4420204162598
2001-11-19 03:00:00,22211.0,22515.859375,-304.859375,304.859375,92939.23852539062
2001-11-19 04:00:00,23069.0,23204.0078125,-135.0078125,135.0078125,18227.109436035156
2001-11-19 05:00:00,25005.0,25294.732421875,-289.732421875,289.732421875,83944.87628555298
2001-11-19 06:00:00,28866.0,28986.474609375,-120.474609375,120.474609375,14514.131504058838
2001-11-19 07:00:00,31001.0,31051.03515625,-50.03515625,50.03515625,2503.516860961914
2001-11-19 08:00:00,31386.0,31384.73046875,1.26953125,1.26953125,1.6117095947265625
2001-11-19 09:00:00,31156.0,31442.998046875,-286.998046875,286.998046875,82367.8789100647
2001-11-19 10:00:00,31053.0,31177.546875,-124.546875,124.546875,15511.924072265625
2001-11-19 11:00:00,30716.0,30751.18359375,-35.18359375,35.18359375,1237.885269165039
2001-11-19 12:00:00,30125.0,30231.4921875,-106.4921875,106.4921875,11340.585998535156
2001-11-19 13:00:00,29973.0,29939.6484375,33.3515625,33.3515625,1112.3267211914062
2001-11-19 14:00:00,29770.0,29673.537109375,96.462890625,96.462890625,9305.089267730713
2001-11-19 15:00:00,29500.0,29705.193359375,-205.193359375,205.193359375,42104.3147315979
2001-11-19 16:00:00,30036.0,30421.6015625,-385.6015625,385.6015625,148688.5650024414
2001-11-19 17:00:00,32499.0,32349.736328125,149.263671875,149.263671875,22279.643741607666
2001-11-19 18:00:00,32738.0,32934.9453125,-196.9453125,196.9453125,38787.456115722656
2001-11-19 19:00:00,32615.0,32474.103515625,140.896484375,140.896484375,19851.81930923462
2001-11-19 20:00:00,31824.0,31963.560546875,-139.560546875,139.560546875,19477.146244049072
2001-11-19 21:00:00,30098.0,30036.748046875,61.251953125,61.251953125,3751.8017616271973
2001-11-19 22:00:00,27463.0,27606.171875,-143.171875,143.171875,20498.185791015625
2001-11-19 23:00:00,24830.0,24956.544921875,-126.544921875,126.544921875,16013.617252349854
2001-11-20 00:00:00,22953.0,23323.380859375,-370.380859375,370.380859375,137181.98099136353
2001-11-20 01:00:00,21969.0,22162.830078125,-193.830078125,193.830078125,37570.0991859436
2001-11-20 02:00:00,21563.0,21717.5390625,-154.5390625,154.5390625,23882.321838378906
2001-11-20 03:00:00,21471.0,21494.435546875,-23.435546875,23.435546875,549.2248573303223
2001-11-20 04:00:00,22182.0,22112.939453125,69.060546875,69.060546875,4769.359134674072
2001-11-20 05:00:00,24225.0,24496.1953125,-271.1953125,271.1953125,73546.89752197266
2001-11-20 06:00:00,28108.0,28197.029296875,-89.029296875,89.029296875,7926.215702056885
2001-11-20 07:00:00,30431.0,30326.337890625,104.662109375,104.662109375,10954.157138824463
2001-11-20 08:00:00,30967.0,30576.6171875,390.3828125,390.3828125,152398.74029541016
2001-11-20 09:00:00,31255.0,30958.833984375,296.166015625,296.166015625,87714.30881118774
2001-11-20 10:00:00,31331.0,31306.3515625,24.6484375,24.6484375,607.5454711914062
2001-11-20 11:00:00,31202.0,31092.537109375,109.462890625,109.462890625,11982.124423980713
2001-11-20 12:00:00,30895.0,30937.458984375,-42.458984375,42.458984375,1802.7653541564941
2001-11-20 13:00:00,30761.0,30729.986328125,31.013671875,31.013671875,961.847843170166
2001-11-20 14:00:00,30480.0,30528.279296875,-48.279296875,48.279296875,2330.8905067443848
2001-11-20 15:00:00,30609.0,30349.2578125,259.7421875,259.7421875,67466.00396728516
2001-11-20 16:00:00,31743.0,31524.580078125,218.419921875,218.419921875,47707.2622718811
2001-11-20 17:00:00,34840.0,33860.25,979.75,979.75,959910.0625
2001-11-20 18:00:00,34848.0,34790.41796875,57.58203125,57.58203125,3315.6903228759766
2001-11-20 19:00:00,34191.0,34098.44140625,92.55859375,92.55859375,8567.093276977539
2001-11-20 20:00:00,33615.0,33473.24609375,141.75390625,141.75390625,20094.16993713379
2001-11-20 21:00:00,32435.0,32074.041015625,360.958984375,360.958984375,130291.3884010315
2001-11-20 22:00:00,29753.0,29544.046875,208.953125,208.953125,43661.408447265625
2001-11-20 23:00:00,27372.0,27078.923828125,293.076171875,293.076171875,85893.64252090454
2001-11-21 00:00:00,25606.0,25347.59765625,258.40234375,258.40234375,66771.77125549316
2001-11-21 01:00:00,24807.0,24697.33203125,109.66796875,109.66796875,12027.063369750977
2001-11-21 02:00:00,24495.0,24407.958984375,87.041015625,87.041015625,7576.138401031494
2001-11-21 03:00:00,24633.0,24635.404296875,-2.404296875,2.404296875,5.780643463134766
2001-11-21 04:00:00,25375.0,25517.748046875,-142.748046875,142.748046875,20377.004886627197
2001-11-21 05:00:00,27400.0,27581.1875,-181.1875,181.1875,32828.91015625
2001-11-21 06:00:00,31198.0,30815.93359375,382.06640625,382.06640625,145974.73878479004
2001-11-21 07:00:00,33049.0,32829.35546875,219.64453125,219.64453125,48243.72010803223
2001-11-21 08:00:00,33309.0,32997.484375,311.515625,311.515625,97041.98461914062
2001-11-21 09:00:00,32861.0,33046.6796875,-185.6796875,185.6796875,34476.946350097656
2001-11-21 10:00:00,32480.0,32622.833984375,-142.833984375,142.833984375,20401.547092437744
2001-11-21 11:00:00,32070.0,32074.703125,-4.703125,4.703125,22.119384765625
2001-11-21 12:00:00,31116.0,31485.08984375,-369.08984375,369.08984375,136227.3127593994
2001-11-21 13:00:00,30722.0,30822.158203125,-100.158203125,100.158203125,10031.66565322876
2001-11-21 14:00:00,30205.0,30344.23046875,-139.23046875,139.23046875,19385.123428344727
2001-11-21 15:00:00,29940.0,30077.89453125,-137.89453125,137.89453125,19014.901748657227
2001-11-21 16:00:00,30880.0,31295.431640625,-415.431640625,415.431640625,172583.44803237915
2001-11-21 17:00:00,33760.0,33819.734375,-59.734375,59.734375,3568.195556640625
2001-11-21 18:00:00,33939.0,34336.89453125,-397.89453125,397.89453125,158320.05799865723
2001-11-21 19:00:00,33213.0,33612.984375,-399.984375,399.984375,159987.50024414062
2001-11-21 20:00:00,32521.0,32473.4453125,47.5546875,47.5546875,2261.4483032226562
2001-11-21 21:00:00,31178.0,30895.64453125,282.35546875,282.35546875,79724.61073303223
2001-11-21 22:00:00,29036.0,29036.462890625,-0.462890625,0.462890625,0.21426773071289062
2001-11-21 23:00:00,26709.0,26582.279296875,126.720703125,126.720703125,16058.136600494385
2001-11-22 00:00:00,24858.0,25022.818359375,-164.818359375,164.818359375,27165.09158706665
2001-11-22 01:00:00,23781.0,23919.693359375,-138.693359375,138.693359375,19235.8479347229
2001-11-22 02:00:00,23260.0,23395.62890625,-135.62890625,135.62890625,18395.20021057129
2001-11-22 03:00:00,23138.0,22875.591796875,262.408203125,262.408203125,68858.06506729126
2001-11-22 04:00:00,23346.0,23440.23046875,-94.23046875,94.23046875,8879.381240844727
2001-11-22 05:00:00,24009.0,24596.86328125,-587.86328125,587.86328125,345583.2374420166
2001-11-22 06:00:00,25067.0,26443.923828125,-1376.923828125,1376.923828125,1895919.2284584045
2001-11-22 07:00:00,25857.0,26981.80078125,-1124.80078125,1124.80078125,1265176.7975006104
2001-11-22 08:00:00,27008.0,27238.0078125,-230.0078125,230.0078125,52903.593811035156
2001-11-22 09:00:00,27703.0,28241.125,-538.125,538.125,289578.515625
2001-11-22 10:00:00,27867.0,28321.912109375,-454.912109375,454.912109375,206945.02725601196
2001-11-22 11:00:00,27427.0,27922.24609375,-495.24609375,495.24609375,245268.6933746338
2001-11-22 12:00:00,26487.0,26847.10546875,-360.10546875,360.10546875,129675.94862365723
2001-11-22 13:00:00,25284.0,25516.751953125,-232.751953125,232.751953125,54173.4716835022
2001-11-22 14:00:00,24235.0,24917.482421875,-682.482421875,682.482421875,465782.2561683655
2001-11-22 15:00:00,23487.0,24228.53125,-741.53125,741.53125,549868.5947265625
2001-11-22 16:00:00,23734.0,24069.16015625,-335.16015625,335.16015625,112332.33033752441
2001-11-22 17:00:00,25518.0,25565.732421875,-47.732421875,47.732421875,2278.3840980529785
2001-11-22 18:00:00,25724.0,27090.416015625,-1366.416015625,1366.416015625,1867092.7277565002
2001-11-22 19:00:00,25817.0,26533.900390625,-716.900390625,716.900390625,513946.1700782776
2001-11-22 20:00:00,25885.0,25999.388671875,-114.388671875,114.388671875,13084.768253326416
2001-11-22 21:00:00,25599.0,25158.6484375,440.3515625,440.3515625,193909.4985961914
2001-11-22 22:00:00,24654.0,24306.18359375,347.81640625,347.81640625,120976.25245666504
2001-11-22 23:00:00,23294.0,23075.482421875,218.517578125,218.517578125,47749.93194961548
2001-11-23 00:00:00,22051.0,21929.291015625,121.708984375,121.708984375,14813.076877593994
2001-11-23 01:00:00,21382.0,21083.677734375,298.322265625,298.322265625,88996.17416763306
2001-11-23 02:00:00,21285.0,21058.935546875,226.064453125,226.064453125,51105.13696670532
2001-11-23 03:00:00,21373.0,21237.203125,135.796875,135.796875,18440.791259765625
2001-11-23 04:00:00,21936.0,22197.853515625,-261.853515625,261.853515625,68567.26364517212
2001-11-23 05:00:00,23208.0,23554.55859375,-346.55859375,346.55859375,120102.85890197754
2001-11-23 06:00:00,25138.0,26256.486328125,-1118.486328125,1118.486328125,1251011.6662025452
2001-11-23 07:00:00,26208.0,27230.30859375,-1022.30859375,1022.30859375,1045114.8608551025
2001-11-23 08:00:00,27303.0,27078.595703125,224.404296875,224.404296875,50357.288455963135
2001-11-23 09:00:00,27590.0,27938.615234375,-348.615234375,348.615234375,121532.58163833618
2001-11-23 10:00:00,27383.0,27908.11328125,-525.11328125,525.11328125,275743.9581451416
2001-11-23 11:00:00,27071.0,27210.24609375,-139.24609375,139.24609375,19389.47462463379
2001-11-23 12:00:00,26506.0,26732.197265625,-226.197265625,226.197265625,51165.20297622681
2001-11-23 13:00:00,26065.0,26107.77734375,-42.77734375,42.77734375,1829.901138305664
2001-11-23 14:00:00,25535.0,25817.640625,-282.640625,282.640625,79885.72290039062
2001-11-23 15:00:00,25411.0,25487.130859375,-76.130859375,76.130859375,5795.907749176025
2001-11-23 16:00:00,26577.0,26361.708984375,215.291015625,215.291015625,46350.221408843994
2001-11-23 17:00:00,29655.0,27838.888671875,1816.111328125,1816.111328125,3298260.3561439514
2001-11-23 18:00:00,29591.0,29799.55859375,-208.55859375,208.55859375,43496.68702697754
2001-11-23 19:00:00,28912.0,28667.833984375,244.166015625,244.166015625,59617.043186187744
2001-11-23 20:00:00,28260.0,28422.236328125,-162.236328125,162.236328125,26320.626163482666
2001-11-23 21:00:00,27101.0,27291.193359375,-190.193359375,190.193359375,36173.5139503479
2001-11-23 22:00:00,25568.0,25290.166015625,277.833984375,277.833984375,77191.72287368774
2001-11-23 23:00:00,23630.0,23884.40625,-254.40625,254.40625,64722.5400390625
2001-11-24 00:00:00,22012.0,21803.853515625,208.146484375,208.146484375,43324.95895767212
2001-11-24 01:00:00,21066.0,21053.251953125,12.748046875,12.748046875,162.51269912719727
2001-11-24 02:00:00,20506.0,20482.72265625,23.27734375,23.27734375,541.8347320556641
2001-11-24 03:00:00,20251.0,20334.236328125,-83.236328125,83.236328125,6928.286319732666
2001-11-24 04:00:00,20261.0,20380.3515625,-119.3515625,119.3515625,14244.795471191406
2001-11-24 05:00:00,20822.0,21177.4296875,-355.4296875,355.4296875,126330.26275634766
2001-11-24 06:00:00,21841.0,22038.630859375,-197.630859375,197.630859375,39057.956577301025
2001-11-24 07:00:00,22978.0,23121.044921875,-143.044921875,143.044921875,20461.849674224854
2001-11-24 08:00:00,24906.0,24638.28125,267.71875,267.71875,71673.3291015625
2001-11-24 09:00:00,26440.0,26004.625,435.375,435.375,189551.390625
2001-11-24 10:00:00,27000.0,26585.689453125,414.310546875,414.310546875,171653.22925186157
2001-11-24 11:00:00,26950.0,26685.2734375,264.7265625,264.7265625,70080.1528930664
2001-11-24 12:00:00,26495.0,26429.84765625,65.15234375,65.15234375,4244.827896118164
2001-11-24 13:00:00,25933.0,25616.384765625,316.615234375,316.615234375,100245.20663833618
2001-11-24 14:00:00,25409.0,25347.572265625,61.427734375,61.427734375,3773.3665504455566
2001-11-24 15:00:00,25440.0,25161.001953125,278.998046875,278.998046875,77839.9101600647
2001-11-24 16:00:00,26784.0,26426.029296875,357.970703125,357.970703125,128143.02429580688
2001-11-24 17:00:00,28971.0,28179.7890625,791.2109375,791.2109375,626014.7476196289
2001-11-24 18:00:00,28737.0,29107.5546875,-370.5546875,370.5546875,137310.77642822266
2001-11-24 19:00:00,28267.0,28410.98828125,-143.98828125,143.98828125,20732.6251373291
2001-11-24 20:00:00,27502.0,27738.1328125,-236.1328125,236.1328125,55758.705139160156
2001-11-24 21:00:00,26412.0,26477.234375,-65.234375,65.234375,4255.523681640625
2001-11-24 22:00:00,24868.0,24876.609375,-8.609375,8.609375,74.121337890625
2001-11-24 23:00:00,23055.0,23152.009765625,-97.009765625,97.009765625,9410.894626617432
2001-11-25 00:00:00,21211.0,21536.962890625,-325.962890625,325.962890625,106251.80606460571
2001-11-25 01:00:00,20033.0,20296.427734375,-263.427734375,263.427734375,69394.17123794556
2001-11-25 02:00:00,19423.0,19593.646484375,-170.646484375,170.646484375,29120.22262954712
2001-11-25 03:00:00,19084.0,18990.607421875,93.392578125,93.392578125,8722.173648834229
2001-11-25 04:00:00,19031.0,19029.0546875,1.9453125,1.9453125,3.78424072265625
2001-11-25 05:00:00,19336.0,19223.8828125,112.1171875,112.1171875,12570.263732910156
2001-11-25 06:00:00,20051.0,19996.55859375,54.44140625,54.44140625,2963.866714477539
2001-11-25 07:00:00,20775.0,21160.205078125,-385.205078125,385.205078125,148382.95221328735
2001-11-25 08:00:00,22546.0,22340.61328125,205.38671875,205.38671875,42183.7042388916
2001-11-25 09:00:00,23979.0,23923.58203125,55.41796875,55.41796875,3071.1512603759766
2001-11-25 10:00:00,24796.0,24780.51953125,15.48046875,15.48046875,239.64491271972656
2001-11-25 11:00:00,25177.0,24807.47265625,369.52734375,369.52734375,136550.45777893066
2001-11-25 12:00:00,25533.0,25250.841796875,282.158203125,282.158203125,79613.25159072876
2001-11-25 13:00:00,25458.0,25264.841796875,193.158203125,193.158203125,37310.09143447876
2001-11-25 14:00:00,25318.0,25131.091796875,186.908203125,186.908203125,34934.67639541626
2001-11-25 15:00:00,25653.0,25171.34375,481.65625,481.65625,231992.7431640625
2001-11-25 16:00:00,27417.0,27074.345703125,342.654296875,342.654296875,117411.96716690063
2001-11-25 17:00:00,29368.0,29020.146484375,347.853515625,347.853515625,121002.06833267212
2001-11-25 18:00:00,29373.0,29687.509765625,-314.509765625,314.509765625,98916.39267349243
2001-11-25 19:00:00,28740.0,29216.95703125,-476.95703125,476.95703125,227488.00965881348
2001-11-25 20:00:00,27864.0,28339.921875,-475.921875,475.921875,226501.63110351562
2001-11-25 21:00:00,26493.0,26769.763671875,-276.763671875,276.763671875,76598.13006973267
2001-11-25 22:00:00,24571.0,24831.57421875,-260.57421875,260.57421875,67898.92347717285
2001-11-25 23:00:00,22333.0,22802.505859375,-469.505859375,469.505859375,220435.75198745728
2001-11-26 00:00:00,20844.0,20994.5625,-150.5625,150.5625,22669.06640625
2001-11-26 01:00:00,20019.0,20058.1953125,-39.1953125,39.1953125,1536.2725219726562
2001-11-26 02:00:00,19738.0,19841.6796875,-103.6796875,103.6796875,10749.477600097656
2001-11-26 03:00:00,19730.0,19784.830078125,-54.830078125,54.830078125,3006.3374671936035
2001-11-26 04:00:00,20423.0,20443.69921875,-20.69921875,20.69921875,428.45765686035156
2001-11-26 05:00:00,22336.0,22300.404296875,35.595703125,35.595703125,1267.0540809631348
2001-11-26 06:00:00,25816.0,26229.49609375,-413.49609375,413.49609375,170979.0195465088
2001-11-26 07:00:00,27836.0,28567.74609375,-731.74609375,731.74609375,535452.3457183838
2001-11-26 08:00:00,28753.0,29014.51171875,-261.51171875,261.51171875,68388.3790435791
2001-11-26 09:00:00,29265.0,29445.138671875,-180.138671875,180.138671875,32449.941104888916
2001-11-26 10:00:00,29507.0,29787.677734375,-280.677734375,280.677734375,78779.99057388306
2001-11-26 11:00:00,29574.0,29646.94921875,-72.94921875,72.94921875,5321.588516235352
2001-11-26 12:00:00,29378.0,29376.806640625,1.193359375,1.193359375,1.4241065979003906
2001-11-26 13:00:00,29207.0,29578.201171875,-371.201171875,371.201171875,137790.3100013733
2001-11-26 14:00:00,28905.0,29171.78515625,-266.78515625,266.78515625,71174.31959533691
2001-11-26 15:00:00,28791.0,28917.208984375,-126.208984375,126.208984375,15928.707736968994
2001-11-26 16:00:00,30017.0,29908.8203125,108.1796875,108.1796875,11702.844787597656
2001-11-26 17:00:00,33001.0,32235.302734375,765.697265625,765.697265625,586292.3025856018
2001-11-26 18:00:00,33040.0,33174.82421875,-134.82421875,134.82421875,18177.56996154785
2001-11-26 19:00:00,32338.0,32181.51953125,156.48046875,156.48046875,24486.137100219727
2001-11-26 20:00:00,31344.0,31275.9765625,68.0234375,68.0234375,4627.188049316406
2001-11-26 21:00:00,29719.0,29642.201171875,76.798828125,76.798828125,5898.060001373291
2001-11-26 22:00:00,27020.0,27073.45703125,-53.45703125,53.45703125,2857.6541900634766
2001-11-26 23:00:00,24587.0,24240.130859375,346.869140625,346.869140625,120318.20071792603
2001-11-27 00:00:00,22874.0,22965.05078125,-91.05078125,91.05078125,8290.244766235352
2001-11-27 01:00:00,22015.0,21958.625,56.375,56.375,3178.140625
2001-11-27 02:00:00,21739.0,21726.88671875,12.11328125,12.11328125,146.73158264160156
2001-11-27 03:00:00,21837.0,21615.193359375,221.806640625,221.806640625,49198.1858253479
2001-11-27 04:00:00,22492.0,22411.19140625,80.80859375,80.80859375,6530.028823852539
2001-11-27 05:00:00,24644.0,24570.39453125,73.60546875,73.60546875,5417.765029907227
2001-11-27 06:00:00,28576.0,28352.078125,223.921875,223.921875,50141.006103515625
2001-11-27 07:00:00,30472.0,30784.205078125,-312.205078125,312.205078125,97472.01080703735
2001-11-27 08:00:00,31091.0,30787.32421875,303.67578125,303.67578125,92218.98011779785
2001-11-27 09:00:00,31114.0,30965.474609375,148.525390625,148.525390625,22059.791660308838
2001-11-27 10:00:00,31075.0,31212.087890625,-137.087890625,137.087890625,18793.089756011963
2001-11-27 11:00:00,30932.0,30762.0703125,169.9296875,169.9296875,28876.098693847656
2001-11-27 12:00:00,30850.0,30580.314453125,269.685546875,269.685546875,72730.29419326782
2001-11-27 13:00:00,30544.0,30686.701171875,-142.701171875,142.701171875,20363.62445449829
2001-11-27 14:00:00,30217.0,30196.484375,20.515625,20.515625,420.890869140625
2001-11-27 15:00:00,30285.0,30102.234375,182.765625,182.765625,33403.273681640625
2001-11-27 16:00:00,31808.0,31413.162109375,394.837890625,394.837890625,155896.95987319946
2001-11-27 17:00:00,34450.0,34143.1796875,306.8203125,306.8203125,94138.70416259766
2001-11-27 18:00:00,34314.0,34328.484375,-14.484375,14.484375,209.797119140625
2001-11-27 19:00:00,33468.0,33601.2890625,-133.2890625,133.2890625,17765.974182128906
2001-11-27 20:00:00,32324.0,32666.958984375,-342.958984375,342.958984375,117620.8649635315
2001-11-27 21:00:00,30452.0,30592.17578125,-140.17578125,140.17578125,19649.24964904785
2001-11-27 22:00:00,27507.0,27850.541015625,-343.541015625,343.541015625,118020.4294166565
2001-11-27 23:00:00,24880.0,25021.48046875,-141.48046875,141.48046875,20016.723037719727
2001-11-28 00:00:00,23073.0,23248.609375,-175.609375,175.609375,30838.652587890625
2001-11-28 01:00:00,21945.0,22228.912109375,-283.912109375,283.912109375,80606.08584976196
2001-11-28 02:00:00,21568.0,21568.720703125,-0.720703125,0.720703125,0.5194129943847656
2001-11-28 03:00:00,21492.0,21557.95703125,-65.95703125,65.95703125,4350.329971313477
2001-11-28 04:00:00,21957.0,22187.8359375,-230.8359375,230.8359375,53285.230041503906
2001-11-28 05:00:00,23960.0,23859.533203125,100.466796875,100.466796875,10093.57727432251
2001-11-28 06:00:00,27870.0,27869.951171875,0.048828125,0.048828125,0.002384185791015625
2001-11-28 07:00:00,30090.0,30450.03515625,-360.03515625,360.03515625,129625.31373596191
2001-11-28 08:00:00,30525.0,30758.5234375,-233.5234375,233.5234375,54533.195861816406
2001-11-28 09:00:00,30620.0,30711.177734375,-91.177734375,91.177734375,8313.379245758057
2001-11-28 10:00:00,30725.0,30748.638671875,-23.638671875,23.638671875,558.786808013916
2001-11-28 11:00:00,30647.0,30618.244140625,28.755859375,28.755859375,826.8994483947754
2001-11-28 12:00:00,30386.0,30352.3125,33.6875,33.6875,1134.84765625
2001-11-28 13:00:00,30276.0,30271.78125,4.21875,4.21875,17.7978515625
2001-11-28 14:00:00,30112.0,30071.4296875,40.5703125,40.5703125,1645.9502563476562
2001-11-28 15:00:00,30091.0,30064.9375,26.0625,26.0625,679.25390625
2001-11-28 16:00:00,31566.0,31426.759765625,139.240234375,139.240234375,19387.84286880493
2001-11-28 17:00:00,34000.0,33514.99609375,485.00390625,485.00390625,235228.7890777588
2001-11-28 18:00:00,33746.0,34090.89453125,-344.89453125,344.89453125,118952.23768615723
2001-11-28 19:00:00,32933.0,33366.44921875,-433.44921875,433.44921875,187878.22523498535
2001-11-28 20:00:00,32168.0,32048.69140625,119.30859375,119.30859375,14234.540542602539
2001-11-28 21:00:00,30338.0,30820.611328125,-482.611328125,482.611328125,232913.69403457642
2001-11-28 22:00:00,27541.0,27892.51953125,-351.51953125,351.51953125,123565.98085021973
2001-11-28 23:00:00,24731.0,25139.3671875,-408.3671875,408.3671875,166763.75982666016
2001-11-29 00:00:00,22778.0,23083.080078125,-305.080078125,305.080078125,93073.8540687561
2001-11-29 01:00:00,21825.0,21890.02734375,-65.02734375,65.02734375,4228.555435180664
2001-11-29 02:00:00,21352.0,21395.96484375,-43.96484375,43.96484375,1932.907485961914
2001-11-29 03:00:00,21237.0,21368.38671875,-131.38671875,131.38671875,17262.4698638916
2001-11-29 04:00:00,21711.0,21658.30078125,52.69921875,52.69921875,2777.2076568603516
2001-11-29 05:00:00,23793.0,23472.171875,320.828125,320.828125,102930.68579101562
2001-11-29 06:00:00,27664.0,27532.740234375,131.259765625,131.259765625,17229.12607192993
2001-11-29 07:00:00,30271.0,30314.841796875,-43.841796875,43.841796875,1922.1031532287598
2001-11-29 08:00:00,30937.0,30695.3515625,241.6484375,241.6484375,58393.967346191406
2001-11-29 09:00:00,31367.0,31222.453125,144.546875,144.546875,20893.799072265625
2001-11-29 10:00:00,31680.0,31542.9765625,137.0234375,137.0234375,18775.422424316406
2001-11-29 11:00:00,31639.0,31451.7890625,187.2109375,187.2109375,35047.935119628906
2001-11-29 12:00:00,31385.0,31401.212890625,-16.212890625,16.212890625,262.8578224182129
2001-11-29 13:00:00,31332.0,31328.255859375,3.744140625,3.744140625,14.01858901977539
2001-11-29 14:00:00,31176.0,31074.11328125,101.88671875,101.88671875,10380.903457641602
2001-11-29 15:00:00,31267.0,31192.9921875,74.0078125,74.0078125,5477.156311035156
2001-11-29 16:00:00,32586.0,32174.298828125,411.701171875,411.701171875,169497.8549232483
2001-11-29 17:00:00,34576.0,34295.92578125,280.07421875,280.07421875,78441.56800842285
2001-11-29 18:00:00,34233.0,34428.2265625,-195.2265625,195.2265625,38113.410705566406
2001-11-29 19:00:00,33427.0,33657.1953125,-230.1953125,230.1953125,52989.881896972656
2001-11-29 20:00:00,32482.0,32751.583984375,-269.583984375,269.583984375,72675.52463150024
2001-11-29 21:00:00,30554.0,30545.501953125,8.498046875,8.498046875,72.21680068969727
2001-11-29 22:00:00,27965.0,28118.46484375,-153.46484375,153.46484375,23551.458267211914
2001-11-29 23:00:00,25193.0,25511.44921875,-318.44921875,318.44921875,101409.90492248535
2001-11-30 00:00:00,23077.0,23483.234375,-406.234375,406.234375,165026.36743164062
2001-11-30 01:00:00,22027.0,22152.533203125,-125.533203125,125.533203125,15758.58508682251
2001-11-30 02:00:00,21551.0,21586.529296875,-35.529296875,35.529296875,1262.3309364318848
2001-11-30 03:00:00,21374.0,21372.271484375,1.728515625,1.728515625,2.9877662658691406
2001-11-30 04:00:00,21851.0,21954.099609375,-103.099609375,103.099609375,10629.529453277588
2001-11-30 05:00:00,23717.0,23618.869140625,98.130859375,98.130859375,9629.665561676025
2001-11-30 06:00:00,27610.0,27387.328125,222.671875,222.671875,49582.763916015625
2001-11-30 07:00:00,30087.0,29984.806640625,102.193359375,102.193359375,10443.4827003479
2001-11-30 08:00:00,30730.0,30854.287109375,-124.287109375,124.287109375,15447.285556793213
2001-11-30 09:00:00,31232.0,31014.251953125,217.748046875,217.748046875,47414.2119178772
2001-11-30 10:00:00,31541.0,31517.775390625,23.224609375,23.224609375,539.3824806213379
2001-11-30 11:00:00,31622.0,31431.30078125,190.69921875,190.69921875,36366.19203186035
2001-11-30 12:00:00,31304.0,31343.1484375,-39.1484375,39.1484375,1532.6001586914062
2001-11-30 13:00:00,31275.0,31034.587890625,240.412109375,240.412109375,57797.98233413696
2001-11-30 14:00:00,30960.0,31010.47265625,-50.47265625,50.47265625,2547.489028930664
2001-11-30 15:00:00,30831.0,30887.53125,-56.53125,56.53125,3195.7822265625
2001-11-30 16:00:00,31970.0,31831.4609375,138.5390625,138.5390625,19193.071838378906
2001-11-30 17:00:00,33686.0,33659.6640625,26.3359375,26.3359375,693.5816040039062
2001-11-30 18:00:00,33104.0,33662.63671875,-558.63671875,558.63671875,312074.9835357666
2001-11-30 19:00:00,31855.0,32322.962890625,-467.962890625,467.962890625,218989.2670021057
2001-11-30 20:00:00,30863.0,30544.412109375,318.587890625,318.587890625,101498.24405288696
2001-11-30 21:00:00,29514.0,29466.41015625,47.58984375,47.58984375,2264.793228149414
2001-11-30 22:00:00,27361.0,27374.326171875,-13.326171875,13.326171875,177.58685684204102
2001-11-30 23:00:00,24885.0,25089.7578125,-204.7578125,204.7578125,41925.761779785156
2001-12-01 00:00:00,22665.0,22837.615234375,-172.615234375,172.615234375,29796.01913833618
2001-12-01 01:00:00,21430.0,21566.87890625,-136.87890625,136.87890625,18735.83497619629
2001-12-01 02:00:00,20730.0,20870.158203125,-140.158203125,140.158203125,19644.32190322876
2001-12-01 03:00:00,20415.0,20482.220703125,-67.220703125,67.220703125,4518.622928619385
2001-12-01 04:00:00,20428.0,20528.28515625,-100.28515625,100.28515625,10057.112564086914
2001-12-01 05:00:00,21110.0,20875.826171875,234.173828125,234.173828125,54837.38177871704
2001-12-01 06:00:00,22292.0,22379.505859375,-87.505859375,87.505859375,7657.275424957275
2001-12-01 07:00:00,23394.0,23775.62109375,-381.62109375,381.62109375,145634.6591949463
2001-12-01 08:00:00,25233.0,25133.681640625,99.318359375,99.318359375,9864.13650894165
2001-12-01 09:00:00,26558.0,26584.94921875,-26.94921875,26.94921875,726.2603912353516
2001-12-01 10:00:00,27125.0,27428.20703125,-303.20703125,303.20703125,91934.50379943848
2001-12-01 11:00:00,26867.0,27305.736328125,-438.736328125,438.736328125,192489.56561660767
2001-12-01 12:00:00,26825.0,26370.001953125,454.998046875,454.998046875,207023.2226600647
2001-12-01 13:00:00,26285.0,26579.310546875,-294.310546875,294.310546875,86618.69800186157
2001-12-01 14:00:00,25740.0,25855.0546875,-115.0546875,115.0546875,13237.581115722656
2001-12-01 15:00:00,25522.0,25457.8671875,64.1328125,64.1328125,4113.017639160156
2001-12-01 16:00:00,26652.0,26650.142578125,1.857421875,1.857421875,3.4500160217285156
2001-12-01 17:00:00,29715.0,29138.283203125,576.716796875,576.716796875,332602.26379776
2001-12-01 18:00:00,29612.0,29771.642578125,-159.642578125,159.642578125,25485.75275039673
2001-12-01 19:00:00,28828.0,28934.330078125,-106.330078125,106.330078125,11306.085514068604
2001-12-01 20:00:00,28247.0,28040.361328125,206.638671875,206.638671875,42699.540714263916
2001-12-01 21:00:00,27260.0,27148.4140625,111.5859375,111.5859375,12451.421447753906
2001-12-01 22:00:00,25727.0,25579.197265625,147.802734375,147.802734375,21845.648288726807
2001-12-01 23:00:00,23751.0,23979.419921875,-228.419921875,228.419921875,52175.6607093811
2001-12-02 00:00:00,21977.0,21969.884765625,7.115234375,7.115234375,50.62656021118164
2001-12-02 01:00:00,20853.0,21006.119140625,-153.119140625,153.119140625,23445.471225738525
2001-12-02 02:00:00,20230.0,20191.92578125,38.07421875,38.07421875,1449.6461334228516
2001-12-02 03:00:00,19985.0,19921.134765625,63.865234375,63.865234375,4078.7681617736816
2001-12-02 04:00:00,20067.0,19869.447265625,197.552734375,197.552734375,39027.08285903931
2001-12-02 05:00:00,20559.0,20484.513671875,74.486328125,74.486328125,5548.213077545166
2001-12-02 06:00:00,21509.0,21263.41796875,245.58203125,245.58203125,60310.53407287598
2001-12-02 07:00:00,22480.0,22572.544921875,-92.544921875,92.544921875,8564.562564849854
2001-12-02 08:00:00,24307.0,23629.841796875,677.158203125,677.158203125,458543.23205947876
2001-12-02 09:00:00,25558.0,25642.830078125,-84.830078125,84.830078125,7196.1421546936035
2001-12-02 10:00:00,26046.0,26001.27734375,44.72265625,44.72265625,2000.115982055664
2001-12-02 11:00:00,26177.0,26089.39453125,87.60546875,87.60546875,7674.718154907227
2001-12-02 12:00:00,26175.0,26070.232421875,104.767578125,104.767578125,10976.245426177979
2001-12-02 13:00:00,26019.0,25729.40625,289.59375,289.59375,83864.5400390625
2001-12-02 14:00:00,25855.0,25475.98046875,379.01953125,379.01953125,143655.80506896973
2001-12-02 15:00:00,25981.0,25609.0703125,371.9296875,371.9296875,138331.69244384766
2001-12-02 16:00:00,27375.0,27125.861328125,249.138671875,249.138671875,62070.077823638916
2001-12-02 17:00:00,30864.0,29073.69921875,1790.30078125,1790.30078125,3205176.8873443604
2001-12-02 18:00:00,31344.0,31124.39453125,219.60546875,219.60546875,48226.56190490723
2001-12-02 19:00:00,30959.0,30976.45703125,-17.45703125,17.45703125,304.74794006347656
2001-12-02 20:00:00,30701.0,30193.384765625,507.615234375,507.615234375,257673.22616958618
2001-12-02 21:00:00,29644.0,29274.23046875,369.76953125,369.76953125,136729.50624084473
2001-12-02 22:00:00,27587.0,27506.076171875,80.923828125,80.923828125,6548.665958404541
2001-12-02 23:00:00,25441.0,25471.5078125,-30.5078125,30.5078125,930.7266235351562
2001-12-03 00:00:00,23762.0,23759.69140625,2.30859375,2.30859375,5.3296051025390625
2001-12-03 01:00:00,23100.0,22924.296875,175.703125,175.703125,30871.588134765625
2001-12-03 02:00:00,22950.0,22702.05078125,247.94921875,247.94921875,61478.81507873535
2001-12-03 03:00:00,23180.0,22882.083984375,297.916015625,297.916015625,88753.95236587524
2001-12-03 04:00:00,23923.0,23783.447265625,139.552734375,139.552734375,19474.965671539307
2001-12-03 05:00:00,26258.0,26253.447265625,4.552734375,4.552734375,20.72739028930664
2001-12-03 06:00:00,30492.0,30392.171875,99.828125,99.828125,9965.654541015625
2001-12-03 07:00:00,32640.0,32835.33984375,-195.33984375,195.33984375,38157.654556274414
2001-12-03 08:00:00,32770.0,33023.03515625,-253.03515625,253.03515625,64026.790298461914
2001-12-03 09:00:00,32226.0,32707.109375,-481.109375,481.109375,231466.23071289062
2001-12-03 10:00:00,31725.0,31982.412109375,-257.412109375,257.412109375,66260.99405288696
2001-12-03 11:00:00,31177.0,31432.78515625,-255.78515625,255.78515625,65426.046157836914
2001-12-03 12:00:00,30638.0,30775.287109375,-137.287109375,137.287109375,18847.750400543213
2001-12-03 13:00:00,30397.0,30474.859375,-77.859375,77.859375,6062.082275390625
2001-12-03 14:00:00,30033.0,30246.90234375,-213.90234375,213.90234375,45754.212661743164
2001-12-03 15:00:00,29828.0,29857.970703125,-29.970703125,29.970703125,898.2430458068848
2001-12-03 16:00:00,31102.0,31093.79296875,8.20703125,8.20703125,67.35536193847656
2001-12-03 17:00:00,34677.0,33678.51171875,998.48828125,998.48828125,996978.8477935791
2001-12-03 18:00:00,35047.0,35135.0,-88.0,88.0,7744.0
2001-12-03 19:00:00,34570.0,34760.2578125,-190.2578125,190.2578125,36198.035217285156
2001-12-03 20:00:00,33770.0,33954.32421875,-184.32421875,184.32421875,33975.41761779785
2001-12-03 21:00:00,32021.0,32238.943359375,-217.943359375,217.943359375,47499.3078956604
2001-12-03 22:00:00,29218.0,29417.072265625,-199.072265625,199.072265625,39629.76694107056
2001-12-03 23:00:00,26286.0,26781.193359375,-495.193359375,495.193359375,245216.4631690979
2001-12-04 00:00:00,24441.0,24515.32421875,-74.32421875,74.32421875,5524.089492797852
2001-12-04 01:00:00,23638.0,23553.7421875,84.2578125,84.2578125,7099.378967285156
2001-12-04 02:00:00,23263.0,23259.50390625,3.49609375,3.49609375,12.222671508789062
2001-12-04 03:00:00,23269.0,23173.455078125,95.544921875,95.544921875,9128.832096099854
2001-12-04 04:00:00,23885.0,23748.525390625,136.474609375,136.474609375,18625.319004058838
2001-12-04 05:00:00,26230.0,25882.66796875,347.33203125,347.33203125,120639.53993225098
2001-12-04 06:00:00,30225.0,30253.833984375,-28.833984375,28.833984375,831.3986549377441
2001-12-04 07:00:00,32159.0,32678.1328125,-519.1328125,519.1328125,269498.87701416016
2001-12-04 08:00:00,32304.0,32356.056640625,-52.056640625,52.056640625,2709.8938331604004
2001-12-04 09:00:00,31625.0,32088.859375,-463.859375,463.859375,215165.51977539062
2001-12-04 10:00:00,31284.0,31320.626953125,-36.626953125,36.626953125,1341.5336952209473
2001-12-04 11:00:00,30920.0,30878.970703125,41.029296875,41.029296875,1683.4032020568848
2001-12-04 12:00:00,30490.0,30484.873046875,5.126953125,5.126953125,26.285648345947266
2001-12-04 13:00:00,30454.0,30159.30859375,294.69140625,294.69140625,86843.02491760254
2001-12-04 14:00:00,30165.0,30080.556640625,84.443359375,84.443359375,7130.6809425354
2001-12-04 15:00:00,30025.0,30017.130859375,7.869140625,7.869140625,61.92337417602539
2001-12-04 16:00:00,30978.0,31322.26171875,-344.26171875,344.26171875,118516.1309967041
2001-12-04 17:00:00,34191.0,33667.5625,523.4375,523.4375,273986.81640625
2001-12-04 18:00:00,34594.0,34700.90625,-106.90625,106.90625,11428.9462890625
2001-12-04 19:00:00,33702.0,33860.7734375,-158.7734375,158.7734375,25209.004455566406
2001-12-04 20:00:00,33007.0,32960.9140625,46.0859375,46.0859375,2123.9136352539062
2001-12-04 21:00:00,31276.0,31492.93359375,-216.93359375,216.93359375,47060.18409729004
2001-12-04 22:00:00,28259.0,28693.708984375,-434.708984375,434.708984375,188971.901096344
2001-12-04 23:00:00,25251.0,25764.892578125,-513.892578125,513.892578125,264085.5818519592
2001-12-05 00:00:00,23148.0,23465.421875,-317.421875,317.421875,100756.64672851562
2001-12-05 01:00:00,22322.0,22212.138671875,109.861328125,109.861328125,12069.511417388916
2001-12-05 02:00:00,21789.0,21997.46484375,-208.46484375,208.46484375,43457.591079711914
2001-12-05 03:00:00,21641.0,21899.287109375,-258.287109375,258.287109375,66712.23086929321
2001-12-05 04:00:00,22291.0,22183.314453125,107.685546875,107.685546875,11596.177005767822
2001-12-05 05:00:00,24367.0,24577.78515625,-210.78515625,210.78515625,44430.382095336914
2001-12-05 06:00:00,28235.0,28123.94921875,111.05078125,111.05078125,12332.276016235352
2001-12-05 07:00:00,30676.0,30821.50390625,-145.50390625,145.50390625,21171.38673400879
2001-12-05 08:00:00,30862.0,31199.248046875,-337.248046875,337.248046875,113736.2451210022
2001-12-05 09:00:00,30917.0,30788.56640625,128.43359375,128.43359375,16495.18800354004
2001-12-05 10:00:00,30906.0,30896.318359375,9.681640625,9.681640625,93.73416519165039
2001-12-05 11:00:00,30780.0,30639.796875,140.203125,140.203125,19656.916259765625
2001-12-05 12:00:00,30612.0,30497.173828125,114.826171875,114.826171875,13185.049747467041
2001-12-05 13:00:00,30511.0,30506.37109375,4.62890625,4.62890625,21.426773071289062
2001-12-05 14:00:00,30343.0,30259.67578125,83.32421875,83.32421875,6942.925430297852
2001-12-05 15:00:00,30274.0,30259.6875,14.3125,14.3125,204.84765625
2001-12-05 16:00:00,31204.0,31535.060546875,-331.060546875,331.060546875,109601.08569717407
2001-12-05 17:00:00,34173.0,34075.59375,97.40625,97.40625,9487.9775390625
2001-12-05 18:00:00,34190.0,34576.59765625,-386.59765625,386.59765625,149457.74781799316
2001-12-05 19:00:00,33479.0,33416.109375,62.890625,62.890625,3955.230712890625
2001-12-05 20:00:00,32747.0,32736.431640625,10.568359375,10.568359375,111.69021987915039
2001-12-05 21:00:00,30905.0,31386.701171875,-481.701171875,481.701171875,232036.0189857483
2001-12-05 22:00:00,27284.0,28477.259765625,-1193.259765625,1193.259765625,1423868.86825943
2001-12-05 23:00:00,25071.0,24738.783203125,332.216796875,332.216796875,110368.00012588501
2001-12-06 00:00:00,22888.0,23278.1875,-390.1875,390.1875,152246.28515625
2001-12-06 01:00:00,21862.0,21904.177734375,-42.177734375,42.177734375,1778.9612770080566
2001-12-06 02:00:00,21359.0,21555.90234375,-196.90234375,196.90234375,38770.532974243164
2001-12-06 03:00:00,21310.0,21337.578125,-27.578125,27.578125,760.552978515625
2001-12-06 04:00:00,21770.0,21652.71484375,117.28515625,117.28515625,13755.807876586914
2001-12-06 05:00:00,23665.0,23610.859375,54.140625,54.140625,2931.207275390625
2001-12-06 06:00:00,27424.0,27346.89453125,77.10546875,77.10546875,5945.253311157227
2001-12-06 07:00:00,30145.0,29739.013671875,405.986328125,405.986328125,164824.89862442017
2001-12-06 08:00:00,30357.0,30853.73046875,-496.73046875,496.73046875,246741.15858459473
2001-12-06 09:00:00,30569.0,30453.029296875,115.970703125,115.970703125,13449.203983306885
2001-12-06 10:00:00,30736.0,30693.498046875,42.501953125,42.501953125,1806.4160194396973
2001-12-06 11:00:00,30819.0,30708.48046875,110.51953125,110.51953125,12214.566787719727
2001-12-06 12:00:00,30716.0,30579.70703125,136.29296875,136.29296875,18575.773330688477
2001-12-06 13:00:00,30707.0,30551.28125,155.71875,155.71875,24248.3291015625
2001-12-06 14:00:00,30412.0,30443.66796875,-31.66796875,31.66796875,1002.8602447509766
2001-12-06 15:00:00,30489.0,30280.455078125,208.544921875,208.544921875,43490.98443984985
2001-12-06 16:00:00,31872.0,31648.2109375,223.7890625,223.7890625,50081.544494628906
2001-12-06 17:00:00,34451.0,33974.9140625,476.0859375,476.0859375,226657.8198852539
2001-12-06 18:00:00,34328.0,34317.46484375,10.53515625,10.53515625,110.98951721191406
2001-12-06 19:00:00,33535.0,33571.77734375,-36.77734375,36.77734375,1352.573013305664
2001-12-06 20:00:00,32654.0,32676.95703125,-22.95703125,22.95703125,527.0252838134766
2001-12-06 21:00:00,30915.0,31195.85546875,-280.85546875,280.85546875,78879.79432678223
2001-12-06 22:00:00,28094.0,28625.412109375,-531.412109375,531.412109375,282398.82999038696
2001-12-06 23:00:00,25019.0,25554.361328125,-535.361328125,535.361328125,286611.7516517639
2001-12-07 00:00:00,22884.0,23370.388671875,-486.388671875,486.388671875,236573.94012832642
2001-12-07 01:00:00,21895.0,21986.763671875,-91.763671875,91.763671875,8420.571475982666
2001-12-07 02:00:00,21408.0,21352.181640625,55.818359375,55.818359375,3115.6892433166504
2001-12-07 03:00:00,21204.0,21305.138671875,-101.138671875,101.138671875,10229.030948638916
2001-12-07 04:00:00,21616.0,21673.1796875,-57.1796875,57.1796875,3269.5166625976562
2001-12-07 05:00:00,23415.0,23377.34375,37.65625,37.65625,1417.9931640625
2001-12-07 06:00:00,27423.0,26981.482421875,441.517578125,441.517578125,194937.77179336548
2001-12-07 07:00:00,29996.0,29834.1953125,161.8046875,161.8046875,26180.756896972656
2001-12-07 08:00:00,30452.0,30917.1796875,-465.1796875,465.1796875,216392.14166259766
2001-12-07 09:00:00,30631.0,30491.07421875,139.92578125,139.92578125,19579.22425842285
2001-12-07 10:00:00,30717.0,30743.24609375,-26.24609375,26.24609375,688.8574371337891
2001-12-07 11:00:00,30457.0,30591.875,-134.875,134.875,18191.265625
2001-12-07 12:00:00,30079.0,30237.576171875,-158.576171875,158.576171875,25146.40228652954
2001-12-07 13:00:00,29977.0,29949.80078125,27.19921875,27.19921875,739.7975006103516
2001-12-07 14:00:00,29779.0,29699.796875,79.203125,79.203125,6273.135009765625
2001-12-07 15:00:00,29842.0,29649.892578125,192.107421875,192.107421875,36905.26153945923
2001-12-07 16:00:00,31159.0,31256.798828125,-97.798828125,97.798828125,9564.610782623291
2001-12-07 17:00:00,33941.0,33705.49609375,235.50390625,235.50390625,55462.08985900879
2001-12-07 18:00:00,33509.0,34135.55859375,-626.55859375,626.55859375,392575.67140197754
2001-12-07 19:00:00,32543.0,32751.025390625,-208.025390625,208.025390625,43274.56314468384
2001-12-07 20:00:00,31748.0,31407.08203125,340.91796875,340.91796875,116225.06141662598
2001-12-07 21:00:00,30277.0,30197.16015625,79.83984375,79.83984375,6374.400650024414
2001-12-07 22:00:00,28213.0,28033.23046875,179.76953125,179.76953125,32317.084365844727
2001-12-07 23:00:00,25441.0,25961.71484375,-520.71484375,520.71484375,271143.9485015869
2001-12-08 00:00:00,23587.0,23604.634765625,-17.634765625,17.634765625,310.98495864868164
2001-12-08 01:00:00,22444.0,22457.2421875,-13.2421875,13.2421875,175.35552978515625
2001-12-08 02:00:00,21922.0,21816.40625,105.59375,105.59375,11150.0400390625
2001-12-08 03:00:00,21713.0,21603.62890625,109.37109375,109.37109375,11962.036148071289
2001-12-08 04:00:00,21920.0,21753.333984375,166.666015625,166.666015625,27777.560764312744
2001-12-08 05:00:00,22672.0,22550.931640625,121.068359375,121.068359375,14657.54764175415
2001-12-08 06:00:00,24090.0,23768.04296875,321.95703125,321.95703125,103656.32997131348
2001-12-08 07:00:00,25552.0,25629.00390625,-77.00390625,77.00390625,5929.601577758789
2001-12-08 08:00:00,27413.0,27176.646484375,236.353515625,236.353515625,55862.98434829712
2001-12-08 09:00:00,28866.0,28351.939453125,514.060546875,514.060546875,264258.2458534241
2001-12-08 10:00:00,29425.0,29211.916015625,213.083984375,213.083984375,45404.784397125244
2001-12-08 11:00:00,29421.0,29200.5703125,220.4296875,220.4296875,48589.247131347656
2001-12-08 12:00:00,29251.0,28964.669921875,286.330078125,286.330078125,81984.9136390686
2001-12-08 13:00:00,29051.0,28779.517578125,271.482421875,271.482421875,73702.70538711548
2001-12-08 14:00:00,29022.0,28857.126953125,164.873046875,164.873046875,27183.121585845947
2001-12-08 15:00:00,29481.0,28947.708984375,533.291015625,533.291015625,284399.307346344
2001-12-08 16:00:00,31417.0,30627.427734375,789.572265625,789.572265625,623424.3626441956
2001-12-08 17:00:00,33035.0,33136.12109375,-101.12109375,101.12109375,10225.475601196289
2001-12-08 18:00:00,32641.0,33052.8203125,-411.8203125,411.8203125,169595.96978759766
2001-12-08 19:00:00,31842.0,32113.513671875,-271.513671875,271.513671875,73719.67401504517
2001-12-08 20:00:00,31121.0,31206.015625,-85.015625,85.015625,7227.656494140625
2001-12-08 21:00:00,29834.0,29997.837890625,-163.837890625,163.837890625,26842.854404449463
2001-12-08 22:00:00,28337.0,27642.841796875,694.158203125,694.158203125,481855.61096572876
2001-12-08 23:00:00,26106.0,26298.193359375,-192.193359375,192.193359375,36938.2873878479
2001-12-09 00:00:00,23965.0,24172.2265625,-207.2265625,207.2265625,42942.848205566406
2001-12-09 01:00:00,22766.0,22741.255859375,24.744140625,24.744140625,612.2724952697754
2001-12-09 02:00:00,22109.0,22094.833984375,14.166015625,14.166015625,200.67599868774414
2001-12-09 03:00:00,21739.0,21879.189453125,-140.189453125,140.189453125,19653.082767486572
2001-12-09 04:00:00,21808.0,21729.41796875,78.58203125,78.58203125,6175.135635375977
2001-12-09 05:00:00,22241.0,22358.7578125,-117.7578125,117.7578125,13866.902404785156
2001-12-09 06:00:00,23152.0,23105.900390625,46.099609375,46.099609375,2125.173984527588
2001-12-09 07:00:00,24207.0,24112.42578125,94.57421875,94.57421875,8944.282852172852
2001-12-09 08:00:00,25935.0,25587.349609375,347.650390625,347.650390625,120860.79410171509
2001-12-09 09:00:00,27058.0,27540.689453125,-482.689453125,482.689453125,232989.10815811157
2001-12-09 10:00:00,27377.0,27781.322265625,-404.322265625,404.322265625,163476.49448013306
2001-12-09 11:00:00,27274.0,27396.99609375,-122.99609375,122.99609375,15128.039077758789
2001-12-09 12:00:00,27146.0,26997.333984375,148.666015625,148.666015625,22101.584201812744
2001-12-09 13:00:00,26763.0,27056.69140625,-293.69140625,293.69140625,86254.64210510254
2001-12-09 14:00:00,26495.0,26448.7109375,46.2890625,46.2890625,2142.6773071289062
2001-12-09 15:00:00,26683.0,26369.732421875,313.267578125,313.267578125,98136.57550430298
2001-12-09 16:00:00,28396.0,28553.189453125,-157.189453125,157.189453125,24708.524173736572
2001-12-09 17:00:00,32214.0,31004.326171875,1209.673828125,1209.673828125,1463310.770450592
2001-12-09 18:00:00,32854.0,32432.447265625,421.552734375,421.552734375,177706.7078590393
2001-12-09 19:00:00,32719.0,32414.048828125,304.951171875,304.951171875,92995.21722793579
2001-12-09 20:00:00,32443.0,32341.19921875,101.80078125,101.80078125,10363.399063110352
2001-12-09 21:00:00,31358.0,31213.34375,144.65625,144.65625,20925.4306640625
2001-12-09 22:00:00,29145.0,29271.56640625,-126.56640625,126.56640625,16019.055191040039
2001-12-09 23:00:00,26848.0,27097.607421875,-249.607421875,249.607421875,62303.86505508423
2001-12-10 00:00:00,24874.0,24771.349609375,102.650390625,102.650390625,10537.102695465088
2001-12-10 01:00:00,24422.0,24053.59375,368.40625,368.40625,135723.1650390625
2001-12-10 02:00:00,24304.0,24380.78515625,-76.78515625,76.78515625,5895.960220336914
2001-12-10 03:00:00,24461.0,24606.431640625,-145.431640625,145.431640625,21150.36209487915
2001-12-10 04:00:00,25247.0,25341.318359375,-94.318359375,94.318359375,8895.95291519165
2001-12-10 05:00:00,27710.0,27837.119140625,-127.119140625,127.119140625,16159.275913238525
2001-12-10 06:00:00,32094.0,31283.25390625,810.74609375,810.74609375,657309.2285308838
2001-12-10 07:00:00,34400.0,34644.69921875,-244.69921875,244.69921875,59877.70765686035
2001-12-10 08:00:00,34487.0,34399.84375,87.15625,87.15625,7596.2119140625
2001-12-10 09:00:00,34179.0,34229.30859375,-50.30859375,50.30859375,2530.954605102539
2001-12-10 10:00:00,33707.0,33977.734375,-270.734375,270.734375,73297.10180664062
2001-12-10 11:00:00,33043.0,33215.19921875,-172.19921875,172.19921875,29652.57093811035
2001-12-10 12:00:00,32540.0,32322.26953125,217.73046875,217.73046875,47406.55702209473
2001-12-10 13:00:00,32272.0,32067.189453125,204.810546875,204.810546875,41947.36011123657
2001-12-10 14:00:00,32008.0,31788.19140625,219.80859375,219.80859375,48315.81788635254
2001-12-10 15:00:00,32208.0,31940.37109375,267.62890625,267.62890625,71625.23146057129
2001-12-10 16:00:00,34250.0,33858.94921875,391.05078125,391.05078125,152920.71351623535
2001-12-10 17:00:00,37194.0,37289.546875,-95.546875,95.546875,9129.205322265625
2001-12-10 18:00:00,37177.0,37351.54296875,-174.54296875,174.54296875,30465.247940063477
2001-12-10 19:00:00,36479.0,36512.1875,-33.1875,33.1875,1101.41015625
2001-12-10 20:00:00,35698.0,35923.51171875,-225.51171875,225.51171875,50855.5352935791
2001-12-10 21:00:00,33925.0,33953.765625,-28.765625,28.765625,827.461181640625
2001-12-10 22:00:00,30810.0,31518.853515625,-708.853515625,708.853515625,502473.3066139221
2001-12-10 23:00:00,27424.0,28139.33203125,-715.33203125,715.33203125,511699.914932251
2001-12-11 00:00:00,25372.0,25322.109375,49.890625,49.890625,2489.074462890625
2001-12-11 01:00:00,24266.0,24625.92578125,-359.92578125,359.92578125,129546.56800842285
2001-12-11 02:00:00,23745.0,23891.025390625,-146.025390625,146.025390625,21323.414707183838
2001-12-11 03:00:00,23566.0,23930.658203125,-364.658203125,364.658203125,132975.60510635376
2001-12-11 04:00:00,24144.0,24176.00390625,-32.00390625,32.00390625,1024.250015258789
2001-12-11 05:00:00,26336.0,26090.892578125,245.107421875,245.107421875,60077.64825820923
2001-12-11 06:00:00,30334.0,30265.322265625,68.677734375,68.677734375,4716.631198883057
2001-12-11 07:00:00,32740.0,33114.828125,-374.828125,374.828125,140496.12329101562
2001-12-11 08:00:00,32850.0,33673.48046875,-823.48046875,823.48046875,678120.0824127197
2001-12-11 09:00:00,32707.0,32789.48828125,-82.48828125,82.48828125,6804.316543579102
2001-12-11 10:00:00,32325.0,32649.646484375,-324.646484375,324.646484375,105395.33981704712
2001-12-11 11:00:00,32142.0,31959.130859375,182.869140625,182.869140625,33441.122592926025
2001-12-11 12:00:00,31558.0,31881.98046875,-323.98046875,323.98046875,104963.34413146973
2001-12-11 13:00:00,31301.0,31384.078125,-83.078125,83.078125,6901.974853515625
2001-12-11 14:00:00,30738.0,30992.6796875,-254.6796875,254.6796875,64861.743225097656
2001-12-11 15:00:00,30621.0,30890.982421875,-269.982421875,269.982421875,72890.50812149048
2001-12-11 16:00:00,32108.0,32145.314453125,-37.314453125,37.314453125,1392.3684120178223
2001-12-11 17:00:00,35849.0,35360.59375,488.40625,488.40625,238540.6650390625
2001-12-11 18:00:00,36121.0,36238.35546875,-117.35546875,117.35546875,13772.306045532227
2001-12-11 19:00:00,35553.0,35541.9609375,11.0390625,11.0390625,121.86090087890625
2001-12-11 20:00:00,34881.0,34897.26171875,-16.26171875,16.26171875,264.44349670410156
2001-12-11 21:00:00,33449.0,33615.94140625,-166.94140625,166.94140625,27869.43312072754
2001-12-11 22:00:00,30409.0,30786.0390625,-377.0390625,377.0390625,142158.4546508789
2001-12-11 23:00:00,27436.0,27617.384765625,-181.384765625,181.384765625,32900.43320083618
2001-12-12 00:00:00,25343.0,25352.021484375,-9.021484375,9.021484375,81.38718032836914
2001-12-12 01:00:00,24519.0,24243.876953125,275.123046875,275.123046875,75692.69092178345
2001-12-12 02:00:00,24154.0,24222.546875,-68.546875,68.546875,4698.674072265625
2001-12-12 03:00:00,24178.0,24145.32421875,32.67578125,32.67578125,1067.7066802978516
2001-12-12 04:00:00,24927.0,24615.8671875,311.1328125,311.1328125,96803.62701416016
2001-12-12 05:00:00,27184.0,27391.1953125,-207.1953125,207.1953125,42929.897521972656
2001-12-12 06:00:00,31329.0,31006.345703125,322.654296875,322.654296875,104105.79529190063
2001-12-12 07:00:00,33955.0,33881.37109375,73.62890625,73.62890625,5421.215835571289
2001-12-12 08:00:00,33736.0,33633.01171875,102.98828125,102.98828125,10606.586074829102
2001-12-12 09:00:00,33331.0,33374.421875,-43.421875,43.421875,1885.459228515625
2001-12-12 10:00:00,33178.0,33184.6328125,-6.6328125,6.6328125,43.99420166015625
2001-12-12 11:00:00,32794.0,32713.23046875,80.76953125,80.76953125,6523.717178344727
2001-12-12 12:00:00,32267.0,32265.9453125,1.0546875,1.0546875,1.11236572265625
2001-12-12 13:00:00,32307.0,31922.58203125,384.41796875,384.41796875,147777.17469787598
2001-12-12 14:00:00,32319.0,32094.259765625,224.740234375,224.740234375,50508.17294692993
2001-12-12 15:00:00,32122.0,32328.79296875,-206.79296875,206.79296875,42763.33192443848
2001-12-12 16:00:00,34102.0,33219.27734375,882.72265625,882.72265625,779199.2878570557
2001-12-12 17:00:00,36776.0,36827.3203125,-51.3203125,51.3203125,2633.7744750976562
2001-12-12 18:00:00,36585.0,36714.48046875,-129.48046875,129.48046875,16765.191787719727
2001-12-12 19:00:00,35744.0,35784.40234375,-40.40234375,40.40234375,1632.349380493164
2001-12-12 20:00:00,34931.0,35023.91015625,-92.91015625,92.91015625,8632.297134399414
2001-12-12 21:00:00,33216.0,33511.76953125,-295.76953125,295.76953125,87479.61561584473
2001-12-12 22:00:00,30237.0,30512.7109375,-275.7109375,275.7109375,76016.5210571289
2001-12-12 23:00:00,27073.0,27448.958984375,-375.958984375,375.958984375,141345.1579322815
2001-12-13 00:00:00,24984.0,24855.529296875,128.470703125,128.470703125,16504.721561431885
2001-12-13 01:00:00,23869.0,24016.802734375,-147.802734375,147.802734375,21845.648288726807
2001-12-13 02:00:00,23376.0,23608.328125,-232.328125,232.328125,53976.357666015625
2001-12-13 03:00:00,23457.0,23415.5234375,41.4765625,41.4765625,1720.3052368164062
2001-12-13 04:00:00,23987.0,23978.828125,8.171875,8.171875,66.779541015625
2001-12-13 05:00:00,25895.0,26239.892578125,-344.892578125,344.892578125,118950.89044570923
2001-12-13 06:00:00,29569.0,29805.7578125,-236.7578125,236.7578125,56054.261779785156
2001-12-13 07:00:00,32243.0,32049.138671875,193.861328125,193.861328125,37582.214542388916
2001-12-13 08:00:00,32393.0,32806.9609375,-413.9609375,413.9609375,171363.6577758789
2001-12-13 09:00:00,32432.0,32183.490234375,248.509765625,248.509765625,61757.10361099243
2001-12-13 10:00:00,32691.0,32390.31640625,300.68359375,300.68359375,90410.62355041504
2001-12-13 11:00:00,32488.0,32619.2578125,-131.2578125,131.2578125,17228.613342285156
2001-12-13 12:00:00,32260.0,32200.265625,59.734375,59.734375,3568.195556640625
2001-12-13 13:00:00,32163.0,31930.251953125,232.748046875,232.748046875,54171.6533241272
2001-12-13 14:00:00,31714.0,32069.474609375,-355.474609375,355.474609375,126362.19791030884
2001-12-13 15:00:00,31718.0,32052.130859375,-334.130859375,334.130859375,111643.43118667603
2001-12-13 16:00:00,33289.0,33007.76953125,281.23046875,281.23046875,79090.57655334473
2001-12-13 17:00:00,35951.0,35903.5390625,47.4609375,47.4609375,2252.5405883789062
2001-12-13 18:00:00,35789.0,36108.703125,-319.703125,319.703125,102210.08813476562
2001-12-13 19:00:00,34983.0,35006.54296875,-23.54296875,23.54296875,554.2713775634766
2001-12-13 20:00:00,34129.0,34526.46875,-397.46875,397.46875,157981.4072265625
2001-12-13 21:00:00,32486.0,33034.81640625,-548.81640625,548.81640625,301199.44776916504
2001-12-13 22:00:00,29481.0,30060.919921875,-579.919921875,579.919921875,336307.1157875061
2001-12-13 23:00:00,26518.0,27070.4375,-552.4375,552.4375,305187.19140625
2001-12-14 00:00:00,24121.0,24486.2734375,-365.2734375,365.2734375,133424.6841430664
2001-12-14 01:00:00,22936.0,22901.51171875,34.48828125,34.48828125,1189.4415435791016
2001-12-14 02:00:00,22305.0,22512.513671875,-207.513671875,207.513671875,43061.924015045166
2001-12-14 03:00:00,22116.0,22160.439453125,-44.439453125,44.439453125,1974.8649940490723
2001-12-14 04:00:00,22578.0,22432.185546875,145.814453125,145.814453125,21261.854740142822
2001-12-14 05:00:00,24552.0,24507.515625,44.484375,44.484375,1978.859619140625
2001-12-14 06:00:00,28587.0,28002.880859375,584.119140625,584.119140625,341195.1704444885
2001-12-14 07:00:00,31280.0,30860.10546875,419.89453125,419.89453125,176311.41737365723
2001-12-14 08:00:00,31750.0,32295.634765625,-545.634765625,545.634765625,297717.2974586487
2001-12-14 09:00:00,32086.0,31913.650390625,172.349609375,172.349609375,29704.387851715088
2001-12-14 10:00:00,32189.0,32173.79296875,15.20703125,15.20703125,231.25379943847656
2001-12-14 11:00:00,31979.0,32219.384765625,-240.384765625,240.384765625,57784.83554458618
2001-12-14 12:00:00,31775.0,31684.755859375,90.244140625,90.244140625,8144.004917144775
2001-12-14 13:00:00,31646.0,31665.044921875,-19.044921875,19.044921875,362.7090492248535
2001-12-14 14:00:00,31517.0,31436.6015625,80.3984375,80.3984375,6463.908752441406
2001-12-14 15:00:00,31750.0,31519.990234375,230.009765625,230.009765625,52904.49228286743
2001-12-14 16:00:00,32833.0,32802.00390625,30.99609375,30.99609375,960.7578277587891
2001-12-14 17:00:00,34810.0,34839.0546875,-29.0546875,29.0546875,844.1748657226562
2001-12-14 18:00:00,34376.0,34943.23828125,-567.23828125,567.23828125,321759.2677154541
2001-12-14 19:00:00,33303.0,33422.01171875,-119.01171875,119.01171875,14163.789199829102
2001-12-14 20:00:00,32329.0,32630.146484375,-301.146484375,301.146484375,90689.20505142212
2001-12-14 21:00:00,30996.0,31058.041015625,-62.041015625,62.041015625,3849.087619781494
2001-12-14 22:00:00,28721.0,28912.17578125,-191.17578125,191.17578125,36548.17933654785
2001-12-14 23:00:00,25905.0,26588.35546875,-683.35546875,683.35546875,466974.6966705322
2001-12-15 00:00:00,23705.0,23941.759765625,-236.759765625,236.759765625,56055.18661880493
2001-12-15 01:00:00,22285.0,22585.376953125,-300.376953125,300.376953125,90226.31396865845
2001-12-15 02:00:00,21649.0,21793.162109375,-144.162109375,144.162109375,20782.713779449463
2001-12-15 03:00:00,21392.0,21271.9296875,120.0703125,120.0703125,14416.879943847656
2001-12-15 04:00:00,21583.0,21520.580078125,62.419921875,62.419921875,3896.2466468811035
2001-12-15 05:00:00,22487.0,22075.48046875,411.51953125,411.51953125,169348.32460021973
2001-12-15 06:00:00,23977.0,23770.01171875,206.98828125,206.98828125,42844.1485748291
2001-12-15 07:00:00,25644.0,25516.224609375,127.775390625,127.775390625,16326.550449371338
2001-12-15 08:00:00,27564.0,27574.451171875,-10.451171875,10.451171875,109.22699356079102
2001-12-15 09:00:00,28869.0,28510.91015625,358.08984375,358.08984375,128228.33619689941
2001-12-15 10:00:00,29075.0,29263.931640625,-188.931640625,188.931640625,35695.16482925415
2001-12-15 11:00:00,28879.0,28770.65234375,108.34765625,108.34765625,11739.214614868164
2001-12-15 12:00:00,28226.0,28367.517578125,-141.517578125,141.517578125,20027.22491836548
2001-12-15 13:00:00,27599.0,27660.7109375,-61.7109375,61.7109375,3808.2398071289062
2001-12-15 14:00:00,26979.0,27151.771484375,-172.771484375,172.771484375,29849.98581314087
2001-12-15 15:00:00,26903.0,26920.033203125,-17.033203125,17.033203125,290.13000869750977
2001-12-15 16:00:00,28664.0,28210.109375,453.890625,453.890625,206016.69946289062
2001-12-15 17:00:00,32400.0,31356.0625,1043.9375,1043.9375,1089805.50390625
2001-12-15 18:00:00,32679.0,32823.4375,-144.4375,144.4375,20862.19140625
2001-12-15 19:00:00,32252.0,32157.404296875,94.595703125,94.595703125,8948.347049713135
2001-12-15 20:00:00,31831.0,31515.18359375,315.81640625,315.81640625,99740.00245666504
2001-12-15 21:00:00,31099.0,30757.498046875,341.501953125,341.501953125,116623.5839881897
2001-12-15 22:00:00,29733.0,29211.19140625,521.80859375,521.80859375,272284.20851135254
2001-12-15 23:00:00,27599.0,27631.775390625,-32.775390625,32.775390625,1074.226230621338
2001-12-16 00:00:00,25695.0,25594.57421875,100.42578125,100.42578125,10085.337539672852
2001-12-16 01:00:00,24480.0,24587.62109375,-107.62109375,107.62109375,11582.299819946289
2001-12-16 02:00:00,23931.0,24183.4765625,-252.4765625,252.4765625,63744.414611816406
2001-12-16 03:00:00,23661.0,23805.587890625,-144.587890625,144.587890625,20905.658115386963
2001-12-16 04:00:00,23993.0,23953.3828125,39.6171875,39.6171875,1569.5215454101562
2001-12-16 05:00:00,24574.0,24578.90234375,-4.90234375,4.90234375,24.032974243164062
2001-12-16 06:00:00,25734.0,25322.33203125,411.66796875,411.66796875,169470.51649475098
2001-12-16 07:00:00,26695.0,27476.427734375,-781.427734375,781.427734375,610629.3040504456
2001-12-16 08:00:00,28236.0,28001.767578125,234.232421875,234.232421875,54864.82745742798
2001-12-16 09:00:00,28956.0,29289.91796875,-333.91796875,333.91796875,111501.20985412598
2001-12-16 10:00:00,28770.0,29292.068359375,-522.068359375,522.068359375,272555.37186050415
2001-12-16 11:00:00,28456.0,28322.646484375,133.353515625,133.353515625,17783.16012954712
2001-12-16 12:00:00,28251.0,27984.59375,266.40625,266.40625,70972.2900390625
2001-12-16 13:00:00,27813.0,27808.89453125,4.10546875,4.10546875,16.854873657226562
2001-12-16 14:00:00,27392.0,27282.251953125,109.748046875,109.748046875,12044.633792877197
2001-12-16 15:00:00,27495.0,27249.412109375,245.587890625,245.587890625,60313.41202163696
2001-12-16 16:00:00,29867.0,29241.041015625,625.958984375,625.958984375,391824.6501197815
2001-12-16 17:00:00,33228.0,32493.9296875,734.0703125,734.0703125,538859.2236938477
2001-12-16 18:00:00,33663.0,33495.76953125,167.23046875,167.23046875,27966.029678344727
2001-12-16 19:00:00,33466.0,33175.31640625,290.68359375,290.68359375,84496.95167541504
2001-12-16 20:00:00,32989.0,33094.62109375,-105.62109375,105.62109375,11155.815444946289
2001-12-16 21:00:00,31788.0,32136.1640625,-348.1640625,348.1640625,121218.2144165039
2001-12-16 22:00:00,29502.0,29943.80078125,-441.80078125,441.80078125,195187.93031311035
2001-12-16 23:00:00,26755.0,27526.677734375,-771.677734375,771.677734375,595486.525730133
2001-12-17 00:00:00,24642.0,25175.7890625,-533.7890625,533.7890625,284930.7632446289
2001-12-17 01:00:00,23656.0,24179.009765625,-523.009765625,523.009765625,273539.21493911743
2001-12-17 02:00:00,23246.0,23641.20703125,-395.20703125,395.20703125,156188.59754943848
2001-12-17 03:00:00,23356.0,23368.71875,-12.71875,12.71875,161.7666015625
2001-12-17 04:00:00,23940.0,24004.154296875,-64.154296875,64.154296875,4115.773807525635
2001-12-17 05:00:00,26036.0,25822.056640625,213.943359375,213.943359375,45771.7610206604
2001-12-17 06:00:00,30196.0,29945.408203125,250.591796875,250.591796875,62796.24866104126
2001-12-17 07:00:00,33075.0,33059.109375,15.890625,15.890625,252.511962890625
2001-12-17 08:00:00,33431.0,33540.48828125,-109.48828125,109.48828125,11987.683731079102
2001-12-17 09:00:00,33511.0,33357.05859375,153.94140625,153.94140625,23697.95655822754
2001-12-17 10:00:00,33958.0,33369.33203125,588.66796875,588.66796875,346529.977432251
2001-12-17 11:00:00,33386.0,34010.85546875,-624.85546875,624.85546875,390444.3568267822
2001-12-17 12:00:00,32971.0,32817.3203125,153.6796875,153.6796875,23617.446350097656
2001-12-17 13:00:00,32754.0,32623.138671875,130.861328125,130.861328125,17124.687198638916
2001-12-17 14:00:00,32339.0,32469.681640625,-130.681640625,130.681640625,17077.69119644165
2001-12-17 15:00:00,32432.0,32177.84765625,254.15234375,254.15234375,64593.413833618164
2001-12-17 16:00:00,34375.0,33654.0,721.0,721.0,519841.0
2001-12-17 17:00:00,36963.0,37040.578125,-77.578125,77.578125,6018.365478515625
2001-12-17 18:00:00,36856.0,37211.3046875,-355.3046875,355.3046875,126241.42095947266
2001-12-17 19:00:00,36071.0,36134.671875,-63.671875,63.671875,4054.107666015625
2001-12-17 20:00:00,35179.0,35658.0625,-479.0625,479.0625,229500.87890625
2001-12-17 21:00:00,33429.0,33698.0546875,-269.0546875,269.0546875,72390.42486572266
2001-12-17 22:00:00,30419.0,31079.31640625,-660.31640625,660.31640625,436017.75636291504
2001-12-17 23:00:00,27345.0,27690.921875,-345.921875,345.921875,119661.94360351562
2001-12-18 00:00:00,24640.0,25174.400390625,-534.400390625,534.400390625,285583.7775001526
2001-12-18 01:00:00,23345.0,23536.326171875,-191.326171875,191.326171875,36605.70404434204
2001-12-18 02:00:00,22698.0,23037.470703125,-339.470703125,339.470703125,115240.35828018188
2001-12-18 03:00:00,22465.0,22562.53125,-97.53125,97.53125,9512.3447265625
2001-12-18 04:00:00,22850.0,22890.4453125,-40.4453125,40.4453125,1635.8233032226562
2001-12-18 05:00:00,24964.0,24925.3125,38.6875,38.6875,1496.72265625
2001-12-18 06:00:00,29021.0,28337.9375,683.0625,683.0625,466574.37890625
2001-12-18 07:00:00,31911.0,31458.908203125,452.091796875,452.091796875,204386.99280166626
2001-12-18 08:00:00,32301.0,32597.486328125,-296.486328125,296.486328125,87904.14276504517
2001-12-18 09:00:00,32495.0,32422.998046875,72.001953125,72.001953125,5184.281253814697
2001-12-18 10:00:00,32460.0,32525.7890625,-65.7890625,65.7890625,4328.200744628906
2001-12-18 11:00:00,32256.0,32245.537109375,10.462890625,10.462890625,109.47208023071289
2001-12-18 12:00:00,31903.0,31799.458984375,103.541015625,103.541015625,10720.741916656494
2001-12-18 13:00:00,31754.0,31693.291015625,60.708984375,60.708984375,3685.580783843994
2001-12-18 14:00:00,31514.0,31696.6171875,-182.6171875,182.6171875,33349.037170410156
2001-12-18 15:00:00,31704.0,31840.521484375,-136.521484375,136.521484375,18638.11569595337
2001-12-18 16:00:00,33457.0,33372.83984375,84.16015625,84.16015625,7082.931900024414
2001-12-18 17:00:00,36983.0,36002.70703125,980.29296875,980.29296875,960974.3045806885
2001-12-18 18:00:00,36938.0,37171.3359375,-233.3359375,233.3359375,54445.659729003906
2001-12-18 19:00:00,36389.0,36163.625,225.375,225.375,50793.890625
2001-12-18 20:00:00,35761.0,36069.38671875,-308.38671875,308.38671875,95102.3683013916
2001-12-18 21:00:00,34090.0,34567.9296875,-477.9296875,477.9296875,228416.78619384766
2001-12-18 22:00:00,31457.0,31576.01953125,-119.01953125,119.01953125,14165.648818969727
2001-12-18 23:00:00,28315.0,28725.833984375,-410.833984375,410.833984375,168784.56271743774
2001-12-19 00:00:00,25649.0,25920.201171875,-271.201171875,271.201171875,73550.07562637329
2001-12-19 01:00:00,24596.0,24437.27734375,158.72265625,158.72265625,25192.881607055664
2001-12-19 02:00:00,24212.0,24263.8125,-51.8125,51.8125,2684.53515625
2001-12-19 03:00:00,24118.0,24165.99609375,-47.99609375,47.99609375,2303.625015258789
2001-12-19 04:00:00,24683.0,24608.11328125,74.88671875,74.88671875,5608.020645141602
2001-12-19 05:00:00,27104.0,26479.794921875,624.205078125,624.205078125,389631.97955703735
2001-12-19 06:00:00,31230.0,30785.443359375,444.556640625,444.556640625,197630.6067237854
2001-12-19 07:00:00,33565.0,33927.4765625,-362.4765625,362.4765625,131389.2583618164
2001-12-19 08:00:00,33417.0,33739.77734375,-322.77734375,322.77734375,104185.21363830566
2001-12-19 09:00:00,32982.0,33151.93359375,-169.93359375,169.93359375,28877.42628479004
2001-12-19 10:00:00,32658.0,32828.19921875,-170.19921875,170.19921875,28967.77406311035
2001-12-19 11:00:00,31947.0,32250.611328125,-303.611328125,303.611328125,92179.83856582642
2001-12-19 12:00:00,31266.0,31390.908203125,-124.908203125,124.908203125,15602.05920791626
2001-12-19 13:00:00,30930.0,30796.064453125,133.935546875,133.935546875,17938.730716705322
2001-12-19 14:00:00,30477.0,30678.41015625,-201.41015625,201.41015625,40566.051040649414
2001-12-19 15:00:00,30533.0,30567.998046875,-34.998046875,34.998046875,1224.8632850646973
2001-12-19 16:00:00,32027.0,31916.109375,110.890625,110.890625,12296.730712890625
2001-12-19 17:00:00,36033.0,35284.87109375,748.12890625,748.12890625,559696.8603668213
2001-12-19 18:00:00,36376.0,36123.58984375,252.41015625,252.41015625,63710.886978149414
2001-12-19 19:00:00,35703.0,35704.1875,-1.1875,1.1875,1.41015625
2001-12-19 20:00:00,35197.0,35048.7890625,148.2109375,148.2109375,21966.481994628906
2001-12-19 21:00:00,33794.0,33716.8046875,77.1953125,77.1953125,5959.116271972656
2001-12-19 22:00:00,31137.0,31118.2578125,18.7421875,18.7421875,351.26959228515625
2001-12-19 23:00:00,28020.0,28354.037109375,-334.037109375,334.037109375,111580.79043960571
2001-12-20 00:00:00,25552.0,25938.38671875,-386.38671875,386.38671875,149294.6964263916
2001-12-20 01:00:00,24529.0,24499.708984375,29.291015625,29.291015625,857.9635963439941
2001-12-20 02:00:00,24018.0,24247.62109375,-229.62109375,229.62109375,52725.84669494629
2001-12-20 03:00:00,23909.0,24060.169921875,-151.169921875,151.169921875,22852.345279693604
2001-12-20 04:00:00,24498.0,24395.16015625,102.83984375,102.83984375,10576.033462524414
2001-12-20 05:00:00,26709.0,26539.005859375,169.994140625,169.994140625,28898.007846832275
2001-12-20 06:00:00,30923.0,30633.10546875,289.89453125,289.89453125,84038.83924865723
2001-12-20 07:00:00,33384.0,33720.12890625,-336.12890625,336.12890625,112982.64161682129
2001-12-20 08:00:00,33701.0,33412.359375,288.640625,288.640625,83313.41040039062
2001-12-20 09:00:00,33513.0,33584.36328125,-71.36328125,71.36328125,5092.717910766602
2001-12-20 10:00:00,33375.0,33343.3359375,31.6640625,31.6640625,1002.6128540039062
2001-12-20 11:00:00,33123.0,33045.8984375,77.1015625,77.1015625,5944.650939941406
2001-12-20 12:00:00,32589.0,32687.107421875,-98.107421875,98.107421875,9625.066226959229
2001-12-20 13:00:00,32504.0,32271.998046875,232.001953125,232.001953125,53824.9062538147
2001-12-20 14:00:00,32165.0,32203.59375,-38.59375,38.59375,1489.4775390625
2001-12-20 15:00:00,32423.0,32039.26953125,383.73046875,383.73046875,147249.07264709473
2001-12-20 16:00:00,34020.0,33632.83984375,387.16015625,387.16015625,149892.9865875244
2001-12-20 17:00:00,37717.0,36542.796875,1174.203125,1174.203125,1378752.9787597656
2001-12-20 18:00:00,37982.0,37480.859375,501.140625,501.140625,251141.92602539062
2001-12-20 19:00:00,37508.0,37291.80859375,216.19140625,216.19140625,46738.72413635254
2001-12-20 20:00:00,36894.0,36840.7265625,53.2734375,53.2734375,2838.0591430664062
2001-12-20 21:00:00,35561.0,35645.28125,-84.28125,84.28125,7103.3291015625
2001-12-20 22:00:00,33116.0,32981.57421875,134.42578125,134.42578125,18070.29066467285
2001-12-20 23:00:00,29793.0,30578.669921875,-785.669921875,785.669921875,617277.2261390686
2001-12-21 00:00:00,27364.0,27685.98828125,-321.98828125,321.98828125,103676.4532623291
2001-12-21 01:00:00,26104.0,26351.4765625,-247.4765625,247.4765625,61244.648986816406
2001-12-21 02:00:00,25547.0,25508.36328125,38.63671875,38.63671875,1492.7960357666016
2001-12-21 03:00:00,25359.0,25449.150390625,-90.150390625,90.150390625,8127.092929840088
2001-12-21 04:00:00,25897.0,25895.44140625,1.55859375,1.55859375,2.4292144775390625
2001-12-21 05:00:00,27998.0,27663.865234375,334.134765625,334.134765625,111646.04159927368
2001-12-21 06:00:00,31932.0,31698.1015625,233.8984375,233.8984375,54708.479064941406
2001-12-21 07:00:00,34194.0,34317.921875,-123.921875,123.921875,15356.631103515625
2001-12-21 08:00:00,34249.0,34788.55859375,-539.55859375,539.55859375,291123.47608947754
2001-12-21 09:00:00,33912.0,34024.66796875,-112.66796875,112.66796875,12694.071182250977
2001-12-21 10:00:00,33700.0,33691.1953125,8.8046875,8.8046875,77.52252197265625
2001-12-21 11:00:00,33093.0,33323.45703125,-230.45703125,230.45703125,53110.44325256348
2001-12-21 12:00:00,32330.0,32297.388671875,32.611328125,32.611328125,1063.498722076416
2001-12-21 13:00:00,31854.0,31791.29296875,62.70703125,62.70703125,3932.1717681884766
2001-12-21 14:00:00,31378.0,31464.71484375,-86.71484375,86.71484375,7519.464126586914
2001-12-21 15:00:00,31274.0,31587.12890625,-313.12890625,313.12890625,98049.71192932129
2001-12-21 16:00:00,32858.0,32281.71875,576.28125,576.28125,332100.0791015625
2001-12-21 17:00:00,36734.0,35685.83984375,1048.16015625,1048.16015625,1098639.7131500244
2001-12-21 18:00:00,36873.0,36769.72265625,103.27734375,103.27734375,10666.209732055664
2001-12-21 19:00:00,36206.0,36262.875,-56.875,56.875,3234.765625
2001-12-21 20:00:00,35461.0,35499.27734375,-38.27734375,38.27734375,1465.155044555664
2001-12-21 21:00:00,34178.0,34274.87890625,-96.87890625,96.87890625,9385.522476196289
2001-12-21 22:00:00,32248.0,32218.30078125,29.69921875,29.69921875,882.0435943603516
2001-12-21 23:00:00,29651.0,30034.455078125,-383.455078125,383.455078125,147037.79693984985
2001-12-22 00:00:00,27377.0,27391.603515625,-14.603515625,14.603515625,213.26266860961914
2001-12-22 01:00:00,26051.0,26262.66796875,-211.66796875,211.66796875,44803.32899475098
2001-12-22 02:00:00,25852.0,25296.970703125,555.029296875,555.029296875,308057.5203895569
2001-12-22 03:00:00,25807.0,25453.04296875,353.95703125,353.95703125,125285.57997131348
2001-12-22 04:00:00,25841.0,26136.248046875,-295.248046875,295.248046875,87171.4091835022
2001-12-22 05:00:00,26616.0,26714.48046875,-98.48046875,98.48046875,9698.402725219727
2001-12-22 06:00:00,27990.0,28010.408203125,-20.408203125,20.408203125,416.49475479125977
2001-12-22 07:00:00,29253.0,29588.599609375,-335.599609375,335.599609375,112627.09781265259
2001-12-22 08:00:00,30638.0,30699.611328125,-61.611328125,61.611328125,3795.955753326416
2001-12-22 09:00:00,31223.0,31721.177734375,-498.177734375,498.177734375,248181.05502700806
2001-12-22 10:00:00,30984.0,31122.65234375,-138.65234375,138.65234375,19224.472427368164
2001-12-22 11:00:00,30174.0,30465.787109375,-291.787109375,291.787109375,85139.71719741821
2001-12-22 12:00:00,29249.0,29278.00390625,-29.00390625,29.00390625,841.2265777587891
2001-12-22 13:00:00,28384.0,28513.173828125,-129.173828125,129.173828125,16685.87787246704
2001-12-22 14:00:00,27817.0,27614.7890625,202.2109375,202.2109375,40889.263244628906
2001-12-22 15:00:00,27686.0,27512.041015625,173.958984375,173.958984375,30261.728244781494
2001-12-22 16:00:00,29525.0,29024.861328125,500.138671875,500.138671875,250138.69110488892
2001-12-22 17:00:00,33430.0,32195.03125,1234.96875,1234.96875,1525147.8134765625
2001-12-22 18:00:00,33821.0,34028.5859375,-207.5859375,207.5859375,43091.921447753906
2001-12-22 19:00:00,33564.0,33117.7578125,446.2421875,446.2421875,199132.08990478516
2001-12-22 20:00:00,33192.0,32909.60546875,282.39453125,282.39453125,79746.67127990723
2001-12-22 21:00:00,32340.0,32388.59765625,-48.59765625,48.59765625,2361.732192993164
2001-12-22 22:00:00,31189.0,30889.150390625,299.849609375,299.849609375,89909.78824234009
2001-12-22 23:00:00,29426.0,29687.0546875,-261.0546875,261.0546875,68149.54986572266
2001-12-23 00:00:00,27141.0,27757.078125,-616.078125,616.078125,379552.2561035156
2001-12-23 01:00:00,25425.0,26207.72265625,-782.72265625,782.72265625,612654.7566070557
2001-12-23 02:00:00,24901.0,24931.607421875,-30.607421875,30.607421875,936.8142738342285
2001-12-23 03:00:00,24633.0,24432.08984375,200.91015625,200.91015625,40364.890884399414
2001-12-23 04:00:00,24684.0,24840.744140625,-156.744140625,156.744140625,24568.725620269775
2001-12-23 05:00:00,25327.0,25264.201171875,62.798828125,62.798828125,3943.692813873291
2001-12-23 06:00:00,26357.0,26073.240234375,283.759765625,283.759765625,80519.60458755493
2001-12-23 07:00:00,27471.0,27556.873046875,-85.873046875,85.873046875,7374.180179595947
2001-12-23 08:00:00,28661.0,28691.65234375,-30.65234375,30.65234375,939.5661773681641
2001-12-23 09:00:00,28931.0,29623.087890625,-692.087890625,692.087890625,478985.64834976196
2001-12-23 10:00:00,28564.0,29495.66796875,-931.66796875,931.66796875,868005.203994751
2001-12-23 11:00:00,27879.0,28470.8125,-591.8125,591.8125,350242.03515625
2001-12-23 12:00:00,27441.0,27768.94140625,-327.94140625,327.94140625,107545.56593322754
2001-12-23 13:00:00,26971.0,26876.07421875,94.92578125,94.92578125,9010.903945922852
2001-12-23 14:00:00,26666.0,26696.37890625,-30.37890625,30.37890625,922.8779449462891
2001-12-23 15:00:00,26989.0,26458.548828125,530.451171875,530.451171875,281378.4457435608
2001-12-23 16:00:00,29163.0,28688.494140625,474.505859375,474.505859375,225155.81058120728
2001-12-23 17:00:00,32119.0,32313.21875,-194.21875,194.21875,37720.9228515625
2001-12-23 18:00:00,32279.0,32596.419921875,-317.419921875,317.419921875,100755.4068031311
2001-12-23 19:00:00,31896.0,31861.955078125,34.044921875,34.044921875,1159.0567054748535
2001-12-23 20:00:00,31354.0,31575.935546875,-221.935546875,221.935546875,49255.38696670532
2001-12-23 21:00:00,30407.0,30553.0078125,-146.0078125,146.0078125,21318.281311035156
2001-12-23 22:00:00,28523.0,28707.626953125,-184.626953125,184.626953125,34087.11182022095
2001-12-23 23:00:00,26125.0,26811.353515625,-686.353515625,686.353515625,471081.1484107971
2001-12-24 00:00:00,23811.0,24632.302734375,-821.302734375,821.302734375,674538.1814918518
2001-12-24 01:00:00,22421.0,23087.638671875,-666.638671875,666.638671875,444407.1188392639
2001-12-24 02:00:00,21629.0,22276.4296875,-647.4296875,647.4296875,419165.20025634766
2001-12-24 03:00:00,21678.0,21780.78125,-102.78125,102.78125,10563.9853515625
2001-12-24 04:00:00,21634.0,22195.404296875,-561.404296875,561.404296875,315174.78454971313
2001-12-24 05:00:00,22770.0,23535.63671875,-765.63671875,765.63671875,586199.5850982666
2001-12-24 06:00:00,24686.0,26230.88671875,-1544.88671875,1544.88671875,2386674.9737701416
2001-12-24 07:00:00,26463.0,27318.150390625,-855.150390625,855.150390625,731282.1905860901
2001-12-24 08:00:00,27988.0,28506.26953125,-518.26953125,518.26953125,268603.3070220947
2001-12-24 09:00:00,29121.0,29315.40234375,-194.40234375,194.40234375,37792.271255493164
2001-12-24 10:00:00,29263.0,29813.185546875,-550.185546875,550.185546875,302704.1359901428
2001-12-24 11:00:00,28937.0,29330.287109375,-393.287109375,393.287109375,154674.7504005432
2001-12-24 12:00:00,28370.0,28769.970703125,-399.970703125,399.970703125,159976.56335830688
2001-12-24 13:00:00,27817.0,28419.328125,-602.328125,602.328125,362799.1701660156
2001-12-24 14:00:00,27612.0,27757.98046875,-145.98046875,145.98046875,21310.297256469727
2001-12-24 15:00:00,27584.0,27679.66015625,-95.66015625,95.66015625,9150.865493774414
2001-12-24 16:00:00,29106.0,29566.080078125,-460.080078125,460.080078125,211673.6782875061
2001-12-24 17:00:00,32592.0,32080.392578125,511.607421875,511.607421875,261742.15411758423
2001-12-24 18:00:00,32211.0,33050.5234375,-839.5234375,839.5234375,704799.6021118164
2001-12-24 19:00:00,31251.0,31802.287109375,-551.287109375,551.287109375,303917.4769630432
2001-12-24 20:00:00,30846.0,31154.111328125,-308.111328125,308.111328125,94932.59051895142
2001-12-24 21:00:00,30568.0,29858.099609375,709.900390625,709.900390625,503958.5646095276
2001-12-24 22:00:00,29717.0,28720.7890625,996.2109375,996.2109375,992436.2319946289
2001-12-24 23:00:00,28106.0,27358.451171875,747.548828125,747.548828125,558829.2504310608
2001-12-25 00:00:00,26466.0,26149.017578125,316.982421875,316.982421875,100477.85577774048
2001-12-25 01:00:00,25154.0,25247.697265625,-93.697265625,93.697265625,8779.177585601807
2001-12-25 02:00:00,24415.0,24627.7109375,-212.7109375,212.7109375,45245.942932128906
2001-12-25 03:00:00,24156.0,24183.267578125,-27.267578125,27.267578125,743.5208168029785
2001-12-25 04:00:00,24300.0,24358.658203125,-58.658203125,58.658203125,3440.7847938537598
2001-12-25 05:00:00,24975.0,25386.28125,-411.28125,411.28125,169152.2666015625
2001-12-25 06:00:00,26130.0,26943.6171875,-813.6171875,813.6171875,661972.9277954102
2001-12-25 07:00:00,27211.0,28204.0078125,-993.0078125,993.0078125,986064.5156860352
2001-12-25 08:00:00,28191.0,28718.900390625,-527.900390625,527.900390625,278678.8224220276
2001-12-25 09:00:00,28909.0,28943.27734375,-34.27734375,34.27734375,1174.936294555664
2001-12-25 10:00:00,28811.0,29339.771484375,-528.771484375,528.771484375,279599.28268814087
2001-12-25 11:00:00,28259.0,28355.96875,-96.96875,96.96875,9402.9384765625
2001-12-25 12:00:00,27366.0,27683.837890625,-317.837890625,317.837890625,101020.92471694946
2001-12-25 13:00:00,26864.0,26938.234375,-74.234375,74.234375,5510.742431640625
2001-12-25 14:00:00,25667.0,26572.306640625,-905.306640625,905.306640625,819580.1135597229
2001-12-25 15:00:00,25709.0,25348.052734375,360.947265625,360.947265625,130282.9285621643
2001-12-25 16:00:00,27226.0,26688.607421875,537.392578125,537.392578125,288790.7830238342
2001-12-25 17:00:00,29990.0,29765.1875,224.8125,224.8125,50540.66015625
2001-12-25 18:00:00,30362.0,31166.994140625,-804.994140625,804.994140625,648015.5664405823
2001-12-25 19:00:00,30510.0,30545.41015625,-35.41015625,35.41015625,1253.879165649414
2001-12-25 20:00:00,30692.0,30438.111328125,253.888671875,253.888671875,64459.457706451416
2001-12-25 21:00:00,30230.0,29829.330078125,400.669921875,400.669921875,160536.3862953186
2001-12-25 22:00:00,28868.0,28343.91015625,524.08984375,524.08984375,274670.1643218994
2001-12-25 23:00:00,26833.0,26805.681640625,27.318359375,27.318359375,746.2927589416504
2001-12-26 00:00:00,25144.0,24979.37109375,164.62890625,164.62890625,27102.67677307129
2001-12-26 01:00:00,24246.0,24297.93359375,-51.93359375,51.93359375,2697.098159790039
2001-12-26 02:00:00,23839.0,23923.23046875,-84.23046875,84.23046875,7094.771865844727
2001-12-26 03:00:00,23820.0,23948.86328125,-128.86328125,128.86328125,16605.7452545166
2001-12-26 04:00:00,24564.0,24424.572265625,139.427734375,139.427734375,19440.093112945557
2001-12-26 05:00:00,26255.0,26315.083984375,-60.083984375,60.083984375,3610.085178375244
2001-12-26 06:00:00,28981.0,30017.580078125,-1036.580078125,1036.580078125,1074498.258365631
2001-12-26 07:00:00,31268.0,30671.0546875,596.9453125,596.9453125,356343.70611572266
2001-12-26 08:00:00,32455.0,31375.439453125,1079.560546875,1079.560546875,1165450.974369049
2001-12-26 09:00:00,33188.0,32366.640625,821.359375,821.359375,674631.2229003906
2001-12-26 10:00:00,33274.0,32854.72265625,419.27734375,419.27734375,175793.49098205566
2001-12-26 11:00:00,33192.0,32784.78515625,407.21484375,407.21484375,165823.9289703369
2001-12-26 12:00:00,32620.0,32454.427734375,165.572265625,165.572265625,27414.175144195557
2001-12-26 13:00:00,32088.0,32103.369140625,-15.369140625,15.369140625,236.2104835510254
2001-12-26 14:00:00,31577.0,31509.99609375,67.00390625,67.00390625,4489.523452758789
2001-12-26 15:00:00,31453.0,31261.4609375,191.5390625,191.5390625,36687.212463378906
2001-12-26 16:00:00,33083.0,31862.291015625,1220.708984375,1220.708984375,1490130.424533844
2001-12-26 17:00:00,37104.0,34713.02734375,2390.97265625,2390.97265625,5716750.242935181
2001-12-26 18:00:00,37531.0,36895.14453125,635.85546875,635.85546875,404312.1771392822
2001-12-26 19:00:00,37000.0,37010.83984375,-10.83984375,10.83984375,117.50221252441406
2001-12-26 20:00:00,36376.0,36342.44140625,33.55859375,33.55859375,1126.179214477539
2001-12-26 21:00:00,35099.0,34775.7578125,323.2421875,323.2421875,104485.51177978516
2001-12-26 22:00:00,32732.0,32792.26953125,-60.26953125,60.26953125,3632.4163970947266
2001-12-26 23:00:00,30328.0,30028.154296875,299.845703125,299.845703125,89907.44568252563
2001-12-27 00:00:00,28332.0,27933.044921875,398.955078125,398.955078125,159165.15436172485
2001-12-27 01:00:00,27329.0,27320.701171875,8.298828125,8.298828125,68.87054824829102
2001-12-27 02:00:00,26986.0,26852.41796875,133.58203125,133.58203125,17844.159072875977
2001-12-27 03:00:00,27009.0,26805.986328125,203.013671875,203.013671875,41214.550968170166
2001-12-27 04:00:00,27555.0,27527.396484375,27.603515625,27.603515625,761.9540748596191
2001-12-27 05:00:00,29332.0,29386.31640625,-54.31640625,54.31640625,2950.271987915039
2001-12-27 06:00:00,32132.0,32644.23046875,-512.23046875,512.23046875,262380.0531158447
2001-12-27 07:00:00,33888.0,34688.1015625,-800.1015625,800.1015625,640162.5103149414
2001-12-27 08:00:00,34827.0,34812.66796875,14.33203125,14.33203125,205.40711975097656
2001-12-27 09:00:00,34997.0,34821.4609375,175.5390625,175.5390625,30813.962463378906
2001-12-27 10:00:00,35021.0,35014.40625,6.59375,6.59375,43.4775390625
2001-12-27 11:00:00,34786.0,34722.1953125,63.8046875,63.8046875,4071.0381469726562
2001-12-27 12:00:00,34341.0,34023.12109375,317.87890625,317.87890625,101046.99903869629
2001-12-27 13:00:00,34121.0,33859.9921875,261.0078125,261.0078125,68125.07818603516
2001-12-27 14:00:00,33726.0,33740.4375,-14.4375,14.4375,208.44140625
2001-12-27 15:00:00,33546.0,33481.38671875,64.61328125,64.61328125,4174.876113891602
2001-12-27 16:00:00,34757.0,34662.9296875,94.0703125,94.0703125,8849.223693847656
2001-12-27 17:00:00,38391.0,36850.38671875,1540.61328125,1540.61328125,2373489.2823638916
2001-12-27 18:00:00,38743.0,38847.94921875,-104.94921875,104.94921875,11014.338516235352
2001-12-27 19:00:00,37919.0,38077.16015625,-158.16015625,158.16015625,25014.635025024414
2001-12-27 20:00:00,37161.0,37329.59375,-168.59375,168.59375,28423.8525390625
2001-12-27 21:00:00,35743.0,35913.71875,-170.71875,170.71875,29144.8916015625
2001-12-27 22:00:00,33252.0,33012.9140625,239.0859375,239.0859375,57162.085510253906
2001-12-27 23:00:00,30659.0,30492.201171875,166.798828125,166.798828125,27821.84906387329
2001-12-28 00:00:00,28511.0,28486.26953125,24.73046875,24.73046875,611.5960845947266
2001-12-28 01:00:00,27574.0,27432.173828125,141.826171875,141.826171875,20114.66302871704
2001-12-28 02:00:00,27139.0,27213.84375,-74.84375,74.84375,5601.5869140625
2001-12-28 03:00:00,27198.0,27117.28515625,80.71484375,80.71484375,6514.886001586914
2001-12-28 04:00:00,27772.0,27744.40234375,27.59765625,27.59765625,761.6306304931641
2001-12-28 05:00:00,29414.0,29785.98046875,-371.98046875,371.98046875,138369.46913146973
2001-12-28 06:00:00,32066.0,32543.55078125,-477.55078125,477.55078125,228054.74867248535
2001-12-28 07:00:00,33942.0,34731.609375,-789.609375,789.609375,623482.9650878906
2001-12-28 08:00:00,34705.0,34979.5546875,-274.5546875,274.5546875,75380.27642822266
2001-12-28 09:00:00,35134.0,34593.34765625,540.65234375,540.65234375,292304.95680236816
2001-12-28 10:00:00,35049.0,35162.6484375,-113.6484375,113.6484375,12915.967346191406
2001-12-28 11:00:00,34415.0,34537.49609375,-122.49609375,122.49609375,15005.292984008789
2001-12-28 12:00:00,33481.0,33670.09375,-189.09375,189.09375,35756.4462890625
2001-12-28 13:00:00,32985.0,32957.7265625,27.2734375,27.2734375,743.8403930664062
2001-12-28 14:00:00,32639.0,32594.228515625,44.771484375,44.771484375,2004.4858131408691
2001-12-28 15:00:00,32490.0,32660.703125,-170.703125,170.703125,29139.556884765625
2001-12-28 16:00:00,33859.0,33817.48828125,41.51171875,41.51171875,1723.2227935791016
2001-12-28 17:00:00,36840.0,36594.80078125,245.19921875,245.19921875,60122.65687561035
2001-12-28 18:00:00,36773.0,36960.1875,-187.1875,187.1875,35039.16015625
2001-12-28 19:00:00,35941.0,35921.34765625,19.65234375,19.65234375,386.21461486816406
2001-12-28 20:00:00,35138.0,35351.37890625,-213.37890625,213.37890625,45530.55763244629
2001-12-28 21:00:00,33979.0,33997.81640625,-18.81640625,18.81640625,354.05714416503906
2001-12-28 22:00:00,32054.0,31918.779296875,135.220703125,135.220703125,18284.638553619385
2001-12-28 23:00:00,29997.0,29978.810546875,18.189453125,18.189453125,330.85620498657227
2001-12-29 00:00:00,27925.0,27832.15234375,92.84765625,92.84765625,8620.687271118164
2001-12-29 01:00:00,26721.0,26810.310546875,-89.310546875,89.310546875,7976.373783111572
2001-12-29 02:00:00,26111.0,26370.91015625,-259.91015625,259.91015625,67553.28932189941
2001-12-29 03:00:00,25832.0,25761.935546875,70.064453125,70.064453125,4909.027591705322
2001-12-29 04:00:00,25867.0,26125.130859375,-258.130859375,258.130859375,66631.54056167603
2001-12-29 05:00:00,26404.0,26603.033203125,-199.033203125,199.033203125,39614.21594619751
2001-12-29 06:00:00,27381.0,27542.64453125,-161.64453125,161.64453125,26128.954483032227
2001-12-29 07:00:00,28609.0,28726.32421875,-117.32421875,117.32421875,13764.972305297852
2001-12-29 08:00:00,30073.0,30228.986328125,-155.986328125,155.986328125,24331.734561920166
2001-12-29 09:00:00,31518.0,31497.45703125,20.54296875,20.54296875,422.01356506347656
2001-12-29 10:00:00,31890.0,32160.408203125,-270.408203125,270.408203125,73120.59631729126
2001-12-29 11:00:00,31296.0,31454.556640625,-158.556640625,158.556640625,25140.2082862854
2001-12-29 12:00:00,30422.0,30324.65234375,97.34765625,97.34765625,9476.566177368164
2001-12-29 13:00:00,29566.0,29688.5,-122.5,122.5,15006.25
2001-12-29 14:00:00,29046.0,28783.625,262.375,262.375,68840.640625
2001-12-29 15:00:00,29101.0,28686.572265625,414.427734375,414.427734375,171750.34701919556
2001-12-29 16:00:00,30710.0,30240.162109375,469.837890625,469.837890625,220747.64346694946
2001-12-29 17:00:00,34092.0,33274.0390625,817.9609375,817.9609375,669060.0952758789
2001-12-29 18:00:00,34788.0,34624.22265625,163.77734375,163.77734375,26823.018325805664
2001-12-29 19:00:00,34604.0,34328.07421875,275.92578125,275.92578125,76135.03675842285
2001-12-29 20:00:00,34216.0,34182.71484375,33.28515625,33.28515625,1107.901626586914
2001-12-29 21:00:00,33411.0,33501.99609375,-90.99609375,90.99609375,8280.289077758789
2001-12-29 22:00:00,32058.0,31894.859375,163.140625,163.140625,26614.863525390625
2001-12-29 23:00:00,30080.0,30567.0078125,-487.0078125,487.0078125,237176.60943603516
2001-12-30 00:00:00,28326.0,28298.341796875,27.658203125,27.658203125,764.9762001037598
2001-12-30 01:00:00,27362.0,27298.814453125,63.185546875,63.185546875,3992.4133338928223
2001-12-30 02:00:00,27108.0,26843.87890625,264.12109375,264.12109375,69759.95216369629
2001-12-30 03:00:00,26865.0,26984.037109375,-119.037109375,119.037109375,14169.833408355713
2001-12-30 04:00:00,26808.0,27142.63671875,-334.63671875,334.63671875,111981.7335357666
2001-12-30 05:00:00,27352.0,27265.064453125,86.935546875,86.935546875,7557.789310455322
2001-12-30 06:00:00,28403.0,28656.71875,-253.71875,253.71875,64373.2041015625
2001-12-30 07:00:00,29305.0,29388.130859375,-83.130859375,83.130859375,6910.739780426025
2001-12-30 08:00:00,30329.0,30431.421875,-102.421875,102.421875,10490.240478515625
2001-12-30 09:00:00,31206.0,31239.8046875,-33.8046875,33.8046875,1142.7568969726562
2001-12-30 10:00:00,31460.0,31251.80859375,208.19140625,208.19140625,43343.66163635254
2001-12-30 11:00:00,31384.0,31350.783203125,33.216796875,33.216796875,1103.3555946350098
2001-12-30 12:00:00,31058.0,31000.595703125,57.404296875,57.404296875,3295.2532997131348
2001-12-30 13:00:00,30583.0,30497.4296875,85.5703125,85.5703125,7322.278381347656
2001-12-30 14:00:00,30150.0,30015.9140625,134.0859375,134.0859375,17979.038635253906
2001-12-30 15:00:00,30235.0,30131.236328125,103.763671875,103.763671875,10766.899600982666
2001-12-30 16:00:00,31981.0,31640.533203125,340.466796875,340.466796875,115917.63977432251
2001-12-30 17:00:00,35848.0,34835.578125,1012.421875,1012.421875,1024998.0529785156
2001-12-30 18:00:00,36532.0,36691.74609375,-159.74609375,159.74609375,25518.81446838379
2001-12-30 19:00:00,36353.0,36192.015625,160.984375,160.984375,25915.968994140625
2001-12-30 20:00:00,35974.0,35951.02734375,22.97265625,22.97265625,527.7429351806641
2001-12-30 21:00:00,34979.0,35174.234375,-195.234375,195.234375,38116.461181640625
2001-12-30 22:00:00,33331.0,33337.98828125,-6.98828125,6.98828125,48.83607482910156
2001-12-30 23:00:00,31014.0,31215.71484375,-201.71484375,201.71484375,40688.878189086914
2001-12-31 00:00:00,29001.0,29044.58203125,-43.58203125,43.58203125,1899.3934478759766
2001-12-31 01:00:00,28138.0,27996.263671875,141.736328125,141.736328125,20089.186710357666
2001-12-31 02:00:00,27830.0,27745.47265625,84.52734375,84.52734375,7144.871841430664
2001-12-31 03:00:00,27874.0,27942.13671875,-68.13671875,68.13671875,4642.612442016602
2001-12-31 04:00:00,28427.0,28984.45703125,-557.45703125,557.45703125,310758.3416900635
2001-12-31 05:00:00,29688.0,30142.46484375,-454.46484375,454.46484375,206538.2942047119
2001-12-31 06:00:00,31942.0,33008.16796875,-1066.16796875,1066.16796875,1136714.137588501
2001-12-31 07:00:00,33380.0,35006.046875,-1626.046875,1626.046875,2644028.4396972656
2001-12-31 08:00:00,34339.0,34647.24609375,-308.24609375,308.24609375,95015.65431213379
2001-12-31 09:00:00,34757.0,34244.9375,512.0625,512.0625,262208.00390625
2001-12-31 10:00:00,34970.0,34315.7734375,654.2265625,654.2265625,428012.3950805664
2001-12-31 11:00:00,34428.0,34673.91796875,-245.91796875,245.91796875,60475.64735412598
2001-12-31 12:00:00,33642.0,33498.984375,143.015625,143.015625,20453.468994140625
2001-12-31 13:00:00,32719.0,33069.5078125,-350.5078125,350.5078125,122855.72662353516
2001-12-31 14:00:00,31941.0,32276.595703125,-335.595703125,335.595703125,112624.47595596313
2001-12-31 15:00:00,31759.0,31883.283203125,-124.283203125,124.283203125,15446.31457901001
2001-12-31 16:00:00,33587.0,32744.619140625,842.380859375,842.380859375,709605.5122413635
2001-12-31 17:00:00,37568.0,36278.56640625,1289.43359375,1289.43359375,1662638.99269104
2001-12-31 18:00:00,37570.0,37960.9453125,-390.9453125,390.9453125,152838.23736572266
2001-12-31 19:00:00,36392.0,37169.98828125,-777.98828125,777.98828125,605265.7657623291
2001-12-31 20:00:00,35082.0,35752.1796875,-670.1796875,670.1796875,449140.81353759766
2001-12-31 21:00:00,33890.0,33847.1875,42.8125,42.8125,1832.91015625
2001-12-31 22:00:00,32590.0,31767.62109375,822.37890625,822.37890625,676307.0654449463
2001-12-31 23:00:00,31569.0,30343.421875,1225.578125,1225.578125,1502041.7404785156
