timestamp,actual,prediction,error,absolute_error,squared_error
2001-06-10 09:00:00,25718.0,25994.779296875,-276.779296875,276.779296875,76606.77917861938
2001-06-10 10:00:00,27213.0,27080.564453125,132.435546875,132.435546875,17539.174076080322
2001-06-10 11:00:00,28267.0,28065.787109375,201.212890625,201.212890625,40486.62735366821
2001-06-10 12:00:00,28845.0,28875.091796875,-30.091796875,30.091796875,905.5162391662598
2001-06-10 13:00:00,29061.0,29013.140625,47.859375,47.859375,2290.519775390625
2001-06-10 14:00:00,29329.0,29154.79296875,174.20703125,174.20703125,30348.089736938477
2001-06-10 15:00:00,29576.0,29516.453125,59.546875,59.546875,3545.830322265625
2001-06-10 16:00:00,29926.0,29799.40234375,126.59765625,126.59765625,16026.966567993164
2001-06-10 17:00:00,30384.0,29958.70703125,425.29296875,425.29296875,180874.10926818848
2001-06-10 18:00:00,30328.0,30242.796875,85.203125,85.203125,7259.572509765625
2001-06-10 19:00:00,29944.0,30013.236328125,-69.236328125,69.236328125,4793.669132232666
2001-06-10 20:00:00,30358.0,29866.5390625,491.4609375,491.4609375,241533.8530883789
2001-06-10 21:00:00,30961.0,30214.8671875,746.1328125,746.1328125,556714.1738891602
2001-06-10 22:00:00,29177.0,29233.859375,-56.859375,56.859375,3232.988525390625
2001-06-10 23:00:00,26590.0,26673.65625,-83.65625,83.65625,6998.3681640625
2001-06-11 00:00:00,24371.0,23942.4609375,428.5390625,428.5390625,183645.7280883789
2001-06-11 01:00:00,23054.0,22572.775390625,481.224609375,481.224609375,231577.12466812134
2001-06-11 02:00:00,22322.0,21962.671875,359.328125,359.328125,129116.70141601562
2001-06-11 03:00:00,22122.0,21735.822265625,386.177734375,386.177734375,149133.24252700806
2001-06-11 04:00:00,22387.0,22110.5390625,276.4609375,276.4609375,76430.6499633789
2001-06-11 05:00:00,23702.0,23295.787109375,406.212890625,406.212890625,165008.9125099182
2001-06-11 06:00:00,26620.0,26259.876953125,360.123046875,360.123046875,129688.60889053345
2001-06-11 07:00:00,30130.0,29759.185546875,370.814453125,370.814453125,137503.35864639282
2001-06-11 08:00:00,32315.0,32590.640625,-275.640625,275.640625,75977.75415039062
2001-06-11 09:00:00,34143.0,33861.71484375,281.28515625,281.28515625,79121.33912658691
2001-06-11 10:00:00,35710.0,35227.890625,482.109375,482.109375,232429.44946289062
2001-06-11 11:00:00,36771.0,36318.765625,452.234375,452.234375,204515.92993164062
2001-06-11 12:00:00,37442.0,37347.90234375,94.09765625,94.09765625,8854.368911743164
2001-06-11 13:00:00,38125.0,37916.3828125,208.6171875,208.6171875,43521.130920410156
2001-06-11 14:00:00,38713.0,38841.921875,-128.921875,128.921875,16620.849853515625
2001-06-11 15:00:00,39141.0,38931.28125,209.71875,209.71875,43981.9541015625
2001-06-11 16:00:00,39406.0,39841.59765625,-435.59765625,435.59765625,189745.31813049316
2001-06-11 17:00:00,39133.0,39088.16015625,44.83984375,44.83984375,2010.611587524414
2001-06-11 18:00:00,38113.0,38199.5703125,-86.5703125,86.5703125,7494.419006347656
2001-06-11 19:00:00,37280.0,37205.34765625,74.65234375,74.65234375,5572.972427368164
2001-06-11 20:00:00,37357.0,36599.6640625,757.3359375,757.3359375,573557.7222290039
2001-06-11 21:00:00,37476.0,36563.80078125,912.19921875,912.19921875,832107.4146881104
2001-06-11 22:00:00,34581.0,34241.37890625,339.62109375,339.62109375,115342.48731994629
2001-06-11 23:00:00,30864.0,31188.041015625,-324.041015625,324.041015625,105002.5798072815
2001-06-12 00:00:00,28083.0,27896.96875,186.03125,186.03125,34607.6259765625
2001-06-12 01:00:00,26556.0,26317.3125,238.6875,238.6875,56971.72265625
2001-06-12 02:00:00,25464.0,25537.193359375,-73.193359375,73.193359375,5357.2678565979
2001-06-12 03:00:00,24844.0,25048.609375,-204.609375,204.609375,41864.996337890625
2001-06-12 04:00:00,24824.0,24549.623046875,274.376953125,274.376953125,75282.71240615845
2001-06-12 05:00:00,26008.0,25078.537109375,929.462890625,929.462890625,863901.2650489807
2001-06-12 06:00:00,28990.0,28117.845703125,872.154296875,872.154296875,760653.1175575256
2001-06-12 07:00:00,32354.0,32266.111328125,87.888671875,87.888671875,7724.418643951416
2001-06-12 08:00:00,34684.0,34700.734375,-16.734375,16.734375,280.039306640625
2001-06-12 09:00:00,36603.0,36038.15625,564.84375,564.84375,319048.4619140625
2001-06-12 10:00:00,38263.0,38257.76953125,5.23046875,5.23046875,27.357803344726562
2001-06-12 11:00:00,39492.0,39863.5625,-371.5625,371.5625,138058.69140625
2001-06-12 12:00:00,40402.0,40230.546875,171.453125,171.453125,29396.174072265625
2001-06-12 13:00:00,41298.0,41137.40625,160.59375,160.59375,25790.3525390625
2001-06-12 14:00:00,42266.0,42184.578125,81.421875,81.421875,6629.521728515625
2001-06-12 15:00:00,42985.0,42405.00390625,579.99609375,579.99609375,336395.4687652588
2001-06-12 16:00:00,43512.0,43287.57421875,224.42578125,224.42578125,50366.93128967285
2001-06-12 17:00:00,43320.0,43840.83984375,-520.83984375,520.83984375,271274.1428375244
2001-06-12 18:00:00,42225.0,41879.5390625,345.4609375,345.4609375,119343.2593383789
2001-06-12 19:00:00,40823.0,40580.64453125,242.35546875,242.35546875,58736.17323303223
2001-06-12 20:00:00,40675.0,40124.19921875,550.80078125,550.80078125,303381.50062561035
2001-06-12 21:00:00,40031.0,39287.5234375,743.4765625,743.4765625,552757.3989868164
2001-06-12 22:00:00,36772.0,36362.71484375,409.28515625,409.28515625,167514.3391265869
2001-06-12 23:00:00,33119.0,33091.75390625,27.24609375,27.24609375,742.3496246337891
2001-06-13 00:00:00,30150.0,30532.412109375,-382.412109375,382.412109375,146239.02139663696
2001-06-13 01:00:00,28621.0,28395.287109375,225.712890625,225.712890625,50946.30899429321
2001-06-13 02:00:00,27401.0,27702.521484375,-301.521484375,301.521484375,90915.20553970337
2001-06-13 03:00:00,26570.0,26713.970703125,-143.970703125,143.970703125,20727.563358306885
2001-06-13 04:00:00,26502.0,26496.431640625,5.568359375,5.568359375,31.00662612915039
2001-06-13 05:00:00,27668.0,27311.390625,356.609375,356.609375,127170.24633789062
2001-06-13 06:00:00,30643.0,30429.099609375,213.900390625,213.900390625,45753.37710952759
2001-06-13 07:00:00,34392.0,33729.8984375,662.1015625,662.1015625,438378.4790649414
2001-06-13 08:00:00,36996.0,36724.34375,271.65625,271.65625,73797.1181640625
2001-06-13 09:00:00,39126.0,38641.1171875,484.8828125,484.8828125,235111.34185791016
2001-06-13 10:00:00,41222.0,41392.4296875,-170.4296875,170.4296875,29046.278381347656
2001-06-13 11:00:00,42839.0,42455.8125,383.1875,383.1875,146832.66015625
2001-06-13 12:00:00,43855.0,44155.2421875,-300.2421875,300.2421875,90145.37115478516
2001-06-13 13:00:00,44834.0,44550.45703125,283.54296875,283.54296875,80396.61512756348
2001-06-13 14:00:00,45827.0,45041.8671875,785.1328125,785.1328125,616433.5332641602
2001-06-13 15:00:00,46438.0,45502.65625,935.34375,935.34375,874867.9306640625
2001-06-13 16:00:00,46937.0,46794.9609375,142.0390625,142.0390625,20175.095275878906
2001-06-13 17:00:00,46663.0,46152.8828125,510.1171875,510.1171875,260219.54498291016
2001-06-13 18:00:00,45416.0,45369.3828125,46.6171875,46.6171875,2173.1621704101562
2001-06-13 19:00:00,43834.0,44092.64453125,-258.64453125,258.64453125,66896.99354553223
2001-06-13 20:00:00,43064.0,43699.64453125,-635.64453125,635.64453125,404043.9701080322
2001-06-13 21:00:00,42599.0,41832.6484375,766.3515625,766.3515625,587294.7173461914
2001-06-13 22:00:00,39090.0,39289.1875,-199.1875,199.1875,39675.66015625
2001-06-13 23:00:00,35104.0,35395.5859375,-291.5859375,291.5859375,85022.3589477539
2001-06-14 00:00:00,31839.0,32025.05859375,-186.05859375,186.05859375,34617.80030822754
2001-06-14 01:00:00,29922.0,29774.958984375,147.041015625,147.041015625,21621.060276031494
2001-06-14 02:00:00,28578.0,28623.41796875,-45.41796875,45.41796875,2062.7918853759766
2001-06-14 03:00:00,27807.0,27706.693359375,100.306640625,100.306640625,10061.4221534729
2001-06-14 04:00:00,27827.0,27505.513671875,321.486328125,321.486328125,103353.45917129517
2001-06-14 05:00:00,29136.0,28736.505859375,399.494140625,399.494140625,159595.56839370728
2001-06-14 06:00:00,31828.0,31230.068359375,597.931640625,597.931640625,357522.24686050415
2001-06-14 07:00:00,35061.0,35039.00390625,21.99609375,21.99609375,483.82814025878906
2001-06-14 08:00:00,36950.0,38217.859375,-1267.859375,1267.859375,1607467.3947753906
2001-06-14 09:00:00,38278.0,38998.67578125,-720.67578125,720.67578125,519373.58168029785
2001-06-14 10:00:00,39628.0,39724.01953125,-96.01953125,96.01953125,9219.750381469727
2001-06-14 11:00:00,40682.0,40672.26171875,9.73828125,9.73828125,94.83412170410156
2001-06-14 12:00:00,41719.0,41609.5859375,109.4140625,109.4140625,11971.437072753906
2001-06-14 13:00:00,42964.0,42106.23046875,857.76953125,857.76953125,735768.5687408447
2001-06-14 14:00:00,44132.0,43338.03125,793.96875,793.96875,630386.3759765625
2001-06-14 15:00:00,45200.0,44589.14453125,610.85546875,610.85546875,373144.4037017822
2001-06-14 16:00:00,45682.0,45629.984375,52.015625,52.015625,2705.625244140625
2001-06-14 17:00:00,45515.0,45438.39453125,76.60546875,76.60546875,5868.397842407227
2001-06-14 18:00:00,44342.0,44169.4453125,172.5546875,172.5546875,29775.120178222656
2001-06-14 19:00:00,42730.0,43277.4140625,-547.4140625,547.4140625,299662.1558227539
2001-06-14 20:00:00,41733.0,41934.984375,-201.984375,201.984375,40797.687744140625
2001-06-14 21:00:00,41405.0,40703.875,701.125,701.125,491576.265625
2001-06-14 22:00:00,38316.0,38842.90234375,-526.90234375,526.90234375,277626.07984924316
2001-06-14 23:00:00,34426.0,35047.0546875,-621.0546875,621.0546875,385708.92486572266
2001-06-15 00:00:00,31259.0,31428.166015625,-169.166015625,169.166015625,28617.140842437744
2001-06-15 01:00:00,29637.0,29010.560546875,626.439453125,626.439453125,392426.3884315491
2001-06-15 02:00:00,28533.0,28131.41796875,401.58203125,401.58203125,161268.12782287598
2001-06-15 03:00:00,27606.0,28127.33203125,-521.33203125,521.33203125,271787.086807251
2001-06-15 04:00:00,27783.0,27282.59765625,500.40234375,500.40234375,250402.50563049316
2001-06-15 05:00:00,29013.0,28646.861328125,366.138671875,366.138671875,134057.52704238892
2001-06-15 06:00:00,31766.0,31273.33203125,492.66796875,492.66796875,242721.72743225098
2001-06-15 07:00:00,35000.0,34745.6171875,254.3828125,254.3828125,64710.615295410156
2001-06-15 08:00:00,37030.0,37799.6015625,-769.6015625,769.6015625,592286.5650024414
2001-06-15 09:00:00,38440.0,38912.8359375,-472.8359375,472.8359375,223573.8237915039
2001-06-15 10:00:00,39817.0,39924.34375,-107.34375,107.34375,11522.6806640625
2001-06-15 11:00:00,41047.0,41040.4140625,6.5859375,6.5859375,43.37457275390625
2001-06-15 12:00:00,42101.0,41880.875,220.125,220.125,48455.015625
2001-06-15 13:00:00,43171.0,43032.88671875,138.11328125,138.11328125,19075.2784576416
2001-06-15 14:00:00,43724.0,43842.16796875,-118.16796875,118.16796875,13963.668838500977
2001-06-15 15:00:00,43949.0,44186.46484375,-237.46484375,237.46484375,56389.552017211914
2001-06-15 16:00:00,43939.0,43772.921875,166.078125,166.078125,27581.943603515625
2001-06-15 17:00:00,43263.0,43121.89453125,141.10546875,141.10546875,19910.753311157227
2001-06-15 18:00:00,41847.0,41730.57421875,116.42578125,116.42578125,13554.962539672852
2001-06-15 19:00:00,40253.0,40606.36328125,-353.36328125,353.36328125,124865.6085357666
2001-06-15 20:00:00,39324.0,39364.5078125,-40.5078125,40.5078125,1640.8828735351562
2001-06-15 21:00:00,39304.0,38297.125,1006.875,1006.875,1013797.265625
2001-06-15 22:00:00,36886.0,35898.1484375,987.8515625,987.8515625,975850.7095336914
2001-06-15 23:00:00,33817.0,33683.05078125,133.94921875,133.94921875,17942.39320373535
2001-06-16 00:00:00,31044.0,31293.2734375,-249.2734375,249.2734375,62137.246643066406
2001-06-16 01:00:00,29117.0,29040.18359375,76.81640625,76.81640625,5900.760269165039
2001-06-16 02:00:00,27835.0,27729.921875,105.078125,105.078125,11041.412353515625
2001-06-16 03:00:00,26956.0,27270.314453125,-314.314453125,314.314453125,98793.57544326782
2001-06-16 04:00:00,26606.0,26812.392578125,-206.392578125,206.392578125,42597.89630508423
2001-06-16 05:00:00,26824.0,27405.49609375,-581.49609375,581.49609375,338137.7070465088
2001-06-16 06:00:00,27332.0,28362.236328125,-1030.236328125,1030.236328125,1061386.8917884827
2001-06-16 07:00:00,29283.0,28531.7578125,751.2421875,751.2421875,564364.8242797852
2001-06-16 08:00:00,31917.0,32378.544921875,-461.544921875,461.544921875,213023.71490859985
2001-06-16 09:00:00,34427.0,34169.52734375,257.47265625,257.47265625,66292.16871643066
2001-06-16 10:00:00,35912.0,36103.09375,-191.09375,191.09375,36516.8212890625
2001-06-16 11:00:00,36626.0,36900.828125,-274.828125,274.828125,75530.49829101562
2001-06-16 12:00:00,37043.0,37112.5546875,-69.5546875,69.5546875,4837.854553222656
2001-06-16 13:00:00,36905.0,37258.90625,-353.90625,353.90625,125249.6337890625
2001-06-16 14:00:00,36595.0,37288.5625,-693.5625,693.5625,481028.94140625
2001-06-16 15:00:00,36212.0,36419.8203125,-207.8203125,207.8203125,43189.282287597656
2001-06-16 16:00:00,35784.0,35846.08984375,-62.08984375,62.08984375,3855.148696899414
2001-06-16 17:00:00,35324.0,35327.67578125,-3.67578125,3.67578125,13.511367797851562
2001-06-16 18:00:00,34767.0,35106.58203125,-339.58203125,339.58203125,115315.95594787598
2001-06-16 19:00:00,34245.0,34546.1796875,-301.1796875,301.1796875,90709.20416259766
2001-06-16 20:00:00,34511.0,33961.3203125,549.6796875,549.6796875,302147.75885009766
2001-06-16 21:00:00,34522.0,34299.1953125,222.8046875,222.8046875,49641.928771972656
2001-06-16 22:00:00,32780.0,33547.6875,-767.6875,767.6875,589344.09765625
2001-06-16 23:00:00,30256.0,30681.92578125,-425.92578125,425.92578125,181412.77113342285
2001-06-17 00:00:00,28092.0,27838.37109375,253.62890625,253.62890625,64327.62208557129
2001-06-17 01:00:00,26514.0,26146.00390625,367.99609375,367.99609375,135421.1250152588
2001-06-17 02:00:00,25415.0,25337.64453125,77.35546875,77.35546875,5983.868545532227
2001-06-17 03:00:00,24346.0,24731.068359375,-385.068359375,385.068359375,148277.64139175415
2001-06-17 04:00:00,23864.0,24031.822265625,-167.822265625,167.822265625,28164.312839508057
2001-06-17 05:00:00,23423.0,23759.556640625,-336.556640625,336.556640625,113270.3723487854
2001-06-17 06:00:00,23239.0,24230.103515625,-991.103515625,991.103515625,982286.1786842346
2001-06-17 07:00:00,24390.0,23714.05078125,675.94921875,675.94921875,456907.34632873535
2001-06-17 08:00:00,26584.0,26434.853515625,149.146484375,149.146484375,22244.67380142212
2001-06-17 09:00:00,28490.0,28926.6328125,-436.6328125,436.6328125,190648.21295166016
2001-06-17 10:00:00,30079.0,29964.095703125,114.904296875,114.904296875,13202.997440338135
2001-06-17 11:00:00,30945.0,31535.173828125,-590.173828125,590.173828125,348305.14740371704
2001-06-17 12:00:00,31352.0,31698.068359375,-346.068359375,346.068359375,119763.30936050415
2001-06-17 13:00:00,31749.0,31409.0703125,339.9296875,339.9296875,115552.19244384766
2001-06-17 14:00:00,32101.0,31685.490234375,415.509765625,415.509765625,172648.36532974243
2001-06-17 15:00:00,32745.0,32163.935546875,581.064453125,581.064453125,337635.8986854553
2001-06-17 16:00:00,33744.0,32890.25,853.75,853.75,728889.0625
2001-06-17 17:00:00,34389.0,34298.35546875,90.64453125,90.64453125,8216.431045532227
2001-06-17 18:00:00,34366.0,34734.1015625,-368.1015625,368.1015625,135498.7603149414
2001-06-17 19:00:00,33649.0,34406.90625,-757.90625,757.90625,574421.8837890625
2001-06-17 20:00:00,33407.0,33530.9140625,-123.9140625,123.9140625,15354.694885253906
2001-06-17 21:00:00,34349.0,32979.40234375,1369.59765625,1369.59765625,1875797.7400054932
2001-06-17 22:00:00,32732.0,33311.56640625,-579.56640625,579.56640625,335897.21925354004
2001-06-17 23:00:00,29670.0,31376.23046875,-1706.23046875,1706.23046875,2911222.4124908447
2001-06-18 00:00:00,27053.0,27411.96875,-358.96875,358.96875,128858.5634765625
2001-06-18 01:00:00,25251.0,24985.556640625,265.443359375,265.443359375,70460.1770362854
2001-06-18 02:00:00,24264.0,23865.134765625,398.865234375,398.865234375,159093.47519302368
2001-06-18 03:00:00,23710.0,23531.978515625,178.021484375,178.021484375,31691.64889907837
2001-06-18 04:00:00,23851.0,23513.9140625,337.0859375,337.0859375,113626.9292602539
2001-06-18 05:00:00,24854.0,24257.560546875,596.439453125,596.439453125,355740.0212440491
2001-06-18 06:00:00,27407.0,26400.14453125,1006.85546875,1006.85546875,1013757.9349517822
2001-06-18 07:00:00,31134.0,31060.22265625,73.77734375,73.77734375,5443.096450805664
2001-06-18 08:00:00,33878.0,33684.7421875,193.2578125,193.2578125,37348.582092285156
2001-06-18 09:00:00,35729.0,35173.39453125,555.60546875,555.60546875,308697.4369049072
2001-06-18 10:00:00,37337.0,37264.921875,72.078125,72.078125,5195.256103515625
2001-06-18 11:00:00,38466.0,38505.90234375,-39.90234375,39.90234375,1592.197036743164
2001-06-18 12:00:00,39313.0,39328.08203125,-15.08203125,15.08203125,227.46766662597656
2001-06-18 13:00:00,40185.0,40002.53125,182.46875,182.46875,33294.8447265625
2001-06-18 14:00:00,40992.0,40793.046875,198.953125,198.953125,39582.345947265625
2001-06-18 15:00:00,41689.0,41306.234375,382.765625,382.765625,146509.52368164062
2001-06-18 16:00:00,42316.0,42007.59375,308.40625,308.40625,95114.4150390625
2001-06-18 17:00:00,42329.0,42547.02734375,-218.02734375,218.02734375,47535.922622680664
2001-06-18 18:00:00,41547.0,41569.3125,-22.3125,22.3125,497.84765625
2001-06-18 19:00:00,39821.0,40200.5625,-379.5625,379.5625,144067.69140625
2001-06-18 20:00:00,38664.0,39401.9453125,-737.9453125,737.9453125,544563.2842407227
2001-06-18 21:00:00,38480.0,37997.4140625,482.5859375,482.5859375,232889.1870727539
2001-06-18 22:00:00,35372.0,35720.41015625,-348.41015625,348.41015625,121389.63697814941
2001-06-18 23:00:00,31801.0,32244.705078125,-443.705078125,443.705078125,196874.19635391235
2001-06-19 00:00:00,28725.0,28939.98046875,-214.98046875,214.98046875,46216.60194396973
2001-06-19 01:00:00,26638.0,26964.095703125,-326.095703125,326.095703125,106338.40759658813
2001-06-19 02:00:00,25485.0,25734.455078125,-249.455078125,249.455078125,62227.83600234985
2001-06-19 03:00:00,24719.0,24810.115234375,-91.115234375,91.115234375,8301.985935211182
2001-06-19 04:00:00,24778.0,24349.064453125,428.935546875,428.935546875,183985.70337295532
2001-06-19 05:00:00,26049.0,25183.49609375,865.50390625,865.50390625,749097.0117340088
2001-06-19 06:00:00,28608.0,28886.27734375,-278.27734375,278.27734375,77438.28004455566
2001-06-19 07:00:00,32392.0,32156.857421875,235.142578125,235.142578125,55292.03204727173
2001-06-19 08:00:00,35480.0,34890.0,590.0,590.0,348100.0
2001-06-19 09:00:00,37770.0,37598.57421875,171.42578125,171.42578125,29386.79847717285
2001-06-19 10:00:00,39850.0,40054.08203125,-204.08203125,204.08203125,41649.47547912598
2001-06-19 11:00:00,41529.0,41481.50390625,47.49609375,47.49609375,2255.878921508789
2001-06-19 12:00:00,42658.0,42673.41015625,-15.41015625,15.41015625,237.47291564941406
2001-06-19 13:00:00,43917.0,43724.6484375,192.3515625,192.3515625,36999.123596191406
2001-06-19 14:00:00,44791.0,44286.1328125,504.8671875,504.8671875,254890.87701416016
2001-06-19 15:00:00,45511.0,44654.31640625,856.68359375,856.68359375,733906.779800415
2001-06-19 16:00:00,46165.0,45431.23046875,733.76953125,733.76953125,538417.7249908447
2001-06-19 17:00:00,46128.0,46669.09375,-541.09375,541.09375,292782.4462890625
2001-06-19 18:00:00,44782.0,45150.95703125,-368.95703125,368.95703125,136129.29090881348
2001-06-19 19:00:00,42894.0,42908.84375,-14.84375,14.84375,220.3369140625
2001-06-19 20:00:00,41775.0,42146.91796875,-371.91796875,371.91796875,138322.97547912598
2001-06-19 21:00:00,41396.0,41007.29296875,388.70703125,388.70703125,151093.15614318848
2001-06-19 22:00:00,37564.0,38851.359375,-1287.359375,1287.359375,1657294.1604003906
2001-06-19 23:00:00,33660.0,34315.3359375,-655.3359375,655.3359375,429465.1909790039
2001-06-20 00:00:00,30336.0,30946.888671875,-610.888671875,610.888671875,373184.9694252014
2001-06-20 01:00:00,28454.0,28620.44921875,-166.44921875,166.44921875,27705.34242248535
2001-06-20 02:00:00,27110.0,27584.19921875,-474.19921875,474.19921875,224864.89906311035
2001-06-20 03:00:00,26411.0,26277.5546875,133.4453125,133.4453125,17807.651428222656
2001-06-20 04:00:00,26298.0,26330.701171875,-32.701171875,32.701171875,1069.366641998291
2001-06-20 05:00:00,27481.0,27267.900390625,213.099609375,213.099609375,45411.44351577759
2001-06-20 06:00:00,29978.0,29862.08203125,115.91796875,115.91796875,13436.975479125977
2001-06-20 07:00:00,33698.0,32612.181640625,1085.818359375,1085.818359375,1179001.5095558167
2001-06-20 08:00:00,36732.0,35977.67578125,754.32421875,754.32421875,569005.0269927979
2001-06-20 09:00:00,39293.0,39113.15234375,179.84765625,179.84765625,32345.179458618164
2001-06-20 10:00:00,41554.0,41308.625,245.375,245.375,60208.890625
2001-06-20 11:00:00,43506.0,43385.86328125,120.13671875,120.13671875,14432.831192016602
2001-06-20 12:00:00,45219.0,44746.87109375,472.12890625,472.12890625,222905.7041168213
2001-06-20 13:00:00,47012.0,46212.4296875,799.5703125,799.5703125,639312.6846313477
2001-06-20 14:00:00,47399.0,47377.2734375,21.7265625,21.7265625,472.04351806640625
2001-06-20 15:00:00,48042.0,48413.28515625,-371.28515625,371.28515625,137852.6672515869
2001-06-20 16:00:00,48410.0,48502.5625,-92.5625,92.5625,8567.81640625
2001-06-20 17:00:00,47728.0,48055.41796875,-327.41796875,327.41796875,107202.52626037598
2001-06-20 18:00:00,46289.0,47173.12890625,-884.12890625,884.12890625,781683.9228668213
2001-06-20 19:00:00,43677.0,44730.33984375,-1053.33984375,1053.33984375,1109524.8264312744
2001-06-20 20:00:00,42039.0,43378.703125,-1339.703125,1339.703125,1794804.4631347656
2001-06-20 21:00:00,40800.0,41699.48828125,-899.48828125,899.48828125,809079.1681060791
2001-06-20 22:00:00,37511.0,37034.08984375,476.91015625,476.91015625,227443.2971343994
2001-06-20 23:00:00,33842.0,34036.71484375,-194.71484375,194.71484375,37913.870376586914
2001-06-21 00:00:00,30894.0,31100.94140625,-206.94140625,206.94140625,42824.74562072754
2001-06-21 01:00:00,28748.0,29171.15625,-423.15625,423.15625,179061.2119140625
2001-06-21 02:00:00,27538.0,27550.73046875,-12.73046875,12.73046875,162.06483459472656
2001-06-21 03:00:00,26756.0,26672.400390625,83.599609375,83.599609375,6988.894687652588
2001-06-21 04:00:00,26737.0,26584.431640625,152.568359375,152.568359375,23277.10428237915
2001-06-21 05:00:00,27821.0,27687.2265625,133.7734375,133.7734375,17895.332580566406
2001-06-21 06:00:00,30475.0,30331.140625,143.859375,143.859375,20695.519775390625
2001-06-21 07:00:00,33895.0,33487.1953125,407.8046875,407.8046875,166304.66314697266
2001-06-21 08:00:00,35973.0,36347.18359375,-374.18359375,374.18359375,140013.36183166504
2001-06-21 09:00:00,37892.0,37929.28125,-37.28125,37.28125,1389.8916015625
2001-06-21 10:00:00,39632.0,39729.2578125,-97.2578125,97.2578125,9459.082092285156
2001-06-21 11:00:00,40819.0,41147.94921875,-328.94921875,328.94921875,108207.58851623535
2001-06-21 12:00:00,40969.0,41278.35546875,-309.35546875,309.35546875,95700.80604553223
2001-06-21 13:00:00,42254.0,41575.15625,678.84375,678.84375,460828.8369140625
2001-06-21 14:00:00,42712.0,42798.65625,-86.65625,86.65625,7509.3056640625
2001-06-21 15:00:00,42718.0,42575.84375,142.15625,142.15625,20208.3994140625
2001-06-21 16:00:00,42287.0,42371.30859375,-84.30859375,84.30859375,7107.938980102539
2001-06-21 17:00:00,41466.0,41502.89453125,-36.89453125,36.89453125,1361.2064361572266
2001-06-21 18:00:00,40039.0,39814.08203125,224.91796875,224.91796875,50588.09266662598
2001-06-21 19:00:00,38597.0,38324.18359375,272.81640625,272.81640625,74428.79151916504
2001-06-21 20:00:00,38216.0,38080.84375,135.15625,135.15625,18267.2119140625
2001-06-21 21:00:00,37961.0,37239.96484375,721.03515625,721.03515625,519891.6965484619
2001-06-21 22:00:00,35202.0,34756.87109375,445.12890625,445.12890625,198139.7431793213
2001-06-21 23:00:00,31964.0,32241.22265625,-277.22265625,277.22265625,76852.40113830566
2001-06-22 00:00:00,29400.0,29068.873046875,331.126953125,331.126953125,109645.05908584595
2001-06-22 01:00:00,27715.0,27642.265625,72.734375,72.734375,5290.289306640625
2001-06-22 02:00:00,26812.0,26663.76953125,148.23046875,148.23046875,21972.271865844727
2001-06-22 03:00:00,26152.0,26209.435546875,-57.435546875,57.435546875,3298.8420448303223
2001-06-22 04:00:00,26328.0,26410.8828125,-82.8828125,82.8828125,6869.560607910156
2001-06-22 05:00:00,27534.0,27458.974609375,75.025390625,75.025390625,5628.809238433838
2001-06-22 06:00:00,29974.0,29970.05859375,3.94140625,3.94140625,15.534683227539062
2001-06-22 07:00:00,33472.0,32728.1796875,743.8203125,743.8203125,553268.6572875977
2001-06-22 08:00:00,36132.0,35957.37109375,174.62890625,174.62890625,30495.25489807129
2001-06-22 09:00:00,37957.0,38512.58984375,-555.58984375,555.58984375,308680.0744781494
2001-06-22 10:00:00,39702.0,39657.92578125,44.07421875,44.07421875,1942.5367584228516
2001-06-22 11:00:00,41055.0,41388.625,-333.625,333.625,111305.640625
2001-06-22 12:00:00,41849.0,41936.6796875,-87.6796875,87.6796875,7687.727600097656
2001-06-22 13:00:00,42723.0,42900.07421875,-177.07421875,177.07421875,31355.27894592285
2001-06-22 14:00:00,43193.0,43180.5859375,12.4140625,12.4140625,154.10894775390625
2001-06-22 15:00:00,43186.0,43358.359375,-172.359375,172.359375,29707.754150390625
2001-06-22 16:00:00,42857.0,43236.49609375,-379.49609375,379.49609375,144017.2851715088
2001-06-22 17:00:00,41970.0,42325.65234375,-355.65234375,355.65234375,126488.58961486816
2001-06-22 18:00:00,40145.0,40954.98046875,-809.98046875,809.98046875,656068.3597564697
2001-06-22 19:00:00,38532.0,38988.61328125,-456.61328125,456.61328125,208495.6886138916
2001-06-22 20:00:00,37459.0,37896.296875,-437.296875,437.296875,191228.55688476562
2001-06-22 21:00:00,36854.0,35774.7421875,1079.2578125,1079.2578125,1164797.4258422852
2001-06-22 22:00:00,34534.0,33907.34375,626.65625,626.65625,392698.0556640625
2001-06-22 23:00:00,31566.0,31209.8125,356.1875,356.1875,126869.53515625
2001-06-23 00:00:00,28858.0,29197.55859375,-339.55859375,339.55859375,115300.03858947754
2001-06-23 01:00:00,27219.0,27335.146484375,-116.146484375,116.146484375,13490.00583267212
2001-06-23 02:00:00,25992.0,26388.001953125,-396.001953125,396.001953125,156817.5468788147
2001-06-23 03:00:00,25192.0,25276.564453125,-84.564453125,84.564453125,7151.146732330322
2001-06-23 04:00:00,25056.0,25003.115234375,52.884765625,52.884765625,2796.7984352111816
2001-06-23 05:00:00,25332.0,25481.046875,-149.046875,149.046875,22214.970947265625
2001-06-23 06:00:00,25931.0,26578.87890625,-647.87890625,647.87890625,419747.0771636963
2001-06-23 07:00:00,27740.0,27521.654296875,218.345703125,218.345703125,47674.846073150635
2001-06-23 08:00:00,30327.0,30171.353515625,155.646484375,155.646484375,24225.82809829712
2001-06-23 09:00:00,32705.0,32830.58203125,-125.58203125,125.58203125,15770.846572875977
2001-06-23 10:00:00,34325.0,34251.515625,73.484375,73.484375,5399.953369140625
2001-06-23 11:00:00,35417.0,35537.2421875,-120.2421875,120.2421875,14458.183654785156
2001-06-23 12:00:00,35887.0,36061.08984375,-174.08984375,174.08984375,30307.273696899414
2001-06-23 13:00:00,35641.0,36184.36328125,-543.36328125,543.36328125,295243.6554107666
2001-06-23 14:00:00,34667.0,35807.375,-1140.375,1140.375,1300455.140625
2001-06-23 15:00:00,33835.0,34801.63671875,-966.63671875,966.63671875,934386.5460357666
2001-06-23 16:00:00,33398.0,33776.42578125,-378.42578125,378.42578125,143206.07191467285
2001-06-23 17:00:00,33149.0,33304.19140625,-155.19140625,155.19140625,24084.37257385254
2001-06-23 18:00:00,32822.0,33153.86328125,-331.86328125,331.86328125,110133.2374420166
2001-06-23 19:00:00,32229.0,32621.669921875,-392.669921875,392.669921875,154189.6675453186
2001-06-23 20:00:00,31856.0,32380.517578125,-524.517578125,524.517578125,275118.6897621155
2001-06-23 21:00:00,32108.0,31227.134765625,880.865234375,880.865234375,775923.5611305237
2001-06-23 22:00:00,30458.0,30846.919921875,-388.919921875,388.919921875,151258.7056312561
2001-06-23 23:00:00,27925.0,28025.865234375,-100.865234375,100.865234375,10173.795505523682
2001-06-24 00:00:00,25682.0,25855.392578125,-173.392578125,173.392578125,30064.98614883423
2001-06-24 01:00:00,23884.0,23795.234375,88.765625,88.765625,7879.336181640625
2001-06-24 02:00:00,22770.0,22711.775390625,58.224609375,58.224609375,3390.105136871338
2001-06-24 03:00:00,21914.0,21856.044921875,57.955078125,57.955078125,3358.7910804748535
2001-06-24 04:00:00,21576.0,21368.359375,207.640625,207.640625,43114.629150390625
2001-06-24 05:00:00,21441.0,21652.94140625,-211.94140625,211.94140625,44919.15968322754
2001-06-24 06:00:00,21238.0,21706.875,-468.875,468.875,219843.765625
2001-06-24 07:00:00,22653.0,22021.9140625,631.0859375,631.0859375,398269.4605102539
2001-06-24 08:00:00,24909.0,24559.619140625,349.380859375,349.380859375,122066.98489761353
2001-06-24 09:00:00,26850.0,26953.388671875,-103.388671875,103.388671875,10689.217472076416
2001-06-24 10:00:00,28526.0,28744.5390625,-218.5390625,218.5390625,47759.321838378906
2001-06-24 11:00:00,29541.0,29375.845703125,165.154296875,165.154296875,27275.941776275635
2001-06-24 12:00:00,30320.0,29975.236328125,344.763671875,344.763671875,118861.98944473267
2001-06-24 13:00:00,30860.0,30610.396484375,249.603515625,249.603515625,62301.91501235962
2001-06-24 14:00:00,31200.0,30886.759765625,313.240234375,313.240234375,98119.44443130493
2001-06-24 15:00:00,31471.0,31239.228515625,231.771484375,231.771484375,53718.02096939087
2001-06-24 16:00:00,31905.0,31771.083984375,133.916015625,133.916015625,17933.499240875244
2001-06-24 17:00:00,32369.0,32194.751953125,174.248046875,174.248046875,30362.381839752197
2001-06-24 18:00:00,32065.0,32311.021484375,-246.021484375,246.021484375,60526.57077407837
2001-06-24 19:00:00,31447.0,31882.19140625,-435.19140625,435.19140625,189391.56007385254
2001-06-24 20:00:00,31360.0,31271.361328125,88.638671875,88.638671875,7856.814151763916
2001-06-24 21:00:00,32162.0,31543.25390625,618.74609375,618.74609375,382846.7285308838
2001-06-24 22:00:00,30489.0,30706.92578125,-217.92578125,217.92578125,47491.64613342285
2001-06-24 23:00:00,27594.0,28609.4140625,-1015.4140625,1015.4140625,1031065.7183227539
2001-06-25 00:00:00,25348.0,25082.46875,265.53125,265.53125,70506.8447265625
2001-06-25 01:00:00,23814.0,23601.9296875,212.0703125,212.0703125,44973.817443847656
2001-06-25 02:00:00,23021.0,22844.84765625,176.15234375,176.15234375,31029.648208618164
2001-06-25 03:00:00,22588.0,22566.8671875,21.1328125,21.1328125,446.59576416015625
2001-06-25 04:00:00,22859.0,22341.716796875,517.283203125,517.283203125,267581.91223526
2001-06-25 05:00:00,24158.0,23810.15234375,347.84765625,347.84765625,120997.99195861816
2001-06-25 06:00:00,26625.0,26506.083984375,118.916015625,118.916015625,14141.018772125244
2001-06-25 07:00:00,30197.0,30010.109375,186.890625,186.890625,34928.105712890625
2001-06-25 08:00:00,32921.0,33315.2578125,-394.2578125,394.2578125,155439.22271728516
2001-06-25 09:00:00,35058.0,34754.3125,303.6875,303.6875,92226.09765625
2001-06-25 10:00:00,36839.0,36636.75390625,202.24609375,202.24609375,40903.48243713379
2001-06-25 11:00:00,38110.0,38284.5859375,-174.5859375,174.5859375,30480.249572753906
2001-06-25 12:00:00,38926.0,39265.609375,-339.609375,339.609375,115334.52758789062
2001-06-25 13:00:00,39782.0,39981.2265625,-199.2265625,199.2265625,39691.223205566406
2001-06-25 14:00:00,40551.0,40563.6171875,-12.6171875,12.6171875,159.19342041015625
2001-06-25 15:00:00,40953.0,41289.34375,-336.34375,336.34375,113127.1181640625
2001-06-25 16:00:00,41254.0,41268.2890625,-14.2890625,14.2890625,204.17730712890625
2001-06-25 17:00:00,41376.0,40965.140625,410.859375,410.859375,168805.42602539062
2001-06-25 18:00:00,40435.0,40209.33984375,225.66015625,225.66015625,50922.506118774414
2001-06-25 19:00:00,38953.0,39448.78125,-495.78125,495.78125,245799.0478515625
2001-06-25 20:00:00,37910.0,38695.96484375,-785.96484375,785.96484375,617740.7356109619
2001-06-25 21:00:00,37865.0,37385.6875,479.3125,479.3125,229740.47265625
2001-06-25 22:00:00,35100.0,34849.82421875,250.17578125,250.17578125,62587.92152404785
2001-06-25 23:00:00,31167.0,31910.576171875,-743.576171875,743.576171875,552905.5233802795
2001-06-26 00:00:00,28222.0,28220.150390625,1.849609375,1.849609375,3.4210548400878906
2001-06-26 01:00:00,26381.0,26488.888671875,-107.888671875,107.888671875,11639.965518951416
2001-06-26 02:00:00,25318.0,25580.037109375,-262.037109375,262.037109375,68663.44668960571
2001-06-26 03:00:00,24569.0,24678.78515625,-109.78515625,109.78515625,12052.780532836914
2001-06-26 04:00:00,24691.0,24364.521484375,326.478515625,326.478515625,106588.22116470337
2001-06-26 05:00:00,25746.0,25579.73828125,166.26171875,166.26171875,27642.9591217041
2001-06-26 06:00:00,28289.0,28106.296875,182.703125,182.703125,33380.431884765625
2001-06-26 07:00:00,31915.0,31675.287109375,239.712890625,239.712890625,57462.26993179321
2001-06-26 08:00:00,34900.0,34393.375,506.625,506.625,256668.890625
2001-06-26 09:00:00,37267.0,37186.13671875,80.86328125,80.86328125,6538.870254516602
2001-06-26 10:00:00,39653.0,39347.87890625,305.12109375,305.12109375,93098.88185119629
2001-06-26 11:00:00,41174.0,41320.53125,-146.53125,146.53125,21471.4072265625
2001-06-26 12:00:00,42324.0,42190.19140625,133.80859375,133.80859375,17904.73976135254
2001-06-26 13:00:00,43265.0,43485.54296875,-220.54296875,220.54296875,48639.20106506348
2001-06-26 14:00:00,43833.0,43859.01171875,-26.01171875,26.01171875,676.6095123291016
2001-06-26 15:00:00,44612.0,43921.34375,690.65625,690.65625,477006.0556640625
2001-06-26 16:00:00,45134.0,44288.07421875,845.92578125,845.92578125,715590.4273834229
2001-06-26 17:00:00,45193.0,44978.62109375,214.37890625,214.37890625,45958.31544494629
2001-06-26 18:00:00,44373.0,44487.390625,-114.390625,114.390625,13085.215087890625
2001-06-26 19:00:00,42755.0,42564.76171875,190.23828125,190.23828125,36190.6036529541
2001-06-26 20:00:00,41478.0,42377.50390625,-899.50390625,899.50390625,809107.2773590088
2001-06-26 21:00:00,41367.0,40049.265625,1317.734375,1317.734375,1736423.8830566406
2001-06-26 22:00:00,38273.0,38210.18359375,62.81640625,62.81640625,3945.900894165039
2001-06-26 23:00:00,34168.0,34850.04296875,-682.04296875,682.04296875,465182.6112213135
2001-06-27 00:00:00,30934.0,31220.97265625,-286.97265625,286.97265625,82353.30543518066
2001-06-27 01:00:00,28791.0,28846.037109375,-55.037109375,55.037109375,3029.083408355713
2001-06-27 02:00:00,27561.0,27889.70703125,-328.70703125,328.70703125,108048.31239318848
2001-06-27 03:00:00,26728.0,26665.00390625,62.99609375,62.99609375,3968.507827758789
2001-06-27 04:00:00,26532.0,26562.53515625,-30.53515625,30.53515625,932.3957672119141
2001-06-27 05:00:00,27721.0,27515.9765625,205.0234375,205.0234375,42034.609924316406
2001-06-27 06:00:00,30259.0,30514.740234375,-255.740234375,255.740234375,65403.06747817993
2001-06-27 07:00:00,34195.0,33327.22265625,867.77734375,867.77734375,753037.5183258057
2001-06-27 08:00:00,37538.0,36321.328125,1216.671875,1216.671875,1480290.4514160156
2001-06-27 09:00:00,40115.0,39647.91015625,467.08984375,467.08984375,218172.9221343994
2001-06-27 10:00:00,42695.0,42229.390625,465.609375,465.609375,216792.09008789062
2001-06-27 11:00:00,44435.0,44044.7890625,390.2109375,390.2109375,152264.5757446289
2001-06-27 12:00:00,45459.0,45393.1171875,65.8828125,65.8828125,4340.544982910156
2001-06-27 13:00:00,46686.0,46160.02734375,525.97265625,525.97265625,276647.23512268066
2001-06-27 14:00:00,47561.0,47624.6484375,-63.6484375,63.6484375,4051.1235961914062
2001-06-27 15:00:00,48339.0,48515.8359375,-176.8359375,176.8359375,31270.948791503906
2001-06-27 16:00:00,48881.0,48335.37109375,545.62890625,545.62890625,297710.9033355713
2001-06-27 17:00:00,48758.0,47909.33203125,848.66796875,848.66796875,720237.321182251
2001-06-27 18:00:00,47667.0,47193.5234375,473.4765625,473.4765625,224180.0552368164
2001-06-27 19:00:00,46005.0,46184.59375,-179.59375,179.59375,32253.9150390625
2001-06-27 20:00:00,44925.0,45183.48828125,-258.48828125,258.48828125,66816.1915435791
2001-06-27 21:00:00,44417.0,44401.77734375,15.22265625,15.22265625,231.72926330566406
2001-06-27 22:00:00,41024.0,40640.5078125,383.4921875,383.4921875,147066.25787353516
2001-06-27 23:00:00,36924.0,37408.2109375,-484.2109375,484.2109375,234460.2319946289
2001-06-28 00:00:00,33575.0,33683.05859375,-108.05859375,108.05859375,11676.659683227539
2001-06-28 01:00:00,31535.0,31200.619140625,334.380859375,334.380859375,111810.55911636353
2001-06-28 02:00:00,30067.0,30108.98828125,-41.98828125,41.98828125,1763.0157623291016
2001-06-28 03:00:00,29150.0,29176.880859375,-26.880859375,26.880859375,722.5806007385254
2001-06-28 04:00:00,28991.0,28780.962890625,210.037109375,210.037109375,44115.58731460571
2001-06-28 05:00:00,29989.0,29731.884765625,257.115234375,257.115234375,66108.24374771118
2001-06-28 06:00:00,32549.0,31983.9375,565.0625,565.0625,319295.62890625
2001-06-28 07:00:00,36261.0,35301.34765625,959.65234375,959.65234375,920932.6208648682
2001-06-28 08:00:00,39589.0,39430.7109375,158.2890625,158.2890625,25055.427307128906
2001-06-28 09:00:00,42162.0,41797.89453125,364.10546875,364.10546875,132572.79237365723
2001-06-28 10:00:00,44664.0,44388.07421875,275.92578125,275.92578125,76135.03675842285
2001-06-28 11:00:00,46402.0,45806.234375,595.765625,595.765625,354936.6799316406
2001-06-28 12:00:00,47730.0,47421.05078125,308.94921875,308.94921875,95449.61976623535
2001-06-28 13:00:00,48833.0,49271.5078125,-438.5078125,438.5078125,192289.10162353516
2001-06-28 14:00:00,49539.0,49048.1640625,490.8359375,490.8359375,240919.9175415039
2001-06-28 15:00:00,49843.0,49190.52734375,652.47265625,652.47265625,425720.56715393066
2001-06-28 16:00:00,50157.0,49021.73828125,1135.26171875,1135.26171875,1288819.170059204
2001-06-28 17:00:00,49840.0,48349.56640625,1490.43359375,1490.43359375,2221392.29737854
2001-06-28 18:00:00,48773.0,47134.109375,1638.890625,1638.890625,2685962.4807128906
2001-06-28 19:00:00,47082.0,46776.8828125,305.1171875,305.1171875,93096.49810791016
2001-06-28 20:00:00,45858.0,45435.390625,422.609375,422.609375,178598.68383789062
2001-06-28 21:00:00,45261.0,44720.296875,540.703125,540.703125,292359.8693847656
2001-06-28 22:00:00,41822.0,41725.35546875,96.64453125,96.64453125,9340.165420532227
2001-06-28 23:00:00,37482.0,38091.83203125,-609.83203125,609.83203125,371895.106338501
2001-06-29 00:00:00,34165.0,34361.3515625,-196.3515625,196.3515625,38553.936096191406
2001-06-29 01:00:00,32066.0,31524.25,541.75,541.75,293493.0625
2001-06-29 02:00:00,30633.0,30873.05078125,-240.05078125,240.05078125,57624.37757873535
2001-06-29 03:00:00,29479.0,29796.38671875,-317.38671875,317.38671875,100734.3292388916
2001-06-29 04:00:00,29384.0,29133.72265625,250.27734375,250.27734375,62638.748794555664
2001-06-29 05:00:00,30387.0,30529.380859375,-142.380859375,142.380859375,20272.309116363525
2001-06-29 06:00:00,32628.0,32964.98828125,-336.98828125,336.98828125,113561.1016998291
2001-06-29 07:00:00,36203.0,36128.3984375,74.6015625,74.6015625,5565.393127441406
2001-06-29 08:00:00,39302.0,38957.08203125,344.91796875,344.91796875,118968.40516662598
2001-06-29 09:00:00,41868.0,41127.18359375,740.81640625,740.81640625,548808.947769165
2001-06-29 10:00:00,44081.0,44176.421875,-95.421875,95.421875,9105.334228515625
2001-06-29 11:00:00,45783.0,45841.453125,-58.453125,58.453125,3416.767822265625
2001-06-29 12:00:00,46887.0,46134.765625,752.234375,752.234375,565856.5549316406
2001-06-29 13:00:00,47922.0,47264.30078125,657.69921875,657.69921875,432568.26234436035
2001-06-29 14:00:00,48397.0,48650.23046875,-253.23046875,253.23046875,64125.67030334473
2001-06-29 15:00:00,48415.0,48323.82421875,91.17578125,91.17578125,8313.023086547852
2001-06-29 16:00:00,48199.0,49182.1953125,-983.1953125,983.1953125,966673.0225219727
2001-06-29 17:00:00,47449.0,48434.8125,-985.8125,985.8125,971826.28515625
2001-06-29 18:00:00,45932.0,47079.0390625,-1147.0390625,1147.0390625,1315698.610900879
2001-06-29 19:00:00,44229.0,44970.796875,-741.796875,741.796875,550262.6037597656
2001-06-29 20:00:00,43073.0,43518.01171875,-445.01171875,445.01171875,198035.4298248291
2001-06-29 21:00:00,42579.0,42232.375,346.625,346.625,120148.890625
2001-06-29 22:00:00,40001.0,39725.5234375,275.4765625,275.4765625,75887.3364868164
2001-06-29 23:00:00,36869.0,36178.05078125,690.94921875,690.94921875,477410.82289123535
2001-06-30 00:00:00,34004.0,33258.609375,745.390625,745.390625,555607.1838378906
2001-06-30 01:00:00,31711.0,31706.798828125,4.201171875,4.201171875,17.649845123291016
2001-06-30 02:00:00,30321.0,30161.388671875,159.611328125,159.611328125,25475.776065826416
2001-06-30 03:00:00,29299.0,29449.208984375,-150.208984375,150.208984375,22562.738986968994
2001-06-30 04:00:00,28779.0,29155.748046875,-376.748046875,376.748046875,141939.0908241272
2001-06-30 05:00:00,28647.0,29734.685546875,-1087.685546875,1087.685546875,1183059.8488807678
2001-06-30 06:00:00,29123.0,29569.87890625,-446.87890625,446.87890625,199700.7568511963
2001-06-30 07:00:00,31786.0,30881.4375,904.5625,904.5625,818233.31640625
2001-06-30 08:00:00,35923.0,35149.86328125,773.13671875,773.13671875,597740.3858795166
2001-06-30 09:00:00,39541.0,39040.6171875,500.3828125,500.3828125,250382.95904541016
2001-06-30 10:00:00,42404.0,42159.921875,244.078125,244.078125,59574.131103515625
2001-06-30 11:00:00,44584.0,43835.84375,748.15625,748.15625,559737.7744140625
2001-06-30 12:00:00,45563.0,45410.25,152.75,152.75,23332.5625
2001-06-30 13:00:00,45903.0,46133.89453125,-230.89453125,230.89453125,53312.28456115723
2001-06-30 14:00:00,46032.0,46137.8046875,-105.8046875,105.8046875,11194.631896972656
2001-06-30 15:00:00,45934.0,46616.53125,-682.53125,682.53125,465848.9072265625
2001-06-30 16:00:00,45698.0,46365.31640625,-667.31640625,667.31640625,445311.18605041504
2001-06-30 17:00:00,44899.0,44641.03125,257.96875,257.96875,66547.8759765625
2001-06-30 18:00:00,43592.0,43843.08203125,-251.08203125,251.08203125,63042.18641662598
2001-06-30 19:00:00,42234.0,43003.87109375,-769.87109375,769.87109375,592701.5009918213
2001-06-30 20:00:00,41494.0,41651.9140625,-157.9140625,157.9140625,24936.851135253906
2001-06-30 21:00:00,41069.0,40230.19140625,838.80859375,838.80859375,703599.8569488525
2001-06-30 22:00:00,38596.0,38673.3125,-77.3125,77.3125,5977.22265625
2001-06-30 23:00:00,35760.0,35838.390625,-78.390625,78.390625,6145.090087890625
2001-07-01 00:00:00,32664.0,32833.8515625,-169.8515625,169.8515625,28849.553283691406
2001-07-01 01:00:00,30571.0,30337.904296875,233.095703125,233.095703125,54333.606815338135
2001-07-01 02:00:00,29179.0,29015.71875,163.28125,163.28125,26660.7666015625
2001-07-01 03:00:00,28221.0,28252.05859375,-31.05859375,31.05859375,964.6362457275391
2001-07-01 04:00:00,27587.0,27939.76953125,-352.76953125,352.76953125,124446.34217834473
2001-07-01 05:00:00,27080.0,27650.884765625,-570.884765625,570.884765625,325909.4156227112
2001-07-01 06:00:00,27173.0,27693.4765625,-520.4765625,520.4765625,270895.8521118164
2001-07-01 07:00:00,29054.0,29047.20703125,6.79296875,6.79296875,46.14442443847656
2001-07-01 08:00:00,32184.0,31981.2734375,202.7265625,202.7265625,41098.059143066406
2001-07-01 09:00:00,35351.0,35052.125,298.875,298.875,89326.265625
2001-07-01 10:00:00,37778.0,37402.140625,375.859375,375.859375,141270.26977539062
2001-07-01 11:00:00,39361.0,39870.2578125,-509.2578125,509.2578125,259343.51959228516
2001-07-01 12:00:00,40609.0,40515.1796875,93.8203125,93.8203125,8802.251037597656
2001-07-01 13:00:00,41391.0,41174.72265625,216.27734375,216.27734375,46775.889419555664
2001-07-01 14:00:00,41616.0,41843.44140625,-227.44140625,227.44140625,51729.59327697754
2001-07-01 15:00:00,41494.0,42147.171875,-653.171875,653.171875,426633.4982910156
2001-07-01 16:00:00,40428.0,41837.88671875,-1409.88671875,1409.88671875,1987780.5597076416
2001-07-01 17:00:00,39076.0,40134.82421875,-1058.82421875,1058.82421875,1121108.7262115479
2001-07-01 18:00:00,36527.0,38702.86328125,-2175.86328125,2175.86328125,4734381.018692017
2001-07-01 19:00:00,34534.0,35494.296875,-960.296875,960.296875,922170.0881347656
2001-07-01 20:00:00,33911.0,34047.06640625,-136.06640625,136.06640625,18514.06690979004
2001-07-01 21:00:00,33781.0,34167.2578125,-386.2578125,386.2578125,149195.09771728516
2001-07-01 22:00:00,31910.0,33240.8671875,-1330.8671875,1330.8671875,1771207.4707641602
2001-07-01 23:00:00,29180.0,29941.095703125,-761.095703125,761.095703125,579266.6693153381
2001-07-02 00:00:00,26775.0,26970.453125,-195.453125,195.453125,38201.924072265625
2001-07-02 01:00:00,25183.0,25564.55078125,-381.55078125,381.55078125,145580.99867248535
2001-07-02 02:00:00,23479.0,24341.65625,-862.65625,862.65625,744175.8056640625
2001-07-02 03:00:00,22654.0,22251.490234375,402.509765625,402.509765625,162014.11142349243
2001-07-02 04:00:00,22915.0,22267.75390625,647.24609375,647.24609375,418927.5058746338
2001-07-02 05:00:00,23432.0,23034.134765625,397.865234375,397.865234375,158296.74472427368
2001-07-02 06:00:00,25059.0,24803.8359375,255.1640625,255.1640625,65108.698791503906
2001-07-02 07:00:00,27787.0,28194.361328125,-407.361328125,407.361328125,165943.25165176392
2001-07-02 08:00:00,29572.0,30288.197265625,-716.197265625,716.197265625,512938.5232887268
2001-07-02 09:00:00,30698.0,31442.8984375,-744.8984375,744.8984375,554873.6821899414
2001-07-02 10:00:00,31582.0,31813.828125,-231.828125,231.828125,53744.279541015625
2001-07-02 11:00:00,32055.0,32031.279296875,23.720703125,23.720703125,562.6717567443848
2001-07-02 12:00:00,32152.0,32175.0546875,-23.0546875,23.0546875,531.5186157226562
2001-07-02 13:00:00,32348.0,32157.333984375,190.666015625,190.666015625,36353.529514312744
2001-07-02 14:00:00,32620.0,32064.607421875,555.392578125,555.392578125,308460.9158363342
2001-07-02 15:00:00,32690.0,32845.2578125,-155.2578125,155.2578125,24104.988342285156
2001-07-02 16:00:00,32934.0,32537.724609375,396.275390625,396.275390625,157034.18521499634
2001-07-02 17:00:00,32881.0,32621.353515625,259.646484375,259.646484375,67416.29684829712
2001-07-02 18:00:00,32145.0,32149.2578125,-4.2578125,4.2578125,18.12896728515625
2001-07-02 19:00:00,31040.0,31841.419921875,-801.419921875,801.419921875,642273.8911781311
2001-07-02 20:00:00,30469.0,30940.162109375,-471.162109375,471.162109375,221993.73331069946
2001-07-02 21:00:00,30817.0,29624.9296875,1192.0703125,1192.0703125,1421031.6299438477
2001-07-02 22:00:00,28316.0,29991.2578125,-1675.2578125,1675.2578125,2806488.738342285
2001-07-02 23:00:00,25448.0,25754.984375,-306.984375,306.984375,94239.40649414062
2001-07-03 00:00:00,23122.0,23021.830078125,100.169921875,100.169921875,10034.013248443604
2001-07-03 01:00:00,21859.0,21946.046875,-87.046875,87.046875,7577.158447265625
2001-07-03 02:00:00,21123.0,20973.748046875,149.251953125,149.251953125,22276.145511627197
2001-07-03 03:00:00,20820.0,20881.53515625,-61.53515625,61.53515625,3786.575454711914
2001-07-03 04:00:00,21173.0,20797.697265625,375.302734375,375.302734375,140852.1424293518
2001-07-03 05:00:00,22197.0,22343.87890625,-146.87890625,146.87890625,21573.41310119629
2001-07-03 06:00:00,24356.0,25179.94921875,-823.94921875,823.94921875,678892.3150787354
2001-07-03 07:00:00,27237.0,27571.61328125,-334.61328125,334.61328125,111966.0479888916
2001-07-03 08:00:00,29482.0,29555.580078125,-73.580078125,73.580078125,5414.0278968811035
2001-07-03 09:00:00,31031.0,30604.654296875,426.345703125,426.345703125,181770.65857315063
2001-07-03 10:00:00,32065.0,32197.580078125,-132.580078125,132.580078125,17577.477115631104
2001-07-03 11:00:00,32882.0,32750.953125,131.046875,131.046875,17173.283447265625
2001-07-03 12:00:00,33246.0,33276.34375,-30.34375,30.34375,920.7431640625
2001-07-03 13:00:00,33737.0,33494.51953125,242.48046875,242.48046875,58796.77772521973
2001-07-03 14:00:00,33895.0,34428.78515625,-533.78515625,533.78515625,284926.5930328369
2001-07-03 15:00:00,33850.0,34132.15625,-282.15625,282.15625,79612.1494140625
2001-07-03 16:00:00,33753.0,33876.13671875,-123.13671875,123.13671875,15162.651504516602
2001-07-03 17:00:00,33492.0,33724.046875,-232.046875,232.046875,53845.752197265625
2001-07-03 18:00:00,32455.0,32822.69140625,-367.69140625,367.69140625,135196.97023010254
2001-07-03 19:00:00,31343.0,31599.982421875,-256.982421875,256.982421875,66039.96515274048
2001-07-03 20:00:00,30995.0,31531.751953125,-536.751953125,536.751953125,288102.6591835022
2001-07-03 21:00:00,31541.0,29401.6953125,2139.3046875,2139.3046875,4576624.545959473
2001-07-03 22:00:00,29627.0,30284.57421875,-657.57421875,657.57421875,432403.85316467285
2001-07-03 23:00:00,27072.0,26889.34765625,182.65234375,182.65234375,33361.878677368164
2001-07-04 00:00:00,25058.0,24502.896484375,555.103515625,555.103515625,308139.9130592346
2001-07-04 01:00:00,23603.0,23208.271484375,394.728515625,394.728515625,155810.60104751587
2001-07-04 02:00:00,22753.0,22592.140625,160.859375,160.859375,25875.738525390625
2001-07-04 03:00:00,22242.0,22240.0703125,1.9296875,1.9296875,3.72369384765625
2001-07-04 04:00:00,22046.0,22441.9921875,-395.9921875,395.9921875,156809.81256103516
2001-07-04 05:00:00,22331.0,22741.623046875,-410.623046875,410.623046875,168611.28662490845
2001-07-04 06:00:00,22560.0,24050.068359375,-1490.068359375,1490.068359375,2220303.715610504
2001-07-04 07:00:00,23365.0,24276.849609375,-911.849609375,911.849609375,831469.7101173401
2001-07-04 08:00:00,25507.0,24871.880859375,635.119140625,635.119140625,403376.3227882385
2001-07-04 09:00:00,27960.0,27817.037109375,142.962890625,142.962890625,20438.388095855713
2001-07-04 10:00:00,29817.0,29767.13671875,49.86328125,49.86328125,2486.3468170166016
2001-07-04 11:00:00,31218.0,30722.146484375,495.853515625,495.853515625,245870.70895767212
2001-07-04 12:00:00,32018.0,32097.1953125,-79.1953125,79.1953125,6271.897521972656
2001-07-04 13:00:00,32624.0,32250.291015625,373.708984375,373.708984375,139658.405002594
2001-07-04 14:00:00,33284.0,33170.94921875,113.05078125,113.05078125,12780.479141235352
2001-07-04 15:00:00,33779.0,33608.70703125,170.29296875,170.29296875,28999.695205688477
2001-07-04 16:00:00,34316.0,34179.61328125,136.38671875,136.38671875,18601.3370513916
2001-07-04 17:00:00,34110.0,34377.3828125,-267.3828125,267.3828125,71493.56842041016
2001-07-04 18:00:00,33157.0,33750.046875,-593.046875,593.046875,351704.5959472656
2001-07-04 19:00:00,32282.0,32533.498046875,-251.498046875,251.498046875,63251.2675819397
2001-07-04 20:00:00,32303.0,32261.134765625,41.865234375,41.865234375,1752.6978492736816
2001-07-04 21:00:00,32240.0,32024.185546875,215.814453125,215.814453125,46575.87817764282
2001-07-04 22:00:00,31055.0,30915.052734375,139.947265625,139.947265625,19585.237155914307
2001-07-04 23:00:00,28791.0,28929.453125,-138.453125,138.453125,19169.267822265625
2001-07-05 00:00:00,26575.0,26297.896484375,277.103515625,277.103515625,76786.35837173462
2001-07-05 01:00:00,24934.0,24468.93359375,465.06640625,465.06640625,216286.76222229004
2001-07-05 02:00:00,23986.0,23672.5546875,313.4453125,313.4453125,98247.96392822266
2001-07-05 03:00:00,23404.0,23273.84765625,130.15234375,130.15234375,16939.632583618164
2001-07-05 04:00:00,23460.0,23433.48828125,26.51171875,26.51171875,702.8712310791016
2001-07-05 05:00:00,24460.0,23747.37890625,712.62109375,712.62109375,507828.8232574463
2001-07-05 06:00:00,26600.0,26236.56640625,363.43359375,363.43359375,132083.97706604004
2001-07-05 07:00:00,30277.0,29999.0390625,277.9609375,277.9609375,77262.2827758789
2001-07-05 08:00:00,33418.0,32777.265625,640.734375,640.734375,410540.5393066406
2001-07-05 09:00:00,35697.0,35498.8046875,198.1953125,198.1953125,39281.381896972656
2001-07-05 10:00:00,37804.0,37248.7578125,555.2421875,555.2421875,308293.88677978516
2001-07-05 11:00:00,39017.0,39374.37890625,-357.37890625,357.37890625,127719.68263244629
2001-07-05 12:00:00,39933.0,40050.9453125,-117.9453125,117.9453125,13911.096740722656
2001-07-05 13:00:00,40460.0,40475.48046875,-15.48046875,15.48046875,239.64491271972656
2001-07-05 14:00:00,40541.0,41221.0546875,-680.0546875,680.0546875,462474.37799072266
2001-07-05 15:00:00,40285.0,41071.43359375,-786.43359375,786.43359375,618477.79737854
2001-07-05 16:00:00,39917.0,40373.31640625,-456.31640625,456.31640625,208224.66261291504
2001-07-05 17:00:00,39086.0,39155.46875,-69.46875,69.46875,4825.9072265625
2001-07-05 18:00:00,37690.0,38235.46875,-545.46875,545.46875,297536.1572265625
2001-07-05 19:00:00,36136.0,36628.1953125,-492.1953125,492.1953125,242256.22564697266
2001-07-05 20:00:00,35026.0,35705.68359375,-679.68359375,679.68359375,461969.78761291504
2001-07-05 21:00:00,34262.0,33331.12109375,930.87890625,930.87890625,866535.5381011963
2001-07-05 22:00:00,31613.0,31833.9609375,-220.9609375,220.9609375,48823.735900878906
2001-07-05 23:00:00,28589.0,28869.4140625,-280.4140625,280.4140625,78632.0464477539
2001-07-06 00:00:00,25967.0,26150.716796875,-183.716796875,183.716796875,33751.86145401001
2001-07-06 01:00:00,24476.0,24582.1328125,-106.1328125,106.1328125,11264.173889160156
2001-07-06 02:00:00,23522.0,23535.41796875,-13.41796875,13.41796875,180.04188537597656
2001-07-06 03:00:00,22834.0,22926.857421875,-92.857421875,92.857421875,8622.500797271729
2001-07-06 04:00:00,22753.0,22971.84375,-218.84375,218.84375,47892.5869140625
2001-07-06 05:00:00,23432.0,23352.759765625,79.240234375,79.240234375,6279.014743804932
2001-07-06 06:00:00,25220.0,25207.798828125,12.201171875,12.201171875,148.86859512329102
2001-07-06 07:00:00,28207.0,28479.904296875,-272.904296875,272.904296875,74476.75525283813
2001-07-06 08:00:00,30569.0,30304.583984375,264.416015625,264.416015625,69915.82931900024
2001-07-06 09:00:00,32080.0,32533.857421875,-453.857421875,453.857421875,205986.55939102173
2001-07-06 10:00:00,33016.0,33256.83984375,-240.83984375,240.83984375,58003.830337524414
2001-07-06 11:00:00,33523.0,33605.84765625,-82.84765625,82.84765625,6863.734146118164
2001-07-06 12:00:00,33658.0,33743.7578125,-85.7578125,85.7578125,7354.402404785156
2001-07-06 13:00:00,33980.0,33538.328125,441.671875,441.671875,195074.04516601562
2001-07-06 14:00:00,34023.0,34269.1015625,-246.1015625,246.1015625,60565.979064941406
2001-07-06 15:00:00,34038.0,33994.99609375,43.00390625,43.00390625,1849.335952758789
2001-07-06 16:00:00,34073.0,33758.8828125,314.1171875,314.1171875,98669.60748291016
2001-07-06 17:00:00,33775.0,33454.53125,320.46875,320.46875,102700.2197265625
2001-07-06 18:00:00,32926.0,33058.80859375,-132.80859375,132.80859375,17638.12257385254
2001-07-06 19:00:00,31521.0,31864.33984375,-343.33984375,343.33984375,117882.24830627441
2001-07-06 20:00:00,30596.0,31442.75390625,-846.75390625,846.75390625,716992.1777496338
2001-07-06 21:00:00,30726.0,29809.43359375,916.56640625,916.56640625,840093.97706604
2001-07-06 22:00:00,28692.0,28742.95703125,-50.95703125,50.95703125,2596.6190338134766
2001-07-06 23:00:00,26202.0,25813.431640625,388.568359375,388.568359375,150985.36990737915
2001-07-07 00:00:00,23644.0,23816.2578125,-172.2578125,172.2578125,29672.753967285156
2001-07-07 01:00:00,22307.0,22275.763671875,31.236328125,31.236328125,975.708194732666
2001-07-07 02:00:00,21275.0,21573.984375,-298.984375,298.984375,89391.65649414062
2001-07-07 03:00:00,20767.0,20740.330078125,26.669921875,26.669921875,711.2847328186035
2001-07-07 04:00:00,20601.0,20670.564453125,-69.564453125,69.564453125,4839.213138580322
2001-07-07 05:00:00,20907.0,20807.4375,99.5625,99.5625,9912.69140625
2001-07-07 06:00:00,21442.0,22036.8828125,-594.8828125,594.8828125,353885.56060791016
2001-07-07 07:00:00,23045.0,23281.578125,-236.578125,236.578125,55969.209228515625
2001-07-07 08:00:00,25671.0,25317.45703125,353.54296875,353.54296875,124992.63075256348
2001-07-07 09:00:00,27937.0,27580.970703125,356.029296875,356.029296875,126756.86023330688
2001-07-07 10:00:00,29723.0,29380.41796875,342.58203125,342.58203125,117362.44813537598
2001-07-07 11:00:00,30499.0,30347.88671875,151.11328125,151.11328125,22835.2237701416
2001-07-07 12:00:00,30986.0,31075.923828125,-89.923828125,89.923828125,8086.294864654541
2001-07-07 13:00:00,31093.0,31389.37890625,-296.37890625,296.37890625,87840.45606994629
2001-07-07 14:00:00,31439.0,31285.380859375,153.619140625,153.619140625,23598.840366363525
2001-07-07 15:00:00,31720.0,32007.9765625,-287.9765625,287.9765625,82930.5005493164
2001-07-07 16:00:00,32233.0,32039.697265625,193.302734375,193.302734375,37365.94711685181
2001-07-07 17:00:00,32616.0,32293.982421875,322.017578125,322.017578125,103695.32062149048
2001-07-07 18:00:00,32182.0,32341.6796875,-159.6796875,159.6796875,25497.602600097656
2001-07-07 19:00:00,31289.0,31859.3828125,-570.3828125,570.3828125,325336.55279541016
2001-07-07 20:00:00,31008.0,31572.421875,-564.421875,564.421875,318572.0529785156
2001-07-07 21:00:00,31293.0,31071.6640625,221.3359375,221.3359375,48989.597229003906
2001-07-07 22:00:00,29721.0,30129.953125,-408.953125,408.953125,167242.65844726562
2001-07-07 23:00:00,27754.0,27760.115234375,-6.115234375,6.115234375,37.39609146118164
2001-07-08 00:00:00,25581.0,25458.12109375,122.87890625,122.87890625,15099.225601196289
2001-07-08 01:00:00,24020.0,23468.765625,551.234375,551.234375,303859.3361816406
2001-07-08 02:00:00,23115.0,22764.35546875,350.64453125,350.64453125,122951.58729553223
2001-07-08 03:00:00,22546.0,22520.60546875,25.39453125,25.39453125,644.8822174072266
2001-07-08 04:00:00,22272.0,22203.0546875,68.9453125,68.9453125,4753.456115722656
2001-07-08 05:00:00,22338.0,22753.625,-415.625,415.625,172744.140625
2001-07-08 06:00:00,22473.0,23230.66796875,-757.66796875,757.66796875,574060.750869751
2001-07-08 07:00:00,23249.0,24047.447265625,-798.447265625,798.447265625,637518.0359840393
2001-07-08 08:00:00,24842.0,24925.107421875,-83.107421875,83.107421875,6906.8435707092285
2001-07-08 09:00:00,26559.0,27216.216796875,-657.216796875,657.216796875,431933.918094635
2001-07-08 10:00:00,28220.0,28447.119140625,-227.119140625,227.119140625,51583.104038238525
2001-07-08 11:00:00,29384.0,29034.92578125,349.07421875,349.07421875,121852.81019592285
2001-07-08 12:00:00,30112.0,29947.41796875,164.58203125,164.58203125,27087.245010375977
2001-07-08 13:00:00,30686.0,30355.037109375,330.962890625,330.962890625,109536.43497085571
2001-07-08 14:00:00,31053.0,30861.99609375,191.00390625,191.00390625,36482.49220275879
2001-07-08 15:00:00,31473.0,31250.375,222.625,222.625,49561.890625
2001-07-08 16:00:00,32073.0,31885.662109375,187.337890625,187.337890625,35095.48526382446
2001-07-08 17:00:00,32686.0,32140.556640625,545.443359375,545.443359375,297508.4582862854
2001-07-08 18:00:00,32932.0,32663.35546875,268.64453125,268.64453125,72169.88417053223
2001-07-08 19:00:00,32728.0,32730.478515625,-2.478515625,2.478515625,6.143039703369141
2001-07-08 20:00:00,33141.0,32826.2109375,314.7890625,314.7890625,99092.1538696289
2001-07-08 21:00:00,33757.0,32798.55859375,958.44140625,958.44140625,918609.9292144775
2001-07-08 22:00:00,32327.0,32776.78515625,-449.78515625,449.78515625,202306.6867828369
2001-07-08 23:00:00,29768.0,30200.328125,-432.328125,432.328125,186907.60766601562
2001-07-09 00:00:00,27692.0,28061.5078125,-369.5078125,369.5078125,136536.02349853516
2001-07-09 01:00:00,26096.0,26170.103515625,-74.103515625,74.103515625,5491.331027984619
2001-07-09 02:00:00,25355.0,24895.134765625,459.865234375,459.865234375,211476.03378677368
2001-07-09 03:00:00,24791.0,24566.361328125,224.638671875,224.638671875,50462.532901763916
2001-07-09 04:00:00,24910.0,24503.12890625,406.87109375,406.87109375,165544.0869293213
2001-07-09 05:00:00,26253.0,25110.27734375,1142.72265625,1142.72265625,1305815.0691070557
2001-07-09 06:00:00,28646.0,28653.759765625,-7.759765625,7.759765625,60.21396255493164
2001-07-09 07:00:00,32163.0,32334.658203125,-171.658203125,171.658203125,29466.53870010376
2001-07-09 08:00:00,35325.0,35141.1953125,183.8046875,183.8046875,33784.163146972656
2001-07-09 09:00:00,37903.0,36672.8515625,1230.1484375,1230.1484375,1513265.1782836914
2001-07-09 10:00:00,39781.0,39022.55078125,758.44921875,758.44921875,575245.2174224854
2001-07-09 11:00:00,41195.0,41751.4921875,-556.4921875,556.4921875,309683.55474853516
2001-07-09 12:00:00,42467.0,42613.18359375,-146.18359375,146.18359375,21369.64308166504
2001-07-09 13:00:00,43617.0,43231.328125,385.671875,385.671875,148742.79516601562
2001-07-09 14:00:00,44460.0,44042.5078125,417.4921875,417.4921875,174299.72662353516
2001-07-09 15:00:00,45157.0,44635.38671875,521.61328125,521.61328125,272080.4151763916
2001-07-09 16:00:00,45789.0,45610.42578125,178.57421875,178.57421875,31888.75160217285
2001-07-09 17:00:00,46006.0,45836.76171875,169.23828125,169.23828125,28641.5958404541
2001-07-09 18:00:00,45320.0,45137.7734375,182.2265625,182.2265625,33206.520080566406
2001-07-09 19:00:00,43698.0,43414.87890625,283.12109375,283.12109375,80157.55372619629
2001-07-09 20:00:00,42305.0,42670.61328125,-365.61328125,365.61328125,133673.0714263916
2001-07-09 21:00:00,41884.0,41350.61328125,533.38671875,533.38671875,284501.3917388916
2001-07-09 22:00:00,38539.0,39198.6484375,-659.6484375,659.6484375,435136.0610961914
2001-07-09 23:00:00,34702.0,35057.984375,-355.984375,355.984375,126724.87524414062
2001-07-10 00:00:00,31625.0,31657.740234375,-32.740234375,32.740234375,1071.9229469299316
2001-07-10 01:00:00,29443.0,29495.736328125,-52.736328125,52.736328125,2781.120304107666
2001-07-10 02:00:00,28084.0,28404.48046875,-320.48046875,320.48046875,102707.73085021973
2001-07-10 03:00:00,27227.0,27377.068359375,-150.068359375,150.068359375,22520.51248550415
2001-07-10 04:00:00,26992.0,27136.8828125,-144.8828125,144.8828125,20991.029357910156
2001-07-10 05:00:00,28151.0,27216.484375,934.515625,934.515625,873319.4533691406
2001-07-10 06:00:00,30368.0,29895.25,472.75,472.75,223492.5625
2001-07-10 07:00:00,34210.0,33687.75390625,522.24609375,522.24609375,272740.9824371338
2001-07-10 08:00:00,37241.0,36934.5390625,306.4609375,306.4609375,93918.3062133789
2001-07-10 09:00:00,40007.0,39110.49609375,896.50390625,896.50390625,803719.2539215088
2001-07-10 10:00:00,42623.0,41973.14453125,649.85546875,649.85546875,422312.1302642822
2001-07-10 11:00:00,44625.0,43920.94140625,704.05859375,704.05859375,495698.50343322754
2001-07-10 12:00:00,45556.0,45488.8046875,67.1953125,67.1953125,4515.210021972656
2001-07-10 13:00:00,46690.0,46324.7890625,365.2109375,365.2109375,133379.0288696289
2001-07-10 14:00:00,47157.0,47340.1015625,-183.1015625,183.1015625,33526.182189941406
2001-07-10 15:00:00,46773.0,47147.46484375,-374.46484375,374.46484375,140223.9192047119
2001-07-10 16:00:00,46449.0,46313.65625,135.34375,135.34375,18317.9306640625
2001-07-10 17:00:00,45174.0,45919.76171875,-745.76171875,745.76171875,556160.5411529541
2001-07-10 18:00:00,43266.0,44172.96484375,-906.96484375,906.96484375,822585.2277984619
2001-07-10 19:00:00,41340.0,41746.8515625,-406.8515625,406.8515625,165528.1939086914
2001-07-10 20:00:00,40372.0,41218.2734375,-846.2734375,846.2734375,716178.7310180664
2001-07-10 21:00:00,39654.0,39131.75390625,522.24609375,522.24609375,272740.9824371338
2001-07-10 22:00:00,36319.0,36433.03515625,-114.03515625,114.03515625,13004.016860961914
2001-07-10 23:00:00,33207.0,33025.98046875,181.01953125,181.01953125,32768.07069396973
2001-07-11 00:00:00,30057.0,30382.998046875,-325.998046875,325.998046875,106274.7265663147
2001-07-11 01:00:00,28214.0,28199.328125,14.671875,14.671875,215.263916015625
2001-07-11 02:00:00,27018.0,26925.740234375,92.259765625,92.259765625,8511.864353179932
2001-07-11 03:00:00,26399.0,25986.787109375,412.212890625,412.212890625,169919.4671974182
2001-07-11 04:00:00,26461.0,26167.197265625,293.802734375,293.802734375,86320.0467262268
2001-07-11 05:00:00,27703.0,27450.6484375,252.3515625,252.3515625,63681.311096191406
2001-07-11 06:00:00,30045.0,30493.25,-448.25,448.25,200928.0625
2001-07-11 07:00:00,33062.0,32667.3359375,394.6640625,394.6640625,155759.7222290039
2001-07-11 08:00:00,35382.0,35581.52734375,-199.52734375,199.52734375,39811.160903930664
2001-07-11 09:00:00,37343.0,37189.5390625,153.4609375,153.4609375,23550.259338378906
2001-07-11 10:00:00,38960.0,39145.0703125,-185.0703125,185.0703125,34251.020568847656
2001-07-11 11:00:00,40176.0,40266.64453125,-90.64453125,90.64453125,8216.431045532227
2001-07-11 12:00:00,40918.0,41125.5390625,-207.5390625,207.5390625,43072.462463378906
2001-07-11 13:00:00,41444.0,41781.78515625,-337.78515625,337.78515625,114098.81178283691
2001-07-11 14:00:00,41745.0,42112.11328125,-367.11328125,367.11328125,134772.1612701416
2001-07-11 15:00:00,41735.0,42026.0703125,-291.0703125,291.0703125,84721.92681884766
2001-07-11 16:00:00,41775.0,42040.296875,-265.296875,265.296875,70382.43188476562
2001-07-11 17:00:00,41253.0,41369.78515625,-116.78515625,116.78515625,13638.772720336914
2001-07-11 18:00:00,39836.0,39650.90234375,185.09765625,185.09765625,34261.142349243164
2001-07-11 19:00:00,37706.0,38620.2890625,-914.2890625,914.2890625,835924.4898071289
2001-07-11 20:00:00,36438.0,37400.6953125,-962.6953125,962.6953125,926782.2647094727
2001-07-11 21:00:00,36258.0,35097.31640625,1160.68359375,1160.68359375,1347186.404800415
2001-07-11 22:00:00,33361.0,33876.765625,-515.765625,515.765625,266014.1799316406
2001-07-11 23:00:00,29965.0,30228.744140625,-263.744140625,263.744140625,69560.97171401978
2001-07-12 00:00:00,27074.0,27219.048828125,-145.048828125,145.048828125,21039.16254043579
2001-07-12 01:00:00,25425.0,25390.728515625,34.271484375,34.271484375,1174.5346412658691
2001-07-12 02:00:00,24315.0,24369.59375,-54.59375,54.59375,2980.4775390625
2001-07-12 03:00:00,23677.0,23840.685546875,-163.685546875,163.685546875,26792.958255767822
2001-07-12 04:00:00,23771.0,23781.140625,-10.140625,10.140625,102.832275390625
2001-07-12 05:00:00,24894.0,25069.0,-175.0,175.0,30625.0
2001-07-12 06:00:00,26714.0,26869.0078125,-155.0078125,155.0078125,24027.421936035156
2001-07-12 07:00:00,30221.0,29425.1328125,795.8671875,795.8671875,633404.5801391602
2001-07-12 08:00:00,32684.0,32624.08203125,59.91796875,59.91796875,3590.1629791259766
2001-07-12 09:00:00,34134.0,34393.66015625,-259.66015625,259.66015625,67423.39674377441
2001-07-12 10:00:00,35652.0,35835.49609375,-183.49609375,183.49609375,33670.81642150879
2001-07-12 11:00:00,36463.0,36558.64453125,-95.64453125,95.64453125,9147.876358032227
2001-07-12 12:00:00,36879.0,36870.0625,8.9375,8.9375,79.87890625
2001-07-12 13:00:00,37272.0,37369.95703125,-97.95703125,97.95703125,9595.579971313477
2001-07-12 14:00:00,37431.0,37596.93359375,-165.93359375,165.93359375,27533.95753479004
2001-07-12 15:00:00,37551.0,37299.08984375,251.91015625,251.91015625,63458.726821899414
2001-07-12 16:00:00,37628.0,37397.7265625,230.2734375,230.2734375,53025.856018066406
2001-07-12 17:00:00,37322.0,36932.671875,389.328125,389.328125,151576.38891601562
2001-07-12 18:00:00,36282.0,36247.89453125,34.10546875,34.10546875,1163.1829986572266
2001-07-12 19:00:00,34905.0,35162.92578125,-257.92578125,257.92578125,66525.70863342285
2001-07-12 20:00:00,34448.0,34990.78125,-542.78125,542.78125,294611.4853515625
2001-07-12 21:00:00,34358.0,33774.33984375,583.66015625,583.66015625,340659.1779937744
2001-07-12 22:00:00,31838.0,31765.33984375,72.66015625,72.66015625,5279.498306274414
2001-07-12 23:00:00,28718.0,29158.95703125,-440.95703125,440.95703125,194443.10340881348
2001-07-13 00:00:00,26266.0,26196.033203125,69.966796875,69.966796875,4895.35266494751
2001-07-13 01:00:00,24383.0,24730.94140625,-347.94140625,347.94140625,121063.22218322754
2001-07-13 02:00:00,23372.0,23525.544921875,-153.544921875,153.544921875,23576.043033599854
2001-07-13 03:00:00,22903.0,22835.94140625,67.05859375,67.05859375,4496.854995727539
2001-07-13 04:00:00,23096.0,22877.791015625,218.208984375,218.208984375,47615.160861968994
2001-07-13 05:00:00,24150.0,23853.6875,296.3125,296.3125,87801.09765625
2001-07-13 06:00:00,25871.0,26384.658203125,-513.658203125,513.658203125,263844.74963760376
2001-07-13 07:00:00,29370.0,28688.201171875,681.798828125,681.798828125,464849.6420326233
2001-07-13 08:00:00,31770.0,31657.0234375,112.9765625,112.9765625,12763.703674316406
2001-07-13 09:00:00,33555.0,33273.9140625,281.0859375,281.0859375,79009.3042602539
2001-07-13 10:00:00,34988.0,34931.15234375,56.84765625,56.84765625,3231.656021118164
2001-07-13 11:00:00,35800.0,35993.96484375,-193.96484375,193.96484375,37622.360610961914
2001-07-13 12:00:00,36202.0,36281.1875,-79.1875,79.1875,6270.66015625
2001-07-13 13:00:00,36456.0,36811.140625,-355.140625,355.140625,126124.86352539062
2001-07-13 14:00:00,36494.0,36853.66015625,-359.66015625,359.66015625,129355.42799377441
2001-07-13 15:00:00,36311.0,36540.56640625,-229.56640625,229.56640625,52700.73487854004
2001-07-13 16:00:00,36062.0,35816.33203125,245.66796875,245.66796875,60352.75086975098
2001-07-13 17:00:00,35521.0,35490.65234375,30.34765625,30.34765625,920.9802398681641
2001-07-13 18:00:00,34484.0,34533.7265625,-49.7265625,49.7265625,2472.7310180664062
2001-07-13 19:00:00,33143.0,33855.1953125,-712.1953125,712.1953125,507222.16314697266
2001-07-13 20:00:00,32504.0,32808.7890625,-304.7890625,304.7890625,92896.3726196289
2001-07-13 21:00:00,32476.0,31140.25390625,1335.74609375,1335.74609375,1784217.6269683838
2001-07-13 22:00:00,30281.0,30249.06640625,31.93359375,31.93359375,1019.7544097900391
2001-07-13 23:00:00,27544.0,27291.35546875,252.64453125,252.64453125,63829.25917053223
2001-07-14 00:00:00,25229.0,25105.23828125,123.76171875,123.76171875,15316.963027954102
2001-07-14 01:00:00,23572.0,23912.169921875,-340.169921875,340.169921875,115715.5757484436
2001-07-14 02:00:00,22534.0,22722.212890625,-188.212890625,188.212890625,35424.09219741821
2001-07-14 03:00:00,21988.0,22127.373046875,-139.373046875,139.373046875,19424.846195220947
2001-07-14 04:00:00,21740.0,21905.828125,-165.828125,165.828125,27498.967041015625
2001-07-14 05:00:00,21911.0,21993.197265625,-82.197265625,82.197265625,6756.390476226807
2001-07-14 06:00:00,22299.0,22589.01171875,-290.01171875,290.01171875,84106.7970123291
2001-07-14 07:00:00,24095.0,23837.412109375,257.587890625,257.587890625,66351.52139663696
2001-07-14 08:00:00,26767.0,26211.57421875,555.42578125,555.42578125,308497.79847717285
2001-07-14 09:00:00,28995.0,28888.970703125,106.029296875,106.029296875,11242.211795806885
2001-07-14 10:00:00,30477.0,30531.978515625,-54.978515625,54.978515625,3022.637180328369
2001-07-14 11:00:00,31227.0,31449.99609375,-222.99609375,222.99609375,49727.25782775879
2001-07-14 12:00:00,31573.0,31885.39453125,-312.39453125,312.39453125,97590.34315490723
2001-07-14 13:00:00,31531.0,31895.76171875,-364.76171875,364.76171875,133051.1114654541
2001-07-14 14:00:00,31500.0,31821.759765625,-321.759765625,321.759765625,103529.34677505493
2001-07-14 15:00:00,31580.0,31817.732421875,-237.732421875,237.732421875,56516.70441055298
2001-07-14 16:00:00,31742.0,31639.37890625,102.62109375,102.62109375,10531.088882446289
2001-07-14 17:00:00,31871.0,31795.044921875,75.955078125,75.955078125,5769.1738929748535
2001-07-14 18:00:00,31358.0,31903.171875,-545.171875,545.171875,297212.3732910156
2001-07-14 19:00:00,30548.0,30582.943359375,-34.943359375,34.943359375,1221.0383644104004
2001-07-14 20:00:00,30367.0,30670.0625,-303.0625,303.0625,91846.87890625
2001-07-14 21:00:00,30727.0,30347.205078125,379.794921875,379.794921875,144244.18268203735
2001-07-14 22:00:00,28948.0,29722.541015625,-774.541015625,774.541015625,599913.7848854065
2001-07-14 23:00:00,26751.0,26751.53515625,-0.53515625,0.53515625,0.2863922119140625
2001-07-15 00:00:00,24498.0,24605.591796875,-107.591796875,107.591796875,11575.99475479126
2001-07-15 01:00:00,23036.0,22787.841796875,248.158203125,248.158203125,61582.49377822876
2001-07-15 02:00:00,22005.0,21885.263671875,119.736328125,119.736328125,14336.788272857666
2001-07-15 03:00:00,21308.0,21308.21875,-0.21875,0.21875,0.0478515625
2001-07-15 04:00:00,21066.0,20897.31640625,168.68359375,168.68359375,28454.15480041504
2001-07-15 05:00:00,20792.0,20997.283203125,-205.283203125,205.283203125,42141.19348526001
2001-07-15 06:00:00,20931.0,21747.4453125,-816.4453125,816.4453125,666582.9483032227
2001-07-15 07:00:00,22445.0,22102.75,342.25,342.25,117135.0625
2001-07-15 08:00:00,24864.0,24673.33984375,190.66015625,190.66015625,36351.295181274414
2001-07-15 09:00:00,27002.0,26867.375,134.625,134.625,18123.890625
2001-07-15 10:00:00,28690.0,28330.677734375,359.322265625,359.322265625,129112.49057388306
2001-07-15 11:00:00,30100.0,29336.6015625,763.3984375,763.3984375,582777.1743774414
2001-07-15 12:00:00,31066.0,30738.6484375,327.3515625,327.3515625,107159.0454711914
2001-07-15 13:00:00,31611.0,31413.3671875,197.6328125,197.6328125,39058.728576660156
2001-07-15 14:00:00,32081.0,31761.353515625,319.646484375,319.646484375,102173.87497329712
2001-07-15 15:00:00,32732.0,32484.181640625,247.818359375,247.818359375,61413.93924331665
2001-07-15 16:00:00,33395.0,33022.72265625,372.27734375,372.27734375,138590.42066955566
2001-07-15 17:00:00,33743.0,33782.88671875,-39.88671875,39.88671875,1590.9503326416016
2001-07-15 18:00:00,33393.0,33582.8515625,-189.8515625,189.8515625,36043.615783691406
2001-07-15 19:00:00,32711.0,33015.171875,-304.171875,304.171875,92520.52954101562
2001-07-15 20:00:00,32789.0,32637.255859375,151.744140625,151.744140625,23026.284214019775
2001-07-15 21:00:00,33342.0,32760.958984375,581.041015625,581.041015625,337608.6618385315
2001-07-15 22:00:00,31504.0,32248.84765625,-744.84765625,744.84765625,554798.0310211182
2001-07-15 23:00:00,28724.0,29409.32421875,-685.32421875,685.32421875,469669.28480529785
2001-07-16 00:00:00,26394.0,26286.48046875,107.51953125,107.51953125,11560.449600219727
2001-07-16 01:00:00,24940.0,24543.017578125,396.982421875,396.982421875,157595.04327774048
2001-07-16 02:00:00,24095.0,23589.095703125,505.904296875,505.904296875,255939.15759658813
2001-07-16 03:00:00,23600.0,23194.65625,405.34375,405.34375,164303.5556640625
2001-07-16 04:00:00,23804.0,23371.2578125,432.7421875,432.7421875,187265.80084228516
2001-07-16 05:00:00,24996.0,24779.609375,216.390625,216.390625,46824.902587890625
2001-07-16 06:00:00,27109.0,27933.59765625,-824.59765625,824.59765625,679961.2946929932
2001-07-16 07:00:00,30638.0,30485.896484375,152.103515625,152.103515625,23135.47946548462
2001-07-16 08:00:00,33634.0,33387.69140625,246.30859375,246.30859375,60667.92335510254
2001-07-16 09:00:00,35965.0,35902.9921875,62.0078125,62.0078125,3844.9688110351562
2001-07-16 10:00:00,38073.0,37874.640625,198.359375,198.359375,39346.441650390625
2001-07-16 11:00:00,39563.0,39055.66015625,507.33984375,507.33984375,257393.7170562744
2001-07-16 12:00:00,40660.0,40713.390625,-53.390625,53.390625,2850.558837890625
2001-07-16 13:00:00,41719.0,41290.20703125,428.79296875,428.79296875,183863.41004943848
2001-07-16 14:00:00,42369.0,41987.76171875,381.23828125,381.23828125,145342.6270904541
2001-07-16 15:00:00,42689.0,42528.3828125,160.6171875,160.6171875,25797.880920410156
2001-07-16 16:00:00,42773.0,42646.04296875,126.95703125,126.95703125,16118.087783813477
2001-07-16 17:00:00,42423.0,42318.1953125,104.8046875,104.8046875,10984.022521972656
2001-07-16 18:00:00,41486.0,41314.4765625,171.5234375,171.5234375,29420.289611816406
2001-07-16 19:00:00,40210.0,40068.21875,141.78125,141.78125,20101.9228515625
2001-07-16 20:00:00,39790.0,39860.04296875,-70.04296875,70.04296875,4906.017471313477
2001-07-16 21:00:00,39480.0,38095.01953125,1384.98046875,1384.98046875,1918170.8988189697
2001-07-16 22:00:00,36432.0,36421.65625,10.34375,10.34375,106.9931640625
2001-07-16 23:00:00,32989.0,32722.728515625,266.271484375,266.271484375,70900.50339126587
2001-07-17 00:00:00,30270.0,29999.125,270.875,270.875,73373.265625
2001-07-17 01:00:00,28489.0,28311.470703125,177.529296875,177.529296875,31516.651248931885
2001-07-17 02:00:00,27302.0,27449.345703125,-147.345703125,147.345703125,21710.756229400635
2001-07-17 03:00:00,26594.0,26559.267578125,34.732421875,34.732421875,1206.3411293029785
2001-07-17 04:00:00,26656.0,26605.2578125,50.7421875,50.7421875,2574.7695922851562
2001-07-17 05:00:00,28002.0,27452.380859375,549.619140625,549.619140625,302081.1997413635
2001-07-17 06:00:00,30259.0,31122.451171875,-863.451171875,863.451171875,745547.9262123108
2001-07-17 07:00:00,33475.0,33108.1875,366.8125,366.8125,134551.41015625
2001-07-17 08:00:00,36170.0,36064.484375,105.515625,105.515625,11133.547119140625
2001-07-17 09:00:00,38365.0,38276.87890625,88.12109375,88.12109375,7765.327163696289
2001-07-17 10:00:00,40548.0,39956.6640625,591.3359375,591.3359375,349678.1909790039
2001-07-17 11:00:00,42652.0,42022.01953125,629.98046875,629.98046875,396875.3910064697
2001-07-17 12:00:00,43931.0,43465.55078125,465.44921875,465.44921875,216642.97523498535
2001-07-17 13:00:00,45032.0,44674.8515625,357.1484375,357.1484375,127555.0064086914
2001-07-17 14:00:00,45986.0,45856.65625,129.34375,129.34375,16729.8056640625
2001-07-17 15:00:00,46552.0,47352.76953125,-800.76953125,800.76953125,641231.8421783447
2001-07-17 16:00:00,46845.0,46905.25,-60.25,60.25,3630.0625
2001-07-17 17:00:00,46442.0,46336.3671875,105.6328125,105.6328125,11158.291076660156
2001-07-17 18:00:00,45230.0,45443.234375,-213.234375,213.234375,45468.898681640625
2001-07-17 19:00:00,43566.0,44080.484375,-514.484375,514.484375,264694.1721191406
2001-07-17 20:00:00,42983.0,43583.8359375,-600.8359375,600.8359375,361003.8237915039
2001-07-17 21:00:00,41884.0,41957.93359375,-73.93359375,73.93359375,5466.176284790039
2001-07-17 22:00:00,38308.0,39098.7421875,-790.7421875,790.7421875,625273.2070922852
2001-07-17 23:00:00,34642.0,34902.828125,-260.828125,260.828125,68031.31079101562
2001-07-18 00:00:00,31607.0,31618.279296875,-11.279296875,11.279296875,127.22253799438477
2001-07-18 01:00:00,29735.0,29890.5390625,-155.5390625,155.5390625,24192.399963378906
2001-07-18 02:00:00,28289.0,28463.513671875,-174.513671875,174.513671875,30455.021671295166
2001-07-18 03:00:00,27532.0,27364.029296875,167.970703125,167.970703125,28214.157108306885
2001-07-18 04:00:00,27496.0,27415.076171875,80.923828125,80.923828125,6548.665958404541
2001-07-18 05:00:00,28774.0,28506.923828125,267.076171875,267.076171875,71329.68158340454
2001-07-18 06:00:00,31071.0,30923.775390625,147.224609375,147.224609375,21675.085605621338
2001-07-18 07:00:00,33813.0,33735.2109375,77.7890625,77.7890625,6051.138244628906
2001-07-18 08:00:00,35922.0,36224.62109375,-302.62109375,302.62109375,91579.52638244629
2001-07-18 09:00:00,36820.0,37828.984375,-1008.984375,1008.984375,1018049.4689941406
2001-07-18 10:00:00,38049.0,38584.71875,-535.71875,535.71875,286994.5791015625
2001-07-18 11:00:00,38872.0,38901.12890625,-29.12890625,29.12890625,848.4931793212891
2001-07-18 12:00:00,39291.0,39929.79296875,-638.79296875,638.79296875,408056.4569244385
2001-07-18 13:00:00,39808.0,39794.50390625,13.49609375,13.49609375,182.14454650878906
2001-07-18 14:00:00,40256.0,40262.921875,-6.921875,6.921875,47.912353515625
2001-07-18 15:00:00,40497.0,40189.2890625,307.7109375,307.7109375,94686.0210571289
2001-07-18 16:00:00,40619.0,40411.05859375,207.94140625,207.94140625,43239.62843322754
2001-07-18 17:00:00,40387.0,40077.6171875,309.3828125,309.3828125,95717.72467041016
2001-07-18 18:00:00,39316.0,38946.64453125,369.35546875,369.35546875,136423.46229553223
2001-07-18 19:00:00,37892.0,38071.88671875,-179.88671875,179.88671875,32359.2315826416
2001-07-18 20:00:00,37566.0,37073.95703125,492.04296875,492.04296875,242106.28309631348
2001-07-18 21:00:00,37290.0,36801.359375,488.640625,488.640625,238769.66040039062
2001-07-18 22:00:00,34659.0,34341.1328125,317.8671875,317.8671875,101039.54888916016
2001-07-18 23:00:00,31462.0,31604.37109375,-142.37109375,142.37109375,20269.52833557129
2001-07-19 00:00:00,28801.0,28982.033203125,-181.033203125,181.033203125,32773.02063369751
2001-07-19 01:00:00,27073.0,26960.521484375,112.478515625,112.478515625,12651.41647720337
2001-07-19 02:00:00,26061.0,26028.001953125,32.998046875,32.998046875,1088.8710975646973
2001-07-19 03:00:00,25447.0,25346.17578125,100.82421875,100.82421875,10165.523086547852
2001-07-19 04:00:00,25560.0,25474.005859375,85.994140625,85.994140625,7394.992221832275
2001-07-19 05:00:00,26923.0,26573.490234375,349.509765625,349.509765625,122157.07626724243
2001-07-19 06:00:00,29167.0,29599.451171875,-432.451171875,432.451171875,187014.0160560608
2001-07-19 07:00:00,32011.0,31900.099609375,110.900390625,110.900390625,12298.896640777588
2001-07-19 08:00:00,34023.0,34439.2109375,-416.2109375,416.2109375,173231.5444946289
2001-07-19 09:00:00,35188.0,35277.76171875,-89.76171875,89.76171875,8057.166152954102
2001-07-19 10:00:00,36551.0,36172.5390625,378.4609375,378.4609375,143232.6812133789
2001-07-19 11:00:00,37441.0,37530.4453125,-89.4453125,89.4453125,8000.463928222656
2001-07-19 12:00:00,38102.0,37927.359375,174.640625,174.640625,30499.347900390625
2001-07-19 13:00:00,38813.0,38790.5703125,22.4296875,22.4296875,503.09088134765625
2001-07-19 14:00:00,39288.0,38908.75390625,379.24609375,379.24609375,143827.5996246338
2001-07-19 15:00:00,39789.0,39165.50390625,623.49609375,623.49609375,388747.3789215088
2001-07-19 16:00:00,39960.0,39576.35546875,383.64453125,383.64453125,147183.12635803223
2001-07-19 17:00:00,39690.0,39265.53125,424.46875,424.46875,180173.7197265625
2001-07-19 18:00:00,38421.0,38801.4375,-380.4375,380.4375,144732.69140625
2001-07-19 19:00:00,36738.0,37247.20703125,-509.20703125,509.20703125,259291.80067443848
2001-07-19 20:00:00,36209.0,36094.9375,114.0625,114.0625,13010.25390625
2001-07-19 21:00:00,35986.0,34690.89453125,1295.10546875,1295.10546875,1677298.1751861572
2001-07-19 22:00:00,33280.0,33338.1015625,-58.1015625,58.1015625,3375.7915649414062
2001-07-19 23:00:00,30351.0,30644.716796875,-293.716796875,293.716796875,86269.55676651001
2001-07-20 00:00:00,27461.0,28085.1328125,-624.1328125,624.1328125,389541.76763916016
2001-07-20 01:00:00,25807.0,25625.546875,181.453125,181.453125,32925.236572265625
2001-07-20 02:00:00,24642.0,24809.546875,-167.546875,167.546875,28071.955322265625
2001-07-20 03:00:00,24072.0,23907.208984375,164.791015625,164.791015625,27156.078830718994
2001-07-20 04:00:00,24075.0,24131.876953125,-56.876953125,56.876953125,3234.9877967834473
2001-07-20 05:00:00,25286.0,24671.9921875,614.0078125,614.0078125,377005.59381103516
2001-07-20 06:00:00,27259.0,27569.015625,-310.015625,310.015625,96109.68774414062
2001-07-20 07:00:00,30418.0,29858.642578125,559.357421875,559.357421875,312880.7254066467
2001-07-20 08:00:00,32686.0,33113.58984375,-427.58984375,427.58984375,182833.0744781494
2001-07-20 09:00:00,34478.0,34473.87890625,4.12109375,4.12109375,16.983413696289062
2001-07-20 10:00:00,36329.0,36191.41015625,137.58984375,137.58984375,18930.965103149414
2001-07-20 11:00:00,37210.0,37303.78515625,-93.78515625,93.78515625,8795.655532836914
2001-07-20 12:00:00,37759.0,37781.73828125,-22.73828125,22.73828125,517.0294342041016
2001-07-20 13:00:00,38185.0,38445.828125,-260.828125,260.828125,68031.31079101562
2001-07-20 14:00:00,38682.0,38852.2421875,-170.2421875,170.2421875,28982.402404785156
2001-07-20 15:00:00,38863.0,39050.30859375,-187.30859375,187.30859375,35084.50929260254
2001-07-20 16:00:00,39037.0,39161.95703125,-124.95703125,124.95703125,15614.259658813477
2001-07-20 17:00:00,38702.0,38849.83984375,-147.83984375,147.83984375,21856.619400024414
2001-07-20 18:00:00,37500.0,37640.19921875,-140.19921875,140.19921875,19655.82093811035
2001-07-20 19:00:00,35872.0,36251.85546875,-379.85546875,379.85546875,144290.17713928223
2001-07-20 20:00:00,34697.0,35601.8671875,-904.8671875,904.8671875,818784.6270141602
2001-07-20 21:00:00,34348.0,33982.8046875,365.1953125,365.1953125,133367.61627197266
2001-07-20 22:00:00,31922.0,31938.525390625,-16.525390625,16.525390625,273.0885353088379
2001-07-20 23:00:00,28879.0,28998.1875,-119.1875,119.1875,14205.66015625
2001-07-21 00:00:00,26404.0,26384.87890625,19.12109375,19.12109375,365.61622619628906
2001-07-21 01:00:00,24422.0,25031.314453125,-609.314453125,609.314453125,371264.1027870178
2001-07-21 02:00:00,23405.0,23464.6015625,-59.6015625,59.6015625,3552.3462524414062
2001-07-21 03:00:00,22635.0,22843.61328125,-208.61328125,208.61328125,43519.5011138916
2001-07-21 04:00:00,22323.0,22433.984375,-110.984375,110.984375,12317.531494140625
2001-07-21 05:00:00,22404.0,22673.30859375,-269.30859375,269.30859375,72527.11866760254
2001-07-21 06:00:00,22674.0,23634.626953125,-960.626953125,960.626953125,922804.143070221
2001-07-21 07:00:00,24646.0,24269.298828125,376.701171875,376.701171875,141903.7728919983
2001-07-21 08:00:00,27408.0,27614.51171875,-206.51171875,206.51171875,42647.0899810791
2001-07-21 09:00:00,29966.0,29400.947265625,565.052734375,565.052734375,319284.5926246643
2001-07-21 10:00:00,31825.0,31457.501953125,367.498046875,367.498046875,135054.8144569397
2001-07-21 11:00:00,33224.0,33133.359375,90.640625,90.640625,8215.722900390625
2001-07-21 12:00:00,33961.0,34089.62109375,-128.62109375,128.62109375,16543.38575744629
2001-07-21 13:00:00,34445.0,34509.87109375,-64.87109375,64.87109375,4208.258804321289
2001-07-21 14:00:00,34978.0,34687.49609375,290.50390625,290.50390625,84392.51954650879
2001-07-21 15:00:00,35566.0,35908.31640625,-342.31640625,342.31640625,117180.52198791504
2001-07-21 16:00:00,36011.0,36103.20703125,-92.20703125,92.20703125,8502.136611938477
2001-07-21 17:00:00,36088.0,35675.78515625,412.21484375,412.21484375,169921.0774078369
2001-07-21 18:00:00,35466.0,35505.890625,-39.890625,39.890625,1591.261962890625
2001-07-21 19:00:00,34232.0,34460.62109375,-228.62109375,228.62109375,52267.60450744629
2001-07-21 20:00:00,33645.0,34298.9296875,-653.9296875,653.9296875,427624.03619384766
2001-07-21 21:00:00,33589.0,33081.51171875,507.48828125,507.48828125,257544.3556060791
2001-07-21 22:00:00,31510.0,32374.787109375,-864.787109375,864.787109375,747856.7445411682
2001-07-21 23:00:00,28860.0,28998.775390625,-138.775390625,138.775390625,19258.609043121338
2001-07-22 00:00:00,26328.0,26454.087890625,-126.087890625,126.087890625,15898.156162261963
2001-07-22 01:00:00,24433.0,24731.951171875,-298.951171875,298.951171875,89371.80316543579
2001-07-22 02:00:00,23251.0,23096.75390625,154.24609375,154.24609375,23791.85743713379
2001-07-22 03:00:00,22566.0,22498.384765625,67.615234375,67.615234375,4571.819919586182
2001-07-22 04:00:00,22057.0,22450.888671875,-393.888671875,393.888671875,155148.28583145142
2001-07-22 05:00:00,22003.0,22144.20703125,-141.20703125,141.20703125,19939.425674438477
2001-07-22 06:00:00,21908.0,22773.3671875,-865.3671875,865.3671875,748860.3692016602
2001-07-22 07:00:00,23210.0,23075.134765625,134.865234375,134.865234375,18188.63144302368
2001-07-22 08:00:00,25858.0,25254.951171875,603.048828125,603.048828125,363667.8891029358
2001-07-22 09:00:00,28274.0,28461.998046875,-187.998046875,187.998046875,35343.2656288147
2001-07-22 10:00:00,30462.0,29891.16015625,570.83984375,570.83984375,325858.1272125244
2001-07-22 11:00:00,32120.0,31682.181640625,437.818359375,437.818359375,191684.91580581665
2001-07-22 12:00:00,33129.0,33382.98828125,-253.98828125,253.98828125,64510.0470123291
2001-07-22 13:00:00,34190.0,33974.16015625,215.83984375,215.83984375,46586.838150024414
2001-07-22 14:00:00,35056.0,34894.05078125,161.94921875,161.94921875,26227.54945373535
2001-07-22 15:00:00,35782.0,35616.19140625,165.80859375,165.80859375,27492.48976135254
2001-07-22 16:00:00,36434.0,36201.78515625,232.21484375,232.21484375,53923.733657836914
2001-07-22 17:00:00,36752.0,36360.12109375,391.87890625,391.87890625,153569.0771636963
2001-07-22 18:00:00,36268.0,36362.03125,-94.03125,94.03125,8841.8759765625
2001-07-22 19:00:00,35294.0,35444.8125,-150.8125,150.8125,22744.41015625
2001-07-22 20:00:00,34810.0,35603.9609375,-793.9609375,793.9609375,630373.9702758789
2001-07-22 21:00:00,35273.0,34280.52734375,992.47265625,992.47265625,985001.9734039307
2001-07-22 22:00:00,33241.0,34193.828125,-952.828125,952.828125,907881.4357910156
2001-07-22 23:00:00,30638.0,30870.3203125,-232.3203125,232.3203125,53972.727600097656
2001-07-23 00:00:00,28206.0,28124.62109375,81.37890625,81.37890625,6622.526382446289
2001-07-23 01:00:00,26582.0,25847.609375,734.390625,734.390625,539329.5900878906
2001-07-23 02:00:00,25679.0,25077.083984375,601.916015625,601.916015625,362302.88986587524
2001-07-23 03:00:00,25308.0,24668.8515625,639.1484375,639.1484375,408510.7251586914
2001-07-23 04:00:00,25354.0,24589.45703125,764.54296875,764.54296875,584525.9510650635
2001-07-23 05:00:00,26669.0,25872.673828125,796.326171875,796.326171875,634135.372013092
2001-07-23 06:00:00,29020.0,28879.236328125,140.763671875,140.763671875,19814.411319732666
2001-07-23 07:00:00,32396.0,32456.947265625,-60.947265625,60.947265625,3714.5691871643066
2001-07-23 08:00:00,35539.0,35312.4453125,226.5546875,226.5546875,51327.026428222656
2001-07-23 09:00:00,38242.0,37333.4375,908.5625,908.5625,825485.81640625
2001-07-23 10:00:00,40929.0,39696.4375,1232.5625,1232.5625,1519210.31640625
2001-07-23 11:00:00,43170.0,42718.03515625,451.96484375,451.96484375,204272.2199859619
2001-07-23 12:00:00,44712.0,44439.71484375,272.28515625,272.28515625,74139.20631408691
2001-07-23 13:00:00,46320.0,45800.71875,519.28125,519.28125,269653.0166015625
2001-07-23 14:00:00,47067.0,46763.7890625,303.2109375,303.2109375,91936.8726196289
2001-07-23 15:00:00,47839.0,47494.8671875,344.1328125,344.1328125,118427.39263916016
2001-07-23 16:00:00,48428.0,48039.26171875,388.73828125,388.73828125,151117.4513092041
2001-07-23 17:00:00,48332.0,47680.33984375,651.66015625,651.66015625,424660.9592437744
2001-07-23 18:00:00,47327.0,46329.6171875,997.3828125,997.3828125,994772.4746704102
2001-07-23 19:00:00,45700.0,45760.4921875,-60.4921875,60.4921875,3659.3047485351562
2001-07-23 20:00:00,44738.0,43955.90234375,782.09765625,782.09765625,611676.7439117432
2001-07-23 21:00:00,44236.0,43141.390625,1094.609375,1094.609375,1198169.6838378906
2001-07-23 22:00:00,40789.0,42129.47265625,-1340.47265625,1340.47265625,1796866.9421539307
2001-07-23 23:00:00,37011.0,36781.73828125,229.26171875,229.26171875,52560.9356842041
2001-07-24 00:00:00,33898.0,33680.95703125,217.04296875,217.04296875,47107.65028381348
2001-07-24 01:00:00,31936.0,31621.095703125,314.904296875,314.904296875,99164.71619033813
2001-07-24 02:00:00,30660.0,30426.59375,233.40625,233.40625,54478.4775390625
2001-07-24 03:00:00,29790.0,29950.49609375,-160.49609375,160.49609375,25758.99610900879
2001-07-24 04:00:00,29754.0,28986.80859375,767.19140625,767.19140625,588582.6538238525
2001-07-24 05:00:00,31027.0,30113.357421875,913.642578125,913.642578125,834742.7605628967
2001-07-24 06:00:00,33470.0,33279.14453125,190.85546875,190.85546875,36425.80995178223
2001-07-24 07:00:00,36828.0,36459.203125,368.796875,368.796875,136011.13500976562
2001-07-24 08:00:00,39517.0,40033.94140625,-516.94140625,516.94140625,267228.41749572754
2001-07-24 09:00:00,41974.0,41843.87890625,130.12109375,130.12109375,16931.49903869629
2001-07-24 10:00:00,44690.0,44862.96484375,-172.96484375,172.96484375,29916.837173461914
2001-07-24 11:00:00,46912.0,46282.234375,629.765625,629.765625,396604.7424316406
2001-07-24 12:00:00,48486.0,47441.19140625,1044.80859375,1044.80859375,1091624.9975738525
2001-07-24 13:00:00,49564.0,49101.59765625,462.40234375,462.40234375,213815.92750549316
2001-07-24 14:00:00,50410.0,48954.5078125,1455.4921875,1455.4921875,2118457.507873535
2001-07-24 15:00:00,51104.0,48946.8359375,2157.1640625,2157.1640625,4653356.792541504
2001-07-24 16:00:00,51550.0,49036.87890625,2513.12109375,2513.12109375,6315777.631851196
2001-07-24 17:00:00,51508.0,48422.22265625,3085.77734375,3085.77734375,9522021.815200806
2001-07-24 18:00:00,50482.0,46956.9765625,3525.0234375,3525.0234375,12425790.234924316
2001-07-24 19:00:00,49002.0,47071.91015625,1930.08984375,1930.08984375,3725246.8049468994
2001-07-24 20:00:00,48570.0,47459.1640625,1110.8359375,1110.8359375,1233956.480041504
2001-07-24 21:00:00,47952.0,46901.98828125,1050.01171875,1050.01171875,1102524.609512329
2001-07-24 22:00:00,44315.0,45313.44140625,-998.44140625,998.44140625,996885.2417144775
2001-07-24 23:00:00,40438.0,39725.51953125,712.48046875,712.48046875,507628.4183502197
2001-07-25 00:00:00,37386.0,37634.40625,-248.40625,248.40625,61705.6650390625
2001-07-25 01:00:00,35120.0,34678.703125,441.296875,441.296875,194742.93188476562
2001-07-25 02:00:00,34081.0,33839.984375,241.015625,241.015625,58088.531494140625
2001-07-25 03:00:00,33230.0,32861.6640625,368.3359375,368.3359375,135671.3628540039
2001-07-25 04:00:00,33230.0,33539.82421875,-309.82421875,309.82421875,95991.04652404785
2001-07-25 05:00:00,34212.0,33998.32421875,213.67578125,213.67578125,45657.33949279785
2001-07-25 06:00:00,36335.0,37126.2890625,-791.2890625,791.2890625,626138.3804321289
2001-07-25 07:00:00,39759.0,39716.7265625,42.2734375,42.2734375,1787.0435180664062
2001-07-25 08:00:00,42732.0,42005.53125,726.46875,726.46875,527756.8447265625
2001-07-25 09:00:00,45413.0,44644.28125,768.71875,768.71875,590928.5166015625
2001-07-25 10:00:00,47775.0,46823.4765625,951.5234375,951.5234375,905396.8521118164
2001-07-25 11:00:00,49761.0,50006.546875,-245.546875,245.546875,60293.267822265625
2001-07-25 12:00:00,50807.0,50667.71484375,139.28515625,139.28515625,19400.354751586914
2001-07-25 13:00:00,51686.0,51447.4765625,238.5234375,238.5234375,56893.430236816406
2001-07-25 14:00:00,52132.0,51245.80078125,886.19921875,886.19921875,785349.0553131104
2001-07-25 15:00:00,51959.0,50827.765625,1131.234375,1131.234375,1279691.2111816406
2001-07-25 16:00:00,52024.0,50178.984375,1845.015625,1845.015625,3404082.6564941406
2001-07-25 17:00:00,51477.0,49222.56640625,2254.43359375,2254.43359375,5082470.82862854
2001-07-25 18:00:00,50398.0,50020.6640625,377.3359375,377.3359375,142382.4097290039
2001-07-25 19:00:00,48930.0,49772.48828125,-842.48828125,842.48828125,709786.5040435791
2001-07-25 20:00:00,48362.0,49656.484375,-1294.484375,1294.484375,1675689.7971191406
2001-07-25 21:00:00,47017.0,48537.921875,-1520.921875,1520.921875,2313203.3498535156
2001-07-25 22:00:00,43487.0,43533.015625,-46.015625,46.015625,2117.437744140625
2001-07-25 23:00:00,39599.0,40313.2578125,-714.2578125,714.2578125,510164.22271728516
2001-07-26 00:00:00,36472.0,36660.828125,-188.828125,188.828125,35656.060791015625
2001-07-26 01:00:00,34674.0,34267.43359375,406.56640625,406.56640625,165296.24269104004
2001-07-26 02:00:00,33251.0,33641.03125,-390.03125,390.03125,152124.3759765625
2001-07-26 03:00:00,32287.0,32614.76171875,-327.76171875,327.76171875,107427.7442779541
2001-07-26 04:00:00,32192.0,31923.564453125,268.435546875,268.435546875,72057.64282608032
2001-07-26 05:00:00,33286.0,31824.115234375,1461.884765625,1461.884765625,2137107.067966461
2001-07-26 06:00:00,35488.0,35937.94921875,-449.94921875,449.94921875,202454.29945373535
2001-07-26 07:00:00,38241.0,38955.0,-714.0,714.0,509796.0
2001-07-26 08:00:00,40295.0,40903.0625,-608.0625,608.0625,369740.00390625
2001-07-26 09:00:00,41562.0,41428.96875,133.03125,133.03125,17697.3134765625
2001-07-26 10:00:00,42376.0,42632.66796875,-256.66796875,256.66796875,65878.44618225098
2001-07-26 11:00:00,42624.0,43606.8046875,-982.8046875,982.8046875,965905.0537719727
2001-07-26 12:00:00,42584.0,43312.68359375,-728.68359375,728.68359375,530979.779800415
2001-07-26 13:00:00,42285.0,42620.28125,-335.28125,335.28125,112413.5166015625
2001-07-26 14:00:00,41695.0,42684.55078125,-989.55078125,989.55078125,979210.7486724854
2001-07-26 15:00:00,40597.0,40737.69140625,-140.69140625,140.69140625,19794.07179260254
2001-07-26 16:00:00,39887.0,40437.16796875,-550.16796875,550.16796875,302684.793838501
2001-07-26 17:00:00,39006.0,39754.375,-748.375,748.375,560065.140625
2001-07-26 18:00:00,37808.0,39846.25390625,-2038.25390625,2038.25390625,4154478.986343384
2001-07-26 19:00:00,36404.0,38655.9609375,-2251.9609375,2251.9609375,5071328.064025879
2001-07-26 20:00:00,36157.0,35598.34375,558.65625,558.65625,312096.8056640625
2001-07-26 21:00:00,36129.0,35693.28515625,435.71484375,435.71484375,189847.4250640869
2001-07-26 22:00:00,34289.0,34848.17578125,-559.17578125,559.17578125,312677.55433654785
2001-07-26 23:00:00,32440.0,33433.01171875,-993.01171875,993.01171875,986072.2735748291
2001-07-27 00:00:00,30611.0,30619.078125,-8.078125,8.078125,65.256103515625
2001-07-27 01:00:00,26213.0,29228.82421875,-3015.82421875,3015.82421875,9095195.718399048
2001-07-27 02:00:00,24980.0,25083.248046875,-103.248046875,103.248046875,10660.159183502197
2001-07-27 03:00:00,24139.0,24183.544921875,-44.544921875,44.544921875,1984.2500648498535
2001-07-27 04:00:00,24217.0,23586.345703125,630.654296875,630.654296875,397724.84216690063
2001-07-27 05:00:00,25080.0,24378.501953125,701.498046875,701.498046875,492099.5097694397
2001-07-27 06:00:00,26963.0,26403.951171875,559.048828125,559.048828125,312535.5922279358
2001-07-27 07:00:00,29602.0,29236.076171875,365.923828125,365.923828125,133900.24798965454
2001-07-27 08:00:00,31805.0,31996.083984375,-191.083984375,191.083984375,36513.089084625244
2001-07-27 09:00:00,33207.0,33894.91015625,-687.91015625,687.91015625,473220.3830718994
2001-07-27 10:00:00,34375.0,34182.9921875,192.0078125,192.0078125,36867.000061035156
2001-07-27 11:00:00,35029.0,35415.79296875,-386.79296875,386.79296875,149608.80067443848
2001-07-27 12:00:00,35422.0,35675.875,-253.875,253.875,64452.515625
2001-07-27 13:00:00,35776.0,35871.33984375,-95.33984375,95.33984375,9089.685806274414
2001-07-27 14:00:00,36064.0,35905.24609375,158.75390625,158.75390625,25202.80274963379
2001-07-27 15:00:00,36149.0,36558.953125,-409.953125,409.953125,168061.56469726562
2001-07-27 16:00:00,36323.0,36434.8515625,-111.8515625,111.8515625,12510.772033691406
2001-07-27 17:00:00,35897.0,36058.265625,-161.265625,161.265625,26006.601806640625
2001-07-27 18:00:00,34552.0,35298.28125,-746.28125,746.28125,556935.7041015625
2001-07-27 19:00:00,32860.0,33839.0859375,-979.0859375,979.0859375,958609.2730102539
2001-07-27 20:00:00,32567.0,32584.919921875,-17.919921875,17.919921875,321.1236000061035
2001-07-27 21:00:00,32347.0,31512.60546875,834.39453125,834.39453125,696214.2337799072
2001-07-27 22:00:00,30010.0,31240.763671875,-1230.763671875,1230.763671875,1514779.2160072327
2001-07-27 23:00:00,27428.0,27417.154296875,10.845703125,10.845703125,117.62927627563477
2001-07-28 00:00:00,25145.0,24416.1875,728.8125,728.8125,531167.66015625
2001-07-28 01:00:00,23559.0,23719.306640625,-160.306640625,160.306640625,25698.2190284729
2001-07-28 02:00:00,22564.0,22630.9609375,-66.9609375,66.9609375,4483.767150878906
2001-07-28 03:00:00,21894.0,22095.326171875,-201.326171875,201.326171875,40532.22748184204
2001-07-28 04:00:00,21752.0,21690.203125,61.796875,61.796875,3818.853759765625
2001-07-28 05:00:00,21968.0,22010.671875,-42.671875,42.671875,1820.888916015625
2001-07-28 06:00:00,22517.0,23047.599609375,-530.599609375,530.599609375,281535.9454689026
2001-07-28 07:00:00,23868.0,23808.703125,59.296875,59.296875,3516.119384765625
2001-07-28 08:00:00,26437.0,25671.580078125,765.419921875,765.419921875,585867.6568031311
2001-07-28 09:00:00,28654.0,28527.939453125,126.060546875,126.060546875,15891.261478424072
2001-07-28 10:00:00,30260.0,29974.0625,285.9375,285.9375,81760.25390625
2001-07-28 11:00:00,31210.0,31085.55078125,124.44921875,124.44921875,15487.608047485352
2001-07-28 12:00:00,31452.0,32043.458984375,-591.458984375,591.458984375,349823.7301979065
2001-07-28 13:00:00,31572.0,31806.310546875,-234.310546875,234.310546875,54901.43237686157
2001-07-28 14:00:00,31568.0,31807.96875,-239.96875,239.96875,57585.0009765625
2001-07-28 15:00:00,31513.0,31927.28125,-414.28125,414.28125,171628.9541015625
2001-07-28 16:00:00,31712.0,31749.732421875,-37.732421875,37.732421875,1423.7356605529785
2001-07-28 17:00:00,31707.0,31861.43359375,-154.43359375,154.43359375,23849.73487854004
2001-07-28 18:00:00,31106.0,31719.216796875,-613.216796875,613.216796875,376034.839969635
2001-07-28 19:00:00,30081.0,30573.39453125,-492.39453125,492.39453125,242452.37440490723
2001-07-28 20:00:00,30223.0,30195.458984375,27.541015625,27.541015625,758.5075416564941
2001-07-28 21:00:00,30345.0,30241.59375,103.40625,103.40625,10692.8525390625
2001-07-28 22:00:00,28593.0,29621.34765625,-1028.34765625,1028.34765625,1057498.9021148682
2001-07-28 23:00:00,26417.0,27070.0078125,-653.0078125,653.0078125,426419.20318603516
2001-07-29 00:00:00,24553.0,24360.294921875,192.705078125,192.705078125,37135.24713516235
2001-07-29 01:00:00,23075.0,22892.76171875,182.23828125,182.23828125,33210.7911529541
2001-07-29 02:00:00,22144.0,21956.796875,187.203125,187.203125,35045.010009765625
2001-07-29 03:00:00,21612.0,21498.861328125,113.138671875,113.138671875,12800.359073638916
2001-07-29 04:00:00,21319.0,21431.3359375,-112.3359375,112.3359375,12619.362854003906
2001-07-29 05:00:00,21445.0,21591.4609375,-146.4609375,146.4609375,21450.806213378906
2001-07-29 06:00:00,21429.0,22331.294921875,-902.294921875,902.294921875,814136.1260414124
2001-07-29 07:00:00,22326.0,22752.181640625,-426.181640625,426.181640625,181630.79080581665
2001-07-29 08:00:00,24110.0,24319.982421875,-209.982421875,209.982421875,44092.61749649048
2001-07-29 09:00:00,25848.0,25863.80859375,-15.80859375,15.80859375,249.91163635253906
2001-07-29 10:00:00,27200.0,26960.4609375,239.5390625,239.5390625,57378.962463378906
2001-07-29 11:00:00,28011.0,27726.416015625,284.583984375,284.583984375,80988.04416275024
2001-07-29 12:00:00,28359.0,28301.375,57.625,57.625,3320.640625
2001-07-29 13:00:00,28416.0,28085.255859375,330.744140625,330.744140625,109391.68655776978
2001-07-29 14:00:00,28239.0,28066.28125,172.71875,172.71875,29831.7666015625
2001-07-29 15:00:00,28048.0,28312.482421875,-264.482421875,264.482421875,69950.95148086548
2001-07-29 16:00:00,28080.0,28212.037109375,-132.037109375,132.037109375,17433.798252105713
2001-07-29 17:00:00,28263.0,28334.63671875,-71.63671875,71.63671875,5131.819473266602
2001-07-29 18:00:00,28044.0,28499.8515625,-455.8515625,455.8515625,207800.6470336914
2001-07-29 19:00:00,27954.0,27825.703125,128.296875,128.296875,16460.088134765625
2001-07-29 20:00:00,28830.0,28155.1328125,674.8671875,674.8671875,455445.72076416016
2001-07-29 21:00:00,28925.0,28655.310546875,269.689453125,269.689453125,72732.40112686157
2001-07-29 22:00:00,27311.0,27805.4296875,-494.4296875,494.4296875,244460.71588134766
2001-07-29 23:00:00,25419.0,25486.517578125,-67.517578125,67.517578125,4558.6233558654785
2001-07-30 00:00:00,23842.0,23500.359375,341.640625,341.640625,116718.31665039062
2001-07-30 01:00:00,22712.0,22341.67578125,370.32421875,370.32421875,137140.02699279785
2001-07-30 02:00:00,22237.0,21925.501953125,311.498046875,311.498046875,97031.0332069397
2001-07-30 03:00:00,22074.0,21841.89453125,232.10546875,232.10546875,53872.94862365723
2001-07-30 04:00:00,22584.0,22244.48828125,339.51171875,339.51171875,115268.2071685791
2001-07-30 05:00:00,24029.0,23730.65625,298.34375,298.34375,89008.9931640625
2001-07-30 06:00:00,26408.0,26583.53125,-175.53125,175.53125,30811.2197265625
2001-07-30 07:00:00,29319.0,29249.009765625,69.990234375,69.990234375,4898.632907867432
2001-07-30 08:00:00,31694.0,30868.0625,825.9375,825.9375,682172.75390625
2001-07-30 09:00:00,33341.0,32617.494140625,723.505859375,723.505859375,523460.7285499573
2001-07-30 10:00:00,34557.0,34559.875,-2.875,2.875,8.265625
2001-07-30 11:00:00,35385.0,35083.56640625,301.43359375,301.43359375,90862.21144104004
2001-07-30 12:00:00,35727.0,35787.984375,-60.984375,60.984375,3719.093994140625
2001-07-30 13:00:00,36077.0,35914.140625,162.859375,162.859375,26523.176025390625
2001-07-30 14:00:00,36273.0,36206.99609375,66.00390625,66.00390625,4356.515640258789
2001-07-30 15:00:00,36185.0,36454.76171875,-269.76171875,269.76171875,72771.3849029541
2001-07-30 16:00:00,36220.0,35838.41796875,381.58203125,381.58203125,145604.84657287598
2001-07-30 17:00:00,35856.0,35591.47265625,264.52734375,264.52734375,69974.71559143066
2001-07-30 18:00:00,35045.0,35056.61328125,-11.61328125,11.61328125,134.86830139160156
2001-07-30 19:00:00,33848.0,34450.09765625,-602.09765625,602.09765625,362521.58766174316
2001-07-30 20:00:00,33908.0,33281.11328125,626.88671875,626.88671875,392986.9581451416
2001-07-30 21:00:00,33878.0,32282.908203125,1595.091796875,1595.091796875,2544317.8404579163
2001-07-30 22:00:00,31239.0,30894.458984375,344.541015625,344.541015625,118708.5114479065
2001-07-30 23:00:00,28369.0,28419.4453125,-50.4453125,50.4453125,2544.7295532226562
2001-07-31 00:00:00,25903.0,25801.33984375,101.66015625,101.66015625,10334.787368774414
2001-07-31 01:00:00,24342.0,24325.4296875,16.5703125,16.5703125,274.57525634765625
2001-07-31 02:00:00,23591.0,23852.169921875,-261.169921875,261.169921875,68209.7280921936
2001-07-31 03:00:00,23083.0,23354.939453125,-271.939453125,271.939453125,73951.06616592407
2001-07-31 04:00:00,23362.0,23088.224609375,273.775390625,273.775390625,74952.96451187134
2001-07-31 05:00:00,24760.0,24142.0546875,617.9453125,617.9453125,381856.40924072266
2001-07-31 06:00:00,26941.0,27101.853515625,-160.853515625,160.853515625,25873.85348892212
2001-07-31 07:00:00,29812.0,29940.15625,-128.15625,128.15625,16424.0244140625
2001-07-31 08:00:00,32109.0,32074.8671875,34.1328125,34.1328125,1165.0488891601562
2001-07-31 09:00:00,33833.0,33256.39453125,576.60546875,576.60546875,332473.8665924072
2001-07-31 10:00:00,35239.0,35226.98046875,12.01953125,12.01953125,144.46913146972656
2001-07-31 11:00:00,36574.0,36066.625,507.375,507.375,257429.390625
2001-07-31 12:00:00,37275.0,37070.25390625,204.74609375,204.74609375,41920.96290588379
2001-07-31 13:00:00,38216.0,37868.97265625,347.02734375,347.02734375,120427.97731018066
2001-07-31 14:00:00,38723.0,38694.296875,28.703125,28.703125,823.869384765625
2001-07-31 15:00:00,39211.0,39025.3828125,185.6171875,185.6171875,34453.740295410156
2001-07-31 16:00:00,39486.0,39300.0703125,185.9296875,185.9296875,34569.848693847656
2001-07-31 17:00:00,39273.0,39152.88671875,120.11328125,120.11328125,14427.200332641602
2001-07-31 18:00:00,38116.0,38227.26171875,-111.26171875,111.26171875,12379.170059204102
2001-07-31 19:00:00,36536.0,37079.6015625,-543.6015625,543.6015625,295502.6587524414
2001-07-31 20:00:00,36210.0,36107.6171875,102.3828125,102.3828125,10482.240295410156
2001-07-31 21:00:00,35701.0,35313.73046875,387.26953125,387.26953125,149977.68983459473
2001-07-31 22:00:00,32842.0,32992.09765625,-150.09765625,150.09765625,22529.306411743164
2001-07-31 23:00:00,29553.0,30098.2109375,-545.2109375,545.2109375,297254.9663696289
2001-08-01 00:00:00,26928.0,27259.830078125,-331.830078125,331.830078125,110111.2007484436
2001-08-01 01:00:00,25303.0,25227.181640625,75.818359375,75.818359375,5748.42361831665
2001-08-01 02:00:00,24293.0,24271.6640625,21.3359375,21.3359375,455.22222900390625
2001-08-01 03:00:00,23789.0,23905.888671875,-116.888671875,116.888671875,13662.961612701416
2001-08-01 04:00:00,24002.0,23843.130859375,158.869140625,158.869140625,25239.403842926025
2001-08-01 05:00:00,25209.0,25219.12109375,-10.12109375,10.12109375,102.43653869628906
2001-08-01 06:00:00,27414.0,27532.99609375,-118.99609375,118.99609375,14160.070327758789
2001-08-01 07:00:00,30366.0,30279.01953125,86.98046875,86.98046875,7565.601943969727
2001-08-01 08:00:00,33161.0,32999.671875,161.328125,161.328125,26026.763916015625
2001-08-01 09:00:00,35346.0,34913.54296875,432.45703125,432.45703125,187019.08387756348
2001-08-01 10:00:00,37121.0,37118.453125,2.546875,2.546875,6.486572265625
2001-08-01 11:00:00,39268.0,38033.26953125,1234.73046875,1234.73046875,1524559.3304595947
2001-08-01 12:00:00,40325.0,40270.5,54.5,54.5,2970.25
2001-08-01 13:00:00,41589.0,40876.6015625,712.3984375,712.3984375,507511.5337524414
2001-08-01 14:00:00,42385.0,42069.76953125,315.23046875,315.23046875,99370.24842834473
2001-08-01 15:00:00,42848.0,42758.74609375,89.25390625,89.25390625,7966.259780883789
2001-08-01 16:00:00,43358.0,43660.44921875,-302.44921875,302.44921875,91475.52992248535
2001-08-01 17:00:00,43391.0,42940.12890625,450.87109375,450.87109375,203284.7431793213
2001-08-01 18:00:00,42312.0,41928.203125,383.796875,383.796875,147300.04125976562
2001-08-01 19:00:00,40609.0,41085.9609375,-476.9609375,476.9609375,227491.7359008789
2001-08-01 20:00:00,40072.0,40280.69921875,-208.69921875,208.69921875,43555.36390686035
2001-08-01 21:00:00,39171.0,39636.09765625,-465.09765625,465.09765625,216315.82984924316
2001-08-01 22:00:00,35878.0,36795.86328125,-917.86328125,917.86328125,842473.0030670166
2001-08-01 23:00:00,32497.0,32410.060546875,86.939453125,86.939453125,7558.468509674072
2001-08-02 00:00:00,29115.0,29445.986328125,-330.986328125,330.986328125,109551.94940567017
2001-08-02 01:00:00,27367.0,27336.744140625,30.255859375,30.255859375,915.4170265197754
2001-08-02 02:00:00,26103.0,26323.404296875,-220.404296875,220.404296875,48578.054080963135
2001-08-02 03:00:00,25356.0,25427.279296875,-71.279296875,71.279296875,5080.738162994385
2001-08-02 04:00:00,25492.0,25081.361328125,410.638671875,410.638671875,168624.11883926392
2001-08-02 05:00:00,26579.0,26259.630859375,319.369140625,319.369140625,101996.64798355103
2001-08-02 06:00:00,28541.0,29295.005859375,-754.005859375,754.005859375,568524.8359718323
2001-08-02 07:00:00,31570.0,31750.1171875,-180.1171875,180.1171875,32442.201232910156
2001-08-02 08:00:00,34344.0,34446.15234375,-102.15234375,102.15234375,10435.101333618164
2001-08-02 09:00:00,36879.0,36532.23828125,346.76171875,346.76171875,120243.6895904541
2001-08-02 10:00:00,39060.0,38907.203125,152.796875,152.796875,23346.885009765625
2001-08-02 11:00:00,40891.0,40892.59375,-1.59375,1.59375,2.5400390625
2001-08-02 12:00:00,42272.0,41960.484375,311.515625,311.515625,97041.98461914062
2001-08-02 13:00:00,43522.0,43279.50390625,242.49609375,242.49609375,58804.35548400879
2001-08-02 14:00:00,44393.0,44460.21484375,-67.21484375,67.21484375,4517.835220336914
2001-08-02 15:00:00,45330.0,44812.17578125,517.82421875,517.82421875,268141.92152404785
2001-08-02 16:00:00,45820.0,45333.53125,486.46875,486.46875,236651.8447265625
2001-08-02 17:00:00,45681.0,45537.23828125,143.76171875,143.76171875,20667.4317779541
2001-08-02 18:00:00,44183.0,44726.72265625,-543.72265625,543.72265625,295634.32691955566
2001-08-02 19:00:00,42105.0,42589.65234375,-484.65234375,484.65234375,234887.89430236816
2001-08-02 20:00:00,41337.0,41499.046875,-162.046875,162.046875,26259.189697265625
2001-08-02 21:00:00,40392.0,40572.609375,-180.609375,180.609375,32619.746337890625
2001-08-02 22:00:00,36954.0,38046.58984375,-1092.58984375,1092.58984375,1193752.5666656494
2001-08-02 23:00:00,33299.0,33608.37109375,-309.37109375,309.37109375,95710.47364807129
2001-08-03 00:00:00,30226.0,30281.6171875,-55.6171875,55.6171875,3093.2715454101562
2001-08-03 01:00:00,28566.0,28079.703125,486.296875,486.296875,236484.65063476562
2001-08-03 02:00:00,27334.0,27580.26953125,-246.26953125,246.26953125,60648.68202209473
2001-08-03 03:00:00,26570.0,26674.69921875,-104.69921875,104.69921875,10961.926406860352
2001-08-03 04:00:00,26662.0,26301.30859375,360.69140625,360.69140625,130098.29054260254
2001-08-03 05:00:00,27899.0,27753.466796875,145.533203125,145.533203125,21179.91321182251
2001-08-03 06:00:00,30085.0,30519.716796875,-434.716796875,434.716796875,188978.69348526
2001-08-03 07:00:00,32794.0,32805.34765625,-11.34765625,11.34765625,128.76930236816406
2001-08-03 08:00:00,35304.0,35261.96875,42.03125,42.03125,1766.6259765625
2001-08-03 09:00:00,37448.0,37325.33203125,122.66796875,122.66796875,15047.430557250977
2001-08-03 10:00:00,39289.0,39132.73828125,156.26171875,156.26171875,24417.7247467041
2001-08-03 11:00:00,40983.0,40404.38671875,578.61328125,578.61328125,334793.3292388916
2001-08-03 12:00:00,42165.0,41938.546875,226.453125,226.453125,51281.017822265625
2001-08-03 13:00:00,43322.0,43127.9921875,194.0078125,194.0078125,37639.031311035156
2001-08-03 14:00:00,44137.0,43976.46875,160.53125,160.53125,25770.2822265625
2001-08-03 15:00:00,44573.0,44845.74609375,-272.74609375,272.74609375,74390.43165588379
2001-08-03 16:00:00,44391.0,44538.90234375,-147.90234375,147.90234375,21875.103286743164
2001-08-03 17:00:00,44061.0,43821.05078125,239.94921875,239.94921875,57575.62757873535
2001-08-03 18:00:00,42548.0,42934.625,-386.625,386.625,149478.890625
2001-08-03 19:00:00,40796.0,41308.9921875,-512.9921875,512.9921875,263160.98443603516
2001-08-03 20:00:00,40462.0,40492.7421875,-30.7421875,30.7421875,945.0820922851562
2001-08-03 21:00:00,39515.0,39570.12109375,-55.12109375,55.12109375,3038.334976196289
2001-08-03 22:00:00,36721.0,35865.09765625,855.90234375,855.90234375,732568.8220367432
2001-08-03 23:00:00,33698.0,33171.08984375,526.91015625,526.91015625,277634.3127593994
2001-08-04 00:00:00,30952.0,30734.240234375,217.759765625,217.759765625,47419.31552505493
2001-08-04 01:00:00,29139.0,29044.892578125,94.107421875,94.107421875,8856.206851959229
2001-08-04 02:00:00,27799.0,27692.859375,106.140625,106.140625,11265.832275390625
2001-08-04 03:00:00,26898.0,27052.275390625,-154.275390625,154.275390625,23800.896152496338
2001-08-04 04:00:00,26500.0,26849.353515625,-349.353515625,349.353515625,122047.87887954712
2001-08-04 05:00:00,26890.0,26957.140625,-67.140625,67.140625,4507.863525390625
2001-08-04 06:00:00,27358.0,28373.421875,-1015.421875,1015.421875,1031081.5842285156
2001-08-04 07:00:00,28590.0,29331.7734375,-741.7734375,741.7734375,550227.8325805664
2001-08-04 08:00:00,31238.0,30837.765625,400.234375,400.234375,160187.55493164062
2001-08-04 09:00:00,33773.0,33555.7109375,217.2890625,217.2890625,47214.536682128906
2001-08-04 10:00:00,35789.0,35141.95703125,647.04296875,647.04296875,418664.6034088135
2001-08-04 11:00:00,37035.0,36912.04296875,122.95703125,122.95703125,15118.431533813477
2001-08-04 12:00:00,38041.0,37810.69921875,230.30078125,230.30078125,53038.44984436035
2001-08-04 13:00:00,38804.0,38464.62890625,339.37109375,339.37109375,115172.73927307129
2001-08-04 14:00:00,39306.0,39428.953125,-122.953125,122.953125,15117.470947265625
2001-08-04 15:00:00,39147.0,39408.203125,-261.203125,261.203125,68227.07250976562
2001-08-04 16:00:00,38815.0,39440.90625,-625.90625,625.90625,391758.6337890625
2001-08-04 17:00:00,38034.0,38444.15625,-410.15625,410.15625,168228.1494140625
2001-08-04 18:00:00,36966.0,37108.85546875,-142.85546875,142.85546875,20407.684951782227
2001-08-04 19:00:00,35927.0,36108.26171875,-181.26171875,181.26171875,32855.8106842041
2001-08-04 20:00:00,35929.0,35268.50390625,660.49609375,660.49609375,436255.0898590088
2001-08-04 21:00:00,35506.0,35687.953125,-181.953125,181.953125,33106.939697265625
2001-08-04 22:00:00,33515.0,33823.61328125,-308.61328125,308.61328125,95242.1573638916
2001-08-04 23:00:00,31106.0,31341.29296875,-235.29296875,235.29296875,55362.78114318848
2001-08-05 00:00:00,28706.0,28470.849609375,235.150390625,235.150390625,55295.70621109009
2001-08-05 01:00:00,27116.0,26641.384765625,474.615234375,474.615234375,225259.62070083618
2001-08-05 02:00:00,25930.0,25837.7421875,92.2578125,92.2578125,8511.503967285156
2001-08-05 03:00:00,25103.0,25105.2890625,-2.2890625,2.2890625,5.23980712890625
2001-08-05 04:00:00,24658.0,24873.896484375,-215.896484375,215.896484375,46611.29196548462
2001-08-05 05:00:00,24658.0,24754.35546875,-96.35546875,96.35546875,9284.376358032227
2001-08-05 06:00:00,24613.0,25762.130859375,-1149.130859375,1149.130859375,1320501.731967926
2001-08-05 07:00:00,25778.0,25732.255859375,45.744140625,45.744140625,2092.5264015197754
2001-08-05 08:00:00,28322.0,28258.73828125,63.26171875,63.26171875,4002.0450592041016
2001-08-05 09:00:00,31009.0,30544.599609375,464.400390625,464.400390625,215667.7228126526
2001-08-05 10:00:00,33676.0,33043.9453125,632.0546875,632.0546875,399493.12799072266
2001-08-05 11:00:00,35949.0,35374.87109375,574.12890625,574.12890625,329624.0009918213
2001-08-05 12:00:00,38173.0,37218.78125,954.21875,954.21875,910533.4228515625
2001-08-05 13:00:00,39634.0,39297.046875,336.953125,336.953125,113537.40844726562
2001-08-05 14:00:00,40718.0,40265.3046875,452.6953125,452.6953125,204933.04595947266
2001-08-05 15:00:00,41496.0,40986.734375,509.265625,509.265625,259351.47680664062
2001-08-05 16:00:00,42239.0,42200.47265625,38.52734375,38.52734375,1484.356216430664
2001-08-05 17:00:00,42546.0,42190.59375,355.40625,355.40625,126313.6025390625
2001-08-05 18:00:00,41781.0,42331.30859375,-550.30859375,550.30859375,302839.54835510254
2001-08-05 19:00:00,40564.0,40860.48046875,-296.48046875,296.48046875,87900.66835021973
2001-08-05 20:00:00,40825.0,40048.9296875,776.0703125,776.0703125,602285.1299438477
2001-08-05 21:00:00,40486.0,39513.11328125,972.88671875,972.88671875,946508.5675201416
2001-08-05 22:00:00,37997.0,39219.01171875,-1222.01171875,1222.01171875,1493312.640762329
2001-08-05 23:00:00,34760.0,35698.33984375,-938.33984375,938.33984375,880481.6623687744
2001-08-06 00:00:00,32050.0,32118.419921875,-68.419921875,68.419921875,4681.2857093811035
2001-08-06 01:00:00,30370.0,29512.75390625,857.24609375,857.24609375,734870.8652496338
2001-08-06 02:00:00,29142.0,28334.99609375,807.00390625,807.00390625,651255.3047027588
2001-08-06 03:00:00,28533.0,27762.908203125,770.091796875,770.091796875,593041.3756141663
2001-08-06 04:00:00,28691.0,28185.03515625,505.96484375,505.96484375,256000.4231109619
2001-08-06 05:00:00,29881.0,29567.427734375,313.572265625,313.572265625,98327.56576919556
2001-08-06 06:00:00,32056.0,31953.263671875,102.736328125,102.736328125,10554.753116607666
2001-08-06 07:00:00,35399.0,35208.24609375,190.75390625,190.75390625,36387.05274963379
2001-08-06 08:00:00,38917.0,38443.23828125,473.76171875,473.76171875,224450.1661529541
2001-08-06 09:00:00,42116.0,41096.2734375,1019.7265625,1019.7265625,1039842.2622680664
2001-08-06 10:00:00,45127.0,43423.26953125,1703.73046875,1703.73046875,2902697.5101470947
2001-08-06 11:00:00,47571.0,46478.57421875,1092.42578125,1092.42578125,1193394.0875396729
2001-08-06 12:00:00,49200.0,49140.01953125,59.98046875,59.98046875,3597.6566314697266
2001-08-06 13:00:00,50355.0,49687.56640625,667.43359375,667.43359375,445467.60206604004
2001-08-06 14:00:00,51164.0,49444.77734375,1719.22265625,1719.22265625,2955726.5417633057
2001-08-06 15:00:00,51490.0,49359.74609375,2130.25390625,2130.25390625,4537981.705093384
2001-08-06 16:00:00,51660.0,48820.0703125,2839.9296875,2839.9296875,8065200.629943848
2001-08-06 17:00:00,51349.0,47903.3984375,3445.6015625,3445.6015625,11872170.127502441
2001-08-06 18:00:00,50378.0,47170.30859375,3207.69140625,3207.69140625,10289284.157730103
2001-08-06 19:00:00,49011.0,47300.6953125,1710.3046875,1710.3046875,2925142.1240844727
2001-08-06 20:00:00,48781.0,46812.94140625,1968.05859375,1968.05859375,3873254.6284332275
2001-08-06 21:00:00,47438.0,47701.1875,-263.1875,263.1875,69267.66015625
2001-08-06 22:00:00,43531.0,46055.265625,-2524.265625,2524.265625,6371916.945556641
2001-08-06 23:00:00,39474.0,39330.8359375,143.1640625,143.1640625,20495.948791503906
2001-08-07 00:00:00,36295.0,35555.0,740.0,740.0,547600.0
2001-08-07 01:00:00,34462.0,33445.24609375,1016.75390625,1016.75390625,1033788.5058746338
2001-08-07 02:00:00,32919.0,32579.765625,339.234375,339.234375,115079.96118164062
2001-08-07 03:00:00,31924.0,32167.845703125,-243.845703125,243.845703125,59460.726932525635
2001-08-07 04:00:00,31720.0,31269.451171875,450.548828125,450.548828125,202994.2465248108
2001-08-07 05:00:00,32931.0,32144.015625,786.984375,786.984375,619344.4064941406
2001-08-07 06:00:00,34803.0,35636.80078125,-833.80078125,833.80078125,695223.7428131104
2001-08-07 07:00:00,38172.0,37871.15234375,300.84765625,300.84765625,90509.31227111816
2001-08-07 08:00:00,41100.0,41031.4609375,68.5390625,68.5390625,4697.603088378906
2001-08-07 09:00:00,44240.0,42638.3359375,1601.6640625,1601.6640625,2565327.769104004
2001-08-07 10:00:00,46948.0,46061.7265625,886.2734375,886.2734375,785480.6060180664
2001-08-07 11:00:00,48884.0,47770.9453125,1113.0546875,1113.0546875,1238890.7373657227
2001-08-07 12:00:00,50155.0,49993.74609375,161.25390625,161.25390625,26002.82228088379
2001-08-07 13:00:00,51407.0,50747.875,659.125,659.125,434445.765625
2001-08-07 14:00:00,52394.0,51218.8125,1175.1875,1175.1875,1381065.66015625
2001-08-07 15:00:00,53076.0,50584.4296875,2491.5703125,2491.5703125,6207922.622131348
2001-08-07 16:00:00,53253.0,49790.53515625,3462.46484375,3462.46484375,11988662.794204712
2001-08-07 17:00:00,52964.0,48702.7109375,4261.2890625,4261.2890625,18158584.47418213
2001-08-07 18:00:00,52019.0,49102.3671875,2916.6328125,2916.6328125,8506746.96295166
2001-08-07 19:00:00,50606.0,49046.08984375,1559.91015625,1559.91015625,2433319.6955718994
2001-08-07 20:00:00,50382.0,48800.703125,1581.296875,1581.296875,2500499.8068847656
2001-08-07 21:00:00,48918.0,47538.2421875,1379.7578125,1379.7578125,1903731.6211547852
2001-08-07 22:00:00,45123.0,46725.63671875,-1602.63671875,1602.63671875,2568444.4522857666
2001-08-07 23:00:00,41378.0,41987.31640625,-609.31640625,609.31640625,371266.48292541504
2001-08-08 00:00:00,37867.0,38782.1171875,-915.1171875,915.1171875,837439.4668579102
2001-08-08 01:00:00,35938.0,36556.484375,-618.484375,618.484375,382522.9221191406
2001-08-08 02:00:00,34450.0,34558.41796875,-108.41796875,108.41796875,11754.455947875977
2001-08-08 03:00:00,33379.0,33645.8046875,-266.8046875,266.8046875,71184.74127197266
2001-08-08 04:00:00,33292.0,33403.421875,-111.421875,111.421875,12414.834228515625
2001-08-08 05:00:00,34346.0,33221.35546875,1124.64453125,1124.64453125,1264825.3216705322
2001-08-08 06:00:00,36465.0,36493.43359375,-28.43359375,28.43359375,808.4692535400391
2001-08-08 07:00:00,39673.0,39533.18359375,139.81640625,139.81640625,19548.62745666504
2001-08-08 08:00:00,42910.0,41371.9375,1538.0625,1538.0625,2365636.25390625
2001-08-08 09:00:00,45912.0,45200.046875,711.953125,711.953125,506877.2521972656
2001-08-08 10:00:00,48768.0,46589.1875,2178.8125,2178.8125,4747223.91015625
2001-08-08 11:00:00,50772.0,49857.59375,914.40625,914.40625,836138.7900390625
2001-08-08 12:00:00,52033.0,50662.5703125,1370.4296875,1370.4296875,1878077.5283813477
2001-08-08 13:00:00,52815.0,51385.29296875,1429.70703125,1429.70703125,2044062.1952056885
2001-08-08 14:00:00,53427.0,51441.30078125,1985.69921875,1985.69921875,3943001.3873443604
2001-08-08 15:00:00,53604.0,51414.50390625,2189.49609375,2189.49609375,4793893.144546509
2001-08-08 16:00:00,53789.0,50674.05078125,3114.94921875,3114.94921875,9702908.635391235
2001-08-08 17:00:00,53356.0,49672.9375,3683.0625,3683.0625,13564949.37890625
2001-08-08 18:00:00,52307.0,50137.36328125,2169.63671875,2169.63671875,4707323.491348267
2001-08-08 19:00:00,51468.0,49974.59765625,1493.40234375,1493.40234375,2230250.560317993
2001-08-08 20:00:00,51036.0,50079.5703125,956.4296875,956.4296875,914757.7471313477
2001-08-08 21:00:00,49396.0,48690.7890625,705.2109375,705.2109375,497322.4663696289
2001-08-08 22:00:00,45586.0,46700.609375,-1114.609375,1114.609375,1242354.0588378906
2001-08-08 23:00:00,41424.0,41906.93359375,-482.93359375,482.93359375,233224.85597229004
2001-08-09 00:00:00,38326.0,39353.25390625,-1027.25390625,1027.25390625,1055250.5879058838
2001-08-09 01:00:00,36169.0,36690.78515625,-521.78515625,521.78515625,272259.7492828369
2001-08-09 02:00:00,34679.0,34617.75390625,61.24609375,61.24609375,3751.083999633789
2001-08-09 03:00:00,33636.0,33856.546875,-220.546875,220.546875,48640.924072265625
2001-08-09 04:00:00,33335.0,33608.77734375,-273.77734375,273.77734375,74954.03395080566
2001-08-09 05:00:00,34362.0,33801.9609375,560.0390625,560.0390625,313643.7515258789
2001-08-09 06:00:00,36291.0,36293.6953125,-2.6953125,2.6953125,7.26470947265625
2001-08-09 07:00:00,39526.0,39545.5703125,-19.5703125,19.5703125,382.99713134765625
2001-08-09 08:00:00,43024.0,41451.22265625,1572.77734375,1572.77734375,2473628.5730133057
2001-08-09 09:00:00,46245.0,45140.140625,1104.859375,1104.859375,1220714.2385253906
2001-08-09 10:00:00,49193.0,47633.484375,1559.515625,1559.515625,2432088.9846191406
2001-08-09 11:00:00,51544.0,49858.84765625,1685.15234375,1685.15234375,2839738.421646118
2001-08-09 12:00:00,52527.0,50681.02734375,1845.97265625,1845.97265625,3407615.0476226807
2001-08-09 13:00:00,53654.0,51503.625,2150.375,2150.375,4624112.640625
2001-08-09 14:00:00,54030.0,51518.36328125,2511.63671875,2511.63671875,6308319.006973267
2001-08-09 15:00:00,53631.0,51447.20703125,2183.79296875,2183.79296875,4768951.7303619385
2001-08-09 16:00:00,53618.0,50945.25390625,2672.74609375,2672.74609375,7143571.681655884
2001-08-09 17:00:00,53455.0,50618.6953125,2836.3046875,2836.3046875,8044624.280334473
2001-08-09 18:00:00,52868.0,50134.06640625,2733.93359375,2733.93359375,7474392.89503479
2001-08-09 19:00:00,51947.0,50229.22265625,1717.77734375,1717.77734375,2950759.0027008057
2001-08-09 20:00:00,52344.0,50171.24609375,2172.75390625,2172.75390625,4720859.537124634
2001-08-09 21:00:00,51163.0,49439.53515625,1723.46484375,1723.46484375,2970331.067642212
2001-08-09 22:00:00,47650.0,46897.24609375,752.75390625,752.75390625,566638.4433746338
2001-08-09 23:00:00,44058.0,45752.33203125,-1694.33203125,1694.33203125,2870761.032119751
2001-08-10 00:00:00,40662.0,42170.5390625,-1508.5390625,1508.5390625,2275690.103088379
2001-08-10 01:00:00,38621.0,38050.00390625,570.99609375,570.99609375,326036.5390777588
2001-08-10 02:00:00,36988.0,37783.05859375,-795.05859375,795.05859375,632118.1674957275
2001-08-10 03:00:00,35966.0,35717.98828125,248.01171875,248.01171875,61509.8126373291
2001-08-10 04:00:00,35613.0,34720.25,892.75,892.75,797002.5625
2001-08-10 05:00:00,36622.0,35781.12890625,840.87109375,840.87109375,707064.1963043213
2001-08-10 06:00:00,38472.0,37404.94921875,1067.05078125,1067.05078125,1138597.3697662354
2001-08-10 07:00:00,41347.0,40873.96875,473.03125,473.03125,223758.5634765625
2001-08-10 08:00:00,44482.0,43592.73828125,889.26171875,889.26171875,790786.4044342041
2001-08-10 09:00:00,47163.0,44783.05859375,2379.94140625,2379.94140625,5664121.097183228
2001-08-10 10:00:00,49410.0,46964.703125,2445.296875,2445.296875,5979476.806884766
2001-08-10 11:00:00,51109.0,49669.56640625,1439.43359375,1439.43359375,2071969.07081604
2001-08-10 12:00:00,51907.0,50429.12109375,1477.87890625,1477.87890625,2184126.0615386963
2001-08-10 13:00:00,52122.0,51183.37890625,938.62109375,938.62109375,881009.5576324463
2001-08-10 14:00:00,50703.0,51225.828125,-522.828125,522.828125,273349.2482910156
2001-08-10 15:00:00,48723.0,50977.03125,-2254.03125,2254.03125,5080656.8759765625
2001-08-10 16:00:00,47538.0,50557.078125,-3019.078125,3019.078125,9114832.724853516
2001-08-10 17:00:00,46509.0,51051.09375,-4542.09375,4542.09375,20630615.633789062
2001-08-10 18:00:00,45206.0,47620.39453125,-2414.39453125,2414.39453125,5829300.952529907
2001-08-10 19:00:00,43753.0,45564.73046875,-1811.73046875,1811.73046875,3282367.2913970947
2001-08-10 20:00:00,43541.0,43202.48828125,338.51171875,338.51171875,114590.1837310791
2001-08-10 21:00:00,42027.0,41620.453125,406.546875,406.546875,165280.36157226562
2001-08-10 22:00:00,39761.0,39899.47265625,-138.47265625,138.47265625,19174.676528930664
2001-08-10 23:00:00,37034.0,37706.51953125,-672.51953125,672.51953125,452282.5199127197
2001-08-11 00:00:00,34088.0,35115.57421875,-1027.57421875,1027.57421875,1055908.7750396729
2001-08-11 01:00:00,32229.0,32927.51171875,-698.51171875,698.51171875,487918.6212310791
2001-08-11 02:00:00,31143.0,30568.63671875,574.36328125,574.36328125,329893.1788482666
2001-08-11 03:00:00,30221.0,30775.234375,-554.234375,554.234375,307175.7424316406
2001-08-11 04:00:00,29777.0,30527.27734375,-750.27734375,750.27734375,562916.0925445557
2001-08-11 05:00:00,29952.0,30498.638671875,-546.638671875,546.638671875,298813.8375892639
2001-08-11 06:00:00,30561.0,31018.6953125,-457.6953125,457.6953125,209484.99908447266
2001-08-11 07:00:00,31596.0,32940.6640625,-1344.6640625,1344.6640625,1808121.440979004
2001-08-11 08:00:00,33825.0,34000.70703125,-175.70703125,175.70703125,30872.960830688477
2001-08-11 09:00:00,36054.0,36538.68359375,-484.68359375,484.68359375,234918.18605041504
2001-08-11 10:00:00,37533.0,37748.7734375,-215.7734375,215.7734375,46558.176330566406
2001-08-11 11:00:00,38286.0,39101.41015625,-815.41015625,815.41015625,664893.7229156494
2001-08-11 12:00:00,38385.0,39397.23046875,-1012.23046875,1012.23046875,1024610.5218658447
2001-08-11 13:00:00,37929.0,38931.86328125,-1002.86328125,1002.86328125,1005734.7608795166
2001-08-11 14:00:00,37320.0,37731.58203125,-411.58203125,411.58203125,169399.76844787598
2001-08-11 15:00:00,36471.0,36995.171875,-524.171875,524.171875,274756.1545410156
2001-08-11 16:00:00,35705.0,35999.40625,-294.40625,294.40625,86675.0400390625
2001-08-11 17:00:00,35167.0,35502.05859375,-335.05859375,335.05859375,112264.26124572754
2001-08-11 18:00:00,34820.0,35216.27734375,-396.27734375,396.27734375,157035.73316955566
2001-08-11 19:00:00,34539.0,34688.09765625,-149.09765625,149.09765625,22230.111099243164
2001-08-11 20:00:00,35091.0,34961.265625,129.734375,129.734375,16831.008056640625
2001-08-11 21:00:00,34617.0,35750.4609375,-1133.4609375,1133.4609375,1284733.696838379
2001-08-11 22:00:00,32964.0,34399.7265625,-1435.7265625,1435.7265625,2061310.7622680664
2001-08-11 23:00:00,30961.0,31678.416015625,-717.416015625,717.416015625,514685.73947525024
2001-08-12 00:00:00,28855.0,29678.51953125,-823.51953125,823.51953125,678184.4183502197
2001-08-12 01:00:00,27333.0,27299.072265625,33.927734375,33.927734375,1151.0911598205566
2001-08-12 02:00:00,26362.0,26386.75390625,-24.75390625,24.75390625,612.7558746337891
2001-08-12 03:00:00,26009.0,25917.583984375,91.416015625,91.416015625,8356.887912750244
2001-08-12 04:00:00,25674.0,25861.197265625,-187.197265625,187.197265625,35042.81625747681
2001-08-12 05:00:00,25782.0,26137.966796875,-355.966796875,355.966796875,126712.36047744751
2001-08-12 06:00:00,26176.0,27006.802734375,-830.802734375,830.802734375,690233.1834449768
2001-08-12 07:00:00,27045.0,27623.41796875,-578.41796875,578.41796875,334567.346572876
2001-08-12 08:00:00,29009.0,29031.05859375,-22.05859375,22.05859375,486.58155822753906
2001-08-12 09:00:00,31266.0,30601.2265625,664.7734375,664.7734375,441923.7232055664
2001-08-12 10:00:00,32945.0,32670.560546875,274.439453125,274.439453125,75317.01343154907
2001-08-12 11:00:00,34109.0,33705.61328125,403.38671875,403.38671875,162720.8448638916
2001-08-12 12:00:00,34768.0,34710.390625,57.609375,57.609375,3318.840087890625
2001-08-12 13:00:00,35160.0,34539.84375,620.15625,620.15625,384593.7744140625
2001-08-12 14:00:00,35207.0,34993.57421875,213.42578125,213.42578125,45550.56410217285
2001-08-12 15:00:00,35425.0,34859.578125,565.421875,565.421875,319701.8967285156
2001-08-12 16:00:00,35788.0,35317.2890625,470.7109375,470.7109375,221568.7866821289
2001-08-12 17:00:00,35972.0,35532.45703125,439.54296875,439.54296875,193198.02137756348
2001-08-12 18:00:00,35989.0,35978.28515625,10.71484375,10.71484375,114.80787658691406
2001-08-12 19:00:00,35896.0,36023.58203125,-127.58203125,127.58203125,16277.174697875977
2001-08-12 20:00:00,36413.0,35300.51953125,1112.48046875,1112.48046875,1237612.7933502197
2001-08-12 21:00:00,35823.0,35682.671875,140.328125,140.328125,19691.982666015625
2001-08-12 22:00:00,33901.0,34848.83203125,-947.83203125,947.83203125,898385.559463501
2001-08-12 23:00:00,31519.0,31920.361328125,-401.361328125,401.361328125,161090.91571426392
2001-08-13 00:00:00,29479.0,29427.521484375,51.478515625,51.478515625,2650.037570953369
2001-08-13 01:00:00,28036.0,27706.529296875,329.470703125,329.470703125,108550.94421768188
2001-08-13 02:00:00,27292.0,26728.849609375,563.150390625,563.150390625,317138.3624610901
2001-08-13 03:00:00,26888.0,26598.86328125,289.13671875,289.13671875,83600.0421295166
2001-08-13 04:00:00,27136.0,26954.87890625,181.12109375,181.12109375,32804.85060119629
2001-08-13 05:00:00,28661.0,28080.541015625,580.458984375,580.458984375,336932.6325416565
2001-08-13 06:00:00,31150.0,30776.68359375,373.31640625,373.31640625,139365.13917541504
2001-08-13 07:00:00,33960.0,34423.26171875,-463.26171875,463.26171875,214611.4200592041
2001-08-13 08:00:00,36558.0,36320.64453125,237.35546875,237.35546875,56337.61854553223
2001-08-13 09:00:00,38591.0,38128.0390625,462.9609375,462.9609375,214332.8296508789
2001-08-13 10:00:00,40371.0,39836.80078125,534.19921875,534.19921875,285368.80531311035
2001-08-13 11:00:00,41737.0,41512.81640625,224.18359375,224.18359375,50258.28370666504
2001-08-13 12:00:00,42704.0,43121.8125,-417.8125,417.8125,174567.28515625
2001-08-13 13:00:00,43480.0,43261.8359375,218.1640625,218.1640625,47595.558166503906
2001-08-13 14:00:00,43872.0,44165.76953125,-293.76953125,293.76953125,86300.53749084473
2001-08-13 15:00:00,44076.0,44010.91796875,65.08203125,65.08203125,4235.670791625977
2001-08-13 16:00:00,43938.0,44355.7265625,-417.7265625,417.7265625,174495.4810180664
2001-08-13 17:00:00,43441.0,42803.37109375,637.62890625,637.62890625,406570.6220855713
2001-08-13 18:00:00,42086.0,42428.9375,-342.9375,342.9375,117606.12890625
2001-08-13 19:00:00,40802.0,41476.859375,-674.859375,674.859375,455435.1760253906
2001-08-13 20:00:00,40859.0,40050.4609375,808.5390625,808.5390625,653735.4155883789
2001-08-13 21:00:00,39271.0,38824.82421875,446.17578125,446.17578125,199072.82777404785
2001-08-13 22:00:00,36085.0,36289.6953125,-204.6953125,204.6953125,41900.170959472656
2001-08-13 23:00:00,32832.0,32895.5,-63.5,63.5,4032.25
2001-08-14 00:00:00,30104.0,30487.51953125,-383.51953125,383.51953125,147087.23085021973
2001-08-14 01:00:00,28374.0,28394.138671875,-20.138671875,20.138671875,405.566104888916
2001-08-14 02:00:00,27116.0,26917.373046875,198.626953125,198.626953125,39452.66650772095
2001-08-14 03:00:00,26479.0,26235.9453125,243.0546875,243.0546875,59075.581115722656
2001-08-14 04:00:00,26634.0,26725.4921875,-91.4921875,91.4921875,8370.820373535156
2001-08-14 05:00:00,27949.0,27837.6015625,111.3984375,111.3984375,12409.611877441406
2001-08-14 06:00:00,30226.0,30732.078125,-506.078125,506.078125,256115.06860351562
2001-08-14 07:00:00,32655.0,32962.55859375,-307.55859375,307.55859375,94592.28858947754
2001-08-14 08:00:00,35092.0,35078.2109375,13.7890625,13.7890625,190.13824462890625
2001-08-14 09:00:00,37326.0,36951.91015625,374.08984375,374.08984375,139943.2111968994
2001-08-14 10:00:00,39199.0,39125.828125,73.171875,73.171875,5354.123291015625
2001-08-14 11:00:00,41075.0,40407.79296875,667.20703125,667.20703125,445165.2225494385
2001-08-14 12:00:00,42122.0,41924.9765625,197.0234375,197.0234375,38818.234924316406
2001-08-14 13:00:00,43033.0,43198.4765625,-165.4765625,165.4765625,27382.492736816406
2001-08-14 14:00:00,43658.0,43708.453125,-50.453125,50.453125,2545.517822265625
2001-08-14 15:00:00,44083.0,43960.66796875,122.33203125,122.33203125,14965.125869750977
2001-08-14 16:00:00,44273.0,44518.953125,-245.953125,245.953125,60492.939697265625
2001-08-14 17:00:00,43877.0,43899.22265625,-22.22265625,22.22265625,493.84645080566406
2001-08-14 18:00:00,42955.0,42419.16796875,535.83203125,535.83203125,287115.965713501
2001-08-14 19:00:00,42548.0,41791.35546875,756.64453125,756.64453125,572510.9466705322
2001-08-14 20:00:00,40755.0,42317.11328125,-1562.11328125,1562.11328125,2440197.9034576416
2001-08-14 21:00:00,38957.0,39552.59765625,-595.59765625,595.59765625,354736.56813049316
2001-08-14 22:00:00,35776.0,35308.7734375,467.2265625,467.2265625,218300.6607055664
2001-08-14 23:00:00,32352.0,32596.875,-244.875,244.875,59963.765625
2001-08-15 00:00:00,29645.0,29788.5859375,-143.5859375,143.5859375,20616.921447753906
2001-08-15 01:00:00,27706.0,28053.74609375,-347.74609375,347.74609375,120927.34571838379
2001-08-15 02:00:00,26564.0,26672.15625,-108.15625,108.15625,11697.7744140625
2001-08-15 03:00:00,26001.0,25785.423828125,215.576171875,215.576171875,46473.08588027954
2001-08-15 04:00:00,26013.0,26141.25390625,-128.25390625,128.25390625,16449.06446838379
2001-08-15 05:00:00,27291.0,27079.400390625,211.599609375,211.599609375,44774.39468765259
2001-08-15 06:00:00,29671.0,29894.349609375,-223.349609375,223.349609375,49885.04800796509
2001-08-15 07:00:00,32272.0,32513.990234375,-241.990234375,241.990234375,58559.27353286743
2001-08-15 08:00:00,34680.0,34333.625,346.375,346.375,119975.640625
2001-08-15 09:00:00,36844.0,36535.30859375,308.69140625,308.69140625,95290.38429260254
2001-08-15 10:00:00,38770.0,38712.328125,57.671875,57.671875,3326.045166015625
2001-08-15 11:00:00,40208.0,39895.4296875,312.5703125,312.5703125,97700.20025634766
2001-08-15 12:00:00,41183.0,41185.30078125,-2.30078125,2.30078125,5.2935943603515625
2001-08-15 13:00:00,42377.0,41927.97265625,449.02734375,449.02734375,201625.55543518066
2001-08-15 14:00:00,42996.0,43219.4921875,-223.4921875,223.4921875,49948.757873535156
2001-08-15 15:00:00,43368.0,43437.1171875,-69.1171875,69.1171875,4777.185607910156
2001-08-15 16:00:00,43638.0,43317.4375,320.5625,320.5625,102760.31640625
2001-08-15 17:00:00,43070.0,43469.74609375,-399.74609375,399.74609375,159796.9394683838
2001-08-15 18:00:00,41673.0,41731.421875,-58.421875,58.421875,3413.115478515625
2001-08-15 19:00:00,39896.0,40279.640625,-383.640625,383.640625,147180.12915039062
2001-08-15 20:00:00,39973.0,39309.64453125,663.35546875,663.35546875,440040.4779205322
2001-08-15 21:00:00,38458.0,39186.18359375,-728.18359375,728.18359375,530251.346206665
2001-08-15 22:00:00,35068.0,35621.94140625,-553.94140625,553.94140625,306851.08155822754
2001-08-15 23:00:00,31792.0,32124.525390625,-332.525390625,332.525390625,110573.13541030884
2001-08-16 00:00:00,29082.0,29108.53125,-26.53125,26.53125,703.9072265625
2001-08-16 01:00:00,27126.0,27229.07421875,-103.07421875,103.07421875,10624.294570922852
2001-08-16 02:00:00,25916.0,26036.248046875,-120.248046875,120.248046875,14459.592777252197
2001-08-16 03:00:00,25266.0,25004.275390625,261.724609375,261.724609375,68499.77115249634
2001-08-16 04:00:00,25306.0,25134.99609375,171.00390625,171.00390625,29242.33595275879
2001-08-16 05:00:00,26766.0,26217.109375,548.890625,548.890625,301280.9182128906
2001-08-16 06:00:00,29094.0,29482.439453125,-388.439453125,388.439453125,150885.20874404907
2001-08-16 07:00:00,32040.0,32134.470703125,-94.470703125,94.470703125,8924.713748931885
2001-08-16 08:00:00,34399.0,34807.90234375,-408.90234375,408.90234375,167201.12672424316
2001-08-16 09:00:00,36617.0,36284.34765625,332.65234375,332.65234375,110657.58180236816
2001-08-16 10:00:00,38629.0,38163.46484375,465.53515625,465.53515625,216722.9817047119
2001-08-16 11:00:00,40293.0,40054.7578125,238.2421875,238.2421875,56759.339904785156
2001-08-16 12:00:00,41586.0,41130.58984375,455.41015625,455.41015625,207398.4104156494
2001-08-16 13:00:00,42989.0,42396.80859375,592.19140625,592.19140625,350690.66163635254
2001-08-16 14:00:00,43729.0,43603.26171875,125.73828125,125.73828125,15810.115371704102
2001-08-16 15:00:00,44261.0,44099.8515625,161.1484375,161.1484375,25968.818908691406
2001-08-16 16:00:00,44523.0,44557.0390625,-34.0390625,34.0390625,1158.6577758789062
2001-08-16 17:00:00,44100.0,44407.703125,-307.703125,307.703125,94681.21313476562
2001-08-16 18:00:00,42505.0,42946.3359375,-441.3359375,441.3359375,194777.4097290039
2001-08-16 19:00:00,40819.0,41439.265625,-620.265625,620.265625,384729.4455566406
2001-08-16 20:00:00,40995.0,40355.203125,639.796875,639.796875,409340.0412597656
2001-08-16 21:00:00,39572.0,40202.22265625,-630.22265625,630.22265625,397180.59645080566
2001-08-16 22:00:00,36589.0,36769.18359375,-180.18359375,180.18359375,32466.12745666504
2001-08-16 23:00:00,33435.0,33184.96484375,250.03515625,250.03515625,62517.579360961914
2001-08-17 00:00:00,30843.0,30466.1796875,376.8203125,376.8203125,141993.54791259766
2001-08-17 01:00:00,29055.0,28829.15234375,225.84765625,225.84765625,51007.163833618164
2001-08-17 02:00:00,28036.0,28122.892578125,-86.892578125,86.892578125,7550.3201332092285
2001-08-17 03:00:00,27582.0,27242.08203125,339.91796875,339.91796875,115544.22547912598
2001-08-17 04:00:00,27746.0,27388.154296875,357.845703125,357.845703125,128053.54724502563
2001-08-17 05:00:00,29021.0,28276.841796875,744.158203125,744.158203125,553771.4312782288
2001-08-17 06:00:00,31602.0,30796.2890625,805.7109375,805.7109375,649170.1148071289
2001-08-17 07:00:00,34095.0,34434.1796875,-339.1796875,339.1796875,115042.86041259766
2001-08-17 08:00:00,36734.0,36506.83203125,227.16796875,227.16796875,51605.28602600098
2001-08-17 09:00:00,38673.0,38843.03125,-170.03125,170.03125,28910.6259765625
2001-08-17 10:00:00,40368.0,40393.44921875,-25.44921875,25.44921875,647.6627349853516
2001-08-17 11:00:00,41184.0,42058.7421875,-874.7421875,874.7421875,765173.8945922852
2001-08-17 12:00:00,41984.0,42095.1171875,-111.1171875,111.1171875,12347.029357910156
2001-08-17 13:00:00,43103.0,42954.96875,148.03125,148.03125,21913.2509765625
2001-08-17 14:00:00,44133.0,43615.57421875,517.42578125,517.42578125,267729.43910217285
2001-08-17 15:00:00,45029.0,44557.8828125,471.1171875,471.1171875,221951.40435791016
2001-08-17 16:00:00,45399.0,45409.25390625,-10.25390625,10.25390625,105.14259338378906
2001-08-17 17:00:00,44890.0,45033.13671875,-143.13671875,143.13671875,20488.1202545166
2001-08-17 18:00:00,43417.0,43997.78125,-580.78125,580.78125,337306.8603515625
2001-08-17 19:00:00,41648.0,42692.76953125,-1044.76953125,1044.76953125,1091543.3734283447
2001-08-17 20:00:00,41440.0,41372.765625,67.234375,67.234375,4520.461181640625
2001-08-17 21:00:00,40101.0,39607.8671875,493.1328125,493.1328125,243179.97076416016
2001-08-17 22:00:00,36881.0,36924.79296875,-43.79296875,43.79296875,1917.8241119384766
2001-08-17 23:00:00,33407.0,33706.859375,-299.859375,299.859375,89915.64477539062
2001-08-18 00:00:00,30339.0,30866.25,-527.25,527.25,277992.5625
2001-08-18 01:00:00,28204.0,28780.908203125,-576.908203125,576.908203125,332823.07483291626
2001-08-18 02:00:00,26784.0,26999.970703125,-215.970703125,215.970703125,46643.344608306885
2001-08-18 03:00:00,25566.0,26213.666015625,-647.666015625,647.666015625,419471.26779556274
2001-08-18 04:00:00,25074.0,25455.6640625,-381.6640625,381.6640625,145667.4566040039
2001-08-18 05:00:00,25126.0,25885.458984375,-759.458984375,759.458984375,576777.9489479065
2001-08-18 06:00:00,25427.0,25751.8515625,-324.8515625,324.8515625,105528.5376586914
2001-08-18 07:00:00,26896.0,26809.431640625,86.568359375,86.568359375,7494.08084487915
2001-08-18 08:00:00,30040.0,29539.02734375,500.97265625,500.97265625,250973.60231018066
2001-08-18 09:00:00,32968.0,32000.3203125,967.6796875,967.6796875,936403.9776000977
2001-08-18 10:00:00,35125.0,34240.06640625,884.93359375,884.93359375,783107.46534729
2001-08-18 11:00:00,36553.0,36234.8359375,318.1640625,318.1640625,101228.3706665039
2001-08-18 12:00:00,37301.0,37376.0625,-75.0625,75.0625,5634.37890625
2001-08-18 13:00:00,37713.0,37922.39453125,-209.39453125,209.39453125,43846.06971740723
2001-08-18 14:00:00,37826.0,37888.5,-62.5,62.5,3906.25
2001-08-18 15:00:00,37986.0,38290.04296875,-304.04296875,304.04296875,92442.12684631348
2001-08-18 16:00:00,37912.0,38175.85546875,-263.85546875,263.85546875,69619.70838928223
2001-08-18 17:00:00,37417.0,37710.5546875,-293.5546875,293.5546875,86174.35455322266
2001-08-18 18:00:00,36509.0,36916.87890625,-407.87890625,407.87890625,166365.2021636963
2001-08-18 19:00:00,35865.0,35421.55078125,443.44921875,443.44921875,196647.20960998535
2001-08-18 20:00:00,36432.0,35745.79296875,686.20703125,686.20703125,470880.0897369385
2001-08-18 21:00:00,35471.0,36565.94921875,-1094.94921875,1094.94921875,1198913.7916412354
2001-08-18 22:00:00,33333.0,34229.67578125,-896.67578125,896.67578125,804027.4566802979
2001-08-18 23:00:00,30868.0,31101.96875,-233.96875,233.96875,54741.3759765625
2001-08-19 00:00:00,28556.0,28056.935546875,499.064453125,499.064453125,249065.32837295532
2001-08-19 01:00:00,26753.0,26415.224609375,337.775390625,337.775390625,114092.21451187134
2001-08-19 02:00:00,25635.0,25095.482421875,539.517578125,539.517578125,291079.2171058655
2001-08-19 03:00:00,24701.0,24684.1484375,16.8515625,16.8515625,283.97515869140625
2001-08-19 04:00:00,24295.0,24239.890625,55.109375,55.109375,3037.043212890625
2001-08-19 05:00:00,24241.0,24385.583984375,-144.583984375,144.583984375,20904.528537750244
2001-08-19 06:00:00,24268.0,24598.63671875,-330.63671875,330.63671875,109320.6397857666
2001-08-19 07:00:00,25164.0,24842.021484375,321.978515625,321.978515625,103670.16452407837
2001-08-19 08:00:00,27625.0,27244.515625,380.484375,380.484375,144768.35961914062
2001-08-19 09:00:00,30187.0,30079.873046875,107.126953125,107.126953125,11476.184085845947
2001-08-19 10:00:00,32466.0,32298.6953125,167.3046875,167.3046875,27990.858459472656
2001-08-19 11:00:00,34039.0,33649.83984375,389.16015625,389.16015625,151445.6272125244
2001-08-19 12:00:00,34878.0,34649.8828125,228.1171875,228.1171875,52037.451232910156
2001-08-19 13:00:00,35238.0,35288.0078125,-50.0078125,50.0078125,2500.7813110351562
2001-08-19 14:00:00,35473.0,35828.890625,-355.890625,355.890625,126658.13696289062
2001-08-19 15:00:00,35638.0,35480.08984375,157.91015625,157.91015625,24935.617446899414
2001-08-19 16:00:00,36120.0,35524.39453125,595.60546875,595.60546875,354745.8744049072
2001-08-19 17:00:00,36162.0,36107.6875,54.3125,54.3125,2949.84765625
2001-08-19 18:00:00,35770.0,35876.1328125,-106.1328125,106.1328125,11264.173889160156
2001-08-19 19:00:00,35471.0,35050.14453125,420.85546875,420.85546875,177119.32557678223
2001-08-19 20:00:00,36615.0,35118.6953125,1496.3046875,1496.3046875,2238927.7178344727
2001-08-19 21:00:00,35893.0,36385.66015625,-492.66015625,492.66015625,242714.0295562744
2001-08-19 22:00:00,33710.0,35114.77734375,-1404.77734375,1404.77734375,1973399.3855133057
2001-08-19 23:00:00,31480.0,31442.44140625,37.55859375,37.55859375,1410.647964477539
2001-08-20 00:00:00,29433.0,29638.900390625,-205.900390625,205.900390625,42394.97085952759
2001-08-20 01:00:00,28000.0,27421.5078125,578.4921875,578.4921875,334653.21099853516
2001-08-20 02:00:00,27071.0,26486.404296875,584.595703125,584.595703125,341752.13611221313
2001-08-20 03:00:00,26783.0,26001.68359375,781.31640625,781.31640625,610455.326675415
2001-08-20 04:00:00,26935.0,26545.046875,389.953125,389.953125,152063.43969726562
2001-08-20 05:00:00,28506.0,27483.494140625,1022.505859375,1022.505859375,1045518.2324562073
2001-08-20 06:00:00,31266.0,30724.8359375,541.1640625,541.1640625,292858.5425415039
2001-08-20 07:00:00,33968.0,34524.06640625,-556.06640625,556.06640625,309209.84815979004
2001-08-20 08:00:00,36589.0,36278.6640625,310.3359375,310.3359375,96308.3941040039
2001-08-20 09:00:00,38913.0,38217.00390625,695.99609375,695.99609375,484410.5625152588
2001-08-20 10:00:00,41136.0,40527.72265625,608.27734375,608.27734375,370001.32691955566
2001-08-20 11:00:00,42669.0,42254.98046875,414.01953125,414.01953125,171412.17225646973
2001-08-20 12:00:00,43686.0,43479.68359375,206.31640625,206.31640625,42566.45948791504
2001-08-20 13:00:00,44588.0,44481.03125,106.96875,106.96875,11442.3134765625
2001-08-20 14:00:00,45238.0,45024.7109375,213.2890625,213.2890625,45492.224182128906
2001-08-20 15:00:00,45587.0,45550.578125,36.421875,36.421875,1326.552978515625
2001-08-20 16:00:00,45676.0,45681.15234375,-5.15234375,5.15234375,26.546646118164062
2001-08-20 17:00:00,45317.0,44729.8359375,587.1640625,587.1640625,344761.6362915039
2001-08-20 18:00:00,43762.0,44213.90234375,-451.90234375,451.90234375,204215.72828674316
2001-08-20 19:00:00,42221.0,42998.29296875,-777.29296875,777.29296875,604184.3592681885
2001-08-20 20:00:00,42005.0,41353.81640625,651.18359375,651.18359375,424040.07276916504
2001-08-20 21:00:00,40339.0,40447.3828125,-108.3828125,108.3828125,11746.834045410156
2001-08-20 22:00:00,36642.0,36847.85546875,-205.85546875,205.85546875,42376.47401428223
2001-08-20 23:00:00,32986.0,33334.21875,-348.21875,348.21875,121256.2978515625
2001-08-21 00:00:00,30279.0,30765.396484375,-486.396484375,486.396484375,236581.54001235962
2001-08-21 01:00:00,28489.0,28758.73828125,-269.73828125,269.73828125,72758.7403717041
2001-08-21 02:00:00,27230.0,27185.880859375,44.119140625,44.119140625,1946.4985694885254
2001-08-21 03:00:00,26450.0,26387.345703125,62.654296875,62.654296875,3925.5609169006348
2001-08-21 04:00:00,26335.0,26213.4140625,121.5859375,121.5859375,14783.140197753906
2001-08-21 05:00:00,27631.0,27346.142578125,284.857421875,284.857421875,81143.75079727173
2001-08-21 06:00:00,29808.0,30261.603515625,-453.603515625,453.603515625,205756.14938735962
2001-08-21 07:00:00,32345.0,32307.560546875,37.439453125,37.439453125,1401.7126502990723
2001-08-21 08:00:00,34647.0,34638.7578125,8.2421875,8.2421875,67.93365478515625
2001-08-21 09:00:00,36540.0,36557.18359375,-17.18359375,17.18359375,295.27589416503906
2001-08-21 10:00:00,38304.0,38285.08984375,18.91015625,18.91015625,357.59400939941406
2001-08-21 11:00:00,39582.0,39499.8515625,82.1484375,82.1484375,6748.365783691406
2001-08-21 12:00:00,40465.0,40608.20703125,-143.20703125,143.20703125,20508.253799438477
2001-08-21 13:00:00,41104.0,41339.42578125,-235.42578125,235.42578125,55425.29847717285
2001-08-21 14:00:00,41534.0,41613.7265625,-79.7265625,79.7265625,6356.324768066406
2001-08-21 15:00:00,41786.0,42043.99609375,-257.99609375,257.99609375,66561.98439025879
2001-08-21 16:00:00,41967.0,41832.65234375,134.34765625,134.34765625,18049.292739868164
2001-08-21 17:00:00,41658.0,41658.4375,-0.4375,0.4375,0.19140625
2001-08-21 18:00:00,40442.0,40023.078125,418.921875,418.921875,175495.53735351562
2001-08-21 19:00:00,38774.0,39089.171875,-315.171875,315.171875,99333.31079101562
2001-08-21 20:00:00,39150.0,38502.39453125,647.60546875,647.60546875,419392.8431549072
2001-08-21 21:00:00,37616.0,38865.1484375,-1249.1484375,1249.1484375,1560371.8189086914
2001-08-21 22:00:00,34503.0,34969.1875,-466.1875,466.1875,217330.78515625
2001-08-21 23:00:00,31249.0,31406.623046875,-157.623046875,157.623046875,24845.024906158447
2001-08-22 00:00:00,28729.0,28464.302734375,264.697265625,264.697265625,70064.6424293518
2001-08-22 01:00:00,26863.0,27006.546875,-143.546875,143.546875,20605.705322265625
2001-08-22 02:00:00,25767.0,25876.845703125,-109.845703125,109.845703125,12066.078495025635
2001-08-22 03:00:00,25207.0,25060.64453125,146.35546875,146.35546875,21419.923233032227
2001-08-22 04:00:00,25261.0,25103.369140625,157.630859375,157.630859375,24847.487827301025
2001-08-22 05:00:00,26643.0,25940.224609375,702.775390625,702.775390625,493893.24966812134
2001-08-22 06:00:00,28889.0,29124.859375,-235.859375,235.859375,55629.644775390625
2001-08-22 07:00:00,31452.0,32191.986328125,-739.986328125,739.986328125,547579.7658119202
2001-08-22 08:00:00,34178.0,34155.26171875,22.73828125,22.73828125,517.0294342041016
2001-08-22 09:00:00,36615.0,36295.9140625,319.0859375,319.0859375,101815.8355102539
2001-08-22 10:00:00,38499.0,37914.85546875,584.14453125,584.14453125,341224.8333892822
2001-08-22 11:00:00,40051.0,39931.76171875,119.23828125,119.23828125,14217.767715454102
2001-08-22 12:00:00,41048.0,41187.09765625,-139.09765625,139.09765625,19348.157974243164
2001-08-22 13:00:00,41979.0,41986.34375,-7.34375,7.34375,53.9306640625
2001-08-22 14:00:00,42629.0,42788.50390625,-159.50390625,159.50390625,25441.49610900879
2001-08-22 15:00:00,43142.0,43078.91015625,63.08984375,63.08984375,3980.328384399414
2001-08-22 16:00:00,43516.0,43197.49609375,318.50390625,318.50390625,101444.73829650879
2001-08-22 17:00:00,43083.0,43586.40234375,-503.40234375,503.40234375,253413.91969299316
2001-08-22 18:00:00,41666.0,41865.45703125,-199.45703125,199.45703125,39783.10731506348
2001-08-22 19:00:00,39966.0,40086.67578125,-120.67578125,120.67578125,14562.644180297852
2001-08-22 20:00:00,40112.0,39191.12109375,920.87890625,920.87890625,848017.9599761963
2001-08-22 21:00:00,38494.0,38975.04296875,-481.04296875,481.04296875,231402.33778381348
2001-08-22 22:00:00,35172.0,36007.91796875,-835.91796875,835.91796875,698758.850479126
2001-08-22 23:00:00,31919.0,32161.916015625,-242.916015625,242.916015625,59008.190647125244
2001-08-23 00:00:00,29573.0,29336.21875,236.78125,236.78125,56065.3603515625
2001-08-23 01:00:00,27714.0,27656.37890625,57.62109375,57.62109375,3320.190444946289
2001-08-23 02:00:00,26549.0,26781.216796875,-232.216796875,232.216796875,53924.64075088501
2001-08-23 03:00:00,25846.0,26118.28515625,-272.28515625,272.28515625,74139.20631408691
2001-08-23 04:00:00,26004.0,25595.265625,408.734375,408.734375,167063.78930664062
2001-08-23 05:00:00,27340.0,26875.1796875,464.8203125,464.8203125,216057.92291259766
2001-08-23 06:00:00,29727.0,30016.212890625,-289.212890625,289.212890625,83644.09610366821
2001-08-23 07:00:00,32596.0,32644.830078125,-48.830078125,48.830078125,2384.3765296936035
2001-08-23 08:00:00,34614.0,35196.078125,-582.078125,582.078125,338814.9436035156
2001-08-23 09:00:00,36532.0,36751.44140625,-219.44140625,219.44140625,48154.53077697754
2001-08-23 10:00:00,38553.0,38279.91015625,273.08984375,273.08984375,74578.06275939941
2001-08-23 11:00:00,40021.0,39656.26171875,364.73828125,364.73828125,133034.0138092041
2001-08-23 12:00:00,40797.0,40698.46875,98.53125,98.53125,9708.4072265625
2001-08-23 13:00:00,41242.0,41402.1484375,-160.1484375,160.1484375,25647.522033691406
2001-08-23 14:00:00,41343.0,41618.8984375,-275.8984375,275.8984375,76119.9478149414
2001-08-23 15:00:00,41100.0,41835.43359375,-735.43359375,735.43359375,540862.57081604
2001-08-23 16:00:00,40739.0,40977.4453125,-238.4453125,238.4453125,56856.167053222656
2001-08-23 17:00:00,40172.0,39849.3828125,322.6171875,322.6171875,104081.84967041016
2001-08-23 18:00:00,39194.0,38754.296875,439.703125,439.703125,193338.83813476562
2001-08-23 19:00:00,38881.0,38370.36328125,510.63671875,510.63671875,260749.8585357666
2001-08-23 20:00:00,38923.0,38821.8984375,101.1015625,101.1015625,10221.525939941406
2001-08-23 21:00:00,37353.0,38238.984375,-885.984375,885.984375,784968.3127441406
2001-08-23 22:00:00,34435.0,34417.78125,17.21875,17.21875,296.4853515625
2001-08-23 23:00:00,31561.0,31359.623046875,201.376953125,201.376953125,40552.67724990845
2001-08-24 00:00:00,29063.0,29121.462890625,-58.462890625,58.462890625,3417.909580230713
2001-08-24 01:00:00,27384.0,27139.39453125,244.60546875,244.60546875,59831.83534240723
2001-08-24 02:00:00,26166.0,26425.138671875,-259.138671875,259.138671875,67152.85126113892
2001-08-24 03:00:00,25573.0,25475.994140625,97.005859375,97.005859375,9410.136753082275
2001-08-24 04:00:00,25777.0,25722.439453125,54.560546875,54.560546875,2976.8532752990723
2001-08-24 05:00:00,27049.0,26671.267578125,377.732421875,377.732421875,142681.78253555298
2001-08-24 06:00:00,29400.0,29831.30859375,-431.30859375,431.30859375,186027.10304260254
2001-08-24 07:00:00,31835.0,32547.7734375,-712.7734375,712.7734375,508045.9732055664
2001-08-24 08:00:00,34108.0,34640.359375,-532.359375,532.359375,283406.5041503906
2001-08-24 09:00:00,36151.0,36112.77734375,38.22265625,38.22265625,1460.971450805664
2001-08-24 10:00:00,38165.0,37325.8203125,839.1796875,839.1796875,704222.5479125977
2001-08-24 11:00:00,39456.0,39480.24609375,-24.24609375,24.24609375,587.8730621337891
2001-08-24 12:00:00,40444.0,40300.078125,143.921875,143.921875,20713.506103515625
2001-08-24 13:00:00,41579.0,41130.77734375,448.22265625,448.22265625,200903.54957580566
2001-08-24 14:00:00,42296.0,41927.48046875,368.51953125,368.51953125,135806.64491271973
2001-08-24 15:00:00,42541.0,42855.63671875,-314.63671875,314.63671875,98996.2647857666
2001-08-24 16:00:00,42580.0,42682.53125,-102.53125,102.53125,10512.6572265625
2001-08-24 17:00:00,42096.0,42192.8203125,-96.8203125,96.8203125,9374.172912597656
2001-08-24 18:00:00,40461.0,40788.4921875,-327.4921875,327.4921875,107251.13287353516
2001-08-24 19:00:00,38845.0,39278.7578125,-433.7578125,433.7578125,188145.83990478516
2001-08-24 20:00:00,38852.0,38228.03125,623.96875,623.96875,389337.0009765625
2001-08-24 21:00:00,37221.0,37825.74609375,-604.74609375,604.74609375,365717.8379058838
2001-08-24 22:00:00,34347.0,34714.359375,-367.359375,367.359375,134952.91040039062
2001-08-24 23:00:00,31447.0,31461.88671875,-14.88671875,14.88671875,221.61439514160156
2001-08-25 00:00:00,28815.0,29117.33203125,-302.33203125,302.33203125,91404.65711975098
2001-08-25 01:00:00,26907.0,27024.6875,-117.6875,117.6875,13850.34765625
2001-08-25 02:00:00,25659.0,25874.263671875,-215.263671875,215.263671875,46338.448429107666
2001-08-25 03:00:00,24889.0,24915.08203125,-26.08203125,26.08203125,680.2723541259766
2001-08-25 04:00:00,24389.0,24272.52734375,116.47265625,116.47265625,13565.879653930664
2001-08-25 05:00:00,24688.0,24542.8046875,145.1953125,145.1953125,21081.678771972656
2001-08-25 06:00:00,25122.0,25868.32421875,-746.32421875,746.32421875,556999.8394927979
2001-08-25 07:00:00,26447.0,26601.458984375,-154.458984375,154.458984375,23857.577854156494
2001-08-25 08:00:00,29169.0,28825.419921875,343.580078125,343.580078125,118047.2700843811
2001-08-25 09:00:00,31649.0,31728.80078125,-79.80078125,79.80078125,6368.164688110352
2001-08-25 10:00:00,33626.0,33615.99609375,10.00390625,10.00390625,100.07814025878906
2001-08-25 11:00:00,34620.0,35173.87109375,-553.87109375,553.87109375,306773.1884918213
2001-08-25 12:00:00,35190.0,35437.31640625,-247.31640625,247.31640625,61165.40480041504
2001-08-25 13:00:00,35270.0,35655.578125,-385.578125,385.578125,148670.49047851562
2001-08-25 14:00:00,35548.0,35584.12109375,-36.12109375,36.12109375,1304.733413696289
2001-08-25 15:00:00,35640.0,35543.99609375,96.00390625,96.00390625,9216.750015258789
2001-08-25 16:00:00,35883.0,35754.1640625,128.8359375,128.8359375,16598.698791503906
2001-08-25 17:00:00,35611.0,36115.578125,-504.578125,504.578125,254599.08422851562
2001-08-25 18:00:00,34407.0,35268.2109375,-861.2109375,861.2109375,741684.2788696289
2001-08-25 19:00:00,33125.0,33495.16796875,-370.16796875,370.16796875,137024.32508850098
2001-08-25 20:00:00,33447.0,33289.05078125,157.94921875,157.94921875,24947.95570373535
2001-08-25 21:00:00,32193.0,32789.60546875,-596.60546875,596.60546875,355938.0853424072
2001-08-25 22:00:00,30074.0,30579.435546875,-505.435546875,505.435546875,255465.09204483032
2001-08-25 23:00:00,27759.0,27574.908203125,184.091796875,184.091796875,33889.78967666626
2001-08-26 00:00:00,25580.0,25380.572265625,199.427734375,199.427734375,39771.42123794556
2001-08-26 01:00:00,24000.0,23935.703125,64.296875,64.296875,4134.088134765625
2001-08-26 02:00:00,22920.0,23080.626953125,-160.626953125,160.626953125,25801.018070220947
2001-08-26 03:00:00,22179.0,22330.5234375,-151.5234375,151.5234375,22959.352111816406
2001-08-26 04:00:00,21909.0,22006.767578125,-97.767578125,97.767578125,9558.499332427979
2001-08-26 05:00:00,21915.0,21924.892578125,-9.892578125,9.892578125,97.86310195922852
2001-08-26 06:00:00,22059.0,22197.30859375,-138.30859375,138.30859375,19129.26710510254
2001-08-26 07:00:00,22676.0,22930.5234375,-254.5234375,254.5234375,64782.180236816406
2001-08-26 08:00:00,25257.0,23728.38671875,1528.61328125,1528.61328125,2336658.5636138916
2001-08-26 09:00:00,27449.0,27439.578125,9.421875,9.421875,88.771728515625
2001-08-26 10:00:00,29474.0,28864.666015625,609.333984375,609.333984375,371287.90451431274
2001-08-26 11:00:00,31125.0,30644.73046875,480.26953125,480.26953125,230658.82264709473
2001-08-26 12:00:00,32389.0,32551.7109375,-162.7109375,162.7109375,26474.849182128906
2001-08-26 13:00:00,33513.0,33277.9921875,235.0078125,235.0078125,55228.671936035156
2001-08-26 14:00:00,34233.0,34173.1875,59.8125,59.8125,3577.53515625
2001-08-26 15:00:00,35042.0,34755.515625,286.484375,286.484375,82073.29711914062
2001-08-26 16:00:00,35721.0,35710.84765625,10.15234375,10.15234375,103.07008361816406
2001-08-26 17:00:00,35945.0,35916.9609375,28.0390625,28.0390625,786.1890258789062
2001-08-26 18:00:00,35361.0,35929.32421875,-568.32421875,568.32421875,322992.41761779785
2001-08-26 19:00:00,34788.0,35200.12109375,-412.12109375,412.12109375,169843.7959136963
2001-08-26 20:00:00,35967.0,34420.15234375,1546.84765625,1546.84765625,2392737.671646118
2001-08-26 21:00:00,34973.0,35648.52734375,-675.52734375,675.52734375,456337.19215393066
2001-08-26 22:00:00,32641.0,32874.6328125,-233.6328125,233.6328125,54584.291076660156
2001-08-26 23:00:00,30033.0,30799.685546875,-766.685546875,766.685546875,587806.7277870178
2001-08-27 00:00:00,28114.0,27570.40234375,543.59765625,543.59765625,295498.41188049316
2001-08-27 01:00:00,26701.0,26127.953125,573.046875,573.046875,328382.7209472656
2001-08-27 02:00:00,25980.0,25687.388671875,292.611328125,292.611328125,85621.38934707642
2001-08-27 03:00:00,25585.0,25369.869140625,215.130859375,215.130859375,46281.286655426025
2001-08-27 04:00:00,25911.0,25151.8671875,759.1328125,759.1328125,576282.6270141602
2001-08-27 05:00:00,27552.0,26597.162109375,954.837890625,954.837890625,911715.3973731995
2001-08-27 06:00:00,30399.0,30352.765625,46.234375,46.234375,2137.617431640625
2001-08-27 07:00:00,33045.0,33692.578125,-647.578125,647.578125,419357.4279785156
2001-08-27 08:00:00,35783.0,35560.8671875,222.1328125,222.1328125,49342.986389160156
2001-08-27 09:00:00,38179.0,37185.93359375,993.06640625,993.06640625,986180.88722229
2001-08-27 10:00:00,40504.0,40116.07421875,387.92578125,387.92578125,150486.41175842285
2001-08-27 11:00:00,42404.0,42409.55859375,-5.55859375,5.55859375,30.897964477539062
2001-08-27 12:00:00,43701.0,43674.109375,26.890625,26.890625,723.105712890625
2001-08-27 13:00:00,44871.0,44906.37890625,-35.37890625,35.37890625,1251.667007446289
2001-08-27 14:00:00,45588.0,45015.66796875,572.33203125,572.33203125,327563.953994751
2001-08-27 15:00:00,45526.0,45637.84765625,-111.84765625,111.84765625,12509.898208618164
2001-08-27 16:00:00,45231.0,45707.53125,-476.53125,476.53125,227082.0322265625
2001-08-27 17:00:00,44605.0,45060.765625,-455.765625,455.765625,207722.30493164062
2001-08-27 18:00:00,43211.0,42849.01171875,361.98828125,361.98828125,131035.5157623291
2001-08-27 19:00:00,42272.0,41714.828125,557.171875,557.171875,310440.4982910156
2001-08-27 20:00:00,42653.0,41097.765625,1555.234375,1555.234375,2418753.9611816406
2001-08-27 21:00:00,40497.0,40757.7890625,-260.7890625,260.7890625,68010.9351196289
2001-08-27 22:00:00,36782.0,36836.05078125,-54.05078125,54.05078125,2921.4869537353516
2001-08-27 23:00:00,33420.0,33163.0078125,256.9921875,256.9921875,66044.98443603516
2001-08-28 00:00:00,30723.0,30799.8125,-76.8125,76.8125,5900.16015625
2001-08-28 01:00:00,28891.0,29353.6484375,-462.6484375,462.6484375,214043.5767211914
2001-08-28 02:00:00,27885.0,28003.431640625,-118.431640625,118.431640625,14026.05350112915
2001-08-28 03:00:00,27209.0,27192.84765625,16.15234375,16.15234375,260.89820861816406
2001-08-28 04:00:00,27270.0,27278.70703125,-8.70703125,8.70703125,75.81239318847656
2001-08-28 05:00:00,28767.0,28475.46875,291.53125,291.53125,84990.4697265625
2001-08-28 06:00:00,31562.0,31349.109375,212.890625,212.890625,45322.418212890625
2001-08-28 07:00:00,33907.0,34328.48046875,-421.48046875,421.48046875,177645.78553771973
2001-08-28 08:00:00,35986.0,36112.2109375,-126.2109375,126.2109375,15929.200744628906
2001-08-28 09:00:00,38026.0,37821.2734375,204.7265625,204.7265625,41912.965393066406
2001-08-28 10:00:00,40341.0,39730.96875,610.03125,610.03125,372138.1259765625
2001-08-28 11:00:00,42366.0,41654.84375,711.15625,711.15625,505743.2119140625
2001-08-28 12:00:00,43616.0,43285.84765625,330.15234375,330.15234375,109000.57008361816
2001-08-28 13:00:00,44710.0,44816.1875,-106.1875,106.1875,11275.78515625
2001-08-28 14:00:00,45616.0,45252.359375,363.640625,363.640625,132234.50415039062
2001-08-28 15:00:00,46073.0,45645.0546875,427.9453125,427.9453125,183137.19049072266
2001-08-28 16:00:00,46301.0,46740.16015625,-439.16015625,439.16015625,192861.6428375244
2001-08-28 17:00:00,45760.0,46511.6640625,-751.6640625,751.6640625,564998.8628540039
2001-08-28 18:00:00,43880.0,43993.46875,-113.46875,113.46875,12875.1572265625
2001-08-28 19:00:00,42374.0,42928.87890625,-554.87890625,554.87890625,307890.6006011963
2001-08-28 20:00:00,42604.0,42254.01953125,349.98046875,349.98046875,122486.32850646973
2001-08-28 21:00:00,40539.0,41029.3828125,-490.3828125,490.3828125,240475.30279541016
2001-08-28 22:00:00,37026.0,37070.78125,-44.78125,44.78125,2005.3603515625
2001-08-28 23:00:00,33408.0,33679.390625,-271.390625,271.390625,73652.87133789062
2001-08-29 00:00:00,30613.0,30794.087890625,-181.087890625,181.087890625,32792.82413101196
2001-08-29 01:00:00,28707.0,29029.716796875,-322.716796875,322.716796875,104146.13098526001
2001-08-29 02:00:00,27473.0,27437.7578125,35.2421875,35.2421875,1242.0117797851562
2001-08-29 03:00:00,26809.0,26632.01171875,176.98828125,176.98828125,31324.8516998291
2001-08-29 04:00:00,26673.0,27082.208984375,-409.208984375,409.208984375,167451.992893219
2001-08-29 05:00:00,28121.0,27832.58984375,288.41015625,288.41015625,83180.41822814941
2001-08-29 06:00:00,30840.0,30899.767578125,-59.767578125,59.767578125,3572.1633949279785
2001-08-29 07:00:00,33251.0,33386.31640625,-135.31640625,135.31640625,18310.52980041504
2001-08-29 08:00:00,35512.0,35067.51171875,444.48828125,444.48828125,197569.8321685791
2001-08-29 09:00:00,37573.0,37457.12890625,115.87109375,115.87109375,13426.110366821289
2001-08-29 10:00:00,39314.0,39415.6875,-101.6875,101.6875,10340.34765625
2001-08-29 11:00:00,40667.0,40762.99609375,-95.99609375,95.99609375,9215.250015258789
2001-08-29 12:00:00,41567.0,41507.04296875,59.95703125,59.95703125,3594.8455963134766
2001-08-29 13:00:00,42527.0,42139.62890625,387.37109375,387.37109375,150056.3642730713
2001-08-29 14:00:00,42882.0,43029.0703125,-147.0703125,147.0703125,21629.676818847656
2001-08-29 15:00:00,43244.0,43423.9921875,-179.9921875,179.9921875,32397.187561035156
2001-08-29 16:00:00,43401.0,43176.21875,224.78125,224.78125,50526.6103515625
2001-08-29 17:00:00,42989.0,42437.71484375,551.28515625,551.28515625,303915.3235015869
2001-08-29 18:00:00,41400.0,41518.8359375,-118.8359375,118.8359375,14121.980041503906
2001-08-29 19:00:00,40125.0,40196.26171875,-71.26171875,71.26171875,5078.232559204102
2001-08-29 20:00:00,40574.0,39772.83203125,801.16796875,801.16796875,641870.114151001
2001-08-29 21:00:00,38529.0,39593.2109375,-1064.2109375,1064.2109375,1132544.919494629
2001-08-29 22:00:00,34826.0,35598.5,-772.5,772.5,596756.25
2001-08-29 23:00:00,31731.0,31800.318359375,-69.318359375,69.318359375,4805.03494644165
2001-08-30 00:00:00,29033.0,29037.189453125,-4.189453125,4.189453125,17.551517486572266
2001-08-30 01:00:00,27457.0,27146.578125,310.421875,310.421875,96361.74047851562
2001-08-30 02:00:00,26350.0,26233.060546875,116.939453125,116.939453125,13674.835697174072
2001-08-30 03:00:00,25913.0,25481.80859375,431.19140625,431.19140625,185926.02882385254
2001-08-30 04:00:00,26103.0,26248.052734375,-145.052734375,145.052734375,21040.295749664307
2001-08-30 05:00:00,27801.0,27373.333984375,427.666015625,427.666015625,182898.22092056274
2001-08-30 06:00:00,30865.0,30728.56640625,136.43359375,136.43359375,18614.12550354004
2001-08-30 07:00:00,33170.0,33623.90234375,-453.90234375,453.90234375,206027.33766174316
2001-08-30 08:00:00,35065.0,35268.64453125,-203.64453125,203.64453125,41471.09510803223
2001-08-30 09:00:00,36518.0,36684.05859375,-166.05859375,166.05859375,27575.45655822754
2001-08-30 10:00:00,37906.0,38030.984375,-124.984375,124.984375,15621.093994140625
2001-08-30 11:00:00,39520.0,38978.75,541.25,541.25,292951.5625
2001-08-30 12:00:00,40518.0,40129.6875,388.3125,388.3125,150786.59765625
2001-08-30 13:00:00,41370.0,41375.734375,-5.734375,5.734375,32.883056640625
2001-08-30 14:00:00,41799.0,42124.01953125,-325.01953125,325.01953125,105637.69569396973
2001-08-30 15:00:00,42073.0,42523.1953125,-450.1953125,450.1953125,202675.81939697266
2001-08-30 16:00:00,42093.0,42486.45703125,-393.45703125,393.45703125,154808.43544006348
2001-08-30 17:00:00,41289.0,41688.75390625,-399.75390625,399.75390625,159803.1855621338
2001-08-30 18:00:00,39943.0,39757.125,185.875,185.875,34549.515625
2001-08-30 19:00:00,39433.0,38189.30859375,1243.69140625,1243.69140625,1546768.3139801025
2001-08-30 20:00:00,40054.0,39189.4140625,864.5859375,864.5859375,747508.8433227539
2001-08-30 21:00:00,38297.0,39193.17578125,-896.17578125,896.17578125,803131.0308990479
2001-08-30 22:00:00,35357.0,35294.57421875,62.42578125,62.42578125,3896.9781646728516
2001-08-30 23:00:00,32467.0,32176.33984375,290.66015625,290.66015625,84483.32643127441
2001-08-31 00:00:00,29899.0,29780.888671875,118.111328125,118.111328125,13950.285831451416
2001-08-31 01:00:00,28347.0,28177.947265625,169.052734375,169.052734375,28578.826999664307
2001-08-31 02:00:00,27395.0,27338.0859375,56.9140625,56.9140625,3239.2105102539062
2001-08-31 03:00:00,26917.0,26985.376953125,-68.376953125,68.376953125,4675.407718658447
2001-08-31 04:00:00,27191.0,27249.666015625,-58.666015625,58.666015625,3441.701389312744
2001-08-31 05:00:00,28635.0,28372.330078125,262.669921875,262.669921875,68995.4878578186
2001-08-31 06:00:00,31494.0,31454.83984375,39.16015625,39.16015625,1533.517837524414
2001-08-31 07:00:00,34066.0,34431.93359375,-365.93359375,365.93359375,133907.39503479004
2001-08-31 08:00:00,36339.0,36495.61328125,-156.61328125,156.61328125,24527.7198638916
2001-08-31 09:00:00,38481.0,38246.26953125,234.73046875,234.73046875,55098.39295959473
2001-08-31 10:00:00,40476.0,40007.609375,468.390625,468.390625,219389.77758789062
2001-08-31 11:00:00,42312.0,41951.53515625,360.46484375,360.46484375,129934.90357971191
2001-08-31 12:00:00,43564.0,43040.09765625,523.90234375,523.90234375,274473.66578674316
2001-08-31 13:00:00,44637.0,44390.3359375,246.6640625,246.6640625,60843.159729003906
2001-08-31 14:00:00,45347.0,44941.765625,405.234375,405.234375,164214.89868164062
2001-08-31 15:00:00,45505.0,45410.23828125,94.76171875,94.76171875,8979.783340454102
2001-08-31 16:00:00,45459.0,45957.0546875,-498.0546875,498.0546875,248058.47174072266
2001-08-31 17:00:00,44539.0,45077.546875,-538.546875,538.546875,290032.7365722656
2001-08-31 18:00:00,42732.0,43474.78515625,-742.78515625,742.78515625,551729.7883453369
2001-08-31 19:00:00,41620.0,41853.234375,-233.234375,233.234375,54398.273681640625
2001-08-31 20:00:00,41372.0,40873.6484375,498.3515625,498.3515625,248354.2798461914
2001-08-31 21:00:00,39392.0,39804.43359375,-412.43359375,412.43359375,170101.46925354004
2001-08-31 22:00:00,36455.0,36157.375,297.625,297.625,88580.640625
2001-08-31 23:00:00,33489.0,32909.11328125,579.88671875,579.88671875,336268.6065826416
2001-09-01 00:00:00,30773.0,30778.51953125,-5.51953125,5.51953125,30.465225219726562
2001-09-01 01:00:00,28977.0,29140.060546875,-163.060546875,163.060546875,26588.741947174072
2001-09-01 02:00:00,27609.0,27697.9609375,-88.9609375,88.9609375,7914.048400878906
2001-09-01 03:00:00,26620.0,26650.5234375,-30.5234375,30.5234375,931.6802368164062
2001-09-01 04:00:00,26143.0,26873.142578125,-730.142578125,730.142578125,533108.1843910217
2001-09-01 05:00:00,26219.0,26789.388671875,-570.388671875,570.388671875,325343.2370033264
2001-09-01 06:00:00,26700.0,27309.19921875,-609.19921875,609.19921875,371123.68812561035
2001-09-01 07:00:00,27327.0,28016.02734375,-689.02734375,689.02734375,474758.68043518066
2001-09-01 08:00:00,29476.0,28398.865234375,1077.134765625,1077.134765625,1160219.3033180237
2001-09-01 09:00:00,31103.0,32028.3828125,-925.3828125,925.3828125,856333.3496704102
2001-09-01 10:00:00,32197.0,32833.96484375,-636.96484375,636.96484375,405724.2121734619
2001-09-01 11:00:00,32676.0,33375.734375,-699.734375,699.734375,489628.1955566406
2001-09-01 12:00:00,32866.0,33320.9921875,-454.9921875,454.9921875,207017.89068603516
2001-09-01 13:00:00,33061.0,32529.9296875,531.0703125,531.0703125,282035.67681884766
2001-09-01 14:00:00,33191.0,32702.6875,488.3125,488.3125,238449.09765625
2001-09-01 15:00:00,33366.0,32895.5078125,470.4921875,470.4921875,221362.89849853516
2001-09-01 16:00:00,33609.0,33418.48828125,190.51171875,190.51171875,36294.7149810791
2001-09-01 17:00:00,33442.0,33540.59765625,-98.59765625,98.59765625,9721.497817993164
2001-09-01 18:00:00,32280.0,33115.55859375,-835.55859375,835.55859375,698158.1635894775
2001-09-01 19:00:00,31306.0,31302.44140625,3.55859375,3.55859375,12.663589477539062
2001-09-01 20:00:00,31687.0,30832.677734375,854.322265625,854.322265625,729866.533542633
2001-09-01 21:00:00,30174.0,31925.32421875,-1751.32421875,1751.32421875,3067136.519180298
2001-09-01 22:00:00,28026.0,28860.53515625,-834.53515625,834.53515625,696448.9270172119
2001-09-01 23:00:00,25711.0,25763.255859375,-52.255859375,52.255859375,2730.6748390197754
2001-09-02 00:00:00,24431.0,24357.685546875,73.314453125,73.314453125,5375.009037017822
2001-09-02 01:00:00,22106.0,23320.84375,-1214.84375,1214.84375,1475845.3369140625
2001-09-02 02:00:00,21079.0,21740.94140625,-661.94140625,661.94140625,438166.42530822754
2001-09-02 03:00:00,20391.0,20569.787109375,-178.787109375,178.787109375,31964.830478668213
2001-09-02 04:00:00,20113.0,20533.453125,-420.453125,420.453125,176780.83032226562
2001-09-02 05:00:00,20187.0,20694.421875,-507.421875,507.421875,257476.95922851562
2001-09-02 06:00:00,20231.0,20952.619140625,-721.619140625,721.619140625,520734.1841163635
2001-09-02 07:00:00,20985.0,21326.41796875,-341.41796875,341.41796875,116566.22938537598
2001-09-02 08:00:00,23039.0,22100.48046875,938.51953125,938.51953125,880818.9105377197
2001-09-02 09:00:00,24825.0,25068.267578125,-243.267578125,243.267578125,59179.11456680298
2001-09-02 10:00:00,26015.0,25991.6328125,23.3671875,23.3671875,546.0254516601562
2001-09-02 11:00:00,27161.0,26731.9453125,429.0546875,429.0546875,184087.92486572266
2001-09-02 12:00:00,27338.0,27408.33203125,-70.33203125,70.33203125,4946.594619750977
2001-09-02 13:00:00,27580.0,27230.580078125,349.419921875,349.419921875,122094.2818031311
2001-09-02 14:00:00,27728.0,27597.453125,130.546875,130.546875,17042.486572265625
2001-09-02 15:00:00,27960.0,27836.646484375,123.353515625,123.353515625,15216.08981704712
2001-09-02 16:00:00,28275.0,28038.306640625,236.693359375,236.693359375,56023.7463722229
2001-09-02 17:00:00,28473.0,28280.20703125,192.79296875,192.79296875,37169.12879943848
2001-09-02 18:00:00,27921.0,28103.822265625,-182.822265625,182.822265625,33423.98080825806
2001-09-02 19:00:00,27565.0,28315.84765625,-750.84765625,750.84765625,563772.2028961182
2001-09-02 20:00:00,28412.0,27539.11328125,872.88671875,872.88671875,761931.2237701416
2001-09-02 21:00:00,27381.0,28318.244140625,-937.244140625,937.244140625,878426.5791358948
2001-09-02 22:00:00,25801.0,26094.169921875,-293.169921875,293.169921875,85948.6030921936
2001-09-02 23:00:00,23922.0,23868.708984375,53.291015625,53.291015625,2839.932346343994
2001-09-03 00:00:00,22115.0,22090.767578125,24.232421875,24.232421875,587.2102699279785
2001-09-03 01:00:00,20967.0,20988.255859375,-21.255859375,21.255859375,451.8115577697754
2001-09-03 02:00:00,20210.0,20165.265625,44.734375,44.734375,2001.164306640625
2001-09-03 03:00:00,19757.0,19788.728515625,-31.728515625,31.728515625,1006.6987037658691
2001-09-03 04:00:00,19651.0,19691.017578125,-40.017578125,40.017578125,1601.4065589904785
2001-09-03 05:00:00,19976.0,19700.416015625,275.583984375,275.583984375,75946.53244400024
2001-09-03 06:00:00,20373.0,21230.490234375,-857.490234375,857.490234375,735289.5020484924
2001-09-03 07:00:00,21027.0,21821.59765625,-794.59765625,794.59765625,631385.4353179932
2001-09-03 08:00:00,23303.0,21927.0078125,1375.9921875,1375.9921875,1893354.5000610352
2001-09-03 09:00:00,25804.0,24443.36328125,1360.63671875,1360.63671875,1851332.2804107666
2001-09-03 10:00:00,27687.0,26811.88671875,875.11328125,875.11328125,765823.2550201416
2001-09-03 11:00:00,28758.0,28256.330078125,501.669921875,501.669921875,251672.7105140686
2001-09-03 12:00:00,29202.0,29056.99609375,145.00390625,145.00390625,21026.13282775879
2001-09-03 13:00:00,29585.0,29555.1171875,29.8828125,29.8828125,892.9824829101562
2001-09-03 14:00:00,30060.0,29808.08203125,251.91796875,251.91796875,63462.66297912598
2001-09-03 15:00:00,30172.0,30415.78125,-243.78125,243.78125,59429.2978515625
2001-09-03 16:00:00,30691.0,30426.2890625,264.7109375,264.7109375,70071.8804321289
2001-09-03 17:00:00,30888.0,30747.21875,140.78125,140.78125,19819.3603515625
2001-09-03 18:00:00,30299.0,30386.70703125,-87.70703125,87.70703125,7692.523330688477
2001-09-03 19:00:00,30558.0,30557.37890625,0.62109375,0.62109375,0.3857574462890625
2001-09-03 20:00:00,32037.0,30316.923828125,1720.076171875,1720.076171875,2958662.0370521545
2001-09-03 21:00:00,30958.0,31219.298828125,-261.298828125,261.298828125,68277.07757949829
2001-09-03 22:00:00,28211.0,29111.88671875,-900.88671875,900.88671875,811596.8800201416
2001-09-03 23:00:00,25910.0,26275.634765625,-365.634765625,365.634765625,133688.78183364868
2001-09-04 00:00:00,23985.0,23981.37109375,3.62890625,3.62890625,13.168960571289062
2001-09-04 01:00:00,23001.0,22426.31640625,574.68359375,574.68359375,330261.23292541504
2001-09-04 02:00:00,22406.0,21932.8125,473.1875,473.1875,223906.41015625
2001-09-04 03:00:00,22232.0,21985.73046875,246.26953125,246.26953125,60648.68202209473
2001-09-04 04:00:00,22600.0,22489.666015625,110.333984375,110.333984375,12173.588108062744
2001-09-04 05:00:00,24388.0,23952.662109375,435.337890625,435.337890625,189519.07901382446
2001-09-04 06:00:00,27953.0,27254.2734375,698.7265625,698.7265625,488218.8091430664
2001-09-04 07:00:00,30606.0,31336.82421875,-730.82421875,730.82421875,534104.0387115479
2001-09-04 08:00:00,32733.0,32515.736328125,217.263671875,217.263671875,47203.503116607666
2001-09-04 09:00:00,34668.0,34419.19921875,248.80078125,248.80078125,61901.82875061035
2001-09-04 10:00:00,36064.0,36227.26171875,-163.26171875,163.26171875,26654.3888092041
2001-09-04 11:00:00,37397.0,37158.5625,238.4375,238.4375,56852.44140625
2001-09-04 12:00:00,38688.0,38049.3125,638.6875,638.6875,407921.72265625
2001-09-04 13:00:00,39458.0,39573.5859375,-115.5859375,115.5859375,13360.108947753906
2001-09-04 14:00:00,39678.0,40179.40234375,-501.40234375,501.40234375,251404.31031799316
2001-09-04 15:00:00,40352.0,39916.0390625,435.9609375,435.9609375,190061.9390258789
2001-09-04 16:00:00,40518.0,40469.16015625,48.83984375,48.83984375,2385.330337524414
2001-09-04 17:00:00,40232.0,39875.08203125,356.91796875,356.91796875,127390.43641662598
2001-09-04 18:00:00,39061.0,39023.5390625,37.4609375,37.4609375,1403.3218383789062
2001-09-04 19:00:00,38475.0,38735.66796875,-260.66796875,260.66796875,67947.78993225098
2001-09-04 20:00:00,39123.0,38123.3828125,999.6171875,999.6171875,999234.5215454102
2001-09-04 21:00:00,37139.0,37537.359375,-398.359375,398.359375,158690.19165039062
2001-09-04 22:00:00,33533.0,34269.36328125,-736.36328125,736.36328125,542230.8819732666
2001-09-04 23:00:00,30074.0,30026.412109375,47.587890625,47.587890625,2264.607334136963
2001-09-05 00:00:00,27670.0,27603.595703125,66.404296875,66.404296875,4409.530643463135
2001-09-05 01:00:00,26023.0,26146.826171875,-123.826171875,123.826171875,15332.920841217041
2001-09-05 02:00:00,24937.0,25326.09765625,-389.09765625,389.09765625,151396.98609924316
2001-09-05 03:00:00,24201.0,24562.138671875,-361.138671875,361.138671875,130421.14032363892
2001-09-05 04:00:00,24219.0,24173.375,45.625,45.625,2081.640625
2001-09-05 05:00:00,25752.0,25362.8359375,389.1640625,389.1640625,151448.6675415039
2001-09-05 06:00:00,28971.0,28393.9609375,577.0390625,577.0390625,332974.0796508789
2001-09-05 07:00:00,30892.0,32065.703125,-1173.703125,1173.703125,1377579.0256347656
2001-09-05 08:00:00,32463.0,33133.2421875,-670.2421875,670.2421875,449224.58990478516
2001-09-05 09:00:00,33861.0,34065.08203125,-204.08203125,204.08203125,41649.47547912598
2001-09-05 10:00:00,34723.0,35051.65625,-328.65625,328.65625,108014.9306640625
2001-09-05 11:00:00,35404.0,35336.3828125,67.6171875,67.6171875,4572.084045410156
2001-09-05 12:00:00,35918.0,35805.64453125,112.35546875,112.35546875,12623.751358032227
2001-09-05 13:00:00,36538.0,36188.12890625,349.87109375,349.87109375,122409.78224182129
2001-09-05 14:00:00,36941.0,37192.4375,-251.4375,251.4375,63220.81640625
2001-09-05 15:00:00,37185.0,37037.828125,147.171875,147.171875,21659.560791015625
2001-09-05 16:00:00,37436.0,37039.84765625,396.15234375,396.15234375,156936.67945861816
2001-09-05 17:00:00,37113.0,36647.4140625,465.5859375,465.5859375,216770.2651977539
2001-09-05 18:00:00,35836.0,35959.9609375,-123.9609375,123.9609375,15366.314025878906
2001-09-05 19:00:00,35080.0,34699.60546875,380.39453125,380.39453125,144699.99940490723
2001-09-05 20:00:00,35452.0,34876.6640625,575.3359375,575.3359375,331011.4409790039
2001-09-05 21:00:00,33393.0,35065.66796875,-1672.66796875,1672.66796875,2797818.133682251
2001-09-05 22:00:00,29938.0,31040.77734375,-1102.77734375,1102.77734375,1216117.8698883057
2001-09-05 23:00:00,26827.0,27401.58984375,-574.58984375,574.58984375,330153.4885406494
2001-09-06 00:00:00,24510.0,24442.578125,67.421875,67.421875,4545.709228515625
2001-09-06 01:00:00,23190.0,23143.77734375,46.22265625,46.22265625,2136.533950805664
2001-09-06 02:00:00,22482.0,22394.763671875,87.236328125,87.236328125,7610.176944732666
2001-09-06 03:00:00,22084.0,22189.669921875,-105.669921875,105.669921875,11166.132389068604
2001-09-06 04:00:00,22474.0,22600.177734375,-126.177734375,126.177734375,15920.820652008057
2001-09-06 05:00:00,23997.0,24133.259765625,-136.259765625,136.259765625,18566.72372817993
2001-09-06 06:00:00,27210.0,27201.763671875,8.236328125,8.236328125,67.83710098266602
2001-09-06 07:00:00,29290.0,29513.123046875,-223.123046875,223.123046875,49783.89404678345
2001-09-06 08:00:00,30850.0,31383.068359375,-533.068359375,533.068359375,284161.87576675415
2001-09-06 09:00:00,32196.0,32702.310546875,-506.310546875,506.310546875,256350.36987686157
2001-09-06 10:00:00,33493.0,33198.23046875,294.76953125,294.76953125,86889.07655334473
2001-09-06 11:00:00,34305.0,34308.04296875,-3.04296875,3.04296875,9.259658813476562
2001-09-06 12:00:00,34851.0,34826.79296875,24.20703125,24.20703125,585.9803619384766
2001-09-06 13:00:00,35611.0,35272.859375,338.140625,338.140625,114339.08227539062
2001-09-06 14:00:00,36075.0,36309.453125,-234.453125,234.453125,54968.267822265625
2001-09-06 15:00:00,36608.0,36499.3046875,108.6953125,108.6953125,11814.670959472656
2001-09-06 16:00:00,36914.0,36679.89453125,234.10546875,234.10546875,54805.37049865723
2001-09-06 17:00:00,36759.0,36332.859375,426.140625,426.140625,181595.83227539062
2001-09-06 18:00:00,35541.0,35423.8984375,117.1015625,117.1015625,13712.775939941406
2001-09-06 19:00:00,35121.0,35247.6171875,-126.6171875,126.6171875,16031.912170410156
2001-09-06 20:00:00,35511.0,35568.515625,-57.515625,57.515625,3308.047119140625
2001-09-06 21:00:00,33347.0,34540.27734375,-1193.27734375,1193.27734375,1423910.8191070557
2001-09-06 22:00:00,30206.0,30458.451171875,-252.451171875,252.451171875,63731.59418106079
2001-09-06 23:00:00,27240.0,27431.33984375,-191.33984375,191.33984375,36610.935806274414
2001-09-07 00:00:00,24966.0,25186.9765625,-220.9765625,220.9765625,48830.641174316406
2001-09-07 01:00:00,23635.0,23792.9921875,-157.9921875,157.9921875,24961.531311035156
2001-09-07 02:00:00,22710.0,23003.38671875,-293.38671875,293.38671875,86075.7667388916
2001-09-07 03:00:00,22446.0,22533.21484375,-87.21484375,87.21484375,7606.428970336914
2001-09-07 04:00:00,22762.0,22768.875,-6.875,6.875,47.265625
2001-09-07 05:00:00,24337.0,24407.3125,-70.3125,70.3125,4943.84765625
2001-09-07 06:00:00,27569.0,27872.595703125,-303.595703125,303.595703125,92170.35095596313
2001-09-07 07:00:00,29892.0,30170.181640625,-278.181640625,278.181640625,77385.02518081665
2001-09-07 08:00:00,31636.0,31014.654296875,621.345703125,621.345703125,386070.48279190063
2001-09-07 09:00:00,33201.0,33250.87109375,-49.87109375,49.87109375,2487.125991821289
2001-09-07 10:00:00,34738.0,34486.41796875,251.58203125,251.58203125,63293.51844787598
2001-09-07 11:00:00,35745.0,35481.1171875,263.8828125,263.8828125,69634.13873291016
2001-09-07 12:00:00,36484.0,36189.0234375,294.9765625,294.9765625,87011.1724243164
2001-09-07 13:00:00,37495.0,37265.46875,229.53125,229.53125,52684.5947265625
2001-09-07 14:00:00,38095.0,38122.859375,-27.859375,27.859375,776.144775390625
2001-09-07 15:00:00,38516.0,38183.5390625,332.4609375,332.4609375,110530.2749633789
2001-09-07 16:00:00,38639.0,38641.8828125,-2.8828125,2.8828125,8.31060791015625
2001-09-07 17:00:00,38138.0,38032.37890625,105.62109375,105.62109375,11155.815444946289
2001-09-07 18:00:00,36656.0,36837.390625,-181.390625,181.390625,32902.558837890625
2001-09-07 19:00:00,35843.0,35686.65234375,156.34765625,156.34765625,24444.589614868164
2001-09-07 20:00:00,35880.0,35958.7890625,-78.7890625,78.7890625,6207.716369628906
2001-09-07 21:00:00,33974.0,35111.609375,-1137.609375,1137.609375,1294155.0900878906
2001-09-07 22:00:00,31332.0,31084.1640625,247.8359375,247.8359375,61422.651916503906
2001-09-07 23:00:00,28662.0,28429.46484375,232.53515625,232.53515625,54072.598892211914
2001-09-08 00:00:00,26399.0,26019.755859375,379.244140625,379.244140625,143826.11819839478
2001-09-08 01:00:00,24939.0,25212.185546875,-273.185546875,273.185546875,74630.34302139282
2001-09-08 02:00:00,23757.0,24289.693359375,-532.693359375,532.693359375,283762.2151222229
2001-09-08 03:00:00,23064.0,23280.724609375,-216.724609375,216.724609375,46969.55630874634
2001-09-08 04:00:00,22798.0,23008.662109375,-210.662109375,210.662109375,44378.52432632446
2001-09-08 05:00:00,23216.0,24093.0078125,-877.0078125,877.0078125,769142.7031860352
2001-09-08 06:00:00,23868.0,24756.62890625,-888.62890625,888.62890625,789661.3330230713
2001-09-08 07:00:00,24904.0,25547.435546875,-643.435546875,643.435546875,414009.3029823303
2001-09-08 08:00:00,27777.0,26763.607421875,1013.392578125,1013.392578125,1026964.5173988342
2001-09-08 09:00:00,30164.0,29551.560546875,612.439453125,612.439453125,375082.0837440491
2001-09-08 10:00:00,31978.0,32038.45703125,-60.45703125,60.45703125,3655.0526275634766
2001-09-08 11:00:00,33141.0,33112.3203125,28.6796875,28.6796875,822.5244750976562
2001-09-08 12:00:00,34040.0,34041.44140625,-1.44140625,1.44140625,2.0776519775390625
2001-09-08 13:00:00,34775.0,34507.51953125,267.48046875,267.48046875,71545.80116271973
2001-09-08 14:00:00,35268.0,34955.32421875,312.67578125,312.67578125,97766.14418029785
2001-09-08 15:00:00,35815.0,35954.046875,-139.046875,139.046875,19334.033447265625
2001-09-08 16:00:00,35964.0,35626.9453125,337.0546875,337.0546875,113605.86236572266
2001-09-08 17:00:00,35860.0,35519.046875,340.953125,340.953125,116249.03344726562
2001-09-08 18:00:00,34817.0,35051.95703125,-234.95703125,234.95703125,55204.80653381348
2001-09-08 19:00:00,34601.0,34115.67578125,485.32421875,485.32421875,235539.59730529785
2001-09-08 20:00:00,35189.0,34608.49609375,580.50390625,580.50390625,336984.7851715088
2001-09-08 21:00:00,33642.0,34335.3359375,-693.3359375,693.3359375,480714.7222290039
2001-09-08 22:00:00,31450.0,32027.232421875,-577.232421875,577.232421875,333197.268863678
2001-09-08 23:00:00,29340.0,29258.453125,81.546875,81.546875,6649.892822265625
2001-09-09 00:00:00,26689.0,27254.701171875,-565.701171875,565.701171875,320017.8158607483
2001-09-09 01:00:00,24976.0,25257.5,-281.5,281.5,79242.25
2001-09-09 02:00:00,23974.0,24087.9921875,-113.9921875,113.9921875,12994.218811035156
2001-09-09 03:00:00,23169.0,23457.513671875,-288.513671875,288.513671875,83240.13885879517
2001-09-09 04:00:00,22734.0,22960.322265625,-226.322265625,226.322265625,51221.76791763306
2001-09-09 05:00:00,22855.0,22946.71875,-91.71875,91.71875,8412.3291015625
2001-09-09 06:00:00,23142.0,23734.302734375,-592.302734375,592.302734375,350822.5291481018
2001-09-09 07:00:00,23926.0,24708.509765625,-782.509765625,782.509765625,612321.5332984924
2001-09-09 08:00:00,26365.0,26130.31640625,234.68359375,234.68359375,55076.38917541504
2001-09-09 09:00:00,29072.0,28973.9765625,98.0234375,98.0234375,9608.594299316406
2001-09-09 10:00:00,31246.0,30642.9375,603.0625,603.0625,363684.37890625
2001-09-09 11:00:00,32966.0,32698.69921875,267.30078125,267.30078125,71449.70765686035
2001-09-09 12:00:00,34456.0,33952.2890625,503.7109375,503.7109375,253724.7085571289
2001-09-09 13:00:00,35282.0,35279.0078125,2.9921875,2.9921875,8.95318603515625
2001-09-09 14:00:00,35937.0,36042.15234375,-105.15234375,105.15234375,11057.015396118164
2001-09-09 15:00:00,36420.0,36397.8828125,22.1171875,22.1171875,489.16998291015625
2001-09-09 16:00:00,37065.0,36560.390625,504.609375,504.609375,254630.62133789062
2001-09-09 17:00:00,37087.0,36756.66015625,330.33984375,330.33984375,109124.41236877441
2001-09-09 18:00:00,36186.0,36699.31640625,-513.31640625,513.31640625,263493.73292541504
2001-09-09 19:00:00,36270.0,35702.52734375,567.47265625,567.47265625,322025.21559143066
2001-09-09 20:00:00,37248.0,36440.05078125,807.94921875,807.94921875,652781.9400787354
2001-09-09 21:00:00,35632.0,35871.96484375,-239.96484375,239.96484375,57583.126235961914
2001-09-09 22:00:00,32938.0,33564.17578125,-626.17578125,626.17578125,392096.10902404785
2001-09-09 23:00:00,30277.0,30686.576171875,-409.576171875,409.576171875,167752.64056777954
2001-09-10 00:00:00,27998.0,27986.328125,11.671875,11.671875,136.232666015625
2001-09-10 01:00:00,26745.0,25986.40625,758.59375,758.59375,575464.4775390625
2001-09-10 02:00:00,26059.0,25601.8828125,457.1171875,457.1171875,208956.12310791016
2001-09-10 03:00:00,25795.0,25186.572265625,608.427734375,608.427734375,370184.30795669556
2001-09-10 04:00:00,26207.0,25500.205078125,706.794921875,706.794921875,499559.06158828735
2001-09-10 05:00:00,28098.0,27222.8046875,875.1953125,875.1953125,765966.8350219727
2001-09-10 06:00:00,32016.0,31214.638671875,801.361328125,801.361328125,642179.9782142639
2001-09-10 07:00:00,34930.0,35804.1328125,-874.1328125,874.1328125,764108.1738891602
2001-09-10 08:00:00,36925.0,37379.71484375,-454.71484375,454.71484375,206765.5891265869
2001-09-10 09:00:00,38546.0,38593.8359375,-47.8359375,47.8359375,2288.2769165039062
2001-09-10 10:00:00,40000.0,40471.9609375,-471.9609375,471.9609375,222747.1265258789
2001-09-10 11:00:00,41021.0,40886.0625,134.9375,134.9375,18208.12890625
2001-09-10 12:00:00,41994.0,42001.8515625,-7.8515625,7.8515625,61.64703369140625
2001-09-10 13:00:00,42394.0,42860.74609375,-466.74609375,466.74609375,217851.9160308838
2001-09-10 14:00:00,43012.0,42916.14453125,95.85546875,95.85546875,9188.270889282227
2001-09-10 15:00:00,43184.0,43484.3515625,-300.3515625,300.3515625,90211.0610961914
2001-09-10 16:00:00,42998.0,43395.984375,-397.984375,397.984375,158391.56274414062
2001-09-10 17:00:00,42158.0,42070.75,87.25,87.25,7612.5625
2001-09-10 18:00:00,41109.0,40670.11328125,438.88671875,438.88671875,192621.5518951416
2001-09-10 19:00:00,40518.0,40570.70703125,-52.70703125,52.70703125,2778.0311431884766
2001-09-10 20:00:00,40375.0,40173.25,201.75,201.75,40703.0625
2001-09-10 21:00:00,37644.0,37524.015625,119.984375,119.984375,14396.250244140625
2001-09-10 22:00:00,33927.0,34291.9375,-364.9375,364.9375,133179.37890625
2001-09-10 23:00:00,30510.0,31054.5390625,-544.5390625,544.5390625,296522.7905883789
2001-09-11 00:00:00,27611.0,28522.40625,-911.40625,911.40625,830661.3525390625
2001-09-11 01:00:00,25944.0,25932.08203125,11.91796875,11.91796875,142.03797912597656
2001-09-11 02:00:00,24850.0,24767.74609375,82.25390625,82.25390625,6765.705093383789
2001-09-11 03:00:00,24296.0,24156.330078125,139.669921875,139.669921875,19507.687076568604
2001-09-11 04:00:00,24414.0,24443.06640625,-29.06640625,29.06640625,844.8559722900391
2001-09-11 05:00:00,25843.0,25526.66015625,316.33984375,316.33984375,100070.89674377441
2001-09-11 06:00:00,29166.0,28380.298828125,785.701171875,785.701171875,617326.3314857483
2001-09-11 07:00:00,31269.0,31720.78125,-451.78125,451.78125,204106.2978515625
2001-09-11 08:00:00,32704.0,33838.89453125,-1134.89453125,1134.89453125,1287985.5970611572
2001-09-11 09:00:00,33887.0,34140.1953125,-253.1953125,253.1953125,64107.866271972656
2001-09-11 10:00:00,34796.0,34566.8203125,229.1796875,229.1796875,52523.329162597656
2001-09-11 11:00:00,35451.0,35215.30859375,235.69140625,235.69140625,55550.43898010254
2001-09-11 12:00:00,35790.0,35793.37109375,-3.37109375,3.37109375,11.364273071289062
2001-09-11 13:00:00,36476.0,36062.765625,413.234375,413.234375,170762.64868164062
2001-09-11 14:00:00,36914.0,37100.62109375,-186.62109375,186.62109375,34827.43263244629
2001-09-11 15:00:00,37122.0,37306.20703125,-184.20703125,184.20703125,33932.23036193848
2001-09-11 16:00:00,37187.0,37068.95703125,118.04296875,118.04296875,13934.142471313477
2001-09-11 17:00:00,36762.0,36445.4921875,316.5078125,316.5078125,100177.19537353516
2001-09-11 18:00:00,35460.0,35352.21484375,107.78515625,107.78515625,11617.639907836914
2001-09-11 19:00:00,34865.0,34415.5625,449.4375,449.4375,201994.06640625
2001-09-11 20:00:00,35178.0,34493.375,684.625,684.625,468711.390625
2001-09-11 21:00:00,32949.0,34151.1328125,-1202.1328125,1202.1328125,1445123.2988891602
2001-09-11 22:00:00,29931.0,30412.05078125,-481.05078125,481.05078125,231409.85414123535
2001-09-11 23:00:00,27052.0,27243.13671875,-191.13671875,191.13671875,36533.2452545166
2001-09-12 00:00:00,24763.0,24679.06640625,83.93359375,83.93359375,7044.848159790039
2001-09-12 01:00:00,23567.0,23337.6640625,229.3359375,229.3359375,52594.972229003906
2001-09-12 02:00:00,22835.0,22912.216796875,-77.216796875,77.216796875,5962.43371963501
2001-09-12 03:00:00,22472.0,22742.451171875,-270.451171875,270.451171875,73143.83636856079
2001-09-12 04:00:00,22684.0,22763.703125,-79.703125,79.703125,6352.588134765625
2001-09-12 05:00:00,24144.0,23913.185546875,230.814453125,230.814453125,53275.31177139282
2001-09-12 06:00:00,27346.0,27348.564453125,-2.564453125,2.564453125,6.576419830322266
2001-09-12 07:00:00,29368.0,29765.54296875,-397.54296875,397.54296875,158040.41200256348
2001-09-12 08:00:00,31077.0,31314.447265625,-237.447265625,237.447265625,56381.20395278931
2001-09-12 09:00:00,32759.0,32869.78515625,-110.78515625,110.78515625,12273.350845336914
2001-09-12 10:00:00,34121.0,34150.10546875,-29.10546875,29.10546875,847.1283111572266
2001-09-12 11:00:00,34818.0,35314.046875,-496.046875,496.046875,246062.50219726562
2001-09-12 12:00:00,35315.0,34961.38671875,353.61328125,353.61328125,125042.3526763916
2001-09-12 13:00:00,35997.0,35974.8046875,22.1953125,22.1953125,492.63189697265625
2001-09-12 14:00:00,36576.0,36466.8671875,109.1328125,109.1328125,11909.970764160156
2001-09-12 15:00:00,37033.0,36954.48046875,78.51953125,78.51953125,6165.316787719727
2001-09-12 16:00:00,37292.0,36958.21875,333.78125,333.78125,111409.9228515625
2001-09-12 17:00:00,36954.0,36764.328125,189.671875,189.671875,35975.420166015625
2001-09-12 18:00:00,35519.0,35727.16796875,-208.16796875,208.16796875,43333.90321350098
2001-09-12 19:00:00,35045.0,34992.8046875,52.1953125,52.1953125,2724.3506469726562
2001-09-12 20:00:00,35351.0,35375.4375,-24.4375,24.4375,597.19140625
2001-09-12 21:00:00,33164.0,34478.8984375,-1314.8984375,1314.8984375,1728957.9009399414
2001-09-12 22:00:00,29691.0,30405.736328125,-714.736328125,714.736328125,510848.01874160767
2001-09-12 23:00:00,26871.0,26922.451171875,-51.451171875,51.451171875,2647.223087310791
2001-09-13 00:00:00,24604.0,24870.47265625,-266.47265625,266.47265625,71007.67652893066
2001-09-13 01:00:00,23204.0,23318.2734375,-114.2734375,114.2734375,13058.418518066406
2001-09-13 02:00:00,22583.0,22471.650390625,111.349609375,111.349609375,12398.735507965088
2001-09-13 03:00:00,22328.0,22292.587890625,35.412109375,35.412109375,1254.017490386963
2001-09-13 04:00:00,22556.0,22892.880859375,-336.880859375,336.880859375,113488.71341323853
2001-09-13 05:00:00,24240.0,23982.744140625,257.255859375,257.255859375,66180.57718276978
2001-09-13 06:00:00,27618.0,27321.84765625,296.15234375,296.15234375,87706.21070861816
2001-09-13 07:00:00,29690.0,29985.865234375,-295.865234375,295.865234375,87536.23691177368
2001-09-13 08:00:00,31294.0,30953.48046875,340.51953125,340.51953125,115953.55116271973
2001-09-13 09:00:00,32908.0,33174.88671875,-266.88671875,266.88671875,71228.5206451416
2001-09-13 10:00:00,34482.0,34021.79296875,460.20703125,460.20703125,211790.51161193848
2001-09-13 11:00:00,35468.0,35304.5859375,163.4140625,163.4140625,26704.155822753906
2001-09-13 12:00:00,36392.0,36166.26171875,225.73828125,225.73828125,50957.7716217041
2001-09-13 13:00:00,37387.0,36733.67578125,653.32421875,653.32421875,426832.53480529785
2001-09-13 14:00:00,38293.0,37972.77734375,320.22265625,320.22265625,102542.54957580566
2001-09-13 15:00:00,39121.0,38792.140625,328.859375,328.859375,108148.48852539062
2001-09-13 16:00:00,39551.0,39400.13671875,150.86328125,150.86328125,22759.7296295166
2001-09-13 17:00:00,39198.0,38872.7578125,325.2421875,325.2421875,105782.48052978516
2001-09-13 18:00:00,37754.0,38166.1015625,-412.1015625,412.1015625,169827.6978149414
2001-09-13 19:00:00,37771.0,37536.234375,234.765625,234.765625,55114.898681640625
2001-09-13 20:00:00,38008.0,37506.13671875,501.86328125,501.86328125,251866.7530670166
2001-09-13 21:00:00,35718.0,36410.828125,-692.828125,692.828125,480010.8107910156
2001-09-13 22:00:00,32145.0,33038.890625,-893.890625,893.890625,799040.4494628906
2001-09-13 23:00:00,28992.0,29191.94140625,-199.94140625,199.94140625,39976.56593322754
2001-09-14 00:00:00,26558.0,26545.3515625,12.6484375,12.6484375,159.98297119140625
2001-09-14 01:00:00,24930.0,25281.982421875,-351.982421875,351.982421875,123891.62530899048
2001-09-14 02:00:00,23970.0,24132.158203125,-162.158203125,162.158203125,26295.28284072876
2001-09-14 03:00:00,23383.0,23529.49609375,-146.49609375,146.49609375,21461.10548400879
2001-09-14 04:00:00,23310.0,23503.02734375,-193.02734375,193.02734375,37259.555435180664
2001-09-14 05:00:00,24731.0,24671.15625,59.84375,59.84375,3581.2744140625
2001-09-14 06:00:00,28018.0,27362.333984375,655.666015625,655.666015625,429897.92404556274
2001-09-14 07:00:00,30307.0,30559.375,-252.375,252.375,63693.140625
2001-09-14 08:00:00,31170.0,32589.62109375,-1419.62109375,1419.62109375,2015324.0498199463
2001-09-14 09:00:00,31713.0,32684.41015625,-971.41015625,971.41015625,943637.6916656494
2001-09-14 10:00:00,32078.0,32801.20703125,-723.20703125,723.20703125,523028.4100494385
2001-09-14 11:00:00,31824.0,32369.884765625,-545.884765625,545.884765625,297990.1773414612
2001-09-14 12:00:00,31303.0,31572.75390625,-269.75390625,269.75390625,72767.16993713379
2001-09-14 13:00:00,31276.0,30750.4609375,525.5390625,525.5390625,276191.3062133789
2001-09-14 14:00:00,31040.0,30890.169921875,149.830078125,149.830078125,22449.052310943604
2001-09-14 15:00:00,30548.0,30856.82421875,-308.82421875,308.82421875,95372.39808654785
2001-09-14 16:00:00,30279.0,30604.84765625,-325.84765625,325.84765625,106176.69508361816
2001-09-14 17:00:00,29774.0,30259.103515625,-485.103515625,485.103515625,235325.42087173462
2001-09-14 18:00:00,28972.0,30005.580078125,-1033.580078125,1033.580078125,1068287.777896881
2001-09-14 19:00:00,29318.0,29464.412109375,-146.412109375,146.412109375,21436.505771636963
2001-09-14 20:00:00,29759.0,30342.533203125,-583.533203125,583.533203125,340510.9991493225
2001-09-14 21:00:00,28253.0,29417.580078125,-1164.580078125,1164.580078125,1356246.758365631
2001-09-14 22:00:00,26265.0,26891.755859375,-626.755859375,626.755859375,392822.9072608948
2001-09-14 23:00:00,23923.0,24185.4921875,-262.4921875,262.4921875,68902.14849853516
2001-09-15 00:00:00,22120.0,22534.224609375,-414.224609375,414.224609375,171582.02701187134
2001-09-15 01:00:00,20923.0,21145.03515625,-222.03515625,222.03515625,49299.610610961914
2001-09-15 02:00:00,20330.0,20246.921875,83.078125,83.078125,6901.974853515625
2001-09-15 03:00:00,19914.0,20142.771484375,-228.771484375,228.771484375,52336.39206314087
2001-09-15 04:00:00,19919.0,20142.333984375,-223.333984375,223.333984375,49878.068576812744
2001-09-15 05:00:00,20400.0,20474.732421875,-74.732421875,74.732421875,5584.9348793029785
2001-09-15 06:00:00,21314.0,21948.923828125,-634.923828125,634.923828125,403128.26752090454
2001-09-15 07:00:00,22309.0,22685.2109375,-376.2109375,376.2109375,141534.6694946289
2001-09-15 08:00:00,24491.0,24080.958984375,410.041015625,410.041015625,168133.6344947815
2001-09-15 09:00:00,26010.0,26035.572265625,-25.572265625,25.572265625,653.9407691955566
2001-09-15 10:00:00,26950.0,26899.17578125,50.82421875,50.82421875,2583.1012115478516
2001-09-15 11:00:00,26982.0,27084.01953125,-102.01953125,102.01953125,10407.984756469727
2001-09-15 12:00:00,26826.0,26806.466796875,19.533203125,19.533203125,381.54602432250977
2001-09-15 13:00:00,26563.0,26460.23828125,102.76171875,102.76171875,10559.970840454102
2001-09-15 14:00:00,26214.0,26236.23046875,-22.23046875,22.23046875,494.19374084472656
2001-09-15 15:00:00,25964.0,25722.125,241.875,241.875,58503.515625
2001-09-15 16:00:00,26111.0,26119.76953125,-8.76953125,8.76953125,76.90467834472656
2001-09-15 17:00:00,26084.0,26023.201171875,60.798828125,60.798828125,3696.497501373291
2001-09-15 18:00:00,26044.0,26176.091796875,-132.091796875,132.091796875,17448.24280166626
2001-09-15 19:00:00,26894.0,26602.884765625,291.115234375,291.115234375,84748.07968521118
2001-09-15 20:00:00,27510.0,27740.912109375,-230.912109375,230.912109375,53320.40225601196
2001-09-15 21:00:00,26461.0,26713.859375,-252.859375,252.859375,63937.863525390625
2001-09-15 22:00:00,24726.0,24696.51953125,29.48046875,29.48046875,869.0980377197266
2001-09-15 23:00:00,22853.0,22815.9765625,37.0234375,37.0234375,1370.7349243164062
2001-09-16 00:00:00,21098.0,21305.197265625,-207.197265625,207.197265625,42930.70688247681
2001-09-16 01:00:00,19939.0,20164.826171875,-225.826171875,225.826171875,50997.45990371704
2001-09-16 02:00:00,19414.0,19347.53515625,66.46484375,66.46484375,4417.575454711914
2001-09-16 03:00:00,19023.0,19000.564453125,22.435546875,22.435546875,503.35376358032227
2001-09-16 04:00:00,19056.0,18997.48046875,58.51953125,58.51953125,3424.5355377197266
2001-09-16 05:00:00,19211.0,19333.873046875,-122.873046875,122.873046875,15097.785648345947
2001-09-16 06:00:00,19814.0,19771.0234375,42.9765625,42.9765625,1846.9849243164062
2001-09-16 07:00:00,20493.0,20821.2265625,-328.2265625,328.2265625,107732.6763305664
2001-09-16 08:00:00,22376.0,22104.205078125,271.794921875,271.794921875,73872.47955703735
2001-09-16 09:00:00,24018.0,23898.0703125,119.9296875,119.9296875,14383.129943847656
2001-09-16 10:00:00,24889.0,24836.166015625,52.833984375,52.833984375,2791.429904937744
2001-09-16 11:00:00,25412.0,25124.15234375,287.84765625,287.84765625,82856.27320861816
2001-09-16 12:00:00,25804.0,25603.33203125,200.66796875,200.66796875,40267.63368225098
2001-09-16 13:00:00,25974.0,25716.931640625,257.068359375,257.068359375,66084.14139175415
2001-09-16 14:00:00,25934.0,25924.3515625,9.6484375,9.6484375,93.09234619140625
2001-09-16 15:00:00,26193.0,25970.40234375,222.59765625,222.59765625,49549.716567993164
2001-09-16 16:00:00,26514.0,26504.177734375,9.822265625,9.822265625,96.47690200805664
2001-09-16 17:00:00,26910.0,26862.701171875,47.298828125,47.298828125,2237.179141998291
2001-09-16 18:00:00,26927.0,27242.24609375,-315.24609375,315.24609375,99380.09962463379
2001-09-16 19:00:00,28132.0,28185.94921875,-53.94921875,53.94921875,2910.5182037353516
2001-09-16 20:00:00,28879.0,28612.548828125,266.451171875,266.451171875,70996.22699356079
2001-09-16 21:00:00,27368.0,27655.775390625,-287.775390625,287.775390625,82814.67544937134
2001-09-16 22:00:00,25153.0,25334.306640625,-181.306640625,181.306640625,32872.0979347229
2001-09-16 23:00:00,23096.0,23177.7265625,-81.7265625,81.7265625,6679.231018066406
2001-09-17 00:00:00,21498.0,21506.1484375,-8.1484375,8.1484375,66.39703369140625
2001-09-17 01:00:00,20585.0,20585.759765625,-0.759765625,0.759765625,0.5772438049316406
2001-09-17 02:00:00,20077.0,20306.17578125,-229.17578125,229.17578125,52521.53871154785
2001-09-17 03:00:00,20056.0,20059.759765625,-3.759765625,3.759765625,14.13583755493164
2001-09-17 04:00:00,20562.0,20523.5,38.5,38.5,1482.25
2001-09-17 05:00:00,22345.0,22437.734375,-92.734375,92.734375,8599.664306640625
2001-09-17 06:00:00,25868.0,26200.248046875,-332.248046875,332.248046875,110388.7646522522
2001-09-17 07:00:00,28243.0,28621.568359375,-378.568359375,378.568359375,143314.00271987915
2001-09-17 08:00:00,29461.0,29741.224609375,-280.224609375,280.224609375,78525.83169937134
2001-09-17 09:00:00,30552.0,30224.625,327.375,327.375,107174.390625
2001-09-17 10:00:00,31624.0,31488.962890625,135.037109375,135.037109375,18235.020908355713
2001-09-17 11:00:00,32236.0,32161.025390625,74.974609375,74.974609375,5621.192050933838
2001-09-17 12:00:00,32559.0,32184.138671875,374.861328125,374.861328125,140521.01532363892
2001-09-17 13:00:00,33003.0,32898.83984375,104.16015625,104.16015625,10849.338150024414
2001-09-17 14:00:00,33184.0,33150.515625,33.484375,33.484375,1121.203369140625
2001-09-17 15:00:00,33292.0,33134.6875,157.3125,157.3125,24747.22265625
2001-09-17 16:00:00,33306.0,33333.4375,-27.4375,27.4375,752.81640625
2001-09-17 17:00:00,32955.0,33015.5546875,-60.5546875,60.5546875,3666.8701782226562
2001-09-17 18:00:00,32192.0,32762.80859375,-570.80859375,570.80859375,325822.45069885254
2001-09-17 19:00:00,32826.0,32397.7578125,428.2421875,428.2421875,183391.37115478516
2001-09-17 20:00:00,32841.0,32449.912109375,391.087890625,391.087890625,152949.73819351196
2001-09-17 21:00:00,30716.0,31477.63671875,-761.63671875,761.63671875,580090.4913482666
2001-09-17 22:00:00,27795.0,27939.248046875,-144.248046875,144.248046875,20807.499027252197
2001-09-17 23:00:00,24975.0,24957.9375,17.0625,17.0625,291.12890625
2001-09-18 00:00:00,23088.0,23324.876953125,-236.876953125,236.876953125,56110.69092178345
2001-09-18 01:00:00,22009.0,22026.12109375,-17.12109375,17.12109375,293.13185119628906
2001-09-18 02:00:00,21482.0,21436.2890625,45.7109375,45.7109375,2089.4898071289062
2001-09-18 03:00:00,21138.0,21156.619140625,-18.619140625,18.619140625,346.6723976135254
2001-09-18 04:00:00,21422.0,21400.509765625,21.490234375,21.490234375,461.83017349243164
2001-09-18 05:00:00,23173.0,23008.458984375,164.541015625,164.541015625,27073.745822906494
2001-09-18 06:00:00,26363.0,26667.55859375,-304.55859375,304.55859375,92755.93702697754
2001-09-18 07:00:00,28368.0,29236.177734375,-868.177734375,868.177734375,753732.578464508
2001-09-18 08:00:00,29886.0,29848.564453125,37.435546875,37.435546875,1401.4201698303223
2001-09-18 09:00:00,30971.0,30911.802734375,59.197265625,59.197265625,3504.3162574768066
2001-09-18 10:00:00,32059.0,31966.69140625,92.30859375,92.30859375,8520.876480102539
2001-09-18 11:00:00,32754.0,32574.494140625,179.505859375,179.505859375,32222.353549957275
2001-09-18 12:00:00,33129.0,33415.7890625,-286.7890625,286.7890625,82247.9663696289
2001-09-18 13:00:00,33607.0,33640.64453125,-33.64453125,33.64453125,1131.9544830322266
2001-09-18 14:00:00,33759.0,33808.078125,-49.078125,49.078125,2408.662353515625
2001-09-18 15:00:00,33419.0,34081.61328125,-662.61328125,662.61328125,439056.3604888916
2001-09-18 16:00:00,33312.0,33397.5078125,-85.5078125,85.5078125,7311.585998535156
2001-09-18 17:00:00,32865.0,32786.5390625,78.4609375,78.4609375,6156.118713378906
2001-09-18 18:00:00,32181.0,32292.2265625,-111.2265625,111.2265625,12371.348205566406
2001-09-18 19:00:00,32963.0,32177.5546875,785.4453125,785.4453125,616924.3389282227
2001-09-18 20:00:00,33181.0,33586.234375,-405.234375,405.234375,164214.89868164062
2001-09-18 21:00:00,31268.0,31997.099609375,-729.099609375,729.099609375,531586.2403907776
2001-09-18 22:00:00,28251.0,28874.5234375,-623.5234375,623.5234375,388781.4771118164
2001-09-18 23:00:00,25495.0,25491.55859375,3.44140625,3.44140625,11.843276977539062
2001-09-19 00:00:00,23575.0,23608.177734375,-33.177734375,33.177734375,1100.7620582580566
2001-09-19 01:00:00,22504.0,22435.5703125,68.4296875,68.4296875,4682.622131347656
2001-09-19 02:00:00,21755.0,21801.6953125,-46.6953125,46.6953125,2180.4522094726562
2001-09-19 03:00:00,21498.0,21497.03125,0.96875,0.96875,0.9384765625
2001-09-19 04:00:00,21924.0,21709.728515625,214.271484375,214.271484375,45912.26901626587
2001-09-19 05:00:00,23566.0,23244.439453125,321.560546875,321.560546875,103401.18530654907
2001-09-19 06:00:00,27070.0,27229.73828125,-159.73828125,159.73828125,25516.3184967041
2001-09-19 07:00:00,29005.0,29975.845703125,-970.845703125,970.845703125,942541.3792762756
2001-09-19 08:00:00,30242.0,29989.017578125,252.982421875,252.982421875,64000.10577774048
2001-09-19 09:00:00,31552.0,31462.671875,89.328125,89.328125,7979.513916015625
2001-09-19 10:00:00,32905.0,32560.828125,344.171875,344.171875,118454.27954101562
2001-09-19 11:00:00,33688.0,33523.5703125,164.4296875,164.4296875,27037.122131347656
2001-09-19 12:00:00,33967.0,34315.82421875,-348.82421875,348.82421875,121678.33558654785
2001-09-19 13:00:00,34368.0,34465.87109375,-97.87109375,97.87109375,9578.750991821289
2001-09-19 14:00:00,34719.0,34484.71484375,234.28515625,234.28515625,54889.534439086914
2001-09-19 15:00:00,34601.0,34676.12109375,-75.12109375,75.12109375,5643.178726196289
2001-09-19 16:00:00,34522.0,34536.6484375,-14.6484375,14.6484375,214.57672119140625
2001-09-19 17:00:00,33806.0,33983.84375,-177.84375,177.84375,31628.3994140625
2001-09-19 18:00:00,32949.0,33048.34375,-99.34375,99.34375,9869.1806640625
2001-09-19 19:00:00,33929.0,32486.818359375,1442.181640625,1442.181640625,2079887.8845558167
2001-09-19 20:00:00,33894.0,34362.69921875,-468.69921875,468.69921875,219678.95765686035
2001-09-19 21:00:00,31978.0,32579.146484375,-601.146484375,601.146484375,361377.0956764221
2001-09-19 22:00:00,29072.0,29445.447265625,-373.447265625,373.447265625,139462.8602027893
2001-09-19 23:00:00,26541.0,26427.876953125,113.123046875,113.123046875,12796.823734283447
2001-09-20 00:00:00,24546.0,24631.189453125,-85.189453125,85.189453125,7257.242923736572
2001-09-20 01:00:00,23490.0,23367.05859375,122.94140625,122.94140625,15114.589370727539
2001-09-20 02:00:00,22902.0,22808.93359375,93.06640625,93.06640625,8661.355972290039
2001-09-20 03:00:00,22608.0,22678.017578125,-70.017578125,70.017578125,4902.4612464904785
2001-09-20 04:00:00,23091.0,22981.119140625,109.880859375,109.880859375,12073.803256988525
2001-09-20 05:00:00,25043.0,24586.017578125,456.982421875,456.982421875,208832.93390274048
2001-09-20 06:00:00,28919.0,27816.537109375,1102.462890625,1102.462890625,1215424.4252052307
2001-09-20 07:00:00,31293.0,31166.53125,126.46875,126.46875,15994.3447265625
2001-09-20 08:00:00,32596.0,32099.314453125,496.685546875,496.685546875,246696.53247451782
2001-09-20 09:00:00,33480.0,33938.890625,-458.890625,458.890625,210580.60571289062
2001-09-20 10:00:00,34156.0,34511.26171875,-355.26171875,355.26171875,126210.8888092041
2001-09-20 11:00:00,34400.0,34915.8203125,-515.8203125,515.8203125,266070.59478759766
2001-09-20 12:00:00,34155.0,34521.703125,-366.703125,366.703125,134471.18188476562
2001-09-20 13:00:00,34110.0,34262.00390625,-152.00390625,152.00390625,23105.18751525879
2001-09-20 14:00:00,33897.0,34084.63671875,-187.63671875,187.63671875,35207.5382232666
2001-09-20 15:00:00,33681.0,33619.40234375,61.59765625,61.59765625,3794.271255493164
2001-09-20 16:00:00,33688.0,33592.375,95.625,95.625,9144.140625
2001-09-20 17:00:00,33564.0,33912.87890625,-348.87890625,348.87890625,121716.49122619629
2001-09-20 18:00:00,33378.0,33206.140625,171.859375,171.859375,29535.644775390625
2001-09-20 19:00:00,34309.0,33395.22265625,913.77734375,913.77734375,834989.0339508057
2001-09-20 20:00:00,34119.0,33487.66796875,631.33203125,631.33203125,398580.133682251
2001-09-20 21:00:00,32027.0,32390.865234375,-363.865234375,363.865234375,132397.90878677368
2001-09-20 22:00:00,29719.0,29057.33203125,661.66796875,661.66796875,437804.500869751
2001-09-20 23:00:00,26931.0,27079.32421875,-148.32421875,148.32421875,22000.07386779785
2001-09-21 00:00:00,24888.0,24943.109375,-55.109375,55.109375,3037.043212890625
2001-09-21 01:00:00,23714.0,23706.736328125,7.263671875,7.263671875,52.760929107666016
2001-09-21 02:00:00,23005.0,23084.8515625,-79.8515625,79.8515625,6376.272033691406
2001-09-21 03:00:00,22819.0,22777.455078125,41.544921875,41.544921875,1725.9805335998535
2001-09-21 04:00:00,23194.0,23338.818359375,-144.818359375,144.818359375,20972.35721206665
2001-09-21 05:00:00,24858.0,24786.412109375,71.587890625,71.587890625,5124.826084136963
2001-09-21 06:00:00,28487.0,27569.84765625,917.15234375,917.15234375,841168.4216461182
2001-09-21 07:00:00,31004.0,31202.0546875,-198.0546875,198.0546875,39225.659240722656
2001-09-21 08:00:00,32284.0,32246.2421875,37.7578125,37.7578125,1425.6524047851562
2001-09-21 09:00:00,33395.0,33520.36328125,-125.36328125,125.36328125,15715.952285766602
2001-09-21 10:00:00,34468.0,34443.59765625,24.40234375,24.40234375,595.4743804931641
2001-09-21 11:00:00,35143.0,34810.25390625,332.74609375,332.74609375,110719.96290588379
2001-09-21 12:00:00,35646.0,35568.38671875,77.61328125,77.61328125,6023.821426391602
2001-09-21 13:00:00,36122.0,35996.4296875,125.5703125,125.5703125,15767.903381347656
2001-09-21 14:00:00,36400.0,36348.19140625,51.80859375,51.80859375,2684.130386352539
2001-09-21 15:00:00,36305.0,36386.140625,-81.140625,81.140625,6583.801025390625
2001-09-21 16:00:00,36026.0,35967.21875,58.78125,58.78125,3455.2353515625
2001-09-21 17:00:00,35241.0,35369.1171875,-128.1171875,128.1171875,16414.013732910156
2001-09-21 18:00:00,34327.0,35039.15234375,-712.15234375,712.15234375,507160.96070861816
2001-09-21 19:00:00,34614.0,34086.51171875,527.48828125,527.48828125,278243.8868560791
2001-09-21 20:00:00,34089.0,34193.6640625,-104.6640625,104.6640625,10954.565979003906
2001-09-21 21:00:00,32368.0,32409.36328125,-41.36328125,41.36328125,1710.9210357666016
2001-09-21 22:00:00,30151.0,29622.14453125,528.85546875,528.85546875,279688.1068267822
2001-09-21 23:00:00,27706.0,27500.669921875,205.330078125,205.330078125,42160.4409828186
2001-09-22 00:00:00,25214.0,25836.015625,-622.015625,622.015625,386903.4377441406
2001-09-22 01:00:00,23818.0,24169.9296875,-351.9296875,351.9296875,123854.50494384766
2001-09-22 02:00:00,22863.0,23022.15234375,-159.15234375,159.15234375,25329.468521118164
2001-09-22 03:00:00,22364.0,22638.15234375,-274.15234375,274.15234375,75159.50758361816
2001-09-22 04:00:00,22202.0,22358.09765625,-156.09765625,156.09765625,24366.478286743164
2001-09-22 05:00:00,22660.0,23280.61328125,-620.61328125,620.61328125,385160.8448638916
2001-09-22 06:00:00,23690.0,23902.458984375,-212.458984375,212.458984375,45138.820041656494
2001-09-22 07:00:00,24840.0,25992.505859375,-1152.505859375,1152.505859375,1328269.7558937073
2001-09-22 08:00:00,27007.0,26776.701171875,230.298828125,230.298828125,53037.55023574829
2001-09-22 09:00:00,29116.0,28953.576171875,162.423828125,162.423828125,26381.49994277954
2001-09-22 10:00:00,30627.0,30577.904296875,49.095703125,49.095703125,2410.3880653381348
2001-09-22 11:00:00,31654.0,31715.30859375,-61.30859375,61.30859375,3758.743667602539
2001-09-22 12:00:00,32359.0,32259.5625,99.4375,99.4375,9887.81640625
2001-09-22 13:00:00,32752.0,32729.1953125,22.8046875,22.8046875,520.0537719726562
2001-09-22 14:00:00,32867.0,33208.5234375,-341.5234375,341.5234375,116638.2583618164
2001-09-22 15:00:00,32938.0,33012.32421875,-74.32421875,74.32421875,5524.089492797852
2001-09-22 16:00:00,32757.0,32592.396484375,164.603515625,164.603515625,27094.31735610962
2001-09-22 17:00:00,32313.0,32608.173828125,-295.173828125,295.173828125,87127.58880996704
2001-09-22 18:00:00,31634.0,32204.564453125,-570.564453125,570.564453125,325543.7951698303
2001-09-22 19:00:00,32572.0,31195.900390625,1376.099609375,1376.099609375,1893650.1349220276
2001-09-22 20:00:00,32259.0,32987.3359375,-728.3359375,728.3359375,530473.2378540039
2001-09-22 21:00:00,30865.0,31354.326171875,-489.326171875,489.326171875,239440.10248184204
2001-09-22 22:00:00,28723.0,29028.3046875,-305.3046875,305.3046875,93210.95220947266
2001-09-22 23:00:00,26537.0,26743.064453125,-206.064453125,206.064453125,42462.55884170532
2001-09-23 00:00:00,24274.0,24866.462890625,-592.462890625,592.462890625,351012.2767677307
2001-09-23 01:00:00,23158.0,22830.9453125,327.0546875,327.0546875,106964.76861572266
2001-09-23 02:00:00,21982.0,22190.771484375,-208.771484375,208.771484375,43585.53268814087
2001-09-23 03:00:00,21472.0,21845.80859375,-373.80859375,373.80859375,139732.86476135254
2001-09-23 04:00:00,21160.0,21387.826171875,-227.826171875,227.826171875,51904.76459121704
2001-09-23 05:00:00,21314.0,21692.216796875,-378.216796875,378.216796875,143047.945438385
2001-09-23 06:00:00,21743.0,21788.169921875,-45.169921875,45.169921875,2040.3218421936035
2001-09-23 07:00:00,22282.0,23578.072265625,-1296.072265625,1296.072265625,1679803.3177223206
2001-09-23 08:00:00,24316.0,23928.50390625,387.49609375,387.49609375,150153.2226715088
2001-09-23 09:00:00,26394.0,26253.595703125,140.404296875,140.404296875,19713.366580963135
2001-09-23 10:00:00,27881.0,27770.982421875,110.017578125,110.017578125,12103.867496490479
2001-09-23 11:00:00,29194.0,28773.501953125,420.498046875,420.498046875,176818.6074256897
2001-09-23 12:00:00,30159.0,29791.37890625,367.62109375,367.62109375,135145.2685699463
2001-09-23 13:00:00,30820.0,30749.830078125,70.169921875,70.169921875,4923.8179359436035
2001-09-23 14:00:00,31141.0,31267.392578125,-126.392578125,126.392578125,15975.083805084229
2001-09-23 15:00:00,31339.0,31381.470703125,-42.470703125,42.470703125,1803.7606239318848
2001-09-23 16:00:00,31578.0,31492.072265625,85.927734375,85.927734375,7383.575534820557
2001-09-23 17:00:00,31609.0,31653.986328125,-44.986328125,44.986328125,2023.769718170166
2001-09-23 18:00:00,31337.0,31636.3984375,-299.3984375,299.3984375,89639.4243774414
2001-09-23 19:00:00,32566.0,30937.365234375,1628.634765625,1628.634765625,2652451.1998023987
2001-09-23 20:00:00,32553.0,32699.2109375,-146.2109375,146.2109375,21377.638244628906
2001-09-23 21:00:00,30992.0,31700.373046875,-708.373046875,708.373046875,501792.37353897095
2001-09-23 22:00:00,28527.0,29126.623046875,-599.623046875,599.623046875,359547.79834365845
2001-09-23 23:00:00,26189.0,26726.71484375,-537.71484375,537.71484375,289137.2531890869
2001-09-24 00:00:00,24419.0,24590.82421875,-171.82421875,171.82421875,29523.56214904785
2001-09-24 01:00:00,23461.0,23142.474609375,318.525390625,318.525390625,101458.42447280884
2001-09-24 02:00:00,22875.0,22998.875,-123.875,123.875,15345.015625
2001-09-24 03:00:00,22718.0,22543.265625,174.734375,174.734375,30532.101806640625
2001-09-24 04:00:00,23225.0,22971.3359375,253.6640625,253.6640625,64345.456604003906
2001-09-24 05:00:00,25032.0,24619.037109375,412.962890625,412.962890625,170538.3490333557
2001-09-24 06:00:00,29256.0,27711.37890625,1544.62109375,1544.62109375,2385854.3232574463
2001-09-24 07:00:00,31870.0,32448.7421875,-578.7421875,578.7421875,334942.51959228516
2001-09-24 08:00:00,33019.0,33173.5234375,-154.5234375,154.5234375,23877.492736816406
2001-09-24 09:00:00,34405.0,34329.65234375,75.34765625,75.34765625,5677.269302368164
2001-09-24 10:00:00,35511.0,35494.31640625,16.68359375,16.68359375,278.34230041503906
2001-09-24 11:00:00,36100.0,36495.91015625,-395.91015625,395.91015625,156744.8518218994
2001-09-24 12:00:00,36531.0,36639.1640625,-108.1640625,108.1640625,11699.464416503906
2001-09-24 13:00:00,37177.0,37194.140625,-17.140625,17.140625,293.801025390625
2001-09-24 14:00:00,37238.0,37387.23828125,-149.23828125,149.23828125,22272.0645904541
2001-09-24 15:00:00,37075.0,37240.234375,-165.234375,165.234375,27302.398681640625
2001-09-24 16:00:00,36920.0,36562.15234375,357.84765625,357.84765625,128054.94508361816
2001-09-24 17:00:00,36634.0,35956.5234375,677.4765625,677.4765625,458974.4927368164
2001-09-24 18:00:00,36446.0,35966.41015625,479.58984375,479.58984375,230006.4182281494
2001-09-24 19:00:00,37175.0,35557.10546875,1617.89453125,1617.89453125,2617582.714248657
2001-09-24 20:00:00,36110.0,36522.73046875,-412.73046875,412.73046875,170346.43983459473
2001-09-24 21:00:00,34011.0,33948.76953125,62.23046875,62.23046875,3872.6312408447266
2001-09-24 22:00:00,30961.0,30804.529296875,156.470703125,156.470703125,24483.080936431885
2001-09-24 23:00:00,28139.0,28465.29296875,-326.29296875,326.29296875,106467.10145568848
2001-09-25 00:00:00,26026.0,26311.529296875,-285.529296875,285.529296875,81526.97937393188
2001-09-25 01:00:00,24842.0,24976.453125,-134.453125,134.453125,18077.642822265625
2001-09-25 02:00:00,23934.0,24042.67578125,-108.67578125,108.67578125,11810.425430297852
2001-09-25 03:00:00,23527.0,23613.251953125,-86.251953125,86.251953125,7439.399417877197
2001-09-25 04:00:00,23631.0,23642.607421875,-11.607421875,11.607421875,134.73224258422852
2001-09-25 05:00:00,25258.0,25034.685546875,223.314453125,223.314453125,49869.34497451782
2001-09-25 06:00:00,29085.0,28348.9765625,736.0234375,736.0234375,541730.5005493164
2001-09-25 07:00:00,31370.0,31554.33984375,-184.33984375,184.33984375,33981.177993774414
2001-09-25 08:00:00,32018.0,32923.515625,-905.515625,905.515625,819958.5471191406
2001-09-25 09:00:00,32587.0,32699.966796875,-112.966796875,112.966796875,12761.49719619751
2001-09-25 10:00:00,33007.0,33221.3515625,-214.3515625,214.3515625,45946.592346191406
2001-09-25 11:00:00,33279.0,33018.3515625,260.6484375,260.6484375,67937.6079711914
2001-09-25 12:00:00,33152.0,33186.46875,-34.46875,34.46875,1188.0947265625
2001-09-25 13:00:00,33534.0,33438.953125,95.046875,95.046875,9033.908447265625
2001-09-25 14:00:00,33317.0,33751.26953125,-434.26953125,434.26953125,188590.02577209473
2001-09-25 15:00:00,32513.0,33426.71875,-913.71875,913.71875,834881.9541015625
2001-09-25 16:00:00,32295.0,32559.646484375,-264.646484375,264.646484375,70037.76169204712
2001-09-25 17:00:00,31941.0,32479.65234375,-538.65234375,538.65234375,290146.34742736816
2001-09-25 18:00:00,31258.0,31413.943359375,-155.943359375,155.943359375,24318.3313331604
2001-09-25 19:00:00,32359.0,30918.470703125,1440.529296875,1440.529296875,2075124.655155182
2001-09-25 20:00:00,31724.0,32886.1328125,-1162.1328125,1162.1328125,1350552.6738891602
2001-09-25 21:00:00,29751.0,30331.708984375,-580.708984375,580.708984375,337222.924533844
2001-09-25 22:00:00,27134.0,27470.099609375,-336.099609375,336.099609375,112962.94742202759
2001-09-25 23:00:00,24195.0,24765.50390625,-570.50390625,570.50390625,325474.7070465088
2001-09-26 00:00:00,22414.0,23099.51953125,-685.51953125,685.51953125,469937.0277252197
2001-09-26 01:00:00,21452.0,21472.283203125,-20.283203125,20.283203125,411.40832901000977
2001-09-26 02:00:00,20857.0,20876.705078125,-19.705078125,19.705078125,388.2901039123535
2001-09-26 03:00:00,20647.0,20773.291015625,-126.291015625,126.291015625,15949.420627593994
2001-09-26 04:00:00,21109.0,21000.517578125,108.482421875,108.482421875,11768.435855865479
2001-09-26 05:00:00,22833.0,22501.291015625,331.708984375,331.708984375,110030.850315094
2001-09-26 06:00:00,26790.0,26060.33984375,729.66015625,729.66015625,532403.9436187744
2001-09-26 07:00:00,28733.0,28830.126953125,-97.126953125,97.126953125,9433.645023345947
2001-09-26 08:00:00,29301.0,29904.625,-603.625,603.625,364363.140625
2001-09-26 09:00:00,30280.0,30042.779296875,237.220703125,237.220703125,56273.661991119385
2001-09-26 10:00:00,30323.0,30856.958984375,-533.958984375,533.958984375,285112.1969947815
2001-09-26 11:00:00,30579.0,30373.51171875,205.48828125,205.48828125,42225.4337310791
2001-09-26 12:00:00,30557.0,30645.583984375,-88.583984375,88.583984375,7847.122287750244
2001-09-26 13:00:00,30499.0,30632.818359375,-133.818359375,133.818359375,17907.35330581665
2001-09-26 14:00:00,30423.0,30246.001953125,176.998046875,176.998046875,31328.308597564697
2001-09-26 15:00:00,30279.0,30484.8828125,-205.8828125,205.8828125,42387.732482910156
2001-09-26 16:00:00,30236.0,30470.52734375,-234.52734375,234.52734375,55003.074966430664
2001-09-26 17:00:00,29983.0,30420.095703125,-437.095703125,437.095703125,191052.65369033813
2001-09-26 18:00:00,29913.0,30448.8046875,-535.8046875,535.8046875,287086.66314697266
2001-09-26 19:00:00,31423.0,30915.1953125,507.8046875,507.8046875,257865.60064697266
2001-09-26 20:00:00,30870.0,31442.291015625,-572.291015625,572.291015625,327517.006565094
2001-09-26 21:00:00,29241.0,29760.49609375,-519.49609375,519.49609375,269876.1914215088
2001-09-26 22:00:00,26567.0,27055.33203125,-488.33203125,488.33203125,238468.17274475098
2001-09-26 23:00:00,24201.0,23993.96484375,207.03515625,207.03515625,42863.555923461914
2001-09-27 00:00:00,22382.0,22344.67578125,37.32421875,37.32421875,1393.0973052978516
2001-09-27 01:00:00,21407.0,21477.94921875,-70.94921875,70.94921875,5033.791641235352
2001-09-27 02:00:00,20786.0,21030.830078125,-244.830078125,244.830078125,59941.7671546936
2001-09-27 03:00:00,20761.0,20761.73828125,-0.73828125,0.73828125,0.5450592041015625
2001-09-27 04:00:00,21107.0,21092.8125,14.1875,14.1875,201.28515625
2001-09-27 05:00:00,22721.0,22660.80078125,60.19921875,60.19921875,3623.9459381103516
2001-09-27 06:00:00,26225.0,26476.40234375,-251.40234375,251.40234375,63203.138442993164
2001-09-27 07:00:00,28172.0,28909.078125,-737.078125,737.078125,543284.1623535156
2001-09-27 08:00:00,29125.0,29277.34765625,-152.34765625,152.34765625,23209.808364868164
2001-09-27 09:00:00,29897.0,29712.61328125,184.38671875,184.38671875,33998.4620513916
2001-09-27 10:00:00,30467.0,30496.69140625,-29.69140625,29.69140625,881.5796051025391
2001-09-27 11:00:00,30750.0,30691.232421875,58.767578125,58.767578125,3453.6282386779785
2001-09-27 12:00:00,30660.0,30777.20703125,-117.20703125,117.20703125,13737.488174438477
2001-09-27 13:00:00,30807.0,30670.546875,136.453125,136.453125,18619.455322265625
2001-09-27 14:00:00,30330.0,30663.12890625,-333.12890625,333.12890625,110974.86817932129
2001-09-27 15:00:00,30096.0,30090.595703125,5.404296875,5.404296875,29.206424713134766
2001-09-27 16:00:00,29910.0,30059.41796875,-149.41796875,149.41796875,22325.729385375977
2001-09-27 17:00:00,29742.0,29578.431640625,163.568359375,163.568359375,26754.60818862915
2001-09-27 18:00:00,30127.0,29885.046875,241.953125,241.953125,58541.314697265625
2001-09-27 19:00:00,31610.0,30788.544921875,821.455078125,821.455078125,674788.4453773499
2001-09-27 20:00:00,30901.0,31565.603515625,-664.603515625,664.603515625,441697.8329811096
2001-09-27 21:00:00,29206.0,29484.33984375,-278.33984375,278.33984375,77473.06861877441
2001-09-27 22:00:00,26567.0,26397.1875,169.8125,169.8125,28836.28515625
2001-09-27 23:00:00,24032.0,23983.24609375,48.75390625,48.75390625,2376.943374633789
2001-09-28 00:00:00,22301.0,22170.052734375,130.947265625,130.947265625,17147.186374664307
2001-09-28 01:00:00,21362.0,21400.00390625,-38.00390625,38.00390625,1444.296890258789
2001-09-28 02:00:00,20814.0,21046.6953125,-232.6953125,232.6953125,54147.108459472656
2001-09-28 03:00:00,20733.0,20827.72265625,-94.72265625,94.72265625,8972.381607055664
2001-09-28 04:00:00,20927.0,21437.75390625,-510.75390625,510.75390625,260869.5527496338
2001-09-28 05:00:00,22895.0,22338.625,556.375,556.375,309553.140625
2001-09-28 06:00:00,26600.0,26570.005859375,29.994140625,29.994140625,899.6484718322754
2001-09-28 07:00:00,28608.0,29063.6171875,-455.6171875,455.6171875,207587.02154541016
2001-09-28 08:00:00,29277.0,29468.705078125,-191.705078125,191.705078125,36750.83697891235
2001-09-28 09:00:00,29912.0,29873.890625,38.109375,38.109375,1452.324462890625
2001-09-28 10:00:00,30445.0,30376.0234375,68.9765625,68.9765625,4757.766174316406
2001-09-28 11:00:00,30516.0,30777.908203125,-261.908203125,261.908203125,68595.90686416626
2001-09-28 12:00:00,30231.0,30550.23828125,-319.23828125,319.23828125,101913.0802154541
2001-09-28 13:00:00,30194.0,30153.431640625,40.568359375,40.568359375,1645.7917823791504
2001-09-28 14:00:00,29950.0,30004.255859375,-54.255859375,54.255859375,2943.6982765197754
2001-09-28 15:00:00,29497.0,29711.904296875,-214.904296875,214.904296875,46183.856815338135
2001-09-28 16:00:00,29292.0,29415.0,-123.0,123.0,15129.0
2001-09-28 17:00:00,28911.0,29083.9609375,-172.9609375,172.9609375,29915.485900878906
2001-09-28 18:00:00,28961.0,29068.3359375,-107.3359375,107.3359375,11521.003479003906
2001-09-28 19:00:00,30039.0,29524.31640625,514.68359375,514.68359375,264899.20167541504
2001-09-28 20:00:00,29551.0,30064.75390625,-513.75390625,513.75390625,263943.0761871338
2001-09-28 21:00:00,28070.0,28002.6953125,67.3046875,67.3046875,4529.920959472656
2001-09-28 22:00:00,26114.0,25981.376953125,132.623046875,132.623046875,17588.872562408447
2001-09-28 23:00:00,23945.0,23862.806640625,82.193359375,82.193359375,6755.7483253479
2001-09-29 00:00:00,22154.0,21983.181640625,170.818359375,170.818359375,29178.91189956665
2001-09-29 01:00:00,21015.0,21122.224609375,-107.224609375,107.224609375,11497.116855621338
2001-09-29 02:00:00,20288.0,20519.140625,-231.140625,231.140625,53425.988525390625
2001-09-29 03:00:00,19975.0,20165.28125,-190.28125,190.28125,36206.9541015625
2001-09-29 04:00:00,19992.0,20221.421875,-229.421875,229.421875,52634.396728515625
2001-09-29 05:00:00,20588.0,21030.580078125,-442.580078125,442.580078125,195877.1255531311
2001-09-29 06:00:00,21727.0,22096.40234375,-369.40234375,369.40234375,136458.09156799316
2001-09-29 07:00:00,22869.0,23255.552734375,-386.552734375,386.552734375,149423.0164527893
2001-09-29 08:00:00,24828.0,24932.751953125,-104.751953125,104.751953125,10972.971683502197
2001-09-29 09:00:00,26189.0,26235.017578125,-46.017578125,46.017578125,2117.6174964904785
2001-09-29 10:00:00,26845.0,26873.712890625,-28.712890625,28.712890625,824.4300880432129
2001-09-29 11:00:00,26715.0,26984.7890625,-269.7890625,269.7890625,72786.1382446289
2001-09-29 12:00:00,26305.0,26335.24609375,-30.24609375,30.24609375,914.8261871337891
2001-09-29 13:00:00,25887.0,25765.205078125,121.794921875,121.794921875,14834.002994537354
2001-09-29 14:00:00,25391.0,25528.26171875,-137.26171875,137.26171875,18840.7794342041
2001-09-29 15:00:00,25080.0,25033.470703125,46.529296875,46.529296875,2164.9754676818848
2001-09-29 16:00:00,25117.0,25193.9609375,-76.9609375,76.9609375,5922.985900878906
2001-09-29 17:00:00,25182.0,25274.998046875,-92.998046875,92.998046875,8648.636722564697
2001-09-29 18:00:00,25692.0,25599.201171875,92.798828125,92.798828125,8611.622501373291
2001-09-29 19:00:00,27250.0,26570.298828125,679.701171875,679.701171875,461993.6830482483
2001-09-29 20:00:00,26982.0,27414.33984375,-432.33984375,432.33984375,186917.7404937744
2001-09-29 21:00:00,25956.0,25791.71875,164.28125,164.28125,26988.3291015625
2001-09-29 22:00:00,24609.0,24260.072265625,348.927734375,348.927734375,121750.56381607056
2001-09-29 23:00:00,22841.0,22771.015625,69.984375,69.984375,4897.812744140625
2001-09-30 00:00:00,21091.0,21257.236328125,-166.236328125,166.236328125,27634.516788482666
2001-09-30 01:00:00,20137.0,20115.564453125,21.435546875,21.435546875,459.48266983032227
2001-09-30 02:00:00,19497.0,19618.58203125,-121.58203125,121.58203125,14782.190322875977
2001-09-30 03:00:00,19238.0,19363.326171875,-125.326171875,125.326171875,15706.649356842041
2001-09-30 04:00:00,19188.0,19308.20703125,-120.20703125,120.20703125,14449.730361938477
2001-09-30 05:00:00,19491.0,19462.8828125,28.1171875,28.1171875,790.5762329101562
2001-09-30 06:00:00,20166.0,20164.94140625,1.05859375,1.05859375,1.1206207275390625
2001-09-30 07:00:00,21036.0,20921.525390625,114.474609375,114.474609375,13104.436191558838
2001-09-30 08:00:00,22876.0,22487.17578125,388.82421875,388.82421875,151184.27308654785
2001-09-30 09:00:00,24337.0,24250.892578125,86.107421875,86.107421875,7414.4881019592285
2001-09-30 10:00:00,24924.0,25074.875,-150.875,150.875,22763.265625
2001-09-30 11:00:00,25150.0,25358.94140625,-208.94140625,208.94140625,43656.51124572754
2001-09-30 12:00:00,24913.0,25174.30859375,-261.30859375,261.30859375,68282.18116760254
2001-09-30 13:00:00,24755.0,24814.54296875,-59.54296875,59.54296875,3545.3651275634766
2001-09-30 14:00:00,24884.0,24292.703125,591.296875,591.296875,349631.9943847656
2001-09-30 15:00:00,24936.0,24445.380859375,490.619140625,490.619140625,240707.14114761353
2001-09-30 16:00:00,25316.0,25265.787109375,50.212890625,50.212890625,2521.334384918213
2001-09-30 17:00:00,25934.0,26058.544921875,-124.544921875,124.544921875,15511.437564849854
2001-09-30 18:00:00,26888.0,26733.599609375,154.400390625,154.400390625,23839.480625152588
2001-09-30 19:00:00,28295.0,27567.927734375,727.072265625,727.072265625,528634.0794410706
2001-09-30 20:00:00,28159.0,28642.853515625,-483.853515625,483.853515625,234114.22458267212
2001-09-30 21:00:00,26859.0,26926.404296875,-67.404296875,67.404296875,4543.339237213135
2001-09-30 22:00:00,24941.0,24843.255859375,97.744140625,97.744140625,9553.917026519775
2001-09-30 23:00:00,22827.0,23027.259765625,-200.259765625,200.259765625,40103.97372817993
2001-10-01 00:00:00,21478.0,21410.0546875,67.9453125,67.9453125,4616.565490722656
2001-10-01 01:00:00,20543.0,20653.69140625,-110.69140625,110.69140625,12252.587417602539
2001-10-01 02:00:00,20205.0,20174.548828125,30.451171875,30.451171875,927.273868560791
2001-10-01 03:00:00,20163.0,20231.572265625,-68.572265625,68.572265625,4702.155612945557
2001-10-01 04:00:00,20709.0,20749.03515625,-40.03515625,40.03515625,1602.813735961914
2001-10-01 05:00:00,22578.0,22567.765625,10.234375,10.234375,104.742431640625
2001-10-01 06:00:00,26532.0,26514.298828125,17.701171875,17.701171875,313.331485748291
2001-10-01 07:00:00,29016.0,28883.95703125,132.04296875,132.04296875,17435.345596313477
2001-10-01 08:00:00,29812.0,29569.130859375,242.869140625,242.869140625,58985.419467926025
2001-10-01 09:00:00,30368.0,30136.9296875,231.0703125,231.0703125,53393.489318847656
2001-10-01 10:00:00,30753.0,30843.6171875,-90.6171875,90.6171875,8211.474670410156
2001-10-01 11:00:00,30843.0,30816.625,26.375,26.375,695.640625
2001-10-01 12:00:00,30630.0,30782.26171875,-152.26171875,152.26171875,23183.6309967041
2001-10-01 13:00:00,30558.0,30610.439453125,-52.439453125,52.439453125,2749.8962440490723
2001-10-01 14:00:00,30230.0,30437.541015625,-207.541015625,207.541015625,43073.273166656494
2001-10-01 15:00:00,30007.0,30056.21484375,-49.21484375,49.21484375,2422.100845336914
2001-10-01 16:00:00,29963.0,29828.94921875,134.05078125,134.05078125,17969.61195373535
2001-10-01 17:00:00,29996.0,29934.013671875,61.986328125,61.986328125,3842.304874420166
2001-10-01 18:00:00,30180.0,30348.736328125,-168.736328125,168.736328125,28471.948429107666
2001-10-01 19:00:00,31855.0,30964.322265625,890.677734375,890.677734375,793306.826511383
2001-10-01 20:00:00,31334.0,31418.89453125,-84.89453125,84.89453125,7207.081436157227
2001-10-01 21:00:00,29586.0,29616.09765625,-30.09765625,30.09765625,905.8689117431641
2001-10-01 22:00:00,26926.0,26830.6875,95.3125,95.3125,9084.47265625
2001-10-01 23:00:00,24364.0,24324.912109375,39.087890625,39.087890625,1527.863193511963
2001-10-02 00:00:00,22531.0,22458.966796875,72.033203125,72.033203125,5188.78235244751
2001-10-02 01:00:00,21507.0,21495.083984375,11.916015625,11.916015625,141.99142837524414
2001-10-02 02:00:00,21124.0,21111.330078125,12.669921875,12.669921875,160.52692031860352
2001-10-02 03:00:00,20908.0,21052.837890625,-144.837890625,144.837890625,20978.014560699463
2001-10-02 04:00:00,21387.0,21389.33203125,-2.33203125,2.33203125,5.4383697509765625
2001-10-02 05:00:00,23255.0,23380.5546875,-125.5546875,125.5546875,15763.979553222656
2001-10-02 06:00:00,27250.0,27062.576171875,187.423828125,187.423828125,35127.69134902954
2001-10-02 07:00:00,29130.0,29693.005859375,-563.005859375,563.005859375,316975.5976905823
2001-10-02 08:00:00,29697.0,29785.0390625,-88.0390625,88.0390625,7750.876525878906
2001-10-02 09:00:00,30037.0,30150.7109375,-113.7109375,113.7109375,12930.177307128906
2001-10-02 10:00:00,30835.0,30291.775390625,543.224609375,543.224609375,295092.97623062134
2001-10-02 11:00:00,31175.0,30826.05078125,348.94921875,348.94921875,121765.55726623535
2001-10-02 12:00:00,31238.0,31021.15234375,216.84765625,216.84765625,47022.906021118164
2001-10-02 13:00:00,31599.0,31267.642578125,331.357421875,331.357421875,109797.74103164673
2001-10-02 14:00:00,31731.0,31466.0859375,264.9140625,264.9140625,70179.4605102539
2001-10-02 15:00:00,31537.0,31560.3828125,-23.3828125,23.3828125,546.7559204101562
2001-10-02 16:00:00,31483.0,31325.150390625,157.849609375,157.849609375,24916.499179840088
2001-10-02 17:00:00,31198.0,31448.357421875,-250.357421875,250.357421875,62678.83868789673
2001-10-02 18:00:00,31079.0,31278.796875,-199.796875,199.796875,39918.791259765625
2001-10-02 19:00:00,32559.0,31025.333984375,1533.666015625,1533.666015625,2352131.4474830627
2001-10-02 20:00:00,31943.0,32536.466796875,-593.466796875,593.466796875,352202.8389930725
2001-10-02 21:00:00,30100.0,30507.49609375,-407.49609375,407.49609375,166053.0664215088
2001-10-02 22:00:00,27145.0,27564.814453125,-419.814453125,419.814453125,176244.17505264282
2001-10-02 23:00:00,24521.0,24678.658203125,-157.658203125,157.658203125,24856.10901260376
2001-10-03 00:00:00,22634.0,22788.16015625,-154.16015625,154.16015625,23765.353775024414
2001-10-03 01:00:00,21663.0,21886.267578125,-223.267578125,223.267578125,49848.41144180298
2001-10-03 02:00:00,21134.0,21182.60546875,-48.60546875,48.60546875,2362.4915924072266
2001-10-03 03:00:00,20854.0,21050.435546875,-196.435546875,196.435546875,38586.92407608032
2001-10-03 04:00:00,21146.0,21389.619140625,-243.619140625,243.619140625,59350.285678863525
2001-10-03 05:00:00,22987.0,22925.216796875,61.783203125,61.783203125,3817.1641883850098
2001-10-03 06:00:00,26883.0,26316.412109375,566.587890625,566.587890625,321021.83780288696
2001-10-03 07:00:00,28985.0,29630.57421875,-645.57421875,645.57421875,416766.07191467285
2001-10-03 08:00:00,29749.0,29670.431640625,78.568359375,78.568359375,6172.98709487915
2001-10-03 09:00:00,30439.0,30421.13671875,17.86328125,17.86328125,319.09681701660156
2001-10-03 10:00:00,31482.0,31029.95703125,452.04296875,452.04296875,204342.84559631348
2001-10-03 11:00:00,32389.0,32054.755859375,334.244140625,334.244140625,111719.14554214478
2001-10-03 12:00:00,32759.0,32699.072265625,59.927734375,59.927734375,3591.3333473205566
2001-10-03 13:00:00,33339.0,33144.7421875,194.2578125,194.2578125,37736.097717285156
2001-10-03 14:00:00,33490.0,33690.9765625,-200.9765625,200.9765625,40391.578674316406
2001-10-03 15:00:00,33537.0,33309.84765625,227.15234375,227.15234375,51598.187271118164
2001-10-03 16:00:00,33451.0,33332.2890625,118.7109375,118.7109375,14092.286682128906
2001-10-03 17:00:00,32921.0,32819.7109375,101.2890625,101.2890625,10259.474182128906
2001-10-03 18:00:00,32446.0,32559.15234375,-113.15234375,113.15234375,12803.452896118164
2001-10-03 19:00:00,34004.0,32654.408203125,1349.591796875,1349.591796875,1821398.0181922913
2001-10-03 20:00:00,33262.0,34511.9921875,-1249.9921875,1249.9921875,1562480.4688110352
2001-10-03 21:00:00,31263.0,31736.57421875,-473.57421875,473.57421875,224272.54066467285
2001-10-03 22:00:00,28369.0,28732.392578125,-363.392578125,363.392578125,132054.16583633423
2001-10-03 23:00:00,25512.0,25677.658203125,-165.658203125,165.658203125,27442.64026260376
2001-10-04 00:00:00,23518.0,23574.23046875,-56.23046875,56.23046875,3161.8656158447266
2001-10-04 01:00:00,22258.0,22452.087890625,-194.087890625,194.087890625,37670.10928726196
2001-10-04 02:00:00,21679.0,21679.009765625,-0.009765625,0.009765625,9.5367431640625e-05
2001-10-04 03:00:00,21448.0,21383.46484375,64.53515625,64.53515625,4164.786392211914
2001-10-04 04:00:00,21701.0,21540.982421875,160.017578125,160.017578125,25605.62530899048
2001-10-04 05:00:00,23513.0,23153.35546875,359.64453125,359.64453125,129344.18885803223
2001-10-04 06:00:00,27353.0,27178.33984375,174.66015625,174.66015625,30506.170181274414
2001-10-04 07:00:00,29389.0,30167.974609375,-778.974609375,778.974609375,606801.4420509338
2001-10-04 08:00:00,30133.0,30561.55078125,-428.55078125,428.55078125,183655.77210998535
2001-10-04 09:00:00,31331.0,31013.916015625,317.083984375,317.083984375,100542.25314712524
2001-10-04 10:00:00,32637.0,32196.193359375,440.806640625,440.806640625,194310.4944190979
2001-10-04 11:00:00,33541.0,33219.875,321.125,321.125,103121.265625
2001-10-04 12:00:00,33694.0,34194.6328125,-500.6328125,500.6328125,250633.21295166016
2001-10-04 13:00:00,34171.0,34363.6171875,-192.6171875,192.6171875,37101.380920410156
2001-10-04 14:00:00,34123.0,34664.23046875,-541.23046875,541.23046875,292930.4203033447
2001-10-04 15:00:00,34133.0,34170.984375,-37.984375,37.984375,1442.812744140625
2001-10-04 16:00:00,34023.0,33928.21484375,94.78515625,94.78515625,8984.225845336914
2001-10-04 17:00:00,33367.0,33662.234375,-295.234375,295.234375,87163.33618164062
2001-10-04 18:00:00,32867.0,32788.21484375,78.78515625,78.78515625,6207.100845336914
2001-10-04 19:00:00,34055.0,32945.98046875,1109.01953125,1109.01953125,1229924.3206939697
2001-10-04 20:00:00,33177.0,34569.6640625,-1392.6640625,1392.6640625,1939513.190979004
2001-10-04 21:00:00,31094.0,31827.47265625,-733.47265625,733.47265625,537982.1374664307
2001-10-04 22:00:00,28224.0,28568.734375,-344.734375,344.734375,118841.78930664062
2001-10-04 23:00:00,25291.0,25654.501953125,-363.501953125,363.501953125,132133.6699256897
2001-10-05 00:00:00,23327.0,23569.603515625,-242.603515625,242.603515625,58856.46579360962
2001-10-05 01:00:00,22028.0,22440.423828125,-412.423828125,412.423828125,170093.41400527954
2001-10-05 02:00:00,21551.0,21325.849609375,225.150390625,225.150390625,50692.69839859009
2001-10-05 03:00:00,21234.0,21127.798828125,106.201171875,106.201171875,11278.688907623291
2001-10-05 04:00:00,21299.0,21465.34765625,-166.34765625,166.34765625,27671.542739868164
2001-10-05 05:00:00,23030.0,22636.26171875,393.73828125,393.73828125,155029.8341217041
2001-10-05 06:00:00,26755.0,26330.404296875,424.595703125,424.595703125,180281.51111221313
2001-10-05 07:00:00,28728.0,29529.798828125,-801.798828125,801.798828125,642881.3607826233
2001-10-05 08:00:00,29675.0,30222.06640625,-547.06640625,547.06640625,299281.65284729004
2001-10-05 09:00:00,30624.0,30925.740234375,-301.740234375,301.740234375,91047.16904067993
2001-10-05 10:00:00,31865.0,31376.8828125,488.1171875,488.1171875,238258.38873291016
2001-10-05 11:00:00,32649.0,32290.4765625,358.5234375,358.5234375,128539.0552368164
2001-10-05 12:00:00,32834.0,33152.38671875,-318.38671875,318.38671875,101370.1026763916
2001-10-05 13:00:00,33275.0,33109.453125,165.546875,165.546875,27405.767822265625
2001-10-05 14:00:00,33400.0,33471.23828125,-71.23828125,71.23828125,5074.892715454102
2001-10-05 15:00:00,33313.0,33579.03515625,-266.03515625,266.03515625,70774.70436096191
2001-10-05 16:00:00,33034.0,33031.52734375,2.47265625,2.47265625,6.1140289306640625
2001-10-05 17:00:00,32097.0,32621.408203125,-524.408203125,524.408203125,275003.96350479126
2001-10-05 18:00:00,31493.0,31427.21875,65.78125,65.78125,4327.1728515625
2001-10-05 19:00:00,32341.0,31269.365234375,1071.634765625,1071.634765625,1148401.0708961487
2001-10-05 20:00:00,31298.0,32653.8046875,-1355.8046875,1355.8046875,1838206.3506469727
2001-10-05 21:00:00,29861.0,29955.9609375,-94.9609375,94.9609375,9017.579650878906
2001-10-05 22:00:00,27562.0,27190.45703125,371.54296875,371.54296875,138044.17762756348
2001-10-05 23:00:00,25221.0,24876.255859375,344.744140625,344.744140625,118848.52249526978
2001-10-06 00:00:00,23372.0,23549.6796875,-177.6796875,177.6796875,31570.071350097656
2001-10-06 01:00:00,22183.0,22388.3671875,-205.3671875,205.3671875,42175.681701660156
2001-10-06 02:00:00,21396.0,21632.341796875,-236.341796875,236.341796875,55857.44495010376
2001-10-06 03:00:00,21013.0,21141.890625,-128.890625,128.890625,16612.793212890625
2001-10-06 04:00:00,20936.0,21242.904296875,-306.904296875,306.904296875,94190.24744033813
2001-10-06 05:00:00,21541.0,21883.68359375,-342.68359375,342.68359375,117432.04542541504
2001-10-06 06:00:00,22656.0,23348.83203125,-692.83203125,692.83203125,480016.223526001
2001-10-06 07:00:00,24052.0,24906.0078125,-854.0078125,854.0078125,729329.3438110352
2001-10-06 08:00:00,26039.0,26079.193359375,-40.193359375,40.193359375,1615.5061378479004
2001-10-06 09:00:00,27510.0,27970.45703125,-460.45703125,460.45703125,212020.67762756348
2001-10-06 10:00:00,27889.0,28256.33984375,-367.33984375,367.33984375,134938.5608062744
2001-10-06 11:00:00,27458.0,28215.330078125,-757.330078125,757.330078125,573548.8472328186
2001-10-06 12:00:00,26824.0,26955.71484375,-131.71484375,131.71484375,17348.800064086914
2001-10-06 13:00:00,26170.0,26484.296875,-314.296875,314.296875,98782.52563476562
2001-10-06 14:00:00,25582.0,25809.984375,-227.984375,227.984375,51976.875244140625
2001-10-06 15:00:00,25264.0,25439.77734375,-175.77734375,175.77734375,30897.674575805664
2001-10-06 16:00:00,25272.0,25723.9140625,-451.9140625,451.9140625,204226.3198852539
2001-10-06 17:00:00,25161.0,25961.7890625,-800.7890625,800.7890625,641263.1226196289
2001-10-06 18:00:00,25724.0,26314.212890625,-590.212890625,590.212890625,348351.2562599182
2001-10-06 19:00:00,27207.0,26272.76171875,934.23828125,934.23828125,872801.1661529541
2001-10-06 20:00:00,26870.0,27847.685546875,-977.685546875,977.685546875,955869.0285682678
2001-10-06 21:00:00,25839.0,25921.95703125,-82.95703125,82.95703125,6881.869033813477
2001-10-06 22:00:00,24484.0,24584.11328125,-100.11328125,100.11328125,10022.669082641602
2001-10-06 23:00:00,22756.0,23122.9296875,-366.9296875,366.9296875,134637.39556884766
2001-10-07 00:00:00,21361.0,21141.23046875,219.76953125,219.76953125,48298.64686584473
2001-10-07 01:00:00,20248.0,20329.072265625,-81.072265625,81.072265625,6572.712253570557
2001-10-07 02:00:00,19612.0,19844.013671875,-232.013671875,232.013671875,53830.343936920166
2001-10-07 03:00:00,19309.0,19217.98046875,91.01953125,91.01953125,8284.555068969727
2001-10-07 04:00:00,19299.0,19358.9765625,-59.9765625,59.9765625,3597.1880493164062
2001-10-07 05:00:00,19708.0,19476.296875,231.703125,231.703125,53686.338134765625
2001-10-07 06:00:00,20598.0,20366.546875,231.453125,231.453125,53570.549072265625
2001-10-07 07:00:00,21487.0,21672.9609375,-185.9609375,185.9609375,34581.470275878906
2001-10-07 08:00:00,23176.0,23356.765625,-180.765625,180.765625,32676.211181640625
2001-10-07 09:00:00,24339.0,24646.630859375,-307.630859375,307.630859375,94636.74563980103
2001-10-07 10:00:00,24832.0,24927.44140625,-95.44140625,95.44140625,9109.062026977539
2001-10-07 11:00:00,24898.0,24943.45703125,-45.45703125,45.45703125,2066.3416900634766
2001-10-07 12:00:00,24713.0,24502.392578125,210.607421875,210.607421875,44355.48614883423
2001-10-07 13:00:00,24456.0,24231.474609375,224.525390625,224.525390625,50411.65103530884
2001-10-07 14:00:00,24154.0,24072.939453125,81.060546875,81.060546875,6570.812259674072
2001-10-07 15:00:00,24071.0,24008.6015625,62.3984375,62.3984375,3893.5650024414062
2001-10-07 16:00:00,24425.0,24246.705078125,178.294921875,178.294921875,31789.079166412354
2001-10-07 17:00:00,25016.0,25003.775390625,12.224609375,12.224609375,149.4410743713379
2001-10-07 18:00:00,26063.0,26095.962890625,-32.962890625,32.962890625,1086.552158355713
2001-10-07 19:00:00,28118.0,26875.775390625,1242.224609375,1242.224609375,1543121.9801368713
2001-10-07 20:00:00,28015.0,28400.533203125,-385.533203125,385.533203125,148635.8507118225
2001-10-07 21:00:00,26918.0,26591.6171875,326.3828125,326.3828125,106525.74029541016
2001-10-07 22:00:00,25348.0,24975.056640625,372.943359375,372.943359375,139086.7493019104
2001-10-07 23:00:00,23631.0,23564.4921875,66.5078125,66.5078125,4423.289123535156
2001-10-08 00:00:00,22242.0,21930.88671875,311.11328125,311.11328125,96791.4737701416
2001-10-08 01:00:00,21466.0,21124.47265625,341.52734375,341.52734375,116640.92652893066
2001-10-08 02:00:00,21242.0,20829.404296875,412.595703125,412.595703125,170235.21423721313
2001-10-08 03:00:00,21299.0,21000.728515625,298.271484375,298.271484375,88965.87839126587
2001-10-08 04:00:00,21881.0,21532.15625,348.84375,348.84375,121691.9619140625
2001-10-08 05:00:00,23620.0,24016.58984375,-396.58984375,396.58984375,157283.5041656494
2001-10-08 06:00:00,27193.0,26845.873046875,347.126953125,347.126953125,120497.12158584595
2001-10-08 07:00:00,29376.0,29560.779296875,-184.779296875,184.779296875,34143.388553619385
2001-10-08 08:00:00,30277.0,29891.01953125,385.98046875,385.98046875,148980.92225646973
2001-10-08 09:00:00,30711.0,30619.5703125,91.4296875,91.4296875,8359.387756347656
2001-10-08 10:00:00,30954.0,30729.455078125,224.544921875,224.544921875,50420.42193984985
2001-10-08 11:00:00,30688.0,30836.005859375,-148.005859375,148.005859375,21905.734409332275
2001-10-08 12:00:00,30177.0,30361.125,-184.125,184.125,33902.015625
2001-10-08 13:00:00,29800.0,29986.724609375,-186.724609375,186.724609375,34866.07974624634
2001-10-08 14:00:00,29428.0,29472.845703125,-44.845703125,44.845703125,2011.1370887756348
2001-10-08 15:00:00,28995.0,29210.013671875,-215.013671875,215.013671875,46230.879093170166
2001-10-08 16:00:00,29013.0,29070.728515625,-57.728515625,57.728515625,3332.581516265869
2001-10-08 17:00:00,29211.0,29397.650390625,-186.650390625,186.650390625,34838.36832046509
2001-10-08 18:00:00,30284.0,30178.310546875,105.689453125,105.689453125,11170.260501861572
2001-10-08 19:00:00,32070.0,31099.359375,970.640625,970.640625,942143.2229003906
2001-10-08 20:00:00,31600.0,31288.35546875,311.64453125,311.64453125,97122.31385803223
2001-10-08 21:00:00,30188.0,29558.802734375,629.197265625,629.197265625,395889.1990699768
2001-10-08 22:00:00,27764.0,27899.90234375,-135.90234375,135.90234375,18469.447036743164
2001-10-08 23:00:00,25600.0,25450.857421875,149.142578125,149.142578125,22243.50860977173
2001-10-09 00:00:00,23991.0,23727.494140625,263.505859375,263.505859375,69435.33792495728
2001-10-09 01:00:00,23267.0,22870.3046875,396.6953125,396.6953125,157367.17095947266
2001-10-09 02:00:00,22992.0,22336.4375,655.5625,655.5625,429762.19140625
2001-10-09 03:00:00,23084.0,22748.326171875,335.673828125,335.673828125,112676.91888809204
2001-10-09 04:00:00,23671.0,23907.69140625,-236.69140625,236.69140625,56022.82179260254
2001-10-09 05:00:00,25794.0,25303.990234375,490.009765625,490.009765625,240109.57040786743
2001-10-09 06:00:00,29937.0,28921.97265625,1015.02734375,1015.02734375,1030280.5085601807
2001-10-09 07:00:00,31921.0,31566.345703125,354.654296875,354.654296875,125779.67029190063
2001-10-09 08:00:00,31981.0,32366.095703125,-385.095703125,385.095703125,148298.70056533813
2001-10-09 09:00:00,31600.0,32168.416015625,-568.416015625,568.416015625,323096.76681900024
2001-10-09 10:00:00,31365.0,31245.912109375,119.087890625,119.087890625,14181.925693511963
2001-10-09 11:00:00,30944.0,30974.1875,-30.1875,30.1875,911.28515625
2001-10-09 12:00:00,30503.0,30520.099609375,-17.099609375,17.099609375,292.3966407775879
2001-10-09 13:00:00,30342.0,30178.734375,163.265625,163.265625,26655.664306640625
2001-10-09 14:00:00,29905.0,30024.216796875,-119.216796875,119.216796875,14212.64465713501
2001-10-09 15:00:00,29663.0,29702.55859375,-39.55859375,39.55859375,1564.882339477539
2001-10-09 16:00:00,29663.0,29698.78125,-35.78125,35.78125,1280.2978515625
2001-10-09 17:00:00,29772.0,30073.7421875,-301.7421875,301.7421875,91048.34771728516
2001-10-09 18:00:00,30544.0,30388.255859375,155.744140625,155.744140625,24256.237339019775
2001-10-09 19:00:00,32153.0,31195.306640625,957.693359375,957.693359375,917176.5705909729
2001-10-09 20:00:00,31482.0,31674.96484375,-192.96484375,192.96484375,37235.430923461914
2001-10-09 21:00:00,29869.0,30062.84765625,-193.84765625,193.84765625,37576.913833618164
2001-10-09 22:00:00,27275.0,27300.166015625,-25.166015625,25.166015625,633.3283424377441
2001-10-09 23:00:00,25090.0,24760.55859375,329.44140625,329.44140625,108531.64015197754
2001-10-10 00:00:00,23293.0,23262.62109375,30.37890625,30.37890625,922.8779449462891
2001-10-10 01:00:00,22531.0,22281.3203125,249.6796875,249.6796875,62339.946350097656
2001-10-10 02:00:00,22236.0,22095.501953125,140.498046875,140.498046875,19739.701175689697
2001-10-10 03:00:00,22191.0,22276.0859375,-85.0859375,85.0859375,7239.616760253906
2001-10-10 04:00:00,22714.0,23020.4140625,-306.4140625,306.4140625,93889.5776977539
2001-10-10 05:00:00,24690.0,24742.62890625,-52.62890625,52.62890625,2769.801773071289
2001-10-10 06:00:00,28676.0,28149.68359375,526.31640625,526.31640625,277008.95948791504
2001-10-10 07:00:00,30644.0,30585.947265625,58.052734375,58.052734375,3370.1199684143066
2001-10-10 08:00:00,30660.0,31059.48828125,-399.48828125,399.48828125,159590.8868560791
2001-10-10 09:00:00,30511.0,30555.0703125,-44.0703125,44.0703125,1942.1924438476562
2001-10-10 10:00:00,30618.0,30366.201171875,251.798828125,251.798828125,63402.64984512329
2001-10-10 11:00:00,30591.0,30235.501953125,355.498046875,355.498046875,126378.8613319397
2001-10-10 12:00:00,30350.0,30366.087890625,-16.087890625,16.087890625,258.8202247619629
2001-10-10 13:00:00,30467.0,30138.412109375,328.587890625,328.587890625,107970.00186538696
2001-10-10 14:00:00,30304.0,30231.814453125,72.185546875,72.185546875,5210.753177642822
2001-10-10 15:00:00,30089.0,30038.416015625,50.583984375,50.583984375,2558.739475250244
2001-10-10 16:00:00,30080.0,30143.564453125,-63.564453125,63.564453125,4040.4397010803223
2001-10-10 17:00:00,29989.0,30335.603515625,-346.603515625,346.603515625,120133.99704360962
2001-10-10 18:00:00,30747.0,30415.265625,331.734375,331.734375,110047.69555664062
2001-10-10 19:00:00,32189.0,31198.142578125,990.857421875,990.857421875,981798.4304847717
2001-10-10 20:00:00,31447.0,31372.767578125,74.232421875,74.232421875,5510.4524574279785
2001-10-10 21:00:00,29680.0,30213.259765625,-533.259765625,533.259765625,284365.97763442993
2001-10-10 22:00:00,26995.0,27168.244140625,-173.244140625,173.244140625,30013.532260894775
2001-10-10 23:00:00,24662.0,24620.876953125,41.123046875,41.123046875,1691.1049842834473
2001-10-11 00:00:00,22950.0,23012.830078125,-62.830078125,62.830078125,3947.6187171936035
2001-10-11 01:00:00,21872.0,21959.5,-87.5,87.5,7656.25
2001-10-11 02:00:00,21364.0,21447.830078125,-83.830078125,83.830078125,7027.4819984436035
2001-10-11 03:00:00,21201.0,21434.33984375,-233.33984375,233.33984375,54447.482681274414
2001-10-11 04:00:00,21712.0,21690.46875,21.53125,21.53125,463.5947265625
2001-10-11 05:00:00,23558.0,23182.19921875,375.80078125,375.80078125,141226.22718811035
2001-10-11 06:00:00,27389.0,27408.9296875,-19.9296875,19.9296875,397.19244384765625
2001-10-11 07:00:00,29604.0,29913.669921875,-309.669921875,309.669921875,95895.4605140686
2001-10-11 08:00:00,29915.0,30181.216796875,-266.216796875,266.216796875,70871.38293838501
2001-10-11 09:00:00,30311.0,30028.92578125,282.07421875,282.07421875,79565.86488342285
2001-10-11 10:00:00,30983.0,30497.162109375,485.837890625,485.837890625,236038.45596694946
2001-10-11 11:00:00,31208.0,31153.634765625,54.365234375,54.365234375,2955.5787086486816
2001-10-11 12:00:00,31216.0,31155.263671875,60.736328125,60.736328125,3688.901554107666
2001-10-11 13:00:00,31437.0,31120.2265625,316.7734375,316.7734375,100345.4107055664
2001-10-11 14:00:00,31441.0,31450.1640625,-9.1640625,9.1640625,83.98004150390625
2001-10-11 15:00:00,31385.0,31361.767578125,23.232421875,23.232421875,539.7454261779785
2001-10-11 16:00:00,31134.0,31412.1328125,-278.1328125,278.1328125,77357.86138916016
2001-10-11 17:00:00,30898.0,31079.607421875,-181.607421875,181.607421875,32981.25568008423
2001-10-11 18:00:00,31272.0,31132.244140625,139.755859375,139.755859375,19531.700229644775
2001-10-11 19:00:00,32667.0,31922.58203125,744.41796875,744.41796875,554158.112197876
2001-10-11 20:00:00,31765.0,32419.94140625,-654.94140625,654.94140625,428948.24562072754
2001-10-11 21:00:00,30026.0,30345.5625,-319.5625,319.5625,102120.19140625
2001-10-11 22:00:00,27331.0,27115.947265625,215.052734375,215.052734375,46247.67856216431
2001-10-11 23:00:00,24779.0,24811.849609375,-32.849609375,32.849609375,1079.096836090088
2001-10-12 00:00:00,22828.0,22968.732421875,-140.732421875,140.732421875,19805.61456680298
2001-10-12 01:00:00,21601.0,21946.80078125,-345.80078125,345.80078125,119578.18031311035
2001-10-12 02:00:00,21064.0,21088.58984375,-24.58984375,24.58984375,604.6604156494141
2001-10-12 03:00:00,20765.0,20760.453125,4.546875,4.546875,20.674072265625
2001-10-12 04:00:00,21118.0,21279.12109375,-161.12109375,161.12109375,25960.00685119629
2001-10-12 05:00:00,22991.0,22592.380859375,398.619140625,398.619140625,158897.21927261353
2001-10-12 06:00:00,26712.0,26446.724609375,265.275390625,265.275390625,70371.03287124634
2001-10-12 07:00:00,28839.0,29374.189453125,-535.189453125,535.189453125,286427.7507362366
2001-10-12 08:00:00,29426.0,29426.87890625,-0.87890625,0.87890625,0.7724761962890625
2001-10-12 09:00:00,30127.0,29964.837890625,162.162109375,162.162109375,26296.549716949463
2001-10-12 10:00:00,30920.0,30743.201171875,176.798828125,176.798828125,31257.82562637329
2001-10-12 11:00:00,31247.0,31337.26171875,-90.26171875,90.26171875,8147.177871704102
2001-10-12 12:00:00,31617.0,31024.634765625,592.365234375,592.365234375,350896.5708961487
2001-10-12 13:00:00,31740.0,31797.21875,-57.21875,57.21875,3273.9853515625
2001-10-12 14:00:00,31578.0,31662.23828125,-84.23828125,84.23828125,7096.088027954102
2001-10-12 15:00:00,31197.0,31407.81640625,-210.81640625,210.81640625,44443.55714416504
2001-10-12 16:00:00,30760.0,31152.1328125,-392.1328125,392.1328125,153768.14263916016
2001-10-12 17:00:00,30185.0,30498.36328125,-313.36328125,313.36328125,98196.5460357666
2001-10-12 18:00:00,30726.0,30523.419921875,202.580078125,202.580078125,41038.6880531311
2001-10-12 19:00:00,31232.0,31472.31640625,-240.31640625,240.31640625,57751.97511291504
2001-10-12 20:00:00,30180.0,31523.29296875,-1343.29296875,1343.29296875,1804435.9998931885
2001-10-12 21:00:00,28735.0,28391.974609375,343.025390625,343.025390625,117666.41861343384
2001-10-12 22:00:00,26578.0,26660.8046875,-82.8046875,82.8046875,6856.616271972656
2001-10-12 23:00:00,24492.0,23962.169921875,529.830078125,529.830078125,280719.9116859436
2001-10-13 00:00:00,22403.0,22529.15625,-126.15625,126.15625,15915.3994140625
2001-10-13 01:00:00,21236.0,21453.12890625,-217.12890625,217.12890625,47144.96192932129
2001-10-13 02:00:00,20547.0,20792.291015625,-245.291015625,245.291015625,60167.682346343994
2001-10-13 03:00:00,20038.0,20341.587890625,-303.587890625,303.587890625,92165.60733413696
2001-10-13 04:00:00,20036.0,20246.052734375,-210.052734375,210.052734375,44122.15121841431
2001-10-13 05:00:00,20508.0,20882.921875,-374.921875,374.921875,140566.41235351562
2001-10-13 06:00:00,21665.0,21788.6640625,-123.6640625,123.6640625,15292.800354003906
2001-10-13 07:00:00,22829.0,23274.349609375,-445.349609375,445.349609375,198336.2745704651
2001-10-13 08:00:00,24714.0,25088.748046875,-374.748046875,374.748046875,140436.0986366272
2001-10-13 09:00:00,26359.0,26575.197265625,-216.197265625,216.197265625,46741.25766372681
2001-10-13 10:00:00,27308.0,27295.876953125,12.123046875,12.123046875,146.96826553344727
2001-10-13 11:00:00,27670.0,27744.236328125,-74.236328125,74.236328125,5511.032413482666
2001-10-13 12:00:00,27718.0,27848.154296875,-130.154296875,130.154296875,16940.140995025635
2001-10-13 13:00:00,27773.0,27384.814453125,388.185546875,388.185546875,150688.01880264282
2001-10-13 14:00:00,27514.0,27632.1796875,-118.1796875,118.1796875,13966.438537597656
2001-10-13 15:00:00,27337.0,27344.369140625,-7.369140625,7.369140625,54.30423355102539
2001-10-13 16:00:00,27229.0,27738.962890625,-509.962890625,509.962890625,260062.1498146057
2001-10-13 17:00:00,27279.0,27641.953125,-362.953125,362.953125,131734.97094726562
2001-10-13 18:00:00,28157.0,28037.359375,119.640625,119.640625,14313.879150390625
2001-10-13 19:00:00,29175.0,28939.447265625,235.552734375,235.552734375,55485.09067153931
2001-10-13 20:00:00,28382.0,29032.7578125,-650.7578125,650.7578125,423485.73052978516
2001-10-13 21:00:00,27014.0,27065.55078125,-51.55078125,51.55078125,2657.4830474853516
2001-10-13 22:00:00,25282.0,24982.646484375,299.353515625,299.353515625,89612.52731704712
2001-10-13 23:00:00,23545.0,23371.9921875,173.0078125,173.0078125,29931.703186035156
2001-10-14 00:00:00,21796.0,21848.783203125,-52.783203125,52.783203125,2786.0665321350098
2001-10-14 01:00:00,20556.0,20734.72265625,-178.72265625,178.72265625,31941.787857055664
2001-10-14 02:00:00,19859.0,20025.697265625,-166.697265625,166.697265625,27787.978366851807
2001-10-14 03:00:00,19382.0,19712.17578125,-330.17578125,330.17578125,109016.04652404785
2001-10-14 04:00:00,19227.0,19250.15234375,-23.15234375,23.15234375,536.0310211181641
2001-10-14 05:00:00,19610.0,19449.8828125,160.1171875,160.1171875,25637.513732910156
2001-10-14 06:00:00,20256.0,20253.556640625,2.443359375,2.443359375,5.970005035400391
2001-10-14 07:00:00,21131.0,21343.560546875,-212.560546875,212.560546875,45181.98608779907
2001-10-14 08:00:00,22559.0,22595.310546875,-36.310546875,36.310546875,1318.4558143615723
2001-10-14 09:00:00,24200.0,24157.970703125,42.029296875,42.029296875,1766.4617958068848
2001-10-14 10:00:00,25132.0,25218.78125,-86.78125,86.78125,7530.9853515625
2001-10-14 11:00:00,25590.0,25769.97265625,-179.97265625,179.97265625,32390.156997680664
2001-10-14 12:00:00,25871.0,25908.37109375,-37.37109375,37.37109375,1396.598648071289
2001-10-14 13:00:00,25881.0,25822.69140625,58.30859375,58.30859375,3399.892105102539
2001-10-14 14:00:00,25688.0,25734.099609375,-46.099609375,46.099609375,2125.173984527588
2001-10-14 15:00:00,25729.0,25517.501953125,211.498046875,211.498046875,44731.4238319397
2001-10-14 16:00:00,26123.0,26039.703125,83.296875,83.296875,6938.369384765625
2001-10-14 17:00:00,26800.0,26740.865234375,59.134765625,59.134765625,3496.9205055236816
2001-10-14 18:00:00,28474.0,27266.990234375,1207.009765625,1207.009765625,1456872.5743141174
2001-10-14 19:00:00,29442.0,28457.060546875,984.939453125,984.939453125,970105.7263221741
2001-10-14 20:00:00,28755.0,29280.39453125,-525.39453125,525.39453125,276039.4134674072
2001-10-14 21:00:00,27397.0,27102.857421875,294.142578125,294.142578125,86519.85626602173
2001-10-14 22:00:00,25467.0,25579.828125,-112.828125,112.828125,12730.185791015625
2001-10-14 23:00:00,23303.0,23612.10546875,-309.10546875,309.10546875,95546.19081115723
2001-10-15 00:00:00,21834.0,21822.9140625,11.0859375,11.0859375,122.89801025390625
2001-10-15 01:00:00,20747.0,20879.609375,-132.609375,132.609375,17585.246337890625
2001-10-15 02:00:00,20256.0,20332.859375,-76.859375,76.859375,5907.363525390625
2001-10-15 03:00:00,20106.0,20268.92578125,-162.92578125,162.92578125,26544.81019592285
2001-10-15 04:00:00,20455.0,20355.06640625,99.93359375,99.93359375,9986.723159790039
2001-10-15 05:00:00,22409.0,21936.138671875,472.861328125,472.861328125,223597.83563613892
2001-10-15 06:00:00,26346.0,25054.255859375,1291.744140625,1291.744140625,1668602.9248390198
2001-10-15 07:00:00,28682.0,29341.41015625,-659.41015625,659.41015625,434821.7541656494
2001-10-15 08:00:00,29388.0,30095.869140625,-707.869140625,707.869140625,501078.720249176
2001-10-15 09:00:00,30197.0,29897.9453125,299.0546875,299.0546875,89433.70611572266
2001-10-15 10:00:00,30724.0,31008.91015625,-284.91015625,284.91015625,81173.79713439941
2001-10-15 11:00:00,30907.0,31025.16015625,-118.16015625,118.16015625,13961.822525024414
2001-10-15 12:00:00,30993.0,30733.875,259.125,259.125,67145.765625
2001-10-15 13:00:00,30901.0,31023.87109375,-122.87109375,122.87109375,15097.305679321289
2001-10-15 14:00:00,30849.0,30782.5859375,66.4140625,66.4140625,4410.827697753906
2001-10-15 15:00:00,30644.0,30749.62109375,-105.62109375,105.62109375,11155.815444946289
2001-10-15 16:00:00,30527.0,30791.955078125,-264.955078125,264.955078125,70201.19342422485
2001-10-15 17:00:00,30390.0,30758.2109375,-368.2109375,368.2109375,135579.2944946289
2001-10-15 18:00:00,31081.0,30216.056640625,864.943359375,864.943359375,748127.0149269104
2001-10-15 19:00:00,32262.0,31318.130859375,943.869140625,943.869140625,890888.954624176
2001-10-15 20:00:00,31225.0,31869.501953125,-644.501953125,644.501953125,415382.7675819397
2001-10-15 21:00:00,29394.0,29731.62109375,-337.62109375,337.62109375,113988.00294494629
2001-10-15 22:00:00,26555.0,26620.248046875,-65.248046875,65.248046875,4257.307621002197
2001-10-15 23:00:00,24272.0,23892.919921875,379.080078125,379.080078125,143701.7056312561
2001-10-16 00:00:00,22522.0,22408.201171875,113.798828125,113.798828125,12950.173282623291
2001-10-16 01:00:00,21464.0,21565.642578125,-101.642578125,101.642578125,10331.213687896729
2001-10-16 02:00:00,21049.0,21075.013671875,-26.013671875,26.013671875,676.711124420166
2001-10-16 03:00:00,20901.0,20921.1171875,-20.1171875,20.1171875,404.70123291015625
2001-10-16 04:00:00,21421.0,21563.9609375,-142.9609375,142.9609375,20437.829650878906
2001-10-16 05:00:00,23422.0,23408.47265625,13.52734375,13.52734375,182.98902893066406
2001-10-16 06:00:00,27601.0,27010.134765625,590.865234375,590.865234375,349121.7251930237
2001-10-16 07:00:00,29751.0,29720.98046875,30.01953125,30.01953125,901.1722564697266
2001-10-16 08:00:00,30035.0,30314.056640625,-279.056640625,279.056640625,77872.6086769104
2001-10-16 09:00:00,30165.0,30398.146484375,-233.146484375,233.146484375,54357.28317642212
2001-10-16 10:00:00,30737.0,30399.70703125,337.29296875,337.29296875,113766.54676818848
2001-10-16 11:00:00,30900.0,30831.515625,68.484375,68.484375,4690.109619140625
2001-10-16 12:00:00,30725.0,30752.51171875,-27.51171875,27.51171875,756.8946685791016
2001-10-16 13:00:00,30717.0,30701.01171875,15.98828125,15.98828125,255.62513732910156
2001-10-16 14:00:00,30613.0,30485.22265625,127.77734375,127.77734375,16327.049575805664
2001-10-16 15:00:00,30565.0,30411.796875,153.203125,153.203125,23471.197509765625
2001-10-16 16:00:00,30342.0,30573.126953125,-231.126953125,231.126953125,53419.66846084595
2001-10-16 17:00:00,30729.0,30259.728515625,469.271484375,469.271484375,220215.72604751587
2001-10-16 18:00:00,31848.0,31562.921875,285.078125,285.078125,81269.53735351562
2001-10-16 19:00:00,32357.0,32334.45703125,22.54296875,22.54296875,508.18544006347656
2001-10-16 20:00:00,31319.0,31642.1953125,-323.1953125,323.1953125,104455.21002197266
2001-10-16 21:00:00,29453.0,29438.8203125,14.1796875,14.1796875,201.06353759765625
2001-10-16 22:00:00,26729.0,26738.169921875,-9.169921875,9.169921875,84.08746719360352
2001-10-16 23:00:00,24265.0,24319.939453125,-54.939453125,54.939453125,3018.3435096740723
2001-10-17 00:00:00,22658.0,22412.388671875,245.611328125,245.611328125,60324.924503326416
2001-10-17 01:00:00,21618.0,21802.431640625,-184.431640625,184.431640625,34015.03006362915
2001-10-17 02:00:00,21228.0,21244.1796875,-16.1796875,16.1796875,261.78228759765625
2001-10-17 03:00:00,21146.0,21059.67578125,86.32421875,86.32421875,7451.870742797852
2001-10-17 04:00:00,21764.0,21687.109375,76.890625,76.890625,5912.168212890625
2001-10-17 05:00:00,23626.0,24033.470703125,-407.470703125,407.470703125,166032.37390518188
2001-10-17 06:00:00,27746.0,27619.98828125,126.01171875,126.01171875,15878.953262329102
2001-10-17 07:00:00,30189.0,29997.349609375,191.650390625,191.650390625,36729.87222671509
2001-10-17 08:00:00,30350.0,30723.056640625,-373.056640625,373.056640625,139171.2571144104
2001-10-17 09:00:00,30452.0,30650.88671875,-198.88671875,198.88671875,39555.9268951416
2001-10-17 10:00:00,30691.0,30601.4296875,89.5703125,89.5703125,8022.840881347656
2001-10-17 11:00:00,30505.0,30694.6875,-189.6875,189.6875,35981.34765625
2001-10-17 12:00:00,30335.0,30238.509765625,96.490234375,96.490234375,9310.365329742432
2001-10-17 13:00:00,30114.0,30117.419921875,-3.419921875,3.419921875,11.695865631103516
2001-10-17 14:00:00,29854.0,29883.931640625,-29.931640625,29.931640625,895.9031105041504
2001-10-17 15:00:00,29914.0,29578.53515625,335.46484375,335.46484375,112536.66139221191
2001-10-17 16:00:00,29835.0,30266.638671875,-431.638671875,431.638671875,186311.94305801392
2001-10-17 17:00:00,30102.0,30153.560546875,-51.560546875,51.560546875,2658.4899940490723
2001-10-17 18:00:00,31408.0,31555.248046875,-147.248046875,147.248046875,21681.987308502197
2001-10-17 19:00:00,32405.0,31940.111328125,464.888671875,464.888671875,216121.47723770142
2001-10-17 20:00:00,31584.0,31370.962890625,213.037109375,213.037109375,45384.80997085571
2001-10-17 21:00:00,29962.0,29894.666015625,67.333984375,67.333984375,4533.865451812744
2001-10-17 22:00:00,27801.0,27358.091796875,442.908203125,442.908203125,196167.67639541626
2001-10-17 23:00:00,25351.0,25274.130859375,76.869140625,76.869140625,5908.864780426025
2001-10-18 00:00:00,23558.0,23602.365234375,-44.365234375,44.365234375,1968.2740211486816
2001-10-18 01:00:00,22697.0,22243.537109375,453.462890625,453.462890625,205628.5931739807
2001-10-18 02:00:00,22403.0,22086.701171875,316.298828125,316.298828125,100044.94867324829
2001-10-18 03:00:00,22353.0,22299.8828125,53.1171875,53.1171875,2821.4356079101562
2001-10-18 04:00:00,22947.0,23018.701171875,-71.701171875,71.701171875,5141.058048248291
2001-10-18 05:00:00,24943.0,24984.138671875,-41.138671875,41.138671875,1692.390323638916
2001-10-18 06:00:00,29323.0,28772.6484375,550.3515625,550.3515625,302886.8423461914
2001-10-18 07:00:00,31170.0,31378.388671875,-208.388671875,208.388671875,43425.838565826416
2001-10-18 08:00:00,31356.0,31187.84375,168.15625,168.15625,28276.5244140625
2001-10-18 09:00:00,31237.0,31678.79296875,-441.79296875,441.79296875,195181.02723693848
2001-10-18 10:00:00,30908.0,31249.552734375,-341.552734375,341.552734375,116658.2703590393
2001-10-18 11:00:00,30672.0,30553.2890625,118.7109375,118.7109375,14092.286682128906
2001-10-18 12:00:00,30511.0,30281.787109375,229.212890625,229.212890625,52538.54922866821
2001-10-18 13:00:00,30302.0,30225.53515625,76.46484375,76.46484375,5846.872329711914
2001-10-18 14:00:00,29952.0,29980.30859375,-28.30859375,28.30859375,801.3764801025391
2001-10-18 15:00:00,29434.0,29749.275390625,-315.275390625,315.275390625,99398.57193374634
2001-10-18 16:00:00,29506.0,29430.28125,75.71875,75.71875,5733.3291015625
2001-10-18 17:00:00,29722.0,30034.666015625,-312.666015625,312.666015625,97760.03732681274
2001-10-18 18:00:00,31075.0,31115.177734375,-40.177734375,40.177734375,1614.2503395080566
2001-10-18 19:00:00,32384.0,31294.640625,1089.359375,1089.359375,1186703.8479003906
2001-10-18 20:00:00,31660.0,31753.87890625,-93.87890625,93.87890625,8813.249038696289
2001-10-18 21:00:00,30284.0,30141.65625,142.34375,142.34375,20261.7431640625
2001-10-18 22:00:00,27823.0,27599.611328125,223.388671875,223.388671875,49902.498722076416
2001-10-18 23:00:00,25551.0,25314.923828125,236.076171875,236.076171875,55731.95892715454
2001-10-19 00:00:00,23911.0,23865.13671875,45.86328125,45.86328125,2103.4405670166016
2001-10-19 01:00:00,22889.0,22821.87890625,67.12109375,67.12109375,4505.241226196289
2001-10-19 02:00:00,22603.0,22483.0,120.0,120.0,14400.0
2001-10-19 03:00:00,22647.0,22569.357421875,77.642578125,77.642578125,6028.3699378967285
2001-10-19 04:00:00,23198.0,23400.7109375,-202.7109375,202.7109375,41091.724182128906
2001-10-19 05:00:00,25107.0,25023.548828125,83.451171875,83.451171875,6964.098087310791
2001-10-19 06:00:00,29065.0,28516.009765625,548.990234375,548.990234375,301390.27743911743
2001-10-19 07:00:00,31338.0,31088.962890625,249.037109375,249.037109375,62019.48184585571
2001-10-19 08:00:00,31420.0,31635.15625,-215.15625,215.15625,46292.2119140625
2001-10-19 09:00:00,31212.0,31493.634765625,-281.634765625,281.634765625,79318.14120864868
2001-10-19 10:00:00,31200.0,31149.892578125,50.107421875,50.107421875,2510.7537269592285
2001-10-19 11:00:00,30895.0,30906.76171875,-11.76171875,11.76171875,138.33802795410156
2001-10-19 12:00:00,30356.0,30554.005859375,-198.005859375,198.005859375,39206.320346832275
2001-10-19 13:00:00,29979.0,30082.791015625,-103.791015625,103.791015625,10772.574924468994
2001-10-19 14:00:00,29614.0,29661.58984375,-47.58984375,47.58984375,2264.793228149414
2001-10-19 15:00:00,29137.0,29377.216796875,-240.216796875,240.216796875,57704.10950088501
2001-10-19 16:00:00,28835.0,28964.970703125,-129.970703125,129.970703125,16892.383670806885
2001-10-19 17:00:00,28651.0,29101.498046875,-450.498046875,450.498046875,202948.4902381897
2001-10-19 18:00:00,29988.0,29778.294921875,209.705078125,209.705078125,43976.21979141235
2001-10-19 19:00:00,30514.0,31086.21484375,-572.21484375,572.21484375,327429.8274078369
2001-10-19 20:00:00,29645.0,30215.11328125,-570.11328125,570.11328125,325029.1534576416
2001-10-19 21:00:00,28371.0,28009.74609375,361.25390625,361.25390625,130504.38478088379
2001-10-19 22:00:00,26469.0,26154.505859375,314.494140625,314.494140625,98906.56448745728
2001-10-19 23:00:00,24327.0,24324.12890625,2.87109375,2.87109375,8.243179321289062
2001-10-20 00:00:00,22385.0,22672.900390625,-287.900390625,287.900390625,82886.63492202759
2001-10-20 01:00:00,21388.0,21575.56640625,-187.56640625,187.56640625,35181.15675354004
2001-10-20 02:00:00,20872.0,21032.888671875,-160.888671875,160.888671875,25885.164737701416
2001-10-20 03:00:00,20652.0,20863.47265625,-211.47265625,211.47265625,44720.684341430664
2001-10-20 04:00:00,20747.0,21138.341796875,-391.341796875,391.341796875,153148.40198135376
2001-10-20 05:00:00,21293.0,21697.8046875,-404.8046875,404.8046875,163866.83502197266
2001-10-20 06:00:00,22627.0,22081.400390625,545.599609375,545.599609375,297678.9337501526
2001-10-20 07:00:00,23931.0,24032.212890625,-101.212890625,101.212890625,10244.049228668213
2001-10-20 08:00:00,25577.0,25399.95703125,177.04296875,177.04296875,31344.212783813477
2001-10-20 09:00:00,26605.0,26753.302734375,-148.302734375,148.302734375,21993.701023101807
2001-10-20 10:00:00,26887.0,27018.03515625,-131.03515625,131.03515625,17170.212173461914
2001-10-20 11:00:00,26729.0,26619.857421875,109.142578125,109.142578125,11912.102359771729
2001-10-20 12:00:00,26392.0,26286.41015625,105.58984375,105.58984375,11149.215103149414
2001-10-20 13:00:00,25830.0,25891.900390625,-61.900390625,61.900390625,3831.658359527588
2001-10-20 14:00:00,25287.0,25210.03515625,76.96484375,76.96484375,5923.587173461914
2001-10-20 15:00:00,24984.0,25105.685546875,-121.685546875,121.685546875,14807.372318267822
2001-10-20 16:00:00,24937.0,25130.16796875,-193.16796875,193.16796875,37313.86415100098
2001-10-20 17:00:00,25161.0,25512.373046875,-351.373046875,351.373046875,123463.01807022095
2001-10-20 18:00:00,26603.0,26162.443359375,440.556640625,440.556640625,194090.1535987854
2001-10-20 19:00:00,27604.0,27867.4375,-263.4375,263.4375,69399.31640625
2001-10-20 20:00:00,26823.0,27416.8203125,-593.8203125,593.8203125,352622.56353759766
2001-10-20 21:00:00,25707.0,25843.341796875,-136.341796875,136.341796875,18589.08557510376
2001-10-20 22:00:00,24247.0,24071.591796875,175.408203125,175.408203125,30768.03772354126
2001-10-20 23:00:00,22632.0,22378.48046875,253.51953125,253.51953125,64272.15272521973
2001-10-21 00:00:00,21137.0,21143.671875,-6.671875,6.671875,44.513916015625
2001-10-21 01:00:00,20035.0,20313.505859375,-278.505859375,278.505859375,77565.51370620728
2001-10-21 02:00:00,19423.0,19583.04296875,-160.04296875,160.04296875,25613.751846313477
2001-10-21 03:00:00,19274.0,19071.78125,202.21875,202.21875,40892.4228515625
2001-10-21 04:00:00,19121.0,19347.42578125,-226.42578125,226.42578125,51268.63441467285
2001-10-21 05:00:00,19618.0,19237.669921875,380.330078125,380.330078125,144650.9683265686
2001-10-21 06:00:00,20573.0,20291.681640625,281.318359375,281.318359375,79140.01932144165
2001-10-21 07:00:00,21453.0,21582.85546875,-129.85546875,129.85546875,16862.442764282227
2001-10-21 08:00:00,22957.0,23038.77734375,-81.77734375,81.77734375,6687.533950805664
2001-10-21 09:00:00,24008.0,24000.21484375,7.78515625,7.78515625,60.60865783691406
2001-10-21 10:00:00,24348.0,24753.689453125,-405.689453125,405.689453125,164583.93237686157
2001-10-21 11:00:00,24622.0,24583.81640625,38.18359375,38.18359375,1457.986831665039
2001-10-21 12:00:00,24750.0,24474.439453125,275.560546875,275.560546875,75933.61499404907
2001-10-21 13:00:00,24631.0,24474.1171875,156.8828125,156.8828125,24612.216857910156
2001-10-21 14:00:00,24449.0,24318.7890625,130.2109375,130.2109375,16954.888244628906
2001-10-21 15:00:00,24439.0,24293.30078125,145.69921875,145.69921875,21228.26234436035
2001-10-21 16:00:00,24909.0,24740.28125,168.71875,168.71875,28466.0166015625
2001-10-21 17:00:00,25757.0,25842.212890625,-85.212890625,85.212890625,7261.236728668213
2001-10-21 18:00:00,27549.0,27213.517578125,335.482421875,335.482421875,112548.45538711548
2001-10-21 19:00:00,28977.0,28024.3125,952.6875,952.6875,907613.47265625
2001-10-21 20:00:00,28293.0,28810.501953125,-517.501953125,517.501953125,267808.2714881897
2001-10-21 21:00:00,26884.0,26639.142578125,244.857421875,244.857421875,59955.15704727173
2001-10-21 22:00:00,24967.0,25172.0625,-205.0625,205.0625,42050.62890625
2001-10-21 23:00:00,22883.0,22987.474609375,-104.474609375,104.474609375,10914.944004058838
2001-10-22 00:00:00,21427.0,21444.8515625,-17.8515625,17.8515625,318.67828369140625
2001-10-22 01:00:00,20502.0,20624.787109375,-122.787109375,122.787109375,15076.674228668213
2001-10-22 02:00:00,20116.0,20182.19140625,-66.19140625,66.19140625,4381.302261352539
2001-10-22 03:00:00,19974.0,20226.18359375,-252.18359375,252.18359375,63596.56495666504
2001-10-22 04:00:00,20632.0,20828.234375,-196.234375,196.234375,38507.929931640625
2001-10-22 05:00:00,22472.0,22590.54296875,-118.54296875,118.54296875,14052.435440063477
2001-10-22 06:00:00,26347.0,26158.955078125,188.044921875,188.044921875,35360.89264297485
2001-10-22 07:00:00,29009.0,28817.59765625,191.40234375,191.40234375,36634.857192993164
2001-10-22 08:00:00,29660.0,29623.8125,36.1875,36.1875,1309.53515625
2001-10-22 09:00:00,30252.0,29819.796875,432.203125,432.203125,186799.54125976562
2001-10-22 10:00:00,31169.0,30644.984375,524.015625,524.015625,274592.3752441406
2001-10-22 11:00:00,31534.0,31209.267578125,324.732421875,324.732421875,105451.14581680298
2001-10-22 12:00:00,31734.0,31573.91015625,160.08984375,160.08984375,25628.758071899414
2001-10-22 13:00:00,32060.0,31660.12890625,399.87109375,399.87109375,159896.8916168213
2001-10-22 14:00:00,32007.0,31719.8828125,287.1171875,287.1171875,82436.27935791016
2001-10-22 15:00:00,31883.0,31911.0390625,-28.0390625,28.0390625,786.1890258789062
2001-10-22 16:00:00,31811.0,32074.79296875,-263.79296875,263.79296875,69586.73036193848
2001-10-22 17:00:00,31857.0,31648.146484375,208.853515625,208.853515625,43619.79098892212
2001-10-22 18:00:00,32891.0,31803.943359375,1087.056640625,1087.056640625,1181692.1399269104
2001-10-22 19:00:00,33334.0,33260.890625,73.109375,73.109375,5344.980712890625
2001-10-22 20:00:00,32141.0,31890.333984375,250.666015625,250.666015625,62833.451389312744
2001-10-22 21:00:00,30410.0,30205.521484375,204.478515625,204.478515625,41811.46335220337
2001-10-22 22:00:00,27341.0,27690.943359375,-349.943359375,349.943359375,122460.3547706604
2001-10-22 23:00:00,24708.0,24811.404296875,-103.404296875,103.404296875,10692.448612213135
2001-10-23 00:00:00,22820.0,23110.548828125,-290.548828125,290.548828125,84418.62152481079
2001-10-23 01:00:00,21756.0,21999.169921875,-243.169921875,243.169921875,59131.6109046936
2001-10-23 02:00:00,21208.0,21366.07421875,-158.07421875,158.07421875,24987.45863342285
2001-10-23 03:00:00,20987.0,21204.775390625,-217.775390625,217.775390625,47426.12076187134
2001-10-23 04:00:00,21394.0,21547.986328125,-153.986328125,153.986328125,23711.789249420166
2001-10-23 05:00:00,23232.0,23327.029296875,-95.029296875,95.029296875,9030.567264556885
2001-10-23 06:00:00,27107.0,26840.10546875,266.89453125,266.89453125,71232.69081115723
2001-10-23 07:00:00,29650.0,29995.87890625,-345.87890625,345.87890625,119632.21778869629
2001-10-23 08:00:00,30107.0,30508.8125,-401.8125,401.8125,161453.28515625
2001-10-23 09:00:00,30643.0,30766.8671875,-123.8671875,123.8671875,15343.080139160156
2001-10-23 10:00:00,31191.0,31146.767578125,44.232421875,44.232421875,1956.5071449279785
2001-10-23 11:00:00,31435.0,31465.59375,-30.59375,30.59375,935.9775390625
2001-10-23 12:00:00,31564.0,31750.83203125,-186.83203125,186.83203125,34906.20790100098
2001-10-23 13:00:00,31682.0,31786.947265625,-104.947265625,104.947265625,11013.928562164307
2001-10-23 14:00:00,31572.0,31758.888671875,-186.888671875,186.888671875,34927.375675201416
2001-10-23 15:00:00,31740.0,31483.5703125,256.4296875,256.4296875,65756.18463134766
2001-10-23 16:00:00,31623.0,31853.94921875,-230.94921875,230.94921875,53337.54164123535
2001-10-23 17:00:00,31556.0,31602.080078125,-46.080078125,46.080078125,2123.3736000061035
2001-10-23 18:00:00,32973.0,31683.275390625,1289.724609375,1289.724609375,1663389.5680274963
2001-10-23 19:00:00,33387.0,33313.28515625,73.71484375,73.71484375,5433.878189086914
2001-10-23 20:00:00,32444.0,32690.078125,-246.078125,246.078125,60554.443603515625
2001-10-23 21:00:00,30558.0,30998.890625,-440.890625,440.890625,194384.54321289062
2001-10-23 22:00:00,27604.0,27885.212890625,-281.212890625,281.212890625,79080.68985366821
2001-10-23 23:00:00,25145.0,24961.015625,183.984375,183.984375,33850.250244140625
2001-10-24 00:00:00,23459.0,23462.830078125,-3.830078125,3.830078125,14.669498443603516
2001-10-24 01:00:00,22258.0,22388.06640625,-130.06640625,130.06640625,16917.27003479004
2001-10-24 02:00:00,21762.0,21705.21875,56.78125,56.78125,3224.1103515625
2001-10-24 03:00:00,21522.0,21580.94140625,-58.94140625,58.94140625,3474.089370727539
2001-10-24 04:00:00,21851.0,21794.81640625,56.18359375,56.18359375,3156.596206665039
2001-10-24 05:00:00,23831.0,23298.064453125,532.935546875,532.935546875,284020.2971229553
2001-10-24 06:00:00,27686.0,27991.59765625,-305.59765625,305.59765625,93389.92750549316
2001-10-24 07:00:00,30267.0,30198.81640625,68.18359375,68.18359375,4649.002456665039
2001-10-24 08:00:00,30738.0,30886.4921875,-148.4921875,148.4921875,22049.929748535156
2001-10-24 09:00:00,31432.0,31133.03125,298.96875,298.96875,89382.3134765625
2001-10-24 10:00:00,32379.0,31873.837890625,505.162109375,505.162109375,255188.75674819946
2001-10-24 11:00:00,32851.0,32663.435546875,187.564453125,187.564453125,35180.42407608032
2001-10-24 12:00:00,33179.0,32911.21875,267.78125,267.78125,71706.7978515625
2001-10-24 13:00:00,33667.0,33377.6015625,289.3984375,289.3984375,83751.4556274414
2001-10-24 14:00:00,33943.0,33926.4609375,16.5390625,16.5390625,273.54058837890625
2001-10-24 15:00:00,33888.0,34042.20703125,-154.20703125,154.20703125,23779.808486938477
2001-10-24 16:00:00,33805.0,33782.703125,22.296875,22.296875,497.150634765625
2001-10-24 17:00:00,33351.0,33508.9140625,-157.9140625,157.9140625,24936.851135253906
2001-10-24 18:00:00,34403.0,32746.029296875,1656.970703125,1656.970703125,2745551.911014557
2001-10-24 19:00:00,34789.0,34232.83984375,556.16015625,556.16015625,309314.1194000244
2001-10-24 20:00:00,33626.0,34184.5234375,-558.5234375,558.5234375,311948.4302368164
2001-10-24 21:00:00,31734.0,31532.001953125,201.998046875,201.998046875,40803.2109413147
2001-10-24 22:00:00,28837.0,28908.5859375,-71.5859375,71.5859375,5124.546447753906
2001-10-24 23:00:00,25994.0,26333.66796875,-339.66796875,339.66796875,115374.32899475098
2001-10-25 00:00:00,24002.0,24250.87890625,-248.87890625,248.87890625,61940.70997619629
2001-10-25 01:00:00,22907.0,23109.5,-202.5,202.5,41006.25
2001-10-25 02:00:00,22211.0,22105.55078125,105.44921875,105.44921875,11119.537734985352
2001-10-25 03:00:00,21915.0,22146.7265625,-231.7265625,231.7265625,53697.199768066406
2001-10-25 04:00:00,22360.0,22449.998046875,-89.998046875,89.998046875,8099.648441314697
2001-10-25 05:00:00,24291.0,24244.58203125,46.41796875,46.41796875,2154.6278228759766
2001-10-25 06:00:00,28380.0,27884.103515625,495.896484375,495.896484375,245913.32321548462
2001-10-25 07:00:00,30806.0,30632.650390625,173.349609375,173.349609375,30050.087070465088
2001-10-25 08:00:00,31372.0,31778.341796875,-406.341796875,406.341796875,165113.65588760376
2001-10-25 09:00:00,32198.0,32208.251953125,-10.251953125,10.251953125,105.10254287719727
2001-10-25 10:00:00,33025.0,32824.75390625,200.24609375,200.24609375,40098.49806213379
2001-10-25 11:00:00,32992.0,33332.84375,-340.84375,340.84375,116174.4619140625
2001-10-25 12:00:00,32370.0,32886.2890625,-516.2890625,516.2890625,266554.3960571289
2001-10-25 13:00:00,32286.0,32169.103515625,116.896484375,116.896484375,13664.78805923462
2001-10-25 14:00:00,31800.0,32088.810546875,-288.810546875,288.810546875,83411.53198623657
2001-10-25 15:00:00,31396.0,31679.76953125,-283.76953125,283.76953125,80525.14686584473
2001-10-25 16:00:00,31053.0,31202.919921875,-149.919921875,149.919921875,22475.982975006104
2001-10-25 17:00:00,30720.0,31049.095703125,-329.095703125,329.095703125,108303.98181533813
2001-10-25 18:00:00,31731.0,30583.921875,1147.078125,1147.078125,1315788.2248535156
2001-10-25 19:00:00,32365.0,33385.94140625,-1020.94140625,1020.94140625,1042321.3549957275
2001-10-25 20:00:00,31138.0,32105.955078125,-967.955078125,967.955078125,936937.0332679749
2001-10-25 21:00:00,29491.0,29659.234375,-168.234375,168.234375,28302.804931640625
2001-10-25 22:00:00,26839.0,26806.962890625,32.037109375,32.037109375,1026.376377105713
2001-10-25 23:00:00,24379.0,24402.41796875,-23.41796875,23.41796875,548.4012603759766
2001-10-26 00:00:00,22512.0,22485.02734375,26.97265625,26.97265625,727.5241851806641
2001-10-26 01:00:00,21506.0,21325.931640625,180.068359375,180.068359375,32424.61404800415
2001-10-26 02:00:00,20923.0,20910.353515625,12.646484375,12.646484375,159.93356704711914
2001-10-26 03:00:00,20868.0,20681.01953125,186.98046875,186.98046875,34961.69569396973
2001-10-26 04:00:00,21348.0,21254.5,93.5,93.5,8742.25
2001-10-26 05:00:00,23000.0,23060.734375,-60.734375,60.734375,3688.664306640625
2001-10-26 06:00:00,26845.0,26333.279296875,511.720703125,511.720703125,261858.07800674438
2001-10-26 07:00:00,29597.0,29359.162109375,237.837890625,237.837890625,56566.86221694946
2001-10-26 08:00:00,30123.0,30210.087890625,-87.087890625,87.087890625,7584.300693511963
2001-10-26 09:00:00,30356.0,30906.9609375,-550.9609375,550.9609375,303557.9546508789
2001-10-26 10:00:00,30670.0,30626.310546875,43.689453125,43.689453125,1908.7683143615723
2001-10-26 11:00:00,30286.0,30600.9140625,-314.9140625,314.9140625,99170.8667602539
2001-10-26 12:00:00,29882.0,30068.638671875,-186.638671875,186.638671875,34833.993839263916
2001-10-26 13:00:00,29708.0,29703.169921875,4.830078125,4.830078125,23.329654693603516
2001-10-26 14:00:00,29469.0,29646.587890625,-177.587890625,177.587890625,31537.458896636963
2001-10-26 15:00:00,29037.0,29131.48046875,-94.48046875,94.48046875,8926.558975219727
2001-10-26 16:00:00,28859.0,29077.541015625,-218.541015625,218.541015625,47760.175510406494
2001-10-26 17:00:00,29337.0,29229.611328125,107.388671875,107.388671875,11532.326847076416
2001-10-26 18:00:00,30858.0,31212.611328125,-354.611328125,354.611328125,125749.19403457642
2001-10-26 19:00:00,31204.0,31805.568359375,-601.568359375,601.568359375,361884.49100112915
2001-10-26 20:00:00,30324.0,30952.373046875,-628.373046875,628.373046875,394852.68603897095
2001-10-26 21:00:00,29235.0,28738.751953125,496.248046875,496.248046875,246262.1240272522
2001-10-26 22:00:00,27402.0,26895.037109375,506.962890625,506.962890625,257011.3724708557
2001-10-26 23:00:00,25469.0,24989.982421875,479.017578125,479.017578125,229457.84015274048
2001-10-27 00:00:00,23470.0,23178.814453125,291.185546875,291.185546875,84789.02270889282
2001-10-27 01:00:00,22519.0,22216.708984375,302.291015625,302.291015625,91379.858127594
2001-10-27 02:00:00,21854.0,22007.65234375,-153.65234375,153.65234375,23609.042739868164
2001-10-27 03:00:00,21670.0,21608.197265625,61.802734375,61.802734375,3819.5779762268066
2001-10-27 04:00:00,21638.0,22137.0703125,-499.0703125,499.0703125,249071.17681884766
2001-10-27 05:00:00,22243.0,22756.78515625,-513.78515625,513.78515625,263975.1867828369
2001-10-27 06:00:00,23558.0,24284.880859375,-726.880859375,726.880859375,528355.7837257385
2001-10-27 07:00:00,24919.0,25702.091796875,-783.091796875,783.091796875,613232.7623329163
2001-10-27 08:00:00,26468.0,27170.65625,-702.65625,702.65625,493725.8056640625
2001-10-27 09:00:00,27531.0,27872.841796875,-341.841796875,341.841796875,116855.81409072876
2001-10-27 10:00:00,27910.0,28046.26953125,-136.26953125,136.26953125,18569.385147094727
2001-10-27 11:00:00,27625.0,28108.001953125,-483.001953125,483.001953125,233290.8867225647
2001-10-27 12:00:00,26992.0,27388.255859375,-396.255859375,396.255859375,157018.70608901978
2001-10-27 13:00:00,26589.0,26652.619140625,-63.619140625,63.619140625,4047.3950538635254
2001-10-27 14:00:00,26154.0,26076.935546875,77.064453125,77.064453125,5938.929935455322
2001-10-27 15:00:00,26158.0,25747.833984375,410.166015625,410.166015625,168236.16037368774
2001-10-27 16:00:00,26475.0,26358.724609375,116.275390625,116.275390625,13519.966464996338
2001-10-27 17:00:00,27260.0,27461.943359375,-201.943359375,201.943359375,40781.1203956604
2001-10-27 18:00:00,28837.0,28697.34375,139.65625,139.65625,19503.8681640625
2001-10-27 19:00:00,29082.0,29395.591796875,-313.591796875,313.591796875,98339.81506729126
2001-10-27 20:00:00,28336.0,28687.484375,-351.484375,351.484375,123541.26586914062
2001-10-27 21:00:00,27445.0,27455.837890625,-10.837890625,10.837890625,117.45987319946289
2001-10-27 22:00:00,26214.0,25761.52734375,452.47265625,452.47265625,204731.50465393066
2001-10-27 23:00:00,24708.0,24180.212890625,527.787109375,527.787109375,278559.2328224182
2001-10-28 00:00:00,23017.0,23132.388671875,-115.388671875,115.388671875,13314.545597076416
2001-10-28 01:00:00,22176.5,21920.541015625,255.958984375,255.958984375,65515.001682281494
2001-10-28 02:00:00,21336.0,21698.640625,-362.640625,362.640625,131508.22290039062
2001-10-28 03:00:00,21265.0,21130.904296875,134.095703125,134.095703125,17981.657596588135
2001-10-28 04:00:00,21519.0,21208.99609375,310.00390625,310.00390625,96102.42189025879
2001-10-28 05:00:00,22169.0,22195.56640625,-26.56640625,26.56640625,705.7739410400391
2001-10-28 06:00:00,23124.0,23598.388671875,-474.388671875,474.388671875,225044.61200332642
2001-10-28 07:00:00,24510.0,25077.640625,-567.640625,567.640625,322215.8791503906
2001-10-28 08:00:00,25849.0,25751.0625,97.9375,97.9375,9591.75390625
2001-10-28 09:00:00,26447.0,26545.05859375,-98.05859375,98.05859375,9615.487808227539
2001-10-28 10:00:00,26446.0,26831.2734375,-385.2734375,385.2734375,148435.6216430664
2001-10-28 11:00:00,26084.0,26168.91796875,-84.91796875,84.91796875,7211.061416625977
2001-10-28 12:00:00,25652.0,25838.087890625,-186.087890625,186.087890625,34628.70303726196
2001-10-28 13:00:00,25211.0,25552.92578125,-341.92578125,341.92578125,116913.23988342285
2001-10-28 14:00:00,24883.0,25131.9609375,-248.9609375,248.9609375,61981.548400878906
2001-10-28 15:00:00,24912.0,24704.875,207.125,207.125,42900.765625
2001-10-28 16:00:00,25864.0,25427.97265625,436.02734375,436.02734375,190119.84449768066
2001-10-28 17:00:00,28754.0,27683.638671875,1070.361328125,1070.361328125,1145673.372745514
2001-10-28 18:00:00,30121.0,29316.19140625,804.80859375,804.80859375,647716.8725738525
2001-10-28 19:00:00,29601.0,30027.2421875,-426.2421875,426.2421875,181682.40240478516
2001-10-28 20:00:00,29127.0,29147.42578125,-20.42578125,20.42578125,417.21253967285156
2001-10-28 21:00:00,27800.0,28127.5625,-327.5625,327.5625,107297.19140625
2001-10-28 22:00:00,26017.0,25840.74609375,176.25390625,176.25390625,31065.43946838379
2001-10-28 23:00:00,24427.0,24268.345703125,158.654296875,158.654296875,25171.185916900635
2001-10-29 00:00:00,23503.0,22764.732421875,738.267578125,738.267578125,545039.016910553
2001-10-29 01:00:00,23024.0,22663.21484375,360.78515625,360.78515625,130165.92897033691
2001-10-29 02:00:00,22998.0,22636.56640625,361.43359375,361.43359375,130634.24269104004
2001-10-29 03:00:00,23275.0,23348.140625,-73.140625,73.140625,5349.551025390625
2001-10-29 04:00:00,24193.0,24707.052734375,-514.052734375,514.052734375,264250.2137184143
2001-10-29 05:00:00,26443.0,26337.771484375,105.228515625,105.228515625,11073.04050064087
2001-10-29 06:00:00,30517.0,29422.22265625,1094.77734375,1094.77734375,1198537.4323883057
2001-10-29 07:00:00,32120.0,31535.390625,584.609375,584.609375,341768.1213378906
2001-10-29 08:00:00,32079.0,32035.322265625,43.677734375,43.677734375,1907.7444801330566
2001-10-29 09:00:00,31784.0,32054.966796875,-270.966796875,270.966796875,73423.00500869751
2001-10-29 10:00:00,31511.0,31496.001953125,14.998046875,14.998046875,224.94141006469727
2001-10-29 11:00:00,31124.0,31021.72265625,102.27734375,102.27734375,10460.655044555664
2001-10-29 12:00:00,30619.0,30667.552734375,-48.552734375,48.552734375,2357.3680152893066
2001-10-29 13:00:00,30411.0,30090.734375,320.265625,320.265625,102570.07055664062
2001-10-29 14:00:00,30094.0,29698.421875,395.578125,395.578125,156482.05297851562
2001-10-29 15:00:00,29783.0,29726.66796875,56.33203125,56.33203125,3173.2977447509766
2001-10-29 16:00:00,30324.0,30212.91796875,111.08203125,111.08203125,12339.217666625977
2001-10-29 17:00:00,32912.0,31956.439453125,955.560546875,955.560546875,913095.9587440491
2001-10-29 18:00:00,33678.0,33667.09765625,10.90234375,10.90234375,118.86109924316406
2001-10-29 19:00:00,32902.0,33189.71875,-287.71875,287.71875,82782.0791015625
2001-10-29 20:00:00,31774.0,31801.236328125,-27.236328125,27.236328125,741.817569732666
2001-10-29 21:00:00,29948.0,29633.236328125,314.763671875,314.763671875,99076.16913223267
2001-10-29 22:00:00,27264.0,27435.154296875,-171.154296875,171.154296875,29293.793338775635
2001-10-29 23:00:00,24921.0,24921.576171875,-0.576171875,0.576171875,0.3319740295410156
2001-10-30 00:00:00,23229.0,23652.44921875,-423.44921875,423.44921875,179309.24085998535
2001-10-30 01:00:00,22494.0,22605.599609375,-111.599609375,111.599609375,12454.472812652588
2001-10-30 02:00:00,22290.0,22172.2734375,117.7265625,117.7265625,13859.543518066406
2001-10-30 03:00:00,22214.0,22367.861328125,-153.861328125,153.861328125,23673.308292388916
2001-10-30 04:00:00,22868.0,23166.50390625,-298.50390625,298.50390625,89104.58204650879
2001-10-30 05:00:00,24977.0,24880.259765625,96.740234375,96.740234375,9358.672946929932
2001-10-30 06:00:00,28675.0,28410.98046875,264.01953125,264.01953125,69706.31288146973
2001-10-30 07:00:00,30656.0,30486.369140625,169.630859375,169.630859375,28774.628452301025
2001-10-30 08:00:00,30619.0,31099.55078125,-480.55078125,480.55078125,230929.05335998535
2001-10-30 09:00:00,30608.0,30614.556640625,-6.556640625,6.556640625,42.98953628540039
2001-10-30 10:00:00,30666.0,30540.7734375,125.2265625,125.2265625,15681.691955566406
2001-10-30 11:00:00,30728.0,30262.26171875,465.73828125,465.73828125,216912.1466217041
2001-10-30 12:00:00,30258.0,30430.001953125,-172.001953125,172.001953125,29584.671878814697
2001-10-30 13:00:00,30145.0,29974.93359375,170.06640625,170.06640625,28922.58253479004
2001-10-30 14:00:00,29864.0,29861.302734375,2.697265625,2.697265625,7.275241851806641
2001-10-30 15:00:00,29590.0,29619.958984375,-29.958984375,29.958984375,897.5407447814941
2001-10-30 16:00:00,30010.0,30231.97265625,-221.97265625,221.97265625,49271.860122680664
2001-10-30 17:00:00,32565.0,32110.326171875,454.673828125,454.673828125,206728.28998184204
2001-10-30 18:00:00,33175.0,32776.49609375,398.50390625,398.50390625,158805.3632965088
2001-10-30 19:00:00,32435.0,32789.8359375,-354.8359375,354.8359375,125908.5425415039
2001-10-30 20:00:00,31523.0,31619.109375,-96.109375,96.109375,9237.011962890625
2001-10-30 21:00:00,29764.0,30118.482421875,-354.482421875,354.482421875,125657.78741836548
2001-10-30 22:00:00,27259.0,27333.138671875,-74.138671875,74.138671875,5496.542667388916
2001-10-30 23:00:00,25035.0,24850.69140625,184.30859375,184.30859375,33969.65773010254
2001-10-31 00:00:00,23350.0,23401.01953125,-51.01953125,51.01953125,2602.9925689697266
2001-10-31 01:00:00,22610.0,22658.185546875,-48.185546875,48.185546875,2321.8469276428223
2001-10-31 02:00:00,22345.0,22384.958984375,-39.958984375,39.958984375,1596.7204322814941
2001-10-31 03:00:00,22379.0,22417.111328125,-38.111328125,38.111328125,1452.473331451416
2001-10-31 04:00:00,23050.0,23012.875,37.125,37.125,1378.265625
2001-10-31 05:00:00,25278.0,25414.9765625,-136.9765625,136.9765625,18762.578674316406
2001-10-31 06:00:00,29107.0,28861.57421875,245.42578125,245.42578125,60233.81410217285
2001-10-31 07:00:00,31171.0,30936.857421875,234.142578125,234.142578125,54822.74689102173
2001-10-31 08:00:00,31338.0,31467.861328125,-129.861328125,129.861328125,16863.964542388916
2001-10-31 09:00:00,31242.0,31539.9765625,-297.9765625,297.9765625,88790.0317993164
2001-10-31 10:00:00,31453.0,31323.130859375,129.869140625,129.869140625,16865.993686676025
2001-10-31 11:00:00,31205.0,31385.765625,-180.765625,180.765625,32676.211181640625
2001-10-31 12:00:00,30928.0,30969.720703125,-41.720703125,41.720703125,1740.6170692443848
2001-10-31 13:00:00,30614.0,30625.53515625,-11.53515625,11.53515625,133.05982971191406
2001-10-31 14:00:00,29906.0,30276.09375,-370.09375,370.09375,136969.3837890625
2001-10-31 15:00:00,29813.0,29573.51171875,239.48828125,239.48828125,57354.6368560791
2001-10-31 16:00:00,30320.0,30413.39453125,-93.39453125,93.39453125,8722.538467407227
2001-10-31 17:00:00,32387.0,32154.892578125,232.107421875,232.107421875,53873.85528945923
2001-10-31 18:00:00,32095.0,32799.95703125,-704.95703125,704.95703125,496964.4159088135
2001-10-31 19:00:00,31083.0,31529.6328125,-446.6328125,446.6328125,199480.86920166016
2001-10-31 20:00:00,30575.0,29858.177734375,716.822265625,716.822265625,513834.16049575806
2001-10-31 21:00:00,29333.0,29281.408203125,51.591796875,51.591796875,2661.7135047912598
2001-10-31 22:00:00,26808.0,27212.109375,-404.109375,404.109375,163304.38696289062
2001-10-31 23:00:00,24262.0,24469.0,-207.0,207.0,42849.0
2001-11-01 00:00:00,22595.0,22578.330078125,16.669921875,16.669921875,277.8862953186035
2001-11-01 01:00:00,21778.0,21898.185546875,-120.185546875,120.185546875,14444.565677642822
2001-11-01 02:00:00,21498.0,21570.8984375,-72.8984375,72.8984375,5314.182189941406
2001-11-01 03:00:00,21547.0,21375.150390625,171.849609375,171.849609375,29532.288242340088
2001-11-01 04:00:00,22187.0,22102.609375,84.390625,84.390625,7121.777587890625
2001-11-01 05:00:00,24296.0,24598.875,-302.875,302.875,91733.265625
2001-11-01 06:00:00,27937.0,27497.763671875,439.236328125,439.236328125,192928.55194473267
2001-11-01 07:00:00,29680.0,29693.98046875,-13.98046875,13.98046875,195.45350646972656
2001-11-01 08:00:00,30091.0,30148.734375,-57.734375,57.734375,3333.258056640625
2001-11-01 09:00:00,30233.0,30465.16796875,-232.16796875,232.16796875,53901.96571350098
2001-11-01 10:00:00,30505.0,30274.95703125,230.04296875,230.04296875,52919.76747131348
2001-11-01 11:00:00,30507.0,30256.998046875,250.001953125,250.001953125,62500.9765663147
2001-11-01 12:00:00,30479.0,30181.884765625,297.115234375,297.115234375,88277.46249771118
2001-11-01 13:00:00,30548.0,30244.8125,303.1875,303.1875,91922.66015625
2001-11-01 14:00:00,30242.0,30249.439453125,-7.439453125,7.439453125,55.345462799072266
2001-11-01 15:00:00,29924.0,30054.134765625,-130.134765625,130.134765625,16935.05722427368
2001-11-01 16:00:00,30439.0,30232.794921875,206.205078125,206.205078125,42520.53424453735
2001-11-01 17:00:00,32783.0,31568.15625,1214.84375,1214.84375,1475845.3369140625
2001-11-01 18:00:00,33080.0,33273.390625,-193.390625,193.390625,37399.933837890625
2001-11-01 19:00:00,32485.0,32617.67578125,-132.67578125,132.67578125,17602.86293029785
2001-11-01 20:00:00,31420.0,31614.546875,-194.546875,194.546875,37848.486572265625
2001-11-01 21:00:00,29491.0,29609.306640625,-118.306640625,118.306640625,13996.4612159729
2001-11-01 22:00:00,26810.0,27136.326171875,-326.326171875,326.326171875,106488.77045059204
2001-11-01 23:00:00,24560.0,24495.044921875,64.955078125,64.955078125,4219.1621742248535
2001-11-02 00:00:00,22628.0,22884.3125,-256.3125,256.3125,65696.09765625
2001-11-02 01:00:00,21610.0,21793.041015625,-183.041015625,183.041015625,33504.013401031494
2001-11-02 02:00:00,21184.0,21119.896484375,64.103515625,64.103515625,4109.260715484619
2001-11-02 03:00:00,21099.0,20987.267578125,111.732421875,111.732421875,12484.134098052979
2001-11-02 04:00:00,21613.0,21720.173828125,-107.173828125,107.173828125,11486.229434967041
2001-11-02 05:00:00,23525.0,23574.48828125,-49.48828125,49.48828125,2449.0899810791016
2001-11-02 06:00:00,27190.0,27478.623046875,-288.623046875,288.623046875,83303.26318740845
2001-11-02 07:00:00,29179.0,29554.56640625,-375.56640625,375.56640625,141050.12550354004
2001-11-02 08:00:00,30111.0,29779.640625,331.359375,331.359375,109799.03540039062
2001-11-02 09:00:00,30505.0,30721.697265625,-216.697265625,216.697265625,46957.70492935181
2001-11-02 10:00:00,30991.0,30766.24609375,224.75390625,224.75390625,50514.31837463379
2001-11-02 11:00:00,31400.0,30932.87890625,467.12109375,467.12109375,218202.1162261963
2001-11-02 12:00:00,31171.0,31440.9296875,-269.9296875,269.9296875,72862.03619384766
2001-11-02 13:00:00,31033.0,30984.765625,48.234375,48.234375,2326.554931640625
2001-11-02 14:00:00,30966.0,30768.443359375,197.556640625,197.556640625,39028.6262550354
2001-11-02 15:00:00,30503.0,31039.408203125,-536.408203125,536.408203125,287733.76037979126
2001-11-02 16:00:00,30604.0,30738.416015625,-134.416015625,134.416015625,18067.665256500244
2001-11-02 17:00:00,32521.0,30864.966796875,1656.033203125,1656.033203125,2742445.9698524475
2001-11-02 18:00:00,32385.0,33939.90234375,-1554.90234375,1554.90234375,2417721.298599243
2001-11-02 19:00:00,31103.0,31952.462890625,-849.462890625,849.462890625,721587.2025489807
2001-11-02 20:00:00,29704.0,30260.798828125,-556.798828125,556.798828125,310024.9350013733
2001-11-02 21:00:00,27949.0,27575.853515625,373.146484375,373.146484375,139238.29880142212
2001-11-02 22:00:00,25987.0,25629.478515625,357.521484375,357.521484375,127821.61178970337
2001-11-02 23:00:00,23983.0,23997.298828125,-14.298828125,14.298828125,204.45648574829102
2001-11-03 00:00:00,22243.0,22246.2421875,-3.2421875,3.2421875,10.51177978515625
2001-11-03 01:00:00,21250.0,21505.40625,-255.40625,255.40625,65232.3525390625
2001-11-03 02:00:00,20584.0,20881.849609375,-297.849609375,297.849609375,88714.38980484009
2001-11-03 03:00:00,20133.0,20368.8125,-235.8125,235.8125,55607.53515625
2001-11-03 04:00:00,20066.0,20194.080078125,-128.080078125,128.080078125,16404.506412506104
2001-11-03 05:00:00,20809.0,20930.2734375,-121.2734375,121.2734375,14707.246643066406
2001-11-03 06:00:00,21883.0,22133.6875,-250.6875,250.6875,62844.22265625
2001-11-03 07:00:00,23177.0,23333.94921875,-156.94921875,156.94921875,24633.05726623535
2001-11-03 08:00:00,25404.0,25137.041015625,266.958984375,266.958984375,71267.0993385315
2001-11-03 09:00:00,26893.0,26636.482421875,256.517578125,256.517578125,65801.26788711548
2001-11-03 10:00:00,27377.0,27636.994140625,-259.994140625,259.994140625,67596.95315933228
2001-11-03 11:00:00,27355.0,27391.0234375,-36.0234375,36.0234375,1297.6880493164062
2001-11-03 12:00:00,26887.0,27378.6796875,-491.6796875,491.6796875,241748.91510009766
2001-11-03 13:00:00,26140.0,26599.193359375,-459.193359375,459.193359375,210858.5412940979
2001-11-03 14:00:00,25587.0,25868.328125,-281.328125,281.328125,79145.51391601562
2001-11-03 15:00:00,25295.0,25616.173828125,-321.173828125,321.173828125,103152.62787246704
2001-11-03 16:00:00,25642.0,25906.6953125,-264.6953125,264.6953125,70063.60845947266
2001-11-03 17:00:00,28077.0,26563.78125,1513.21875,1513.21875,2289830.9853515625
2001-11-03 18:00:00,28503.0,28939.904296875,-436.904296875,436.904296875,190885.36462783813
2001-11-03 19:00:00,27694.0,28161.681640625,-467.681640625,467.681640625,218726.11697769165
2001-11-03 20:00:00,26823.0,26894.51953125,-71.51953125,71.51953125,5115.043350219727
2001-11-03 21:00:00,25745.0,25723.580078125,21.419921875,21.419921875,458.8130531311035
2001-11-03 22:00:00,24276.0,24105.896484375,170.103515625,170.103515625,28935.20602798462
2001-11-03 23:00:00,22344.0,22589.9140625,-245.9140625,245.9140625,60473.726135253906
2001-11-04 00:00:00,20901.0,21049.388671875,-148.388671875,148.388671875,22019.197940826416
2001-11-04 01:00:00,19895.0,19993.609375,-98.609375,98.609375,9723.808837890625
2001-11-04 02:00:00,19543.0,19568.666015625,-25.666015625,25.666015625,658.7443580627441
2001-11-04 03:00:00,19204.0,19357.119140625,-153.119140625,153.119140625,23445.471225738525
2001-11-04 04:00:00,19544.0,19376.736328125,167.263671875,167.263671875,27977.135929107666
2001-11-04 05:00:00,19922.0,19953.716796875,-31.716796875,31.716796875,1005.9552040100098
2001-11-04 06:00:00,20600.0,20679.162109375,-79.162109375,79.162109375,6266.639560699463
2001-11-04 07:00:00,21780.0,21606.869140625,173.130859375,173.130859375,29974.294467926025
2001-11-04 08:00:00,23312.0,23413.05078125,-101.05078125,101.05078125,10211.260391235352
2001-11-04 09:00:00,24319.0,24400.154296875,-81.154296875,81.154296875,6586.019901275635
2001-11-04 10:00:00,24622.0,25020.931640625,-398.931640625,398.931640625,159146.45389175415
2001-11-04 11:00:00,24734.0,24532.4140625,201.5859375,201.5859375,40636.890197753906
2001-11-04 12:00:00,24722.0,24603.994140625,118.005859375,118.005859375,13925.382846832275
2001-11-04 13:00:00,24427.0,24220.76171875,206.23828125,206.23828125,42534.2286529541
2001-11-04 14:00:00,24207.0,24156.744140625,50.255859375,50.255859375,2525.6514015197754
2001-11-04 15:00:00,24197.0,24179.400390625,17.599609375,17.599609375,309.7462501525879
2001-11-04 16:00:00,25158.0,25033.439453125,124.560546875,124.560546875,15515.329837799072
2001-11-04 17:00:00,28225.0,26652.857421875,1572.142578125,1572.142578125,2471632.2859535217
2001-11-04 18:00:00,28886.0,28625.130859375,260.869140625,260.869140625,68052.70853042603
2001-11-04 19:00:00,28312.0,28330.041015625,-18.041015625,18.041015625,325.47824478149414
2001-11-04 20:00:00,27516.0,27556.54296875,-40.54296875,40.54296875,1643.7323150634766
2001-11-04 21:00:00,26247.0,26201.95703125,45.04296875,45.04296875,2028.8690338134766
2001-11-04 22:00:00,24392.0,24397.201171875,-5.201171875,5.201171875,27.052188873291016
2001-11-04 23:00:00,22716.0,22702.7578125,13.2421875,13.2421875,175.35552978515625
2001-11-05 00:00:00,21426.0,21405.376953125,20.623046875,20.623046875,425.31006240844727
2001-11-05 01:00:00,20367.0,20849.666015625,-482.666015625,482.666015625,232966.48263931274
2001-11-05 02:00:00,20412.0,20212.00390625,199.99609375,199.99609375,39998.43751525879
2001-11-05 03:00:00,20384.0,20533.267578125,-149.267578125,149.267578125,22280.80987930298
2001-11-05 04:00:00,21213.0,21071.40625,141.59375,141.59375,20048.7900390625
2001-11-05 05:00:00,23463.0,23254.03125,208.96875,208.96875,43667.9384765625
2001-11-05 06:00:00,27234.0,26981.5703125,252.4296875,252.4296875,63720.747131347656
2001-11-05 07:00:00,29381.0,29245.533203125,135.466796875,135.466796875,18351.25305557251
2001-11-05 08:00:00,30099.0,30078.85546875,20.14453125,20.14453125,405.80213928222656
2001-11-05 09:00:00,30501.0,30558.802734375,-57.802734375,57.802734375,3341.1561012268066
2001-11-05 10:00:00,30874.0,30596.4140625,277.5859375,277.5859375,77053.9526977539
2001-11-05 11:00:00,30789.0,30778.228515625,10.771484375,10.771484375,116.02487564086914
2001-11-05 12:00:00,30536.0,30500.53515625,35.46484375,35.46484375,1257.755142211914
2001-11-05 13:00:00,30456.0,30381.375,74.625,74.625,5568.890625
2001-11-05 14:00:00,30121.0,30296.12890625,-175.12890625,175.12890625,30670.13380432129
2001-11-05 15:00:00,30049.0,30163.259765625,-114.259765625,114.259765625,13055.294040679932
2001-11-05 16:00:00,30981.0,30600.7890625,380.2109375,380.2109375,144560.3569946289
2001-11-05 17:00:00,33590.0,32035.048828125,1554.951171875,1554.951171875,2417873.146915436
2001-11-05 18:00:00,34003.0,33394.578125,608.421875,608.421875,370177.1779785156
2001-11-05 19:00:00,33139.0,33330.359375,-191.359375,191.359375,36618.410400390625
2001-11-05 20:00:00,32097.0,31948.572265625,148.427734375,148.427734375,22030.792331695557
2001-11-05 21:00:00,30317.0,29976.126953125,340.873046875,340.873046875,116194.43408584595
2001-11-05 22:00:00,27679.0,27772.33203125,-93.33203125,93.33203125,8710.868057250977
2001-11-05 23:00:00,25216.0,25455.75,-239.75,239.75,57480.0625
2001-11-06 00:00:00,23570.0,23590.3359375,-20.3359375,20.3359375,413.55035400390625
2001-11-06 01:00:00,22845.0,22611.701171875,233.298828125,233.298828125,54428.34320449829
2001-11-06 02:00:00,22409.0,22537.12890625,-128.12890625,128.12890625,16417.01661682129
2001-11-06 03:00:00,22402.0,22469.453125,-67.453125,67.453125,4549.924072265625
2001-11-06 04:00:00,23101.0,23052.73828125,48.26171875,48.26171875,2329.1934967041016
2001-11-06 05:00:00,25247.0,25202.71484375,44.28515625,44.28515625,1961.175064086914
2001-11-06 06:00:00,29037.0,29056.50390625,-19.50390625,19.50390625,380.40235900878906
2001-11-06 07:00:00,30658.0,30964.8984375,-306.8984375,306.8984375,94186.6509399414
2001-11-06 08:00:00,30784.0,31194.740234375,-410.740234375,410.740234375,168707.54013442993
2001-11-06 09:00:00,30722.0,30984.43359375,-262.43359375,262.43359375,68871.39112854004
2001-11-06 10:00:00,30633.0,30732.4375,-99.4375,99.4375,9887.81640625
2001-11-06 11:00:00,30301.0,30246.123046875,54.876953125,54.876953125,3011.4799842834473
2001-11-06 12:00:00,29904.0,29951.939453125,-47.939453125,47.939453125,2298.1911659240723
2001-11-06 13:00:00,29798.0,29641.484375,156.515625,156.515625,24497.140869140625
2001-11-06 14:00:00,29438.0,29484.91015625,-46.91015625,46.91015625,2200.562759399414
2001-11-06 15:00:00,29227.0,29306.0625,-79.0625,79.0625,6250.87890625
2001-11-06 16:00:00,29927.0,30142.994140625,-215.994140625,215.994140625,46653.468784332275
2001-11-06 17:00:00,32887.0,32267.93359375,619.06640625,619.06640625,383243.21534729004
2001-11-06 18:00:00,33269.0,33210.96484375,58.03515625,58.03515625,3368.079360961914
2001-11-06 19:00:00,32625.0,32593.271484375,31.728515625,31.728515625,1006.6987037658691
2001-11-06 20:00:00,31798.0,31925.12109375,-127.12109375,127.12109375,16159.772476196289
2001-11-06 21:00:00,30357.0,30141.52734375,215.47265625,215.47265625,46428.465591430664
2001-11-06 22:00:00,27341.0,27915.513671875,-574.513671875,574.513671875,330065.95917129517
2001-11-06 23:00:00,25096.0,24995.1328125,100.8671875,100.8671875,10174.189514160156
2001-11-07 00:00:00,23316.0,23609.87890625,-293.87890625,293.87890625,86364.81153869629
2001-11-07 01:00:00,22373.0,22589.42578125,-216.42578125,216.42578125,46840.11878967285
2001-11-07 02:00:00,22009.0,22234.912109375,-225.912109375,225.912109375,51036.28116226196
2001-11-07 03:00:00,21953.0,21913.62109375,39.37890625,39.37890625,1550.698257446289
2001-11-07 04:00:00,22693.0,22546.4453125,146.5546875,146.5546875,21478.276428222656
2001-11-07 05:00:00,24619.0,24515.2578125,103.7421875,103.7421875,10762.441467285156
2001-11-07 06:00:00,28253.0,28350.890625,-97.890625,97.890625,9582.574462890625
2001-11-07 07:00:00,29856.0,30228.009765625,-372.009765625,372.009765625,138391.26572036743
2001-11-07 08:00:00,30062.0,30354.150390625,-292.150390625,292.150390625,85351.85074234009
2001-11-07 09:00:00,30133.0,30250.892578125,-117.892578125,117.892578125,13898.659976959229
2001-11-07 10:00:00,30104.0,30206.18359375,-102.18359375,102.18359375,10441.486831665039
2001-11-07 11:00:00,30071.0,29716.2578125,354.7421875,354.7421875,125842.01959228516
2001-11-07 12:00:00,29721.0,29721.13671875,-0.13671875,0.13671875,0.0186920166015625
2001-11-07 13:00:00,29653.0,29530.3828125,122.6171875,122.6171875,15034.974670410156
2001-11-07 14:00:00,29444.0,29290.828125,153.171875,153.171875,23461.623291015625
2001-11-07 15:00:00,29248.0,29208.439453125,39.560546875,39.560546875,1565.0368690490723
2001-11-07 16:00:00,29692.0,29991.15234375,-299.15234375,299.15234375,89492.12477111816
2001-11-07 17:00:00,32360.0,30804.87109375,1555.12890625,1555.12890625,2418425.9150543213
2001-11-07 18:00:00,32444.0,32708.6484375,-264.6484375,264.6484375,70038.7954711914
2001-11-07 19:00:00,31501.0,31902.677734375,-401.677734375,401.677734375,161345.00229263306
2001-11-07 20:00:00,30560.0,30820.486328125,-260.486328125,260.486328125,67853.12714004517
2001-11-07 21:00:00,28887.0,29262.6484375,-375.6484375,375.6484375,141111.7485961914
2001-11-07 22:00:00,26197.0,26817.0,-620.0,620.0,384400.0
2001-11-07 23:00:00,23759.0,24147.197265625,-388.197265625,388.197265625,150697.1170387268
2001-11-08 00:00:00,22478.0,22251.8203125,226.1796875,226.1796875,51157.251037597656
2001-11-08 01:00:00,21558.0,21705.3984375,-147.3984375,147.3984375,21726.299377441406
2001-11-08 02:00:00,21251.0,21054.4765625,196.5234375,196.5234375,38621.461486816406
2001-11-08 03:00:00,21187.0,21289.302734375,-102.302734375,102.302734375,10465.849460601807
2001-11-08 04:00:00,21500.0,21748.509765625,-248.509765625,248.509765625,61757.10361099243
2001-11-08 05:00:00,24184.0,23300.33203125,883.66796875,883.66796875,780869.078994751
2001-11-08 06:00:00,27953.0,27588.845703125,364.154296875,364.154296875,132608.35193252563
2001-11-08 07:00:00,29668.0,29985.857421875,-317.857421875,317.857421875,101033.34064102173
2001-11-08 08:00:00,29958.0,29812.873046875,145.126953125,145.126953125,21061.832523345947
2001-11-08 09:00:00,30035.0,30222.375,-187.375,187.375,35109.390625
2001-11-08 10:00:00,30101.0,30012.45703125,88.54296875,88.54296875,7839.857315063477
2001-11-08 11:00:00,29935.0,29914.716796875,20.283203125,20.283203125,411.40832901000977
2001-11-08 12:00:00,29670.0,29661.0859375,8.9140625,8.9140625,79.46051025390625
2001-11-08 13:00:00,29627.0,29564.828125,62.171875,62.171875,3865.342041015625
2001-11-08 14:00:00,29294.0,29295.3359375,-1.3359375,1.3359375,1.78472900390625
2001-11-08 15:00:00,29023.0,29042.986328125,-19.986328125,19.986328125,399.453311920166
2001-11-08 16:00:00,29615.0,29892.6015625,-277.6015625,277.6015625,77062.6275024414
2001-11-08 17:00:00,32205.0,31294.587890625,910.412109375,910.412109375,828850.208896637
2001-11-08 18:00:00,32397.0,32127.951171875,269.048828125,269.048828125,72387.27191543579
2001-11-08 19:00:00,31582.0,31846.755859375,-264.755859375,264.755859375,70095.66507339478
2001-11-08 20:00:00,30452.0,30705.087890625,-253.087890625,253.087890625,64053.48038101196
2001-11-08 21:00:00,28715.0,28630.853515625,84.146484375,84.146484375,7080.630832672119
2001-11-08 22:00:00,26304.0,26300.076171875,3.923828125,3.923828125,15.396427154541016
2001-11-08 23:00:00,23894.0,24165.466796875,-271.466796875,271.466796875,73694.22180557251
2001-11-09 00:00:00,21987.0,22282.97265625,-295.97265625,295.97265625,87599.81324768066
2001-11-09 01:00:00,21235.0,21333.44140625,-98.44140625,98.44140625,9690.710464477539
2001-11-09 02:00:00,20792.0,20785.8125,6.1875,6.1875,38.28515625
2001-11-09 03:00:00,20705.0,20680.36328125,24.63671875,24.63671875,606.9679107666016
2001-11-09 04:00:00,21400.0,21312.248046875,87.751953125,87.751953125,7700.405277252197
2001-11-09 05:00:00,23297.0,23191.94140625,105.05859375,105.05859375,11037.308120727539
2001-11-09 06:00:00,26928.0,26661.8203125,266.1796875,266.1796875,70851.62603759766
2001-11-09 07:00:00,28807.0,29239.744140625,-432.744140625,432.744140625,187267.49124526978
2001-11-09 08:00:00,29560.0,29358.939453125,201.060546875,201.060546875,40425.34350967407
2001-11-09 09:00:00,29891.0,29974.462890625,-83.462890625,83.462890625,6966.054111480713
2001-11-09 10:00:00,30041.0,30041.755859375,-0.755859375,0.755859375,0.5713233947753906
2001-11-09 11:00:00,29898.0,29904.052734375,-6.052734375,6.052734375,36.63559341430664
2001-11-09 12:00:00,29387.0,29556.486328125,-169.486328125,169.486328125,28725.615421295166
2001-11-09 13:00:00,29404.0,29255.572265625,148.427734375,148.427734375,22030.792331695557
2001-11-09 14:00:00,28761.0,29147.1171875,-386.1171875,386.1171875,149086.48248291016
2001-11-09 15:00:00,28611.0,28543.759765625,67.240234375,67.240234375,4521.249118804932
2001-11-09 16:00:00,29608.0,29617.529296875,-9.529296875,9.529296875,90.80749893188477
2001-11-09 17:00:00,32244.0,32119.572265625,124.427734375,124.427734375,15482.261081695557
2001-11-09 18:00:00,32200.0,32141.478515625,58.521484375,58.521484375,3424.764133453369
2001-11-09 19:00:00,31419.0,31617.29296875,-198.29296875,198.29296875,39320.10145568848
2001-11-09 20:00:00,30539.0,30445.87890625,93.12109375,93.12109375,8671.538101196289
2001-11-09 21:00:00,29288.0,29036.853515625,251.146484375,251.146484375,63074.55661392212
2001-11-09 22:00:00,27430.0,26820.60546875,609.39453125,609.39453125,371361.6947174072
2001-11-09 23:00:00,25424.0,24862.59375,561.40625,561.40625,315176.9775390625
2001-11-10 00:00:00,23871.0,23318.1875,552.8125,552.8125,305601.66015625
2001-11-10 01:00:00,23010.0,22803.333984375,206.666015625,206.666015625,42710.842014312744
2001-11-10 02:00:00,22571.0,22708.662109375,-137.662109375,137.662109375,18950.856357574463
2001-11-10 03:00:00,22457.0,22520.6171875,-63.6171875,63.6171875,4047.1465454101562
2001-11-10 04:00:00,22569.0,23114.2265625,-545.2265625,545.2265625,297272.0044555664
2001-11-10 05:00:00,23569.0,23623.33984375,-54.33984375,54.33984375,2952.818618774414
2001-11-10 06:00:00,24713.0,26106.943359375,-1393.943359375,1393.943359375,1943078.0891456604
2001-11-10 07:00:00,25891.0,27142.248046875,-1251.248046875,1251.248046875,1565621.6748085022
2001-11-10 08:00:00,27488.0,27288.580078125,199.419921875,199.419921875,39768.3052406311
2001-11-10 09:00:00,27960.0,28431.15234375,-471.15234375,471.15234375,221984.53102111816
2001-11-10 10:00:00,27644.0,28039.388671875,-395.388671875,395.388671875,156332.20184707642
2001-11-10 11:00:00,27161.0,27548.52734375,-387.52734375,387.52734375,150177.44215393066
2001-11-10 12:00:00,26424.0,26720.71875,-296.71875,296.71875,88042.0166015625
2001-11-10 13:00:00,25721.0,25861.9609375,-140.9609375,140.9609375,19869.985900878906
2001-11-10 14:00:00,25114.0,25300.755859375,-186.755859375,186.755859375,34877.751010894775
2001-11-10 15:00:00,24926.0,24988.8125,-62.8125,62.8125,3945.41015625
2001-11-10 16:00:00,25814.0,26332.45703125,-518.45703125,518.45703125,268797.6932525635
2001-11-10 17:00:00,28560.0,27676.03515625,883.96484375,883.96484375,781393.8449859619
2001-11-10 18:00:00,28718.0,29266.01171875,-548.01171875,548.01171875,300316.8438873291
2001-11-10 19:00:00,28051.0,28281.00390625,-230.00390625,230.00390625,52901.79689025879
2001-11-10 20:00:00,27102.0,27128.400390625,-26.400390625,26.400390625,696.9806251525879
2001-11-10 21:00:00,25965.0,25932.728515625,32.271484375,32.271484375,1041.4487037658691
2001-11-10 22:00:00,24574.0,24927.2421875,-353.2421875,353.2421875,124780.04302978516
2001-11-10 23:00:00,22862.0,23359.44140625,-497.44140625,497.44140625,247447.95265197754
2001-11-11 00:00:00,21431.0,22003.251953125,-572.251953125,572.251953125,327472.2978553772
2001-11-11 01:00:00,20493.0,20774.341796875,-281.341796875,281.341796875,79153.20666885376
2001-11-11 02:00:00,19896.0,20648.48828125,-752.48828125,752.48828125,566238.6134185791
2001-11-11 03:00:00,19674.0,19802.892578125,-128.892578125,128.892578125,16613.29669570923
2001-11-11 04:00:00,19675.0,19759.177734375,-84.177734375,84.177734375,7085.890964508057
2001-11-11 05:00:00,20280.0,20274.353515625,5.646484375,5.646484375,31.88278579711914
2001-11-11 06:00:00,21111.0,21264.548828125,-153.548828125,153.548828125,23577.24261856079
2001-11-11 07:00:00,21889.0,22671.609375,-782.609375,782.609375,612477.4338378906
2001-11-11 08:00:00,23341.0,23633.01171875,-292.01171875,292.01171875,85270.8438873291
2001-11-11 09:00:00,24614.0,24831.8984375,-217.8984375,217.8984375,47479.729064941406
2001-11-11 10:00:00,24900.0,24972.5859375,-72.5859375,72.5859375,5268.718322753906
2001-11-11 11:00:00,24954.0,24743.634765625,210.365234375,210.365234375,44253.53183364868
2001-11-11 12:00:00,24786.0,25047.421875,-261.421875,261.421875,68341.39672851562
2001-11-11 13:00:00,24574.0,24515.5546875,58.4453125,58.4453125,3415.8545532226562
2001-11-11 14:00:00,24578.0,24323.88671875,254.11328125,254.11328125,64573.5597076416
2001-11-11 15:00:00,24433.0,24639.181640625,-206.181640625,206.181640625,42510.86893081665
2001-11-11 16:00:00,25483.0,25494.4921875,-11.4921875,11.4921875,132.07037353515625
2001-11-11 17:00:00,28620.0,27565.845703125,1054.154296875,1054.154296875,1111241.2816200256
2001-11-11 18:00:00,29376.0,28855.13671875,520.86328125,520.86328125,271298.5577545166
2001-11-11 19:00:00,28993.0,29229.833984375,-236.833984375,236.833984375,56090.336154937744
2001-11-11 20:00:00,28643.0,28419.439453125,223.560546875,223.560546875,49979.31811904907
2001-11-11 21:00:00,27662.0,27245.673828125,416.326171875,416.326171875,173327.48138809204
2001-11-11 22:00:00,25918.0,25807.921875,110.078125,110.078125,12117.193603515625
2001-11-11 23:00:00,24339.0,24026.6640625,312.3359375,312.3359375,97553.7378540039
2001-11-12 00:00:00,23093.0,22729.66015625,363.33984375,363.33984375,132015.8420562744
2001-11-12 01:00:00,22707.0,22048.310546875,658.689453125,658.689453125,433871.7956581116
2001-11-12 02:00:00,22656.0,22227.078125,428.921875,428.921875,183973.97485351562
2001-11-12 03:00:00,22574.0,22837.43359375,-263.43359375,263.43359375,69397.25831604004
2001-11-12 04:00:00,23418.0,23089.76953125,328.23046875,328.23046875,107735.24061584473
2001-11-12 05:00:00,25559.0,24903.48828125,655.51171875,655.51171875,429695.6134185791
2001-11-12 06:00:00,29311.0,28801.806640625,509.193359375,509.193359375,259277.8772315979
2001-11-12 07:00:00,31110.0,30765.330078125,344.669921875,344.669921875,118797.3550453186
2001-11-12 08:00:00,31696.0,31021.056640625,674.943359375,674.943359375,455548.5383644104
2001-11-12 09:00:00,31395.0,31401.318359375,-6.318359375,6.318359375,39.92166519165039
2001-11-12 10:00:00,31142.0,30507.669921875,634.330078125,634.330078125,402374.6480140686
2001-11-12 11:00:00,30790.0,30728.330078125,61.669921875,61.669921875,3803.1792640686035
2001-11-12 12:00:00,30392.0,30572.103515625,-180.103515625,180.103515625,32437.27634048462
2001-11-12 13:00:00,30023.0,30311.521484375,-288.521484375,288.521484375,83244.64694595337
2001-11-12 14:00:00,29665.0,29513.90625,151.09375,151.09375,22829.3212890625
2001-11-12 15:00:00,29537.0,29377.10546875,159.89453125,159.89453125,25566.261123657227
2001-11-12 16:00:00,30377.0,30297.982421875,79.017578125,79.017578125,6243.7776527404785
2001-11-12 17:00:00,33815.0,32287.603515625,1527.396484375,1527.396484375,2332940.0204811096
2001-11-12 18:00:00,34011.0,34514.51171875,-503.51171875,503.51171875,253524.0509185791
2001-11-12 19:00:00,33355.0,33539.69921875,-184.69921875,184.69921875,34113.80140686035
2001-11-12 20:00:00,32553.0,32548.365234375,4.634765625,4.634765625,21.48105239868164
2001-11-12 21:00:00,30931.0,30731.0859375,199.9140625,199.9140625,39965.632385253906
2001-11-12 22:00:00,28635.0,28550.640625,84.359375,84.359375,7116.504150390625
2001-11-12 23:00:00,26258.0,26283.55078125,-25.55078125,25.55078125,652.8424224853516
2001-11-13 00:00:00,24704.0,24782.67578125,-78.67578125,78.67578125,6189.878555297852
2001-11-13 01:00:00,24106.0,24194.6640625,-88.6640625,88.6640625,7861.315979003906
2001-11-13 02:00:00,23877.0,23994.146484375,-117.146484375,117.146484375,13723.29880142212
2001-11-13 03:00:00,23995.0,24014.111328125,-19.111328125,19.111328125,365.242862701416
2001-11-13 04:00:00,24784.0,24642.611328125,141.388671875,141.388671875,19990.756534576416
2001-11-13 05:00:00,27665.0,27000.95703125,664.04296875,664.04296875,440953.0643463135
2001-11-13 06:00:00,31716.0,30748.109375,967.890625,967.890625,936812.2619628906
2001-11-13 07:00:00,33260.0,32714.2109375,545.7890625,545.7890625,297885.7007446289
2001-11-13 08:00:00,32966.0,33073.97265625,-107.97265625,107.97265625,11658.094497680664
2001-11-13 09:00:00,32037.0,32647.8515625,-610.8515625,610.8515625,373139.6314086914
2001-11-13 10:00:00,31321.0,31581.90234375,-260.90234375,260.90234375,68070.03297424316
2001-11-13 11:00:00,30661.0,30253.6328125,407.3671875,407.3671875,165948.02545166016
2001-11-13 12:00:00,30227.0,30113.92578125,113.07421875,113.07421875,12785.778945922852
2001-11-13 13:00:00,29939.0,29835.07421875,103.92578125,103.92578125,10800.568008422852
2001-11-13 14:00:00,29425.0,29541.46875,-116.46875,116.46875,13564.9697265625
2001-11-13 15:00:00,29353.0,29345.30859375,7.69140625,7.69140625,59.15773010253906
2001-11-13 16:00:00,30346.0,30295.189453125,50.810546875,50.810546875,2581.7116737365723
2001-11-13 17:00:00,33416.0,32928.75,487.25,487.25,237412.5625
2001-11-13 18:00:00,33689.0,33975.328125,-286.328125,286.328125,81983.79516601562
2001-11-13 19:00:00,33135.0,32991.45703125,143.54296875,143.54296875,20604.583877563477
2001-11-13 20:00:00,32337.0,32078.841796875,258.158203125,258.158203125,66645.65784072876
2001-11-13 21:00:00,30571.0,30580.33984375,-9.33984375,9.33984375,87.23268127441406
2001-11-13 22:00:00,28115.0,28001.162109375,113.837890625,113.837890625,12959.065341949463
2001-11-13 23:00:00,25858.0,25722.1953125,135.8046875,135.8046875,18442.913146972656
2001-11-14 00:00:00,24200.0,24550.71875,-350.71875,350.71875,123003.6416015625
2001-11-14 01:00:00,23484.0,23469.28515625,14.71484375,14.71484375,216.52662658691406
2001-11-14 02:00:00,23217.0,23165.728515625,51.271484375,51.271484375,2628.765110015869
2001-11-14 03:00:00,23317.0,23143.01171875,173.98828125,173.98828125,30271.9220123291
2001-11-14 04:00:00,24073.0,23958.169921875,114.830078125,114.830078125,13185.946842193604
2001-11-14 05:00:00,26672.0,26350.01953125,321.98046875,321.98046875,103671.42225646973
2001-11-14 06:00:00,30653.0,29907.296875,745.703125,745.703125,556073.1506347656
2001-11-14 07:00:00,32457.0,32391.384765625,65.615234375,65.615234375,4305.358982086182
2001-11-14 08:00:00,32266.0,32498.07421875,-232.07421875,232.07421875,53858.44300842285
2001-11-14 09:00:00,31713.0,31932.798828125,-219.798828125,219.798828125,48311.52484512329
2001-11-14 10:00:00,31412.0,31015.498046875,396.501953125,396.501953125,157213.7988319397
2001-11-14 11:00:00,30910.0,30820.869140625,89.130859375,89.130859375,7944.310092926025
2001-11-14 12:00:00,30293.0,30275.896484375,17.103515625,17.103515625,292.53024673461914
2001-11-14 13:00:00,30005.0,29947.384765625,57.615234375,57.615234375,3319.5152320861816
2001-11-14 14:00:00,29552.0,29603.119140625,-51.119140625,51.119140625,2613.1665382385254
2001-11-14 15:00:00,29662.0,29471.365234375,190.634765625,190.634765625,36341.61386489868
2001-11-14 16:00:00,30591.0,31076.580078125,-485.580078125,485.580078125,235788.0122718811
2001-11-14 17:00:00,33359.0,33273.37109375,85.62890625,85.62890625,7332.309585571289
2001-11-14 18:00:00,33452.0,33935.44140625,-483.44140625,483.44140625,233715.59327697754
2001-11-14 19:00:00,32632.0,32648.732421875,-16.732421875,16.732421875,279.9739418029785
2001-11-14 20:00:00,31968.0,31786.5078125,181.4921875,181.4921875,32939.414123535156
2001-11-14 21:00:00,30382.0,30439.103515625,-57.103515625,57.103515625,3260.811496734619
2001-11-14 22:00:00,27927.0,27959.443359375,-32.443359375,32.443359375,1052.5715675354004
2001-11-14 23:00:00,25466.0,25416.4453125,49.5546875,49.5546875,2455.6670532226562
2001-11-15 00:00:00,23828.0,23906.896484375,-78.896484375,78.896484375,6224.655246734619
2001-11-15 01:00:00,23068.0,23079.3125,-11.3125,11.3125,127.97265625
2001-11-15 02:00:00,22697.0,22772.76171875,-75.76171875,75.76171875,5739.838027954102
2001-11-15 03:00:00,22617.0,22693.611328125,-76.611328125,76.611328125,5869.295597076416
2001-11-15 04:00:00,23230.0,23400.90234375,-170.90234375,170.90234375,29207.611099243164
2001-11-15 05:00:00,25209.0,24982.708984375,226.291015625,226.291015625,51207.623752593994
2001-11-15 06:00:00,29218.0,28608.330078125,609.669921875,609.669921875,371697.4136390686
2001-11-15 07:00:00,31094.0,31079.515625,14.484375,14.484375,209.797119140625
2001-11-15 08:00:00,31252.0,31131.044921875,120.955078125,120.955078125,14630.130924224854
2001-11-15 09:00:00,30925.0,31438.291015625,-513.291015625,513.291015625,263467.666721344
2001-11-15 10:00:00,30790.0,30796.298828125,-6.298828125,6.298828125,39.675235748291016
2001-11-15 11:00:00,30819.0,30392.720703125,426.279296875,426.279296875,181714.03894424438
2001-11-15 12:00:00,30562.0,30415.578125,146.421875,146.421875,21439.365478515625
2001-11-15 13:00:00,30539.0,30311.859375,227.140625,227.140625,51592.863525390625
2001-11-15 14:00:00,30187.0,30249.03125,-62.03125,62.03125,3847.8759765625
2001-11-15 15:00:00,29966.0,30117.740234375,-151.740234375,151.740234375,23025.09872817993
2001-11-15 16:00:00,30747.0,30442.01953125,304.98046875,304.98046875,93013.08631896973
2001-11-15 17:00:00,33382.0,32481.189453125,900.810546875,900.810546875,811459.6413612366
2001-11-15 18:00:00,33198.0,33756.3984375,-558.3984375,558.3984375,311808.8150024414
2001-11-15 19:00:00,32394.0,32682.7734375,-288.7734375,288.7734375,83390.0982055664
2001-11-15 20:00:00,31446.0,31707.078125,-261.078125,261.078125,68161.78735351562
2001-11-15 21:00:00,29697.0,29890.892578125,-193.892578125,193.892578125,37594.33185195923
2001-11-15 22:00:00,27145.0,27339.978515625,-194.978515625,194.978515625,38016.62155532837
2001-11-15 23:00:00,24905.0,24900.71875,4.28125,4.28125,18.3291015625
2001-11-16 00:00:00,23128.0,23404.548828125,-276.548828125,276.548828125,76479.25433731079
2001-11-16 01:00:00,22164.0,22350.111328125,-186.111328125,186.111328125,34637.426456451416
2001-11-16 02:00:00,21830.0,21893.70703125,-63.70703125,63.70703125,4058.5858306884766
2001-11-16 03:00:00,21724.0,21709.23828125,14.76171875,14.76171875,217.90834045410156
2001-11-16 04:00:00,22205.0,22214.08203125,-9.08203125,9.08203125,82.48329162597656
2001-11-16 05:00:00,24147.0,24336.001953125,-189.001953125,189.001953125,35721.7382850647
2001-11-16 06:00:00,27994.0,27838.275390625,155.724609375,155.724609375,24250.153964996338
2001-11-16 07:00:00,29556.0,30051.654296875,-495.654296875,495.654296875,245673.18201065063
2001-11-16 08:00:00,29731.0,29891.333984375,-160.333984375,160.333984375,25706.986545562744
2001-11-16 09:00:00,29809.0,29762.447265625,46.552734375,46.552734375,2167.1570777893066
2001-11-16 10:00:00,29849.0,29681.498046875,167.501953125,167.501953125,28056.904300689697
2001-11-16 11:00:00,29912.0,29637.4375,274.5625,274.5625,75384.56640625
2001-11-16 12:00:00,29723.0,29652.69140625,70.30859375,70.30859375,4943.298355102539
2001-11-16 13:00:00,29656.0,29538.76953125,117.23046875,117.23046875,13742.982803344727
2001-11-16 14:00:00,29337.0,29309.966796875,27.033203125,27.033203125,730.7940711975098
2001-11-16 15:00:00,28876.0,29114.103515625,-238.103515625,238.103515625,56693.28415298462
2001-11-16 16:00:00,29350.0,29893.31640625,-543.31640625,543.31640625,295192.71730041504
2001-11-16 17:00:00,31655.0,30048.978515625,1606.021484375,1606.021484375,2579305.0082740784
2001-11-16 18:00:00,31658.0,32213.203125,-555.203125,555.203125,308250.5100097656
2001-11-16 19:00:00,30709.0,31146.9140625,-437.9140625,437.9140625,191768.7261352539
2001-11-16 20:00:00,29608.0,29862.09765625,-254.09765625,254.09765625,64565.618911743164
2001-11-16 21:00:00,28283.0,28143.484375,139.515625,139.515625,19464.609619140625
2001-11-16 22:00:00,26165.0,26333.95703125,-168.95703125,168.95703125,28546.478408813477
2001-11-16 23:00:00,24139.0,24009.767578125,129.232421875,129.232421875,16701.01886367798
2001-11-17 00:00:00,22423.0,22641.978515625,-218.978515625,218.978515625,47951.59030532837
2001-11-17 01:00:00,21105.0,21607.490234375,-502.490234375,502.490234375,252496.43564224243
2001-11-17 02:00:00,20583.0,20711.783203125,-128.783203125,128.783203125,16585.11340713501
2001-11-17 03:00:00,20412.0,20403.298828125,8.701171875,8.701171875,75.71039199829102
2001-11-17 04:00:00,20598.0,20660.923828125,-62.923828125,62.923828125,3959.408145904541
2001-11-17 05:00:00,21500.0,21515.333984375,-15.333984375,15.333984375,235.13107681274414
2001-11-17 06:00:00,22830.0,22806.43359375,23.56640625,23.56640625,555.3755035400391
2001-11-17 07:00:00,24228.0,24532.599609375,-304.599609375,304.599609375,92780.92203140259
2001-11-17 08:00:00,26084.0,25740.173828125,343.826171875,343.826171875,118216.43646621704
2001-11-17 09:00:00,26814.0,27173.62890625,-359.62890625,359.62890625,129332.95021057129
2001-11-17 10:00:00,27117.0,27518.494140625,-401.494140625,401.494140625,161197.54495620728
2001-11-17 11:00:00,26510.0,26900.78515625,-390.78515625,390.78515625,152713.0383453369
2001-11-17 12:00:00,25805.0,25898.9921875,-93.9921875,93.9921875,8834.531311035156
2001-11-17 13:00:00,25213.0,24948.703125,264.296875,264.296875,69852.83813476562
2001-11-17 14:00:00,24627.0,24760.185546875,-133.185546875,133.185546875,17738.389896392822
2001-11-17 15:00:00,24481.0,24475.66796875,5.33203125,5.33203125,28.430557250976562
2001-11-17 16:00:00,25787.0,25849.13671875,-62.13671875,62.13671875,3860.9718170166016
2001-11-17 17:00:00,28993.0,28842.498046875,150.501953125,150.501953125,22650.837894439697
2001-11-17 18:00:00,29293.0,29155.59375,137.40625,137.40625,18880.4775390625
2001-11-17 19:00:00,28783.0,28691.49609375,91.50390625,91.50390625,8372.964859008789
2001-11-17 20:00:00,28221.0,28244.7734375,-23.7734375,23.7734375,565.1763305664062
2001-11-17 21:00:00,27216.0,26984.712890625,231.287109375,231.287109375,53493.72696304321
2001-11-17 22:00:00,25969.0,25454.90625,514.09375,514.09375,264292.3837890625
2001-11-17 23:00:00,24274.0,24038.21875,235.78125,235.78125,55592.7978515625
2001-11-18 00:00:00,22853.0,22559.51171875,293.48828125,293.48828125,86135.3712310791
2001-11-18 01:00:00,22130.0,21784.779296875,345.220703125,345.220703125,119177.33386611938
2001-11-18 02:00:00,21762.0,21760.509765625,1.490234375,1.490234375,2.2207984924316406
2001-11-18 03:00:00,21679.0,21700.2109375,-21.2109375,21.2109375,449.90386962890625
2001-11-18 04:00:00,21889.0,22256.333984375,-367.333984375,367.333984375,134934.25607681274
2001-11-18 05:00:00,22484.0,23291.451171875,-807.451171875,807.451171875,651977.3949623108
2001-11-18 06:00:00,23286.0,23869.33984375,-583.33984375,583.33984375,340285.3733062744
2001-11-18 07:00:00,23988.0,24686.623046875,-698.623046875,698.623046875,488074.16162490845
2001-11-18 08:00:00,25363.0,25031.337890625,331.662109375,331.662109375,109999.75479507446
2001-11-18 09:00:00,26092.0,25921.921875,170.078125,170.078125,28926.568603515625
2001-11-18 10:00:00,26028.0,26156.4375,-128.4375,128.4375,16496.19140625
2001-11-18 11:00:00,25787.0,25885.8671875,-98.8671875,98.8671875,9774.720764160156
2001-11-18 12:00:00,25565.0,25344.70703125,220.29296875,220.29296875,48528.99208068848
2001-11-18 13:00:00,25159.0,25318.392578125,-159.392578125,159.392578125,25405.99396133423
2001-11-18 14:00:00,24756.0,25076.869140625,-320.869140625,320.869140625,102957.00540542603
2001-11-18 15:00:00,24774.0,24626.72265625,147.27734375,147.27734375,21690.615982055664
2001-11-18 16:00:00,26181.0,25497.751953125,683.248046875,683.248046875,466827.8935585022
2001-11-18 17:00:00,29386.0,28208.60546875,1177.39453125,1177.39453125,1386257.8822174072
2001-11-18 18:00:00,29859.0,29941.798828125,-82.798828125,82.798828125,6855.645938873291
2001-11-18 19:00:00,29511.0,29499.896484375,11.103515625,11.103515625,123.28805923461914
2001-11-18 20:00:00,28974.0,28852.46875,121.53125,121.53125,14769.8447265625
2001-11-18 21:00:00,27829.0,28001.75390625,-172.75390625,172.75390625,29843.91212463379
2001-11-18 22:00:00,26014.0,25973.341796875,40.658203125,40.658203125,1653.0894813537598
2001-11-18 23:00:00,24084.0,24082.740234375,1.259765625,1.259765625,1.5870094299316406
2001-11-19 00:00:00,22808.0,22675.369140625,132.630859375,132.630859375,17590.944858551025
2001-11-19 01:00:00,22228.0,22099.302734375,128.697265625,128.697265625,16562.986179351807
2001-11-19 02:00:00,22096.0,21937.9296875,158.0703125,158.0703125,24986.223693847656
2001-11-19 03:00:00,22211.0,22431.873046875,-220.873046875,220.873046875,48784.90283584595
2001-11-19 04:00:00,23069.0,23479.939453125,-410.939453125,410.939453125,168871.23413467407
2001-11-19 05:00:00,25005.0,25368.1015625,-363.1015625,363.1015625,131842.7446899414
2001-11-19 06:00:00,28866.0,28078.78515625,787.21484375,787.21484375,619707.2102203369
2001-11-19 07:00:00,31001.0,31078.390625,-77.390625,77.390625,5989.308837890625
2001-11-19 08:00:00,31386.0,31620.587890625,-234.587890625,234.587890625,55031.47842788696
2001-11-19 09:00:00,31156.0,31456.71875,-300.71875,300.71875,90431.7666015625
2001-11-19 10:00:00,31053.0,30967.50390625,85.49609375,85.49609375,7309.582046508789
2001-11-19 11:00:00,30716.0,30738.822265625,-22.822265625,22.822265625,520.8558082580566
2001-11-19 12:00:00,30125.0,30368.990234375,-243.990234375,243.990234375,59531.23447036743
2001-11-19 13:00:00,29973.0,29987.705078125,-14.705078125,14.705078125,216.23932266235352
2001-11-19 14:00:00,29770.0,29411.42578125,358.57421875,358.57421875,128575.47035217285
2001-11-19 15:00:00,29500.0,29700.2421875,-200.2421875,200.2421875,40096.933654785156
2001-11-19 16:00:00,30036.0,30366.37109375,-330.37109375,330.37109375,109145.05958557129
2001-11-19 17:00:00,32499.0,31890.416015625,608.583984375,608.583984375,370374.46603775024
2001-11-19 18:00:00,32738.0,32464.46484375,273.53515625,273.53515625,74821.48170471191
2001-11-19 19:00:00,32615.0,32159.369140625,455.630859375,455.630859375,207599.48001480103
2001-11-19 20:00:00,31824.0,31788.607421875,35.392578125,35.392578125,1252.6345863342285
2001-11-19 21:00:00,30098.0,30102.140625,-4.140625,4.140625,17.144775390625
2001-11-19 22:00:00,27463.0,27810.0859375,-347.0859375,347.0859375,120468.6480102539
2001-11-19 23:00:00,24830.0,24986.560546875,-156.560546875,156.560546875,24511.204837799072
2001-11-20 00:00:00,22953.0,23421.478515625,-468.478515625,468.478515625,219472.11960220337
2001-11-20 01:00:00,21969.0,22154.44140625,-185.44140625,185.44140625,34388.51515197754
2001-11-20 02:00:00,21563.0,21757.509765625,-194.509765625,194.509765625,37834.04892349243
2001-11-20 03:00:00,21471.0,21535.955078125,-64.955078125,64.955078125,4219.1621742248535
2001-11-20 04:00:00,22182.0,21895.08203125,286.91796875,286.91796875,82321.92079162598
2001-11-20 05:00:00,24225.0,24370.224609375,-145.224609375,145.224609375,21090.187168121338
2001-11-20 06:00:00,28108.0,28138.01953125,-30.01953125,30.01953125,901.1722564697266
2001-11-20 07:00:00,30431.0,30061.328125,369.671875,369.671875,136657.29516601562
2001-11-20 08:00:00,30967.0,30802.982421875,164.017578125,164.017578125,26901.76593399048
2001-11-20 09:00:00,31255.0,31163.42578125,91.57421875,91.57421875,8385.837539672852
2001-11-20 10:00:00,31331.0,31516.095703125,-185.095703125,185.095703125,34260.419315338135
2001-11-20 11:00:00,31202.0,31086.443359375,115.556640625,115.556640625,13353.3371925354
2001-11-20 12:00:00,30895.0,30898.17578125,-3.17578125,3.17578125,10.085586547851562
2001-11-20 13:00:00,30761.0,30617.345703125,143.654296875,143.654296875,20636.557010650635
2001-11-20 14:00:00,30480.0,30414.779296875,65.220703125,65.220703125,4253.740116119385
2001-11-20 15:00:00,30609.0,30289.619140625,319.380859375,319.380859375,102004.13333511353
2001-11-20 16:00:00,31743.0,31211.3671875,531.6328125,531.6328125,282633.44732666016
2001-11-20 17:00:00,34840.0,33820.5,1019.5,1019.5,1039380.25
2001-11-20 18:00:00,34848.0,34822.23046875,25.76953125,25.76953125,664.0687408447266
2001-11-20 19:00:00,34191.0,34062.77734375,128.22265625,128.22265625,16441.049575805664
2001-11-20 20:00:00,33615.0,33570.171875,44.828125,44.828125,2009.560791015625
2001-11-20 21:00:00,32435.0,32022.900390625,412.099609375,412.099609375,169826.0880470276
2001-11-20 22:00:00,29753.0,29507.91796875,245.08203125,245.08203125,60065.20204162598
2001-11-20 23:00:00,27372.0,27009.556640625,362.443359375,362.443359375,131365.1887550354
2001-11-21 00:00:00,25606.0,25374.31640625,231.68359375,231.68359375,53677.28761291504
2001-11-21 01:00:00,24807.0,24546.1015625,260.8984375,260.8984375,68067.9946899414
2001-11-21 02:00:00,24495.0,24438.23046875,56.76953125,56.76953125,3222.7796783447266
2001-11-21 03:00:00,24633.0,24347.509765625,285.490234375,285.490234375,81504.67392349243
2001-11-21 04:00:00,25375.0,25782.30078125,-407.30078125,407.30078125,165893.92640686035
2001-11-21 05:00:00,27400.0,27642.7265625,-242.7265625,242.7265625,58916.184143066406
2001-11-21 06:00:00,31198.0,30943.2265625,254.7734375,254.7734375,64909.504455566406
2001-11-21 07:00:00,33049.0,32847.8203125,201.1796875,201.1796875,40473.266662597656
2001-11-21 08:00:00,33309.0,32861.78515625,447.21484375,447.21484375,200001.1164703369
2001-11-21 09:00:00,32861.0,32983.3359375,-122.3359375,122.3359375,14966.081604003906
2001-11-21 10:00:00,32480.0,32742.0703125,-262.0703125,262.0703125,68680.84869384766
2001-11-21 11:00:00,32070.0,32111.70703125,-41.70703125,41.70703125,1739.4764556884766
2001-11-21 12:00:00,31116.0,31475.201171875,-359.201171875,359.201171875,129025.48187637329
2001-11-21 13:00:00,30722.0,30374.365234375,347.634765625,347.634765625,120849.93027114868
2001-11-21 14:00:00,30205.0,30364.091796875,-159.091796875,159.091796875,25310.19983291626
2001-11-21 15:00:00,29940.0,30171.7109375,-231.7109375,231.7109375,53689.958557128906
2001-11-21 16:00:00,30880.0,31027.80859375,-147.80859375,147.80859375,21847.38038635254
2001-11-21 17:00:00,33760.0,32920.7734375,839.2265625,839.2265625,704301.2232055664
2001-11-21 18:00:00,33939.0,34382.03515625,-443.03515625,443.03515625,196280.1496734619
2001-11-21 19:00:00,33213.0,33687.93359375,-474.93359375,474.93359375,225561.91847229004
2001-11-21 20:00:00,32521.0,32376.900390625,144.099609375,144.099609375,20764.697422027588
2001-11-21 21:00:00,31178.0,30827.662109375,350.337890625,350.337890625,122736.63760757446
2001-11-21 22:00:00,29036.0,28888.189453125,147.810546875,147.810546875,21847.957767486572
2001-11-21 23:00:00,26709.0,26603.642578125,105.357421875,105.357421875,11100.186344146729
2001-11-22 00:00:00,24858.0,25103.90625,-245.90625,245.90625,60469.8837890625
2001-11-22 01:00:00,23781.0,24112.611328125,-331.611328125,331.611328125,109966.07294082642
2001-11-22 02:00:00,23260.0,23158.876953125,101.123046875,101.123046875,10225.870609283447
2001-11-22 03:00:00,23138.0,22912.73828125,225.26171875,225.26171875,50742.8419342041
2001-11-22 04:00:00,23346.0,23596.61328125,-250.61328125,250.61328125,62807.0167388916
2001-11-22 05:00:00,24009.0,24751.26953125,-742.26953125,742.26953125,550964.0570220947
2001-11-22 06:00:00,25067.0,26059.234375,-992.234375,992.234375,984529.0549316406
2001-11-22 07:00:00,25857.0,26698.751953125,-841.751953125,841.751953125,708546.3505897522
2001-11-22 08:00:00,27008.0,26996.76953125,11.23046875,11.23046875,126.12342834472656
2001-11-22 09:00:00,27703.0,27876.8828125,-173.8828125,173.8828125,30235.232482910156
2001-11-22 10:00:00,27867.0,27872.14453125,-5.14453125,5.14453125,26.466201782226562
2001-11-22 11:00:00,27427.0,27507.5703125,-80.5703125,80.5703125,6491.575256347656
2001-11-22 12:00:00,26487.0,26787.158203125,-300.158203125,300.158203125,90094.94690322876
2001-11-22 13:00:00,25284.0,25898.310546875,-614.310546875,614.310546875,377377.4480018616
2001-11-22 14:00:00,24235.0,24754.03125,-519.03125,519.03125,269393.4384765625
2001-11-22 15:00:00,23487.0,23794.11328125,-307.11328125,307.11328125,94318.5675201416
2001-11-22 16:00:00,23734.0,24299.642578125,-565.642578125,565.642578125,319951.5261878967
2001-11-22 17:00:00,25518.0,25193.0703125,324.9296875,324.9296875,105579.30181884766
2001-11-22 18:00:00,25724.0,27365.78515625,-1641.78515625,1641.78515625,2695458.499282837
2001-11-22 19:00:00,25817.0,26279.75390625,-462.75390625,462.75390625,214141.1777496338
2001-11-22 20:00:00,25885.0,26446.6328125,-561.6328125,561.6328125,315431.41607666016
2001-11-22 21:00:00,25599.0,25516.255859375,82.744140625,82.744140625,6846.592807769775
2001-11-22 22:00:00,24654.0,25051.8984375,-397.8984375,397.8984375,158323.1665649414
2001-11-22 23:00:00,23294.0,24048.384765625,-754.384765625,754.384765625,569096.3746070862
2001-11-23 00:00:00,22051.0,22703.962890625,-652.962890625,652.962890625,426360.5365333557
2001-11-23 01:00:00,21382.0,21518.30078125,-136.30078125,136.30078125,18577.90296936035
2001-11-23 02:00:00,21285.0,21236.5390625,48.4609375,48.4609375,2348.4624633789062
2001-11-23 03:00:00,21373.0,21191.353515625,181.646484375,181.646484375,32995.44528579712
2001-11-23 04:00:00,21936.0,21865.470703125,70.529296875,70.529296875,4974.381717681885
2001-11-23 05:00:00,23208.0,22871.685546875,336.314453125,336.314453125,113107.41138076782
2001-11-23 06:00:00,25138.0,24507.650390625,630.349609375,630.349609375,397340.6300392151
2001-11-23 07:00:00,26208.0,26350.337890625,-142.337890625,142.337890625,20260.075107574463
2001-11-23 08:00:00,27303.0,26965.861328125,337.138671875,337.138671875,113662.48407363892
2001-11-23 09:00:00,27590.0,27546.978515625,43.021484375,43.021484375,1850.8481178283691
2001-11-23 10:00:00,27383.0,27342.345703125,40.654296875,40.654296875,1652.7718544006348
2001-11-23 11:00:00,27071.0,26692.142578125,378.857421875,378.857421875,143532.94610977173
2001-11-23 12:00:00,26506.0,26422.76953125,83.23046875,83.23046875,6927.310928344727
2001-11-23 13:00:00,26065.0,25317.345703125,747.654296875,747.654296875,558986.9476356506
2001-11-23 14:00:00,25535.0,25773.435546875,-238.435546875,238.435546875,56851.51001358032
2001-11-23 15:00:00,25411.0,25492.1953125,-81.1953125,81.1953125,6592.678771972656
2001-11-23 16:00:00,26577.0,25777.484375,799.515625,799.515625,639225.2346191406
2001-11-23 17:00:00,29655.0,27801.7890625,1853.2109375,1853.2109375,3434390.778869629
2001-11-23 18:00:00,29591.0,30435.064453125,-844.064453125,844.064453125,712444.8010292053
2001-11-23 19:00:00,28912.0,29107.943359375,-195.943359375,195.943359375,38393.8000831604
2001-11-23 20:00:00,28260.0,28287.333984375,-27.333984375,27.333984375,747.1467018127441
2001-11-23 21:00:00,27101.0,26561.349609375,539.650390625,539.650390625,291222.5441017151
2001-11-23 22:00:00,25568.0,25288.71484375,279.28515625,279.28515625,78000.19850158691
2001-11-23 23:00:00,23630.0,23696.77734375,-66.77734375,66.77734375,4459.213638305664
2001-11-24 00:00:00,22012.0,22367.716796875,-355.716796875,355.716796875,126534.43957901001
2001-11-24 01:00:00,21066.0,21145.1015625,-79.1015625,79.1015625,6257.057189941406
2001-11-24 02:00:00,20506.0,20504.76171875,1.23828125,1.23828125,1.5333404541015625
2001-11-24 03:00:00,20251.0,20302.01953125,-51.01953125,51.01953125,2602.9925689697266
2001-11-24 04:00:00,20261.0,20534.275390625,-273.275390625,273.275390625,74679.43912124634
2001-11-24 05:00:00,20822.0,21100.20703125,-278.20703125,278.20703125,77399.15223693848
2001-11-24 06:00:00,21841.0,22255.234375,-414.234375,414.234375,171590.11743164062
2001-11-24 07:00:00,22978.0,23416.375,-438.375,438.375,192172.640625
2001-11-24 08:00:00,24906.0,24487.482421875,418.517578125,418.517578125,175156.96319961548
2001-11-24 09:00:00,26440.0,25832.140625,607.859375,607.859375,369493.0197753906
2001-11-24 10:00:00,27000.0,27032.37109375,-32.37109375,32.37109375,1047.887710571289
2001-11-24 11:00:00,26950.0,27066.583984375,-116.583984375,116.583984375,13591.825412750244
2001-11-24 12:00:00,26495.0,26554.474609375,-59.474609375,59.474609375,3537.229160308838
2001-11-24 13:00:00,25933.0,26346.69921875,-413.69921875,413.69921875,171147.04359436035
2001-11-24 14:00:00,25409.0,25721.97265625,-312.97265625,312.97265625,97951.88356018066
2001-11-24 15:00:00,25440.0,25360.26171875,79.73828125,79.73828125,6358.193496704102
2001-11-24 16:00:00,26784.0,26550.236328125,233.763671875,233.763671875,54645.454288482666
2001-11-24 17:00:00,28971.0,27923.224609375,1047.775390625,1047.775390625,1097833.2691993713
2001-11-24 18:00:00,28737.0,29337.6015625,-600.6015625,600.6015625,360722.2368774414
2001-11-24 19:00:00,28267.0,28502.8671875,-235.8671875,235.8671875,55633.330139160156
2001-11-24 20:00:00,27502.0,27730.953125,-228.953125,228.953125,52419.533447265625
2001-11-24 21:00:00,26412.0,26693.107421875,-281.107421875,281.107421875,79021.38263320923
2001-11-24 22:00:00,24868.0,24603.298828125,264.701171875,264.701171875,70066.71039199829
2001-11-24 23:00:00,23055.0,22988.28515625,66.71484375,66.71484375,4450.870376586914
2001-11-25 00:00:00,21211.0,21556.384765625,-345.384765625,345.384765625,119290.63632583618
2001-11-25 01:00:00,20033.0,20503.015625,-470.015625,470.015625,220914.68774414062
2001-11-25 02:00:00,19423.0,19727.6328125,-304.6328125,304.6328125,92801.15045166016
2001-11-25 03:00:00,19084.0,19004.76953125,79.23046875,79.23046875,6277.467178344727
2001-11-25 04:00:00,19031.0,18998.109375,32.890625,32.890625,1081.793212890625
2001-11-25 05:00:00,19336.0,19260.103515625,75.896484375,75.896484375,5760.276340484619
2001-11-25 06:00:00,20051.0,20025.494140625,25.505859375,25.505859375,650.5488624572754
2001-11-25 07:00:00,20775.0,21041.05859375,-266.05859375,266.05859375,70787.17530822754
2001-11-25 08:00:00,22546.0,22692.9296875,-146.9296875,146.9296875,21588.333068847656
2001-11-25 09:00:00,23979.0,23902.220703125,76.779296875,76.779296875,5895.060428619385
2001-11-25 10:00:00,24796.0,24739.771484375,56.228515625,56.228515625,3161.645969390869
2001-11-25 11:00:00,25177.0,25025.349609375,151.650390625,151.650390625,22997.840976715088
2001-11-25 12:00:00,25533.0,25091.1953125,441.8046875,441.8046875,195191.38189697266
2001-11-25 13:00:00,25458.0,25336.501953125,121.498046875,121.498046875,14761.775394439697
2001-11-25 14:00:00,25318.0,25304.765625,13.234375,13.234375,175.148681640625
2001-11-25 15:00:00,25653.0,25355.291015625,297.708984375,297.708984375,88630.639377594
2001-11-25 16:00:00,27417.0,26241.783203125,1175.216796875,1175.216796875,1381134.519657135
2001-11-25 17:00:00,29368.0,28129.201171875,1238.798828125,1238.798828125,1534622.5365638733
2001-11-25 18:00:00,29373.0,29182.68359375,190.31640625,190.31640625,36220.33448791504
2001-11-25 19:00:00,28740.0,29564.994140625,-824.994140625,824.994140625,680615.3320655823
2001-11-25 20:00:00,27864.0,28578.8515625,-714.8515625,714.8515625,511012.7564086914
2001-11-25 21:00:00,26493.0,26525.318359375,-32.318359375,32.318359375,1044.4763526916504
2001-11-25 22:00:00,24571.0,25233.244140625,-662.244140625,662.244140625,438567.3017921448
2001-11-25 23:00:00,22333.0,22948.453125,-615.453125,615.453125,378782.5490722656
2001-11-26 00:00:00,20844.0,21125.65234375,-281.65234375,281.65234375,79328.04273986816
2001-11-26 01:00:00,20019.0,20283.69140625,-264.69140625,264.69140625,70061.54054260254
2001-11-26 02:00:00,19738.0,19881.65625,-143.65625,143.65625,20637.1181640625
2001-11-26 03:00:00,19730.0,19609.068359375,120.931640625,120.931640625,14624.46170425415
2001-11-26 04:00:00,20423.0,20595.654296875,-172.654296875,172.654296875,29809.506229400635
2001-11-26 05:00:00,22336.0,22316.14453125,19.85546875,19.85546875,394.23963928222656
2001-11-26 06:00:00,25816.0,25977.880859375,-161.880859375,161.880859375,26205.412631988525
2001-11-26 07:00:00,27836.0,28361.98828125,-525.98828125,525.98828125,276663.6720123291
2001-11-26 08:00:00,28753.0,29636.6015625,-883.6015625,883.6015625,780751.7212524414
2001-11-26 09:00:00,29265.0,30120.62109375,-855.62109375,855.62109375,732087.4560699463
2001-11-26 10:00:00,29507.0,29967.474609375,-460.474609375,460.474609375,212036.86587905884
2001-11-26 11:00:00,29574.0,29777.837890625,-203.837890625,203.837890625,41549.88565444946
2001-11-26 12:00:00,29378.0,29515.140625,-137.140625,137.140625,18807.551025390625
2001-11-26 13:00:00,29207.0,29316.38671875,-109.38671875,109.38671875,11965.454238891602
2001-11-26 14:00:00,28905.0,29091.818359375,-186.818359375,186.818359375,34901.09939956665
2001-11-26 15:00:00,28791.0,29179.08984375,-388.08984375,388.08984375,150613.7268218994
2001-11-26 16:00:00,30017.0,29294.873046875,722.126953125,722.126953125,521467.33642959595
2001-11-26 17:00:00,33001.0,31251.494140625,1749.505859375,1749.505859375,3060770.7519874573
2001-11-26 18:00:00,33040.0,32961.015625,78.984375,78.984375,6238.531494140625
2001-11-26 19:00:00,32338.0,32234.2109375,103.7890625,103.7890625,10772.169494628906
2001-11-26 20:00:00,31344.0,31028.197265625,315.802734375,315.802734375,99731.3670387268
2001-11-26 21:00:00,29719.0,29491.0,228.0,228.0,51984.0
2001-11-26 22:00:00,27020.0,27072.953125,-52.953125,52.953125,2804.033447265625
2001-11-26 23:00:00,24587.0,24275.3984375,311.6015625,311.6015625,97095.5337524414
2001-11-27 00:00:00,22874.0,22895.98828125,-21.98828125,21.98828125,483.48451232910156
2001-11-27 01:00:00,22015.0,22080.76953125,-65.76953125,65.76953125,4325.631240844727
2001-11-27 02:00:00,21739.0,21642.8671875,96.1328125,96.1328125,9241.517639160156
2001-11-27 03:00:00,21837.0,21465.435546875,371.564453125,371.564453125,138060.14282608032
2001-11-27 04:00:00,22492.0,22455.669921875,36.330078125,36.330078125,1319.8745765686035
2001-11-27 05:00:00,24644.0,24755.521484375,-111.521484375,111.521484375,12437.04147720337
2001-11-27 06:00:00,28576.0,28162.150390625,413.849609375,413.849609375,171271.4991798401
2001-11-27 07:00:00,30472.0,30818.375,-346.375,346.375,119975.640625
2001-11-27 08:00:00,31091.0,30981.701171875,109.298828125,109.298828125,11946.233829498291
2001-11-27 09:00:00,31114.0,31184.64453125,-70.64453125,70.64453125,4990.649795532227
2001-11-27 10:00:00,31075.0,31204.8671875,-129.8671875,129.8671875,16865.486389160156
2001-11-27 11:00:00,30932.0,30793.314453125,138.685546875,138.685546875,19233.680912017822
2001-11-27 12:00:00,30850.0,30764.81640625,85.18359375,85.18359375,7256.244644165039
2001-11-27 13:00:00,30544.0,30599.6640625,-55.6640625,55.6640625,3098.4878540039062
2001-11-27 14:00:00,30217.0,30178.533203125,38.466796875,38.466796875,1479.6944618225098
2001-11-27 15:00:00,30285.0,30081.09765625,203.90234375,203.90234375,41576.165786743164
2001-11-27 16:00:00,31808.0,31203.435546875,604.564453125,604.564453125,365498.1779823303
2001-11-27 17:00:00,34450.0,34618.03515625,-168.03515625,168.03515625,28235.813735961914
2001-11-27 18:00:00,34314.0,34186.62890625,127.37109375,127.37109375,16223.395523071289
2001-11-27 19:00:00,33468.0,33728.125,-260.125,260.125,67665.015625
2001-11-27 20:00:00,32324.0,32806.7109375,-482.7109375,482.7109375,233009.8491821289
2001-11-27 21:00:00,30452.0,30570.2578125,-118.2578125,118.2578125,13984.910217285156
2001-11-27 22:00:00,27507.0,27996.6328125,-489.6328125,489.6328125,239740.29107666016
2001-11-27 23:00:00,24880.0,25039.56640625,-159.56640625,159.56640625,25461.43800354004
2001-11-28 00:00:00,23073.0,23414.568359375,-341.568359375,341.568359375,116668.94412612915
2001-11-28 01:00:00,21945.0,22190.27734375,-245.27734375,245.27734375,60160.975357055664
2001-11-28 02:00:00,21568.0,21462.630859375,105.369140625,105.369140625,11102.655796051025
2001-11-28 03:00:00,21492.0,21543.630859375,-51.630859375,51.630859375,2665.7456398010254
2001-11-28 04:00:00,21957.0,21969.748046875,-12.748046875,12.748046875,162.51269912719727
2001-11-28 05:00:00,23960.0,23883.92578125,76.07421875,76.07421875,5787.286758422852
2001-11-28 06:00:00,27870.0,27710.98828125,159.01171875,159.01171875,25284.7266998291
2001-11-28 07:00:00,30090.0,30249.103515625,-159.103515625,159.103515625,25313.92868423462
2001-11-28 08:00:00,30525.0,30914.52734375,-389.52734375,389.52734375,151731.55152893066
2001-11-28 09:00:00,30620.0,30858.20703125,-238.20703125,238.20703125,56742.58973693848
2001-11-28 10:00:00,30725.0,30669.927734375,55.072265625,55.072265625,3032.9544410705566
2001-11-28 11:00:00,30647.0,30494.90234375,152.09765625,152.09765625,23133.697036743164
2001-11-28 12:00:00,30386.0,30295.685546875,90.314453125,90.314453125,8156.700443267822
2001-11-28 13:00:00,30276.0,30171.896484375,104.103515625,104.103515625,10837.54196548462
2001-11-28 14:00:00,30112.0,29969.99609375,142.00390625,142.00390625,20165.10939025879
2001-11-28 15:00:00,30091.0,30126.48828125,-35.48828125,35.48828125,1259.4181060791016
2001-11-28 16:00:00,31566.0,31092.9296875,473.0703125,473.0703125,223795.52056884766
2001-11-28 17:00:00,34000.0,33649.05078125,350.94921875,350.94921875,123165.35414123535
2001-11-28 18:00:00,33746.0,33808.609375,-62.609375,62.609375,3919.933837890625
2001-11-28 19:00:00,32933.0,33377.0703125,-444.0703125,444.0703125,197198.44244384766
2001-11-28 20:00:00,32168.0,32414.6875,-246.6875,246.6875,60854.72265625
2001-11-28 21:00:00,30338.0,30923.923828125,-585.923828125,585.923828125,343306.73236465454
2001-11-28 22:00:00,27541.0,27886.861328125,-345.861328125,345.861328125,119620.05829238892
2001-11-28 23:00:00,24731.0,25042.05859375,-311.05859375,311.05859375,96757.44874572754
2001-11-29 00:00:00,22778.0,23309.1015625,-531.1015625,531.1015625,282068.8696899414
2001-11-29 01:00:00,21825.0,21982.76953125,-157.76953125,157.76953125,24891.224990844727
2001-11-29 02:00:00,21352.0,21322.4375,29.5625,29.5625,873.94140625
2001-11-29 03:00:00,21237.0,21383.912109375,-146.912109375,146.912109375,21583.167881011963
2001-11-29 04:00:00,21711.0,21699.50390625,11.49609375,11.49609375,132.16017150878906
2001-11-29 05:00:00,23793.0,23621.646484375,171.353515625,171.353515625,29362.02731704712
2001-11-29 06:00:00,27664.0,27975.849609375,-311.849609375,311.849609375,97250.17886734009
2001-11-29 07:00:00,30271.0,30248.857421875,22.142578125,22.142578125,490.2937660217285
2001-11-29 08:00:00,30937.0,30759.517578125,177.482421875,177.482421875,31500.01007461548
2001-11-29 09:00:00,31367.0,31288.609375,78.390625,78.390625,6145.090087890625
2001-11-29 10:00:00,31680.0,31507.779296875,172.220703125,172.220703125,29659.970584869385
2001-11-29 11:00:00,31639.0,31356.78515625,282.21484375,282.21484375,79645.21803283691
2001-11-29 12:00:00,31385.0,31278.1953125,106.8046875,106.8046875,11407.241271972656
2001-11-29 13:00:00,31332.0,31137.740234375,194.259765625,194.259765625,37736.85654067993
2001-11-29 14:00:00,31176.0,30970.837890625,205.162109375,205.162109375,42091.49112319946
2001-11-29 15:00:00,31267.0,31054.490234375,212.509765625,212.509765625,45160.40048599243
2001-11-29 16:00:00,32586.0,31727.43359375,858.56640625,858.56640625,737136.27394104
2001-11-29 17:00:00,34576.0,33998.7109375,577.2890625,577.2890625,333262.6616821289
2001-11-29 18:00:00,34233.0,34719.11328125,-486.11328125,486.11328125,236306.1222076416
2001-11-29 19:00:00,33427.0,33705.12109375,-278.12109375,278.12109375,77351.34278869629
2001-11-29 20:00:00,32482.0,33183.58203125,-701.58203125,701.58203125,492217.346572876
2001-11-29 21:00:00,30554.0,30836.59765625,-282.59765625,282.59765625,79861.43531799316
2001-11-29 22:00:00,27965.0,27981.873046875,-16.873046875,16.873046875,284.69971084594727
2001-11-29 23:00:00,25193.0,25596.23046875,-403.23046875,403.23046875,162594.81092834473
2001-11-30 00:00:00,23077.0,23557.5,-480.5,480.5,230880.25
2001-11-30 01:00:00,22027.0,22303.4140625,-276.4140625,276.4140625,76404.7339477539
2001-11-30 02:00:00,21551.0,21404.3125,146.6875,146.6875,21517.22265625
2001-11-30 03:00:00,21374.0,21198.66796875,175.33203125,175.33203125,30741.321182250977
2001-11-30 04:00:00,21851.0,21798.24609375,52.75390625,52.75390625,2782.974624633789
2001-11-30 05:00:00,23717.0,24182.751953125,-465.751953125,465.751953125,216924.8818397522
2001-11-30 06:00:00,27610.0,27589.61328125,20.38671875,20.38671875,415.61830139160156
2001-11-30 07:00:00,30087.0,30165.5625,-78.5625,78.5625,6172.06640625
2001-11-30 08:00:00,30730.0,30875.275390625,-145.275390625,145.275390625,21104.939121246338
2001-11-30 09:00:00,31232.0,31179.265625,52.734375,52.734375,2780.914306640625
2001-11-30 10:00:00,31541.0,31566.744140625,-25.744140625,25.744140625,662.7607765197754
2001-11-30 11:00:00,31622.0,31584.513671875,37.486328125,37.486328125,1405.224796295166
2001-11-30 12:00:00,31304.0,31506.9921875,-202.9921875,202.9921875,41205.828186035156
2001-11-30 13:00:00,31275.0,30922.59375,352.40625,352.40625,124190.1650390625
2001-11-30 14:00:00,30960.0,30928.544921875,31.455078125,31.455078125,989.4219398498535
2001-11-30 15:00:00,30831.0,31102.30078125,-271.30078125,271.30078125,73604.11390686035
2001-11-30 16:00:00,31970.0,31458.791015625,511.208984375,511.208984375,261334.625705719
2001-11-30 17:00:00,33686.0,33898.08203125,-212.08203125,212.08203125,44978.78797912598
2001-11-30 18:00:00,33104.0,34034.75390625,-930.75390625,930.75390625,866302.8339996338
2001-11-30 19:00:00,31855.0,32537.578125,-682.578125,682.578125,465912.8967285156
2001-11-30 20:00:00,30863.0,31107.826171875,-244.826171875,244.826171875,59939.85443496704
2001-11-30 21:00:00,29514.0,29235.130859375,278.869140625,278.869140625,77767.99759292603
2001-11-30 22:00:00,27361.0,27063.98828125,297.01171875,297.01171875,88215.9610748291
2001-11-30 23:00:00,24885.0,25019.556640625,-134.556640625,134.556640625,18105.4895362854
2001-12-01 00:00:00,22665.0,23041.111328125,-376.111328125,376.111328125,141459.73114395142
2001-12-01 01:00:00,21430.0,21812.294921875,-382.294921875,382.294921875,146149.40729141235
2001-12-01 02:00:00,20730.0,20951.931640625,-221.931640625,221.931640625,49253.65311050415
2001-12-01 03:00:00,20415.0,20626.84765625,-211.84765625,211.84765625,44879.429458618164
2001-12-01 04:00:00,20428.0,20567.408203125,-139.408203125,139.408203125,19434.64709854126
2001-12-01 05:00:00,21110.0,21151.1796875,-41.1796875,41.1796875,1695.7666625976562
2001-12-01 06:00:00,22292.0,22696.01171875,-404.01171875,404.01171875,163225.4688873291
2001-12-01 07:00:00,23394.0,24372.02734375,-978.02734375,978.02734375,956537.4851226807
2001-12-01 08:00:00,25233.0,25189.16015625,43.83984375,43.83984375,1921.931900024414
2001-12-01 09:00:00,26558.0,26858.58984375,-300.58984375,300.58984375,90354.25416564941
2001-12-01 10:00:00,27125.0,27113.556640625,11.443359375,11.443359375,130.9504737854004
2001-12-01 11:00:00,26867.0,27256.375,-389.375,389.375,151612.890625
2001-12-01 12:00:00,26825.0,26706.349609375,118.650390625,118.650390625,14077.915195465088
2001-12-01 13:00:00,26285.0,26282.154296875,2.845703125,2.845703125,8.098026275634766
2001-12-01 14:00:00,25740.0,25655.85546875,84.14453125,84.14453125,7080.302139282227
2001-12-01 15:00:00,25522.0,25741.5,-219.5,219.5,48180.25
2001-12-01 16:00:00,26652.0,26268.19921875,383.80078125,383.80078125,147303.03968811035
2001-12-01 17:00:00,29715.0,28492.22265625,1222.77734375,1222.77734375,1495184.4323883057
2001-12-01 18:00:00,29612.0,29820.2734375,-208.2734375,208.2734375,43377.824768066406
2001-12-01 19:00:00,28828.0,29240.25390625,-412.25390625,412.25390625,169953.2832183838
2001-12-01 20:00:00,28247.0,28151.01171875,95.98828125,95.98828125,9213.750137329102
2001-12-01 21:00:00,27260.0,27487.69140625,-227.69140625,227.69140625,51843.37648010254
2001-12-01 22:00:00,25727.0,25555.375,171.625,171.625,29455.140625
2001-12-01 23:00:00,23751.0,23658.9765625,92.0234375,92.0234375,8468.313049316406
2001-12-02 00:00:00,21977.0,21958.296875,18.703125,18.703125,349.806884765625
2001-12-02 01:00:00,20853.0,20964.900390625,-111.900390625,111.900390625,12521.697422027588
2001-12-02 02:00:00,20230.0,20262.306640625,-32.306640625,32.306640625,1043.7190284729004
2001-12-02 03:00:00,19985.0,20065.298828125,-80.298828125,80.298828125,6447.901798248291
2001-12-02 04:00:00,20067.0,20083.349609375,-16.349609375,16.349609375,267.3097267150879
2001-12-02 05:00:00,20559.0,20670.005859375,-111.005859375,111.005859375,12322.300815582275
2001-12-02 06:00:00,21509.0,21670.935546875,-161.935546875,161.935546875,26223.121341705322
2001-12-02 07:00:00,22480.0,23051.9453125,-571.9453125,571.9453125,327121.44049072266
2001-12-02 08:00:00,24307.0,23733.203125,573.796875,573.796875,329242.8537597656
2001-12-02 09:00:00,25558.0,25313.2265625,244.7734375,244.7734375,59914.035705566406
2001-12-02 10:00:00,26046.0,26159.095703125,-113.095703125,113.095703125,12790.638065338135
2001-12-02 11:00:00,26177.0,26235.01953125,-58.01953125,58.01953125,3366.2660064697266
2001-12-02 12:00:00,26175.0,26181.630859375,-6.630859375,6.630859375,43.96829605102539
2001-12-02 13:00:00,26019.0,25864.9765625,154.0234375,154.0234375,23723.219299316406
2001-12-02 14:00:00,25855.0,25852.8984375,2.1015625,2.1015625,4.41656494140625
2001-12-02 15:00:00,25981.0,25938.83984375,42.16015625,42.16015625,1777.478775024414
2001-12-02 16:00:00,27375.0,27266.4921875,108.5078125,108.5078125,11773.945373535156
2001-12-02 17:00:00,30864.0,28369.537109375,2494.462890625,2494.462890625,6222345.112705231
2001-12-02 18:00:00,31344.0,31120.98046875,223.01953125,223.01953125,49737.71131896973
2001-12-02 19:00:00,30959.0,31504.0703125,-545.0703125,545.0703125,297101.64556884766
2001-12-02 20:00:00,30701.0,30288.41015625,412.58984375,412.58984375,170230.3791656494
2001-12-02 21:00:00,29644.0,29904.201171875,-260.201171875,260.201171875,67704.64984512329
2001-12-02 22:00:00,27587.0,28010.744140625,-423.744140625,423.744140625,179559.09671401978
2001-12-02 23:00:00,25441.0,24852.1640625,588.8359375,588.8359375,346727.7612915039
2001-12-03 00:00:00,23762.0,23468.822265625,293.177734375,293.177734375,85953.18393325806
2001-12-03 01:00:00,23100.0,22785.513671875,314.486328125,314.486328125,98901.65057754517
2001-12-03 02:00:00,22950.0,22487.466796875,462.533203125,462.533203125,213936.9639930725
2001-12-03 03:00:00,23180.0,23019.82421875,160.17578125,160.17578125,25656.28089904785
2001-12-03 04:00:00,23923.0,24345.08203125,-422.08203125,422.08203125,178153.24110412598
2001-12-03 05:00:00,26258.0,26184.728515625,73.271484375,73.271484375,5368.710422515869
2001-12-03 06:00:00,30492.0,29610.189453125,881.810546875,881.810546875,777589.8405799866
2001-12-03 07:00:00,32640.0,32383.439453125,256.560546875,256.560546875,65823.31421279907
2001-12-03 08:00:00,32770.0,32808.38671875,-38.38671875,38.38671875,1473.5401763916016
2001-12-03 09:00:00,32226.0,32369.369140625,-143.369140625,143.369140625,20554.710483551025
2001-12-03 10:00:00,31725.0,31785.60546875,-60.60546875,60.60546875,3673.0228424072266
2001-12-03 11:00:00,31177.0,31272.744140625,-95.744140625,95.744140625,9166.940464019775
2001-12-03 12:00:00,30638.0,30580.935546875,57.064453125,57.064453125,3256.3518104553223
2001-12-03 13:00:00,30397.0,30182.435546875,214.564453125,214.564453125,46037.90454483032
2001-12-03 14:00:00,30033.0,29702.0234375,330.9765625,330.9765625,109545.4849243164
2001-12-03 15:00:00,29828.0,29508.9296875,319.0703125,319.0703125,101805.86431884766
2001-12-03 16:00:00,31102.0,30887.31640625,214.68359375,214.68359375,46089.04542541504
2001-12-03 17:00:00,34677.0,33021.8125,1655.1875,1655.1875,2739645.66015625
2001-12-03 18:00:00,35047.0,35093.20703125,-46.20703125,46.20703125,2135.0897369384766
2001-12-03 19:00:00,34570.0,34831.8828125,-261.8828125,261.8828125,68582.60748291016
2001-12-03 20:00:00,33770.0,33648.703125,121.296875,121.296875,14712.931884765625
2001-12-03 21:00:00,32021.0,32615.83984375,-594.83984375,594.83984375,353834.4397125244
2001-12-03 22:00:00,29218.0,29396.318359375,-178.318359375,178.318359375,31797.43729019165
2001-12-03 23:00:00,26286.0,26756.38671875,-470.38671875,470.38671875,221263.6651763916
2001-12-04 00:00:00,24441.0,24794.55859375,-353.55859375,353.55859375,125003.67921447754
2001-12-04 01:00:00,23638.0,23856.095703125,-218.095703125,218.095703125,47565.735721588135
2001-12-04 02:00:00,23263.0,23366.462890625,-103.462890625,103.462890625,10704.569736480713
2001-12-04 03:00:00,23269.0,23213.91015625,55.08984375,55.08984375,3034.890884399414
2001-12-04 04:00:00,23885.0,23891.333984375,-6.333984375,6.333984375,40.11935806274414
2001-12-04 05:00:00,26230.0,26126.09375,103.90625,103.90625,10796.5087890625
2001-12-04 06:00:00,30225.0,30498.568359375,-273.568359375,273.568359375,74839.64725112915
2001-12-04 07:00:00,32159.0,32827.5546875,-668.5546875,668.5546875,446965.37017822266
2001-12-04 08:00:00,32304.0,32493.6796875,-189.6796875,189.6796875,35978.383850097656
2001-12-04 09:00:00,31625.0,32110.689453125,-485.689453125,485.689453125,235894.24487686157
2001-12-04 10:00:00,31284.0,31000.181640625,283.818359375,283.818359375,80552.86111831665
2001-12-04 11:00:00,30920.0,30706.34375,213.65625,213.65625,45648.9931640625
2001-12-04 12:00:00,30490.0,30557.3046875,-67.3046875,67.3046875,4529.920959472656
2001-12-04 13:00:00,30454.0,30182.962890625,271.037109375,271.037109375,73461.11465835571
2001-12-04 14:00:00,30165.0,30123.220703125,41.779296875,41.779296875,1745.5096473693848
2001-12-04 15:00:00,30025.0,30164.21875,-139.21875,139.21875,19381.8603515625
2001-12-04 16:00:00,30978.0,31382.84765625,-404.84765625,404.84765625,163901.62477111816
2001-12-04 17:00:00,34191.0,32946.5546875,1244.4453125,1244.4453125,1548644.1358032227
2001-12-04 18:00:00,34594.0,34276.61328125,317.38671875,317.38671875,100734.3292388916
2001-12-04 19:00:00,33702.0,33620.54296875,81.45703125,81.45703125,6635.247940063477
2001-12-04 20:00:00,33007.0,33133.3984375,-126.3984375,126.3984375,15976.565002441406
2001-12-04 21:00:00,31276.0,31602.583984375,-326.583984375,326.583984375,106657.09885025024
2001-12-04 22:00:00,28259.0,28629.0546875,-370.0546875,370.0546875,136940.47174072266
2001-12-04 23:00:00,25251.0,25897.814453125,-646.814453125,646.814453125,418368.9367713928
2001-12-05 00:00:00,23148.0,23748.703125,-600.703125,600.703125,360844.2443847656
2001-12-05 01:00:00,22322.0,22434.109375,-112.109375,112.109375,12568.511962890625
2001-12-05 02:00:00,21789.0,21879.5234375,-90.5234375,90.5234375,8194.492736816406
2001-12-05 03:00:00,21641.0,21702.435546875,-61.435546875,61.435546875,3774.3264198303223
2001-12-05 04:00:00,22291.0,21898.203125,392.796875,392.796875,154289.38500976562
2001-12-05 05:00:00,24367.0,24585.873046875,-218.873046875,218.873046875,47905.41064834595
2001-12-05 06:00:00,28235.0,28133.744140625,101.255859375,101.255859375,10252.749057769775
2001-12-05 07:00:00,30676.0,30236.677734375,439.322265625,439.322265625,193004.05307388306
2001-12-05 08:00:00,30862.0,31190.291015625,-328.291015625,328.291015625,107774.990940094
2001-12-05 09:00:00,30917.0,30742.412109375,174.587890625,174.587890625,30480.931552886963
2001-12-05 10:00:00,30906.0,31071.48828125,-165.48828125,165.48828125,27386.3712310791
2001-12-05 11:00:00,30780.0,30511.154296875,268.845703125,268.845703125,72278.01208877563
2001-12-05 12:00:00,30612.0,30449.84375,162.15625,162.15625,26294.6494140625
2001-12-05 13:00:00,30511.0,30407.4765625,103.5234375,103.5234375,10717.102111816406
2001-12-05 14:00:00,30343.0,30152.94921875,190.05078125,190.05078125,36119.29945373535
2001-12-05 15:00:00,30274.0,30281.931640625,-7.931640625,7.931640625,62.91092300415039
2001-12-05 16:00:00,31204.0,31436.76953125,-232.76953125,232.76953125,54181.65467834473
2001-12-05 17:00:00,34173.0,33339.46484375,833.53515625,833.53515625,694780.8567047119
2001-12-05 18:00:00,34190.0,34627.15234375,-437.15234375,437.15234375,191102.17164611816
2001-12-05 19:00:00,33479.0,33675.46484375,-196.46484375,196.46484375,38598.434829711914
2001-12-05 20:00:00,32747.0,32979.51171875,-232.51171875,232.51171875,54061.6993560791
2001-12-05 21:00:00,30905.0,31543.19140625,-638.19140625,638.19140625,407288.27101135254
2001-12-05 22:00:00,27284.0,28061.78515625,-777.78515625,777.78515625,604949.7492828369
2001-12-05 23:00:00,25071.0,24870.275390625,200.724609375,200.724609375,40290.36880874634
2001-12-06 00:00:00,22888.0,23670.00390625,-782.00390625,782.00390625,611530.1093902588
2001-12-06 01:00:00,21862.0,22360.115234375,-498.115234375,498.115234375,248118.78671646118
2001-12-06 02:00:00,21359.0,21397.9453125,-38.9453125,38.9453125,1516.7373657226562
2001-12-06 03:00:00,21310.0,21341.65625,-31.65625,31.65625,1002.1181640625
2001-12-06 04:00:00,21770.0,21957.404296875,-187.404296875,187.404296875,35120.370487213135
2001-12-06 05:00:00,23665.0,23454.865234375,210.134765625,210.134765625,44156.61972427368
2001-12-06 06:00:00,27424.0,28031.490234375,-607.490234375,607.490234375,369044.38486099243
2001-12-06 07:00:00,30145.0,30059.56640625,85.43359375,85.43359375,7298.898941040039
2001-12-06 08:00:00,30357.0,30892.603515625,-535.603515625,535.603515625,286871.1259498596
2001-12-06 09:00:00,30569.0,30639.466796875,-70.466796875,70.466796875,4965.56946182251
2001-12-06 10:00:00,30736.0,30621.044921875,114.955078125,114.955078125,13214.669986724854
2001-12-06 11:00:00,30819.0,30643.107421875,175.892578125,175.892578125,30938.19903945923
2001-12-06 12:00:00,30716.0,30521.5859375,194.4140625,194.4140625,37796.827697753906
2001-12-06 13:00:00,30707.0,30497.787109375,209.212890625,209.212890625,43770.03360366821
2001-12-06 14:00:00,30412.0,30448.171875,-36.171875,36.171875,1308.404541015625
2001-12-06 15:00:00,30489.0,30274.78515625,214.21484375,214.21484375,45887.999282836914
2001-12-06 16:00:00,31872.0,31308.056640625,563.943359375,563.943359375,318032.1125831604
2001-12-06 17:00:00,34451.0,33511.27734375,939.72265625,939.72265625,883078.6706695557
2001-12-06 18:00:00,34328.0,34219.765625,108.234375,108.234375,11714.679931640625
2001-12-06 19:00:00,33535.0,33958.59375,-423.59375,423.59375,179431.6650390625
2001-12-06 20:00:00,32654.0,33133.7578125,-479.7578125,479.7578125,230167.55865478516
2001-12-06 21:00:00,30915.0,31523.751953125,-608.751953125,608.751953125,370578.9404335022
2001-12-06 22:00:00,28094.0,28297.943359375,-203.943359375,203.943359375,41592.8938331604
2001-12-06 23:00:00,25019.0,25616.134765625,-597.134765625,597.134765625,356569.9283180237
2001-12-07 00:00:00,22884.0,23552.0234375,-668.0234375,668.0234375,446255.3130493164
2001-12-07 01:00:00,21895.0,22257.767578125,-362.767578125,362.767578125,131600.31573867798
2001-12-07 02:00:00,21408.0,21434.177734375,-26.177734375,26.177734375,685.2737770080566
2001-12-07 03:00:00,21204.0,21208.486328125,-4.486328125,4.486328125,20.127140045166016
2001-12-07 04:00:00,21616.0,21744.244140625,-128.244140625,128.244140625,16446.559604644775
2001-12-07 05:00:00,23415.0,23343.064453125,71.935546875,71.935546875,5174.722904205322
2001-12-07 06:00:00,27423.0,27284.849609375,138.150390625,138.150390625,19085.530429840088
2001-12-07 07:00:00,29996.0,30182.041015625,-186.041015625,186.041015625,34611.259494781494
2001-12-07 08:00:00,30452.0,30632.021484375,-180.021484375,180.021484375,32407.73483657837
2001-12-07 09:00:00,30631.0,30654.859375,-23.859375,23.859375,569.269775390625
2001-12-07 10:00:00,30717.0,30766.1015625,-49.1015625,49.1015625,2410.9634399414062
2001-12-07 11:00:00,30457.0,30665.443359375,-208.443359375,208.443359375,43448.6340675354
2001-12-07 12:00:00,30079.0,30098.576171875,-19.576171875,19.576171875,383.226505279541
2001-12-07 13:00:00,29977.0,29856.783203125,120.216796875,120.216796875,14452.07825088501
2001-12-07 14:00:00,29779.0,29684.873046875,94.126953125,94.126953125,8859.883304595947
2001-12-07 15:00:00,29842.0,29632.52734375,209.47265625,209.47265625,43878.793716430664
2001-12-07 16:00:00,31159.0,30857.82421875,301.17578125,301.17578125,90706.85121154785
2001-12-07 17:00:00,33941.0,33282.58984375,658.41015625,658.41015625,433503.9338531494
2001-12-07 18:00:00,33509.0,34143.30078125,-634.30078125,634.30078125,402337.48109436035
2001-12-07 19:00:00,32543.0,33201.96875,-658.96875,658.96875,434239.8134765625
2001-12-07 20:00:00,31748.0,32041.55078125,-293.55078125,293.55078125,86172.06117248535
2001-12-07 21:00:00,30277.0,30343.580078125,-66.580078125,66.580078125,4432.9068031311035
2001-12-07 22:00:00,28213.0,27360.8984375,852.1015625,852.1015625,726077.0728149414
2001-12-07 23:00:00,25441.0,25709.080078125,-268.080078125,268.080078125,71866.9282875061
2001-12-08 00:00:00,23587.0,23786.765625,-199.765625,199.765625,39906.304931640625
2001-12-08 01:00:00,22444.0,22612.05078125,-168.05078125,168.05078125,28241.06507873535
2001-12-08 02:00:00,21922.0,21835.611328125,86.388671875,86.388671875,7463.002628326416
2001-12-08 03:00:00,21713.0,21556.80859375,156.19140625,156.19140625,24395.75538635254
2001-12-08 04:00:00,21920.0,22011.72265625,-91.72265625,91.72265625,8413.045669555664
2001-12-08 05:00:00,22672.0,23256.298828125,-584.298828125,584.298828125,341405.1205482483
2001-12-08 06:00:00,24090.0,24650.80859375,-560.80859375,560.80859375,314506.27882385254
2001-12-08 07:00:00,25552.0,26279.41015625,-727.41015625,727.41015625,529125.5354156494
2001-12-08 08:00:00,27413.0,27634.75,-221.75,221.75,49173.0625
2001-12-08 09:00:00,28866.0,28772.73046875,93.26953125,93.26953125,8699.205459594727
2001-12-08 10:00:00,29425.0,29517.966796875,-92.966796875,92.966796875,8642.82532119751
2001-12-08 11:00:00,29421.0,29675.63671875,-254.63671875,254.63671875,64839.8585357666
2001-12-08 12:00:00,29251.0,29235.728515625,15.271484375,15.271484375,233.21823501586914
2001-12-08 13:00:00,29051.0,28954.505859375,96.494140625,96.494140625,9311.119174957275
2001-12-08 14:00:00,29022.0,28702.0234375,319.9765625,319.9765625,102385.0005493164
2001-12-08 15:00:00,29481.0,28812.1484375,668.8515625,668.8515625,447362.4126586914
2001-12-08 16:00:00,31417.0,30619.41796875,797.58203125,797.58203125,636137.096572876
2001-12-08 17:00:00,33035.0,32520.07421875,514.92578125,514.92578125,265148.56019592285
2001-12-08 18:00:00,32641.0,32475.615234375,165.384765625,165.384765625,27352.12070083618
2001-12-08 19:00:00,31842.0,32031.048828125,-189.048828125,189.048828125,35739.45941543579
2001-12-08 20:00:00,31121.0,31547.48046875,-426.48046875,426.48046875,181885.59022521973
2001-12-08 21:00:00,29834.0,29879.181640625,-45.181640625,45.181640625,2041.3806495666504
2001-12-08 22:00:00,28337.0,28079.59765625,257.40234375,257.40234375,66255.96656799316
2001-12-08 23:00:00,26106.0,26170.072265625,-64.072265625,64.072265625,4105.255222320557
2001-12-09 00:00:00,23965.0,24154.251953125,-189.251953125,189.251953125,35816.3017616272
2001-12-09 01:00:00,22766.0,22889.875,-123.875,123.875,15345.015625
2001-12-09 02:00:00,22109.0,22042.376953125,66.623046875,66.623046875,4438.630374908447
2001-12-09 03:00:00,21739.0,22054.541015625,-315.541015625,315.541015625,99566.1325416565
2001-12-09 04:00:00,21808.0,21987.072265625,-179.072265625,179.072265625,32066.876316070557
2001-12-09 05:00:00,22241.0,22522.15234375,-281.15234375,281.15234375,79046.64039611816
2001-12-09 06:00:00,23152.0,23756.740234375,-604.740234375,604.740234375,365710.75107192993
2001-12-09 07:00:00,24207.0,25150.740234375,-943.740234375,943.740234375,890645.6299781799
2001-12-09 08:00:00,25935.0,26278.6171875,-343.6171875,343.6171875,118072.77154541016
2001-12-09 09:00:00,27058.0,27747.158203125,-689.158203125,689.158203125,474939.02893447876
2001-12-09 10:00:00,27377.0,27768.84375,-391.84375,391.84375,153541.5244140625
2001-12-09 11:00:00,27274.0,27681.34765625,-407.34765625,407.34765625,165932.11305236816
2001-12-09 12:00:00,27146.0,26908.037109375,237.962890625,237.962890625,56626.33731460571
2001-12-09 13:00:00,26763.0,26785.7109375,-22.7109375,22.7109375,515.7866821289062
2001-12-09 14:00:00,26495.0,26492.25,2.75,2.75,7.5625
2001-12-09 15:00:00,26683.0,26435.20703125,247.79296875,247.79296875,61401.35536193848
2001-12-09 16:00:00,28396.0,27992.822265625,403.177734375,403.177734375,162552.28549575806
2001-12-09 17:00:00,32214.0,30543.470703125,1670.529296875,1670.529296875,2790668.131717682
2001-12-09 18:00:00,32854.0,32365.20703125,488.79296875,488.79296875,238918.56629943848
2001-12-09 19:00:00,32719.0,32422.865234375,296.134765625,296.134765625,87695.79941177368
2001-12-09 20:00:00,32443.0,32182.001953125,260.998046875,260.998046875,68119.9804725647
2001-12-09 21:00:00,31358.0,31698.591796875,-340.591796875,340.591796875,116002.77209854126
2001-12-09 22:00:00,29145.0,29547.794921875,-402.794921875,402.794921875,162243.74908828735
2001-12-09 23:00:00,26848.0,27266.494140625,-418.494140625,418.494140625,175137.34573745728
2001-12-10 00:00:00,24874.0,25062.0,-188.0,188.0,35344.0
2001-12-10 01:00:00,24422.0,23819.955078125,602.044921875,602.044921875,362458.08795547485
2001-12-10 02:00:00,24304.0,23890.095703125,413.904296875,413.904296875,171316.76697158813
2001-12-10 03:00:00,24461.0,24542.302734375,-81.302734375,81.302734375,6610.134616851807
2001-12-10 04:00:00,25247.0,25317.71875,-70.71875,70.71875,5001.1416015625
2001-12-10 05:00:00,27710.0,28024.1875,-314.1875,314.1875,98713.78515625
2001-12-10 06:00:00,32094.0,31016.509765625,1077.490234375,1077.490234375,1160985.2051734924
2001-12-10 07:00:00,34400.0,33877.29296875,522.70703125,522.70703125,273222.6405181885
2001-12-10 08:00:00,34487.0,34528.90234375,-41.90234375,41.90234375,1755.806411743164
2001-12-10 09:00:00,34179.0,34501.12890625,-322.12890625,322.12890625,103767.03224182129
2001-12-10 10:00:00,33707.0,33833.1953125,-126.1953125,126.1953125,15925.256896972656
2001-12-10 11:00:00,33043.0,32712.421875,330.578125,330.578125,109281.89672851562
2001-12-10 12:00:00,32540.0,32078.634765625,461.365234375,461.365234375,212857.87948989868
2001-12-10 13:00:00,32272.0,31745.9140625,526.0859375,526.0859375,276766.4136352539
2001-12-10 14:00:00,32008.0,31816.583984375,191.416015625,191.416015625,36640.091037750244
2001-12-10 15:00:00,32208.0,32107.642578125,100.357421875,100.357421875,10071.612125396729
2001-12-10 16:00:00,34250.0,34255.40234375,-5.40234375,5.40234375,29.185317993164062
2001-12-10 17:00:00,37194.0,36580.12890625,613.87109375,613.87109375,376837.7197418213
2001-12-10 18:00:00,37177.0,37339.37890625,-162.37890625,162.37890625,26366.90919494629
2001-12-10 19:00:00,36479.0,36639.8046875,-160.8046875,160.8046875,25858.147521972656
2001-12-10 20:00:00,35698.0,35749.546875,-51.546875,51.546875,2657.080322265625
2001-12-10 21:00:00,33925.0,33846.921875,78.078125,78.078125,6096.193603515625
2001-12-10 22:00:00,30810.0,31225.916015625,-415.916015625,415.916015625,172986.13205337524
2001-12-10 23:00:00,27424.0,28439.068359375,-1015.068359375,1015.068359375,1030363.7742042542
2001-12-11 00:00:00,25372.0,25587.701171875,-215.701171875,215.701171875,46526.99554824829
2001-12-11 01:00:00,24266.0,24503.892578125,-237.892578125,237.892578125,56592.87872695923
2001-12-11 02:00:00,23745.0,23771.25390625,-26.25390625,26.25390625,689.2675933837891
2001-12-11 03:00:00,23566.0,23807.509765625,-241.509765625,241.509765625,58326.96689224243
2001-12-11 04:00:00,24144.0,24352.21484375,-208.21484375,208.21484375,43353.421157836914
2001-12-11 05:00:00,26336.0,26147.29296875,188.70703125,188.70703125,35610.34364318848
2001-12-11 06:00:00,30334.0,30134.537109375,199.462890625,199.462890625,39785.44473648071
2001-12-11 07:00:00,32740.0,33018.2265625,-278.2265625,278.2265625,77410.0200805664
2001-12-11 08:00:00,32850.0,33108.78125,-258.78125,258.78125,66967.7353515625
2001-12-11 09:00:00,32707.0,32776.5234375,-69.5234375,69.5234375,4833.508361816406
2001-12-11 10:00:00,32325.0,32524.78515625,-199.78515625,199.78515625,39914.108657836914
2001-12-11 11:00:00,32142.0,31871.041015625,270.958984375,270.958984375,73418.7712135315
2001-12-11 12:00:00,31558.0,31796.40625,-238.40625,238.40625,56837.5400390625
2001-12-11 13:00:00,31301.0,31167.369140625,133.630859375,133.630859375,17857.206577301025
2001-12-11 14:00:00,30738.0,30848.68359375,-110.68359375,110.68359375,12250.857925415039
2001-12-11 15:00:00,30621.0,30805.951171875,-184.951171875,184.951171875,34206.93597793579
2001-12-11 16:00:00,32108.0,32154.712890625,-46.712890625,46.712890625,2182.094150543213
2001-12-11 17:00:00,35849.0,34694.453125,1154.546875,1154.546875,1332978.4865722656
2001-12-11 18:00:00,36121.0,36219.4609375,-98.4609375,98.4609375,9694.556213378906
2001-12-11 19:00:00,35553.0,35672.2421875,-119.2421875,119.2421875,14218.699279785156
2001-12-11 20:00:00,34881.0,34753.24609375,127.75390625,127.75390625,16321.060562133789
2001-12-11 21:00:00,33449.0,33470.5546875,-21.5546875,21.5546875,464.60455322265625
2001-12-11 22:00:00,30409.0,31663.072265625,-1254.072265625,1254.072265625,1572697.2474098206
2001-12-11 23:00:00,27436.0,27596.09375,-160.09375,160.09375,25630.0087890625
2001-12-12 00:00:00,25343.0,25381.05859375,-38.05859375,38.05859375,1448.456558227539
2001-12-12 01:00:00,24519.0,24278.642578125,240.357421875,240.357421875,57771.69025039673
2001-12-12 02:00:00,24154.0,24232.958984375,-78.958984375,78.958984375,6234.521213531494
2001-12-12 03:00:00,24178.0,24243.724609375,-65.724609375,65.724609375,4319.724277496338
2001-12-12 04:00:00,24927.0,24893.06640625,33.93359375,33.93359375,1151.488784790039
2001-12-12 05:00:00,27184.0,27509.015625,-325.015625,325.015625,105635.15649414062
2001-12-12 06:00:00,31329.0,31519.974609375,-190.974609375,190.974609375,36471.30142593384
2001-12-12 07:00:00,33955.0,33820.08984375,134.91015625,134.91015625,18200.750259399414
2001-12-12 08:00:00,33736.0,33991.3359375,-255.3359375,255.3359375,65196.440979003906
2001-12-12 09:00:00,33331.0,33485.7890625,-154.7890625,154.7890625,23959.653869628906
2001-12-12 10:00:00,33178.0,33140.4453125,37.5546875,37.5546875,1410.3545532226562
2001-12-12 11:00:00,32794.0,32627.080078125,166.919921875,166.919921875,27862.260318756104
2001-12-12 12:00:00,32267.0,32340.740234375,-73.740234375,73.740234375,5437.622165679932
2001-12-12 13:00:00,32307.0,31842.029296875,464.970703125,464.970703125,216197.75476455688
2001-12-12 14:00:00,32319.0,31860.3515625,458.6484375,458.6484375,210358.3892211914
2001-12-12 15:00:00,32122.0,32293.880859375,-171.880859375,171.880859375,29543.029819488525
2001-12-12 16:00:00,34102.0,33312.62109375,789.37890625,789.37890625,623119.0576324463
2001-12-12 17:00:00,36776.0,35833.41796875,942.58203125,942.58203125,888460.885635376
2001-12-12 18:00:00,36585.0,36231.4296875,353.5703125,353.5703125,125011.96588134766
2001-12-12 19:00:00,35744.0,36103.87109375,-359.87109375,359.87109375,129507.20411682129
2001-12-12 20:00:00,34931.0,35093.57421875,-162.57421875,162.57421875,26430.37660217285
2001-12-12 21:00:00,33216.0,33405.76953125,-189.76953125,189.76953125,36012.47499084473
2001-12-12 22:00:00,30237.0,30622.736328125,-385.736328125,385.736328125,148792.51483535767
2001-12-12 23:00:00,27073.0,27622.306640625,-549.306640625,549.306640625,301737.7854347229
2001-12-13 00:00:00,24984.0,25030.787109375,-46.787109375,46.787109375,2189.033603668213
2001-12-13 01:00:00,23869.0,24117.13671875,-248.13671875,248.13671875,61571.8311920166
2001-12-13 02:00:00,23376.0,23325.962890625,50.037109375,50.037109375,2503.712314605713
2001-12-13 03:00:00,23457.0,23189.82421875,267.17578125,267.17578125,71382.89808654785
2001-12-13 04:00:00,23987.0,23923.775390625,63.224609375,63.224609375,3997.351230621338
2001-12-13 05:00:00,25895.0,26451.462890625,-556.462890625,556.462890625,309650.9486427307
2001-12-13 06:00:00,29569.0,29350.93359375,218.06640625,218.06640625,47552.95753479004
2001-12-13 07:00:00,32243.0,31912.8828125,330.1171875,330.1171875,108977.35748291016
2001-12-13 08:00:00,32393.0,32693.203125,-300.203125,300.203125,90121.91625976562
2001-12-13 09:00:00,32432.0,32214.474609375,217.525390625,217.525390625,47317.29556655884
2001-12-13 10:00:00,32691.0,32658.931640625,32.068359375,32.068359375,1028.3796730041504
2001-12-13 11:00:00,32488.0,32542.521484375,-54.521484375,54.521484375,2972.592258453369
2001-12-13 12:00:00,32260.0,32128.515625,131.484375,131.484375,17288.140869140625
2001-12-13 13:00:00,32163.0,31940.072265625,222.927734375,222.927734375,49696.77475357056
2001-12-13 14:00:00,31714.0,31908.93359375,-194.93359375,194.93359375,37999.10597229004
2001-12-13 15:00:00,31718.0,31995.490234375,-277.490234375,277.490234375,77000.83017349243
2001-12-13 16:00:00,33289.0,32909.9375,379.0625,379.0625,143688.37890625
2001-12-13 17:00:00,35951.0,34950.046875,1000.953125,1000.953125,1001907.1584472656
2001-12-13 18:00:00,35789.0,35956.92578125,-167.92578125,167.92578125,28199.06800842285
2001-12-13 19:00:00,34983.0,35212.25,-229.25,229.25,52555.5625
2001-12-13 20:00:00,34129.0,34769.04296875,-640.04296875,640.04296875,409655.0018463135
2001-12-13 21:00:00,32486.0,32991.4140625,-505.4140625,505.4140625,255443.3745727539
2001-12-13 22:00:00,29481.0,29954.365234375,-473.365234375,473.365234375,224074.64511489868
2001-12-13 23:00:00,26518.0,26934.521484375,-416.521484375,416.521484375,173490.14694595337
2001-12-14 00:00:00,24121.0,24984.5390625,-863.5390625,863.5390625,745699.7124633789
2001-12-14 01:00:00,22936.0,23234.98828125,-298.98828125,298.98828125,89393.9923248291
2001-12-14 02:00:00,22305.0,22597.5078125,-292.5078125,292.5078125,85560.82037353516
2001-12-14 03:00:00,22116.0,22149.234375,-33.234375,33.234375,1104.523681640625
2001-12-14 04:00:00,22578.0,22367.548828125,210.451171875,210.451171875,44289.69574356079
2001-12-14 05:00:00,24552.0,24751.583984375,-199.583984375,199.583984375,39833.766819000244
2001-12-14 06:00:00,28587.0,28524.109375,62.890625,62.890625,3955.230712890625
2001-12-14 07:00:00,31280.0,30855.921875,424.078125,424.078125,179842.25610351562
2001-12-14 08:00:00,31750.0,32567.65625,-817.65625,817.65625,668561.7431640625
2001-12-14 09:00:00,32086.0,32544.01171875,-458.01171875,458.01171875,209774.7345123291
2001-12-14 10:00:00,32189.0,32543.041015625,-354.041015625,354.041015625,125345.0407447815
2001-12-14 11:00:00,31979.0,32124.1171875,-145.1171875,145.1171875,21058.998107910156
2001-12-14 12:00:00,31775.0,31583.607421875,191.392578125,191.392578125,36631.11896133423
2001-12-14 13:00:00,31646.0,31647.615234375,-1.615234375,1.615234375,2.6089820861816406
2001-12-14 14:00:00,31517.0,31313.619140625,203.380859375,203.380859375,41363.773960113525
2001-12-14 15:00:00,31750.0,31527.302734375,222.697265625,222.697265625,49594.07211685181
2001-12-14 16:00:00,32833.0,32824.5,8.5,8.5,72.25
2001-12-14 17:00:00,34810.0,34003.3984375,806.6015625,806.6015625,650606.0806274414
2001-12-14 18:00:00,34376.0,34580.9296875,-204.9296875,204.9296875,41996.176818847656
2001-12-14 19:00:00,33303.0,34255.0,-952.0,952.0,906304.0
2001-12-14 20:00:00,32329.0,32554.2265625,-225.2265625,225.2265625,50727.004455566406
2001-12-14 21:00:00,30996.0,31197.29296875,-201.29296875,201.29296875,40518.85926818848
2001-12-14 22:00:00,28721.0,28373.865234375,347.134765625,347.134765625,120502.54550552368
2001-12-14 23:00:00,25905.0,26179.873046875,-274.873046875,274.873046875,75555.19189834595
2001-12-15 00:00:00,23705.0,24334.3125,-629.3125,629.3125,396034.22265625
2001-12-15 01:00:00,22285.0,22853.35546875,-568.35546875,568.35546875,323027.9388580322
2001-12-15 02:00:00,21649.0,21916.498046875,-267.498046875,267.498046875,71555.2050819397
2001-12-15 03:00:00,21392.0,21270.275390625,121.724609375,121.724609375,14816.880527496338
2001-12-15 04:00:00,21583.0,21592.046875,-9.046875,9.046875,81.845947265625
2001-12-15 05:00:00,22487.0,22455.87109375,31.12890625,31.12890625,969.0088043212891
2001-12-15 06:00:00,23977.0,24863.56640625,-886.56640625,886.56640625,785999.99269104
2001-12-15 07:00:00,25644.0,26588.80078125,-944.80078125,944.80078125,892648.5162506104
2001-12-15 08:00:00,27564.0,27762.130859375,-198.130859375,198.130859375,39255.837436676025
2001-12-15 09:00:00,28869.0,28844.6953125,24.3046875,24.3046875,590.7178344726562
2001-12-15 10:00:00,29075.0,29256.703125,-181.703125,181.703125,33016.025634765625
2001-12-15 11:00:00,28879.0,28755.1796875,123.8203125,123.8203125,15331.469787597656
2001-12-15 12:00:00,28226.0,28647.951171875,-421.951171875,421.951171875,178042.7914466858
2001-12-15 13:00:00,27599.0,27818.373046875,-219.373046875,219.373046875,48124.53369522095
2001-12-15 14:00:00,26979.0,26945.900390625,33.099609375,33.099609375,1095.584140777588
2001-12-15 15:00:00,26903.0,27101.265625,-198.265625,198.265625,39309.258056640625
2001-12-15 16:00:00,28664.0,27904.072265625,759.927734375,759.927734375,577490.1614723206
2001-12-15 17:00:00,32400.0,30959.236328125,1440.763671875,1440.763671875,2075799.9581947327
2001-12-15 18:00:00,32679.0,32542.3359375,136.6640625,136.6640625,18677.065979003906
2001-12-15 19:00:00,32252.0,31783.224609375,468.775390625,468.775390625,219750.36685562134
2001-12-15 20:00:00,31831.0,31565.92578125,265.07421875,265.07421875,70264.34144592285
2001-12-15 21:00:00,31099.0,30943.080078125,155.919921875,155.919921875,24311.022037506104
2001-12-15 22:00:00,29733.0,29381.287109375,351.712890625,351.712890625,123701.95743179321
2001-12-15 23:00:00,27599.0,27099.62109375,499.37890625,499.37890625,249379.2920074463
2001-12-16 00:00:00,25695.0,25502.802734375,192.197265625,192.197265625,36939.78891372681
2001-12-16 01:00:00,24480.0,24527.814453125,-47.814453125,47.814453125,2286.2219276428223
2001-12-16 02:00:00,23931.0,23756.84765625,174.15234375,174.15234375,30329.038833618164
2001-12-16 03:00:00,23661.0,23889.70703125,-228.70703125,228.70703125,52306.90614318848
2001-12-16 04:00:00,23993.0,24109.017578125,-116.017578125,116.017578125,13460.078433990479
2001-12-16 05:00:00,24574.0,25158.14453125,-584.14453125,584.14453125,341224.8333892822
2001-12-16 06:00:00,25734.0,25800.14453125,-66.14453125,66.14453125,4375.099014282227
2001-12-16 07:00:00,26695.0,27420.927734375,-725.927734375,725.927734375,526971.0755348206
2001-12-16 08:00:00,28236.0,28498.11328125,-262.11328125,262.11328125,68703.3722076416
2001-12-16 09:00:00,28956.0,29111.923828125,-155.923828125,155.923828125,24312.24017715454
2001-12-16 10:00:00,28770.0,29098.400390625,-328.400390625,328.400390625,107846.81656265259
2001-12-16 11:00:00,28456.0,28075.037109375,380.962890625,380.962890625,145132.7240333557
2001-12-16 12:00:00,28251.0,27565.1484375,685.8515625,685.8515625,470392.3657836914
2001-12-16 13:00:00,27813.0,28155.29296875,-342.29296875,342.29296875,117164.47645568848
2001-12-16 14:00:00,27392.0,27709.412109375,-317.412109375,317.412109375,100750.44717788696
2001-12-16 15:00:00,27495.0,27570.01953125,-75.01953125,75.01953125,5627.930068969727
2001-12-16 16:00:00,29867.0,29010.4765625,856.5234375,856.5234375,733632.3989868164
2001-12-16 17:00:00,33228.0,31781.580078125,1446.419921875,1446.419921875,2092130.590396881
2001-12-16 18:00:00,33663.0,33586.93359375,76.06640625,76.06640625,5786.098159790039
2001-12-16 19:00:00,33466.0,33407.33984375,58.66015625,58.66015625,3441.013931274414
2001-12-16 20:00:00,32989.0,32862.703125,126.296875,126.296875,15950.900634765625
2001-12-16 21:00:00,31788.0,32148.53515625,-360.53515625,360.53515625,129985.59889221191
2001-12-16 22:00:00,29502.0,30257.373046875,-755.373046875,755.373046875,570588.439945221
2001-12-16 23:00:00,26755.0,27232.951171875,-477.951171875,477.951171875,228437.3226966858
2001-12-17 00:00:00,24642.0,25428.966796875,-786.966796875,786.966796875,619316.7393836975
2001-12-17 01:00:00,23656.0,24047.263671875,-391.263671875,391.263671875,153087.26092910767
2001-12-17 02:00:00,23246.0,23503.759765625,-257.759765625,257.759765625,66440.09677505493
2001-12-17 03:00:00,23356.0,23031.384765625,324.615234375,324.615234375,105375.05038833618
2001-12-17 04:00:00,23940.0,23560.36328125,379.63671875,379.63671875,144124.0382232666
2001-12-17 05:00:00,26036.0,25397.810546875,638.189453125,638.189453125,407285.7780799866
2001-12-17 06:00:00,30196.0,29117.140625,1078.859375,1078.859375,1163937.5510253906
2001-12-17 07:00:00,33075.0,33115.12109375,-40.12109375,40.12109375,1609.702163696289
2001-12-17 08:00:00,33431.0,33569.30078125,-138.30078125,138.30078125,19127.10609436035
2001-12-17 09:00:00,33511.0,33278.59375,232.40625,232.40625,54012.6650390625
2001-12-17 10:00:00,33958.0,32977.078125,980.921875,980.921875,962207.7248535156
2001-12-17 11:00:00,33386.0,33501.0859375,-115.0859375,115.0859375,13244.773010253906
2001-12-17 12:00:00,32971.0,32972.9609375,-1.9609375,1.9609375,3.84527587890625
2001-12-17 13:00:00,32754.0,32639.462890625,114.537109375,114.537109375,13118.749423980713
2001-12-17 14:00:00,32339.0,32490.048828125,-151.048828125,151.048828125,22815.74847793579
2001-12-17 15:00:00,32432.0,32472.119140625,-40.119140625,40.119140625,1609.5454444885254
2001-12-17 16:00:00,34375.0,33782.26171875,592.73828125,592.73828125,351338.6700592041
2001-12-17 17:00:00,36963.0,36981.0703125,-18.0703125,18.0703125,326.53619384765625
2001-12-17 18:00:00,36856.0,37198.7890625,-342.7890625,342.7890625,117504.3413696289
2001-12-17 19:00:00,36071.0,36298.53125,-227.53125,227.53125,51770.4697265625
2001-12-17 20:00:00,35179.0,35664.14453125,-485.14453125,485.14453125,235365.21620178223
2001-12-17 21:00:00,33429.0,33357.10546875,71.89453125,71.89453125,5168.823623657227
2001-12-17 22:00:00,30419.0,30760.8125,-341.8125,341.8125,116835.78515625
2001-12-17 23:00:00,27345.0,27781.470703125,-436.470703125,436.470703125,190506.67468643188
2001-12-18 00:00:00,24640.0,25202.345703125,-562.345703125,562.345703125,316232.68982315063
2001-12-18 01:00:00,23345.0,23756.62890625,-411.62890625,411.62890625,169438.3564605713
2001-12-18 02:00:00,22698.0,22774.923828125,-76.923828125,76.923828125,5917.275333404541
2001-12-18 03:00:00,22465.0,22559.6640625,-94.6640625,94.6640625,8961.284729003906
2001-12-18 04:00:00,22850.0,22921.02734375,-71.02734375,71.02734375,5044.883560180664
2001-12-18 05:00:00,24964.0,24974.859375,-10.859375,10.859375,117.926025390625
2001-12-18 06:00:00,29021.0,28972.060546875,48.939453125,48.939453125,2395.0700721740723
2001-12-18 07:00:00,31911.0,31313.138671875,597.861328125,597.861328125,357438.1676673889
2001-12-18 08:00:00,32301.0,32318.134765625,-17.134765625,17.134765625,293.60019302368164
2001-12-18 09:00:00,32495.0,32689.73046875,-194.73046875,194.73046875,37919.95545959473
2001-12-18 10:00:00,32460.0,32685.220703125,-225.220703125,225.220703125,50724.365116119385
2001-12-18 11:00:00,32256.0,32394.177734375,-138.177734375,138.177734375,19093.086277008057
2001-12-18 12:00:00,31903.0,31988.98828125,-85.98828125,85.98828125,7393.984512329102
2001-12-18 13:00:00,31754.0,31561.05859375,192.94140625,192.94140625,37226.38624572754
2001-12-18 14:00:00,31514.0,31550.306640625,-36.306640625,36.306640625,1318.1721534729004
2001-12-18 15:00:00,31704.0,31667.103515625,36.896484375,36.896484375,1361.3505592346191
2001-12-18 16:00:00,33457.0,33175.6640625,281.3359375,281.3359375,79149.9097290039
2001-12-18 17:00:00,36983.0,35280.4765625,1702.5234375,1702.5234375,2898586.0552368164
2001-12-18 18:00:00,36938.0,36747.53125,190.46875,190.46875,36278.3447265625
2001-12-18 19:00:00,36389.0,36503.234375,-114.234375,114.234375,13049.492431640625
2001-12-18 20:00:00,35761.0,36261.1875,-500.1875,500.1875,250187.53515625
2001-12-18 21:00:00,34090.0,35010.875,-920.875,920.875,848010.765625
2001-12-18 22:00:00,31457.0,31813.3828125,-356.3828125,356.3828125,127008.70904541016
2001-12-18 23:00:00,28315.0,28888.84765625,-573.84765625,573.84765625,329301.13258361816
2001-12-19 00:00:00,25649.0,26105.3984375,-456.3984375,456.3984375,208299.5337524414
2001-12-19 01:00:00,24596.0,24476.45703125,119.54296875,119.54296875,14290.521377563477
2001-12-19 02:00:00,24212.0,24226.845703125,-14.845703125,14.845703125,220.39490127563477
2001-12-19 03:00:00,24118.0,24053.0625,64.9375,64.9375,4216.87890625
2001-12-19 04:00:00,24683.0,24586.04296875,96.95703125,96.95703125,9400.665908813477
2001-12-19 05:00:00,27104.0,26952.912109375,151.087890625,151.087890625,22827.550693511963
2001-12-19 06:00:00,31230.0,31235.615234375,-5.615234375,5.615234375,31.53085708618164
2001-12-19 07:00:00,33565.0,34090.9765625,-525.9765625,525.9765625,276651.3442993164
2001-12-19 08:00:00,33417.0,33383.69140625,33.30859375,33.30859375,1109.462417602539
2001-12-19 09:00:00,32982.0,33347.35546875,-365.35546875,365.35546875,133484.61854553223
2001-12-19 10:00:00,32658.0,32833.01953125,-175.01953125,175.01953125,30631.836318969727
2001-12-19 11:00:00,31947.0,32116.646484375,-169.646484375,169.646484375,28779.92966079712
2001-12-19 12:00:00,31266.0,31520.09375,-254.09375,254.09375,64563.6337890625
2001-12-19 13:00:00,30930.0,30694.337890625,235.662109375,235.662109375,55536.62979507446
2001-12-19 14:00:00,30477.0,30701.10546875,-224.10546875,224.10546875,50223.26112365723
2001-12-19 15:00:00,30533.0,30382.197265625,150.802734375,150.802734375,22741.464694976807
2001-12-19 16:00:00,32027.0,31970.423828125,56.576171875,56.576171875,3200.863224029541
2001-12-19 17:00:00,36033.0,35074.65234375,958.34765625,958.34765625,918430.2302398682
2001-12-19 18:00:00,36376.0,36117.7734375,258.2265625,258.2265625,66680.9575805664
2001-12-19 19:00:00,35703.0,35807.42578125,-104.42578125,104.42578125,10904.743789672852
2001-12-19 20:00:00,35197.0,35142.21484375,54.78515625,54.78515625,3001.413345336914
2001-12-19 21:00:00,33794.0,33823.625,-29.625,29.625,877.640625
2001-12-19 22:00:00,31137.0,31488.783203125,-351.783203125,351.783203125,123751.42200088501
2001-12-19 23:00:00,28020.0,28543.888671875,-523.888671875,523.888671875,274459.3405189514
2001-12-20 00:00:00,25552.0,25953.6640625,-401.6640625,401.6640625,161334.0191040039
2001-12-20 01:00:00,24529.0,24331.875,197.125,197.125,38858.265625
2001-12-20 02:00:00,24018.0,24157.763671875,-139.763671875,139.763671875,19533.883975982666
2001-12-20 03:00:00,23909.0,24006.6953125,-97.6953125,97.6953125,9544.374084472656
2001-12-20 04:00:00,24498.0,24392.291015625,105.708984375,105.708984375,11174.389377593994
2001-12-20 05:00:00,26709.0,26344.7265625,364.2734375,364.2734375,132695.1372680664
2001-12-20 06:00:00,30923.0,30500.3515625,422.6484375,422.6484375,178631.7017211914
2001-12-20 07:00:00,33384.0,33421.25390625,-37.25390625,37.25390625,1387.853530883789
2001-12-20 08:00:00,33701.0,33439.0546875,261.9453125,261.9453125,68615.34674072266
2001-12-20 09:00:00,33513.0,33568.08984375,-55.08984375,55.08984375,3034.890884399414
2001-12-20 10:00:00,33375.0,33244.6484375,130.3515625,130.3515625,16991.529846191406
2001-12-20 11:00:00,33123.0,32851.25,271.75,271.75,73848.0625
2001-12-20 12:00:00,32589.0,32654.08984375,-65.08984375,65.08984375,4236.687759399414
2001-12-20 13:00:00,32504.0,32297.55078125,206.44921875,206.44921875,42621.27992248535
2001-12-20 14:00:00,32165.0,32126.939453125,38.060546875,38.060546875,1448.6052284240723
2001-12-20 15:00:00,32423.0,32027.591796875,395.408203125,395.408203125,156347.64709854126
2001-12-20 16:00:00,34020.0,33977.81640625,42.18359375,42.18359375,1779.455581665039
2001-12-20 17:00:00,37717.0,35980.234375,1736.765625,1736.765625,3016354.8361816406
2001-12-20 18:00:00,37982.0,37251.40625,730.59375,730.59375,533767.2275390625
2001-12-20 19:00:00,37508.0,37146.67578125,361.32421875,361.32421875,130555.19105529785
2001-12-20 20:00:00,36894.0,37166.6796875,-272.6796875,272.6796875,74354.21197509766
2001-12-20 21:00:00,35561.0,35832.65234375,-271.65234375,271.65234375,73794.99586486816
2001-12-20 22:00:00,33116.0,33085.6640625,30.3359375,30.3359375,920.2691040039062
2001-12-20 23:00:00,29793.0,30326.220703125,-533.220703125,533.220703125,284324.3182411194
2001-12-21 00:00:00,27364.0,27636.974609375,-272.974609375,272.974609375,74515.13736343384
2001-12-21 01:00:00,26104.0,26025.05859375,78.94140625,78.94140625,6231.745620727539
2001-12-21 02:00:00,25547.0,25569.63671875,-22.63671875,22.63671875,512.4210357666016
2001-12-21 03:00:00,25359.0,25404.1015625,-45.1015625,45.1015625,2034.1509399414062
2001-12-21 04:00:00,25897.0,25871.3125,25.6875,25.6875,659.84765625
2001-12-21 05:00:00,27998.0,28114.455078125,-116.455078125,116.455078125,13561.785221099854
2001-12-21 06:00:00,31932.0,31861.609375,70.390625,70.390625,4954.840087890625
2001-12-21 07:00:00,34194.0,34452.15234375,-258.15234375,258.15234375,66642.63258361816
2001-12-21 08:00:00,34249.0,34123.6328125,125.3671875,125.3671875,15716.931701660156
2001-12-21 09:00:00,33912.0,33695.70703125,216.29296875,216.29296875,46782.64833068848
2001-12-21 10:00:00,33700.0,33454.0078125,245.9921875,245.9921875,60512.156311035156
2001-12-21 11:00:00,33093.0,33016.171875,76.828125,76.828125,5902.560791015625
2001-12-21 12:00:00,32330.0,32202.794921875,127.205078125,127.205078125,16181.131900787354
2001-12-21 13:00:00,31854.0,31736.533203125,117.466796875,117.466796875,13798.44836807251
2001-12-21 14:00:00,31378.0,31390.328125,-12.328125,12.328125,151.982666015625
2001-12-21 15:00:00,31274.0,31163.734375,110.265625,110.265625,12158.508056640625
2001-12-21 16:00:00,32858.0,32425.16015625,432.83984375,432.83984375,187350.3303375244
2001-12-21 17:00:00,36734.0,35512.15234375,1221.84765625,1221.84765625,1492911.6950836182
2001-12-21 18:00:00,36873.0,36912.56640625,-39.56640625,39.56640625,1565.500503540039
2001-12-21 19:00:00,36206.0,36174.15234375,31.84765625,31.84765625,1014.2732086181641
2001-12-21 20:00:00,35461.0,35732.77734375,-271.77734375,271.77734375,73862.92457580566
2001-12-21 21:00:00,34178.0,34713.1640625,-535.1640625,535.1640625,286400.5737915039
2001-12-21 22:00:00,32248.0,32143.666015625,104.333984375,104.333984375,10885.580295562744
2001-12-21 23:00:00,29651.0,29678.076171875,-27.076171875,27.076171875,733.119083404541
2001-12-22 00:00:00,27377.0,27669.556640625,-292.556640625,292.556640625,85589.3879737854
2001-12-22 01:00:00,26051.0,26254.205078125,-203.205078125,203.205078125,41292.30377578735
2001-12-22 02:00:00,25852.0,25337.244140625,514.755859375,514.755859375,264973.5947608948
2001-12-22 03:00:00,25807.0,25683.572265625,123.427734375,123.427734375,15234.405612945557
2001-12-22 04:00:00,25841.0,26409.697265625,-568.697265625,568.697265625,323416.5799293518
2001-12-22 05:00:00,26616.0,27404.1875,-788.1875,788.1875,621239.53515625
2001-12-22 06:00:00,27990.0,28789.99609375,-799.99609375,799.99609375,639993.7500152588
2001-12-22 07:00:00,29253.0,30032.923828125,-779.923828125,779.923828125,608281.1776771545
2001-12-22 08:00:00,30638.0,30697.748046875,-59.748046875,59.748046875,3569.8291053771973
2001-12-22 09:00:00,31223.0,31636.173828125,-413.173828125,413.173828125,170712.61224746704
2001-12-22 10:00:00,30984.0,31307.990234375,-323.990234375,323.990234375,104969.67197036743
2001-12-22 11:00:00,30174.0,30636.986328125,-462.986328125,462.986328125,214356.34003067017
2001-12-22 12:00:00,29249.0,29434.568359375,-185.568359375,185.568359375,34435.61600112915
2001-12-22 13:00:00,28384.0,28560.873046875,-176.873046875,176.873046875,31284.074710845947
2001-12-22 14:00:00,27817.0,27740.220703125,76.779296875,76.779296875,5895.060428619385
2001-12-22 15:00:00,27686.0,27454.07421875,231.92578125,231.92578125,53789.56800842285
2001-12-22 16:00:00,29525.0,28917.5625,607.4375,607.4375,368980.31640625
2001-12-22 17:00:00,33430.0,31978.64453125,1451.35546875,1451.35546875,2106432.696670532
2001-12-22 18:00:00,33821.0,34468.15234375,-647.15234375,647.15234375,418806.15602111816
2001-12-22 19:00:00,33564.0,32612.5390625,951.4609375,951.4609375,905277.9155883789
2001-12-22 20:00:00,33192.0,33034.9140625,157.0859375,157.0859375,24675.991760253906
2001-12-22 21:00:00,32340.0,32293.89453125,46.10546875,46.10546875,2125.7142486572266
2001-12-22 22:00:00,31189.0,30547.150390625,641.849609375,641.849609375,411970.9210548401
2001-12-22 23:00:00,29426.0,29757.001953125,-331.001953125,331.001953125,109562.2929725647
2001-12-23 00:00:00,27141.0,27757.5390625,-616.5390625,616.5390625,380120.4155883789
2001-12-23 01:00:00,25425.0,25875.419921875,-450.419921875,450.419921875,202878.1060218811
2001-12-23 02:00:00,24901.0,24596.4140625,304.5859375,304.5859375,92772.5933227539
2001-12-23 03:00:00,24633.0,24242.97265625,390.02734375,390.02734375,152121.32887268066
2001-12-23 04:00:00,24684.0,24561.564453125,122.435546875,122.435546875,14990.463138580322
2001-12-23 05:00:00,25327.0,25414.544921875,-87.544921875,87.544921875,7664.1133460998535
2001-12-23 06:00:00,26357.0,27077.740234375,-720.740234375,720.740234375,519466.48544692993
2001-12-23 07:00:00,27471.0,28379.349609375,-908.349609375,908.349609375,825099.0128517151
2001-12-23 08:00:00,28661.0,29325.25390625,-664.25390625,664.25390625,441233.2519683838
2001-12-23 09:00:00,28931.0,29362.783203125,-431.783203125,431.783203125,186436.734500885
2001-12-23 10:00:00,28564.0,28783.056640625,-219.056640625,219.056640625,47985.8118019104
2001-12-23 11:00:00,27879.0,27957.810546875,-78.810546875,78.810546875,6211.102298736572
2001-12-23 12:00:00,27441.0,27249.509765625,191.490234375,191.490234375,36668.50986099243
2001-12-23 13:00:00,26971.0,27112.388671875,-141.388671875,141.388671875,19990.756534576416
2001-12-23 14:00:00,26666.0,26386.412109375,279.587890625,279.587890625,78169.38858413696
2001-12-23 15:00:00,26989.0,26663.939453125,325.060546875,325.060546875,105664.35913467407
2001-12-23 16:00:00,29163.0,28644.623046875,518.376953125,518.376953125,268714.66553115845
2001-12-23 17:00:00,32119.0,31475.748046875,643.251953125,643.251953125,413773.0751991272
2001-12-23 18:00:00,32279.0,32873.703125,-594.703125,594.703125,353671.8068847656
2001-12-23 19:00:00,31896.0,32064.041015625,-168.041015625,168.041015625,28237.782932281494
2001-12-23 20:00:00,31354.0,31303.146484375,50.853515625,50.853515625,2586.080051422119
2001-12-23 21:00:00,30407.0,30560.314453125,-153.314453125,153.314453125,23505.321537017822
2001-12-23 22:00:00,28523.0,28996.0546875,-473.0546875,473.0546875,223780.73736572266
2001-12-23 23:00:00,26125.0,26766.330078125,-641.330078125,641.330078125,411304.2691078186
2001-12-24 00:00:00,23811.0,24983.177734375,-1172.177734375,1172.177734375,1374000.640964508
2001-12-24 01:00:00,22421.0,22735.97265625,-314.97265625,314.97265625,99207.77418518066
2001-12-24 02:00:00,21629.0,21827.447265625,-198.447265625,198.447265625,39381.31723403931
2001-12-24 03:00:00,21678.0,21259.427734375,418.572265625,418.572265625,175202.74155044556
2001-12-24 04:00:00,21634.0,21592.87109375,41.12890625,41.12890625,1691.586929321289
2001-12-24 05:00:00,22770.0,21957.001953125,812.998046875,812.998046875,660965.8242225647
2001-12-24 06:00:00,24686.0,24596.16796875,89.83203125,89.83203125,8069.793838500977
2001-12-24 07:00:00,26463.0,27472.564453125,-1009.564453125,1009.564453125,1019220.3850135803
2001-12-24 08:00:00,27988.0,28977.732421875,-989.732421875,989.732421875,979570.266910553
2001-12-24 09:00:00,29121.0,29184.529296875,-63.529296875,63.529296875,4035.9715614318848
2001-12-24 10:00:00,29263.0,29253.212890625,9.787109375,9.787109375,95.78750991821289
2001-12-24 11:00:00,28937.0,28867.37109375,69.62890625,69.62890625,4848.184585571289
2001-12-24 12:00:00,28370.0,28360.544921875,9.455078125,9.455078125,89.39850234985352
2001-12-24 13:00:00,27817.0,28196.2265625,-379.2265625,379.2265625,143812.7857055664
2001-12-24 14:00:00,27612.0,27678.921875,-66.921875,66.921875,4478.537353515625
2001-12-24 15:00:00,27584.0,27579.357421875,4.642578125,4.642578125,21.553531646728516
2001-12-24 16:00:00,29106.0,28722.58203125,383.41796875,383.41796875,147009.33876037598
2001-12-24 17:00:00,32592.0,31387.064453125,1204.935546875,1204.935546875,1451869.6721229553
2001-12-24 18:00:00,32211.0,33093.1875,-882.1875,882.1875,778254.78515625
2001-12-24 19:00:00,31251.0,31788.619140625,-537.619140625,537.619140625,289034.3403663635
2001-12-24 20:00:00,30846.0,30611.2890625,234.7109375,234.7109375,55089.224182128906
2001-12-24 21:00:00,30568.0,30235.27734375,332.72265625,332.72265625,110704.36598205566
2001-12-24 22:00:00,29717.0,29281.275390625,435.724609375,435.724609375,189855.93521499634
2001-12-24 23:00:00,28106.0,27170.01171875,935.98828125,935.98828125,876074.0626373291
2001-12-25 00:00:00,26466.0,25805.02734375,660.97265625,660.97265625,436884.85231018066
2001-12-25 01:00:00,25154.0,25198.875,-44.875,44.875,2013.765625
2001-12-25 02:00:00,24415.0,24255.32421875,159.67578125,159.67578125,25496.35511779785
2001-12-25 03:00:00,24156.0,24171.986328125,-15.986328125,15.986328125,255.56268692016602
2001-12-25 04:00:00,24300.0,24160.66796875,139.33203125,139.33203125,19413.414932250977
2001-12-25 05:00:00,24975.0,25409.08203125,-434.08203125,434.08203125,188427.20985412598
2001-12-25 06:00:00,26130.0,26847.15625,-717.15625,717.15625,514313.0869140625
2001-12-25 07:00:00,27211.0,28337.796875,-1126.796875,1126.796875,1269671.1975097656
2001-12-25 08:00:00,28191.0,29112.814453125,-921.814453125,921.814453125,849741.8859901428
2001-12-25 09:00:00,28909.0,28720.833984375,188.166015625,188.166015625,35406.449436187744
2001-12-25 10:00:00,28811.0,29187.8125,-376.8125,376.8125,141987.66015625
2001-12-25 11:00:00,28259.0,28118.57421875,140.42578125,140.42578125,19719.40003967285
2001-12-25 12:00:00,27366.0,27371.177734375,-5.177734375,5.177734375,26.80893325805664
2001-12-25 13:00:00,26864.0,26784.791015625,79.208984375,79.208984375,6274.063205718994
2001-12-25 14:00:00,25667.0,26380.09765625,-713.09765625,713.09765625,508508.26734924316
2001-12-25 15:00:00,25709.0,25379.63671875,329.36328125,329.36328125,108480.1710357666
2001-12-25 16:00:00,27226.0,26798.619140625,427.380859375,427.380859375,182654.39896011353
2001-12-25 17:00:00,29990.0,29035.04296875,954.95703125,954.95703125,911942.9315338135
2001-12-25 18:00:00,30362.0,31121.0234375,-759.0234375,759.0234375,576116.5786743164
2001-12-25 19:00:00,30510.0,30334.876953125,175.123046875,175.123046875,30668.081546783447
2001-12-25 20:00:00,30692.0,30382.46484375,309.53515625,309.53515625,95812.01295471191
2001-12-25 21:00:00,30230.0,29989.353515625,240.646484375,240.646484375,57910.73044204712
2001-12-25 22:00:00,28868.0,29183.490234375,-315.490234375,315.490234375,99534.08798599243
2001-12-25 23:00:00,26833.0,27148.943359375,-315.943359375,315.943359375,99820.2063331604
2001-12-26 00:00:00,25144.0,25462.017578125,-318.017578125,318.017578125,101135.17999649048
2001-12-26 01:00:00,24246.0,24716.38671875,-470.38671875,470.38671875,221263.6651763916
2001-12-26 02:00:00,23839.0,23953.353515625,-114.353515625,114.353515625,13076.72653579712
2001-12-26 03:00:00,23820.0,23766.828125,53.171875,53.171875,2827.248291015625
2001-12-26 04:00:00,24564.0,24012.494140625,551.505859375,551.505859375,304158.7129249573
2001-12-26 05:00:00,26255.0,25699.55859375,555.44140625,555.44140625,308515.15577697754
2001-12-26 06:00:00,28981.0,28848.298828125,132.701171875,132.701171875,17609.60101699829
2001-12-26 07:00:00,31268.0,31483.048828125,-215.048828125,215.048828125,46245.99847793579
2001-12-26 08:00:00,32455.0,32037.580078125,417.419921875,417.419921875,174239.3911781311
2001-12-26 09:00:00,33188.0,32462.603515625,725.396484375,725.396484375,526200.0595436096
2001-12-26 10:00:00,33274.0,33322.76953125,-48.76953125,48.76953125,2378.4671783447266
2001-12-26 11:00:00,33192.0,33074.625,117.375,117.375,13776.890625
2001-12-26 12:00:00,32620.0,32719.21484375,-99.21484375,99.21484375,9843.585220336914
2001-12-26 13:00:00,32088.0,32276.052734375,-188.052734375,188.052734375,35363.83090591431
2001-12-26 14:00:00,31577.0,31691.16796875,-114.16796875,114.16796875,13034.325088500977
2001-12-26 15:00:00,31453.0,31088.046875,364.953125,364.953125,133190.78344726562
2001-12-26 16:00:00,33083.0,31888.046875,1194.953125,1194.953125,1427912.9709472656
2001-12-26 17:00:00,37104.0,34932.78125,2171.21875,2171.21875,4714190.8603515625
2001-12-26 18:00:00,37531.0,37877.81640625,-346.81640625,346.81640625,120281.61964416504
2001-12-26 19:00:00,37000.0,37278.1015625,-278.1015625,278.1015625,77340.4790649414
2001-12-26 20:00:00,36376.0,36563.70703125,-187.70703125,187.70703125,35233.92958068848
2001-12-26 21:00:00,35099.0,34640.75,458.25,458.25,209993.0625
2001-12-26 22:00:00,32732.0,32702.373046875,29.626953125,29.626953125,877.7563514709473
2001-12-26 23:00:00,30328.0,30273.44140625,54.55859375,54.55859375,2976.640151977539
2001-12-27 00:00:00,28332.0,28298.3125,33.6875,33.6875,1134.84765625
2001-12-27 01:00:00,27329.0,27449.353515625,-120.353515625,120.353515625,14484.96872329712
2001-12-27 02:00:00,26986.0,26735.36328125,250.63671875,250.63671875,62818.7647857666
2001-12-27 03:00:00,27009.0,27085.294921875,-76.294921875,76.294921875,5820.9151039123535
2001-12-27 04:00:00,27555.0,27265.234375,289.765625,289.765625,83964.11743164062
2001-12-27 05:00:00,29332.0,29412.099609375,-80.099609375,80.099609375,6415.947422027588
2001-12-27 06:00:00,32132.0,32010.07421875,121.92578125,121.92578125,14865.896133422852
2001-12-27 07:00:00,33888.0,34376.4140625,-488.4140625,488.4140625,238548.2964477539
2001-12-27 08:00:00,34827.0,34040.4609375,786.5390625,786.5390625,618643.6968383789
2001-12-27 09:00:00,34997.0,34398.67578125,598.32421875,598.32421875,357991.87074279785
2001-12-27 10:00:00,35021.0,34829.96484375,191.03515625,191.03515625,36494.430923461914
2001-12-27 11:00:00,34786.0,34423.72265625,362.27734375,362.27734375,131244.87379455566
2001-12-27 12:00:00,34341.0,34220.55859375,120.44140625,120.44140625,14506.132339477539
2001-12-27 13:00:00,34121.0,33640.62109375,480.37890625,480.37890625,230763.8935699463
2001-12-27 14:00:00,33726.0,33830.7421875,-104.7421875,104.7421875,10970.925842285156
2001-12-27 15:00:00,33546.0,33793.62109375,-247.62109375,247.62109375,61316.20606994629
2001-12-27 16:00:00,34757.0,34281.59765625,475.40234375,475.40234375,226007.38844299316
2001-12-27 17:00:00,38391.0,36744.3203125,1646.6796875,1646.6796875,2711553.9932250977
2001-12-27 18:00:00,38743.0,38823.08203125,-80.08203125,80.08203125,6413.131729125977
2001-12-27 19:00:00,37919.0,38033.30859375,-114.30859375,114.30859375,13066.454605102539
2001-12-27 20:00:00,37161.0,37303.6953125,-142.6953125,142.6953125,20361.952209472656
2001-12-27 21:00:00,35743.0,36050.8125,-307.8125,307.8125,94748.53515625
2001-12-27 22:00:00,33252.0,33574.97265625,-322.97265625,322.97265625,104311.33668518066
2001-12-27 23:00:00,30659.0,30826.642578125,-167.642578125,167.642578125,28104.03400039673
2001-12-28 00:00:00,28511.0,28653.51171875,-142.51171875,142.51171875,20309.5899810791
2001-12-28 01:00:00,27574.0,27299.501953125,274.498046875,274.498046875,75349.1777381897
2001-12-28 02:00:00,27139.0,26726.623046875,412.376953125,412.376953125,170054.75146865845
2001-12-28 03:00:00,27198.0,27027.35546875,170.64453125,170.64453125,29119.556045532227
2001-12-28 04:00:00,27772.0,27674.916015625,97.083984375,97.083984375,9425.300022125244
2001-12-28 05:00:00,29414.0,29356.810546875,57.189453125,57.189453125,3270.6335487365723
2001-12-28 06:00:00,32066.0,32421.171875,-355.171875,355.171875,126147.06079101562
2001-12-28 07:00:00,33942.0,34743.12890625,-801.12890625,801.12890625,641807.5244293213
2001-12-28 08:00:00,34705.0,34541.76171875,163.23828125,163.23828125,26646.7364654541
2001-12-28 09:00:00,35134.0,34311.45703125,822.54296875,822.54296875,676576.9354400635
2001-12-28 10:00:00,35049.0,34951.75,97.25,97.25,9457.5625
2001-12-28 11:00:00,34415.0,34602.796875,-187.796875,187.796875,35267.666259765625
2001-12-28 12:00:00,33481.0,33900.69140625,-419.69140625,419.69140625,176140.87648010254
2001-12-28 13:00:00,32985.0,32912.75390625,72.24609375,72.24609375,5219.498062133789
2001-12-28 14:00:00,32639.0,32670.5859375,-31.5859375,31.5859375,997.6714477539062
2001-12-28 15:00:00,32490.0,32386.697265625,103.302734375,103.302734375,10671.454929351807
2001-12-28 16:00:00,33859.0,33751.37109375,107.62890625,107.62890625,11583.981460571289
2001-12-28 17:00:00,36840.0,36326.01953125,513.98046875,513.98046875,264175.9222564697
2001-12-28 18:00:00,36773.0,37221.97265625,-448.97265625,448.97265625,201576.44606018066
2001-12-28 19:00:00,35941.0,36232.36328125,-291.36328125,291.36328125,84892.5616607666
2001-12-28 20:00:00,35138.0,35125.1640625,12.8359375,12.8359375,164.76129150390625
2001-12-28 21:00:00,33979.0,33852.4140625,126.5859375,126.5859375,16023.999572753906
2001-12-28 22:00:00,32054.0,32172.505859375,-118.505859375,118.505859375,14043.638706207275
2001-12-28 23:00:00,29997.0,30016.833984375,-19.833984375,19.833984375,393.38693618774414
2001-12-29 00:00:00,27925.0,28084.259765625,-159.259765625,159.259765625,25363.67294692993
2001-12-29 01:00:00,26721.0,26597.703125,123.296875,123.296875,15202.119384765625
2001-12-29 02:00:00,26111.0,26073.64453125,37.35546875,37.35546875,1395.4310455322266
2001-12-29 03:00:00,25832.0,26225.611328125,-393.611328125,393.611328125,154929.87762832642
2001-12-29 04:00:00,25867.0,26205.724609375,-338.724609375,338.724609375,114734.36099624634
2001-12-29 05:00:00,26404.0,27111.5546875,-707.5546875,707.5546875,500633.63580322266
2001-12-29 06:00:00,27381.0,27641.16015625,-260.16015625,260.16015625,67683.30690002441
2001-12-29 07:00:00,28609.0,29176.5859375,-567.5859375,567.5859375,322153.7964477539
2001-12-29 08:00:00,30073.0,30586.330078125,-513.330078125,513.330078125,263507.7691078186
2001-12-29 09:00:00,31518.0,31587.6171875,-69.6171875,69.6171875,4846.552795410156
2001-12-29 10:00:00,31890.0,32195.59375,-305.59375,305.59375,93387.5400390625
2001-12-29 11:00:00,31296.0,31701.90625,-405.90625,405.90625,164759.8837890625
2001-12-29 12:00:00,30422.0,30551.1171875,-129.1171875,129.1171875,16671.248107910156
2001-12-29 13:00:00,29566.0,29610.384765625,-44.384765625,44.384765625,1970.0074195861816
2001-12-29 14:00:00,29046.0,28886.001953125,159.998046875,159.998046875,25599.375003814697
2001-12-29 15:00:00,29101.0,28947.498046875,153.501953125,153.501953125,23562.849613189697
2001-12-29 16:00:00,30710.0,30032.806640625,677.193359375,677.193359375,458590.8459815979
2001-12-29 17:00:00,34092.0,33766.390625,325.609375,325.609375,106021.46508789062
2001-12-29 18:00:00,34788.0,34405.94921875,382.05078125,382.05078125,145962.79945373535
2001-12-29 19:00:00,34604.0,34017.98046875,586.01953125,586.01953125,343418.8910064697
2001-12-29 20:00:00,34216.0,34125.40625,90.59375,90.59375,8207.2275390625
2001-12-29 21:00:00,33411.0,33480.0234375,-69.0234375,69.0234375,4764.234924316406
2001-12-29 22:00:00,32058.0,32106.951171875,-48.951171875,48.951171875,2396.217227935791
2001-12-29 23:00:00,30080.0,30200.103515625,-120.103515625,120.103515625,14424.85446548462
2001-12-30 00:00:00,28326.0,28316.27734375,9.72265625,9.72265625,94.53004455566406
2001-12-30 01:00:00,27362.0,27177.642578125,184.357421875,184.357421875,33987.65900039673
2001-12-30 02:00:00,27108.0,26727.0078125,380.9921875,380.9921875,145155.04693603516
2001-12-30 03:00:00,26865.0,27341.408203125,-476.408203125,476.408203125,226964.77600479126
2001-12-30 04:00:00,26808.0,26724.845703125,83.154296875,83.154296875,6914.637088775635
2001-12-30 05:00:00,27352.0,27722.41796875,-370.41796875,370.41796875,137209.47157287598
2001-12-30 06:00:00,28403.0,28920.16015625,-517.16015625,517.16015625,267454.6272125244
2001-12-30 07:00:00,29305.0,29787.125,-482.125,482.125,232444.515625
2001-12-30 08:00:00,30329.0,30002.013671875,326.986328125,326.986328125,106920.05878067017
2001-12-30 09:00:00,31206.0,30936.85546875,269.14453125,269.14453125,72438.77870178223
2001-12-30 10:00:00,31460.0,31392.287109375,67.712890625,67.712890625,4585.035556793213
2001-12-30 11:00:00,31384.0,31131.2109375,252.7890625,252.7890625,63902.310119628906
2001-12-30 12:00:00,31058.0,30638.37890625,419.62109375,419.62109375,176081.8623199463
2001-12-30 13:00:00,30583.0,30552.341796875,30.658203125,30.658203125,939.9254188537598
2001-12-30 14:00:00,30150.0,30106.1875,43.8125,43.8125,1919.53515625
2001-12-30 15:00:00,30235.0,30021.357421875,213.642578125,213.642578125,45643.15118789673
2001-12-30 16:00:00,31981.0,31248.72265625,732.27734375,732.27734375,536230.1081695557
2001-12-30 17:00:00,35848.0,34470.4140625,1377.5859375,1377.5859375,1897743.015197754
2001-12-30 18:00:00,36532.0,36420.45703125,111.54296875,111.54296875,12441.833877563477
2001-12-30 19:00:00,36353.0,36397.0625,-44.0625,44.0625,1941.50390625
2001-12-30 20:00:00,35974.0,35831.3359375,142.6640625,142.6640625,20353.034729003906
2001-12-30 21:00:00,34979.0,35133.9453125,-154.9453125,154.9453125,24008.049865722656
2001-12-30 22:00:00,33331.0,33705.92578125,-374.92578125,374.92578125,140569.34144592285
2001-12-30 23:00:00,31014.0,31989.451171875,-975.451171875,975.451171875,951504.9887123108
2001-12-31 00:00:00,29001.0,29322.337890625,-321.337890625,321.337890625,103258.03995132446
2001-12-31 01:00:00,28138.0,28145.623046875,-7.623046875,7.623046875,58.110843658447266
2001-12-31 02:00:00,27830.0,27438.603515625,391.396484375,391.396484375,153191.20798110962
2001-12-31 03:00:00,27874.0,27575.087890625,298.912109375,298.912109375,89348.44913101196
2001-12-31 04:00:00,28427.0,28353.193359375,73.806640625,73.806640625,5447.4202003479
2001-12-31 05:00:00,29688.0,29525.1640625,162.8359375,162.8359375,26515.542541503906
2001-12-31 06:00:00,31942.0,32101.04296875,-159.04296875,159.04296875,25294.665908813477
2001-12-31 07:00:00,33380.0,34684.265625,-1304.265625,1304.265625,1701108.8205566406
2001-12-31 08:00:00,34339.0,34107.1875,231.8125,231.8125,53737.03515625
2001-12-31 09:00:00,34757.0,34035.06640625,721.93359375,721.93359375,521188.11378479004
2001-12-31 10:00:00,34970.0,34063.1953125,906.8046875,906.8046875,822294.7412719727
2001-12-31 11:00:00,34428.0,34358.6328125,69.3671875,69.3671875,4811.806701660156
2001-12-31 12:00:00,33642.0,34020.6015625,-378.6015625,378.6015625,143339.1431274414
2001-12-31 13:00:00,32719.0,33182.5,-463.5,463.5,214832.25
2001-12-31 14:00:00,31941.0,32448.5234375,-507.5234375,507.5234375,257580.0396118164
2001-12-31 15:00:00,31759.0,31880.916015625,-121.916015625,121.916015625,14863.514865875244
2001-12-31 16:00:00,33587.0,32552.1328125,1034.8671875,1034.8671875,1070950.0957641602
2001-12-31 17:00:00,37568.0,35737.19921875,1830.80078125,1830.80078125,3351831.5006256104
2001-12-31 18:00:00,37570.0,38032.0546875,-462.0546875,462.0546875,213494.53424072266
2001-12-31 19:00:00,36392.0,37170.8125,-778.8125,778.8125,606548.91015625
2001-12-31 20:00:00,35082.0,35390.84765625,-308.84765625,308.84765625,95386.87477111816
2001-12-31 21:00:00,33890.0,33979.9609375,-89.9609375,89.9609375,8092.970275878906
2001-12-31 22:00:00,32590.0,31873.46875,716.53125,716.53125,513417.0322265625
2001-12-31 23:00:00,31569.0,30636.462890625,932.537109375,932.537109375,869625.4603614807
