timestamp,actual,prediction,error,absolute_error,squared_error
2001-06-10 09:00:00,25718.0,25505.357421875,212.642578125,212.642578125,45216.86603164673
2001-06-10 10:00:00,27213.0,27018.361328125,194.638671875,194.638671875,37884.212589263916
2001-06-10 11:00:00,28267.0,28301.103515625,-34.103515625,34.103515625,1163.0497779846191
2001-06-10 12:00:00,28845.0,29163.82421875,-318.82421875,318.82421875,101648.88246154785
2001-06-10 13:00:00,29061.0,29203.439453125,-142.439453125,142.439453125,20288.997806549072
2001-06-10 14:00:00,29329.0,29387.986328125,-58.986328125,58.986328125,3479.386905670166
2001-06-10 15:00:00,29576.0,29796.546875,-220.546875,220.546875,48640.924072265625
2001-06-10 16:00:00,29926.0,30122.056640625,-196.056640625,196.056640625,38438.2063331604
2001-06-10 17:00:00,30384.0,30153.341796875,230.658203125,230.658203125,53203.20666885376
2001-06-10 18:00:00,30328.0,30115.80078125,212.19921875,212.19921875,45028.50843811035
2001-06-10 19:00:00,29944.0,29943.880859375,0.119140625,0.119140625,0.014194488525390625
2001-06-10 20:00:00,30358.0,30221.962890625,136.037109375,136.037109375,18506.095127105713
2001-06-10 21:00:00,30961.0,30417.0234375,543.9765625,543.9765625,295910.5005493164
2001-06-10 22:00:00,29177.0,29275.455078125,-98.455078125,98.455078125,9693.402408599854
2001-06-10 23:00:00,26590.0,26483.03125,106.96875,106.96875,11442.3134765625
2001-06-11 00:00:00,24371.0,24177.37109375,193.62890625,193.62890625,37492.15333557129
2001-06-11 01:00:00,23054.0,22838.078125,215.921875,215.921875,46622.256103515625
2001-06-11 02:00:00,22322.0,22232.708984375,89.291015625,89.291015625,7972.885471343994
2001-06-11 03:00:00,22122.0,21709.541015625,412.458984375,412.458984375,170122.4137916565
2001-06-11 04:00:00,22387.0,22176.70703125,210.29296875,210.29296875,44223.13270568848
2001-06-11 05:00:00,23702.0,23749.30078125,-47.30078125,47.30078125,2237.3639068603516
2001-06-11 06:00:00,26620.0,26390.255859375,229.744140625,229.744140625,52782.370151519775
2001-06-11 07:00:00,30130.0,29671.1875,458.8125,458.8125,210508.91015625
2001-06-11 08:00:00,32315.0,32098.41015625,216.58984375,216.58984375,46911.160415649414
2001-06-11 09:00:00,34143.0,33621.125,521.875,521.875,272353.515625
2001-06-11 10:00:00,35710.0,35549.0546875,160.9453125,160.9453125,25903.393615722656
2001-06-11 11:00:00,36771.0,36282.5546875,488.4453125,488.4453125,238578.82330322266
2001-06-11 12:00:00,37442.0,37599.75390625,-157.75390625,157.75390625,24886.29493713379
2001-06-11 13:00:00,38125.0,38041.10546875,83.89453125,83.89453125,7038.292373657227
2001-06-11 14:00:00,38713.0,38475.09765625,237.90234375,237.90234375,56597.525161743164
2001-06-11 15:00:00,39141.0,38888.3828125,252.6171875,252.6171875,63815.443420410156
2001-06-11 16:00:00,39406.0,39745.03125,-339.03125,339.03125,114942.1884765625
2001-06-11 17:00:00,39133.0,38982.359375,150.640625,150.640625,22692.597900390625
2001-06-11 18:00:00,38113.0,38026.42578125,86.57421875,86.57421875,7495.095352172852
2001-06-11 19:00:00,37280.0,37081.33203125,198.66796875,198.66796875,39468.96180725098
2001-06-11 20:00:00,37357.0,36935.4921875,421.5078125,421.5078125,177668.83599853516
2001-06-11 21:00:00,37476.0,36210.26953125,1265.73046875,1265.73046875,1602073.6195220947
2001-06-11 22:00:00,34581.0,34529.23046875,51.76953125,51.76953125,2680.0843658447266
2001-06-11 23:00:00,30864.0,31130.107421875,-266.107421875,266.107421875,70813.15997695923
2001-06-12 00:00:00,28083.0,28063.93359375,19.06640625,19.06640625,363.52784729003906
2001-06-12 01:00:00,26556.0,26150.189453125,405.810546875,405.810546875,164682.19995498657
2001-06-12 02:00:00,25464.0,25304.74609375,159.25390625,159.25390625,25361.80665588379
2001-06-12 03:00:00,24844.0,24803.8125,40.1875,40.1875,1615.03515625
2001-06-12 04:00:00,24824.0,25083.37890625,-259.37890625,259.37890625,67277.41700744629
2001-06-12 05:00:00,26008.0,25622.84765625,385.15234375,385.15234375,148342.32789611816
2001-06-12 06:00:00,28990.0,28621.505859375,368.494140625,368.494140625,135787.93167495728
2001-06-12 07:00:00,32354.0,32118.998046875,235.001953125,235.001953125,55225.9179725647
2001-06-12 08:00:00,34684.0,34629.078125,54.921875,54.921875,3016.412353515625
2001-06-12 09:00:00,36603.0,36628.74609375,-25.74609375,25.74609375,662.8613433837891
2001-06-12 10:00:00,38263.0,38226.41015625,36.58984375,36.58984375,1338.816665649414
2001-06-12 11:00:00,39492.0,39572.6171875,-80.6171875,80.6171875,6499.130920410156
2001-06-12 12:00:00,40402.0,40301.28515625,100.71484375,100.71484375,10143.479751586914
2001-06-12 13:00:00,41298.0,41403.83984375,-105.83984375,105.83984375,11202.072525024414
2001-06-12 14:00:00,42266.0,42303.34765625,-37.34765625,37.34765625,1394.847427368164
2001-06-12 15:00:00,42985.0,42730.24609375,254.75390625,254.75390625,64899.55274963379
2001-06-12 16:00:00,43512.0,43436.8984375,75.1015625,75.1015625,5640.244689941406
2001-06-12 17:00:00,43320.0,43953.92578125,-633.92578125,633.92578125,401861.89613342285
2001-06-12 18:00:00,42225.0,41739.62109375,485.37890625,485.37890625,235592.6826324463
2001-06-12 19:00:00,40823.0,40619.546875,203.453125,203.453125,41393.174072265625
2001-06-12 20:00:00,40675.0,40296.83203125,378.16796875,378.16796875,143011.01258850098
2001-06-12 21:00:00,40031.0,39678.96875,352.03125,352.03125,123926.0009765625
2001-06-12 22:00:00,36772.0,36924.84375,-152.84375,152.84375,23361.2119140625
2001-06-12 23:00:00,33119.0,33252.21484375,-133.21484375,133.21484375,17746.194595336914
2001-06-13 00:00:00,30150.0,30138.828125,11.171875,11.171875,124.810791015625
2001-06-13 01:00:00,28621.0,28374.8203125,246.1796875,246.1796875,60604.438537597656
2001-06-13 02:00:00,27401.0,27474.5390625,-73.5390625,73.5390625,5407.993713378906
2001-06-13 03:00:00,26570.0,26782.193359375,-212.193359375,212.193359375,45026.0217628479
2001-06-13 04:00:00,26502.0,26303.751953125,198.248046875,198.248046875,39302.2880897522
2001-06-13 05:00:00,27668.0,27790.71875,-122.71875,122.71875,15059.8916015625
2001-06-13 06:00:00,30643.0,30251.380859375,391.619140625,391.619140625,153365.55130386353
2001-06-13 07:00:00,34392.0,33757.59765625,634.40234375,634.40234375,402466.33375549316
2001-06-13 08:00:00,36996.0,36921.5546875,74.4453125,74.4453125,5542.104553222656
2001-06-13 09:00:00,39126.0,38709.171875,416.828125,416.828125,173745.68579101562
2001-06-13 10:00:00,41222.0,41072.5078125,149.4921875,149.4921875,22347.914123535156
2001-06-13 11:00:00,42839.0,42473.27734375,365.72265625,365.72265625,133753.06129455566
2001-06-13 12:00:00,43855.0,43986.83984375,-131.83984375,131.83984375,17381.744400024414
2001-06-13 13:00:00,44834.0,44654.16796875,179.83203125,179.83203125,32339.559463500977
2001-06-13 14:00:00,45827.0,44879.57421875,947.42578125,947.42578125,897615.6109771729
2001-06-13 15:00:00,46438.0,45632.54296875,805.45703125,805.45703125,648761.0291900635
2001-06-13 16:00:00,46937.0,46834.34765625,102.65234375,102.65234375,10537.503677368164
2001-06-13 17:00:00,46663.0,46325.75390625,337.24609375,337.24609375,113734.92774963379
2001-06-13 18:00:00,45416.0,45247.1953125,168.8046875,168.8046875,28495.022521972656
2001-06-13 19:00:00,43834.0,43828.30859375,5.69140625,5.69140625,32.39210510253906
2001-06-13 20:00:00,43064.0,43249.64453125,-185.64453125,185.64453125,34463.89198303223
2001-06-13 21:00:00,42599.0,41792.296875,806.703125,806.703125,650769.9318847656
2001-06-13 22:00:00,39090.0,39399.24609375,-309.24609375,309.24609375,95633.14649963379
2001-06-13 23:00:00,35104.0,35298.8515625,-194.8515625,194.8515625,37967.131408691406
2001-06-14 00:00:00,31839.0,31867.30078125,-28.30078125,28.30078125,800.9342193603516
2001-06-14 01:00:00,29922.0,29844.333984375,77.666015625,77.666015625,6032.009983062744
2001-06-14 02:00:00,28578.0,28820.798828125,-242.798828125,242.798828125,58951.27093887329
2001-06-14 03:00:00,27807.0,27728.759765625,78.240234375,78.240234375,6121.534275054932
2001-06-14 04:00:00,27827.0,27797.400390625,29.599609375,29.599609375,876.1368751525879
2001-06-14 05:00:00,29136.0,28598.640625,537.359375,537.359375,288755.0979003906
2001-06-14 06:00:00,31828.0,31331.8984375,496.1015625,496.1015625,246116.7603149414
2001-06-14 07:00:00,35061.0,34794.08984375,266.91015625,266.91015625,71241.03150939941
2001-06-14 08:00:00,36950.0,37910.7109375,-960.7109375,960.7109375,922965.5054321289
2001-06-14 09:00:00,38278.0,38826.33203125,-548.33203125,548.33203125,300668.016494751
2001-06-14 10:00:00,39628.0,39772.0625,-144.0625,144.0625,20754.00390625
2001-06-14 11:00:00,40682.0,40515.69140625,166.30859375,166.30859375,27658.54835510254
2001-06-14 12:00:00,41719.0,41445.01953125,273.98046875,273.98046875,75065.29725646973
2001-06-14 13:00:00,42964.0,42328.01953125,635.98046875,635.98046875,404471.1566314697
2001-06-14 14:00:00,44132.0,43227.73828125,904.26171875,904.26171875,817689.2559967041
2001-06-14 15:00:00,45200.0,44586.3515625,613.6484375,613.6484375,376564.4048461914
2001-06-14 16:00:00,45682.0,44917.015625,764.984375,764.984375,585201.0939941406
2001-06-14 17:00:00,45515.0,44830.50390625,684.49609375,684.49609375,468534.9023590088
2001-06-14 18:00:00,44342.0,44037.484375,304.515625,304.515625,92729.76586914062
2001-06-14 19:00:00,42730.0,42952.05078125,-222.05078125,222.05078125,49306.54945373535
2001-06-14 20:00:00,41733.0,41700.9375,32.0625,32.0625,1028.00390625
2001-06-14 21:00:00,41405.0,41290.99609375,114.00390625,114.00390625,12996.890640258789
2001-06-14 22:00:00,38316.0,38376.47265625,-60.47265625,60.47265625,3656.942153930664
2001-06-14 23:00:00,34426.0,34989.99609375,-563.99609375,563.99609375,318091.5937652588
2001-06-15 00:00:00,31259.0,31362.265625,-103.265625,103.265625,10663.789306640625
2001-06-15 01:00:00,29637.0,29336.814453125,300.185546875,300.185546875,90111.36255264282
2001-06-15 02:00:00,28533.0,28382.66796875,150.33203125,150.33203125,22599.719619750977
2001-06-15 03:00:00,27606.0,27841.498046875,-235.498046875,235.498046875,55459.3300819397
2001-06-15 04:00:00,27783.0,27330.166015625,452.833984375,452.833984375,205058.61740493774
2001-06-15 05:00:00,29013.0,28846.615234375,166.384765625,166.384765625,27683.89023208618
2001-06-15 06:00:00,31766.0,31402.751953125,363.248046875,363.248046875,131949.1435585022
2001-06-15 07:00:00,35000.0,34671.30859375,328.69140625,328.69140625,108038.04054260254
2001-06-15 08:00:00,37030.0,37772.8046875,-742.8046875,742.8046875,551758.8037719727
2001-06-15 09:00:00,38440.0,39025.91015625,-585.91015625,585.91015625,343290.7111968994
2001-06-15 10:00:00,39817.0,39942.30859375,-125.30859375,125.30859375,15702.243667602539
2001-06-15 11:00:00,41047.0,40667.9140625,379.0859375,379.0859375,143706.1480102539
2001-06-15 12:00:00,42101.0,41854.5,246.5,246.5,60762.25
2001-06-15 13:00:00,43171.0,42944.00390625,226.99609375,226.99609375,51527.22657775879
2001-06-15 14:00:00,43724.0,43597.81640625,126.18359375,126.18359375,15922.299331665039
2001-06-15 15:00:00,43949.0,43707.4453125,241.5546875,241.5546875,58348.667053222656
2001-06-15 16:00:00,43939.0,43375.01953125,563.98046875,563.98046875,318073.9691314697
2001-06-15 17:00:00,43263.0,43006.22265625,256.77734375,256.77734375,65934.60426330566
2001-06-15 18:00:00,41847.0,41640.05078125,206.94921875,206.94921875,42827.97914123535
2001-06-15 19:00:00,40253.0,40783.37109375,-530.37109375,530.37109375,281293.4970855713
2001-06-15 20:00:00,39324.0,39480.3046875,-156.3046875,156.3046875,24431.155334472656
2001-06-15 21:00:00,39304.0,38617.3828125,686.6171875,686.6171875,471443.16217041016
2001-06-15 22:00:00,36886.0,36595.4375,290.5625,290.5625,84426.56640625
2001-06-15 23:00:00,33817.0,33829.25,-12.25,12.25,150.0625
2001-06-16 00:00:00,31044.0,30875.23828125,168.76171875,168.76171875,28480.5177154541
2001-06-16 01:00:00,29117.0,29160.78125,-43.78125,43.78125,1916.7978515625
2001-06-16 02:00:00,27835.0,27752.09765625,82.90234375,82.90234375,6872.798599243164
2001-06-16 03:00:00,26956.0,26657.701171875,298.298828125,298.298828125,88982.19086074829
2001-06-16 04:00:00,26606.0,26206.064453125,399.935546875,399.935546875,159948.44165420532
2001-06-16 05:00:00,26824.0,26984.767578125,-160.767578125,160.767578125,25846.21417617798
2001-06-16 06:00:00,27332.0,28283.83203125,-951.83203125,951.83203125,905984.215713501
2001-06-16 07:00:00,29283.0,28896.97265625,386.02734375,386.02734375,149017.11012268066
2001-06-16 08:00:00,31917.0,32257.732421875,-340.732421875,340.732421875,116098.58331680298
2001-06-16 09:00:00,34427.0,34354.359375,72.640625,72.640625,5276.660400390625
2001-06-16 10:00:00,35912.0,36393.54296875,-481.54296875,481.54296875,231883.63075256348
2001-06-16 11:00:00,36626.0,36988.58203125,-362.58203125,362.58203125,131465.72938537598
2001-06-16 12:00:00,37043.0,36918.89453125,124.10546875,124.10546875,15402.167373657227
2001-06-16 13:00:00,36905.0,37166.60546875,-261.60546875,261.60546875,68437.42127990723
2001-06-16 14:00:00,36595.0,37024.9609375,-429.9609375,429.9609375,184866.4077758789
2001-06-16 15:00:00,36212.0,36462.1328125,-250.1328125,250.1328125,62566.423889160156
2001-06-16 16:00:00,35784.0,36011.9453125,-227.9453125,227.9453125,51959.065490722656
2001-06-16 17:00:00,35324.0,35324.609375,-0.609375,0.609375,0.371337890625
2001-06-16 18:00:00,34767.0,34591.3359375,175.6640625,175.6640625,30857.862854003906
2001-06-16 19:00:00,34245.0,33844.15234375,400.84765625,400.84765625,160678.84352111816
2001-06-16 20:00:00,34511.0,33946.88671875,564.11328125,564.11328125,318223.7940826416
2001-06-16 21:00:00,34522.0,34383.484375,138.515625,138.515625,19186.578369140625
2001-06-16 22:00:00,32780.0,33098.50390625,-318.50390625,318.50390625,101444.73829650879
2001-06-16 23:00:00,30256.0,30281.67578125,-25.67578125,25.67578125,659.2457427978516
2001-06-17 00:00:00,28092.0,27629.8671875,462.1328125,462.1328125,213566.73638916016
2001-06-17 01:00:00,26514.0,26391.20703125,122.79296875,122.79296875,15078.113174438477
2001-06-17 02:00:00,25415.0,25310.169921875,104.830078125,104.830078125,10989.345279693604
2001-06-17 03:00:00,24346.0,24520.939453125,-174.939453125,174.939453125,30603.812259674072
2001-06-17 04:00:00,23864.0,24024.6328125,-160.6328125,160.6328125,25802.900451660156
2001-06-17 05:00:00,23423.0,23745.28125,-322.28125,322.28125,103865.2041015625
2001-06-17 06:00:00,23239.0,23873.859375,-634.859375,634.859375,403046.4260253906
2001-06-17 07:00:00,24390.0,24236.08203125,153.91796875,153.91796875,23690.741104125977
2001-06-17 08:00:00,26584.0,26669.6015625,-85.6015625,85.6015625,7327.627502441406
2001-06-17 09:00:00,28490.0,29078.796875,-588.796875,588.796875,346681.7600097656
2001-06-17 10:00:00,30079.0,30486.37109375,-407.37109375,407.37109375,165951.2080230713
2001-06-17 11:00:00,30945.0,31905.70703125,-960.70703125,960.70703125,922957.9998931885
2001-06-17 12:00:00,31352.0,31592.37890625,-240.37890625,240.37890625,57782.01856994629
2001-06-17 13:00:00,31749.0,31608.1328125,140.8671875,140.8671875,19843.564514160156
2001-06-17 14:00:00,32101.0,31773.2578125,327.7421875,327.7421875,107414.94146728516
2001-06-17 15:00:00,32745.0,32107.4765625,637.5234375,637.5234375,406436.1333618164
2001-06-17 16:00:00,33744.0,33339.48828125,404.51171875,404.51171875,163629.7306060791
2001-06-17 17:00:00,34389.0,34362.72265625,26.27734375,26.27734375,690.4987945556641
2001-06-17 18:00:00,34366.0,34161.5,204.5,204.5,41820.25
2001-06-17 19:00:00,33649.0,33795.43359375,-146.43359375,146.43359375,21442.79737854004
2001-06-17 20:00:00,33407.0,33628.4296875,-221.4296875,221.4296875,49031.106506347656
2001-06-17 21:00:00,34349.0,32924.34375,1424.65625,1424.65625,2029645.4306640625
2001-06-17 22:00:00,32732.0,32478.466796875,253.533203125,253.533203125,64279.08508682251
2001-06-17 23:00:00,29670.0,30548.93359375,-878.93359375,878.93359375,772524.26222229
2001-06-18 00:00:00,27053.0,27704.080078125,-651.080078125,651.080078125,423905.2681312561
2001-06-18 01:00:00,25251.0,26010.833984375,-759.833984375,759.833984375,577347.6838111877
2001-06-18 02:00:00,24264.0,24517.759765625,-253.759765625,253.759765625,64394.01865005493
2001-06-18 03:00:00,23710.0,23964.0,-254.0,254.0,64516.0
2001-06-18 04:00:00,23851.0,23644.673828125,206.326171875,206.326171875,42570.48920059204
2001-06-18 05:00:00,24854.0,24796.912109375,57.087890625,57.087890625,3259.027256011963
2001-06-18 06:00:00,27407.0,27073.744140625,333.255859375,333.255859375,111059.46780776978
2001-06-18 07:00:00,31134.0,30323.478515625,810.521484375,810.521484375,656945.0766334534
2001-06-18 08:00:00,33878.0,33499.6015625,378.3984375,378.3984375,143185.3775024414
2001-06-18 09:00:00,35729.0,35660.32421875,68.67578125,68.67578125,4716.362930297852
2001-06-18 10:00:00,37337.0,37276.0703125,60.9296875,60.9296875,3712.4268188476562
2001-06-18 11:00:00,38466.0,38498.44921875,-32.44921875,32.44921875,1052.9517974853516
2001-06-18 12:00:00,39313.0,39417.55859375,-104.55859375,104.55859375,10932.499526977539
2001-06-18 13:00:00,40185.0,39875.359375,309.640625,309.640625,95877.31665039062
2001-06-18 14:00:00,40992.0,40658.5,333.5,333.5,111222.25
2001-06-18 15:00:00,41689.0,41357.46484375,331.53515625,331.53515625,109915.55982971191
2001-06-18 16:00:00,42316.0,41840.23046875,475.76953125,475.76953125,226356.64686584473
2001-06-18 17:00:00,42329.0,42085.7109375,243.2890625,243.2890625,59189.567932128906
2001-06-18 18:00:00,41547.0,41102.65625,444.34375,444.34375,197441.3681640625
2001-06-18 19:00:00,39821.0,40245.66796875,-424.66796875,424.66796875,180342.88368225098
2001-06-18 20:00:00,38664.0,39926.875,-1262.875,1262.875,1594853.265625
2001-06-18 21:00:00,38480.0,38006.00390625,473.99609375,473.99609375,224672.2968902588
2001-06-18 22:00:00,35372.0,35254.08203125,117.91796875,117.91796875,13904.647354125977
2001-06-18 23:00:00,31801.0,32253.189453125,-452.189453125,452.189453125,204475.30151748657
2001-06-19 00:00:00,28725.0,28768.056640625,-43.056640625,43.056640625,1853.8743019104004
2001-06-19 01:00:00,26638.0,27252.474609375,-614.474609375,614.474609375,377579.04556655884
2001-06-19 02:00:00,25485.0,25815.634765625,-330.634765625,330.634765625,109319.34823989868
2001-06-19 03:00:00,24719.0,25077.330078125,-358.330078125,358.330078125,128400.4448890686
2001-06-19 04:00:00,24778.0,24836.2265625,-58.2265625,58.2265625,3390.3325805664062
2001-06-19 05:00:00,26049.0,25791.810546875,257.189453125,257.189453125,66146.41479873657
2001-06-19 06:00:00,28608.0,28885.552734375,-277.552734375,277.552734375,77035.5203590393
2001-06-19 07:00:00,32392.0,31580.478515625,811.521484375,811.521484375,658567.1196022034
2001-06-19 08:00:00,35480.0,34885.125,594.875,594.875,353876.265625
2001-06-19 09:00:00,37770.0,37587.390625,182.609375,182.609375,33346.183837890625
2001-06-19 10:00:00,39850.0,39945.20703125,-95.20703125,95.20703125,9064.378799438477
2001-06-19 11:00:00,41529.0,41695.95703125,-166.95703125,166.95703125,27874.650283813477
2001-06-19 12:00:00,42658.0,42658.80078125,-0.80078125,0.80078125,0.6412506103515625
2001-06-19 13:00:00,43917.0,43881.83984375,35.16015625,35.16015625,1236.236587524414
2001-06-19 14:00:00,44791.0,44456.8203125,334.1796875,334.1796875,111676.06353759766
2001-06-19 15:00:00,45511.0,44902.60546875,608.39453125,608.39453125,370143.9056549072
2001-06-19 16:00:00,46165.0,45422.578125,742.421875,742.421875,551190.2404785156
2001-06-19 17:00:00,46128.0,46691.30859375,-563.30859375,563.30859375,317316.57179260254
2001-06-19 18:00:00,44782.0,45109.7109375,-327.7109375,327.7109375,107394.4585571289
2001-06-19 19:00:00,42894.0,42828.546875,65.453125,65.453125,4284.111572265625
2001-06-19 20:00:00,41775.0,42028.203125,-253.203125,253.203125,64111.822509765625
2001-06-19 21:00:00,41396.0,40725.77734375,670.22265625,670.22265625,449198.40895080566
2001-06-19 22:00:00,37564.0,38443.49609375,-879.49609375,879.49609375,773513.3789215088
2001-06-19 23:00:00,33660.0,34107.2890625,-447.2890625,447.2890625,200067.5054321289
2001-06-20 00:00:00,30336.0,30721.333984375,-385.333984375,385.333984375,148482.27951431274
2001-06-20 01:00:00,28454.0,28446.60546875,7.39453125,7.39453125,54.67909240722656
2001-06-20 02:00:00,27110.0,27290.57421875,-180.57421875,180.57421875,32607.04847717285
2001-06-20 03:00:00,26411.0,26649.431640625,-238.431640625,238.431640625,56849.64725112915
2001-06-20 04:00:00,26298.0,26179.2578125,118.7421875,118.7421875,14099.707092285156
2001-06-20 05:00:00,27481.0,27657.720703125,-176.720703125,176.720703125,31230.206912994385
2001-06-20 06:00:00,29978.0,29946.04296875,31.95703125,31.95703125,1021.2518463134766
2001-06-20 07:00:00,33698.0,32899.6953125,798.3046875,798.3046875,637290.3740844727
2001-06-20 08:00:00,36732.0,35942.2109375,789.7890625,789.7890625,623766.7632446289
2001-06-20 09:00:00,39293.0,38657.05859375,635.94140625,635.94140625,404421.47218322754
2001-06-20 10:00:00,41554.0,41292.01171875,261.98828125,261.98828125,68637.8595123291
2001-06-20 11:00:00,43506.0,43184.515625,321.484375,321.484375,103352.20336914062
2001-06-20 12:00:00,45219.0,44743.28125,475.71875,475.71875,226308.3291015625
2001-06-20 13:00:00,47012.0,46071.01171875,940.98828125,940.98828125,885458.9454498291
2001-06-20 14:00:00,47399.0,47208.0078125,190.9921875,190.9921875,36478.015686035156
2001-06-20 15:00:00,48042.0,48093.421875,-51.421875,51.421875,2644.209228515625
2001-06-20 16:00:00,48410.0,47761.921875,648.078125,648.078125,420005.2561035156
2001-06-20 17:00:00,47728.0,47823.91015625,-95.91015625,95.91015625,9198.758071899414
2001-06-20 18:00:00,46289.0,46802.65625,-513.65625,513.65625,263842.7431640625
2001-06-20 19:00:00,43677.0,44747.203125,-1070.203125,1070.203125,1145334.7287597656
2001-06-20 20:00:00,42039.0,42932.1875,-893.1875,893.1875,797783.91015625
2001-06-20 21:00:00,40800.0,41413.2890625,-613.2890625,613.2890625,376123.4741821289
2001-06-20 22:00:00,37511.0,37485.49609375,25.50390625,25.50390625,650.4492340087891
2001-06-20 23:00:00,33842.0,33970.91796875,-128.91796875,128.91796875,16619.842666625977
2001-06-21 00:00:00,30894.0,30760.892578125,133.107421875,133.107421875,17717.58575820923
2001-06-21 01:00:00,28748.0,29312.17578125,-564.17578125,564.17578125,318294.31214904785
2001-06-21 02:00:00,27538.0,27737.6015625,-199.6015625,199.6015625,39840.783752441406
2001-06-21 03:00:00,26756.0,26883.51171875,-127.51171875,127.51171875,16259.238418579102
2001-06-21 04:00:00,26737.0,26668.10546875,68.89453125,68.89453125,4746.456436157227
2001-06-21 05:00:00,27821.0,27606.65625,214.34375,214.34375,45943.2431640625
2001-06-21 06:00:00,30475.0,30179.6796875,295.3203125,295.3203125,87214.08697509766
2001-06-21 07:00:00,33895.0,33623.2578125,271.7421875,271.7421875,73843.81646728516
2001-06-21 08:00:00,35973.0,36326.55859375,-353.55859375,353.55859375,125003.67921447754
2001-06-21 09:00:00,37892.0,37311.578125,580.421875,580.421875,336889.5529785156
2001-06-21 10:00:00,39632.0,39605.82421875,26.17578125,26.17578125,685.1715240478516
2001-06-21 11:00:00,40819.0,40958.76953125,-139.76953125,139.76953125,19535.521865844727
2001-06-21 12:00:00,40969.0,41321.8984375,-352.8984375,352.8984375,124537.3071899414
2001-06-21 13:00:00,42254.0,41631.72265625,622.27734375,622.27734375,387229.09254455566
2001-06-21 14:00:00,42712.0,43085.734375,-373.734375,373.734375,139677.38305664062
2001-06-21 15:00:00,42718.0,42883.30859375,-165.30859375,165.30859375,27326.93116760254
2001-06-21 16:00:00,42287.0,42435.79296875,-148.79296875,148.79296875,22139.347549438477
2001-06-21 17:00:00,41466.0,41772.98046875,-306.98046875,306.98046875,94237.00819396973
2001-06-21 18:00:00,40039.0,39975.01171875,63.98828125,63.98828125,4094.5001373291016
2001-06-21 19:00:00,38597.0,38452.77734375,144.22265625,144.22265625,20800.174575805664
2001-06-21 20:00:00,38216.0,37514.54296875,701.45703125,701.45703125,492041.9666900635
2001-06-21 21:00:00,37961.0,37232.6875,728.3125,728.3125,530439.09765625
2001-06-21 22:00:00,35202.0,34977.640625,224.359375,224.359375,50337.129150390625
2001-06-21 23:00:00,31964.0,32269.2578125,-305.2578125,305.2578125,93182.33209228516
2001-06-22 00:00:00,29400.0,28942.53515625,457.46484375,457.46484375,209274.0832672119
2001-06-22 01:00:00,27715.0,27523.388671875,191.611328125,191.611328125,36714.901065826416
2001-06-22 02:00:00,26812.0,26437.85546875,374.14453125,374.14453125,139984.13026428223
2001-06-22 03:00:00,26152.0,26064.9453125,87.0546875,87.0546875,7578.518615722656
2001-06-22 04:00:00,26328.0,26163.69921875,164.30078125,164.30078125,26994.74671936035
2001-06-22 05:00:00,27534.0,27442.078125,91.921875,91.921875,8449.631103515625
2001-06-22 06:00:00,29974.0,30399.521484375,-425.521484375,425.521484375,181068.53366470337
2001-06-22 07:00:00,33472.0,32952.77734375,519.22265625,519.22265625,269592.16676330566
2001-06-22 08:00:00,36132.0,35737.6328125,394.3671875,394.3671875,155525.47857666016
2001-06-22 09:00:00,37957.0,38056.46875,-99.46875,99.46875,9894.0322265625
2001-06-22 10:00:00,39702.0,39811.3515625,-109.3515625,109.3515625,11957.764221191406
2001-06-22 11:00:00,41055.0,41138.89453125,-83.89453125,83.89453125,7038.292373657227
2001-06-22 12:00:00,41849.0,41763.765625,85.234375,85.234375,7264.898681640625
2001-06-22 13:00:00,42723.0,42732.625,-9.625,9.625,92.640625
2001-06-22 14:00:00,43193.0,43056.2734375,136.7265625,136.7265625,18694.152893066406
2001-06-22 15:00:00,43186.0,43366.13671875,-180.13671875,180.13671875,32449.2374420166
2001-06-22 16:00:00,42857.0,43271.7578125,-414.7578125,414.7578125,172024.04302978516
2001-06-22 17:00:00,41970.0,42686.79296875,-716.79296875,716.79296875,513792.1600494385
2001-06-22 18:00:00,40145.0,40783.7734375,-638.7734375,638.7734375,408031.5044555664
2001-06-22 19:00:00,38532.0,38950.7734375,-418.7734375,418.7734375,175371.1919555664
2001-06-22 20:00:00,37459.0,37922.71875,-463.71875,463.71875,215035.0791015625
2001-06-22 21:00:00,36854.0,36376.98828125,477.01171875,477.01171875,227540.1798248291
2001-06-22 22:00:00,34534.0,33745.7578125,788.2421875,788.2421875,621325.7461547852
2001-06-22 23:00:00,31566.0,31527.7734375,38.2265625,38.2265625,1461.2700805664062
2001-06-23 00:00:00,28858.0,28711.365234375,146.634765625,146.634765625,21501.75448989868
2001-06-23 01:00:00,27219.0,27202.40625,16.59375,16.59375,275.3525390625
2001-06-23 02:00:00,25992.0,26171.22265625,-179.22265625,179.22265625,32120.760513305664
2001-06-23 03:00:00,25192.0,25180.20703125,11.79296875,11.79296875,139.07411193847656
2001-06-23 04:00:00,25056.0,24943.791015625,112.208984375,112.208984375,12590.856174468994
2001-06-23 05:00:00,25332.0,25444.740234375,-112.740234375,112.740234375,12710.360446929932
2001-06-23 06:00:00,25931.0,26359.24609375,-428.24609375,428.24609375,183394.7168121338
2001-06-23 07:00:00,27740.0,27459.798828125,280.201171875,280.201171875,78512.69672012329
2001-06-23 08:00:00,30327.0,30284.259765625,42.740234375,42.740234375,1826.7276344299316
2001-06-23 09:00:00,32705.0,32837.03515625,-132.03515625,132.03515625,17433.282485961914
2001-06-23 10:00:00,34325.0,34695.21875,-370.21875,370.21875,137061.9228515625
2001-06-23 11:00:00,35417.0,35667.4140625,-250.4140625,250.4140625,62707.202697753906
2001-06-23 12:00:00,35887.0,35545.890625,341.109375,341.109375,116355.60571289062
2001-06-23 13:00:00,35641.0,36026.22265625,-385.22265625,385.22265625,148396.49488830566
2001-06-23 14:00:00,34667.0,35531.01953125,-864.01953125,864.01953125,746529.7503814697
2001-06-23 15:00:00,33835.0,34754.453125,-919.453125,919.453125,845394.0490722656
2001-06-23 16:00:00,33398.0,34075.6328125,-677.6328125,677.6328125,459186.22857666016
2001-06-23 17:00:00,33149.0,33226.94921875,-77.94921875,77.94921875,6076.080703735352
2001-06-23 18:00:00,32822.0,32901.71484375,-79.71484375,79.71484375,6354.456314086914
2001-06-23 19:00:00,32229.0,32030.359375,198.640625,198.640625,39458.097900390625
2001-06-23 20:00:00,31856.0,32500.60546875,-644.60546875,644.60546875,415516.2103424072
2001-06-23 21:00:00,32108.0,31470.66015625,637.33984375,637.33984375,406202.0764312744
2001-06-23 22:00:00,30458.0,30376.66796875,81.33203125,81.33203125,6614.899307250977
2001-06-23 23:00:00,27925.0,28092.798828125,-167.798828125,167.798828125,28156.44672012329
2001-06-24 00:00:00,25682.0,25370.2734375,311.7265625,311.7265625,97173.4497680664
2001-06-24 01:00:00,23884.0,23955.908203125,-71.908203125,71.908203125,5170.78967666626
2001-06-24 02:00:00,22770.0,22915.19921875,-145.19921875,145.19921875,21082.81312561035
2001-06-24 03:00:00,21914.0,22256.712890625,-342.712890625,342.712890625,117452.12540054321
2001-06-24 04:00:00,21576.0,21584.21875,-8.21875,8.21875,67.5478515625
2001-06-24 05:00:00,21441.0,21938.181640625,-497.181640625,497.181640625,247189.58377456665
2001-06-24 06:00:00,21238.0,21688.208984375,-450.208984375,450.208984375,202688.129611969
2001-06-24 07:00:00,22653.0,22407.169921875,245.830078125,245.830078125,60432.4273109436
2001-06-24 08:00:00,24909.0,24783.947265625,125.052734375,125.052734375,15638.186374664307
2001-06-24 09:00:00,26850.0,26917.0859375,-67.0859375,67.0859375,4500.523010253906
2001-06-24 10:00:00,28526.0,28807.640625,-281.640625,281.640625,79321.44165039062
2001-06-24 11:00:00,29541.0,30093.107421875,-552.107421875,552.107421875,304822.6052894592
2001-06-24 12:00:00,30320.0,30166.013671875,153.986328125,153.986328125,23711.789249420166
2001-06-24 13:00:00,30860.0,30901.591796875,-41.591796875,41.591796875,1729.8775672912598
2001-06-24 14:00:00,31200.0,31079.375,120.625,120.625,14550.390625
2001-06-24 15:00:00,31471.0,31319.962890625,151.037109375,151.037109375,22812.208408355713
2001-06-24 16:00:00,31905.0,31990.13671875,-85.13671875,85.13671875,7248.260879516602
2001-06-24 17:00:00,32369.0,32336.400390625,32.599609375,32.599609375,1062.734531402588
2001-06-24 18:00:00,32065.0,32154.716796875,-89.716796875,89.716796875,8049.10364151001
2001-06-24 19:00:00,31447.0,31655.71484375,-208.71484375,208.71484375,43561.886001586914
2001-06-24 20:00:00,31360.0,31611.83203125,-251.83203125,251.83203125,63419.37196350098
2001-06-24 21:00:00,32162.0,31696.419921875,465.580078125,465.580078125,216764.8091468811
2001-06-24 22:00:00,30489.0,30760.888671875,-271.888671875,271.888671875,73923.44989395142
2001-06-24 23:00:00,27594.0,28235.9140625,-641.9140625,641.9140625,412053.6636352539
2001-06-25 00:00:00,25348.0,25473.625,-125.625,125.625,15781.640625
2001-06-25 01:00:00,23814.0,23953.2421875,-139.2421875,139.2421875,19388.386779785156
2001-06-25 02:00:00,23021.0,23438.052734375,-417.052734375,417.052734375,173932.9832496643
2001-06-25 03:00:00,22588.0,22644.8828125,-56.8828125,56.8828125,3235.6543579101562
2001-06-25 04:00:00,22859.0,22743.919921875,115.080078125,115.080078125,13243.424381256104
2001-06-25 05:00:00,24158.0,24455.333984375,-297.333984375,297.333984375,88407.49826431274
2001-06-25 06:00:00,26625.0,26553.578125,71.421875,71.421875,5101.084228515625
2001-06-25 07:00:00,30197.0,29890.482421875,306.517578125,306.517578125,93953.02569961548
2001-06-25 08:00:00,32921.0,32827.3984375,93.6015625,93.6015625,8761.252502441406
2001-06-25 09:00:00,35058.0,35063.16796875,-5.16796875,5.16796875,26.707901000976562
2001-06-25 10:00:00,36839.0,36832.94140625,6.05859375,6.05859375,36.70655822753906
2001-06-25 11:00:00,38110.0,38302.8828125,-192.8828125,192.8828125,37203.779357910156
2001-06-25 12:00:00,38926.0,39358.421875,-432.421875,432.421875,186988.67797851562
2001-06-25 13:00:00,39782.0,40130.16015625,-348.16015625,348.16015625,121215.49440002441
2001-06-25 14:00:00,40551.0,40566.50390625,-15.50390625,15.50390625,240.37110900878906
2001-06-25 15:00:00,40953.0,40882.3828125,70.6171875,70.6171875,4986.787170410156
2001-06-25 16:00:00,41254.0,41065.7421875,188.2578125,188.2578125,35441.003967285156
2001-06-25 17:00:00,41376.0,40904.9453125,471.0546875,471.0546875,221892.51861572266
2001-06-25 18:00:00,40435.0,39969.86328125,465.13671875,465.13671875,216352.1671295166
2001-06-25 19:00:00,38953.0,39380.52734375,-427.52734375,427.52734375,182779.62965393066
2001-06-25 20:00:00,37910.0,38720.3125,-810.3125,810.3125,656606.34765625
2001-06-25 21:00:00,37865.0,37394.01953125,470.98046875,470.98046875,221822.60194396973
2001-06-25 22:00:00,35100.0,35090.93359375,9.06640625,9.06640625,82.19972229003906
2001-06-25 23:00:00,31167.0,31720.359375,-553.359375,553.359375,306206.5979003906
2001-06-26 00:00:00,28222.0,28410.681640625,-188.681640625,188.681640625,35600.76150894165
2001-06-26 01:00:00,26381.0,26465.451171875,-84.451171875,84.451171875,7132.000431060791
2001-06-26 02:00:00,25318.0,25208.810546875,109.189453125,109.189453125,11922.336673736572
2001-06-26 03:00:00,24569.0,24732.609375,-163.609375,163.609375,26768.027587890625
2001-06-26 04:00:00,24691.0,24801.037109375,-110.037109375,110.037109375,12108.165439605713
2001-06-26 05:00:00,25746.0,26020.5390625,-274.5390625,274.5390625,75371.6968383789
2001-06-26 06:00:00,28289.0,28413.55078125,-124.55078125,124.55078125,15512.897109985352
2001-06-26 07:00:00,31915.0,31558.8046875,356.1953125,356.1953125,126875.10064697266
2001-06-26 08:00:00,34900.0,34455.390625,444.609375,444.609375,197677.49633789062
2001-06-26 09:00:00,37267.0,37246.9765625,20.0234375,20.0234375,400.93804931640625
2001-06-26 10:00:00,39653.0,39375.97265625,277.02734375,277.02734375,76744.14918518066
2001-06-26 11:00:00,41174.0,41009.0859375,164.9140625,164.9140625,27196.648010253906
2001-06-26 12:00:00,42324.0,42296.328125,27.671875,27.671875,765.732666015625
2001-06-26 13:00:00,43265.0,43742.40234375,-477.40234375,477.40234375,227912.99781799316
2001-06-26 14:00:00,43833.0,43848.1796875,-15.1796875,15.1796875,230.42291259765625
2001-06-26 15:00:00,44612.0,44137.52734375,474.47265625,474.47265625,225124.30152893066
2001-06-26 16:00:00,45134.0,44609.91015625,524.08984375,524.08984375,274670.1643218994
2001-06-26 17:00:00,45193.0,44905.015625,287.984375,287.984375,82935.00024414062
2001-06-26 18:00:00,44373.0,44865.08203125,-492.08203125,492.08203125,242144.72547912598
2001-06-26 19:00:00,42755.0,42736.8359375,18.1640625,18.1640625,329.93316650390625
2001-06-26 20:00:00,41478.0,42074.66015625,-596.66015625,596.66015625,356003.3420562744
2001-06-26 21:00:00,41367.0,40077.46484375,1289.53515625,1289.53515625,1662900.919204712
2001-06-26 22:00:00,38273.0,38236.09375,36.90625,36.90625,1362.0712890625
2001-06-26 23:00:00,34168.0,34642.41796875,-474.41796875,474.41796875,225072.40907287598
2001-06-27 00:00:00,30934.0,31148.072265625,-214.072265625,214.072265625,45826.93490982056
2001-06-27 01:00:00,28791.0,29075.228515625,-284.228515625,284.228515625,80785.84909439087
2001-06-27 02:00:00,27561.0,27663.71484375,-102.71484375,102.71484375,10550.339126586914
2001-06-27 03:00:00,26728.0,26810.15234375,-82.15234375,82.15234375,6749.007583618164
2001-06-27 04:00:00,26532.0,26356.35546875,175.64453125,175.64453125,30851.001358032227
2001-06-27 05:00:00,27721.0,27628.587890625,92.412109375,92.412109375,8539.997959136963
2001-06-27 06:00:00,30259.0,30005.6875,253.3125,253.3125,64167.22265625
2001-06-27 07:00:00,34195.0,33187.28125,1007.71875,1007.71875,1015497.0791015625
2001-06-27 08:00:00,37538.0,36737.12890625,800.87109375,800.87109375,641394.5088043213
2001-06-27 09:00:00,40115.0,39682.44921875,432.55078125,432.55078125,187100.17835998535
2001-06-27 10:00:00,42695.0,42294.09765625,400.90234375,400.90234375,160722.68922424316
2001-06-27 11:00:00,44435.0,44030.98828125,404.01171875,404.01171875,163225.4688873291
2001-06-27 12:00:00,45459.0,45302.7734375,156.2265625,156.2265625,24406.738830566406
2001-06-27 13:00:00,46686.0,46213.234375,472.765625,472.765625,223507.33618164062
2001-06-27 14:00:00,47561.0,47276.98046875,284.01953125,284.01953125,80667.09413146973
2001-06-27 15:00:00,48339.0,48148.05859375,190.94140625,190.94140625,36458.62062072754
2001-06-27 16:00:00,48881.0,47848.58203125,1032.41796875,1032.41796875,1065886.862197876
2001-06-27 17:00:00,48758.0,47891.75,866.25,866.25,750389.0625
2001-06-27 18:00:00,47667.0,47071.03515625,595.96484375,595.96484375,355174.0949859619
2001-06-27 19:00:00,46005.0,45954.81640625,50.18359375,50.18359375,2518.393081665039
2001-06-27 20:00:00,44925.0,44817.88671875,107.11328125,107.11328125,11473.255020141602
2001-06-27 21:00:00,44417.0,44248.17578125,168.82421875,168.82421875,28501.61683654785
2001-06-27 22:00:00,41024.0,41090.73828125,-66.73828125,66.73828125,4453.998184204102
2001-06-27 23:00:00,36924.0,36949.9140625,-25.9140625,25.9140625,671.5386352539062
2001-06-28 00:00:00,33575.0,33495.46875,79.53125,79.53125,6325.2197265625
2001-06-28 01:00:00,31535.0,31628.85546875,-93.85546875,93.85546875,8808.849014282227
2001-06-28 02:00:00,30067.0,30118.9453125,-51.9453125,51.9453125,2698.3154907226562
2001-06-28 03:00:00,29150.0,29316.705078125,-166.705078125,166.705078125,27790.583072662354
2001-06-28 04:00:00,28991.0,28759.36328125,231.63671875,231.63671875,53655.5694732666
2001-06-28 05:00:00,29989.0,30044.47265625,-55.47265625,55.47265625,3077.215591430664
2001-06-28 06:00:00,32549.0,32007.427734375,541.572265625,541.572265625,293300.51889419556
2001-06-28 07:00:00,36261.0,35408.4296875,852.5703125,852.5703125,726876.1377563477
2001-06-28 08:00:00,39589.0,39417.04296875,171.95703125,171.95703125,29569.220596313477
2001-06-28 09:00:00,42162.0,41579.88671875,582.11328125,582.11328125,338855.8722076416
2001-06-28 10:00:00,44664.0,44363.859375,300.140625,300.140625,90084.39477539062
2001-06-28 11:00:00,46402.0,45677.98046875,724.01953125,724.01953125,524204.2816314697
2001-06-28 12:00:00,47730.0,47271.07421875,458.92578125,458.92578125,210612.87269592285
2001-06-28 13:00:00,48833.0,48622.171875,210.828125,210.828125,44448.498291015625
2001-06-28 14:00:00,49539.0,48170.1328125,1368.8671875,1368.8671875,1873797.3770141602
2001-06-28 15:00:00,49843.0,48539.71484375,1303.28515625,1303.28515625,1698552.198501587
2001-06-28 16:00:00,50157.0,48435.2265625,1721.7734375,1721.7734375,2964503.7700805664
2001-06-28 17:00:00,49840.0,47682.48046875,2157.51953125,2157.51953125,4654890.52772522
2001-06-28 18:00:00,48773.0,46809.70703125,1963.29296875,1963.29296875,3854519.2811431885
2001-06-28 19:00:00,47082.0,45936.828125,1145.171875,1145.171875,1311418.6232910156
2001-06-28 20:00:00,45858.0,45409.14453125,448.85546875,448.85546875,201471.23182678223
2001-06-28 21:00:00,45261.0,44649.58984375,611.41015625,611.41015625,373822.3791656494
2001-06-28 22:00:00,41822.0,41948.578125,-126.578125,126.578125,16022.021728515625
2001-06-28 23:00:00,37482.0,38540.43359375,-1058.43359375,1058.43359375,1120281.67237854
2001-06-29 00:00:00,34165.0,34997.046875,-832.046875,832.046875,692302.0021972656
2001-06-29 01:00:00,32066.0,31884.11328125,181.88671875,181.88671875,33082.7784576416
2001-06-29 02:00:00,30633.0,30370.384765625,262.615234375,262.615234375,68966.76132583618
2001-06-29 03:00:00,29479.0,29665.8125,-186.8125,186.8125,34898.91015625
2001-06-29 04:00:00,29384.0,29501.11328125,-117.11328125,117.11328125,13715.520645141602
2001-06-29 05:00:00,30387.0,30465.498046875,-78.498046875,78.498046875,6161.943363189697
2001-06-29 06:00:00,32628.0,32664.861328125,-36.861328125,36.861328125,1358.757511138916
2001-06-29 07:00:00,36203.0,35727.34765625,475.65234375,475.65234375,226245.15211486816
2001-06-29 08:00:00,39302.0,39088.65625,213.34375,213.34375,45515.5556640625
2001-06-29 09:00:00,41868.0,41484.16015625,383.83984375,383.83984375,147333.0256500244
2001-06-29 10:00:00,44081.0,44136.69140625,-55.69140625,55.69140625,3101.532730102539
2001-06-29 11:00:00,45783.0,45555.58984375,227.41015625,227.41015625,51715.379165649414
2001-06-29 12:00:00,46887.0,45890.36328125,996.63671875,996.63671875,993284.7491607666
2001-06-29 13:00:00,47922.0,47198.46875,723.53125,723.53125,523497.4697265625
2001-06-29 14:00:00,48397.0,47809.94140625,587.05859375,587.05859375,344637.79249572754
2001-06-29 15:00:00,48415.0,47950.58984375,464.41015625,464.41015625,215676.7932281494
2001-06-29 16:00:00,48199.0,48089.41796875,109.58203125,109.58203125,12008.221572875977
2001-06-29 17:00:00,47449.0,47785.7265625,-336.7265625,336.7265625,113384.7778930664
2001-06-29 18:00:00,45932.0,46586.109375,-654.109375,654.109375,427859.0744628906
2001-06-29 19:00:00,44229.0,44437.87109375,-208.87109375,208.87109375,43627.13380432129
2001-06-29 20:00:00,43073.0,43312.48828125,-239.48828125,239.48828125,57354.6368560791
2001-06-29 21:00:00,42579.0,42487.79296875,91.20703125,91.20703125,8318.722549438477
2001-06-29 22:00:00,40001.0,39821.6953125,179.3046875,179.3046875,32150.170959472656
2001-06-29 23:00:00,36869.0,36614.84765625,254.15234375,254.15234375,64593.413833618164
2001-06-30 00:00:00,34004.0,33327.2734375,676.7265625,676.7265625,457958.8403930664
2001-06-30 01:00:00,31711.0,31742.046875,-31.046875,31.046875,963.908447265625
2001-06-30 02:00:00,30321.0,29799.73046875,521.26953125,521.26953125,271721.9242095947
2001-06-30 03:00:00,29299.0,29042.025390625,256.974609375,256.974609375,66035.94986343384
2001-06-30 04:00:00,28779.0,29021.65234375,-242.65234375,242.65234375,58880.159927368164
2001-06-30 05:00:00,28647.0,28960.146484375,-313.146484375,313.146484375,98060.72067642212
2001-06-30 06:00:00,29123.0,29035.103515625,87.896484375,87.896484375,7725.791965484619
2001-06-30 07:00:00,31786.0,31259.611328125,526.388671875,526.388671875,277085.0338783264
2001-06-30 08:00:00,35923.0,35551.39453125,371.60546875,371.60546875,138090.62440490723
2001-06-30 09:00:00,39541.0,38936.63671875,604.36328125,604.36328125,365254.9757232666
2001-06-30 10:00:00,42404.0,42024.12109375,379.87890625,379.87890625,144307.9834136963
2001-06-30 11:00:00,44584.0,44106.90234375,477.09765625,477.09765625,227622.17359924316
2001-06-30 12:00:00,45563.0,44889.4375,673.5625,673.5625,453686.44140625
2001-06-30 13:00:00,45903.0,45709.09765625,193.90234375,193.90234375,37598.118911743164
2001-06-30 14:00:00,46032.0,45823.30078125,208.69921875,208.69921875,43555.36390686035
2001-06-30 15:00:00,45934.0,46565.15234375,-631.15234375,631.15234375,398353.28102111816
2001-06-30 16:00:00,45698.0,45887.51171875,-189.51171875,189.51171875,35914.6915435791
2001-06-30 17:00:00,44899.0,44163.4765625,735.5234375,735.5234375,540994.7271118164
2001-06-30 18:00:00,43592.0,43372.7734375,219.2265625,219.2265625,48060.285705566406
2001-06-30 19:00:00,42234.0,42684.25390625,-450.25390625,450.25390625,202728.5800933838
2001-06-30 20:00:00,41494.0,41787.6328125,-293.6328125,293.6328125,86220.22857666016
2001-06-30 21:00:00,41069.0,40842.1171875,226.8828125,226.8828125,51475.810607910156
2001-06-30 22:00:00,38596.0,38252.69140625,343.30859375,343.30859375,117860.79054260254
2001-06-30 23:00:00,35760.0,35830.08984375,-70.08984375,70.08984375,4912.586196899414
2001-07-01 00:00:00,32664.0,33125.9453125,-461.9453125,461.9453125,213393.47174072266
2001-07-01 01:00:00,30571.0,30871.2421875,-300.2421875,300.2421875,90145.37115478516
2001-07-01 02:00:00,29179.0,28980.23828125,198.76171875,198.76171875,39506.2208404541
2001-07-01 03:00:00,28221.0,28281.759765625,-60.759765625,60.759765625,3691.7491188049316
2001-07-01 04:00:00,27587.0,27668.05859375,-81.05859375,81.05859375,6570.495620727539
2001-07-01 05:00:00,27080.0,27514.818359375,-434.818359375,434.818359375,189067.00564956665
2001-07-01 06:00:00,27173.0,27562.796875,-389.796875,389.796875,151941.60375976562
2001-07-01 07:00:00,29054.0,28545.6875,508.3125,508.3125,258381.59765625
2001-07-01 08:00:00,32184.0,32397.560546875,-213.560546875,213.560546875,45608.10718154907
2001-07-01 09:00:00,35351.0,35540.37109375,-189.37109375,189.37109375,35861.41114807129
2001-07-01 10:00:00,37778.0,38205.20703125,-427.20703125,427.20703125,182505.84754943848
2001-07-01 11:00:00,39361.0,40061.69140625,-700.69140625,700.69140625,490968.44679260254
2001-07-01 12:00:00,40609.0,40527.3515625,81.6484375,81.6484375,6666.467346191406
2001-07-01 13:00:00,41391.0,41088.43359375,302.56640625,302.56640625,91546.43019104004
2001-07-01 14:00:00,41616.0,41719.58984375,-103.58984375,103.58984375,10730.855728149414
2001-07-01 15:00:00,41494.0,42041.7109375,-547.7109375,547.7109375,299987.2710571289
2001-07-01 16:00:00,40428.0,41526.671875,-1098.671875,1098.671875,1207079.8889160156
2001-07-01 17:00:00,39076.0,40322.28515625,-1246.28515625,1246.28515625,1553226.690689087
2001-07-01 18:00:00,36527.0,38417.0625,-1890.0625,1890.0625,3572336.25390625
2001-07-01 19:00:00,34534.0,35400.640625,-866.640625,866.640625,751065.9729003906
2001-07-01 20:00:00,33911.0,34151.55078125,-240.55078125,240.55078125,57864.67835998535
2001-07-01 21:00:00,33781.0,34034.3359375,-253.3359375,253.3359375,64179.097229003906
2001-07-01 22:00:00,31910.0,32377.923828125,-467.923828125,467.923828125,218952.70892715454
2001-07-01 23:00:00,29180.0,28919.533203125,260.466796875,260.466796875,67842.95227432251
2001-07-02 00:00:00,26775.0,26786.8046875,-11.8046875,11.8046875,139.35064697265625
2001-07-02 01:00:00,25183.0,25927.53515625,-744.53515625,744.53515625,554332.5988922119
2001-07-02 02:00:00,23479.0,24576.90625,-1097.90625,1097.90625,1205398.1337890625
2001-07-02 03:00:00,22654.0,22907.017578125,-253.017578125,253.017578125,64017.89484024048
2001-07-02 04:00:00,22915.0,22640.876953125,274.123046875,274.123046875,75143.44482803345
2001-07-02 05:00:00,23432.0,23945.970703125,-513.970703125,513.970703125,264165.8836708069
2001-07-02 06:00:00,25059.0,25715.53125,-656.53125,656.53125,431033.2822265625
2001-07-02 07:00:00,27787.0,28114.57421875,-327.57421875,327.57421875,107304.86878967285
2001-07-02 08:00:00,29572.0,30074.4375,-502.4375,502.4375,252443.44140625
2001-07-02 09:00:00,30698.0,31601.689453125,-903.689453125,903.689453125,816654.6276893616
2001-07-02 10:00:00,31582.0,31731.84375,-149.84375,149.84375,22453.1494140625
2001-07-02 11:00:00,32055.0,32153.302734375,-98.302734375,98.302734375,9663.427585601807
2001-07-02 12:00:00,32152.0,31704.65625,447.34375,447.34375,200116.4306640625
2001-07-02 13:00:00,32348.0,31754.705078125,593.294921875,593.294921875,351998.86432266235
2001-07-02 14:00:00,32620.0,31918.31640625,701.68359375,701.68359375,492359.86573791504
2001-07-02 15:00:00,32690.0,32412.982421875,277.017578125,277.017578125,76738.73859024048
2001-07-02 16:00:00,32934.0,32752.248046875,181.751953125,181.751953125,33033.7724647522
2001-07-02 17:00:00,32881.0,32933.94140625,-52.94140625,52.94140625,2802.792495727539
2001-07-02 18:00:00,32145.0,32046.560546875,98.439453125,98.439453125,9690.325931549072
2001-07-02 19:00:00,31040.0,31613.3125,-573.3125,573.3125,328687.22265625
2001-07-02 20:00:00,30469.0,31094.66015625,-625.66015625,625.66015625,391450.6311187744
2001-07-02 21:00:00,30817.0,30186.009765625,630.990234375,630.990234375,398148.67587661743
2001-07-02 22:00:00,28316.0,29752.82421875,-1436.82421875,1436.82421875,2064463.8355865479
2001-07-02 23:00:00,25448.0,26297.23046875,-849.23046875,849.23046875,721192.3890533447
2001-07-03 00:00:00,23122.0,23099.265625,22.734375,22.734375,516.851806640625
2001-07-03 01:00:00,21859.0,22030.421875,-171.421875,171.421875,29385.459228515625
2001-07-03 02:00:00,21123.0,21456.0546875,-333.0546875,333.0546875,110925.42486572266
2001-07-03 03:00:00,20820.0,20744.125,75.875,75.875,5757.015625
2001-07-03 04:00:00,21173.0,21029.806640625,143.193359375,143.193359375,20504.3381690979
2001-07-03 05:00:00,22197.0,22590.65234375,-393.65234375,393.65234375,154962.16773986816
2001-07-03 06:00:00,24356.0,25238.59375,-882.59375,882.59375,778971.7275390625
2001-07-03 07:00:00,27237.0,27654.646484375,-417.646484375,417.646484375,174428.58591079712
2001-07-03 08:00:00,29482.0,29464.130859375,17.869140625,17.869140625,319.3061866760254
2001-07-03 09:00:00,31031.0,30552.060546875,478.939453125,478.939453125,229382.99975967407
2001-07-03 10:00:00,32065.0,31952.21875,112.78125,112.78125,12719.6103515625
2001-07-03 11:00:00,32882.0,32970.53515625,-88.53515625,88.53515625,7838.473892211914
2001-07-03 12:00:00,33246.0,33233.5234375,12.4765625,12.4765625,155.66461181640625
2001-07-03 13:00:00,33737.0,33491.87890625,245.12109375,245.12109375,60084.35060119629
2001-07-03 14:00:00,33895.0,34247.171875,-352.171875,352.171875,124025.02954101562
2001-07-03 15:00:00,33850.0,34246.86328125,-396.86328125,396.86328125,157500.4640045166
2001-07-03 16:00:00,33753.0,33979.86328125,-226.86328125,226.86328125,51466.9483795166
2001-07-03 17:00:00,33492.0,33828.84375,-336.84375,336.84375,113463.7119140625
2001-07-03 18:00:00,32455.0,32531.802734375,-76.802734375,76.802734375,5898.660007476807
2001-07-03 19:00:00,31343.0,31495.75390625,-152.75390625,152.75390625,23333.75587463379
2001-07-03 20:00:00,30995.0,31610.494140625,-615.494140625,615.494140625,378833.0371437073
2001-07-03 21:00:00,31541.0,30239.97265625,1301.02734375,1301.02734375,1692672.1491851807
2001-07-03 22:00:00,29627.0,29781.611328125,-154.611328125,154.611328125,23904.662784576416
2001-07-03 23:00:00,27072.0,26983.421875,88.578125,88.578125,7846.084228515625
2001-07-04 00:00:00,25058.0,24537.044921875,520.955078125,520.955078125,271394.19342422485
2001-07-04 01:00:00,23603.0,23301.576171875,301.423828125,301.423828125,90856.32416152954
2001-07-04 02:00:00,22753.0,22693.6640625,59.3359375,59.3359375,3520.7534790039062
2001-07-04 03:00:00,22242.0,22142.052734375,99.947265625,99.947265625,9989.455905914307
2001-07-04 04:00:00,22046.0,22363.861328125,-317.861328125,317.861328125,101035.82391738892
2001-07-04 05:00:00,22331.0,22858.57421875,-527.57421875,527.57421875,278334.55628967285
2001-07-04 06:00:00,22560.0,23976.7890625,-1416.7890625,1416.7890625,2007291.247619629
2001-07-04 07:00:00,23365.0,24936.712890625,-1571.712890625,1571.712890625,2470281.410556793
2001-07-04 08:00:00,25507.0,25489.2578125,17.7421875,17.7421875,314.78521728515625
2001-07-04 09:00:00,27960.0,27625.71484375,334.28515625,334.28515625,111746.56568908691
2001-07-04 10:00:00,29817.0,29371.32421875,445.67578125,445.67578125,198626.90199279785
2001-07-04 11:00:00,31218.0,30558.896484375,659.103515625,659.103515625,434417.4443092346
2001-07-04 12:00:00,32018.0,31555.439453125,462.560546875,462.560546875,213962.25952529907
2001-07-04 13:00:00,32624.0,32149.40625,474.59375,474.59375,225239.2275390625
2001-07-04 14:00:00,33284.0,32778.21875,505.78125,505.78125,255814.6728515625
2001-07-04 15:00:00,33779.0,33466.33203125,312.66796875,312.66796875,97761.25868225098
2001-07-04 16:00:00,34316.0,33974.21875,341.78125,341.78125,116814.4228515625
2001-07-04 17:00:00,34110.0,34610.046875,-500.046875,500.046875,250046.87719726562
2001-07-04 18:00:00,33157.0,33143.02734375,13.97265625,13.97265625,195.23512268066406
2001-07-04 19:00:00,32282.0,31975.25390625,306.74609375,306.74609375,94093.16603088379
2001-07-04 20:00:00,32303.0,31945.4375,357.5625,357.5625,127850.94140625
2001-07-04 21:00:00,32240.0,32087.935546875,152.064453125,152.064453125,23123.597904205322
2001-07-04 22:00:00,31055.0,30723.88671875,331.11328125,331.11328125,109636.0050201416
2001-07-04 23:00:00,28791.0,28900.177734375,-109.177734375,109.177734375,11919.777683258057
2001-07-05 00:00:00,26575.0,26612.814453125,-37.814453125,37.814453125,1429.9328651428223
2001-07-05 01:00:00,24934.0,24959.421875,-25.421875,25.421875,646.271728515625
2001-07-05 02:00:00,23986.0,23615.966796875,370.033203125,370.033203125,136924.5714149475
2001-07-05 03:00:00,23404.0,23415.533203125,-11.533203125,11.533203125,133.01477432250977
2001-07-05 04:00:00,23460.0,23274.939453125,185.060546875,185.060546875,34247.40600967407
2001-07-05 05:00:00,24460.0,24185.15625,274.84375,274.84375,75539.0869140625
2001-07-05 06:00:00,26600.0,26044.58203125,555.41796875,555.41796875,308489.120010376
2001-07-05 07:00:00,30277.0,29269.685546875,1007.314453125,1007.314453125,1014682.4074745178
2001-07-05 08:00:00,33418.0,31830.490234375,1587.509765625,1587.509765625,2520187.2559547424
2001-07-05 09:00:00,35697.0,34983.71484375,713.28515625,713.28515625,508775.7141265869
2001-07-05 10:00:00,37804.0,37142.8046875,661.1953125,661.1953125,437179.24127197266
2001-07-05 11:00:00,39017.0,39127.4375,-110.4375,110.4375,12196.44140625
2001-07-05 12:00:00,39933.0,40080.6953125,-147.6953125,147.6953125,21813.905334472656
2001-07-05 13:00:00,40460.0,40834.22265625,-374.22265625,374.22265625,140042.59645080566
2001-07-05 14:00:00,40541.0,41041.375,-500.375,500.375,250375.140625
2001-07-05 15:00:00,40285.0,40902.40625,-617.40625,617.40625,381190.4775390625
2001-07-05 16:00:00,39917.0,40496.75390625,-579.75390625,579.75390625,336114.5918121338
2001-07-05 17:00:00,39086.0,39702.4921875,-616.4921875,616.4921875,380062.61724853516
2001-07-05 18:00:00,37690.0,37934.30859375,-244.30859375,244.30859375,59686.68898010254
2001-07-05 19:00:00,36136.0,36299.96875,-163.96875,163.96875,26885.7509765625
2001-07-05 20:00:00,35026.0,35923.7578125,-897.7578125,897.7578125,805969.0899047852
2001-07-05 21:00:00,34262.0,34190.69140625,71.30859375,71.30859375,5084.915542602539
2001-07-05 22:00:00,31613.0,31442.810546875,170.189453125,170.189453125,28964.449954986572
2001-07-05 23:00:00,28589.0,28825.658203125,-236.658203125,236.658203125,56007.10510635376
2001-07-06 00:00:00,25967.0,26105.00390625,-138.00390625,138.00390625,19045.07814025879
2001-07-06 01:00:00,24476.0,24449.0,27.0,27.0,729.0
2001-07-06 02:00:00,23522.0,23325.16015625,196.83984375,196.83984375,38745.924087524414
2001-07-06 03:00:00,22834.0,23064.91796875,-230.91796875,230.91796875,53323.10829162598
2001-07-06 04:00:00,22753.0,23162.328125,-409.328125,409.328125,167549.51391601562
2001-07-06 05:00:00,23432.0,23534.017578125,-102.017578125,102.017578125,10407.586246490479
2001-07-06 06:00:00,25220.0,25276.68359375,-56.68359375,56.68359375,3213.029800415039
2001-07-06 07:00:00,28207.0,28328.48828125,-121.48828125,121.48828125,14759.402481079102
2001-07-06 08:00:00,30569.0,30379.7421875,189.2578125,189.2578125,35818.519592285156
2001-07-06 09:00:00,32080.0,32857.88671875,-777.88671875,777.88671875,605107.7472076416
2001-07-06 10:00:00,33016.0,33624.76171875,-608.76171875,608.76171875,370590.8302154541
2001-07-06 11:00:00,33523.0,33839.60546875,-316.60546875,316.60546875,100239.02284240723
2001-07-06 12:00:00,33658.0,33690.6484375,-32.6484375,32.6484375,1065.9204711914062
2001-07-06 13:00:00,33980.0,33757.78515625,222.21484375,222.21484375,49379.436782836914
2001-07-06 14:00:00,34023.0,34115.55078125,-92.55078125,92.55078125,8565.647109985352
2001-07-06 15:00:00,34038.0,33875.51171875,162.48828125,162.48828125,26402.4415435791
2001-07-06 16:00:00,34073.0,33866.0390625,206.9609375,206.9609375,42832.829650878906
2001-07-06 17:00:00,33775.0,33755.5859375,19.4140625,19.4140625,376.90582275390625
2001-07-06 18:00:00,32926.0,32718.00390625,207.99609375,207.99609375,43262.37501525879
2001-07-06 19:00:00,31521.0,31829.220703125,-308.220703125,308.220703125,95000.00183486938
2001-07-06 20:00:00,30596.0,31300.447265625,-704.447265625,704.447265625,496245.9500465393
2001-07-06 21:00:00,30726.0,29731.18359375,994.81640625,994.81640625,989659.682144165
2001-07-06 22:00:00,28692.0,29006.466796875,-314.466796875,314.466796875,98889.36633682251
2001-07-06 23:00:00,26202.0,26334.609375,-132.609375,132.609375,17585.246337890625
2001-07-07 00:00:00,23644.0,23909.958984375,-265.958984375,265.958984375,70734.1813697815
2001-07-07 01:00:00,22307.0,22263.205078125,43.794921875,43.794921875,1917.9951820373535
2001-07-07 02:00:00,21275.0,21412.56640625,-137.56640625,137.56640625,18924.51612854004
2001-07-07 03:00:00,20767.0,20708.533203125,58.466796875,58.466796875,3418.3663368225098
2001-07-07 04:00:00,20601.0,20599.453125,1.546875,1.546875,2.392822265625
2001-07-07 05:00:00,20907.0,21106.021484375,-199.021484375,199.021484375,39609.55124282837
2001-07-07 06:00:00,21442.0,21386.798828125,55.201171875,55.201171875,3047.169376373291
2001-07-07 07:00:00,23045.0,23033.994140625,11.005859375,11.005859375,121.12894058227539
2001-07-07 08:00:00,25671.0,25630.859375,40.140625,40.140625,1611.269775390625
2001-07-07 09:00:00,27937.0,27889.0546875,47.9453125,47.9453125,2298.7529907226562
2001-07-07 10:00:00,29723.0,28943.44140625,779.55859375,779.55859375,607711.6010894775
2001-07-07 11:00:00,30499.0,30332.771484375,166.228515625,166.228515625,27631.91940689087
2001-07-07 12:00:00,30986.0,30696.232421875,289.767578125,289.767578125,83965.24933242798
2001-07-07 13:00:00,31093.0,31274.431640625,-181.431640625,181.431640625,32917.44021987915
2001-07-07 14:00:00,31439.0,31004.37890625,434.62109375,434.62109375,188895.4951324463
2001-07-07 15:00:00,31720.0,31899.32421875,-179.32421875,179.32421875,32157.17543029785
2001-07-07 16:00:00,32233.0,31987.41015625,245.58984375,245.58984375,60314.371353149414
2001-07-07 17:00:00,32616.0,32158.951171875,457.048828125,457.048828125,208893.6312904358
2001-07-07 18:00:00,32182.0,32158.33984375,23.66015625,23.66015625,559.8029937744141
2001-07-07 19:00:00,31289.0,31369.16796875,-80.16796875,80.16796875,6426.903213500977
2001-07-07 20:00:00,31008.0,31096.619140625,-88.619140625,88.619140625,7853.352085113525
2001-07-07 21:00:00,31293.0,30677.443359375,615.556640625,615.556640625,378909.9778175354
2001-07-07 22:00:00,29721.0,29530.5,190.5,190.5,36290.25
2001-07-07 23:00:00,27754.0,27251.728515625,502.271484375,502.271484375,252276.64401626587
2001-07-08 00:00:00,25581.0,25491.6875,89.3125,89.3125,7976.72265625
2001-07-08 01:00:00,24020.0,23860.39453125,159.60546875,159.60546875,25473.905654907227
2001-07-08 02:00:00,23115.0,22890.26953125,224.73046875,224.73046875,50503.78358459473
2001-07-08 03:00:00,22546.0,22310.859375,235.140625,235.140625,55291.113525390625
2001-07-08 04:00:00,22272.0,21943.646484375,328.353515625,328.353515625,107816.03122329712
2001-07-08 05:00:00,22338.0,22483.0859375,-145.0859375,145.0859375,21049.929260253906
2001-07-08 06:00:00,22473.0,22402.798828125,70.201171875,70.201171875,4928.204532623291
2001-07-08 07:00:00,23249.0,22933.3125,315.6875,315.6875,99658.59765625
2001-07-08 08:00:00,24842.0,25142.37109375,-300.37109375,300.37109375,90222.79396057129
2001-07-08 09:00:00,26559.0,26371.607421875,187.392578125,187.392578125,35115.97833633423
2001-07-08 10:00:00,28220.0,28317.373046875,-97.373046875,97.373046875,9481.510257720947
2001-07-08 11:00:00,29384.0,28882.564453125,501.435546875,501.435546875,251437.60766983032
2001-07-08 12:00:00,30112.0,29913.0078125,198.9921875,198.9921875,39597.890686035156
2001-07-08 13:00:00,30686.0,30537.078125,148.921875,148.921875,22177.724853515625
2001-07-08 14:00:00,31053.0,30914.453125,138.546875,138.546875,19195.236572265625
2001-07-08 15:00:00,31473.0,31259.5234375,213.4765625,213.4765625,45572.242736816406
2001-07-08 16:00:00,32073.0,32199.91796875,-126.91796875,126.91796875,16108.170791625977
2001-07-08 17:00:00,32686.0,32618.859375,67.140625,67.140625,4507.863525390625
2001-07-08 18:00:00,32932.0,32732.05859375,199.94140625,199.94140625,39976.56593322754
2001-07-08 19:00:00,32728.0,32601.365234375,126.634765625,126.634765625,16036.363864898682
2001-07-08 20:00:00,33141.0,32794.5859375,346.4140625,346.4140625,120002.7026977539
2001-07-08 21:00:00,33757.0,33311.6171875,445.3828125,445.3828125,198365.84967041016
2001-07-08 22:00:00,32327.0,32058.880859375,268.119140625,268.119140625,71887.87356948853
2001-07-08 23:00:00,29768.0,29938.259765625,-170.259765625,170.259765625,28988.38779067993
2001-07-09 00:00:00,27692.0,28083.130859375,-391.130859375,391.130859375,152983.34915542603
2001-07-09 01:00:00,26096.0,26321.4296875,-225.4296875,225.4296875,50818.544006347656
2001-07-09 02:00:00,25355.0,25061.42578125,293.57421875,293.57421875,86185.82191467285
2001-07-09 03:00:00,24791.0,24905.390625,-114.390625,114.390625,13085.215087890625
2001-07-09 04:00:00,24910.0,24985.2890625,-75.2890625,75.2890625,5668.442932128906
2001-07-09 05:00:00,26253.0,26202.490234375,50.509765625,50.509765625,2551.2364234924316
2001-07-09 06:00:00,28646.0,28781.13671875,-135.13671875,135.13671875,18261.9327545166
2001-07-09 07:00:00,32163.0,31532.314453125,630.685546875,630.685546875,397764.2590370178
2001-07-09 08:00:00,35325.0,34197.90234375,1127.09765625,1127.09765625,1270349.1267242432
2001-07-09 09:00:00,37903.0,37317.35546875,585.64453125,585.64453125,342979.5169830322
2001-07-09 10:00:00,39781.0,39806.203125,-25.203125,25.203125,635.197509765625
2001-07-09 11:00:00,41195.0,40806.12890625,388.87109375,388.87109375,151220.7275543213
2001-07-09 12:00:00,42467.0,42480.07421875,-13.07421875,13.07421875,170.93519592285156
2001-07-09 13:00:00,43617.0,43185.0859375,431.9140625,431.9140625,186549.7573852539
2001-07-09 14:00:00,44460.0,44252.98046875,207.01953125,207.01953125,42857.08631896973
2001-07-09 15:00:00,45157.0,44362.7265625,794.2734375,794.2734375,630870.2935180664
2001-07-09 16:00:00,45789.0,45362.125,426.875,426.875,182222.265625
2001-07-09 17:00:00,46006.0,45774.98046875,231.01953125,231.01953125,53370.02381896973
2001-07-09 18:00:00,45320.0,45101.44921875,218.55078125,218.55078125,47764.44398498535
2001-07-09 19:00:00,43698.0,43875.6328125,-177.6328125,177.6328125,31553.416076660156
2001-07-09 20:00:00,42305.0,43030.0,-725.0,725.0,525625.0
2001-07-09 21:00:00,41884.0,41075.78125,808.21875,808.21875,653217.5478515625
2001-07-09 22:00:00,38539.0,39021.859375,-482.859375,482.859375,233153.17602539062
2001-07-09 23:00:00,34702.0,35031.0,-329.0,329.0,108241.0
2001-07-10 00:00:00,31625.0,31810.142578125,-185.142578125,185.142578125,34277.77423477173
2001-07-10 01:00:00,29443.0,29828.962890625,-385.962890625,385.962890625,148967.3529396057
2001-07-10 02:00:00,28084.0,28355.759765625,-271.759765625,271.759765625,73853.37021255493
2001-07-10 03:00:00,27227.0,27338.865234375,-111.865234375,111.865234375,12513.830661773682
2001-07-10 04:00:00,26992.0,26931.9453125,60.0546875,60.0546875,3606.5654907226562
2001-07-10 05:00:00,28151.0,27689.8828125,461.1171875,461.1171875,212629.06060791016
2001-07-10 06:00:00,30368.0,30677.884765625,-309.884765625,309.884765625,96028.56796646118
2001-07-10 07:00:00,34210.0,33544.4375,665.5625,665.5625,442973.44140625
2001-07-10 08:00:00,37241.0,37082.7109375,158.2890625,158.2890625,25055.427307128906
2001-07-10 09:00:00,40007.0,39280.6796875,726.3203125,726.3203125,527541.1963500977
2001-07-10 10:00:00,42623.0,42151.83984375,471.16015625,471.16015625,221991.8928375244
2001-07-10 11:00:00,44625.0,44382.3828125,242.6171875,242.6171875,58863.099670410156
2001-07-10 12:00:00,45556.0,45577.55078125,-21.55078125,21.55078125,464.43617248535156
2001-07-10 13:00:00,46690.0,46373.0234375,316.9765625,316.9765625,100474.1411743164
2001-07-10 14:00:00,47157.0,47362.0078125,-205.0078125,205.0078125,42028.203186035156
2001-07-10 15:00:00,46773.0,47380.28125,-607.28125,607.28125,368790.5166015625
2001-07-10 16:00:00,46449.0,46605.9296875,-156.9296875,156.9296875,24626.926818847656
2001-07-10 17:00:00,45174.0,46337.96484375,-1163.96484375,1163.96484375,1354814.157485962
2001-07-10 18:00:00,43266.0,44386.53125,-1120.53125,1120.53125,1255590.2822265625
2001-07-10 19:00:00,41340.0,41679.01171875,-339.01171875,339.01171875,114928.9454498291
2001-07-10 20:00:00,40372.0,41025.5234375,-653.5234375,653.5234375,427092.8833618164
2001-07-10 21:00:00,39654.0,39811.0703125,-157.0703125,157.0703125,24671.083068847656
2001-07-10 22:00:00,36319.0,36277.33203125,41.66796875,41.66796875,1736.2196197509766
2001-07-10 23:00:00,33207.0,32868.3515625,338.6484375,338.6484375,114682.7642211914
2001-07-11 00:00:00,30057.0,29897.392578125,159.607421875,159.607421875,25474.52911758423
2001-07-11 01:00:00,28214.0,28436.583984375,-222.583984375,222.583984375,49543.630100250244
2001-07-11 02:00:00,27018.0,26957.447265625,60.552734375,60.552734375,3666.6336402893066
2001-07-11 03:00:00,26399.0,25849.435546875,549.564453125,549.564453125,302021.0881385803
2001-07-11 04:00:00,26461.0,26562.662109375,-101.662109375,101.662109375,10335.184482574463
2001-07-11 05:00:00,27703.0,27462.220703125,240.779296875,240.779296875,57974.669803619385
2001-07-11 06:00:00,30045.0,29691.583984375,353.416015625,353.416015625,124902.88010025024
2001-07-11 07:00:00,33062.0,32498.009765625,563.990234375,563.990234375,318084.98447036743
2001-07-11 08:00:00,35382.0,35411.35546875,-29.35546875,29.35546875,861.7435455322266
2001-07-11 09:00:00,37343.0,37176.38671875,166.61328125,166.61328125,27759.9854888916
2001-07-11 10:00:00,38960.0,39148.93359375,-188.93359375,188.93359375,35695.90284729004
2001-07-11 11:00:00,40176.0,40250.390625,-74.390625,74.390625,5533.965087890625
2001-07-11 12:00:00,40918.0,40995.578125,-77.578125,77.578125,6018.365478515625
2001-07-11 13:00:00,41444.0,41894.828125,-450.828125,450.828125,203245.99829101562
2001-07-11 14:00:00,41745.0,42345.046875,-600.046875,600.046875,360056.2521972656
2001-07-11 15:00:00,41735.0,42225.09765625,-490.09765625,490.09765625,240195.71266174316
2001-07-11 16:00:00,41775.0,41859.1171875,-84.1171875,84.1171875,7075.701232910156
2001-07-11 17:00:00,41253.0,41636.08984375,-383.08984375,383.08984375,146757.8283843994
2001-07-11 18:00:00,39836.0,40004.6953125,-168.6953125,168.6953125,28458.108459472656
2001-07-11 19:00:00,37706.0,38715.1953125,-1009.1953125,1009.1953125,1018475.1787719727
2001-07-11 20:00:00,36438.0,37042.4296875,-604.4296875,604.4296875,365335.24713134766
2001-07-11 21:00:00,36258.0,35399.30078125,858.69921875,858.69921875,737364.3482818604
2001-07-11 22:00:00,33361.0,33880.52734375,-519.52734375,519.52734375,269908.66090393066
2001-07-11 23:00:00,29965.0,30615.58203125,-650.58203125,650.58203125,423256.979385376
2001-07-12 00:00:00,27074.0,26996.16015625,77.83984375,77.83984375,6059.041275024414
2001-07-12 01:00:00,25425.0,25382.30078125,42.69921875,42.69921875,1823.2232818603516
2001-07-12 02:00:00,24315.0,24209.91015625,105.08984375,105.08984375,11043.875259399414
2001-07-12 03:00:00,23677.0,23826.787109375,-149.787109375,149.787109375,22436.178134918213
2001-07-12 04:00:00,23771.0,23527.1796875,243.8203125,243.8203125,59448.344787597656
2001-07-12 05:00:00,24894.0,24815.326171875,78.673828125,78.673828125,6189.571231842041
2001-07-12 06:00:00,26714.0,27070.50390625,-356.50390625,356.50390625,127095.03517150879
2001-07-12 07:00:00,30221.0,29346.005859375,874.994140625,874.994140625,765614.7461280823
2001-07-12 08:00:00,32684.0,32600.033203125,83.966796875,83.966796875,7050.42297744751
2001-07-12 09:00:00,34134.0,34538.5703125,-404.5703125,404.5703125,163677.13775634766
2001-07-12 10:00:00,35652.0,35951.89453125,-299.89453125,299.89453125,89936.72987365723
2001-07-12 11:00:00,36463.0,36885.71875,-422.71875,422.71875,178691.1416015625
2001-07-12 12:00:00,36879.0,36785.27734375,93.72265625,93.72265625,8783.936294555664
2001-07-12 13:00:00,37272.0,37482.25,-210.25,210.25,44205.0625
2001-07-12 14:00:00,37431.0,37574.0078125,-143.0078125,143.0078125,20451.234436035156
2001-07-12 15:00:00,37551.0,37335.2890625,215.7109375,215.7109375,46531.208557128906
2001-07-12 16:00:00,37628.0,37483.4140625,144.5859375,144.5859375,20905.093322753906
2001-07-12 17:00:00,37322.0,37205.3828125,116.6171875,116.6171875,13599.568420410156
2001-07-12 18:00:00,36282.0,36297.58203125,-15.58203125,15.58203125,242.79969787597656
2001-07-12 19:00:00,34905.0,34829.125,75.875,75.875,5757.015625
2001-07-12 20:00:00,34448.0,34661.078125,-213.078125,213.078125,45402.287353515625
2001-07-12 21:00:00,34358.0,33794.44921875,563.55078125,563.55078125,317589.48304748535
2001-07-12 22:00:00,31838.0,31639.818359375,198.181640625,198.181640625,39275.96268081665
2001-07-12 23:00:00,28718.0,29116.013671875,-398.013671875,398.013671875,158414.88299942017
2001-07-13 00:00:00,26266.0,26204.427734375,61.572265625,61.572265625,3791.1438941955566
2001-07-13 01:00:00,24383.0,24822.3515625,-439.3515625,439.3515625,193029.7954711914
2001-07-13 02:00:00,23372.0,23464.107421875,-92.107421875,92.107421875,8483.777164459229
2001-07-13 03:00:00,22903.0,22963.568359375,-60.568359375,60.568359375,3668.5261573791504
2001-07-13 04:00:00,23096.0,23134.447265625,-38.447265625,38.447265625,1478.1922340393066
2001-07-13 05:00:00,24150.0,24281.4765625,-131.4765625,131.4765625,17286.086486816406
2001-07-13 06:00:00,25871.0,26485.861328125,-614.861328125,614.861328125,378054.4528236389
2001-07-13 07:00:00,29370.0,28501.15234375,868.84765625,868.84765625,754896.2497711182
2001-07-13 08:00:00,31770.0,31761.236328125,8.763671875,8.763671875,76.80194473266602
2001-07-13 09:00:00,33555.0,33564.73046875,-9.73046875,9.73046875,94.68202209472656
2001-07-13 10:00:00,34988.0,34928.24609375,59.75390625,59.75390625,3570.529312133789
2001-07-13 11:00:00,35800.0,36117.22265625,-317.22265625,317.22265625,100630.21363830566
2001-07-13 12:00:00,36202.0,36523.61328125,-321.61328125,321.61328125,103435.1026763916
2001-07-13 13:00:00,36456.0,36831.0625,-375.0625,375.0625,140671.87890625
2001-07-13 14:00:00,36494.0,36608.49609375,-114.49609375,114.49609375,13109.355484008789
2001-07-13 15:00:00,36311.0,36345.09375,-34.09375,34.09375,1162.3837890625
2001-07-13 16:00:00,36062.0,36003.13671875,58.86328125,58.86328125,3464.8858795166016
2001-07-13 17:00:00,35521.0,35419.80078125,101.19921875,101.19921875,10241.281875610352
2001-07-13 18:00:00,34484.0,34516.33984375,-32.33984375,32.33984375,1045.865493774414
2001-07-13 19:00:00,33143.0,33538.35546875,-395.35546875,395.35546875,156305.94667053223
2001-07-13 20:00:00,32504.0,33007.7109375,-503.7109375,503.7109375,253724.7085571289
2001-07-13 21:00:00,32476.0,31756.115234375,719.884765625,719.884765625,518234.0757789612
2001-07-13 22:00:00,30281.0,30310.17578125,-29.17578125,29.17578125,851.2262115478516
2001-07-13 23:00:00,27544.0,27420.52734375,123.47265625,123.47265625,15245.496841430664
2001-07-14 00:00:00,25229.0,24940.861328125,288.138671875,288.138671875,83023.89422988892
2001-07-14 01:00:00,23572.0,23314.91015625,257.08984375,257.08984375,66095.18775939941
2001-07-14 02:00:00,22534.0,22885.029296875,-351.029296875,351.029296875,123221.56726455688
2001-07-14 03:00:00,21988.0,21877.90234375,110.09765625,110.09765625,12121.493911743164
2001-07-14 04:00:00,21740.0,21574.66796875,165.33203125,165.33203125,27334.680557250977
2001-07-14 05:00:00,21911.0,21954.333984375,-43.333984375,43.333984375,1877.8342018127441
2001-07-14 06:00:00,22299.0,22544.046875,-245.046875,245.046875,60047.970947265625
2001-07-14 07:00:00,24095.0,23759.666015625,335.333984375,335.333984375,112448.88107681274
2001-07-14 08:00:00,26767.0,26442.6171875,324.3828125,324.3828125,105224.20904541016
2001-07-14 09:00:00,28995.0,28825.12109375,169.87890625,169.87890625,28858.84278869629
2001-07-14 10:00:00,30477.0,30589.12109375,-112.12109375,112.12109375,12571.139663696289
2001-07-14 11:00:00,31227.0,31479.7421875,-252.7421875,252.7421875,63878.613342285156
2001-07-14 12:00:00,31573.0,31613.267578125,-40.267578125,40.267578125,1621.4778480529785
2001-07-14 13:00:00,31531.0,31836.81640625,-305.81640625,305.81640625,93523.67433166504
2001-07-14 14:00:00,31500.0,31718.76953125,-218.76953125,218.76953125,47860.10780334473
2001-07-14 15:00:00,31580.0,31645.267578125,-65.267578125,65.267578125,4259.8567543029785
2001-07-14 16:00:00,31742.0,31569.22265625,172.77734375,172.77734375,29852.010513305664
2001-07-14 17:00:00,31871.0,31750.82421875,120.17578125,120.17578125,14442.218399047852
2001-07-14 18:00:00,31358.0,31178.365234375,179.634765625,179.634765625,32268.64902114868
2001-07-14 19:00:00,30548.0,30403.416015625,144.583984375,144.583984375,20904.528537750244
2001-07-14 20:00:00,30367.0,30551.453125,-184.453125,184.453125,34022.955322265625
2001-07-14 21:00:00,30727.0,29807.1640625,919.8359375,919.8359375,846098.1519165039
2001-07-14 22:00:00,28948.0,29014.08203125,-66.08203125,66.08203125,4366.834854125977
2001-07-14 23:00:00,26751.0,27091.482421875,-340.482421875,340.482421875,115928.27960586548
2001-07-15 00:00:00,24498.0,24487.26171875,10.73828125,10.73828125,115.31068420410156
2001-07-15 01:00:00,23036.0,22943.2578125,92.7421875,92.7421875,8601.113342285156
2001-07-15 02:00:00,22005.0,21924.19921875,80.80078125,80.80078125,6528.766250610352
2001-07-15 03:00:00,21308.0,21076.103515625,231.896484375,231.896484375,53775.97946548462
2001-07-15 04:00:00,21066.0,20813.71875,252.28125,252.28125,63645.8291015625
2001-07-15 05:00:00,20792.0,21127.869140625,-335.869140625,335.869140625,112808.07962417603
2001-07-15 06:00:00,20931.0,21190.765625,-259.765625,259.765625,67478.17993164062
2001-07-15 07:00:00,22445.0,22069.533203125,375.466796875,375.466796875,140975.3155555725
2001-07-15 08:00:00,24864.0,24714.046875,149.953125,149.953125,22485.939697265625
2001-07-15 09:00:00,27002.0,26711.482421875,290.517578125,290.517578125,84400.46319961548
2001-07-15 10:00:00,28690.0,28402.322265625,287.677734375,287.677734375,82758.47885513306
2001-07-15 11:00:00,30100.0,30186.72265625,-86.72265625,86.72265625,7520.819107055664
2001-07-15 12:00:00,31066.0,30926.93359375,139.06640625,139.06640625,19339.46534729004
2001-07-15 13:00:00,31611.0,31472.693359375,138.306640625,138.306640625,19128.7268409729
2001-07-15 14:00:00,32081.0,31971.314453125,109.685546875,109.685546875,12030.919193267822
2001-07-15 15:00:00,32732.0,32582.75390625,149.24609375,149.24609375,22274.39649963379
2001-07-15 16:00:00,33395.0,33388.30859375,6.69140625,6.69140625,44.77491760253906
2001-07-15 17:00:00,33743.0,33895.01953125,-152.01953125,152.01953125,23109.937881469727
2001-07-15 18:00:00,33393.0,33402.29296875,-9.29296875,9.29296875,86.35926818847656
2001-07-15 19:00:00,32711.0,32645.810546875,65.189453125,65.189453125,4249.664798736572
2001-07-15 20:00:00,32789.0,32959.11328125,-170.11328125,170.11328125,28938.5284576416
2001-07-15 21:00:00,33342.0,32814.9375,527.0625,527.0625,277794.87890625
2001-07-15 22:00:00,31504.0,31863.62890625,-359.62890625,359.62890625,129332.95021057129
2001-07-15 23:00:00,28724.0,29417.0703125,-693.0703125,693.0703125,480346.45806884766
2001-07-16 00:00:00,26394.0,27114.677734375,-720.677734375,720.677734375,519376.39682388306
2001-07-16 01:00:00,24940.0,24963.24609375,-23.24609375,23.24609375,540.3808746337891
2001-07-16 02:00:00,24095.0,24267.61328125,-172.61328125,172.61328125,29795.3448638916
2001-07-16 03:00:00,23600.0,23986.36328125,-386.36328125,386.36328125,149276.5850982666
2001-07-16 04:00:00,23804.0,23528.064453125,275.935546875,275.935546875,76140.42602920532
2001-07-16 05:00:00,24996.0,25067.46875,-71.46875,71.46875,5107.7822265625
2001-07-16 06:00:00,27109.0,27772.9921875,-663.9921875,663.9921875,440885.62506103516
2001-07-16 07:00:00,30638.0,30309.640625,328.359375,328.359375,107819.87915039062
2001-07-16 08:00:00,33634.0,32790.05078125,843.94921875,843.94921875,712250.2838287354
2001-07-16 09:00:00,35965.0,35553.125,411.875,411.875,169641.015625
2001-07-16 10:00:00,38073.0,37895.13671875,177.86328125,177.86328125,31635.3468170166
2001-07-16 11:00:00,39563.0,39096.15234375,466.84765625,466.84765625,217946.73414611816
2001-07-16 12:00:00,40660.0,40584.57421875,75.42578125,75.42578125,5689.048477172852
2001-07-16 13:00:00,41719.0,41664.41796875,54.58203125,54.58203125,2979.1981353759766
2001-07-16 14:00:00,42369.0,41776.1171875,592.8828125,592.8828125,351510.02935791016
2001-07-16 15:00:00,42689.0,42379.71875,309.28125,309.28125,95654.8916015625
2001-07-16 16:00:00,42773.0,42433.06640625,339.93359375,339.93359375,115554.84815979004
2001-07-16 17:00:00,42423.0,42354.62109375,68.37890625,68.37890625,4675.674819946289
2001-07-16 18:00:00,41486.0,40969.42578125,516.57421875,516.57421875,266848.92347717285
2001-07-16 19:00:00,40210.0,40194.328125,15.671875,15.671875,245.607666015625
2001-07-16 20:00:00,39790.0,40056.6875,-266.6875,266.6875,71122.22265625
2001-07-16 21:00:00,39480.0,39057.93359375,422.06640625,422.06640625,178140.05128479004
2001-07-16 22:00:00,36432.0,36445.08984375,-13.08984375,13.08984375,171.34400939941406
2001-07-16 23:00:00,32989.0,32577.322265625,411.677734375,411.677734375,169478.55698013306
2001-07-17 00:00:00,30270.0,29889.990234375,380.009765625,380.009765625,144407.42197036743
2001-07-17 01:00:00,28489.0,28392.01171875,96.98828125,96.98828125,9406.726699829102
2001-07-17 02:00:00,27302.0,27258.80078125,43.19921875,43.19921875,1866.1725006103516
2001-07-17 03:00:00,26594.0,26636.013671875,-42.013671875,42.013671875,1765.148624420166
2001-07-17 04:00:00,26656.0,26286.240234375,369.759765625,369.759765625,136722.28427505493
2001-07-17 05:00:00,28002.0,27464.49609375,537.50390625,537.50390625,288910.4492340088
2001-07-17 06:00:00,30259.0,30379.275390625,-120.275390625,120.275390625,14466.169589996338
2001-07-17 07:00:00,33475.0,33154.6015625,320.3984375,320.3984375,102655.1587524414
2001-07-17 08:00:00,36170.0,36128.140625,41.859375,41.859375,1752.207275390625
2001-07-17 09:00:00,38365.0,38178.47265625,186.52734375,186.52734375,34792.449966430664
2001-07-17 10:00:00,40548.0,40379.72265625,168.27734375,168.27734375,28317.264419555664
2001-07-17 11:00:00,42652.0,41941.19140625,710.80859375,710.80859375,505248.85694885254
2001-07-17 12:00:00,43931.0,43441.05078125,489.94921875,489.94921875,240050.23695373535
2001-07-17 13:00:00,45032.0,44913.08203125,118.91796875,118.91796875,14141.483291625977
2001-07-17 14:00:00,45986.0,45910.046875,75.953125,75.953125,5768.877197265625
2001-07-17 15:00:00,46552.0,47407.90234375,-855.90234375,855.90234375,732568.8220367432
2001-07-17 16:00:00,46845.0,47188.7265625,-343.7265625,343.7265625,118147.9497680664
2001-07-17 17:00:00,46442.0,46475.48046875,-33.48046875,33.48046875,1120.9417877197266
2001-07-17 18:00:00,45230.0,45391.9375,-161.9375,161.9375,26223.75390625
2001-07-17 19:00:00,43566.0,44086.93359375,-520.93359375,520.93359375,271371.80909729004
2001-07-17 20:00:00,42983.0,43252.74609375,-269.74609375,269.74609375,72762.95509338379
2001-07-17 21:00:00,41884.0,42109.6875,-225.6875,225.6875,50934.84765625
2001-07-17 22:00:00,38308.0,39091.484375,-783.484375,783.484375,613847.7658691406
2001-07-17 23:00:00,34642.0,34710.52734375,-68.52734375,68.52734375,4695.996841430664
2001-07-18 00:00:00,31607.0,31452.783203125,154.216796875,154.216796875,23782.82043838501
2001-07-18 01:00:00,29735.0,29896.419921875,-161.419921875,161.419921875,26056.391178131104
2001-07-18 02:00:00,28289.0,28701.1796875,-412.1796875,412.1796875,169892.09478759766
2001-07-18 03:00:00,27532.0,27373.779296875,158.220703125,158.220703125,25033.790897369385
2001-07-18 04:00:00,27496.0,27615.880859375,-119.880859375,119.880859375,14371.420444488525
2001-07-18 05:00:00,28774.0,28473.642578125,300.357421875,300.357421875,90214.58087539673
2001-07-18 06:00:00,31071.0,31172.57421875,-101.57421875,101.57421875,10317.321914672852
2001-07-18 07:00:00,33813.0,33939.48046875,-126.48046875,126.48046875,15997.308975219727
2001-07-18 08:00:00,35922.0,36460.046875,-538.046875,538.046875,289494.4396972656
2001-07-18 09:00:00,36820.0,37399.95703125,-579.95703125,579.95703125,336350.1580963135
2001-07-18 10:00:00,38049.0,38607.71875,-558.71875,558.71875,312166.6416015625
2001-07-18 11:00:00,38872.0,39196.8515625,-324.8515625,324.8515625,105528.5376586914
2001-07-18 12:00:00,39291.0,40104.171875,-813.171875,813.171875,661248.4982910156
2001-07-18 13:00:00,39808.0,39753.41796875,54.58203125,54.58203125,2979.1981353759766
2001-07-18 14:00:00,40256.0,40192.5234375,63.4765625,63.4765625,4029.2739868164062
2001-07-18 15:00:00,40497.0,40625.4765625,-128.4765625,128.4765625,16506.227111816406
2001-07-18 16:00:00,40619.0,40771.171875,-152.171875,152.171875,23156.279541015625
2001-07-18 17:00:00,40387.0,40681.7421875,-294.7421875,294.7421875,86872.95709228516
2001-07-18 18:00:00,39316.0,39105.265625,210.734375,210.734375,44408.976806640625
2001-07-18 19:00:00,37892.0,37781.44921875,110.55078125,110.55078125,12221.475234985352
2001-07-18 20:00:00,37566.0,37245.92578125,320.07421875,320.07421875,102447.50550842285
2001-07-18 21:00:00,37290.0,36542.0859375,747.9140625,747.9140625,559375.4448852539
2001-07-18 22:00:00,34659.0,34431.171875,227.828125,227.828125,51905.654541015625
2001-07-18 23:00:00,31462.0,31645.90234375,-183.90234375,183.90234375,33820.072036743164
2001-07-19 00:00:00,28801.0,28570.40234375,230.59765625,230.59765625,53175.279067993164
2001-07-19 01:00:00,27073.0,27130.306640625,-57.306640625,57.306640625,3284.0510597229004
2001-07-19 02:00:00,26061.0,26181.87890625,-120.87890625,120.87890625,14611.709976196289
2001-07-19 03:00:00,25447.0,25669.876953125,-222.876953125,222.876953125,49674.13623428345
2001-07-19 04:00:00,25560.0,25231.291015625,328.708984375,328.708984375,108049.596408844
2001-07-19 05:00:00,26923.0,26732.794921875,190.205078125,190.205078125,36177.97174453735
2001-07-19 06:00:00,29167.0,30085.4609375,-918.4609375,918.4609375,843570.4937133789
2001-07-19 07:00:00,32011.0,31922.701171875,88.298828125,88.298828125,7796.683048248291
2001-07-19 08:00:00,34023.0,34389.421875,-366.421875,366.421875,134264.99047851562
2001-07-19 09:00:00,35188.0,35625.19140625,-437.19140625,437.19140625,191136.32569885254
2001-07-19 10:00:00,36551.0,36180.453125,370.546875,370.546875,137304.98657226562
2001-07-19 11:00:00,37441.0,37665.96484375,-224.96484375,224.96484375,50609.180923461914
2001-07-19 12:00:00,38102.0,38112.78515625,-10.78515625,10.78515625,116.31959533691406
2001-07-19 13:00:00,38813.0,38923.79296875,-110.79296875,110.79296875,12275.081924438477
2001-07-19 14:00:00,39288.0,38887.0078125,400.9921875,400.9921875,160794.73443603516
2001-07-19 15:00:00,39789.0,39609.3984375,179.6015625,179.6015625,32256.721252441406
2001-07-19 16:00:00,39960.0,39839.4765625,120.5234375,120.5234375,14525.898986816406
2001-07-19 17:00:00,39690.0,39849.01953125,-159.01953125,159.01953125,25287.211318969727
2001-07-19 18:00:00,38421.0,38668.23828125,-247.23828125,247.23828125,61126.7677154541
2001-07-19 19:00:00,36738.0,37059.25390625,-321.25390625,321.25390625,103204.07228088379
2001-07-19 20:00:00,36209.0,36401.0390625,-192.0390625,192.0390625,36879.001525878906
2001-07-19 21:00:00,35986.0,34981.9609375,1004.0390625,1004.0390625,1008094.4390258789
2001-07-19 22:00:00,33280.0,33124.9140625,155.0859375,155.0859375,24051.648010253906
2001-07-19 23:00:00,30351.0,30362.171875,-11.171875,11.171875,124.810791015625
2001-07-20 00:00:00,27461.0,27725.50390625,-264.50390625,264.50390625,69962.31642150879
2001-07-20 01:00:00,25807.0,25968.029296875,-161.029296875,161.029296875,25930.434452056885
2001-07-20 02:00:00,24642.0,24833.556640625,-191.556640625,191.556640625,36693.9465675354
2001-07-20 03:00:00,24072.0,24103.966796875,-31.966796875,31.966796875,1021.8761024475098
2001-07-20 04:00:00,24075.0,24053.80859375,21.19140625,21.19140625,449.07569885253906
2001-07-20 05:00:00,25286.0,25276.40625,9.59375,9.59375,92.0400390625
2001-07-20 06:00:00,27259.0,27832.22265625,-573.22265625,573.22265625,328584.21363830566
2001-07-20 07:00:00,30418.0,30034.90625,383.09375,383.09375,146760.8212890625
2001-07-20 08:00:00,32686.0,32945.4375,-259.4375,259.4375,67307.81640625
2001-07-20 09:00:00,34478.0,34666.70703125,-188.70703125,188.70703125,35610.34364318848
2001-07-20 10:00:00,36329.0,36053.01171875,275.98828125,275.98828125,76169.5313873291
2001-07-20 11:00:00,37210.0,36952.40234375,257.59765625,257.59765625,66356.55250549316
2001-07-20 12:00:00,37759.0,37769.88671875,-10.88671875,10.88671875,118.52064514160156
2001-07-20 13:00:00,38185.0,38330.7890625,-145.7890625,145.7890625,21254.450744628906
2001-07-20 14:00:00,38682.0,38664.72265625,17.27734375,17.27734375,298.50660705566406
2001-07-20 15:00:00,38863.0,38894.234375,-31.234375,31.234375,975.586181640625
2001-07-20 16:00:00,39037.0,39036.98046875,0.01953125,0.01953125,0.0003814697265625
2001-07-20 17:00:00,38702.0,38560.328125,141.671875,141.671875,20070.920166015625
2001-07-20 18:00:00,37500.0,37463.01953125,36.98046875,36.98046875,1367.5550689697266
2001-07-20 19:00:00,35872.0,35953.03515625,-81.03515625,81.03515625,6566.696548461914
2001-07-20 20:00:00,34697.0,35680.875,-983.875,983.875,968010.015625
2001-07-20 21:00:00,34348.0,33984.62109375,363.37890625,363.37890625,132044.2295074463
2001-07-20 22:00:00,31922.0,32147.765625,-225.765625,225.765625,50970.117431640625
2001-07-20 23:00:00,28879.0,29357.513671875,-478.513671875,478.513671875,228975.33417129517
2001-07-21 00:00:00,26404.0,26291.611328125,112.388671875,112.388671875,12631.213565826416
2001-07-21 01:00:00,24422.0,25010.09375,-588.09375,588.09375,345854.2587890625
2001-07-21 02:00:00,23405.0,23355.205078125,49.794921875,49.794921875,2479.5342445373535
2001-07-21 03:00:00,22635.0,22597.46875,37.53125,37.53125,1408.5947265625
2001-07-21 04:00:00,22323.0,22307.255859375,15.744140625,15.744140625,247.8779640197754
2001-07-21 05:00:00,22404.0,22472.57421875,-68.57421875,68.57421875,4702.423477172852
2001-07-21 06:00:00,22674.0,22871.6328125,-197.6328125,197.6328125,39058.728576660156
2001-07-21 07:00:00,24646.0,24301.505859375,344.494140625,344.494140625,118676.21292495728
2001-07-21 08:00:00,27408.0,27285.1953125,122.8046875,122.8046875,15080.991271972656
2001-07-21 09:00:00,29966.0,29172.919921875,793.080078125,793.080078125,628976.0103187561
2001-07-21 10:00:00,31825.0,31575.86328125,249.13671875,249.13671875,62069.1046295166
2001-07-21 11:00:00,33224.0,33079.734375,144.265625,144.265625,20812.570556640625
2001-07-21 12:00:00,33961.0,34008.33203125,-47.33203125,47.33203125,2240.3211822509766
2001-07-21 13:00:00,34445.0,34443.171875,1.828125,1.828125,3.342041015625
2001-07-21 14:00:00,34978.0,34516.25390625,461.74609375,461.74609375,213209.4550933838
2001-07-21 15:00:00,35566.0,35397.71875,168.28125,168.28125,28318.5791015625
2001-07-21 16:00:00,36011.0,35958.609375,52.390625,52.390625,2744.777587890625
2001-07-21 17:00:00,36088.0,36038.38671875,49.61328125,49.61328125,2461.4776763916016
2001-07-21 18:00:00,35466.0,35357.01171875,108.98828125,108.98828125,11878.445449829102
2001-07-21 19:00:00,34232.0,34616.05078125,-384.05078125,384.05078125,147495.00257873535
2001-07-21 20:00:00,33645.0,34549.734375,-904.734375,904.734375,818544.2893066406
2001-07-21 21:00:00,33589.0,33322.49609375,266.50390625,266.50390625,71024.33204650879
2001-07-21 22:00:00,31510.0,32051.822265625,-541.822265625,541.822265625,293571.36752700806
2001-07-21 23:00:00,28860.0,28922.447265625,-62.447265625,62.447265625,3899.6609840393066
2001-07-22 00:00:00,26328.0,26657.53125,-329.53125,329.53125,108590.8447265625
2001-07-22 01:00:00,24433.0,24570.11328125,-137.11328125,137.11328125,18800.0518951416
2001-07-22 02:00:00,23251.0,23350.208984375,-99.208984375,99.208984375,9842.422580718994
2001-07-22 03:00:00,22566.0,22326.390625,239.609375,239.609375,57412.652587890625
2001-07-22 04:00:00,22057.0,21915.34765625,141.65234375,141.65234375,20065.386489868164
2001-07-22 05:00:00,22003.0,21735.630859375,267.369140625,267.369140625,71486.25735855103
2001-07-22 06:00:00,21908.0,21961.197265625,-53.197265625,53.197265625,2829.9490699768066
2001-07-22 07:00:00,23210.0,23012.345703125,197.654296875,197.654296875,39067.221073150635
2001-07-22 08:00:00,25858.0,25705.830078125,152.169921875,152.169921875,23155.685123443604
2001-07-22 09:00:00,28274.0,28384.509765625,-110.509765625,110.509765625,12212.408298492432
2001-07-22 10:00:00,30462.0,30214.353515625,247.646484375,247.646484375,61328.78122329712
2001-07-22 11:00:00,32120.0,31843.068359375,276.931640625,276.931640625,76691.13357925415
2001-07-22 12:00:00,33129.0,33576.82421875,-447.82421875,447.82421875,200546.53089904785
2001-07-22 13:00:00,34190.0,34154.6328125,35.3671875,35.3671875,1250.8379516601562
2001-07-22 14:00:00,35056.0,34931.47265625,124.52734375,124.52734375,15507.059341430664
2001-07-22 15:00:00,35782.0,35884.59375,-102.59375,102.59375,10525.4775390625
2001-07-22 16:00:00,36434.0,36295.2265625,138.7734375,138.7734375,19258.066955566406
2001-07-22 17:00:00,36752.0,36502.40625,249.59375,249.59375,62297.0400390625
2001-07-22 18:00:00,36268.0,36137.7265625,130.2734375,130.2734375,16971.168518066406
2001-07-22 19:00:00,35294.0,35425.609375,-131.609375,131.609375,17321.027587890625
2001-07-22 20:00:00,34810.0,35579.6796875,-769.6796875,769.6796875,592406.8213500977
2001-07-22 21:00:00,35273.0,34591.79296875,681.20703125,681.20703125,464043.0194244385
2001-07-22 22:00:00,33241.0,33299.34765625,-58.34765625,58.34765625,3404.448989868164
2001-07-22 23:00:00,30638.0,30492.216796875,145.783203125,145.783203125,21252.74231338501
2001-07-23 00:00:00,28206.0,28302.38671875,-96.38671875,96.38671875,9290.399551391602
2001-07-23 01:00:00,26582.0,26937.158203125,-355.158203125,355.158203125,126137.34924697876
2001-07-23 02:00:00,25679.0,25293.419921875,385.580078125,385.580078125,148671.9966468811
2001-07-23 03:00:00,25308.0,25114.560546875,193.439453125,193.439453125,37418.82202529907
2001-07-23 04:00:00,25354.0,25189.15625,164.84375,164.84375,27173.4619140625
2001-07-23 05:00:00,26669.0,27580.04296875,-911.04296875,911.04296875,829999.2909088135
2001-07-23 06:00:00,29020.0,29485.400390625,-465.400390625,465.400390625,216597.5235939026
2001-07-23 07:00:00,32396.0,31585.244140625,810.755859375,810.755859375,657325.0635108948
2001-07-23 08:00:00,35539.0,35030.82421875,508.17578125,508.17578125,258242.62464904785
2001-07-23 09:00:00,38242.0,37312.19921875,929.80078125,929.80078125,864529.4928131104
2001-07-23 10:00:00,40929.0,40291.84375,637.15625,637.15625,405968.0869140625
2001-07-23 11:00:00,43170.0,43064.96875,105.03125,105.03125,11031.5634765625
2001-07-23 12:00:00,44712.0,44146.71484375,565.28515625,565.28515625,319547.3078765869
2001-07-23 13:00:00,46320.0,45742.91796875,577.08203125,577.08203125,333023.670791626
2001-07-23 14:00:00,47067.0,46638.88671875,428.11328125,428.11328125,183280.9815826416
2001-07-23 15:00:00,47839.0,47303.26953125,535.73046875,535.73046875,287007.1351470947
2001-07-23 16:00:00,48428.0,47792.28515625,635.71484375,635.71484375,404133.3625640869
2001-07-23 17:00:00,48332.0,47836.57421875,495.42578125,495.42578125,245446.70472717285
2001-07-23 18:00:00,47327.0,46530.25390625,796.74609375,796.74609375,634804.3379058838
2001-07-23 19:00:00,45700.0,46181.21484375,-481.21484375,481.21484375,231567.7258453369
2001-07-23 20:00:00,44738.0,44406.91015625,331.08984375,331.08984375,109620.48463439941
2001-07-23 21:00:00,44236.0,43565.8125,670.1875,670.1875,449151.28515625
2001-07-23 22:00:00,40789.0,41036.1875,-247.1875,247.1875,61101.66015625
2001-07-23 23:00:00,37011.0,37048.71875,-37.71875,37.71875,1422.7041015625
2001-07-24 00:00:00,33898.0,33695.703125,202.296875,202.296875,40924.025634765625
2001-07-24 01:00:00,31936.0,31765.5546875,170.4453125,170.4453125,29051.604553222656
2001-07-24 02:00:00,30660.0,30675.2734375,-15.2734375,15.2734375,233.27789306640625
2001-07-24 03:00:00,29790.0,29851.623046875,-61.623046875,61.623046875,3797.3999061584473
2001-07-24 04:00:00,29754.0,29267.662109375,486.337890625,486.337890625,236524.54385757446
2001-07-24 05:00:00,31027.0,30504.248046875,522.751953125,522.751953125,273269.6044960022
2001-07-24 06:00:00,33470.0,34021.76171875,-551.76171875,551.76171875,304440.9942779541
2001-07-24 07:00:00,36828.0,36477.3671875,350.6328125,350.6328125,122943.36920166016
2001-07-24 08:00:00,39517.0,40044.20703125,-527.20703125,527.20703125,277947.2537994385
2001-07-24 09:00:00,41974.0,41787.0078125,186.9921875,186.9921875,34966.078186035156
2001-07-24 10:00:00,44690.0,44413.08984375,276.91015625,276.91015625,76679.23463439941
2001-07-24 11:00:00,46912.0,46175.96875,736.03125,736.03125,541742.0009765625
2001-07-24 12:00:00,48486.0,47530.0625,955.9375,955.9375,913816.50390625
2001-07-24 13:00:00,49564.0,49219.70703125,344.29296875,344.29296875,118537.64833068848
2001-07-24 14:00:00,50410.0,48972.70703125,1437.29296875,1437.29296875,2065811.0780181885
2001-07-24 15:00:00,51104.0,49434.58984375,1669.41015625,1669.41015625,2786930.2697906494
2001-07-24 16:00:00,51550.0,49396.53515625,2153.46484375,2153.46484375,4637410.833267212
2001-07-24 17:00:00,51508.0,48845.68359375,2662.31640625,2662.31640625,7087928.646987915
2001-07-24 18:00:00,50482.0,47640.59765625,2841.40234375,2841.40234375,8073567.279067993
2001-07-24 19:00:00,49002.0,46561.87109375,2440.12890625,2440.12890625,5954229.079116821
2001-07-24 20:00:00,48570.0,47365.92578125,1204.07421875,1204.07421875,1449794.7242584229
2001-07-24 21:00:00,47952.0,48079.65234375,-127.65234375,127.65234375,16295.120864868164
2001-07-24 22:00:00,44315.0,45666.1015625,-1351.1015625,1351.1015625,1825475.4321899414
2001-07-24 23:00:00,40438.0,39973.1328125,464.8671875,464.8671875,216101.50201416016
2001-07-25 00:00:00,37386.0,37535.15625,-149.15625,149.15625,22247.5869140625
2001-07-25 01:00:00,35120.0,34676.5625,443.4375,443.4375,196636.81640625
2001-07-25 02:00:00,34081.0,34241.25,-160.25,160.25,25680.0625
2001-07-25 03:00:00,33230.0,33085.0625,144.9375,144.9375,21006.87890625
2001-07-25 04:00:00,33230.0,33298.84765625,-68.84765625,68.84765625,4739.999771118164
2001-07-25 05:00:00,34212.0,34384.81640625,-172.81640625,172.81640625,29865.51026916504
2001-07-25 06:00:00,36335.0,36730.890625,-395.890625,395.890625,156729.38696289062
2001-07-25 07:00:00,39759.0,39375.60546875,383.39453125,383.39453125,146991.36659240723
2001-07-25 08:00:00,42732.0,42171.0390625,560.9609375,560.9609375,314677.1734008789
2001-07-25 09:00:00,45413.0,44099.5,1313.5,1313.5,1725282.25
2001-07-25 10:00:00,47775.0,46485.29296875,1289.70703125,1289.70703125,1663344.2264556885
2001-07-25 11:00:00,49761.0,49562.10546875,198.89453125,198.89453125,39559.03456115723
2001-07-25 12:00:00,50807.0,50095.7265625,711.2734375,711.2734375,505909.9028930664
2001-07-25 13:00:00,51686.0,50793.16015625,892.83984375,892.83984375,797162.9865875244
2001-07-25 14:00:00,52132.0,49960.87109375,2171.12890625,2171.12890625,4713800.727554321
2001-07-25 15:00:00,51959.0,49651.65234375,2307.34765625,2307.34765625,5323853.206802368
2001-07-25 16:00:00,52024.0,49722.875,2301.125,2301.125,5295176.265625
2001-07-25 17:00:00,51477.0,49504.87890625,1972.12109375,1972.12109375,3889261.6084136963
2001-07-25 18:00:00,50398.0,48716.5546875,1681.4453125,1681.4453125,2827258.3389282227
2001-07-25 19:00:00,48930.0,48835.9375,94.0625,94.0625,8847.75390625
2001-07-25 20:00:00,48362.0,48730.1015625,-368.1015625,368.1015625,135498.7603149414
2001-07-25 21:00:00,47017.0,48072.68359375,-1055.68359375,1055.68359375,1114467.850112915
2001-07-25 22:00:00,43487.0,43439.7421875,47.2578125,47.2578125,2233.3008422851562
2001-07-25 23:00:00,39599.0,39825.4765625,-226.4765625,226.4765625,51291.633361816406
2001-07-26 00:00:00,36472.0,35821.70703125,650.29296875,650.29296875,422880.9452056885
2001-07-26 01:00:00,34674.0,34382.23828125,291.76171875,291.76171875,85124.9005279541
2001-07-26 02:00:00,33251.0,33948.22265625,-697.22265625,697.22265625,486119.43238830566
2001-07-26 03:00:00,32287.0,32918.99609375,-631.99609375,631.99609375,399419.0625152588
2001-07-26 04:00:00,32192.0,32097.74609375,94.25390625,94.25390625,8883.798843383789
2001-07-26 05:00:00,33286.0,32422.578125,863.421875,863.421875,745497.3342285156
2001-07-26 06:00:00,35488.0,35305.20703125,182.79296875,182.79296875,33413.26942443848
2001-07-26 07:00:00,38241.0,38506.1953125,-265.1953125,265.1953125,70328.55377197266
2001-07-26 08:00:00,40295.0,40684.9921875,-389.9921875,389.9921875,152093.90631103516
2001-07-26 09:00:00,41562.0,42238.375,-676.375,676.375,457483.140625
2001-07-26 10:00:00,42376.0,42440.01171875,-64.01171875,64.01171875,4097.500137329102
2001-07-26 11:00:00,42624.0,43331.15234375,-707.15234375,707.15234375,500064.43727111816
2001-07-26 12:00:00,42584.0,42976.65234375,-392.65234375,392.65234375,154175.86305236816
2001-07-26 13:00:00,42285.0,42789.2109375,-504.2109375,504.2109375,254228.6694946289
2001-07-26 14:00:00,41695.0,42559.78125,-864.78125,864.78125,747846.6103515625
2001-07-26 15:00:00,40597.0,41458.09765625,-861.09765625,861.09765625,741489.1735992432
2001-07-26 16:00:00,39887.0,40728.390625,-841.390625,841.390625,707938.1838378906
2001-07-26 17:00:00,39006.0,39971.734375,-965.734375,965.734375,932642.8830566406
2001-07-26 18:00:00,37808.0,38480.515625,-672.515625,672.515625,452277.2658691406
2001-07-26 19:00:00,36404.0,36648.71875,-244.71875,244.71875,59887.2666015625
2001-07-26 20:00:00,36157.0,35603.30078125,553.69921875,553.69921875,306582.82484436035
2001-07-26 21:00:00,36129.0,35631.625,497.375,497.375,247381.890625
2001-07-26 22:00:00,34289.0,34163.09375,125.90625,125.90625,15852.3837890625
2001-07-26 23:00:00,32440.0,31931.13671875,508.86328125,508.86328125,258941.8390045166
2001-07-27 00:00:00,30611.0,30462.25390625,148.74609375,148.74609375,22125.40040588379
2001-07-27 01:00:00,26213.0,29844.05078125,-3631.05078125,3631.05078125,13184529.776016235
2001-07-27 02:00:00,24980.0,25843.349609375,-863.349609375,863.349609375,745372.5480079651
2001-07-27 03:00:00,24139.0,24580.826171875,-441.826171875,441.826171875,195210.36615371704
2001-07-27 04:00:00,24217.0,23773.609375,443.390625,443.390625,196595.24633789062
2001-07-27 05:00:00,25080.0,25377.76953125,-297.76953125,297.76953125,88666.69374084473
2001-07-27 06:00:00,26963.0,27634.95703125,-671.95703125,671.95703125,451526.2518463135
2001-07-27 07:00:00,29602.0,29906.439453125,-304.439453125,304.439453125,92683.38061904907
2001-07-27 08:00:00,31805.0,31520.271484375,284.728515625,284.728515625,81070.32761001587
2001-07-27 09:00:00,33207.0,33764.0625,-557.0625,557.0625,310318.62890625
2001-07-27 10:00:00,34375.0,34500.98046875,-125.98046875,125.98046875,15871.078506469727
2001-07-27 11:00:00,35029.0,35294.16015625,-265.16015625,265.16015625,70309.90846252441
2001-07-27 12:00:00,35422.0,35272.359375,149.640625,149.640625,22392.316650390625
2001-07-27 13:00:00,35776.0,35778.21484375,-2.21484375,2.21484375,4.9055328369140625
2001-07-27 14:00:00,36064.0,35893.53515625,170.46484375,170.46484375,29058.262954711914
2001-07-27 15:00:00,36149.0,36113.66796875,35.33203125,35.33203125,1248.3524322509766
2001-07-27 16:00:00,36323.0,36161.37109375,161.62890625,161.62890625,26123.90333557129
2001-07-27 17:00:00,35897.0,35755.6875,141.3125,141.3125,19969.22265625
2001-07-27 18:00:00,34552.0,34765.8359375,-213.8359375,213.8359375,45725.808166503906
2001-07-27 19:00:00,32860.0,33003.2109375,-143.2109375,143.2109375,20509.372619628906
2001-07-27 20:00:00,32567.0,32454.44921875,112.55078125,112.55078125,12667.678359985352
2001-07-27 21:00:00,32347.0,32010.935546875,336.064453125,336.064453125,112939.31665420532
2001-07-27 22:00:00,30010.0,31283.568359375,-1273.568359375,1273.568359375,1621976.3660011292
2001-07-27 23:00:00,27428.0,27655.435546875,-227.435546875,227.435546875,51726.92798233032
2001-07-28 00:00:00,25145.0,24414.724609375,730.275390625,730.275390625,533302.1461524963
2001-07-28 01:00:00,23559.0,23500.734375,58.265625,58.265625,3394.883056640625
2001-07-28 02:00:00,22564.0,22802.640625,-238.640625,238.640625,56949.347900390625
2001-07-28 03:00:00,21894.0,21749.404296875,144.595703125,144.595703125,20907.917362213135
2001-07-28 04:00:00,21752.0,21742.685546875,9.314453125,9.314453125,86.75903701782227
2001-07-28 05:00:00,21968.0,22034.791015625,-66.791015625,66.791015625,4461.039768218994
2001-07-28 06:00:00,22517.0,22458.271484375,58.728515625,58.728515625,3449.038547515869
2001-07-28 07:00:00,23868.0,24067.884765625,-199.884765625,199.884765625,39953.91952896118
2001-07-28 08:00:00,26437.0,26418.26171875,18.73828125,18.73828125,351.12318420410156
2001-07-28 09:00:00,28654.0,28652.912109375,1.087890625,1.087890625,1.1835060119628906
2001-07-28 10:00:00,30260.0,29930.802734375,329.197265625,329.197265625,108370.8396949768
2001-07-28 11:00:00,31210.0,31226.0,-16.0,16.0,256.0
2001-07-28 12:00:00,31452.0,31747.529296875,-295.529296875,295.529296875,87337.56531143188
2001-07-28 13:00:00,31572.0,31682.509765625,-110.509765625,110.509765625,12212.408298492432
2001-07-28 14:00:00,31568.0,31842.833984375,-274.833984375,274.833984375,75533.71896743774
2001-07-28 15:00:00,31513.0,31694.609375,-181.609375,181.609375,32981.965087890625
2001-07-28 16:00:00,31712.0,31481.904296875,230.095703125,230.095703125,52944.032596588135
2001-07-28 17:00:00,31707.0,31833.419921875,-126.419921875,126.419921875,15981.996646881104
2001-07-28 18:00:00,31106.0,31160.544921875,-54.544921875,54.544921875,2975.1485023498535
2001-07-28 19:00:00,30081.0,30356.966796875,-275.966796875,275.966796875,76157.67297744751
2001-07-28 20:00:00,30223.0,30269.63671875,-46.63671875,46.63671875,2174.9835357666016
2001-07-28 21:00:00,30345.0,29800.6171875,544.3828125,544.3828125,296352.64654541016
2001-07-28 22:00:00,28593.0,28740.162109375,-147.162109375,147.162109375,21656.686435699463
2001-07-28 23:00:00,26417.0,26658.55078125,-241.55078125,241.55078125,58346.77992248535
2001-07-29 00:00:00,24553.0,24213.443359375,339.556640625,339.556640625,115298.7121925354
2001-07-29 01:00:00,23075.0,23070.6875,4.3125,4.3125,18.59765625
2001-07-29 02:00:00,22144.0,21943.419921875,200.580078125,200.580078125,40232.3677406311
2001-07-29 03:00:00,21612.0,21152.076171875,459.923828125,459.923828125,211529.92767715454
2001-07-29 04:00:00,21319.0,21042.44921875,276.55078125,276.55078125,76480.33460998535
2001-07-29 05:00:00,21445.0,21412.787109375,32.212890625,32.212890625,1037.670322418213
2001-07-29 06:00:00,21429.0,21778.19921875,-349.19921875,349.19921875,121940.09437561035
2001-07-29 07:00:00,22326.0,22591.53515625,-265.53515625,265.53515625,70508.91920471191
2001-07-29 08:00:00,24110.0,24413.150390625,-303.150390625,303.150390625,91900.15933609009
2001-07-29 09:00:00,25848.0,26032.794921875,-184.794921875,184.794921875,34149.16315078735
2001-07-29 10:00:00,27200.0,27197.900390625,2.099609375,2.099609375,4.408359527587891
2001-07-29 11:00:00,28011.0,28169.0546875,-158.0546875,158.0546875,24981.284240722656
2001-07-29 12:00:00,28359.0,28565.603515625,-206.603515625,206.603515625,42685.01266860962
2001-07-29 13:00:00,28416.0,28285.8515625,130.1484375,130.1484375,16938.615783691406
2001-07-29 14:00:00,28239.0,28435.341796875,-196.341796875,196.341796875,38550.10120010376
2001-07-29 15:00:00,28048.0,28147.94921875,-99.94921875,99.94921875,9989.846328735352
2001-07-29 16:00:00,28080.0,28489.466796875,-409.466796875,409.466796875,167663.0577430725
2001-07-29 17:00:00,28263.0,28477.916015625,-214.916015625,214.916015625,46188.893772125244
2001-07-29 18:00:00,28044.0,28401.396484375,-357.396484375,357.396484375,127732.24704360962
2001-07-29 19:00:00,27954.0,28077.408203125,-123.408203125,123.408203125,15229.58459854126
2001-07-29 20:00:00,28830.0,28650.416015625,179.583984375,179.583984375,32250.407444000244
2001-07-29 21:00:00,28925.0,28707.580078125,217.419921875,217.419921875,47271.4224281311
2001-07-29 22:00:00,27311.0,27318.615234375,-7.615234375,7.615234375,57.99179458618164
2001-07-29 23:00:00,25419.0,25366.087890625,52.912109375,52.912109375,2799.691318511963
2001-07-30 00:00:00,23842.0,23432.111328125,409.888671875,409.888671875,168008.72333145142
2001-07-30 01:00:00,22712.0,22406.056640625,305.943359375,305.943359375,93601.3391456604
2001-07-30 02:00:00,22237.0,22182.640625,54.359375,54.359375,2954.941650390625
2001-07-30 03:00:00,22074.0,22150.900390625,-76.900390625,76.900390625,5913.670078277588
2001-07-30 04:00:00,22584.0,22414.5234375,169.4765625,169.4765625,28722.305236816406
2001-07-30 05:00:00,24029.0,24439.86328125,-410.86328125,410.86328125,168808.6358795166
2001-07-30 06:00:00,26408.0,27263.927734375,-855.927734375,855.927734375,732612.2864723206
2001-07-30 07:00:00,29319.0,29445.083984375,-126.083984375,126.083984375,15897.171115875244
2001-07-30 08:00:00,31694.0,31166.9140625,527.0859375,527.0859375,277819.5855102539
2001-07-30 09:00:00,33341.0,32876.5703125,464.4296875,464.4296875,215694.93463134766
2001-07-30 10:00:00,34557.0,34579.60546875,-22.60546875,22.60546875,511.00721740722656
2001-07-30 11:00:00,35385.0,35138.40234375,246.59765625,246.59765625,60810.404067993164
2001-07-30 12:00:00,35727.0,35629.3359375,97.6640625,97.6640625,9538.269104003906
2001-07-30 13:00:00,36077.0,35710.79296875,366.20703125,366.20703125,134107.58973693848
2001-07-30 14:00:00,36273.0,35990.5078125,282.4921875,282.4921875,79801.83599853516
2001-07-30 15:00:00,36185.0,35962.0234375,222.9765625,222.9765625,49718.547424316406
2001-07-30 16:00:00,36220.0,35374.37890625,845.62109375,845.62109375,715075.0341949463
2001-07-30 17:00:00,35856.0,35448.30078125,407.69921875,407.69921875,166218.65296936035
2001-07-30 18:00:00,35045.0,34688.87109375,356.12890625,356.12890625,126827.79786682129
2001-07-30 19:00:00,33848.0,34154.55078125,-306.55078125,306.55078125,93973.38148498535
2001-07-30 20:00:00,33908.0,33595.23046875,312.76953125,312.76953125,97824.77967834473
2001-07-30 21:00:00,33878.0,33153.6875,724.3125,724.3125,524628.59765625
2001-07-30 22:00:00,31239.0,31280.9453125,-41.9453125,41.9453125,1759.4092407226562
2001-07-30 23:00:00,28369.0,28431.28515625,-62.28515625,62.28515625,3879.440689086914
2001-07-31 00:00:00,25903.0,25720.310546875,182.689453125,182.689453125,33375.43628311157
2001-07-31 01:00:00,24342.0,24501.0078125,-159.0078125,159.0078125,25283.484436035156
2001-07-31 02:00:00,23591.0,23744.333984375,-153.333984375,153.333984375,23511.310764312744
2001-07-31 03:00:00,23083.0,23408.19921875,-325.19921875,325.19921875,105754.53187561035
2001-07-31 04:00:00,23362.0,23212.341796875,149.658203125,149.658203125,22397.57776260376
2001-07-31 05:00:00,24760.0,24417.380859375,342.619140625,342.619140625,117387.87552261353
2001-07-31 06:00:00,26941.0,27234.0,-293.0,293.0,85849.0
2001-07-31 07:00:00,29812.0,29923.828125,-111.828125,111.828125,12505.529541015625
2001-07-31 08:00:00,32109.0,32049.091796875,59.908203125,59.908203125,3588.9928016662598
2001-07-31 09:00:00,33833.0,33790.41015625,42.58984375,42.58984375,1813.894790649414
2001-07-31 10:00:00,35239.0,35091.84765625,147.15234375,147.15234375,21653.812271118164
2001-07-31 11:00:00,36574.0,36343.20703125,230.79296875,230.79296875,53265.39442443848
2001-07-31 12:00:00,37275.0,37074.96484375,200.03515625,200.03515625,40014.063735961914
2001-07-31 13:00:00,38216.0,37856.0546875,359.9453125,359.9453125,129560.62799072266
2001-07-31 14:00:00,38723.0,38818.66015625,-95.66015625,95.66015625,9150.865493774414
2001-07-31 15:00:00,39211.0,39093.01953125,117.98046875,117.98046875,13919.391006469727
2001-07-31 16:00:00,39486.0,39603.15625,-117.15625,117.15625,13725.5869140625
2001-07-31 17:00:00,39273.0,39259.984375,13.015625,13.015625,169.406494140625
2001-07-31 18:00:00,38116.0,38050.3359375,65.6640625,65.6640625,4311.769104003906
2001-07-31 19:00:00,36536.0,37020.07421875,-484.07421875,484.07421875,234327.84925842285
2001-07-31 20:00:00,36210.0,36225.96875,-15.96875,15.96875,255.0009765625
2001-07-31 21:00:00,35701.0,35629.87890625,71.12109375,71.12109375,5058.209976196289
2001-07-31 22:00:00,32842.0,32927.15234375,-85.15234375,85.15234375,7250.921646118164
2001-07-31 23:00:00,29553.0,29802.515625,-249.515625,249.515625,62258.047119140625
2001-08-01 00:00:00,26928.0,26843.900390625,84.099609375,84.099609375,7072.744297027588
2001-08-01 01:00:00,25303.0,25534.69140625,-231.69140625,231.69140625,53680.90773010254
2001-08-01 02:00:00,24293.0,24218.892578125,74.107421875,74.107421875,5491.9099769592285
2001-08-01 03:00:00,23789.0,23675.29296875,113.70703125,113.70703125,12929.288955688477
2001-08-01 04:00:00,24002.0,23929.95703125,72.04296875,72.04296875,5190.189346313477
2001-08-01 05:00:00,25209.0,25241.55078125,-32.55078125,32.55078125,1059.5533599853516
2001-08-01 06:00:00,27414.0,27554.384765625,-140.384765625,140.384765625,19707.88241958618
2001-08-01 07:00:00,30366.0,30279.515625,86.484375,86.484375,7479.547119140625
2001-08-01 08:00:00,33161.0,32738.921875,422.078125,422.078125,178149.94360351562
2001-08-01 09:00:00,35346.0,34860.16015625,485.83984375,485.83984375,236040.3537750244
2001-08-01 10:00:00,37121.0,37247.72265625,-126.72265625,126.72265625,16058.631607055664
2001-08-01 11:00:00,39268.0,38103.234375,1164.765625,1164.765625,1356678.9611816406
2001-08-01 12:00:00,40325.0,40248.81640625,76.18359375,76.18359375,5803.939956665039
2001-08-01 13:00:00,41589.0,41166.4921875,422.5078125,422.5078125,178512.85162353516
2001-08-01 14:00:00,42385.0,42162.0859375,222.9140625,222.9140625,49690.679260253906
2001-08-01 15:00:00,42848.0,42790.42578125,57.57421875,57.57421875,3314.7906646728516
2001-08-01 16:00:00,43358.0,43366.1171875,-8.1171875,8.1171875,65.88873291015625
2001-08-01 17:00:00,43391.0,43054.93359375,336.06640625,336.06640625,112940.62940979004
2001-08-01 18:00:00,42312.0,41811.078125,500.921875,500.921875,250922.72485351562
2001-08-01 19:00:00,40609.0,41087.2109375,-478.2109375,478.2109375,228685.7007446289
2001-08-01 20:00:00,40072.0,40491.87109375,-419.87109375,419.87109375,176291.7353668213
2001-08-01 21:00:00,39171.0,39394.9140625,-223.9140625,223.9140625,50137.507385253906
2001-08-01 22:00:00,35878.0,36350.671875,-472.671875,472.671875,223418.70141601562
2001-08-01 23:00:00,32497.0,32577.0234375,-80.0234375,80.0234375,6403.750549316406
2001-08-02 00:00:00,29115.0,29256.849609375,-141.849609375,141.849609375,20121.311679840088
2001-08-02 01:00:00,27367.0,27503.740234375,-136.740234375,136.740234375,18697.89169692993
2001-08-02 02:00:00,26103.0,26416.865234375,-313.865234375,313.865234375,98511.38534927368
2001-08-02 03:00:00,25356.0,25431.59375,-75.59375,75.59375,5714.4150390625
2001-08-02 04:00:00,25492.0,25192.78125,299.21875,299.21875,89531.8603515625
2001-08-02 05:00:00,26579.0,26540.04296875,38.95703125,38.95703125,1517.6502838134766
2001-08-02 06:00:00,28541.0,29106.72265625,-565.72265625,565.72265625,320042.12379455566
2001-08-02 07:00:00,31570.0,31321.798828125,248.201171875,248.201171875,61603.82172012329
2001-08-02 08:00:00,34344.0,34262.84765625,81.15234375,81.15234375,6585.702896118164
2001-08-02 09:00:00,36879.0,36447.03515625,431.96484375,431.96484375,186593.6262359619
2001-08-02 10:00:00,39060.0,38773.515625,286.484375,286.484375,82073.29711914062
2001-08-02 11:00:00,40891.0,40738.52734375,152.47265625,152.47265625,23247.910903930664
2001-08-02 12:00:00,42272.0,42146.4921875,125.5078125,125.5078125,15752.210998535156
2001-08-02 13:00:00,43522.0,43313.3203125,208.6796875,208.6796875,43547.211975097656
2001-08-02 14:00:00,44393.0,44529.5625,-136.5625,136.5625,18649.31640625
2001-08-02 15:00:00,45330.0,44862.98828125,467.01171875,467.01171875,218099.9454498291
2001-08-02 16:00:00,45820.0,45330.74609375,489.25390625,489.25390625,239369.3847808838
2001-08-02 17:00:00,45681.0,45261.41796875,419.58203125,419.58203125,176049.08094787598
2001-08-02 18:00:00,44183.0,44673.66796875,-490.66796875,490.66796875,240755.05555725098
2001-08-02 19:00:00,42105.0,42741.2890625,-636.2890625,636.2890625,404863.7710571289
2001-08-02 20:00:00,41337.0,41531.58203125,-194.58203125,194.58203125,37862.16688537598
2001-08-02 21:00:00,40392.0,40406.12890625,-14.12890625,14.12890625,199.62599182128906
2001-08-02 22:00:00,36954.0,37498.4453125,-544.4453125,544.4453125,296420.69830322266
2001-08-02 23:00:00,33299.0,33277.76171875,21.23828125,21.23828125,451.06459045410156
2001-08-03 00:00:00,30226.0,30383.18359375,-157.18359375,157.18359375,24706.68214416504
2001-08-03 01:00:00,28566.0,28208.20703125,357.79296875,357.79296875,128015.80848693848
2001-08-03 02:00:00,27334.0,27537.126953125,-203.126953125,203.126953125,41260.55908584595
2001-08-03 03:00:00,26570.0,26413.24609375,156.75390625,156.75390625,24571.78712463379
2001-08-03 04:00:00,26662.0,26103.1796875,558.8203125,558.8203125,312280.14166259766
2001-08-03 05:00:00,27899.0,27705.28515625,193.71484375,193.71484375,37525.440689086914
2001-08-03 06:00:00,30085.0,30154.71484375,-69.71484375,69.71484375,4860.159439086914
2001-08-03 07:00:00,32794.0,32689.400390625,104.599609375,104.599609375,10941.078281402588
2001-08-03 08:00:00,35304.0,35215.17578125,88.82421875,88.82421875,7889.741836547852
2001-08-03 09:00:00,37448.0,37222.78515625,225.21484375,225.21484375,50721.725845336914
2001-08-03 10:00:00,39289.0,39242.8515625,46.1484375,46.1484375,2129.6782836914062
2001-08-03 11:00:00,40983.0,40578.33984375,404.66015625,404.66015625,163749.8420562744
2001-08-03 12:00:00,42165.0,41954.91015625,210.08984375,210.08984375,44137.742446899414
2001-08-03 13:00:00,43322.0,42892.81640625,429.18359375,429.18359375,184198.55714416504
2001-08-03 14:00:00,44137.0,43717.34375,419.65625,419.65625,176111.3681640625
2001-08-03 15:00:00,44573.0,44757.31640625,-184.31640625,184.31640625,33972.53761291504
2001-08-03 16:00:00,44391.0,44136.58203125,254.41796875,254.41796875,64728.50282287598
2001-08-03 17:00:00,44061.0,43668.7578125,392.2421875,392.2421875,153853.93365478516
2001-08-03 18:00:00,42548.0,42603.26953125,-55.26953125,55.26953125,3054.7210845947266
2001-08-03 19:00:00,40796.0,41216.89453125,-420.89453125,420.89453125,177152.20643615723
2001-08-03 20:00:00,40462.0,40164.93359375,297.06640625,297.06640625,88248.44972229004
2001-08-03 21:00:00,39515.0,39231.9609375,283.0390625,283.0390625,80111.1109008789
2001-08-03 22:00:00,36721.0,36075.88671875,645.11328125,645.11328125,416171.1456451416
2001-08-03 23:00:00,33698.0,33565.109375,132.890625,132.890625,17659.918212890625
2001-08-04 00:00:00,30952.0,30669.603515625,282.396484375,282.396484375,79747.77438735962
2001-08-04 01:00:00,29139.0,28999.8359375,139.1640625,139.1640625,19366.636291503906
2001-08-04 02:00:00,27799.0,27879.412109375,-80.412109375,80.412109375,6466.107334136963
2001-08-04 03:00:00,26898.0,26772.46484375,125.53515625,125.53515625,15759.075454711914
2001-08-04 04:00:00,26500.0,26530.197265625,-30.197265625,30.197265625,911.8748512268066
2001-08-04 05:00:00,26890.0,26559.49609375,330.50390625,330.50390625,109232.83204650879
2001-08-04 06:00:00,27358.0,27416.634765625,-58.634765625,58.634765625,3438.0357398986816
2001-08-04 07:00:00,28590.0,28548.794921875,41.205078125,41.205078125,1697.8584632873535
2001-08-04 08:00:00,31238.0,30918.044921875,319.955078125,319.955078125,102371.25201797485
2001-08-04 09:00:00,33773.0,34031.17578125,-258.17578125,258.17578125,66654.73402404785
2001-08-04 10:00:00,35789.0,35598.44921875,190.55078125,190.55078125,36309.60023498535
2001-08-04 11:00:00,37035.0,37104.703125,-69.703125,69.703125,4858.525634765625
2001-08-04 12:00:00,38041.0,37463.0234375,577.9765625,577.9765625,334056.9067993164
2001-08-04 13:00:00,38804.0,38519.5625,284.4375,284.4375,80904.69140625
2001-08-04 14:00:00,39306.0,39144.23046875,161.76953125,161.76953125,26169.381240844727
2001-08-04 15:00:00,39147.0,39459.92578125,-312.92578125,312.92578125,97922.54457092285
2001-08-04 16:00:00,38815.0,39289.0078125,-474.0078125,474.0078125,224683.40631103516
2001-08-04 17:00:00,38034.0,38329.515625,-295.515625,295.515625,87329.48461914062
2001-08-04 18:00:00,36966.0,36492.28125,473.71875,473.71875,224409.4541015625
2001-08-04 19:00:00,35927.0,35944.3359375,-17.3359375,17.3359375,300.53472900390625
2001-08-04 20:00:00,35929.0,35508.57421875,420.42578125,420.42578125,176757.83753967285
2001-08-04 21:00:00,35506.0,35481.26953125,24.73046875,24.73046875,611.5960845947266
2001-08-04 22:00:00,33515.0,33495.44921875,19.55078125,19.55078125,382.23304748535156
2001-08-04 23:00:00,31106.0,30998.185546875,107.814453125,107.814453125,11623.956302642822
2001-08-05 00:00:00,28706.0,28577.251953125,128.748046875,128.748046875,16576.059574127197
2001-08-05 01:00:00,27116.0,26591.11328125,524.88671875,524.88671875,275506.0675201416
2001-08-05 02:00:00,25930.0,25987.30078125,-57.30078125,57.30078125,3283.3795318603516
2001-08-05 03:00:00,25103.0,25150.93359375,-47.93359375,47.93359375,2297.629409790039
2001-08-05 04:00:00,24658.0,24813.978515625,-155.978515625,155.978515625,24329.29733657837
2001-08-05 05:00:00,24658.0,24749.916015625,-91.916015625,91.916015625,8448.553928375244
2001-08-05 06:00:00,24613.0,25161.91015625,-548.91015625,548.91015625,301302.3596343994
2001-08-05 07:00:00,25778.0,25332.541015625,445.458984375,445.458984375,198433.7067604065
2001-08-05 08:00:00,28322.0,28213.734375,108.265625,108.265625,11721.445556640625
2001-08-05 09:00:00,31009.0,30821.884765625,187.115234375,187.115234375,35012.11093521118
2001-08-05 10:00:00,33676.0,33531.5390625,144.4609375,144.4609375,20868.962463378906
2001-08-05 11:00:00,35949.0,35752.45703125,196.54296875,196.54296875,38629.13856506348
2001-08-05 12:00:00,38173.0,37177.91015625,995.08984375,995.08984375,990203.7971343994
2001-08-05 13:00:00,39634.0,39110.59765625,523.40234375,523.40234375,273950.01344299316
2001-08-05 14:00:00,40718.0,40186.49609375,531.50390625,531.50390625,282496.4023590088
2001-08-05 15:00:00,41496.0,41130.2265625,365.7734375,365.7734375,133790.2075805664
2001-08-05 16:00:00,42239.0,41890.5078125,348.4921875,348.4921875,121446.80474853516
2001-08-05 17:00:00,42546.0,42265.64453125,280.35546875,280.35546875,78599.18885803223
2001-08-05 18:00:00,41781.0,42047.625,-266.625,266.625,71088.890625
2001-08-05 19:00:00,40564.0,41329.33203125,-765.33203125,765.33203125,585733.118057251
2001-08-05 20:00:00,40825.0,40613.26171875,211.73828125,211.73828125,44833.0997467041
2001-08-05 21:00:00,40486.0,39550.8984375,935.1015625,935.1015625,874414.9321899414
2001-08-05 22:00:00,37997.0,37938.68359375,58.31640625,58.31640625,3400.803237915039
2001-08-05 23:00:00,34760.0,35134.21484375,-374.21484375,374.21484375,140036.7492828369
2001-08-06 00:00:00,32050.0,32987.96875,-937.96875,937.96875,879785.3759765625
2001-08-06 01:00:00,30370.0,30134.560546875,235.439453125,235.439453125,55431.73608779907
2001-08-06 02:00:00,29142.0,28842.2421875,299.7578125,299.7578125,89854.74615478516
2001-08-06 03:00:00,28533.0,28323.35546875,209.64453125,209.64453125,43950.82948303223
2001-08-06 04:00:00,28691.0,28781.951171875,-90.951171875,90.951171875,8272.115665435791
2001-08-06 05:00:00,29881.0,30065.26171875,-184.26171875,184.26171875,33952.3809967041
2001-08-06 06:00:00,32056.0,32391.646484375,-335.646484375,335.646484375,112658.56247329712
2001-08-06 07:00:00,35399.0,35160.12109375,238.87890625,238.87890625,57063.13185119629
2001-08-06 08:00:00,38917.0,38297.42578125,619.57421875,619.57421875,383872.21253967285
2001-08-06 09:00:00,42116.0,41552.19140625,563.80859375,563.80859375,317880.13038635254
2001-08-06 10:00:00,45127.0,43805.484375,1321.515625,1321.515625,1746403.5471191406
2001-08-06 11:00:00,47571.0,46334.77734375,1236.22265625,1236.22265625,1528246.4558258057
2001-08-06 12:00:00,49200.0,48973.01953125,226.98046875,226.98046875,51520.13319396973
2001-08-06 13:00:00,50355.0,49531.3359375,823.6640625,823.6640625,678422.4878540039
2001-08-06 14:00:00,51164.0,49201.30078125,1962.69921875,1962.69921875,3852188.2232818604
2001-08-06 15:00:00,51490.0,49094.71875,2395.28125,2395.28125,5737372.2666015625
2001-08-06 16:00:00,51660.0,49185.85546875,2474.14453125,2474.14453125,6121391.161514282
2001-08-06 17:00:00,51349.0,48517.62890625,2831.37109375,2831.37109375,8016662.270523071
2001-08-06 18:00:00,50378.0,47291.7734375,3086.2265625,3086.2265625,9524794.395080566
2001-08-06 19:00:00,49011.0,47023.2265625,1987.7734375,1987.7734375,3951243.2388305664
2001-08-06 20:00:00,48781.0,47194.30078125,1586.69921875,1586.69921875,2517614.4107818604
2001-08-06 21:00:00,47438.0,47675.53515625,-237.53515625,237.53515625,56422.950454711914
2001-08-06 22:00:00,43531.0,46251.2734375,-2720.2734375,2720.2734375,7399887.574768066
2001-08-06 23:00:00,39474.0,39572.71484375,-98.71484375,98.71484375,9744.620376586914
2001-08-07 00:00:00,36295.0,36733.63671875,-438.63671875,438.63671875,192402.1710357666
2001-08-07 01:00:00,34462.0,33878.09375,583.90625,583.90625,340946.5087890625
2001-08-07 02:00:00,32919.0,33104.62890625,-185.62890625,185.62890625,34458.09083557129
2001-08-07 03:00:00,31924.0,32258.515625,-334.515625,334.515625,111900.70336914062
2001-08-07 04:00:00,31720.0,31892.873046875,-172.873046875,172.873046875,29885.090335845947
2001-08-07 05:00:00,32931.0,32433.427734375,497.572265625,497.572265625,247578.15951919556
2001-08-07 06:00:00,34803.0,35090.27734375,-287.27734375,287.27734375,82528.27223205566
2001-08-07 07:00:00,38172.0,37775.04296875,396.95703125,396.95703125,157574.88465881348
2001-08-07 08:00:00,41100.0,40966.44921875,133.55078125,133.55078125,17835.81117248535
2001-08-07 09:00:00,44240.0,43383.75,856.25,856.25,733164.0625
2001-08-07 10:00:00,46948.0,45729.703125,1218.296875,1218.296875,1484247.2756347656
2001-08-07 11:00:00,48884.0,48042.359375,841.640625,841.640625,708358.9416503906
2001-08-07 12:00:00,50155.0,50203.69140625,-48.69140625,48.69140625,2370.853042602539
2001-08-07 13:00:00,51407.0,51008.265625,398.734375,398.734375,158989.10180664062
2001-08-07 14:00:00,52394.0,50904.4921875,1489.5078125,1489.5078125,2218633.523498535
2001-08-07 15:00:00,53076.0,50615.14453125,2460.85546875,2460.85546875,6055809.638076782
2001-08-07 16:00:00,53253.0,50260.1640625,2992.8359375,2992.8359375,8957066.948791504
2001-08-07 17:00:00,52964.0,50783.859375,2180.140625,2180.140625,4753013.144775391
2001-08-07 18:00:00,52019.0,49157.55859375,2861.44140625,2861.44140625,8187846.921401978
2001-08-07 19:00:00,50606.0,48933.58984375,1672.41015625,1672.41015625,2796955.7307281494
2001-08-07 20:00:00,50382.0,49002.42578125,1379.57421875,1379.57421875,1903225.0250396729
2001-08-07 21:00:00,48918.0,48081.17578125,836.82421875,836.82421875,700274.7730865479
2001-08-07 22:00:00,45123.0,46508.5,-1385.5,1385.5,1919610.25
2001-08-07 23:00:00,41378.0,41469.84765625,-91.84765625,91.84765625,8435.991958618164
2001-08-08 00:00:00,37867.0,39065.49609375,-1198.49609375,1198.49609375,1436392.8867340088
2001-08-08 01:00:00,35938.0,35797.171875,140.828125,140.828125,19832.560791015625
2001-08-08 02:00:00,34450.0,34981.78515625,-531.78515625,531.78515625,282795.4524078369
2001-08-08 03:00:00,33379.0,33407.44140625,-28.44140625,28.44140625,808.9135894775391
2001-08-08 04:00:00,33292.0,33614.921875,-322.921875,322.921875,104278.53735351562
2001-08-08 05:00:00,34346.0,33829.86328125,516.13671875,516.13671875,266397.1124420166
2001-08-08 06:00:00,36465.0,36625.4140625,-160.4140625,160.4140625,25732.671447753906
2001-08-08 07:00:00,39673.0,39181.921875,491.078125,491.078125,241157.72485351562
2001-08-08 08:00:00,42910.0,41719.9140625,1190.0859375,1190.0859375,1416304.538635254
2001-08-08 09:00:00,45912.0,44769.7421875,1142.2578125,1142.2578125,1304752.9102172852
2001-08-08 10:00:00,48768.0,46501.46875,2266.53125,2266.53125,5137163.9072265625
2001-08-08 11:00:00,50772.0,49561.265625,1210.734375,1210.734375,1465877.7268066406
2001-08-08 12:00:00,52033.0,50045.4140625,1987.5859375,1987.5859375,3950497.858947754
2001-08-08 13:00:00,52815.0,50880.8671875,1934.1328125,1934.1328125,3740869.73638916
2001-08-08 14:00:00,53427.0,50677.0703125,2749.9296875,2749.9296875,7562113.286193848
2001-08-08 15:00:00,53604.0,49973.33203125,3630.66796875,3630.66796875,13181749.899307251
2001-08-08 16:00:00,53789.0,50274.921875,3514.078125,3514.078125,12348745.068603516
2001-08-08 17:00:00,53356.0,49694.2109375,3661.7890625,3661.7890625,13408699.138244629
2001-08-08 18:00:00,52307.0,48854.0546875,3452.9453125,3452.9453125,11922831.331115723
2001-08-08 19:00:00,51468.0,48988.015625,2479.984375,2479.984375,6150322.500244141
2001-08-08 20:00:00,51036.0,49284.0234375,1751.9765625,1751.9765625,3069421.8755493164
2001-08-08 21:00:00,49396.0,48379.52734375,1016.47265625,1016.47265625,1033216.6609039307
2001-08-08 22:00:00,45586.0,46011.8515625,-425.8515625,425.8515625,181349.5532836914
2001-08-08 23:00:00,41424.0,41402.44140625,21.55859375,21.55859375,464.77296447753906
2001-08-09 00:00:00,38326.0,39247.34375,-921.34375,921.34375,848874.3056640625
2001-08-09 01:00:00,36169.0,36148.609375,20.390625,20.390625,415.777587890625
2001-08-09 02:00:00,34679.0,34994.84765625,-315.84765625,315.84765625,99759.74195861816
2001-08-09 03:00:00,33636.0,34198.58984375,-562.58984375,562.58984375,316507.3322906494
2001-08-09 04:00:00,33335.0,33205.8203125,129.1796875,129.1796875,16687.391662597656
2001-08-09 05:00:00,34362.0,33876.25,485.75,485.75,235953.0625
2001-08-09 06:00:00,36291.0,36305.2421875,-14.2421875,14.2421875,202.83990478515625
2001-08-09 07:00:00,39526.0,39198.44140625,327.55859375,327.55859375,107294.63233947754
2001-08-09 08:00:00,43024.0,41748.74609375,1275.25390625,1275.25390625,1626272.5254058838
2001-08-09 09:00:00,46245.0,44858.1875,1386.8125,1386.8125,1923248.91015625
2001-08-09 10:00:00,49193.0,47881.1875,1311.8125,1311.8125,1720852.03515625
2001-08-09 11:00:00,51544.0,49607.359375,1936.640625,1936.640625,3750576.9104003906
2001-08-09 12:00:00,52527.0,50070.5078125,2456.4921875,2456.4921875,6034353.867248535
2001-08-09 13:00:00,53654.0,50944.57421875,2709.42578125,2709.42578125,7340988.064102173
2001-08-09 14:00:00,54030.0,50643.6796875,3386.3203125,3386.3203125,11467165.258850098
2001-08-09 15:00:00,53631.0,50067.1796875,3563.8203125,3563.8203125,12700815.219787598
2001-08-09 16:00:00,53618.0,50272.2265625,3345.7734375,3345.7734375,11194199.895080566
2001-08-09 17:00:00,53455.0,49973.83984375,3481.16015625,3481.16015625,12118476.033462524
2001-08-09 18:00:00,52868.0,48779.5859375,4088.4140625,4088.4140625,16715129.546447754
2001-08-09 19:00:00,51947.0,49177.59765625,2769.40234375,2769.40234375,7669589.341567993
2001-08-09 20:00:00,52344.0,49504.88671875,2839.11328125,2839.11328125,8060564.223770142
2001-08-09 21:00:00,51163.0,48502.51953125,2660.48046875,2660.48046875,7078156.32460022
2001-08-09 22:00:00,47650.0,46165.6796875,1484.3203125,1484.3203125,2203206.7901000977
2001-08-09 23:00:00,44058.0,45149.63671875,-1091.63671875,1091.63671875,1191670.7257232666
2001-08-10 00:00:00,40662.0,42543.5078125,-1881.5078125,1881.5078125,3540071.648498535
2001-08-10 01:00:00,38621.0,38332.078125,288.921875,288.921875,83475.84985351562
2001-08-10 02:00:00,36988.0,37576.5625,-588.5625,588.5625,346405.81640625
2001-08-10 03:00:00,35966.0,35937.45703125,28.54296875,28.54296875,814.7010650634766
2001-08-10 04:00:00,35613.0,35729.5390625,-116.5390625,116.5390625,13581.353088378906
2001-08-10 05:00:00,36622.0,35957.671875,664.328125,664.328125,441331.8576660156
2001-08-10 06:00:00,38472.0,38489.75390625,-17.75390625,17.75390625,315.20118713378906
2001-08-10 07:00:00,41347.0,40845.17578125,501.82421875,501.82421875,251827.54652404785
2001-08-10 08:00:00,44482.0,43555.0078125,926.9921875,926.9921875,859314.5156860352
2001-08-10 09:00:00,47163.0,45002.98828125,2160.01171875,2160.01171875,4665650.625137329
2001-08-10 10:00:00,49410.0,46984.11328125,2425.88671875,2425.88671875,5884926.372207642
2001-08-10 11:00:00,51109.0,49633.48828125,1475.51171875,1475.51171875,2177134.832168579
2001-08-10 12:00:00,51907.0,50039.93359375,1867.06640625,1867.06640625,3485936.96534729
2001-08-10 13:00:00,52122.0,50615.28125,1506.71875,1506.71875,2270201.3916015625
2001-08-10 14:00:00,50703.0,50271.265625,431.734375,431.734375,186394.57055664062
2001-08-10 15:00:00,48723.0,49736.96875,-1013.96875,1013.96875,1028132.6259765625
2001-08-10 16:00:00,47538.0,50066.4765625,-2528.4765625,2528.4765625,6393193.727111816
2001-08-10 17:00:00,46509.0,50152.17578125,-3643.17578125,3643.17578125,13272729.773086548
2001-08-10 18:00:00,45206.0,46937.9609375,-1731.9609375,1731.9609375,2999688.689025879
2001-08-10 19:00:00,43753.0,44469.265625,-716.265625,716.265625,513036.4455566406
2001-08-10 20:00:00,43541.0,43819.34375,-278.34375,278.34375,77475.2431640625
2001-08-10 21:00:00,42027.0,42826.96875,-799.96875,799.96875,639950.0009765625
2001-08-10 22:00:00,39761.0,40009.3359375,-248.3359375,248.3359375,61670.737854003906
2001-08-10 23:00:00,37034.0,37367.55859375,-333.55859375,333.55859375,111261.33546447754
2001-08-11 00:00:00,34088.0,33913.5859375,174.4140625,174.4140625,30420.265197753906
2001-08-11 01:00:00,32229.0,32593.474609375,-364.474609375,364.474609375,132841.74087905884
2001-08-11 02:00:00,31143.0,30649.203125,493.796875,493.796875,243835.35375976562
2001-08-11 03:00:00,30221.0,30624.564453125,-403.564453125,403.564453125,162864.26782608032
2001-08-11 04:00:00,29777.0,30171.150390625,-394.150390625,394.150390625,155354.5304298401
2001-08-11 05:00:00,29952.0,30193.16796875,-241.16796875,241.16796875,58161.98915100098
2001-08-11 06:00:00,30561.0,30789.544921875,-228.544921875,228.544921875,52232.78131484985
2001-08-11 07:00:00,31596.0,32456.88671875,-860.88671875,860.88671875,741125.9425201416
2001-08-11 08:00:00,33825.0,34683.81640625,-858.81640625,858.81640625,737565.619644165
2001-08-11 09:00:00,36054.0,36543.21484375,-489.21484375,489.21484375,239331.1633453369
2001-08-11 10:00:00,37533.0,37806.5546875,-273.5546875,273.5546875,74832.16705322266
2001-08-11 11:00:00,38286.0,38842.37109375,-556.37109375,556.37109375,309548.7939605713
2001-08-11 12:00:00,38385.0,38724.18359375,-339.18359375,339.18359375,115045.51026916504
2001-08-11 13:00:00,37929.0,38580.36328125,-651.36328125,651.36328125,424274.1241607666
2001-08-11 14:00:00,37320.0,37767.7421875,-447.7421875,447.7421875,200473.06646728516
2001-08-11 15:00:00,36471.0,37260.7421875,-789.7421875,789.7421875,623692.7227172852
2001-08-11 16:00:00,35705.0,36264.17578125,-559.17578125,559.17578125,312677.55433654785
2001-08-11 17:00:00,35167.0,35534.8125,-367.8125,367.8125,135286.03515625
2001-08-11 18:00:00,34820.0,34549.421875,270.578125,270.578125,73212.52172851562
2001-08-11 19:00:00,34539.0,33797.62109375,741.37890625,741.37890625,549642.6826324463
2001-08-11 20:00:00,35091.0,34013.18359375,1077.81640625,1077.81640625,1161688.205581665
2001-08-11 21:00:00,34617.0,34750.07421875,-133.07421875,133.07421875,17708.74769592285
2001-08-11 22:00:00,32964.0,33005.76953125,-41.76953125,41.76953125,1744.6937408447266
2001-08-11 23:00:00,30961.0,30944.107421875,16.892578125,16.892578125,285.3591957092285
2001-08-12 00:00:00,28855.0,29543.1328125,-688.1328125,688.1328125,473526.76763916016
2001-08-12 01:00:00,27333.0,27274.474609375,58.525390625,58.525390625,3425.221347808838
2001-08-12 02:00:00,26362.0,26230.44140625,131.55859375,131.55859375,17307.66358947754
2001-08-12 03:00:00,26009.0,25835.12109375,173.87890625,173.87890625,30233.87403869629
2001-08-12 04:00:00,25674.0,25873.501953125,-199.501953125,199.501953125,39801.0293006897
2001-08-12 05:00:00,25782.0,25905.490234375,-123.490234375,123.490234375,15249.837985992432
2001-08-12 06:00:00,26176.0,26555.455078125,-379.455078125,379.455078125,143986.15631484985
2001-08-12 07:00:00,27045.0,27331.935546875,-286.935546875,286.935546875,82332.00806045532
2001-08-12 08:00:00,29009.0,29332.72265625,-323.72265625,323.72265625,104796.35816955566
2001-08-12 09:00:00,31266.0,31790.34375,-524.34375,524.34375,274936.3681640625
2001-08-12 10:00:00,32945.0,33447.40625,-502.40625,502.40625,252412.0400390625
2001-08-12 11:00:00,34109.0,34123.89453125,-14.89453125,14.89453125,221.84706115722656
2001-08-12 12:00:00,34768.0,34989.42578125,-221.42578125,221.42578125,49029.37660217285
2001-08-12 13:00:00,35160.0,34736.60546875,423.39453125,423.39453125,179262.92909240723
2001-08-12 14:00:00,35207.0,35392.0234375,-185.0234375,185.0234375,34233.672424316406
2001-08-12 15:00:00,35425.0,34990.26171875,434.73828125,434.73828125,188997.3731842041
2001-08-12 16:00:00,35788.0,35363.81640625,424.18359375,424.18359375,179931.72120666504
2001-08-12 17:00:00,35972.0,35674.78515625,297.21484375,297.21484375,88336.66334533691
2001-08-12 18:00:00,35989.0,35780.16796875,208.83203125,208.83203125,43610.81727600098
2001-08-12 19:00:00,35896.0,35570.296875,325.703125,325.703125,106082.52563476562
2001-08-12 20:00:00,36413.0,35939.0546875,473.9453125,473.9453125,224624.15924072266
2001-08-12 21:00:00,35823.0,35741.10546875,81.89453125,81.89453125,6706.714248657227
2001-08-12 22:00:00,33901.0,33926.83984375,-25.83984375,25.83984375,667.6975250244141
2001-08-12 23:00:00,31519.0,31365.615234375,153.384765625,153.384765625,23526.88632583618
2001-08-13 00:00:00,29479.0,29452.51171875,26.48828125,26.48828125,701.6290435791016
2001-08-13 01:00:00,28036.0,28335.65625,-299.65625,299.65625,89793.8681640625
2001-08-13 02:00:00,27292.0,26964.869140625,327.130859375,327.130859375,107014.59915542603
2001-08-13 03:00:00,26888.0,26742.533203125,145.466796875,145.466796875,21160.58899307251
2001-08-13 04:00:00,27136.0,26606.4453125,529.5546875,529.5546875,280428.16705322266
2001-08-13 05:00:00,28661.0,28467.046875,193.953125,193.953125,37617.814697265625
2001-08-13 06:00:00,31150.0,31318.048828125,-168.048828125,168.048828125,28240.40863418579
2001-08-13 07:00:00,33960.0,34589.71875,-629.71875,629.71875,396545.7041015625
2001-08-13 08:00:00,36558.0,36114.3515625,443.6484375,443.6484375,196823.9360961914
2001-08-13 09:00:00,38591.0,38212.328125,378.671875,378.671875,143392.38891601562
2001-08-13 10:00:00,40371.0,39873.8359375,497.1640625,497.1640625,247172.1050415039
2001-08-13 11:00:00,41737.0,41607.85546875,129.14453125,129.14453125,16678.309951782227
2001-08-13 12:00:00,42704.0,42918.375,-214.375,214.375,45956.640625
2001-08-13 13:00:00,43480.0,43247.421875,232.578125,232.578125,54092.584228515625
2001-08-13 14:00:00,43872.0,44128.62890625,-256.62890625,256.62890625,65858.39552307129
2001-08-13 15:00:00,44076.0,43969.02734375,106.97265625,106.97265625,11443.149185180664
2001-08-13 16:00:00,43938.0,44671.51953125,-733.51953125,733.51953125,538050.9027252197
2001-08-13 17:00:00,43441.0,42982.60546875,458.39453125,458.39453125,210125.54627990723
2001-08-13 18:00:00,42086.0,42204.06640625,-118.06640625,118.06640625,13939.676284790039
2001-08-13 19:00:00,40802.0,41147.27734375,-345.27734375,345.27734375,119216.44410705566
2001-08-13 20:00:00,40859.0,40207.4453125,651.5546875,651.5546875,424523.51080322266
2001-08-13 21:00:00,39271.0,38966.40234375,304.59765625,304.59765625,92779.73219299316
2001-08-13 22:00:00,36085.0,36287.72265625,-202.72265625,202.72265625,41096.475357055664
2001-08-13 23:00:00,32832.0,32929.83984375,-97.83984375,97.83984375,9572.635025024414
2001-08-14 00:00:00,30104.0,30071.873046875,32.126953125,32.126953125,1032.1411170959473
2001-08-14 01:00:00,28374.0,28519.830078125,-145.830078125,145.830078125,21266.411685943604
2001-08-14 02:00:00,27116.0,26961.90234375,154.09765625,154.09765625,23746.087661743164
2001-08-14 03:00:00,26479.0,26515.43359375,-36.43359375,36.43359375,1327.406753540039
2001-08-14 04:00:00,26634.0,26724.830078125,-90.830078125,90.830078125,8250.103092193604
2001-08-14 05:00:00,27949.0,27758.587890625,190.412109375,190.412109375,36256.77139663696
2001-08-14 06:00:00,30226.0,30695.716796875,-469.716796875,469.716796875,220633.86926651
2001-08-14 07:00:00,32655.0,32945.23046875,-290.23046875,290.23046875,84233.72499084473
2001-08-14 08:00:00,35092.0,35284.21484375,-192.21484375,192.21484375,36946.546157836914
2001-08-14 09:00:00,37326.0,37047.18359375,278.81640625,278.81640625,77738.58839416504
2001-08-14 10:00:00,39199.0,39457.703125,-258.703125,258.703125,66927.30688476562
2001-08-14 11:00:00,41075.0,40315.7890625,759.2109375,759.2109375,576401.2476196289
2001-08-14 12:00:00,42122.0,42134.12890625,-12.12890625,12.12890625,147.11036682128906
2001-08-14 13:00:00,43033.0,43251.08984375,-218.08984375,218.08984375,47563.179946899414
2001-08-14 14:00:00,43658.0,44006.53125,-348.53125,348.53125,121474.0322265625
2001-08-14 15:00:00,44083.0,44092.3046875,-9.3046875,9.3046875,86.57720947265625
2001-08-14 16:00:00,44273.0,44596.40234375,-323.40234375,323.40234375,104589.07594299316
2001-08-14 17:00:00,43877.0,43992.30859375,-115.30859375,115.30859375,13296.071792602539
2001-08-14 18:00:00,42955.0,42340.87109375,614.12890625,614.12890625,377154.3134918213
2001-08-14 19:00:00,42548.0,41694.97265625,853.02734375,853.02734375,727655.6491851807
2001-08-14 20:00:00,40755.0,42132.5390625,-1377.5390625,1377.5390625,1897613.868713379
2001-08-14 21:00:00,38957.0,39790.3515625,-833.3515625,833.3515625,694474.8267211914
2001-08-14 22:00:00,35776.0,35552.83984375,223.16015625,223.16015625,49800.455337524414
2001-08-14 23:00:00,32352.0,32475.69140625,-123.69140625,123.69140625,15299.563980102539
2001-08-15 00:00:00,29645.0,29439.185546875,205.814453125,205.814453125,42359.58911514282
2001-08-15 01:00:00,27706.0,27879.09765625,-173.09765625,173.09765625,29962.798599243164
2001-08-15 02:00:00,26564.0,26556.958984375,7.041015625,7.041015625,49.57590103149414
2001-08-15 03:00:00,26001.0,25766.77734375,234.22265625,234.22265625,54860.252700805664
2001-08-15 04:00:00,26013.0,26145.716796875,-132.716796875,132.716796875,17613.74817276001
2001-08-15 05:00:00,27291.0,27126.337890625,164.662109375,164.662109375,27113.610263824463
2001-08-15 06:00:00,29671.0,30078.84765625,-407.84765625,407.84765625,166339.71070861816
2001-08-15 07:00:00,32272.0,32273.544921875,-1.544921875,1.544921875,2.3867835998535156
2001-08-15 08:00:00,34680.0,34300.734375,379.265625,379.265625,143842.41430664062
2001-08-15 09:00:00,36844.0,36576.32421875,267.67578125,267.67578125,71650.32386779785
2001-08-15 10:00:00,38770.0,38717.83203125,52.16796875,52.16796875,2721.4969635009766
2001-08-15 11:00:00,40208.0,40090.5234375,117.4765625,117.4765625,13800.742736816406
2001-08-15 12:00:00,41183.0,41205.453125,-22.453125,22.453125,504.142822265625
2001-08-15 13:00:00,42377.0,42144.6015625,232.3984375,232.3984375,54009.033752441406
2001-08-15 14:00:00,42996.0,43192.484375,-196.484375,196.484375,38606.109619140625
2001-08-15 15:00:00,43368.0,43427.6875,-59.6875,59.6875,3562.59765625
2001-08-15 16:00:00,43638.0,43261.94140625,376.05859375,376.05859375,141420.06593322754
2001-08-15 17:00:00,43070.0,43424.8984375,-354.8984375,354.8984375,125952.9009399414
2001-08-15 18:00:00,41673.0,41847.3828125,-174.3828125,174.3828125,30409.365295410156
2001-08-15 19:00:00,39896.0,39927.7265625,-31.7265625,31.7265625,1006.5747680664062
2001-08-15 20:00:00,39973.0,39485.875,487.125,487.125,237290.765625
2001-08-15 21:00:00,38458.0,39016.70703125,-558.70703125,558.70703125,312153.5467681885
2001-08-15 22:00:00,35068.0,35205.83203125,-137.83203125,137.83203125,18997.668838500977
2001-08-15 23:00:00,31792.0,31870.080078125,-78.080078125,78.080078125,6096.4986000061035
2001-08-16 00:00:00,29082.0,29018.138671875,63.861328125,63.861328125,4078.269229888916
2001-08-16 01:00:00,27126.0,27315.09765625,-189.09765625,189.09765625,35757.923599243164
2001-08-16 02:00:00,25916.0,26444.501953125,-528.501953125,528.501953125,279314.3144569397
2001-08-16 03:00:00,25266.0,25218.998046875,47.001953125,47.001953125,2209.1835975646973
2001-08-16 04:00:00,25306.0,25497.44921875,-191.44921875,191.44921875,36652.80335998535
2001-08-16 05:00:00,26766.0,26025.4453125,740.5546875,740.5546875,548421.2451782227
2001-08-16 06:00:00,29094.0,29342.0,-248.0,248.0,61504.0
2001-08-16 07:00:00,32040.0,31847.67578125,192.32421875,192.32421875,36988.60511779785
2001-08-16 08:00:00,34399.0,34482.2421875,-83.2421875,83.2421875,6929.261779785156
2001-08-16 09:00:00,36617.0,36200.95703125,416.04296875,416.04296875,173091.75184631348
2001-08-16 10:00:00,38629.0,37910.625,718.375,718.375,516062.640625
2001-08-16 11:00:00,40293.0,40347.859375,-54.859375,54.859375,3009.551025390625
2001-08-16 12:00:00,41586.0,41199.00390625,386.99609375,386.99609375,149765.9765777588
2001-08-16 13:00:00,42989.0,42503.13671875,485.86328125,485.86328125,236063.1280670166
2001-08-16 14:00:00,43729.0,43580.25390625,148.74609375,148.74609375,22125.40040588379
2001-08-16 15:00:00,44261.0,44052.98828125,208.01171875,208.01171875,43268.8751373291
2001-08-16 16:00:00,44523.0,44651.80859375,-128.80859375,128.80859375,16591.65382385254
2001-08-16 17:00:00,44100.0,44255.9140625,-155.9140625,155.9140625,24309.194885253906
2001-08-16 18:00:00,42505.0,42859.08203125,-354.08203125,354.08203125,125374.08485412598
2001-08-16 19:00:00,40819.0,41214.5859375,-395.5859375,395.5859375,156488.2339477539
2001-08-16 20:00:00,40995.0,40064.265625,930.734375,930.734375,866266.4768066406
2001-08-16 21:00:00,39572.0,39745.76171875,-173.76171875,173.76171875,30193.1349029541
2001-08-16 22:00:00,36589.0,36704.84375,-115.84375,115.84375,13419.7744140625
2001-08-16 23:00:00,33435.0,33066.3671875,368.6328125,368.6328125,135890.15045166016
2001-08-17 00:00:00,30843.0,30470.814453125,372.185546875,372.185546875,138522.08130264282
2001-08-17 01:00:00,29055.0,28869.486328125,185.513671875,185.513671875,34415.322452545166
2001-08-17 02:00:00,28036.0,27842.544921875,193.455078125,193.455078125,37424.86725234985
2001-08-17 03:00:00,27582.0,27281.96875,300.03125,300.03125,90018.7509765625
2001-08-17 04:00:00,27746.0,27562.05078125,183.94921875,183.94921875,33837.31507873535
2001-08-17 05:00:00,29021.0,28699.587890625,321.412109375,321.412109375,103305.74405288696
2001-08-17 06:00:00,31602.0,30777.302734375,824.697265625,824.697265625,680125.5799293518
2001-08-17 07:00:00,34095.0,34536.515625,-441.515625,441.515625,194936.04711914062
2001-08-17 08:00:00,36734.0,36827.4609375,-93.4609375,93.4609375,8734.946838378906
2001-08-17 09:00:00,38673.0,38591.703125,81.296875,81.296875,6609.181884765625
2001-08-17 10:00:00,40368.0,40598.984375,-230.984375,230.984375,53353.781494140625
2001-08-17 11:00:00,41184.0,41850.17578125,-666.17578125,666.17578125,443790.17152404785
2001-08-17 12:00:00,41984.0,41948.546875,35.453125,35.453125,1256.924072265625
2001-08-17 13:00:00,43103.0,42963.6171875,139.3828125,139.3828125,19427.568420410156
2001-08-17 14:00:00,44133.0,43636.11328125,496.88671875,496.88671875,246896.4112701416
2001-08-17 15:00:00,45029.0,44396.5,632.5,632.5,400056.25
2001-08-17 16:00:00,45399.0,44945.17578125,453.82421875,453.82421875,205956.42152404785
2001-08-17 17:00:00,44890.0,44930.3515625,-40.3515625,40.3515625,1628.2485961914062
2001-08-17 18:00:00,43417.0,44164.45703125,-747.45703125,747.45703125,558692.0135650635
2001-08-17 19:00:00,41648.0,41978.79296875,-330.79296875,330.79296875,109423.98817443848
2001-08-17 20:00:00,41440.0,41028.4296875,411.5703125,411.5703125,169390.12213134766
2001-08-17 21:00:00,40101.0,39763.8515625,337.1484375,337.1484375,113669.0689086914
2001-08-17 22:00:00,36881.0,37089.5625,-208.5625,208.5625,43498.31640625
2001-08-17 23:00:00,33407.0,33877.3125,-470.3125,470.3125,221193.84765625
2001-08-18 00:00:00,30339.0,30826.13671875,-487.13671875,487.13671875,237302.1827545166
2001-08-18 01:00:00,28204.0,28683.369140625,-479.369140625,479.369140625,229794.77298355103
2001-08-18 02:00:00,26784.0,26894.005859375,-110.005859375,110.005859375,12101.289096832275
2001-08-18 03:00:00,25566.0,25632.4453125,-66.4453125,66.4453125,4414.979553222656
2001-08-18 04:00:00,25074.0,25209.77734375,-135.77734375,135.77734375,18435.487075805664
2001-08-18 05:00:00,25126.0,25264.724609375,-138.724609375,138.724609375,19244.517246246338
2001-08-18 06:00:00,25427.0,25573.666015625,-146.666015625,146.666015625,21510.920139312744
2001-08-18 07:00:00,26896.0,26650.259765625,245.740234375,245.740234375,60388.26279067993
2001-08-18 08:00:00,30040.0,29595.576171875,444.423828125,444.423828125,197512.53900527954
2001-08-18 09:00:00,32968.0,32906.84375,61.15625,61.15625,3740.0869140625
2001-08-18 10:00:00,35125.0,34719.5234375,405.4765625,405.4765625,164411.2427368164
2001-08-18 11:00:00,36553.0,36857.02734375,-304.02734375,304.02734375,92432.62574768066
2001-08-18 12:00:00,37301.0,37169.8828125,131.1171875,131.1171875,17191.716857910156
2001-08-18 13:00:00,37713.0,38060.4296875,-347.4296875,347.4296875,120707.38775634766
2001-08-18 14:00:00,37826.0,37876.83203125,-50.83203125,50.83203125,2583.8954010009766
2001-08-18 15:00:00,37986.0,38154.17578125,-168.17578125,168.17578125,28283.09339904785
2001-08-18 16:00:00,37912.0,37954.65625,-42.65625,42.65625,1819.5556640625
2001-08-18 17:00:00,37417.0,37355.015625,61.984375,61.984375,3842.062744140625
2001-08-18 18:00:00,36509.0,36338.24609375,170.75390625,170.75390625,29156.89649963379
2001-08-18 19:00:00,35865.0,35348.33203125,516.66796875,516.66796875,266945.789932251
2001-08-18 20:00:00,36432.0,35575.69921875,856.30078125,856.30078125,733251.0279693604
2001-08-18 21:00:00,35471.0,36025.03125,-554.03125,554.03125,306950.6259765625
2001-08-18 22:00:00,33333.0,33641.0703125,-308.0703125,308.0703125,94907.31744384766
2001-08-18 23:00:00,30868.0,31009.455078125,-141.455078125,141.455078125,20009.539127349854
2001-08-19 00:00:00,28556.0,28533.158203125,22.841796875,22.841796875,521.7476844787598
2001-08-19 01:00:00,26753.0,26872.921875,-119.921875,119.921875,14381.256103515625
2001-08-19 02:00:00,25635.0,25446.107421875,188.892578125,188.892578125,35680.40607070923
2001-08-19 03:00:00,24701.0,24652.130859375,48.869140625,48.869140625,2388.1929054260254
2001-08-19 04:00:00,24295.0,24402.517578125,-107.517578125,107.517578125,11560.029605865479
2001-08-19 05:00:00,24241.0,24179.912109375,61.087890625,61.087890625,3731.730381011963
2001-08-19 06:00:00,24268.0,24477.78125,-209.78125,209.78125,44008.1728515625
2001-08-19 07:00:00,25164.0,24926.83203125,237.16796875,237.16796875,56248.64540100098
2001-08-19 08:00:00,27625.0,27228.33203125,396.66796875,396.66796875,157345.47743225098
2001-08-19 09:00:00,30187.0,30203.640625,-16.640625,16.640625,276.910400390625
2001-08-19 10:00:00,32466.0,32389.173828125,76.826171875,76.826171875,5902.260684967041
2001-08-19 11:00:00,34039.0,34199.4921875,-160.4921875,160.4921875,25757.742248535156
2001-08-19 12:00:00,34878.0,35113.375,-235.375,235.375,55401.390625
2001-08-19 13:00:00,35238.0,35362.625,-124.625,124.625,15531.390625
2001-08-19 14:00:00,35473.0,35913.75,-440.75,440.75,194260.5625
2001-08-19 15:00:00,35638.0,35754.6484375,-116.6484375,116.6484375,13606.857971191406
2001-08-19 16:00:00,36120.0,35793.76171875,326.23828125,326.23828125,106431.4161529541
2001-08-19 17:00:00,36162.0,36193.40234375,-31.40234375,31.40234375,986.1071929931641
2001-08-19 18:00:00,35770.0,35689.26171875,80.73828125,80.73828125,6518.670059204102
2001-08-19 19:00:00,35471.0,35121.9765625,349.0234375,349.0234375,121817.3599243164
2001-08-19 20:00:00,36615.0,35706.0,909.0,909.0,826281.0
2001-08-19 21:00:00,35893.0,36147.28515625,-254.28515625,254.28515625,64660.940689086914
2001-08-19 22:00:00,33710.0,34029.65625,-319.65625,319.65625,102180.1181640625
2001-08-19 23:00:00,31480.0,31086.478515625,393.521484375,393.521484375,154859.15866470337
2001-08-20 00:00:00,29433.0,29299.53125,133.46875,133.46875,17813.9072265625
2001-08-20 01:00:00,28000.0,27982.09375,17.90625,17.90625,320.6337890625
2001-08-20 02:00:00,27071.0,26874.7578125,196.2421875,196.2421875,38510.996154785156
2001-08-20 03:00:00,26783.0,26649.583984375,133.416015625,133.416015625,17799.833225250244
2001-08-20 04:00:00,26935.0,26711.935546875,223.064453125,223.064453125,49757.75024795532
2001-08-20 05:00:00,28506.0,27944.673828125,561.326171875,561.326171875,315087.07123184204
2001-08-20 06:00:00,31266.0,31071.720703125,194.279296875,194.279296875,37744.445194244385
2001-08-20 07:00:00,33968.0,34547.875,-579.875,579.875,336255.015625
2001-08-20 08:00:00,36589.0,36288.39453125,300.60546875,300.60546875,90363.64784240723
2001-08-20 09:00:00,38913.0,38505.4765625,407.5234375,407.5234375,166075.3521118164
2001-08-20 10:00:00,41136.0,40857.07421875,278.92578125,278.92578125,77799.59144592285
2001-08-20 11:00:00,42669.0,42253.58203125,415.41796875,415.41796875,172572.08876037598
2001-08-20 12:00:00,43686.0,43049.9609375,636.0390625,636.0390625,404545.6890258789
2001-08-20 13:00:00,44588.0,44550.859375,37.140625,37.140625,1379.426025390625
2001-08-20 14:00:00,45238.0,44879.9375,358.0625,358.0625,128208.75390625
2001-08-20 15:00:00,45587.0,45312.90234375,274.09765625,274.09765625,75129.52516174316
2001-08-20 16:00:00,45676.0,45510.0703125,165.9296875,165.9296875,27532.661193847656
2001-08-20 17:00:00,45317.0,45012.59765625,304.40234375,304.40234375,92660.78688049316
2001-08-20 18:00:00,43762.0,44196.96484375,-434.96484375,434.96484375,189194.4152984619
2001-08-20 19:00:00,42221.0,42642.3046875,-421.3046875,421.3046875,177497.63970947266
2001-08-20 20:00:00,42005.0,41425.13671875,579.86328125,579.86328125,336241.4249420166
2001-08-20 21:00:00,40339.0,40833.00390625,-494.00390625,494.00390625,244039.8593902588
2001-08-20 22:00:00,36642.0,36865.359375,-223.359375,223.359375,49889.410400390625
2001-08-20 23:00:00,32986.0,33278.20703125,-292.20703125,292.20703125,85384.94911193848
2001-08-21 00:00:00,30279.0,30461.89453125,-182.89453125,182.89453125,33450.40956115723
2001-08-21 01:00:00,28489.0,28657.525390625,-168.525390625,168.525390625,28400.807285308838
2001-08-21 02:00:00,27230.0,27436.966796875,-206.966796875,206.966796875,42835.25500869751
2001-08-21 03:00:00,26450.0,26442.955078125,7.044921875,7.044921875,49.630924224853516
2001-08-21 04:00:00,26335.0,26424.677734375,-89.677734375,89.677734375,8042.096042633057
2001-08-21 05:00:00,27631.0,27516.123046875,114.876953125,114.876953125,13196.714359283447
2001-08-21 06:00:00,29808.0,30659.96484375,-851.96484375,851.96484375,725844.0949859619
2001-08-21 07:00:00,32345.0,32231.34375,113.65625,113.65625,12917.7431640625
2001-08-21 08:00:00,34647.0,34560.95703125,86.04296875,86.04296875,7403.392471313477
2001-08-21 09:00:00,36540.0,36560.3046875,-20.3046875,20.3046875,412.28033447265625
2001-08-21 10:00:00,38304.0,38243.19140625,60.80859375,60.80859375,3697.685073852539
2001-08-21 11:00:00,39582.0,39587.93359375,-5.93359375,5.93359375,35.20753479003906
2001-08-21 12:00:00,40465.0,40365.578125,99.421875,99.421875,9884.709228515625
2001-08-21 13:00:00,41104.0,41551.36328125,-447.36328125,447.36328125,200133.9054107666
2001-08-21 14:00:00,41534.0,41862.83203125,-328.83203125,328.83203125,108130.50477600098
2001-08-21 15:00:00,41786.0,42398.234375,-612.234375,612.234375,374830.9299316406
2001-08-21 16:00:00,41967.0,41908.3046875,58.6953125,58.6953125,3445.1397094726562
2001-08-21 17:00:00,41658.0,41663.4765625,-5.4765625,5.4765625,29.99273681640625
2001-08-21 18:00:00,40442.0,39845.6328125,596.3671875,596.3671875,355653.82232666016
2001-08-21 19:00:00,38774.0,39002.22265625,-228.22265625,228.22265625,52085.580825805664
2001-08-21 20:00:00,39150.0,38157.69140625,992.30859375,992.30859375,984676.3452301025
2001-08-21 21:00:00,37616.0,38624.62890625,-1008.62890625,1008.62890625,1017332.2705230713
2001-08-21 22:00:00,34503.0,34541.9453125,-38.9453125,38.9453125,1516.7373657226562
2001-08-21 23:00:00,31249.0,31556.88671875,-307.88671875,307.88671875,94794.2315826416
2001-08-22 00:00:00,28729.0,28441.994140625,287.005859375,287.005859375,82372.36331558228
2001-08-22 01:00:00,26863.0,26778.076171875,84.923828125,84.923828125,7212.056583404541
2001-08-22 02:00:00,25767.0,25805.166015625,-38.166015625,38.166015625,1456.6447486877441
2001-08-22 03:00:00,25207.0,25076.3984375,130.6015625,130.6015625,17056.768127441406
2001-08-22 04:00:00,25261.0,25413.37109375,-152.37109375,152.37109375,23216.95021057129
2001-08-22 05:00:00,26643.0,26262.0,381.0,381.0,145161.0
2001-08-22 06:00:00,28889.0,29417.33203125,-528.33203125,528.33203125,279134.735244751
2001-08-22 07:00:00,31452.0,31791.673828125,-339.673828125,339.673828125,115378.30951309204
2001-08-22 08:00:00,34178.0,34010.7109375,167.2890625,167.2890625,27985.630432128906
2001-08-22 09:00:00,36615.0,36064.7578125,550.2421875,550.2421875,302766.46490478516
2001-08-22 10:00:00,38499.0,38350.984375,148.015625,148.015625,21908.625244140625
2001-08-22 11:00:00,40051.0,39802.52734375,248.47265625,248.47265625,61738.660903930664
2001-08-22 12:00:00,41048.0,41083.03515625,-35.03515625,35.03515625,1227.462173461914
2001-08-22 13:00:00,41979.0,42140.66015625,-161.66015625,161.66015625,26134.006118774414
2001-08-22 14:00:00,42629.0,42832.73046875,-203.73046875,203.73046875,41506.10389709473
2001-08-22 15:00:00,43142.0,43033.015625,108.984375,108.984375,11877.593994140625
2001-08-22 16:00:00,43516.0,43218.79296875,297.20703125,297.20703125,88332.01942443848
2001-08-22 17:00:00,43083.0,43620.984375,-537.984375,537.984375,289427.1877441406
2001-08-22 18:00:00,41666.0,41602.66796875,63.33203125,63.33203125,4010.9461822509766
2001-08-22 19:00:00,39966.0,39979.7734375,-13.7734375,13.7734375,189.70758056640625
2001-08-22 20:00:00,40112.0,39283.21484375,828.78515625,828.78515625,686884.8352203369
2001-08-22 21:00:00,38494.0,39182.80859375,-688.80859375,688.80859375,474457.27882385254
2001-08-22 22:00:00,35172.0,35511.1484375,-339.1484375,339.1484375,115021.6626586914
2001-08-22 23:00:00,31919.0,32018.400390625,-99.400390625,99.400390625,9880.437656402588
2001-08-23 00:00:00,29573.0,29242.19921875,330.80078125,330.80078125,109429.15687561035
2001-08-23 01:00:00,27714.0,27571.654296875,142.345703125,142.345703125,20262.299198150635
2001-08-23 02:00:00,26549.0,26544.21875,4.78125,4.78125,22.8603515625
2001-08-23 03:00:00,25846.0,25870.732421875,-24.732421875,24.732421875,611.6926918029785
2001-08-23 04:00:00,26004.0,25718.083984375,285.916015625,285.916015625,81747.96799087524
2001-08-23 05:00:00,27340.0,27031.548828125,308.451171875,308.451171875,95142.12543106079
2001-08-23 06:00:00,29727.0,30059.447265625,-332.447265625,332.447265625,110521.1844215393
2001-08-23 07:00:00,32596.0,32460.2265625,135.7734375,135.7734375,18434.426330566406
2001-08-23 08:00:00,34614.0,34724.44140625,-110.44140625,110.44140625,12197.304214477539
2001-08-23 09:00:00,36532.0,36432.6171875,99.3828125,99.3828125,9876.943420410156
2001-08-23 10:00:00,38553.0,38091.53125,461.46875,461.46875,212953.4072265625
2001-08-23 11:00:00,40021.0,40047.0,-26.0,26.0,676.0
2001-08-23 12:00:00,40797.0,40576.3359375,220.6640625,220.6640625,48692.628479003906
2001-08-23 13:00:00,41242.0,41619.2265625,-377.2265625,377.2265625,142299.8794555664
2001-08-23 14:00:00,41343.0,41592.8828125,-249.8828125,249.8828125,62441.419982910156
2001-08-23 15:00:00,41100.0,41907.0625,-807.0625,807.0625,651349.87890625
2001-08-23 16:00:00,40739.0,40861.16015625,-122.16015625,122.16015625,14923.103775024414
2001-08-23 17:00:00,40172.0,40394.3984375,-222.3984375,222.3984375,49461.065002441406
2001-08-23 18:00:00,39194.0,38445.00390625,748.99609375,748.99609375,560995.1484527588
2001-08-23 19:00:00,38881.0,38078.6484375,802.3515625,802.3515625,643768.0298461914
2001-08-23 20:00:00,38923.0,38534.8515625,388.1484375,388.1484375,150659.2095336914
2001-08-23 21:00:00,37353.0,38220.70703125,-867.70703125,867.70703125,752915.4920806885
2001-08-23 22:00:00,34435.0,34216.53125,218.46875,218.46875,47728.5947265625
2001-08-23 23:00:00,31561.0,31271.861328125,289.138671875,289.138671875,83601.17157363892
2001-08-24 00:00:00,29063.0,28999.486328125,63.513671875,63.513671875,4033.986515045166
2001-08-24 01:00:00,27384.0,27274.951171875,109.048828125,109.048828125,11891.646915435791
2001-08-24 02:00:00,26166.0,26413.974609375,-247.974609375,247.974609375,61491.40689468384
2001-08-24 03:00:00,25573.0,25587.05859375,-14.05859375,14.05859375,197.64405822753906
2001-08-24 04:00:00,25777.0,25766.794921875,10.205078125,10.205078125,104.14361953735352
2001-08-24 05:00:00,27049.0,26451.181640625,597.818359375,597.818359375,357386.79080581665
2001-08-24 06:00:00,29400.0,29904.142578125,-504.142578125,504.142578125,254159.73907852173
2001-08-24 07:00:00,31835.0,32384.052734375,-549.052734375,549.052734375,301458.9051246643
2001-08-24 08:00:00,34108.0,34162.42578125,-54.42578125,54.42578125,2962.1656646728516
2001-08-24 09:00:00,36151.0,35958.41796875,192.58203125,192.58203125,37087.83876037598
2001-08-24 10:00:00,38165.0,37800.484375,364.515625,364.515625,132871.64086914062
2001-08-24 11:00:00,39456.0,39439.5703125,16.4296875,16.4296875,269.93463134765625
2001-08-24 12:00:00,40444.0,40066.62890625,377.37109375,377.37109375,142408.9423980713
2001-08-24 13:00:00,41579.0,41164.01171875,414.98828125,414.98828125,172215.2735748291
2001-08-24 14:00:00,42296.0,41950.59765625,345.40234375,345.40234375,119302.77906799316
2001-08-24 15:00:00,42541.0,42568.390625,-27.390625,27.390625,750.246337890625
2001-08-24 16:00:00,42580.0,42577.734375,2.265625,2.265625,5.133056640625
2001-08-24 17:00:00,42096.0,42209.26171875,-113.26171875,113.26171875,12828.216934204102
2001-08-24 18:00:00,40461.0,40601.20703125,-140.20703125,140.20703125,19658.011611938477
2001-08-24 19:00:00,38845.0,38935.40625,-90.40625,90.40625,8173.2900390625
2001-08-24 20:00:00,38852.0,38134.3125,717.6875,717.6875,515075.34765625
2001-08-24 21:00:00,37221.0,38174.59765625,-953.59765625,953.59765625,909348.4900054932
2001-08-24 22:00:00,34347.0,34420.3125,-73.3125,73.3125,5374.72265625
2001-08-24 23:00:00,31447.0,31436.435546875,10.564453125,10.564453125,111.60766983032227
2001-08-25 00:00:00,28815.0,28823.798828125,-8.798828125,8.798828125,77.41937637329102
2001-08-25 01:00:00,26907.0,26913.548828125,-6.548828125,6.548828125,42.887149810791016
2001-08-25 02:00:00,25659.0,25705.525390625,-46.525390625,46.525390625,2164.611972808838
2001-08-25 03:00:00,24889.0,24790.541015625,98.458984375,98.458984375,9694.171604156494
2001-08-25 04:00:00,24389.0,24645.82421875,-256.82421875,256.82421875,65958.67933654785
2001-08-25 05:00:00,24688.0,24497.115234375,190.884765625,190.884765625,36436.99374771118
2001-08-25 06:00:00,25122.0,25319.78125,-197.78125,197.78125,39117.4228515625
2001-08-25 07:00:00,26447.0,26613.220703125,-166.220703125,166.220703125,27629.322147369385
2001-08-25 08:00:00,29169.0,28916.01953125,252.98046875,252.98046875,63999.11756896973
2001-08-25 09:00:00,31649.0,31584.853515625,64.146484375,64.146484375,4114.771457672119
2001-08-25 10:00:00,33626.0,33837.89453125,-211.89453125,211.89453125,44899.29237365723
2001-08-25 11:00:00,34620.0,35069.65625,-449.65625,449.65625,202190.7431640625
2001-08-25 12:00:00,35190.0,35126.86328125,63.13671875,63.13671875,3986.2452545166016
2001-08-25 13:00:00,35270.0,35371.7578125,-101.7578125,101.7578125,10354.652404785156
2001-08-25 14:00:00,35548.0,35568.30078125,-20.30078125,20.30078125,412.12171936035156
2001-08-25 15:00:00,35640.0,35544.234375,95.765625,95.765625,9171.054931640625
2001-08-25 16:00:00,35883.0,35760.15234375,122.84765625,122.84765625,15091.546646118164
2001-08-25 17:00:00,35611.0,35911.9453125,-300.9453125,300.9453125,90568.08111572266
2001-08-25 18:00:00,34407.0,34948.5625,-541.5625,541.5625,293289.94140625
2001-08-25 19:00:00,33125.0,33690.19921875,-565.19921875,565.19921875,319450.15687561035
2001-08-25 20:00:00,33447.0,32927.94140625,519.05859375,519.05859375,269421.82374572754
2001-08-25 21:00:00,32193.0,33007.87890625,-814.87890625,814.87890625,664027.6318511963
2001-08-25 22:00:00,30074.0,30257.919921875,-183.919921875,183.919921875,33826.5376625061
2001-08-25 23:00:00,27759.0,27274.921875,484.078125,484.078125,234331.63110351562
2001-08-26 00:00:00,25580.0,25318.244140625,261.755859375,261.755859375,68516.12991714478
2001-08-26 01:00:00,24000.0,23839.107421875,160.892578125,160.892578125,25886.42169570923
2001-08-26 02:00:00,22920.0,23055.1484375,-135.1484375,135.1484375,18265.100158691406
2001-08-26 03:00:00,22179.0,22387.35546875,-208.35546875,208.35546875,43412.00135803223
2001-08-26 04:00:00,21909.0,22121.115234375,-212.115234375,212.115234375,44992.87265396118
2001-08-26 05:00:00,21915.0,22098.45703125,-183.45703125,183.45703125,33656.48231506348
2001-08-26 06:00:00,22059.0,22419.876953125,-360.876953125,360.876953125,130232.17529678345
2001-08-26 07:00:00,22676.0,23131.724609375,-455.724609375,455.724609375,207684.91958999634
2001-08-26 08:00:00,25257.0,25135.99609375,121.00390625,121.00390625,14641.945327758789
2001-08-26 09:00:00,27449.0,27707.201171875,-258.201171875,258.201171875,66667.84515762329
2001-08-26 10:00:00,29474.0,29459.974609375,14.025390625,14.025390625,196.7115821838379
2001-08-26 11:00:00,31125.0,30873.0234375,251.9765625,251.9765625,63492.188049316406
2001-08-26 12:00:00,32389.0,32280.759765625,108.240234375,108.240234375,11715.948337554932
2001-08-26 13:00:00,33513.0,33470.71875,42.28125,42.28125,1787.7041015625
2001-08-26 14:00:00,34233.0,34196.86328125,36.13671875,36.13671875,1305.8624420166016
2001-08-26 15:00:00,35042.0,34704.7578125,337.2421875,337.2421875,113732.29302978516
2001-08-26 16:00:00,35721.0,35648.3671875,72.6328125,72.6328125,5275.525451660156
2001-08-26 17:00:00,35945.0,36178.2890625,-233.2890625,233.2890625,54423.786682128906
2001-08-26 18:00:00,35361.0,35774.94921875,-413.94921875,413.94921875,171353.95570373535
2001-08-26 19:00:00,34788.0,34965.0625,-177.0625,177.0625,31351.12890625
2001-08-26 20:00:00,35967.0,34773.88671875,1193.11328125,1193.11328125,1423519.3018951416
2001-08-26 21:00:00,34973.0,35818.61328125,-845.61328125,845.61328125,715061.8214263916
2001-08-26 22:00:00,32641.0,32813.00390625,-172.00390625,172.00390625,29585.34376525879
2001-08-26 23:00:00,30033.0,30031.595703125,1.404296875,1.404296875,1.9720497131347656
2001-08-27 00:00:00,28114.0,28204.369140625,-90.369140625,90.369140625,8166.581577301025
2001-08-27 01:00:00,26701.0,26287.341796875,413.658203125,413.658203125,171113.10901260376
2001-08-27 02:00:00,25980.0,25908.927734375,71.072265625,71.072265625,5051.266941070557
2001-08-27 03:00:00,25585.0,25618.818359375,-33.818359375,33.818359375,1143.6814308166504
2001-08-27 04:00:00,25911.0,25336.072265625,574.927734375,574.927734375,330541.89975357056
2001-08-27 05:00:00,27552.0,27843.376953125,-291.376953125,291.376953125,84900.52881240845
2001-08-27 06:00:00,30399.0,30695.61328125,-296.61328125,296.61328125,87979.4386138916
2001-08-27 07:00:00,33045.0,33371.3203125,-326.3203125,326.3203125,106484.94635009766
2001-08-27 08:00:00,35783.0,35403.09375,379.90625,379.90625,144328.7587890625
2001-08-27 09:00:00,38179.0,37505.390625,673.609375,673.609375,453749.5900878906
2001-08-27 10:00:00,40504.0,40027.76953125,476.23046875,476.23046875,226795.45936584473
2001-08-27 11:00:00,42404.0,42371.7109375,32.2890625,32.2890625,1042.5835571289062
2001-08-27 12:00:00,43701.0,43480.109375,220.890625,220.890625,48792.668212890625
2001-08-27 13:00:00,44871.0,44764.5390625,106.4609375,106.4609375,11333.931213378906
2001-08-27 14:00:00,45588.0,44763.984375,824.015625,824.015625,679001.7502441406
2001-08-27 15:00:00,45526.0,45297.37109375,228.62890625,228.62890625,52271.17677307129
2001-08-27 16:00:00,45231.0,45433.0546875,-202.0546875,202.0546875,40826.096740722656
2001-08-27 17:00:00,44605.0,45411.3046875,-806.3046875,806.3046875,650127.2490844727
2001-08-27 18:00:00,43211.0,43231.12109375,-20.12109375,20.12109375,404.85841369628906
2001-08-27 19:00:00,42272.0,41692.78125,579.21875,579.21875,335494.3603515625
2001-08-27 20:00:00,42653.0,41481.70703125,1171.29296875,1171.29296875,1371927.2186431885
2001-08-27 21:00:00,40497.0,40962.75390625,-465.75390625,465.75390625,216926.7011871338
2001-08-27 22:00:00,36782.0,37440.953125,-658.953125,658.953125,434219.2209472656
2001-08-27 23:00:00,33420.0,33259.6875,160.3125,160.3125,25700.09765625
2001-08-28 00:00:00,30723.0,30361.05078125,361.94921875,361.94921875,131007.23695373535
2001-08-28 01:00:00,28891.0,28684.666015625,206.333984375,206.333984375,42573.713108062744
2001-08-28 02:00:00,27885.0,28028.349609375,-143.349609375,143.349609375,20549.110507965088
2001-08-28 03:00:00,27209.0,27322.119140625,-113.119140625,113.119140625,12795.939975738525
2001-08-28 04:00:00,27270.0,27315.83203125,-45.83203125,45.83203125,2100.5750885009766
2001-08-28 05:00:00,28767.0,28410.6484375,356.3515625,356.3515625,126986.4360961914
2001-08-28 06:00:00,31562.0,31419.2265625,142.7734375,142.7734375,20384.254455566406
2001-08-28 07:00:00,33907.0,34384.5234375,-477.5234375,477.5234375,228028.6333618164
2001-08-28 08:00:00,35986.0,36432.140625,-446.140625,446.140625,199041.45727539062
2001-08-28 09:00:00,38026.0,37642.53515625,383.46484375,383.46484375,147045.2863922119
2001-08-28 10:00:00,40341.0,39788.86328125,552.13671875,552.13671875,304854.9561920166
2001-08-28 11:00:00,42366.0,41820.71484375,545.28515625,545.28515625,297335.9016265869
2001-08-28 12:00:00,43616.0,43502.8046875,113.1953125,113.1953125,12813.178771972656
2001-08-28 13:00:00,44710.0,45182.30078125,-472.30078125,472.30078125,223068.02796936035
2001-08-28 14:00:00,45616.0,45212.02734375,403.97265625,403.97265625,163193.90699768066
2001-08-28 15:00:00,46073.0,45779.40625,293.59375,293.59375,86197.2900390625
2001-08-28 16:00:00,46301.0,47034.07421875,-733.07421875,733.07421875,537397.8101959229
2001-08-28 17:00:00,45760.0,46669.75,-909.75,909.75,827645.0625
2001-08-28 18:00:00,43880.0,44474.41015625,-594.41015625,594.41015625,353323.4338531494
2001-08-28 19:00:00,42374.0,42730.8984375,-356.8984375,356.8984375,127376.4946899414
2001-08-28 20:00:00,42604.0,41894.0859375,709.9140625,709.9140625,503977.9761352539
2001-08-28 21:00:00,40539.0,41327.65234375,-788.65234375,788.65234375,621972.5193023682
2001-08-28 22:00:00,37026.0,37481.90625,-455.90625,455.90625,207850.5087890625
2001-08-28 23:00:00,33408.0,33525.65234375,-117.65234375,117.65234375,13842.073989868164
2001-08-29 00:00:00,30613.0,30450.96875,162.03125,162.03125,26254.1259765625
2001-08-29 01:00:00,28707.0,28975.630859375,-268.630859375,268.630859375,72162.53860855103
2001-08-29 02:00:00,27473.0,27387.04296875,85.95703125,85.95703125,7388.611221313477
2001-08-29 03:00:00,26809.0,26666.515625,142.484375,142.484375,20301.797119140625
2001-08-29 04:00:00,26673.0,26906.689453125,-233.689453125,233.689453125,54610.76050186157
2001-08-29 05:00:00,28121.0,27805.275390625,315.724609375,315.724609375,99682.02896499634
2001-08-29 06:00:00,30840.0,30858.7421875,-18.7421875,18.7421875,351.26959228515625
2001-08-29 07:00:00,33251.0,33384.09375,-133.09375,133.09375,17713.9462890625
2001-08-29 08:00:00,35512.0,35362.08203125,149.91796875,149.91796875,22475.397354125977
2001-08-29 09:00:00,37573.0,37251.375,321.625,321.625,103442.640625
2001-08-29 10:00:00,39314.0,39469.265625,-155.265625,155.265625,24107.414306640625
2001-08-29 11:00:00,40667.0,40909.984375,-242.984375,242.984375,59041.406494140625
2001-08-29 12:00:00,41567.0,41458.12109375,108.87890625,108.87890625,11854.616226196289
2001-08-29 13:00:00,42527.0,42380.48046875,146.51953125,146.51953125,21467.973037719727
2001-08-29 14:00:00,42882.0,43147.2421875,-265.2421875,265.2421875,70353.41802978516
2001-08-29 15:00:00,43244.0,43506.9453125,-262.9453125,262.9453125,69140.23736572266
2001-08-29 16:00:00,43401.0,43058.7265625,342.2734375,342.2734375,117151.1060180664
2001-08-29 17:00:00,42989.0,42452.828125,536.171875,536.171875,287480.2795410156
2001-08-29 18:00:00,41400.0,41634.0,-234.0,234.0,54756.0
2001-08-29 19:00:00,40125.0,40162.68359375,-37.68359375,37.68359375,1420.053237915039
2001-08-29 20:00:00,40574.0,39698.34765625,875.65234375,875.65234375,766767.0271148682
2001-08-29 21:00:00,38529.0,39319.58203125,-790.58203125,790.58203125,625019.948135376
2001-08-29 22:00:00,34826.0,35378.92578125,-552.92578125,552.92578125,305726.91957092285
2001-08-29 23:00:00,31731.0,31800.5859375,-69.5859375,69.5859375,4842.202697753906
2001-08-30 00:00:00,29033.0,28971.751953125,61.248046875,61.248046875,3751.3232460021973
2001-08-30 01:00:00,27457.0,27038.556640625,418.443359375,418.443359375,175094.8450050354
2001-08-30 02:00:00,26350.0,26250.01171875,99.98828125,99.98828125,9997.656387329102
2001-08-30 03:00:00,25913.0,25728.419921875,184.580078125,184.580078125,34069.8052406311
2001-08-30 04:00:00,26103.0,26005.759765625,97.240234375,97.240234375,9455.663181304932
2001-08-30 05:00:00,27801.0,27236.779296875,564.220703125,564.220703125,318345.0018348694
2001-08-30 06:00:00,30865.0,30762.162109375,102.837890625,102.837890625,10575.631748199463
2001-08-30 07:00:00,33170.0,33456.4609375,-286.4609375,286.4609375,82059.8687133789
2001-08-30 08:00:00,35065.0,35224.578125,-159.578125,159.578125,25465.177978515625
2001-08-30 09:00:00,36518.0,36813.03515625,-295.03515625,295.03515625,87045.74342346191
2001-08-30 10:00:00,37906.0,38152.56640625,-246.56640625,246.56640625,60794.99269104004
2001-08-30 11:00:00,39520.0,39169.39453125,350.60546875,350.60546875,122924.19471740723
2001-08-30 12:00:00,40518.0,40275.8515625,242.1484375,242.1484375,58635.865783691406
2001-08-30 13:00:00,41370.0,41440.46484375,-70.46484375,70.46484375,4965.294204711914
2001-08-30 14:00:00,41799.0,42225.19921875,-426.19921875,426.19921875,181645.77406311035
2001-08-30 15:00:00,42073.0,42725.8828125,-652.8828125,652.8828125,426255.96685791016
2001-08-30 16:00:00,42093.0,42112.77734375,-19.77734375,19.77734375,391.14332580566406
2001-08-30 17:00:00,41289.0,41606.2890625,-317.2890625,317.2890625,100672.3491821289
2001-08-30 18:00:00,39943.0,39788.921875,154.078125,154.078125,23740.068603515625
2001-08-30 19:00:00,39433.0,38375.8671875,1057.1328125,1057.1328125,1117529.7832641602
2001-08-30 20:00:00,40054.0,39012.34765625,1041.65234375,1041.65234375,1085039.6052398682
2001-08-30 21:00:00,38297.0,38960.48828125,-663.48828125,663.48828125,440216.6993560791
2001-08-30 22:00:00,35357.0,35274.04296875,82.95703125,82.95703125,6881.869033813477
2001-08-30 23:00:00,32467.0,32184.328125,282.671875,282.671875,79903.38891601562
2001-08-31 00:00:00,29899.0,29619.140625,279.859375,279.859375,78321.26977539062
2001-08-31 01:00:00,28347.0,28192.849609375,154.150390625,154.150390625,23762.342929840088
2001-08-31 02:00:00,27395.0,27319.001953125,75.998046875,75.998046875,5775.703128814697
2001-08-31 03:00:00,26917.0,26874.1171875,42.8828125,42.8828125,1838.9356079101562
2001-08-31 04:00:00,27191.0,26997.890625,193.109375,193.109375,37291.230712890625
2001-08-31 05:00:00,28635.0,28435.65625,199.34375,199.34375,39737.9306640625
2001-08-31 06:00:00,31494.0,31440.447265625,53.552734375,53.552734375,2867.8953590393066
2001-08-31 07:00:00,34066.0,34149.8203125,-83.8203125,83.8203125,7025.844787597656
2001-08-31 08:00:00,36339.0,36700.6484375,-361.6484375,361.6484375,130789.5923461914
2001-08-31 09:00:00,38481.0,38038.8359375,442.1640625,442.1640625,195509.0581665039
2001-08-31 10:00:00,40476.0,40153.92578125,322.07421875,322.07421875,103731.80238342285
2001-08-31 11:00:00,42312.0,41917.8046875,394.1953125,394.1953125,155389.94439697266
2001-08-31 12:00:00,43564.0,43147.1015625,416.8984375,416.8984375,173804.3071899414
2001-08-31 13:00:00,44637.0,44442.91015625,194.08984375,194.08984375,37670.867446899414
2001-08-31 14:00:00,45347.0,44980.55078125,366.44921875,366.44921875,134285.02992248535
2001-08-31 15:00:00,45505.0,45279.7109375,225.2890625,225.2890625,50755.161682128906
2001-08-31 16:00:00,45459.0,45848.12109375,-389.12109375,389.12109375,151415.2256011963
2001-08-31 17:00:00,44539.0,44886.80859375,-347.80859375,347.80859375,120970.81788635254
2001-08-31 18:00:00,42732.0,43222.98828125,-490.98828125,490.98828125,241069.4923248291
2001-08-31 19:00:00,41620.0,41551.95703125,68.04296875,68.04296875,4629.845596313477
2001-08-31 20:00:00,41372.0,41003.72265625,368.27734375,368.27734375,135628.20191955566
2001-08-31 21:00:00,39392.0,39786.93359375,-394.93359375,394.93359375,155972.54347229004
2001-08-31 22:00:00,36455.0,36563.90234375,-108.90234375,108.90234375,11859.720474243164
2001-08-31 23:00:00,33489.0,33171.73828125,317.26171875,317.26171875,100654.9981842041
2001-09-01 00:00:00,30773.0,30485.201171875,287.798828125,287.798828125,82828.16547012329
2001-09-01 01:00:00,28977.0,28998.140625,-21.140625,21.140625,446.926025390625
2001-09-01 02:00:00,27609.0,27869.5234375,-260.5234375,260.5234375,67872.4614868164
2001-09-01 03:00:00,26620.0,26490.296875,129.703125,129.703125,16822.900634765625
2001-09-01 04:00:00,26143.0,26357.1015625,-214.1015625,214.1015625,45839.479064941406
2001-09-01 05:00:00,26219.0,26749.8984375,-530.8984375,530.8984375,281853.1509399414
2001-09-01 06:00:00,26700.0,26869.32421875,-169.32421875,169.32421875,28670.69105529785
2001-09-01 07:00:00,27327.0,27867.666015625,-540.666015625,540.666015625,292319.74045181274
2001-09-01 08:00:00,29476.0,29361.876953125,114.123046875,114.123046875,13024.069828033447
2001-09-01 09:00:00,31103.0,32031.908203125,-928.908203125,928.908203125,862870.4498329163
2001-09-01 10:00:00,32197.0,32847.33203125,-650.33203125,650.33203125,422931.750869751
2001-09-01 11:00:00,32676.0,33661.11328125,-985.11328125,985.11328125,970448.1768951416
2001-09-01 12:00:00,32866.0,33390.70703125,-524.70703125,524.70703125,275317.4686431885
2001-09-01 13:00:00,33061.0,32893.359375,167.640625,167.640625,28103.379150390625
2001-09-01 14:00:00,33191.0,33143.12109375,47.87890625,47.87890625,2292.389663696289
2001-09-01 15:00:00,33366.0,33301.03515625,64.96484375,64.96484375,4220.430923461914
2001-09-01 16:00:00,33609.0,33409.0234375,199.9765625,199.9765625,39990.625549316406
2001-09-01 17:00:00,33442.0,33594.61328125,-152.61328125,152.61328125,23290.8136138916
2001-09-01 18:00:00,32280.0,32856.80078125,-576.80078125,576.80078125,332699.14125061035
2001-09-01 19:00:00,31306.0,31744.064453125,-438.064453125,438.064453125,191900.46509170532
2001-09-01 20:00:00,31687.0,31313.09765625,373.90234375,373.90234375,139802.96266174316
2001-09-01 21:00:00,30174.0,31590.4921875,-1416.4921875,1416.4921875,2006450.1172485352
2001-09-01 22:00:00,28026.0,28180.31640625,-154.31640625,154.31640625,23813.55323791504
2001-09-01 23:00:00,25711.0,25867.447265625,-156.447265625,156.447265625,24475.746921539307
2001-09-02 00:00:00,24431.0,23897.806640625,533.193359375,533.193359375,284295.1584815979
2001-09-02 01:00:00,22106.0,23177.8203125,-1071.8203125,1071.8203125,1148798.7822875977
2001-09-02 02:00:00,21079.0,21973.17578125,-894.17578125,894.17578125,799550.3277740479
2001-09-02 03:00:00,20391.0,20886.0703125,-495.0703125,495.0703125,245094.61431884766
2001-09-02 04:00:00,20113.0,20407.9375,-294.9375,294.9375,86988.12890625
2001-09-02 05:00:00,20187.0,20441.666015625,-254.666015625,254.666015625,64854.779514312744
2001-09-02 06:00:00,20231.0,20926.48828125,-695.48828125,695.48828125,483703.9493560791
2001-09-02 07:00:00,20985.0,21384.603515625,-399.603515625,399.603515625,159682.96969985962
2001-09-02 08:00:00,23039.0,22942.99609375,96.00390625,96.00390625,9216.750015258789
2001-09-02 09:00:00,24825.0,24608.9140625,216.0859375,216.0859375,46693.132385253906
2001-09-02 10:00:00,26015.0,26108.236328125,-93.236328125,93.236328125,8693.012882232666
2001-09-02 11:00:00,27161.0,26793.9296875,367.0703125,367.0703125,134740.61431884766
2001-09-02 12:00:00,27338.0,27674.927734375,-336.927734375,336.927734375,113520.29819107056
2001-09-02 13:00:00,27580.0,27387.5234375,192.4765625,192.4765625,37047.227111816406
2001-09-02 14:00:00,27728.0,27829.677734375,-101.677734375,101.677734375,10338.361667633057
2001-09-02 15:00:00,27960.0,27788.412109375,171.587890625,171.587890625,29442.404209136963
2001-09-02 16:00:00,28275.0,28301.162109375,-26.162109375,26.162109375,684.4559669494629
2001-09-02 17:00:00,28473.0,28905.64453125,-432.64453125,432.64453125,187181.29042053223
2001-09-02 18:00:00,27921.0,28837.18359375,-916.18359375,916.18359375,839392.377456665
2001-09-02 19:00:00,27565.0,28519.65625,-954.65625,954.65625,911368.5556640625
2001-09-02 20:00:00,28412.0,28276.20703125,135.79296875,135.79296875,18439.730361938477
2001-09-02 21:00:00,27381.0,28267.400390625,-886.400390625,886.400390625,785705.6525001526
2001-09-02 22:00:00,25801.0,25941.865234375,-140.865234375,140.865234375,19843.01425552368
2001-09-02 23:00:00,23922.0,24141.015625,-219.015625,219.015625,47967.843994140625
2001-09-03 00:00:00,22115.0,21894.51171875,220.48828125,220.48828125,48615.0821685791
2001-09-03 01:00:00,20967.0,21154.125,-187.125,187.125,35015.765625
2001-09-03 02:00:00,20210.0,20502.88671875,-292.88671875,292.88671875,85782.6300201416
2001-09-03 03:00:00,19757.0,19707.748046875,49.251953125,49.251953125,2425.7548866271973
2001-09-03 04:00:00,19651.0,19704.76171875,-53.76171875,53.76171875,2890.3224029541016
2001-09-03 05:00:00,19976.0,20295.787109375,-319.787109375,319.787109375,102263.79532241821
2001-09-03 06:00:00,20373.0,21791.55078125,-1418.55078125,1418.55078125,2012286.3189849854
2001-09-03 07:00:00,21027.0,22153.361328125,-1126.361328125,1126.361328125,1268689.841495514
2001-09-03 08:00:00,23303.0,22988.515625,314.484375,314.484375,98900.42211914062
2001-09-03 09:00:00,25804.0,24873.37890625,930.62109375,930.62109375,866055.6201324463
2001-09-03 10:00:00,27687.0,26591.236328125,1095.763671875,1095.763671875,1200698.0246009827
2001-09-03 11:00:00,28758.0,28546.205078125,211.794921875,211.794921875,44857.08893203735
2001-09-03 12:00:00,29202.0,29265.1328125,-63.1328125,63.1328125,3985.7520141601562
2001-09-03 13:00:00,29585.0,29556.515625,28.484375,28.484375,811.359619140625
2001-09-03 14:00:00,30060.0,29598.3359375,461.6640625,461.6640625,213133.7066040039
2001-09-03 15:00:00,30172.0,30452.951171875,-280.951171875,280.951171875,78933.56097793579
2001-09-03 16:00:00,30691.0,30951.02734375,-260.02734375,260.02734375,67614.21949768066
2001-09-03 17:00:00,30888.0,30894.703125,-6.703125,6.703125,44.931884765625
2001-09-03 18:00:00,30299.0,30635.109375,-336.109375,336.109375,112969.51196289062
2001-09-03 19:00:00,30558.0,30826.142578125,-268.142578125,268.142578125,71900.44220352173
2001-09-03 20:00:00,32037.0,30340.17578125,1696.82421875,1696.82421875,2879212.429336548
2001-09-03 21:00:00,30958.0,31642.1171875,-684.1171875,684.1171875,468016.32623291016
2001-09-03 22:00:00,28211.0,28349.578125,-138.578125,138.578125,19203.896728515625
2001-09-03 23:00:00,25910.0,25590.029296875,319.970703125,319.970703125,102381.25085830688
2001-09-04 00:00:00,23985.0,23908.39453125,76.60546875,76.60546875,5868.397842407227
2001-09-04 01:00:00,23001.0,22624.23828125,376.76171875,376.76171875,141949.3927154541
2001-09-04 02:00:00,22406.0,22077.822265625,328.177734375,328.177734375,107700.62533950806
2001-09-04 03:00:00,22232.0,21869.58984375,362.41015625,362.41015625,131341.1213531494
2001-09-04 04:00:00,22600.0,22403.306640625,196.693359375,196.693359375,38688.2776222229
2001-09-04 05:00:00,24388.0,24120.47265625,267.52734375,267.52734375,71570.87965393066
2001-09-04 06:00:00,27953.0,27308.544921875,644.455078125,644.455078125,415322.34772109985
2001-09-04 07:00:00,30606.0,30667.56640625,-61.56640625,61.56640625,3790.422378540039
2001-09-04 08:00:00,32733.0,31211.052734375,1521.947265625,1521.947265625,2316323.4793434143
2001-09-04 09:00:00,34668.0,33504.21875,1163.78125,1163.78125,1354386.7978515625
2001-09-04 10:00:00,36064.0,35538.56640625,525.43359375,525.43359375,276080.46144104004
2001-09-04 11:00:00,37397.0,36656.07421875,740.92578125,740.92578125,548971.0133209229
2001-09-04 12:00:00,38688.0,37415.28125,1272.71875,1272.71875,1619813.0166015625
2001-09-04 13:00:00,39458.0,39465.59765625,-7.59765625,7.59765625,57.72438049316406
2001-09-04 14:00:00,39678.0,40162.1171875,-484.1171875,484.1171875,234369.45123291016
2001-09-04 15:00:00,40352.0,40011.7734375,340.2265625,340.2265625,115754.1138305664
2001-09-04 16:00:00,40518.0,40500.46875,17.53125,17.53125,307.3447265625
2001-09-04 17:00:00,40232.0,40421.2109375,-189.2109375,189.2109375,35800.778869628906
2001-09-04 18:00:00,39061.0,39448.42578125,-387.42578125,387.42578125,150098.73597717285
2001-09-04 19:00:00,38475.0,38434.1875,40.8125,40.8125,1665.66015625
2001-09-04 20:00:00,39123.0,37966.90625,1156.09375,1156.09375,1336552.7587890625
2001-09-04 21:00:00,37139.0,38013.671875,-874.671875,874.671875,765050.8889160156
2001-09-04 22:00:00,33533.0,34136.40234375,-603.40234375,603.40234375,364094.38844299316
2001-09-04 23:00:00,30074.0,29979.197265625,94.802734375,94.802734375,8987.558444976807
2001-09-05 00:00:00,27670.0,27285.591796875,384.408203125,384.408203125,147769.66662979126
2001-09-05 01:00:00,26023.0,26017.33984375,5.66015625,5.66015625,32.03736877441406
2001-09-05 02:00:00,24937.0,25211.056640625,-274.056640625,274.056640625,75107.0422706604
2001-09-05 03:00:00,24201.0,24644.638671875,-443.638671875,443.638671875,196815.27118301392
2001-09-05 04:00:00,24219.0,24534.025390625,-315.025390625,315.025390625,99240.99673843384
2001-09-05 05:00:00,25752.0,25589.943359375,162.056640625,162.056640625,26262.3547706604
2001-09-05 06:00:00,28971.0,28889.640625,81.359375,81.359375,6619.347900390625
2001-09-05 07:00:00,30892.0,31789.54296875,-897.54296875,897.54296875,805583.3807525635
2001-09-05 08:00:00,32463.0,32885.1875,-422.1875,422.1875,178242.28515625
2001-09-05 09:00:00,33861.0,33947.75390625,-86.75390625,86.75390625,7526.240249633789
2001-09-05 10:00:00,34723.0,35660.8828125,-937.8828125,937.8828125,879624.1699829102
2001-09-05 11:00:00,35404.0,35734.97265625,-330.97265625,330.97265625,109542.89918518066
2001-09-05 12:00:00,35918.0,35781.99609375,136.00390625,136.00390625,18497.06251525879
2001-09-05 13:00:00,36538.0,36379.484375,158.515625,158.515625,25127.203369140625
2001-09-05 14:00:00,36941.0,36864.3359375,76.6640625,76.6640625,5877.378479003906
2001-09-05 15:00:00,37185.0,37225.31640625,-40.31640625,40.31640625,1625.412612915039
2001-09-05 16:00:00,37436.0,37045.0703125,390.9296875,390.9296875,152826.02056884766
2001-09-05 17:00:00,37113.0,36823.27734375,289.72265625,289.72265625,83939.21754455566
2001-09-05 18:00:00,35836.0,36263.94921875,-427.94921875,427.94921875,183140.53382873535
2001-09-05 19:00:00,35080.0,34953.90234375,126.09765625,126.09765625,15900.618911743164
2001-09-05 20:00:00,35452.0,35138.28515625,313.71484375,313.71484375,98417.00318908691
2001-09-05 21:00:00,33393.0,34859.24609375,-1466.24609375,1466.24609375,2149877.607437134
2001-09-05 22:00:00,29938.0,30587.080078125,-649.080078125,649.080078125,421304.9478187561
2001-09-05 23:00:00,26827.0,27288.837890625,-461.837890625,461.837890625,213294.23721694946
2001-09-06 00:00:00,24510.0,24634.546875,-124.546875,124.546875,15511.924072265625
2001-09-06 01:00:00,23190.0,23033.455078125,156.544921875,156.544921875,24506.312564849854
2001-09-06 02:00:00,22482.0,22181.626953125,300.373046875,300.373046875,90223.96728897095
2001-09-06 03:00:00,22084.0,21933.7265625,150.2734375,150.2734375,22582.106018066406
2001-09-06 04:00:00,22474.0,22228.119140625,245.880859375,245.880859375,60457.397006988525
2001-09-06 05:00:00,23997.0,24020.521484375,-23.521484375,23.521484375,553.2602272033691
2001-09-06 06:00:00,27210.0,27366.966796875,-156.966796875,156.966796875,24638.57532119751
2001-09-06 07:00:00,29290.0,29567.56640625,-277.56640625,277.56640625,77043.10987854004
2001-09-06 08:00:00,30850.0,30953.884765625,-103.884765625,103.884765625,10792.044528961182
2001-09-06 09:00:00,32196.0,32525.421875,-329.421875,329.421875,108518.77172851562
2001-09-06 10:00:00,33493.0,33019.7578125,473.2421875,473.2421875,223958.16802978516
2001-09-06 11:00:00,34305.0,34147.6875,157.3125,157.3125,24747.22265625
2001-09-06 12:00:00,34851.0,34783.96875,67.03125,67.03125,4493.1884765625
2001-09-06 13:00:00,35611.0,35123.19140625,487.80859375,487.80859375,237957.22413635254
2001-09-06 14:00:00,36075.0,36251.55859375,-176.55859375,176.55859375,31172.93702697754
2001-09-06 15:00:00,36608.0,36614.71484375,-6.71484375,6.71484375,45.08912658691406
2001-09-06 16:00:00,36914.0,36802.00390625,111.99609375,111.99609375,12543.125015258789
2001-09-06 17:00:00,36759.0,36695.40234375,63.59765625,63.59765625,4044.661880493164
2001-09-06 18:00:00,35541.0,35823.6328125,-282.6328125,282.6328125,79881.30670166016
2001-09-06 19:00:00,35121.0,35483.9921875,-362.9921875,362.9921875,131763.32818603516
2001-09-06 20:00:00,35511.0,35413.78125,97.21875,97.21875,9451.4853515625
2001-09-06 21:00:00,33347.0,34489.94140625,-1142.94140625,1142.94140625,1306315.0581207275
2001-09-06 22:00:00,30206.0,30845.953125,-639.953125,639.953125,409540.0021972656
2001-09-06 23:00:00,27240.0,27168.818359375,71.181640625,71.181640625,5066.82596206665
2001-09-07 00:00:00,24966.0,24885.359375,80.640625,80.640625,6502.910400390625
2001-09-07 01:00:00,23635.0,23681.2109375,-46.2109375,46.2109375,2135.4507446289062
2001-09-07 02:00:00,22710.0,23145.744140625,-435.744140625,435.744140625,189872.95608901978
2001-09-07 03:00:00,22446.0,22382.470703125,63.529296875,63.529296875,4035.9715614318848
2001-09-07 04:00:00,22762.0,22707.78125,54.21875,54.21875,2939.6728515625
2001-09-07 05:00:00,24337.0,24216.787109375,120.212890625,120.212890625,14451.139072418213
2001-09-07 06:00:00,27569.0,27558.234375,10.765625,10.765625,115.898681640625
2001-09-07 07:00:00,29892.0,29876.818359375,15.181640625,15.181640625,230.4822120666504
2001-09-07 08:00:00,31636.0,31373.2734375,262.7265625,262.7265625,69025.2466430664
2001-09-07 09:00:00,33201.0,32887.546875,313.453125,313.453125,98252.86157226562
2001-09-07 10:00:00,34738.0,34323.2421875,414.7578125,414.7578125,172024.04302978516
2001-09-07 11:00:00,35745.0,35488.34375,256.65625,256.65625,65872.4306640625
2001-09-07 12:00:00,36484.0,36386.35546875,97.64453125,97.64453125,9534.454483032227
2001-09-07 13:00:00,37495.0,37147.18359375,347.81640625,347.81640625,120976.25245666504
2001-09-07 14:00:00,38095.0,38108.05078125,-13.05078125,13.05078125,170.32289123535156
2001-09-07 15:00:00,38516.0,38303.921875,212.078125,212.078125,44977.131103515625
2001-09-07 16:00:00,38639.0,38564.3046875,74.6953125,74.6953125,5579.389709472656
2001-09-07 17:00:00,38138.0,38310.41796875,-172.41796875,172.41796875,29727.955947875977
2001-09-07 18:00:00,36656.0,36868.9140625,-212.9140625,212.9140625,45332.398010253906
2001-09-07 19:00:00,35843.0,35916.98828125,-73.98828125,73.98828125,5474.265762329102
2001-09-07 20:00:00,35880.0,35748.6796875,131.3203125,131.3203125,17245.024475097656
2001-09-07 21:00:00,33974.0,34757.84375,-783.84375,783.84375,614411.0244140625
2001-09-07 22:00:00,31332.0,31380.6796875,-48.6796875,48.6796875,2369.7119750976562
2001-09-07 23:00:00,28662.0,28775.6171875,-113.6171875,113.6171875,12908.865295410156
2001-09-08 00:00:00,26399.0,26074.05078125,324.94921875,324.94921875,105591.99476623535
2001-09-08 01:00:00,24939.0,24749.97265625,189.02734375,189.02734375,35731.336685180664
2001-09-08 02:00:00,23757.0,23969.681640625,-212.681640625,212.681640625,45233.48025894165
2001-09-08 03:00:00,23064.0,23312.39453125,-248.39453125,248.39453125,61699.84315490723
2001-09-08 04:00:00,22798.0,23037.21875,-239.21875,239.21875,57225.6103515625
2001-09-08 05:00:00,23216.0,23341.69921875,-125.69921875,125.69921875,15800.293594360352
2001-09-08 06:00:00,23868.0,24411.8359375,-543.8359375,543.8359375,295757.5269165039
2001-09-08 07:00:00,24904.0,25341.0546875,-437.0546875,437.0546875,191016.79986572266
2001-09-08 08:00:00,27777.0,26781.076171875,995.923828125,995.923828125,991864.2714271545
2001-09-08 09:00:00,30164.0,29775.32421875,388.67578125,388.67578125,151068.86293029785
2001-09-08 10:00:00,31978.0,31883.900390625,94.099609375,94.099609375,8854.736484527588
2001-09-08 11:00:00,33141.0,33163.4453125,-22.4453125,22.4453125,503.79205322265625
2001-09-08 12:00:00,34040.0,33878.98828125,161.01171875,161.01171875,25924.7735748291
2001-09-08 13:00:00,34775.0,34385.1796875,389.8203125,389.8203125,151959.87603759766
2001-09-08 14:00:00,35268.0,34820.4609375,447.5390625,447.5390625,200291.2124633789
2001-09-08 15:00:00,35815.0,35867.05859375,-52.05859375,52.05859375,2710.097183227539
2001-09-08 16:00:00,35964.0,35946.015625,17.984375,17.984375,323.437744140625
2001-09-08 17:00:00,35860.0,36192.55859375,-332.55859375,332.55859375,110595.21827697754
2001-09-08 18:00:00,34817.0,35376.97265625,-559.97265625,559.97265625,313569.37574768066
2001-09-08 19:00:00,34601.0,34221.015625,379.984375,379.984375,144388.12524414062
2001-09-08 20:00:00,35189.0,34808.703125,380.296875,380.296875,144625.71313476562
2001-09-08 21:00:00,33642.0,34514.03515625,-872.03515625,872.03515625,760445.3137359619
2001-09-08 22:00:00,31450.0,31530.224609375,-80.224609375,80.224609375,6435.987949371338
2001-09-08 23:00:00,29340.0,28895.416015625,444.583984375,444.583984375,197654.91916275024
2001-09-09 00:00:00,26689.0,27065.607421875,-376.607421875,376.607421875,141833.15021133423
2001-09-09 01:00:00,24976.0,25395.025390625,-419.025390625,419.025390625,175582.27798843384
2001-09-09 02:00:00,23974.0,23579.578125,394.421875,394.421875,155568.61547851562
2001-09-09 03:00:00,23169.0,23510.107421875,-341.107421875,341.107421875,116354.27325820923
2001-09-09 04:00:00,22734.0,22986.6171875,-252.6171875,252.6171875,63815.443420410156
2001-09-09 05:00:00,22855.0,22647.98828125,207.01171875,207.01171875,42853.8516998291
2001-09-09 06:00:00,23142.0,23218.767578125,-76.767578125,76.767578125,5893.2610511779785
2001-09-09 07:00:00,23926.0,23878.43359375,47.56640625,47.56640625,2262.563003540039
2001-09-09 08:00:00,26365.0,25811.88671875,553.11328125,553.11328125,305934.3018951416
2001-09-09 09:00:00,29072.0,28946.44921875,125.55078125,125.55078125,15762.998672485352
2001-09-09 10:00:00,31246.0,30789.005859375,456.994140625,456.994140625,208843.64456558228
2001-09-09 11:00:00,32966.0,32591.92578125,374.07421875,374.07421875,139931.52113342285
2001-09-09 12:00:00,34456.0,34256.6875,199.3125,199.3125,39725.47265625
2001-09-09 13:00:00,35282.0,35393.6796875,-111.6796875,111.6796875,12472.352600097656
2001-09-09 14:00:00,35937.0,35962.28125,-25.28125,25.28125,639.1416015625
2001-09-09 15:00:00,36420.0,36368.94921875,51.05078125,51.05078125,2606.1822662353516
2001-09-09 16:00:00,37065.0,36560.87890625,504.12109375,504.12109375,254138.0771636963
2001-09-09 17:00:00,37087.0,37244.39453125,-157.39453125,157.39453125,24773.038467407227
2001-09-09 18:00:00,36186.0,36670.8828125,-484.8828125,484.8828125,235111.34185791016
2001-09-09 19:00:00,36270.0,35744.46484375,525.53515625,525.53515625,276187.2004547119
2001-09-09 20:00:00,37248.0,36472.98828125,775.01171875,775.01171875,600643.1641998291
2001-09-09 21:00:00,35632.0,35961.1328125,-329.1328125,329.1328125,108328.40826416016
2001-09-09 22:00:00,32938.0,32927.48828125,10.51171875,10.51171875,110.49623107910156
2001-09-09 23:00:00,30277.0,29882.0546875,394.9453125,394.9453125,155981.79986572266
2001-09-10 00:00:00,27998.0,28011.611328125,-13.611328125,13.611328125,185.26825332641602
2001-09-10 01:00:00,26745.0,26666.8359375,78.1640625,78.1640625,6109.620666503906
2001-09-10 02:00:00,26059.0,25899.400390625,159.599609375,159.599609375,25472.035312652588
2001-09-10 03:00:00,25795.0,25762.8125,32.1875,32.1875,1036.03515625
2001-09-10 04:00:00,26207.0,26099.73046875,107.26953125,107.26953125,11506.752334594727
2001-09-10 05:00:00,28098.0,28122.966796875,-24.966796875,24.966796875,623.3409461975098
2001-09-10 06:00:00,32016.0,31301.90625,714.09375,714.09375,509929.8837890625
2001-09-10 07:00:00,34930.0,35333.71875,-403.71875,403.71875,162988.8291015625
2001-09-10 08:00:00,36925.0,36895.6875,29.3125,29.3125,859.22265625
2001-09-10 09:00:00,38546.0,38580.6953125,-34.6953125,34.6953125,1203.7647094726562
2001-09-10 10:00:00,40000.0,39835.2109375,164.7890625,164.7890625,27155.435119628906
2001-09-10 11:00:00,41021.0,40898.24609375,122.75390625,122.75390625,15068.521499633789
2001-09-10 12:00:00,41994.0,41984.91796875,9.08203125,9.08203125,82.48329162597656
2001-09-10 13:00:00,42394.0,42895.46484375,-501.46484375,501.46484375,251466.9895172119
2001-09-10 14:00:00,43012.0,43067.34765625,-55.34765625,55.34765625,3063.363052368164
2001-09-10 15:00:00,43184.0,43209.16015625,-25.16015625,25.16015625,633.0334625244141
2001-09-10 16:00:00,42998.0,43025.359375,-27.359375,27.359375,748.535400390625
2001-09-10 17:00:00,42158.0,42393.8515625,-235.8515625,235.8515625,55625.959533691406
2001-09-10 18:00:00,41109.0,40713.11328125,395.88671875,395.88671875,156726.2940826416
2001-09-10 19:00:00,40518.0,40437.83203125,80.16796875,80.16796875,6426.903213500977
2001-09-10 20:00:00,40375.0,40165.41015625,209.58984375,209.58984375,43927.902603149414
2001-09-10 21:00:00,37644.0,38465.6484375,-821.6484375,821.6484375,675106.1548461914
2001-09-10 22:00:00,33927.0,33928.2890625,-1.2890625,1.2890625,1.66168212890625
2001-09-10 23:00:00,30510.0,30849.66796875,-339.66796875,339.66796875,115374.32899475098
2001-09-11 00:00:00,27611.0,28136.255859375,-525.255859375,525.255859375,275893.7178077698
2001-09-11 01:00:00,25944.0,26285.42578125,-341.42578125,341.42578125,116571.56410217285
2001-09-11 02:00:00,24850.0,25263.72265625,-413.72265625,413.72265625,171166.43629455566
2001-09-11 03:00:00,24296.0,24159.67578125,136.32421875,136.32421875,18584.29261779785
2001-09-11 04:00:00,24414.0,23983.53515625,430.46484375,430.46484375,185299.9817047119
2001-09-11 05:00:00,25843.0,25956.373046875,-113.373046875,113.373046875,12853.447757720947
2001-09-11 06:00:00,29166.0,28905.40625,260.59375,260.59375,67909.1025390625
2001-09-11 07:00:00,31269.0,31614.693359375,-345.693359375,345.693359375,119503.8987159729
2001-09-11 08:00:00,32704.0,33190.9765625,-486.9765625,486.9765625,237146.1724243164
2001-09-11 09:00:00,33887.0,34271.4453125,-384.4453125,384.4453125,147798.19830322266
2001-09-11 10:00:00,34796.0,35314.984375,-518.984375,518.984375,269344.7814941406
2001-09-11 11:00:00,35451.0,35664.20703125,-213.20703125,213.20703125,45457.23817443848
2001-09-11 12:00:00,35790.0,35780.984375,9.015625,9.015625,81.281494140625
2001-09-11 13:00:00,36476.0,36226.69921875,249.30078125,249.30078125,62150.87953186035
2001-09-11 14:00:00,36914.0,37016.15234375,-102.15234375,102.15234375,10435.101333618164
2001-09-11 15:00:00,37122.0,37297.75,-175.75,175.75,30888.0625
2001-09-11 16:00:00,37187.0,36863.91015625,323.08984375,323.08984375,104387.04713439941
2001-09-11 17:00:00,36762.0,36689.05078125,72.94921875,72.94921875,5321.588516235352
2001-09-11 18:00:00,35460.0,35650.13671875,-190.13671875,190.13671875,36151.9718170166
2001-09-11 19:00:00,34865.0,34812.6015625,52.3984375,52.3984375,2745.5962524414062
2001-09-11 20:00:00,35178.0,34673.18359375,504.81640625,504.81640625,254839.60401916504
2001-09-11 21:00:00,32949.0,34224.5859375,-1275.5859375,1275.5859375,1627119.483947754
2001-09-11 22:00:00,29931.0,29980.728515625,-49.728515625,49.728515625,2472.925266265869
2001-09-11 23:00:00,27052.0,27160.75390625,-108.75390625,108.75390625,11827.412124633789
2001-09-12 00:00:00,24763.0,24900.57421875,-137.57421875,137.57421875,18926.66566467285
2001-09-12 01:00:00,23567.0,23353.13671875,213.86328125,213.86328125,45737.5030670166
2001-09-12 02:00:00,22835.0,22878.765625,-43.765625,43.765625,1915.429931640625
2001-09-12 03:00:00,22472.0,22567.48046875,-95.48046875,95.48046875,9116.519912719727
2001-09-12 04:00:00,22684.0,22661.064453125,22.935546875,22.935546875,526.0393104553223
2001-09-12 05:00:00,24144.0,24380.302734375,-236.302734375,236.302734375,55838.98227310181
2001-09-12 06:00:00,27346.0,27349.560546875,-3.560546875,3.560546875,12.677494049072266
2001-09-12 07:00:00,29368.0,29752.69921875,-384.69921875,384.69921875,147993.48890686035
2001-09-12 08:00:00,31077.0,30864.197265625,212.802734375,212.802734375,45285.00375747681
2001-09-12 09:00:00,32759.0,32842.984375,-83.984375,83.984375,7053.375244140625
2001-09-12 10:00:00,34121.0,33919.96484375,201.03515625,201.03515625,40415.134048461914
2001-09-12 11:00:00,34818.0,34952.16015625,-134.16015625,134.16015625,17998.947525024414
2001-09-12 12:00:00,35315.0,34979.703125,335.296875,335.296875,112423.99438476562
2001-09-12 13:00:00,35997.0,36048.49609375,-51.49609375,51.49609375,2651.847671508789
2001-09-12 14:00:00,36576.0,36569.12890625,6.87109375,6.87109375,47.21192932128906
2001-09-12 15:00:00,37033.0,37025.3515625,7.6484375,7.6484375,58.49859619140625
2001-09-12 16:00:00,37292.0,37417.66015625,-125.66015625,125.66015625,15790.474868774414
2001-09-12 17:00:00,36954.0,36977.26953125,-23.26953125,23.26953125,541.4710845947266
2001-09-12 18:00:00,35519.0,36044.9296875,-525.9296875,525.9296875,276602.03619384766
2001-09-12 19:00:00,35045.0,35064.390625,-19.390625,19.390625,375.996337890625
2001-09-12 20:00:00,35351.0,35318.89453125,32.10546875,32.10546875,1030.7611236572266
2001-09-12 21:00:00,33164.0,34352.9140625,-1188.9140625,1188.9140625,1413516.648010254
2001-09-12 22:00:00,29691.0,30263.546875,-572.546875,572.546875,327809.9240722656
2001-09-12 23:00:00,26871.0,26885.626953125,-14.626953125,14.626953125,213.94775772094727
2001-09-13 00:00:00,24604.0,24602.08203125,1.91796875,1.91796875,3.6786041259765625
2001-09-13 01:00:00,23204.0,23450.314453125,-246.314453125,246.314453125,60670.80981826782
2001-09-13 02:00:00,22583.0,22524.994140625,58.005859375,58.005859375,3364.6797218322754
2001-09-13 03:00:00,22328.0,22246.63671875,81.36328125,81.36328125,6619.983535766602
2001-09-13 04:00:00,22556.0,22572.060546875,-16.060546875,16.060546875,257.94116592407227
2001-09-13 05:00:00,24240.0,24093.2109375,146.7890625,146.7890625,21547.028869628906
2001-09-13 06:00:00,27618.0,27525.390625,92.609375,92.609375,8576.496337890625
2001-09-13 07:00:00,29690.0,30029.65625,-339.65625,339.65625,115366.3681640625
2001-09-13 08:00:00,31294.0,30926.548828125,367.451171875,367.451171875,135020.3637123108
2001-09-13 09:00:00,32908.0,32684.16015625,223.83984375,223.83984375,50104.275650024414
2001-09-13 10:00:00,34482.0,34056.26171875,425.73828125,425.73828125,181253.0841217041
2001-09-13 11:00:00,35468.0,35387.87109375,80.12890625,80.12890625,6420.641616821289
2001-09-13 12:00:00,36392.0,35963.52734375,428.47265625,428.47265625,183588.81715393066
2001-09-13 13:00:00,37387.0,37046.16796875,340.83203125,340.83203125,116166.47352600098
2001-09-13 14:00:00,38293.0,37972.47265625,320.52734375,320.52734375,102737.77809143066
2001-09-13 15:00:00,39121.0,38677.8203125,443.1796875,443.1796875,196408.23541259766
2001-09-13 16:00:00,39551.0,39470.59765625,80.40234375,80.40234375,6464.536880493164
2001-09-13 17:00:00,39198.0,39231.59765625,-33.59765625,33.59765625,1128.802505493164
2001-09-13 18:00:00,37754.0,38185.6875,-431.6875,431.6875,186354.09765625
2001-09-13 19:00:00,37771.0,37486.5,284.5,284.5,80940.25
2001-09-13 20:00:00,38008.0,37300.30859375,707.69140625,707.69140625,500827.12648010254
2001-09-13 21:00:00,35718.0,36906.3046875,-1188.3046875,1188.3046875,1412068.0303344727
2001-09-13 22:00:00,32145.0,33216.2265625,-1071.2265625,1071.2265625,1147526.3482055664
2001-09-13 23:00:00,28992.0,28948.28125,43.71875,43.71875,1911.3291015625
2001-09-14 00:00:00,26558.0,26575.5078125,-17.5078125,17.5078125,306.52349853515625
2001-09-14 01:00:00,24930.0,25107.521484375,-177.521484375,177.521484375,31513.87741470337
2001-09-14 02:00:00,23970.0,24183.67578125,-213.67578125,213.67578125,45657.33949279785
2001-09-14 03:00:00,23383.0,23614.08984375,-231.08984375,231.08984375,53402.515884399414
2001-09-14 04:00:00,23310.0,23593.892578125,-283.892578125,283.892578125,80594.99591445923
2001-09-14 05:00:00,24731.0,24638.48046875,92.51953125,92.51953125,8559.863662719727
2001-09-14 06:00:00,28018.0,27477.36328125,540.63671875,540.63671875,292288.0616607666
2001-09-14 07:00:00,30307.0,30715.017578125,-408.017578125,408.017578125,166478.34405899048
2001-09-14 08:00:00,31170.0,32351.10546875,-1181.10546875,1181.10546875,1395010.1283111572
2001-09-14 09:00:00,31713.0,32812.44140625,-1099.44140625,1099.44140625,1208771.4057769775
2001-09-14 10:00:00,32078.0,32472.013671875,-394.013671875,394.013671875,155246.77362442017
2001-09-14 11:00:00,31824.0,32536.939453125,-712.939453125,712.939453125,508282.6638221741
2001-09-14 12:00:00,31303.0,31636.662109375,-333.662109375,333.662109375,111330.40323257446
2001-09-14 13:00:00,31276.0,31093.2109375,182.7890625,182.7890625,33411.841369628906
2001-09-14 14:00:00,31040.0,30879.654296875,160.345703125,160.345703125,25710.744510650635
2001-09-14 15:00:00,30548.0,30894.908203125,-346.908203125,346.908203125,120345.30139541626
2001-09-14 16:00:00,30279.0,30786.369140625,-507.369140625,507.369140625,257423.44485855103
2001-09-14 17:00:00,29774.0,30485.046875,-711.046875,711.046875,505587.6584472656
2001-09-14 18:00:00,28972.0,29510.005859375,-538.005859375,538.005859375,289450.3047218323
2001-09-14 19:00:00,29318.0,29542.7890625,-224.7890625,224.7890625,50530.122619628906
2001-09-14 20:00:00,29759.0,30123.267578125,-364.267578125,364.267578125,132690.86847305298
2001-09-14 21:00:00,28253.0,29836.453125,-1583.453125,1583.453125,2507323.7990722656
2001-09-14 22:00:00,26265.0,26454.8203125,-189.8203125,189.8203125,36031.751037597656
2001-09-14 23:00:00,23923.0,24257.298828125,-334.298828125,334.298828125,111755.70648574829
2001-09-15 00:00:00,22120.0,21915.23828125,204.76171875,204.76171875,41927.3614654541
2001-09-15 01:00:00,20923.0,20845.615234375,77.384765625,77.384765625,5988.401950836182
2001-09-15 02:00:00,20330.0,20285.90234375,44.09765625,44.09765625,1944.603286743164
2001-09-15 03:00:00,19914.0,19988.3828125,-74.3828125,74.3828125,5532.802795410156
2001-09-15 04:00:00,19919.0,19915.5859375,3.4140625,3.4140625,11.65582275390625
2001-09-15 05:00:00,20400.0,20604.171875,-204.171875,204.171875,41686.154541015625
2001-09-15 06:00:00,21314.0,21649.6171875,-335.6171875,335.6171875,112638.89654541016
2001-09-15 07:00:00,22309.0,22376.384765625,-67.384765625,67.384765625,4540.706638336182
2001-09-15 08:00:00,24491.0,24334.01953125,156.98046875,156.98046875,24642.867568969727
2001-09-15 09:00:00,26010.0,26272.34375,-262.34375,262.34375,68824.2431640625
2001-09-15 10:00:00,26950.0,27118.3515625,-168.3515625,168.3515625,28342.248596191406
2001-09-15 11:00:00,26982.0,27201.5625,-219.5625,219.5625,48207.69140625
2001-09-15 12:00:00,26826.0,26703.015625,122.984375,122.984375,15125.156494140625
2001-09-15 13:00:00,26563.0,26603.4296875,-40.4296875,40.4296875,1634.5596313476562
2001-09-15 14:00:00,26214.0,26197.94921875,16.05078125,16.05078125,257.62757873535156
2001-09-15 15:00:00,25964.0,25816.21875,147.78125,147.78125,21839.2978515625
2001-09-15 16:00:00,26111.0,26064.966796875,46.033203125,46.033203125,2119.0557899475098
2001-09-15 17:00:00,26084.0,26244.677734375,-160.677734375,160.677734375,25817.334323883057
2001-09-15 18:00:00,26044.0,26353.44921875,-309.44921875,309.44921875,95758.81898498535
2001-09-15 19:00:00,26894.0,26494.9296875,399.0703125,399.0703125,159257.11431884766
2001-09-15 20:00:00,27510.0,27645.47265625,-135.47265625,135.47265625,18352.840591430664
2001-09-15 21:00:00,26461.0,26963.623046875,-502.623046875,502.623046875,252629.92724990845
2001-09-15 22:00:00,24726.0,24518.447265625,207.552734375,207.552734375,43078.13754653931
2001-09-15 23:00:00,22853.0,22788.4765625,64.5234375,64.5234375,4163.273986816406
2001-09-16 00:00:00,21098.0,21223.771484375,-125.771484375,125.771484375,15818.46628189087
2001-09-16 01:00:00,19939.0,20047.263671875,-108.263671875,108.263671875,11721.022647857666
2001-09-16 02:00:00,19414.0,19314.64453125,99.35546875,99.35546875,9871.509170532227
2001-09-16 03:00:00,19023.0,19029.587890625,-6.587890625,6.587890625,43.40030288696289
2001-09-16 04:00:00,19056.0,18908.9140625,147.0859375,147.0859375,21634.273010253906
2001-09-16 05:00:00,19211.0,19050.435546875,160.564453125,160.564453125,25780.943607330322
2001-09-16 06:00:00,19814.0,19780.7734375,33.2265625,33.2265625,1104.0044555664062
2001-09-16 07:00:00,20493.0,20810.61328125,-317.61328125,317.61328125,100878.1964263916
2001-09-16 08:00:00,22376.0,22296.779296875,79.220703125,79.220703125,6275.919803619385
2001-09-16 09:00:00,24018.0,23833.40234375,184.59765625,184.59765625,34076.294692993164
2001-09-16 10:00:00,24889.0,24809.501953125,79.498046875,79.498046875,6319.939456939697
2001-09-16 11:00:00,25412.0,25080.220703125,331.779296875,331.779296875,110077.50183486938
2001-09-16 12:00:00,25804.0,25337.814453125,466.185546875,466.185546875,217328.96411514282
2001-09-16 13:00:00,25974.0,25756.09765625,217.90234375,217.90234375,47481.431411743164
2001-09-16 14:00:00,25934.0,25977.416015625,-43.416015625,43.416015625,1884.9504127502441
2001-09-16 15:00:00,26193.0,26071.447265625,121.552734375,121.552734375,14775.067234039307
2001-09-16 16:00:00,26514.0,26596.724609375,-82.724609375,82.724609375,6843.360996246338
2001-09-16 17:00:00,26910.0,26963.826171875,-53.826171875,53.826171875,2897.256778717041
2001-09-16 18:00:00,26927.0,26973.91796875,-46.91796875,46.91796875,2201.2957916259766
2001-09-16 19:00:00,28132.0,27648.48828125,483.51171875,483.51171875,233783.5821685791
2001-09-16 20:00:00,28879.0,28774.673828125,104.326171875,104.326171875,10883.950138092041
2001-09-16 21:00:00,27368.0,27794.953125,-426.953125,426.953125,182288.97094726562
2001-09-16 22:00:00,25153.0,25415.919921875,-262.919921875,262.919921875,69126.8853187561
2001-09-16 23:00:00,23096.0,23005.775390625,90.224609375,90.224609375,8140.480136871338
2001-09-17 00:00:00,21498.0,21361.828125,136.171875,136.171875,18542.779541015625
2001-09-17 01:00:00,20585.0,20550.19921875,34.80078125,34.80078125,1211.0943756103516
2001-09-17 02:00:00,20077.0,20226.59375,-149.59375,149.59375,22378.2900390625
2001-09-17 03:00:00,20056.0,19975.126953125,80.873046875,80.873046875,6540.449710845947
2001-09-17 04:00:00,20562.0,20392.0546875,169.9453125,169.9453125,28881.409240722656
2001-09-17 05:00:00,22345.0,22347.24609375,-2.24609375,2.24609375,5.0449371337890625
2001-09-17 06:00:00,25868.0,25926.814453125,-58.814453125,58.814453125,3459.1398963928223
2001-09-17 07:00:00,28243.0,28657.140625,-414.140625,414.140625,171512.45727539062
2001-09-17 08:00:00,29461.0,29684.72265625,-223.72265625,223.72265625,50051.826919555664
2001-09-17 09:00:00,30552.0,30364.677734375,187.322265625,187.322265625,35089.63119888306
2001-09-17 10:00:00,31624.0,31495.81640625,128.18359375,128.18359375,16431.03370666504
2001-09-17 11:00:00,32236.0,32122.203125,113.796875,113.796875,12949.728759765625
2001-09-17 12:00:00,32559.0,32176.123046875,382.876953125,382.876953125,146594.76123428345
2001-09-17 13:00:00,33003.0,33016.03125,-13.03125,13.03125,169.8134765625
2001-09-17 14:00:00,33184.0,33016.94921875,167.05078125,167.05078125,27905.96351623535
2001-09-17 15:00:00,33292.0,33100.65234375,191.34765625,191.34765625,36613.925552368164
2001-09-17 16:00:00,33306.0,33282.73046875,23.26953125,23.26953125,541.4710845947266
2001-09-17 17:00:00,32955.0,33120.578125,-165.578125,165.578125,27416.115478515625
2001-09-17 18:00:00,32192.0,32542.60546875,-350.60546875,350.60546875,122924.19471740723
2001-09-17 19:00:00,32826.0,32379.67578125,446.32421875,446.32421875,199205.30824279785
2001-09-17 20:00:00,32841.0,32839.14453125,1.85546875,1.85546875,3.4427642822265625
2001-09-17 21:00:00,30716.0,31261.490234375,-545.490234375,545.490234375,297559.59579849243
2001-09-17 22:00:00,27795.0,27740.560546875,54.439453125,54.439453125,2963.6540565490723
2001-09-17 23:00:00,24975.0,24989.798828125,-14.798828125,14.798828125,219.00531387329102
2001-09-18 00:00:00,23088.0,23150.73046875,-62.73046875,62.73046875,3935.1117095947266
2001-09-18 01:00:00,22009.0,22135.623046875,-126.623046875,126.623046875,16033.395999908447
2001-09-18 02:00:00,21482.0,21402.1171875,79.8828125,79.8828125,6381.263732910156
2001-09-18 03:00:00,21138.0,21283.357421875,-145.357421875,145.357421875,21128.78009414673
2001-09-18 04:00:00,21422.0,21409.7734375,12.2265625,12.2265625,149.48883056640625
2001-09-18 05:00:00,23173.0,22973.35546875,199.64453125,199.64453125,39857.93885803223
2001-09-18 06:00:00,26363.0,26760.9296875,-397.9296875,397.9296875,158348.03619384766
2001-09-18 07:00:00,28368.0,29285.25,-917.25,917.25,841347.5625
2001-09-18 08:00:00,29886.0,29945.203125,-59.203125,59.203125,3505.010009765625
2001-09-18 09:00:00,30971.0,30918.984375,52.015625,52.015625,2705.625244140625
2001-09-18 10:00:00,32059.0,31908.15234375,150.84765625,150.84765625,22755.015396118164
2001-09-18 11:00:00,32754.0,32679.697265625,74.302734375,74.302734375,5520.896335601807
2001-09-18 12:00:00,33129.0,33357.57421875,-228.57421875,228.57421875,52246.17347717285
2001-09-18 13:00:00,33607.0,33622.9140625,-15.9140625,15.9140625,253.25738525390625
2001-09-18 14:00:00,33759.0,33775.59765625,-16.59765625,16.59765625,275.48219299316406
2001-09-18 15:00:00,33419.0,33840.984375,-421.984375,421.984375,178070.81274414062
2001-09-18 16:00:00,33312.0,33431.81640625,-119.81640625,119.81640625,14355.971206665039
2001-09-18 17:00:00,32865.0,33053.69140625,-188.69140625,188.69140625,35604.44679260254
2001-09-18 18:00:00,32181.0,32319.26953125,-138.26953125,138.26953125,19118.463272094727
2001-09-18 19:00:00,32963.0,32395.951171875,567.048828125,567.048828125,321544.3734779358
2001-09-18 20:00:00,33181.0,33510.30078125,-329.30078125,329.30078125,108439.00453186035
2001-09-18 21:00:00,31268.0,31796.34375,-528.34375,528.34375,279147.1181640625
2001-09-18 22:00:00,28251.0,28533.287109375,-282.287109375,282.287109375,79686.01211929321
2001-09-18 23:00:00,25495.0,25489.38671875,5.61328125,5.61328125,31.508926391601562
2001-09-19 00:00:00,23575.0,23450.94140625,124.05859375,124.05859375,15390.534683227539
2001-09-19 01:00:00,22504.0,22315.82421875,188.17578125,188.17578125,35410.12464904785
2001-09-19 02:00:00,21755.0,21831.6015625,-76.6015625,76.6015625,5867.799377441406
2001-09-19 03:00:00,21498.0,21379.576171875,118.423828125,118.423828125,14024.203067779541
2001-09-19 04:00:00,21924.0,21709.208984375,214.791015625,214.791015625,46135.180393218994
2001-09-19 05:00:00,23566.0,23481.638671875,84.361328125,84.361328125,7116.833683013916
2001-09-19 06:00:00,27070.0,27434.671875,-364.671875,364.671875,132985.57641601562
2001-09-19 07:00:00,29005.0,29821.75,-816.75,816.75,667080.5625
2001-09-19 08:00:00,30242.0,30224.458984375,17.541015625,17.541015625,307.68722915649414
2001-09-19 09:00:00,31552.0,31324.486328125,227.513671875,227.513671875,51762.470890045166
2001-09-19 10:00:00,32905.0,32518.74609375,386.25390625,386.25390625,149192.0800933838
2001-09-19 11:00:00,33688.0,33602.32421875,85.67578125,85.67578125,7340.339492797852
2001-09-19 12:00:00,33967.0,34225.27734375,-258.27734375,258.27734375,66707.18629455566
2001-09-19 13:00:00,34368.0,34615.3671875,-247.3671875,247.3671875,61190.525451660156
2001-09-19 14:00:00,34719.0,34664.14453125,54.85546875,54.85546875,3009.1224517822266
2001-09-19 15:00:00,34601.0,34664.76171875,-63.76171875,63.76171875,4065.5567779541016
2001-09-19 16:00:00,34522.0,34507.5078125,14.4921875,14.4921875,210.02349853515625
2001-09-19 17:00:00,33806.0,34134.71484375,-328.71484375,328.71484375,108053.44850158691
2001-09-19 18:00:00,32949.0,33526.8203125,-577.8203125,577.8203125,333876.31353759766
2001-09-19 19:00:00,33929.0,32888.12890625,1040.87109375,1040.87109375,1083412.6338043213
2001-09-19 20:00:00,33894.0,33996.07421875,-102.07421875,102.07421875,10419.146133422852
2001-09-19 21:00:00,31978.0,32536.22265625,-558.22265625,558.22265625,311612.53395080566
2001-09-19 22:00:00,29072.0,29513.15234375,-441.15234375,441.15234375,194615.39039611816
2001-09-19 23:00:00,26541.0,26394.927734375,146.072265625,146.072265625,21337.106784820557
2001-09-20 00:00:00,24546.0,24384.7890625,161.2109375,161.2109375,25988.966369628906
2001-09-20 01:00:00,23490.0,23350.013671875,139.986328125,139.986328125,19596.172061920166
2001-09-20 02:00:00,22902.0,22702.087890625,199.912109375,199.912109375,39964.85147476196
2001-09-20 03:00:00,22608.0,22533.998046875,74.001953125,74.001953125,5476.289066314697
2001-09-20 04:00:00,23091.0,22977.33984375,113.66015625,113.66015625,12918.631118774414
2001-09-20 05:00:00,25043.0,24668.396484375,374.603515625,374.603515625,140327.79391860962
2001-09-20 06:00:00,28919.0,28416.904296875,502.095703125,502.095703125,252100.09509658813
2001-09-20 07:00:00,31293.0,31365.107421875,-72.107421875,72.107421875,5199.4802894592285
2001-09-20 08:00:00,32596.0,32310.109375,285.890625,285.890625,81733.44946289062
2001-09-20 09:00:00,33480.0,33579.9140625,-99.9140625,99.9140625,9982.819885253906
2001-09-20 10:00:00,34156.0,34207.171875,-51.171875,51.171875,2618.560791015625
2001-09-20 11:00:00,34400.0,34573.27734375,-173.27734375,173.27734375,30025.037857055664
2001-09-20 12:00:00,34155.0,34647.56640625,-492.56640625,492.56640625,242621.66456604004
2001-09-20 13:00:00,34110.0,34274.13671875,-164.13671875,164.13671875,26940.8624420166
2001-09-20 14:00:00,33897.0,34180.61328125,-283.61328125,283.61328125,80436.4933013916
2001-09-20 15:00:00,33681.0,33860.83984375,-179.83984375,179.83984375,32342.369400024414
2001-09-20 16:00:00,33688.0,33678.12109375,9.87890625,9.87890625,97.59278869628906
2001-09-20 17:00:00,33564.0,33800.56640625,-236.56640625,236.56640625,55963.66456604004
2001-09-20 18:00:00,33378.0,33626.57421875,-248.57421875,248.57421875,61789.14222717285
2001-09-20 19:00:00,34309.0,33455.18359375,853.81640625,853.81640625,729002.455581665
2001-09-20 20:00:00,34119.0,34101.12109375,17.87890625,17.87890625,319.65528869628906
2001-09-20 21:00:00,32027.0,32496.1328125,-469.1328125,469.1328125,220085.59576416016
2001-09-20 22:00:00,29719.0,29567.896484375,151.103515625,151.103515625,22832.27243423462
2001-09-20 23:00:00,26931.0,26953.53515625,-22.53515625,22.53515625,507.83326721191406
2001-09-21 00:00:00,24888.0,24783.318359375,104.681640625,104.681640625,10958.24588394165
2001-09-21 01:00:00,23714.0,23672.34375,41.65625,41.65625,1735.2431640625
2001-09-21 02:00:00,23005.0,23074.65625,-69.65625,69.65625,4851.9931640625
2001-09-21 03:00:00,22819.0,22683.21484375,135.78515625,135.78515625,18437.608657836914
2001-09-21 04:00:00,23194.0,23402.01953125,-208.01953125,208.01953125,43272.12538146973
2001-09-21 05:00:00,24858.0,24952.912109375,-94.912109375,94.912109375,9008.308506011963
2001-09-21 06:00:00,28487.0,27877.6328125,609.3671875,609.3671875,371328.36920166016
2001-09-21 07:00:00,31004.0,31039.83984375,-35.83984375,35.83984375,1284.494400024414
2001-09-21 08:00:00,32284.0,32243.791015625,40.208984375,40.208984375,1616.7624244689941
2001-09-21 09:00:00,33395.0,33460.14453125,-65.14453125,65.14453125,4243.809951782227
2001-09-21 10:00:00,34468.0,34335.0546875,132.9453125,132.9453125,17674.456115722656
2001-09-21 11:00:00,35143.0,34758.53515625,384.46484375,384.46484375,147813.2160797119
2001-09-21 12:00:00,35646.0,35434.5,211.5,211.5,44732.25
2001-09-21 13:00:00,36122.0,36085.44921875,36.55078125,36.55078125,1335.9596099853516
2001-09-21 14:00:00,36400.0,36363.0546875,36.9453125,36.9453125,1364.9561157226562
2001-09-21 15:00:00,36305.0,36444.1953125,-139.1953125,139.1953125,19375.335021972656
2001-09-21 16:00:00,36026.0,35846.26953125,179.73046875,179.73046875,32303.041397094727
2001-09-21 17:00:00,35241.0,35452.48046875,-211.48046875,211.48046875,44723.98866271973
2001-09-21 18:00:00,34327.0,35039.28515625,-712.28515625,712.28515625,507350.1438140869
2001-09-21 19:00:00,34614.0,34207.70703125,406.29296875,406.29296875,165073.97645568848
2001-09-21 20:00:00,34089.0,34229.88671875,-140.88671875,140.88671875,19849.0675201416
2001-09-21 21:00:00,32368.0,32594.005859375,-226.005859375,226.005859375,51078.648471832275
2001-09-21 22:00:00,30151.0,29875.337890625,275.662109375,275.662109375,75989.59854507446
2001-09-21 23:00:00,27706.0,27431.892578125,274.107421875,274.107421875,75134.87872695923
2001-09-22 00:00:00,25214.0,25248.88671875,-34.88671875,34.88671875,1217.0831451416016
2001-09-22 01:00:00,23818.0,23879.607421875,-61.607421875,61.607421875,3795.4744300842285
2001-09-22 02:00:00,22863.0,23140.8359375,-277.8359375,277.8359375,77192.8081665039
2001-09-22 03:00:00,22364.0,22492.966796875,-128.966796875,128.966796875,16632.43469619751
2001-09-22 04:00:00,22202.0,22262.31640625,-60.31640625,60.31640625,3638.068862915039
2001-09-22 05:00:00,22660.0,22892.521484375,-232.521484375,232.521484375,54066.24069595337
2001-09-22 06:00:00,23690.0,23514.205078125,175.794921875,175.794921875,30903.854557037354
2001-09-22 07:00:00,24840.0,25658.693359375,-818.693359375,818.693359375,670258.8166847229
2001-09-22 08:00:00,27007.0,26745.89453125,261.10546875,261.10546875,68176.06581115723
2001-09-22 09:00:00,29116.0,28806.818359375,309.181640625,309.181640625,95593.28689956665
2001-09-22 10:00:00,30627.0,30416.830078125,210.169921875,210.169921875,44171.3960609436
2001-09-22 11:00:00,31654.0,31336.703125,317.296875,317.296875,100677.30688476562
2001-09-22 12:00:00,32359.0,32052.9921875,306.0078125,306.0078125,93640.78131103516
2001-09-22 13:00:00,32752.0,32868.06640625,-116.06640625,116.06640625,13471.410659790039
2001-09-22 14:00:00,32867.0,32878.3359375,-11.3359375,11.3359375,128.50347900390625
2001-09-22 15:00:00,32938.0,32763.4765625,174.5234375,174.5234375,30458.430236816406
2001-09-22 16:00:00,32757.0,32832.56640625,-75.56640625,75.56640625,5710.281753540039
2001-09-22 17:00:00,32313.0,32639.140625,-326.140625,326.140625,106367.70727539062
2001-09-22 18:00:00,31634.0,31962.44921875,-328.44921875,328.44921875,107878.88929748535
2001-09-22 19:00:00,32572.0,31270.751953125,1301.248046875,1301.248046875,1693246.4794960022
2001-09-22 20:00:00,32259.0,32703.29296875,-444.29296875,444.29296875,197396.24208068848
2001-09-22 21:00:00,30865.0,31641.466796875,-776.466796875,776.466796875,602900.6866493225
2001-09-22 22:00:00,28723.0,28935.291015625,-212.291015625,212.291015625,45067.475315093994
2001-09-22 23:00:00,26537.0,26681.1171875,-144.1171875,144.1171875,20769.763732910156
2001-09-23 00:00:00,24274.0,24484.953125,-210.953125,210.953125,44501.220947265625
2001-09-23 01:00:00,23158.0,22821.076171875,336.923828125,336.923828125,113517.66595840454
2001-09-23 02:00:00,21982.0,22165.12109375,-183.12109375,183.12109375,33533.33497619629
2001-09-23 03:00:00,21472.0,21206.318359375,265.681640625,265.681640625,70586.73416519165
2001-09-23 04:00:00,21160.0,20967.4921875,192.5078125,192.5078125,37059.257873535156
2001-09-23 05:00:00,21314.0,21484.732421875,-170.732421875,170.732421875,29149.55987930298
2001-09-23 06:00:00,21743.0,21811.94921875,-68.94921875,68.94921875,4753.994766235352
2001-09-23 07:00:00,22282.0,22974.2578125,-692.2578125,692.2578125,479220.87896728516
2001-09-23 08:00:00,24316.0,24375.501953125,-59.501953125,59.501953125,3540.4824256896973
2001-09-23 09:00:00,26394.0,26238.921875,155.078125,155.078125,24049.224853515625
2001-09-23 10:00:00,27881.0,27772.9765625,108.0234375,108.0234375,11669.063049316406
2001-09-23 11:00:00,29194.0,29055.734375,138.265625,138.265625,19117.383056640625
2001-09-23 12:00:00,30159.0,29967.08984375,191.91015625,191.91015625,36829.508071899414
2001-09-23 13:00:00,30820.0,30524.935546875,295.064453125,295.064453125,87063.03149795532
2001-09-23 14:00:00,31141.0,31345.095703125,-204.095703125,204.095703125,41655.056034088135
2001-09-23 15:00:00,31339.0,31413.564453125,-74.564453125,74.564453125,5559.857669830322
2001-09-23 16:00:00,31578.0,31952.185546875,-374.185546875,374.185546875,140014.82349014282
2001-09-23 17:00:00,31609.0,31807.4609375,-198.4609375,198.4609375,39386.743713378906
2001-09-23 18:00:00,31337.0,31759.57421875,-422.57421875,422.57421875,178568.97035217285
2001-09-23 19:00:00,32566.0,31385.57421875,1180.42578125,1180.42578125,1393405.0250396729
2001-09-23 20:00:00,32553.0,32738.70703125,-185.70703125,185.70703125,34487.10145568848
2001-09-23 21:00:00,30992.0,32012.806640625,-1020.806640625,1020.806640625,1042046.1975440979
2001-09-23 22:00:00,28527.0,29026.396484375,-499.396484375,499.396484375,249396.84860610962
2001-09-23 23:00:00,26189.0,26408.265625,-219.265625,219.265625,48077.414306640625
2001-09-24 00:00:00,24419.0,24330.224609375,88.775390625,88.775390625,7881.069980621338
2001-09-24 01:00:00,23461.0,23089.6484375,371.3515625,371.3515625,137901.9829711914
2001-09-24 02:00:00,22875.0,22886.658203125,-11.658203125,11.658203125,135.91370010375977
2001-09-24 03:00:00,22718.0,22636.86328125,81.13671875,81.13671875,6583.167129516602
2001-09-24 04:00:00,23225.0,23006.86328125,218.13671875,218.13671875,47583.6280670166
2001-09-24 05:00:00,25032.0,24908.26171875,123.73828125,123.73828125,15311.162246704102
2001-09-24 06:00:00,29256.0,28177.849609375,1078.150390625,1078.150390625,1162408.26480484
2001-09-24 07:00:00,31870.0,32251.427734375,-381.427734375,381.427734375,145487.11655044556
2001-09-24 08:00:00,33019.0,33347.171875,-328.171875,328.171875,107696.77954101562
2001-09-24 09:00:00,34405.0,34527.95703125,-122.95703125,122.95703125,15118.431533813477
2001-09-24 10:00:00,35511.0,35800.96875,-289.96875,289.96875,84081.8759765625
2001-09-24 11:00:00,36100.0,36141.984375,-41.984375,41.984375,1762.687744140625
2001-09-24 12:00:00,36531.0,36276.74609375,254.25390625,254.25390625,64645.04884338379
2001-09-24 13:00:00,37177.0,36703.17578125,473.82421875,473.82421875,224509.39027404785
2001-09-24 14:00:00,37238.0,37030.81640625,207.18359375,207.18359375,42925.04151916504
2001-09-24 15:00:00,37075.0,37475.359375,-400.359375,400.359375,160287.62915039062
2001-09-24 16:00:00,36920.0,36817.375,102.625,102.625,10531.890625
2001-09-24 17:00:00,36634.0,36636.5703125,-2.5703125,2.5703125,6.60650634765625
2001-09-24 18:00:00,36446.0,36063.13671875,382.86328125,382.86328125,146584.2921295166
2001-09-24 19:00:00,37175.0,35995.91796875,1179.08203125,1179.08203125,1390234.436416626
2001-09-24 20:00:00,36110.0,35984.83203125,125.16796875,125.16796875,15667.020401000977
2001-09-24 21:00:00,34011.0,34528.60546875,-517.60546875,517.60546875,267915.4212799072
2001-09-24 22:00:00,30961.0,30867.05078125,93.94921875,93.94921875,8826.455703735352
2001-09-24 23:00:00,28139.0,28029.0703125,109.9296875,109.9296875,12084.536193847656
2001-09-25 00:00:00,26026.0,25532.080078125,493.919921875,493.919921875,243956.8892250061
2001-09-25 01:00:00,24842.0,24808.34375,33.65625,33.65625,1132.7431640625
2001-09-25 02:00:00,23934.0,24261.62890625,-327.62890625,327.62890625,107340.70021057129
2001-09-25 03:00:00,23527.0,23583.083984375,-56.083984375,56.083984375,3145.413303375244
2001-09-25 04:00:00,23631.0,23682.544921875,-51.544921875,51.544921875,2656.8789710998535
2001-09-25 05:00:00,25258.0,25087.095703125,170.904296875,170.904296875,29208.278690338135
2001-09-25 06:00:00,29085.0,28633.287109375,451.712890625,451.712890625,204044.5355567932
2001-09-25 07:00:00,31370.0,31649.015625,-279.015625,279.015625,77849.71899414062
2001-09-25 08:00:00,32018.0,33050.54296875,-1032.54296875,1032.54296875,1066144.9823150635
2001-09-25 09:00:00,32587.0,32819.8515625,-232.8515625,232.8515625,54219.850158691406
2001-09-25 10:00:00,33007.0,33404.85546875,-397.85546875,397.85546875,158288.97401428223
2001-09-25 11:00:00,33279.0,33469.6796875,-190.6796875,190.6796875,36358.743225097656
2001-09-25 12:00:00,33152.0,33295.046875,-143.046875,143.046875,20462.408447265625
2001-09-25 13:00:00,33534.0,33294.296875,239.703125,239.703125,57457.588134765625
2001-09-25 14:00:00,33317.0,33597.2890625,-280.2890625,280.2890625,78561.9585571289
2001-09-25 15:00:00,32513.0,33373.1875,-860.1875,860.1875,739922.53515625
2001-09-25 16:00:00,32295.0,32554.99609375,-259.99609375,259.99609375,67597.96876525879
2001-09-25 17:00:00,31941.0,32123.849609375,-182.849609375,182.849609375,33433.97964859009
2001-09-25 18:00:00,31258.0,32192.9609375,-934.9609375,934.9609375,874151.9546508789
2001-09-25 19:00:00,32359.0,31182.0390625,1176.9609375,1176.9609375,1385237.048400879
2001-09-25 20:00:00,31724.0,33107.86328125,-1383.86328125,1383.86328125,1915077.5811920166
2001-09-25 21:00:00,29751.0,30431.322265625,-680.322265625,680.322265625,462838.38510513306
2001-09-25 22:00:00,27134.0,26902.1171875,231.8828125,231.8828125,53769.638732910156
2001-09-25 23:00:00,24195.0,24715.666015625,-520.666015625,520.666015625,271093.09982681274
2001-09-26 00:00:00,22414.0,22198.505859375,215.494140625,215.494140625,46437.724643707275
2001-09-26 01:00:00,21452.0,21273.10546875,178.89453125,178.89453125,32003.253311157227
2001-09-26 02:00:00,20857.0,20893.181640625,-36.181640625,36.181640625,1309.1111183166504
2001-09-26 03:00:00,20647.0,20765.30859375,-118.30859375,118.30859375,13996.923355102539
2001-09-26 04:00:00,21109.0,21008.939453125,100.060546875,100.060546875,10012.113040924072
2001-09-26 05:00:00,22833.0,22498.314453125,334.685546875,334.685546875,112014.41528701782
2001-09-26 06:00:00,26790.0,26587.607421875,202.392578125,202.392578125,40962.75568008423
2001-09-26 07:00:00,28733.0,29049.46875,-316.46875,316.46875,100152.4697265625
2001-09-26 08:00:00,29301.0,29758.78515625,-457.78515625,457.78515625,209567.2492828369
2001-09-26 09:00:00,30280.0,29769.421875,510.578125,510.578125,260690.02172851562
2001-09-26 10:00:00,30323.0,30838.6171875,-515.6171875,515.6171875,265861.08404541016
2001-09-26 11:00:00,30579.0,30681.70703125,-102.70703125,102.70703125,10548.734268188477
2001-09-26 12:00:00,30557.0,30502.947265625,54.052734375,54.052734375,2921.6980934143066
2001-09-26 13:00:00,30499.0,30626.8515625,-127.8515625,127.8515625,16346.022033691406
2001-09-26 14:00:00,30423.0,30465.01953125,-42.01953125,42.01953125,1765.6410064697266
2001-09-26 15:00:00,30279.0,30348.1953125,-69.1953125,69.1953125,4787.991271972656
2001-09-26 16:00:00,30236.0,30317.671875,-81.671875,81.671875,6670.295166015625
2001-09-26 17:00:00,29983.0,30212.728515625,-229.728515625,229.728515625,52775.19089126587
2001-09-26 18:00:00,29913.0,30528.505859375,-615.505859375,615.505859375,378847.4629249573
2001-09-26 19:00:00,31423.0,30819.56640625,603.43359375,603.43359375,364132.10206604004
2001-09-26 20:00:00,30870.0,31205.98828125,-335.98828125,335.98828125,112888.1251373291
2001-09-26 21:00:00,29241.0,29401.91015625,-160.91015625,160.91015625,25892.078384399414
2001-09-26 22:00:00,26567.0,26584.021484375,-17.021484375,17.021484375,289.73093032836914
2001-09-26 23:00:00,24201.0,23879.509765625,321.490234375,321.490234375,103355.97079849243
2001-09-27 00:00:00,22382.0,22273.126953125,108.873046875,108.873046875,11853.340335845947
2001-09-27 01:00:00,21407.0,21395.73046875,11.26953125,11.26953125,127.00233459472656
2001-09-27 02:00:00,20786.0,20905.798828125,-119.798828125,119.798828125,14351.759220123291
2001-09-27 03:00:00,20761.0,20596.1015625,164.8984375,164.8984375,27191.494689941406
2001-09-27 04:00:00,21107.0,21158.294921875,-51.294921875,51.294921875,2631.1690101623535
2001-09-27 05:00:00,22721.0,22929.751953125,-208.751953125,208.751953125,43577.3779335022
2001-09-27 06:00:00,26225.0,26340.95703125,-115.95703125,115.95703125,13446.033096313477
2001-09-27 07:00:00,28172.0,29046.103515625,-874.103515625,874.103515625,764056.9560279846
2001-09-27 08:00:00,29125.0,29322.591796875,-197.591796875,197.591796875,39042.51819229126
2001-09-27 09:00:00,29897.0,29822.326171875,74.673828125,74.673828125,5576.180606842041
2001-09-27 10:00:00,30467.0,30515.49609375,-48.49609375,48.49609375,2351.871109008789
2001-09-27 11:00:00,30750.0,30709.955078125,40.044921875,40.044921875,1603.5957679748535
2001-09-27 12:00:00,30660.0,30864.646484375,-204.646484375,204.646484375,41880.18356704712
2001-09-27 13:00:00,30807.0,30710.009765625,96.990234375,96.990234375,9407.105564117432
2001-09-27 14:00:00,30330.0,30717.650390625,-387.650390625,387.650390625,150272.8253517151
2001-09-27 15:00:00,30096.0,30113.57421875,-17.57421875,17.57421875,308.85316467285156
2001-09-27 16:00:00,29910.0,30060.328125,-150.328125,150.328125,22598.545166015625
2001-09-27 17:00:00,29742.0,29611.57421875,130.42578125,130.42578125,17010.88441467285
2001-09-27 18:00:00,30127.0,30147.9296875,-20.9296875,20.9296875,438.05181884765625
2001-09-27 19:00:00,31610.0,30974.611328125,635.388671875,635.388671875,403718.7643470764
2001-09-27 20:00:00,30901.0,31361.54296875,-460.54296875,460.54296875,212099.82606506348
2001-09-27 21:00:00,29206.0,29352.353515625,-146.353515625,146.353515625,21419.35153579712
2001-09-27 22:00:00,26567.0,26515.060546875,51.939453125,51.939453125,2697.7067909240723
2001-09-27 23:00:00,24032.0,23939.427734375,92.572265625,92.572265625,8569.624362945557
2001-09-28 00:00:00,22301.0,22080.646484375,220.353515625,220.353515625,48555.67184829712
2001-09-28 01:00:00,21362.0,21315.193359375,46.806640625,46.806640625,2190.8616065979004
2001-09-28 02:00:00,20814.0,20928.306640625,-114.306640625,114.306640625,13066.0080909729
2001-09-28 03:00:00,20733.0,20676.28515625,56.71484375,56.71484375,3216.573501586914
2001-09-28 04:00:00,20927.0,21146.47265625,-219.47265625,219.47265625,48168.246841430664
2001-09-28 05:00:00,22895.0,22854.39453125,40.60546875,40.60546875,1648.8040924072266
2001-09-28 06:00:00,26600.0,26299.265625,300.734375,300.734375,90441.16430664062
2001-09-28 07:00:00,28608.0,29188.998046875,-580.998046875,580.998046875,337558.7304725647
2001-09-28 08:00:00,29277.0,29275.673828125,1.326171875,1.326171875,1.7587318420410156
2001-09-28 09:00:00,29912.0,29794.33984375,117.66015625,117.66015625,13843.912368774414
2001-09-28 10:00:00,30445.0,30268.6875,176.3125,176.3125,31086.09765625
2001-09-28 11:00:00,30516.0,30489.064453125,26.935546875,26.935546875,725.5236854553223
2001-09-28 12:00:00,30231.0,30557.1796875,-326.1796875,326.1796875,106393.18853759766
2001-09-28 13:00:00,30194.0,30087.453125,106.546875,106.546875,11352.236572265625
2001-09-28 14:00:00,29950.0,29995.2890625,-45.2890625,45.2890625,2051.0991821289062
2001-09-28 15:00:00,29497.0,29681.935546875,-184.935546875,184.935546875,34201.15649795532
2001-09-28 16:00:00,29292.0,29267.958984375,24.041015625,24.041015625,577.9704322814941
2001-09-28 17:00:00,28911.0,28976.51171875,-65.51171875,65.51171875,4291.785293579102
2001-09-28 18:00:00,28961.0,29035.21875,-74.21875,74.21875,5508.4228515625
2001-09-28 19:00:00,30039.0,29551.240234375,487.759765625,487.759765625,237909.58896255493
2001-09-28 20:00:00,29551.0,30221.98046875,-670.98046875,670.98046875,450214.7894439697
2001-09-28 21:00:00,28070.0,27985.220703125,84.779296875,84.779296875,7187.529178619385
2001-09-28 22:00:00,26114.0,25965.939453125,148.060546875,148.060546875,21921.925540924072
2001-09-28 23:00:00,23945.0,23871.017578125,73.982421875,73.982421875,5473.3987464904785
2001-09-29 00:00:00,22154.0,21874.25,279.75,279.75,78260.0625
2001-09-29 01:00:00,21015.0,20934.8984375,80.1015625,80.1015625,6416.260314941406
2001-09-29 02:00:00,20288.0,20323.939453125,-35.939453125,35.939453125,1291.6442909240723
2001-09-29 03:00:00,19975.0,19914.736328125,60.263671875,60.263671875,3631.710147857666
2001-09-29 04:00:00,19992.0,19976.9921875,15.0078125,15.0078125,225.23443603515625
2001-09-29 05:00:00,20588.0,20773.330078125,-185.330078125,185.330078125,34347.2378578186
2001-09-29 06:00:00,21727.0,21926.298828125,-199.298828125,199.298828125,39720.02289199829
2001-09-29 07:00:00,22869.0,23106.541015625,-237.541015625,237.541015625,56425.734104156494
2001-09-29 08:00:00,24828.0,24831.41015625,-3.41015625,3.41015625,11.629165649414062
2001-09-29 09:00:00,26189.0,26288.98828125,-99.98828125,99.98828125,9997.656387329102
2001-09-29 10:00:00,26845.0,26803.84765625,41.15234375,41.15234375,1693.515396118164
2001-09-29 11:00:00,26715.0,27078.375,-363.375,363.375,132041.390625
2001-09-29 12:00:00,26305.0,26530.060546875,-225.060546875,225.060546875,50652.24975967407
2001-09-29 13:00:00,25887.0,26038.591796875,-151.591796875,151.591796875,22980.07287979126
2001-09-29 14:00:00,25391.0,25392.40625,-1.40625,1.40625,1.9775390625
2001-09-29 15:00:00,25080.0,24897.3984375,182.6015625,182.6015625,33343.330627441406
2001-09-29 16:00:00,25117.0,25017.359375,99.640625,99.640625,9928.254150390625
2001-09-29 17:00:00,25182.0,25179.181640625,2.818359375,2.818359375,7.943149566650391
2001-09-29 18:00:00,25692.0,25748.357421875,-56.357421875,56.357421875,3176.1590003967285
2001-09-29 19:00:00,27250.0,26609.892578125,640.107421875,640.107421875,409737.5115394592
2001-09-29 20:00:00,26982.0,27364.177734375,-382.177734375,382.177734375,146059.82065200806
2001-09-29 21:00:00,25956.0,25729.1328125,226.8671875,226.8671875,51468.720764160156
2001-09-29 22:00:00,24609.0,24234.47265625,374.52734375,374.52734375,140270.73121643066
2001-09-29 23:00:00,22841.0,22642.1015625,198.8984375,198.8984375,39560.588439941406
2001-09-30 00:00:00,21091.0,21162.462890625,-71.462890625,71.462890625,5106.944736480713
2001-09-30 01:00:00,20137.0,20061.9296875,75.0703125,75.0703125,5635.551818847656
2001-09-30 02:00:00,19497.0,19559.5,-62.5,62.5,3906.25
2001-09-30 03:00:00,19238.0,19180.79296875,57.20703125,57.20703125,3272.6444244384766
2001-09-30 04:00:00,19188.0,19163.103515625,24.896484375,24.896484375,619.8349342346191
2001-09-30 05:00:00,19491.0,19511.17578125,-20.17578125,20.17578125,407.06214904785156
2001-09-30 06:00:00,20166.0,20172.79296875,-6.79296875,6.79296875,46.14442443847656
2001-09-30 07:00:00,21036.0,20903.986328125,132.013671875,132.013671875,17427.609561920166
2001-09-30 08:00:00,22876.0,22547.138671875,328.861328125,328.861328125,108149.77313613892
2001-09-30 09:00:00,24337.0,24279.40234375,57.59765625,57.59765625,3317.490005493164
2001-09-30 10:00:00,24924.0,25093.10546875,-169.10546875,169.10546875,28596.659561157227
2001-09-30 11:00:00,25150.0,25370.859375,-220.859375,220.859375,48778.863525390625
2001-09-30 12:00:00,24913.0,25181.083984375,-268.083984375,268.083984375,71869.02267837524
2001-09-30 13:00:00,24755.0,24908.1875,-153.1875,153.1875,23466.41015625
2001-09-30 14:00:00,24884.0,24306.9453125,577.0546875,577.0546875,332992.11236572266
2001-09-30 15:00:00,24936.0,24547.208984375,388.791015625,388.791015625,151158.453830719
2001-09-30 16:00:00,25316.0,25169.125,146.875,146.875,21572.265625
2001-09-30 17:00:00,25934.0,26008.91015625,-74.91015625,74.91015625,5611.531509399414
2001-09-30 18:00:00,26888.0,27092.263671875,-204.263671875,204.263671875,41723.647647857666
2001-09-30 19:00:00,28295.0,27889.076171875,405.923828125,405.923828125,164774.15423965454
2001-09-30 20:00:00,28159.0,28159.330078125,-0.330078125,0.330078125,0.10895156860351562
2001-09-30 21:00:00,26859.0,26855.021484375,3.978515625,3.978515625,15.82858657836914
2001-09-30 22:00:00,24941.0,25007.505859375,-66.505859375,66.505859375,4423.029331207275
2001-09-30 23:00:00,22827.0,22827.564453125,-0.564453125,0.564453125,0.3186073303222656
2001-10-01 00:00:00,21478.0,21446.8515625,31.1484375,31.1484375,970.2251586914062
2001-10-01 01:00:00,20543.0,20688.5703125,-145.5703125,145.5703125,21190.715881347656
2001-10-01 02:00:00,20205.0,20234.44140625,-29.44140625,29.44140625,866.7964019775391
2001-10-01 03:00:00,20163.0,20192.271484375,-29.271484375,29.271484375,856.8197975158691
2001-10-01 04:00:00,20709.0,20798.453125,-89.453125,89.453125,8001.861572265625
2001-10-01 05:00:00,22578.0,22857.427734375,-279.427734375,279.427734375,78079.85873794556
2001-10-01 06:00:00,26532.0,26531.705078125,0.294921875,0.294921875,0.08697891235351562
2001-10-01 07:00:00,29016.0,29227.130859375,-211.130859375,211.130859375,44576.239780426025
2001-10-01 08:00:00,29812.0,29773.740234375,38.259765625,38.259765625,1463.8096656799316
2001-10-01 09:00:00,30368.0,30258.375,109.625,109.625,12017.640625
2001-10-01 10:00:00,30753.0,30883.998046875,-130.998046875,130.998046875,17160.488285064697
2001-10-01 11:00:00,30843.0,30669.205078125,173.794921875,173.794921875,30204.674869537354
2001-10-01 12:00:00,30630.0,30685.099609375,-55.099609375,55.099609375,3035.966953277588
2001-10-01 13:00:00,30558.0,30648.98828125,-90.98828125,90.98828125,8278.867324829102
2001-10-01 14:00:00,30230.0,30357.5859375,-127.5859375,127.5859375,16278.171447753906
2001-10-01 15:00:00,30007.0,30110.595703125,-103.595703125,103.595703125,10732.069705963135
2001-10-01 16:00:00,29963.0,30156.7109375,-193.7109375,193.7109375,37523.927307128906
2001-10-01 17:00:00,29996.0,30038.87890625,-42.87890625,42.87890625,1838.600601196289
2001-10-01 18:00:00,30180.0,30769.8671875,-589.8671875,589.8671875,347943.29888916016
2001-10-01 19:00:00,31855.0,31008.646484375,846.353515625,846.353515625,716314.2734107971
2001-10-01 20:00:00,31334.0,31538.9140625,-204.9140625,204.9140625,41989.773010253906
2001-10-01 21:00:00,29586.0,29537.30859375,48.69140625,48.69140625,2370.853042602539
2001-10-01 22:00:00,26926.0,26699.484375,226.515625,226.515625,51309.328369140625
2001-10-01 23:00:00,24364.0,24370.67578125,-6.67578125,6.67578125,44.56605529785156
2001-10-02 00:00:00,22531.0,22292.76953125,238.23046875,238.23046875,56753.75624084473
2001-10-02 01:00:00,21507.0,21533.0703125,-26.0703125,26.0703125,679.6611938476562
2001-10-02 02:00:00,21124.0,21064.337890625,59.662109375,59.662109375,3559.567295074463
2001-10-02 03:00:00,20908.0,20928.912109375,-20.912109375,20.912109375,437.3163185119629
2001-10-02 04:00:00,21387.0,21274.25390625,112.74609375,112.74609375,12711.681655883789
2001-10-02 05:00:00,23255.0,23392.060546875,-137.060546875,137.060546875,18785.593509674072
2001-10-02 06:00:00,27250.0,27094.6328125,155.3671875,155.3671875,24138.962951660156
2001-10-02 07:00:00,29130.0,29916.142578125,-786.142578125,786.142578125,618020.1531410217
2001-10-02 08:00:00,29697.0,29718.90625,-21.90625,21.90625,479.8837890625
2001-10-02 09:00:00,30037.0,30177.0,-140.0,140.0,19600.0
2001-10-02 10:00:00,30835.0,30356.853515625,478.146484375,478.146484375,228624.06052017212
2001-10-02 11:00:00,31175.0,31103.392578125,71.607421875,71.607421875,5127.6228675842285
2001-10-02 12:00:00,31238.0,31040.67578125,197.32421875,197.32421875,38936.84730529785
2001-10-02 13:00:00,31599.0,31428.1953125,170.8046875,170.8046875,29174.241271972656
2001-10-02 14:00:00,31731.0,31371.3515625,359.6484375,359.6484375,129346.9985961914
2001-10-02 15:00:00,31537.0,31521.544921875,15.455078125,15.455078125,238.85943984985352
2001-10-02 16:00:00,31483.0,31428.13671875,54.86328125,54.86328125,3009.9796295166016
2001-10-02 17:00:00,31198.0,31387.318359375,-189.318359375,189.318359375,35841.44119644165
2001-10-02 18:00:00,31079.0,31156.0625,-77.0625,77.0625,5938.62890625
2001-10-02 19:00:00,32559.0,31443.5390625,1115.4609375,1115.4609375,1244253.103088379
2001-10-02 20:00:00,31943.0,32260.048828125,-317.048828125,317.048828125,100519.95941543579
2001-10-02 21:00:00,30100.0,30431.134765625,-331.134765625,331.134765625,109650.23300552368
2001-10-02 22:00:00,27145.0,27322.923828125,-177.923828125,177.923828125,31656.88861465454
2001-10-02 23:00:00,24521.0,24696.759765625,-175.759765625,175.759765625,30891.49521255493
2001-10-03 00:00:00,22634.0,22655.6875,-21.6875,21.6875,470.34765625
2001-10-03 01:00:00,21663.0,21703.236328125,-40.236328125,40.236328125,1618.962100982666
2001-10-03 02:00:00,21134.0,21243.806640625,-109.806640625,109.806640625,12057.4983253479
2001-10-03 03:00:00,20854.0,20962.072265625,-108.072265625,108.072265625,11679.614597320557
2001-10-03 04:00:00,21146.0,21261.3828125,-115.3828125,115.3828125,13313.193420410156
2001-10-03 05:00:00,22987.0,22804.357421875,182.642578125,182.642578125,33358.31134414673
2001-10-03 06:00:00,26883.0,26809.265625,73.734375,73.734375,5436.758056640625
2001-10-03 07:00:00,28985.0,29322.07421875,-337.07421875,337.07421875,113619.02894592285
2001-10-03 08:00:00,29749.0,29604.482421875,144.517578125,144.517578125,20885.33038711548
2001-10-03 09:00:00,30439.0,30429.2734375,9.7265625,9.7265625,94.60601806640625
2001-10-03 10:00:00,31482.0,31048.8515625,433.1484375,433.1484375,187617.5689086914
2001-10-03 11:00:00,32389.0,32075.763671875,313.236328125,313.236328125,98116.99725723267
2001-10-03 12:00:00,32759.0,32807.6640625,-48.6640625,48.6640625,2368.1909790039062
2001-10-03 13:00:00,33339.0,33162.94921875,176.05078125,176.05078125,30993.87757873535
2001-10-03 14:00:00,33490.0,33517.5390625,-27.5390625,27.5390625,758.3999633789062
2001-10-03 15:00:00,33537.0,33299.875,237.125,237.125,56228.265625
2001-10-03 16:00:00,33451.0,33362.12109375,88.87890625,88.87890625,7899.459976196289
2001-10-03 17:00:00,32921.0,33313.7578125,-392.7578125,392.7578125,154258.69927978516
2001-10-03 18:00:00,32446.0,32494.9453125,-48.9453125,48.9453125,2395.6436157226562
2001-10-03 19:00:00,34004.0,32576.9140625,1427.0859375,1427.0859375,2036574.273010254
2001-10-03 20:00:00,33262.0,33678.12109375,-416.12109375,416.12109375,173156.7646636963
2001-10-03 21:00:00,31263.0,31807.505859375,-544.505859375,544.505859375,296486.6308937073
2001-10-03 22:00:00,28369.0,28480.20703125,-111.20703125,111.20703125,12367.003799438477
2001-10-03 23:00:00,25512.0,25730.5859375,-218.5859375,218.5859375,47779.812072753906
2001-10-04 00:00:00,23518.0,23567.97265625,-49.97265625,49.97265625,2497.266372680664
2001-10-04 01:00:00,22258.0,22396.791015625,-138.791015625,138.791015625,19262.946018218994
2001-10-04 02:00:00,21679.0,21771.193359375,-92.193359375,92.193359375,8499.6155128479
2001-10-04 03:00:00,21448.0,21376.501953125,71.498046875,71.498046875,5111.970706939697
2001-10-04 04:00:00,21701.0,21738.353515625,-37.353515625,37.353515625,1395.2851295471191
2001-10-04 05:00:00,23513.0,22995.419921875,517.580078125,517.580078125,267889.1372718811
2001-10-04 06:00:00,27353.0,27157.677734375,195.322265625,195.322265625,38150.78744888306
2001-10-04 07:00:00,29389.0,29862.552734375,-473.552734375,473.552734375,224252.1922340393
2001-10-04 08:00:00,30133.0,30494.546875,-361.546875,361.546875,130716.14282226562
2001-10-04 09:00:00,31331.0,31209.53125,121.46875,121.46875,14754.6572265625
2001-10-04 10:00:00,32637.0,32228.658203125,408.341796875,408.341796875,166743.02307510376
2001-10-04 11:00:00,33541.0,33205.015625,335.984375,335.984375,112885.50024414062
2001-10-04 12:00:00,33694.0,33798.85546875,-104.85546875,104.85546875,10994.669326782227
2001-10-04 13:00:00,34171.0,34134.0234375,36.9765625,36.9765625,1367.2661743164062
2001-10-04 14:00:00,34123.0,34637.4140625,-514.4140625,514.4140625,264621.8276977539
2001-10-04 15:00:00,34133.0,34250.5,-117.5,117.5,13806.25
2001-10-04 16:00:00,34023.0,34165.48828125,-142.48828125,142.48828125,20302.9102935791
2001-10-04 17:00:00,33367.0,33821.6484375,-454.6484375,454.6484375,206705.2017211914
2001-10-04 18:00:00,32867.0,33316.828125,-449.828125,449.828125,202345.34204101562
2001-10-04 19:00:00,34055.0,32809.91796875,1245.08203125,1245.08203125,1550229.264541626
2001-10-04 20:00:00,33177.0,33734.359375,-557.359375,557.359375,310649.4729003906
2001-10-04 21:00:00,31094.0,31904.40234375,-810.40234375,810.40234375,656751.9587554932
2001-10-04 22:00:00,28224.0,28674.826171875,-450.826171875,450.826171875,203244.23724746704
2001-10-04 23:00:00,25291.0,25747.16796875,-456.16796875,456.16796875,208089.21571350098
2001-10-05 00:00:00,23327.0,23395.05859375,-68.05859375,68.05859375,4631.972183227539
2001-10-05 01:00:00,22028.0,22239.025390625,-211.025390625,211.025390625,44531.71548843384
2001-10-05 02:00:00,21551.0,21412.607421875,138.392578125,138.392578125,19152.50568008423
2001-10-05 03:00:00,21234.0,21220.8046875,13.1953125,13.1953125,174.11627197265625
2001-10-05 04:00:00,21299.0,21507.025390625,-208.025390625,208.025390625,43274.56314468384
2001-10-05 05:00:00,23030.0,22509.978515625,520.021484375,520.021484375,270422.34421157837
2001-10-05 06:00:00,26755.0,26257.92578125,497.07421875,497.07421875,247082.77894592285
2001-10-05 07:00:00,28728.0,29116.1875,-388.1875,388.1875,150689.53515625
2001-10-05 08:00:00,29675.0,30101.818359375,-426.818359375,426.818359375,182173.91189956665
2001-10-05 09:00:00,30624.0,30808.95703125,-184.95703125,184.95703125,34209.10340881348
2001-10-05 10:00:00,31865.0,31048.58203125,816.41796875,816.41796875,666538.299697876
2001-10-05 11:00:00,32649.0,32316.294921875,332.705078125,332.705078125,110692.66901016235
2001-10-05 12:00:00,32834.0,33218.72265625,-384.72265625,384.72265625,148011.52223205566
2001-10-05 13:00:00,33275.0,33252.015625,22.984375,22.984375,528.281494140625
2001-10-05 14:00:00,33400.0,33413.17578125,-13.17578125,13.17578125,173.60121154785156
2001-10-05 15:00:00,33313.0,33510.73046875,-197.73046875,197.73046875,39097.33827209473
2001-10-05 16:00:00,33034.0,33075.08203125,-41.08203125,41.08203125,1687.7332916259766
2001-10-05 17:00:00,32097.0,32688.830078125,-591.830078125,591.830078125,350262.8413734436
2001-10-05 18:00:00,31493.0,31570.251953125,-77.251953125,77.251953125,5967.864261627197
2001-10-05 19:00:00,32341.0,31300.240234375,1040.759765625,1040.759765625,1083180.889743805
2001-10-05 20:00:00,31298.0,32256.96484375,-958.96484375,958.96484375,919613.5715484619
2001-10-05 21:00:00,29861.0,29977.482421875,-116.482421875,116.482421875,13568.154605865479
2001-10-05 22:00:00,27562.0,27536.92578125,25.07421875,25.07421875,628.7164459228516
2001-10-05 23:00:00,25221.0,24991.244140625,229.755859375,229.755859375,52787.754917144775
2001-10-06 00:00:00,23372.0,23164.09375,207.90625,207.90625,43225.0087890625
2001-10-06 01:00:00,22183.0,22176.84765625,6.15234375,6.15234375,37.85133361816406
2001-10-06 02:00:00,21396.0,21524.4453125,-128.4453125,128.4453125,16498.198303222656
2001-10-06 03:00:00,21013.0,20902.470703125,110.529296875,110.529296875,12216.725467681885
2001-10-06 04:00:00,20936.0,20871.650390625,64.349609375,64.349609375,4140.872226715088
2001-10-06 05:00:00,21541.0,21540.517578125,0.482421875,0.482421875,0.23273086547851562
2001-10-06 06:00:00,22656.0,22940.07421875,-284.07421875,284.07421875,80698.16175842285
2001-10-06 07:00:00,24052.0,23989.921875,62.078125,62.078125,3853.693603515625
2001-10-06 08:00:00,26039.0,25986.775390625,52.224609375,52.224609375,2727.409824371338
2001-10-06 09:00:00,27510.0,27815.953125,-305.953125,305.953125,93607.31469726562
2001-10-06 10:00:00,27889.0,28374.908203125,-485.908203125,485.908203125,236106.78186416626
2001-10-06 11:00:00,27458.0,28233.3125,-775.3125,775.3125,601109.47265625
2001-10-06 12:00:00,26824.0,27002.455078125,-178.455078125,178.455078125,31846.214908599854
2001-10-06 13:00:00,26170.0,26353.572265625,-183.572265625,183.572265625,33698.77670669556
2001-10-06 14:00:00,25582.0,25608.923828125,-26.923828125,26.923828125,724.892520904541
2001-10-06 15:00:00,25264.0,25288.40234375,-24.40234375,24.40234375,595.4743804931641
2001-10-06 16:00:00,25272.0,25576.724609375,-304.724609375,304.724609375,92857.08755874634
2001-10-06 17:00:00,25161.0,25643.515625,-482.515625,482.515625,232821.32836914062
2001-10-06 18:00:00,25724.0,26053.376953125,-329.376953125,329.376953125,108489.17724990845
2001-10-06 19:00:00,27207.0,26828.2109375,378.7890625,378.7890625,143481.1538696289
2001-10-06 20:00:00,26870.0,27829.275390625,-959.275390625,959.275390625,920209.2750587463
2001-10-06 21:00:00,25839.0,25741.3671875,97.6328125,97.6328125,9532.166076660156
2001-10-06 22:00:00,24484.0,24643.39453125,-159.39453125,159.39453125,25406.616592407227
2001-10-06 23:00:00,22756.0,22961.36328125,-205.36328125,205.36328125,42174.0772857666
2001-10-07 00:00:00,21361.0,21101.390625,259.609375,259.609375,67397.02758789062
2001-10-07 01:00:00,20248.0,20425.41015625,-177.41015625,177.41015625,31474.363540649414
2001-10-07 02:00:00,19612.0,19872.349609375,-260.349609375,260.349609375,67781.91910171509
2001-10-07 03:00:00,19309.0,19270.046875,38.953125,38.953125,1517.345947265625
2001-10-07 04:00:00,19299.0,19243.111328125,55.888671875,55.888671875,3123.543643951416
2001-10-07 05:00:00,19708.0,19641.533203125,66.466796875,66.466796875,4417.83508682251
2001-10-07 06:00:00,20598.0,20613.15625,-15.15625,15.15625,229.7119140625
2001-10-07 07:00:00,21487.0,21709.810546875,-222.810546875,222.810546875,49644.53979873657
2001-10-07 08:00:00,23176.0,23142.736328125,33.263671875,33.263671875,1106.471866607666
2001-10-07 09:00:00,24339.0,24747.673828125,-408.673828125,408.673828125,167014.29779434204
2001-10-07 10:00:00,24832.0,25314.736328125,-482.736328125,482.736328125,233034.36249160767
2001-10-07 11:00:00,24898.0,25211.251953125,-313.251953125,313.251953125,98126.7861366272
2001-10-07 12:00:00,24713.0,24851.74609375,-138.74609375,138.74609375,19250.47853088379
2001-10-07 13:00:00,24456.0,24494.123046875,-38.123046875,38.123046875,1453.3667030334473
2001-10-07 14:00:00,24154.0,24178.5390625,-24.5390625,24.5390625,602.1655883789062
2001-10-07 15:00:00,24071.0,23965.216796875,105.783203125,105.783203125,11190.08606338501
2001-10-07 16:00:00,24425.0,24314.322265625,110.677734375,110.677734375,12249.560886383057
2001-10-07 17:00:00,25016.0,25433.126953125,-417.126953125,417.126953125,173994.89502334595
2001-10-07 18:00:00,26063.0,26129.123046875,-66.123046875,66.123046875,4372.257328033447
2001-10-07 19:00:00,28118.0,27313.267578125,804.732421875,804.732421875,647594.270816803
2001-10-07 20:00:00,28015.0,27772.65625,242.34375,242.34375,58730.4931640625
2001-10-07 21:00:00,26918.0,26607.2109375,310.7890625,310.7890625,96589.8413696289
2001-10-07 22:00:00,25348.0,25082.5546875,265.4453125,265.4453125,70461.21392822266
2001-10-07 23:00:00,23631.0,23586.373046875,44.626953125,44.626953125,1991.5649452209473
2001-10-08 00:00:00,22242.0,21838.615234375,403.384765625,403.384765625,162719.26913833618
2001-10-08 01:00:00,21466.0,21091.244140625,374.755859375,374.755859375,140441.95413589478
2001-10-08 02:00:00,21242.0,21007.216796875,234.783203125,234.783203125,55123.15246963501
2001-10-08 03:00:00,21299.0,21255.875,43.125,43.125,1859.765625
2001-10-08 04:00:00,21881.0,21483.798828125,397.201171875,397.201171875,157768.7709388733
2001-10-08 05:00:00,23620.0,23603.595703125,16.404296875,16.404296875,269.10095596313477
2001-10-08 06:00:00,27193.0,26674.2734375,518.7265625,518.7265625,269077.2466430664
2001-10-08 07:00:00,29376.0,29042.404296875,333.595703125,333.595703125,111286.09314346313
2001-10-08 08:00:00,30277.0,29889.416015625,387.583984375,387.583984375,150221.34494400024
2001-10-08 09:00:00,30711.0,30807.302734375,-96.302734375,96.302734375,9274.216648101807
2001-10-08 10:00:00,30954.0,30763.525390625,190.474609375,190.474609375,36280.57681655884
2001-10-08 11:00:00,30688.0,30674.869140625,13.130859375,13.130859375,172.4194679260254
2001-10-08 12:00:00,30177.0,30390.794921875,-213.794921875,213.794921875,45708.26861953735
2001-10-08 13:00:00,29800.0,29776.728515625,23.271484375,23.271484375,541.5619850158691
2001-10-08 14:00:00,29428.0,29130.353515625,297.646484375,297.646484375,88593.42966079712
2001-10-08 15:00:00,28995.0,29159.98046875,-164.98046875,164.98046875,27218.555068969727
2001-10-08 16:00:00,29013.0,29165.994140625,-152.994140625,152.994140625,23407.207065582275
2001-10-08 17:00:00,29211.0,29152.66796875,58.33203125,58.33203125,3402.6258697509766
2001-10-08 18:00:00,30284.0,29941.796875,342.203125,342.203125,117102.97875976562
2001-10-08 19:00:00,32070.0,31229.515625,840.484375,840.484375,706413.9846191406
2001-10-08 20:00:00,31600.0,31537.669921875,62.330078125,62.330078125,3885.0386390686035
2001-10-08 21:00:00,30188.0,29764.470703125,423.529296875,423.529296875,179377.06531143188
2001-10-08 22:00:00,27764.0,27629.244140625,134.755859375,134.755859375,18159.141635894775
2001-10-08 23:00:00,25600.0,25473.240234375,126.759765625,126.759765625,16068.038181304932
2001-10-09 00:00:00,23991.0,23814.16796875,176.83203125,176.83203125,31269.567276000977
2001-10-09 01:00:00,23267.0,23019.697265625,247.302734375,247.302734375,61158.64242935181
2001-10-09 02:00:00,22992.0,22759.35546875,232.64453125,232.64453125,54123.47792053223
2001-10-09 03:00:00,23084.0,22896.62890625,187.37109375,187.37109375,35107.92677307129
2001-10-09 04:00:00,23671.0,23741.26171875,-70.26171875,70.26171875,4936.709121704102
2001-10-09 05:00:00,25794.0,25725.509765625,68.490234375,68.490234375,4690.912204742432
2001-10-09 06:00:00,29937.0,29432.423828125,504.576171875,504.576171875,254597.11322402954
2001-10-09 07:00:00,31921.0,31623.646484375,297.353515625,297.353515625,88419.11325454712
2001-10-09 08:00:00,31981.0,31718.013671875,262.986328125,262.986328125,69161.80878067017
2001-10-09 09:00:00,31600.0,31864.775390625,-264.775390625,264.775390625,70106.00748062134
2001-10-09 10:00:00,31365.0,31443.4140625,-78.4140625,78.4140625,6148.765197753906
2001-10-09 11:00:00,30944.0,31163.482421875,-219.482421875,219.482421875,48172.53351211548
2001-10-09 12:00:00,30503.0,30511.619140625,-8.619140625,8.619140625,74.28958511352539
2001-10-09 13:00:00,30342.0,30227.150390625,114.849609375,114.849609375,13190.432773590088
2001-10-09 14:00:00,29905.0,29980.38671875,-75.38671875,75.38671875,5683.157363891602
2001-10-09 15:00:00,29663.0,29568.0859375,94.9140625,94.9140625,9008.679260253906
2001-10-09 16:00:00,29663.0,29456.8203125,206.1796875,206.1796875,42510.063537597656
2001-10-09 17:00:00,29772.0,29871.69140625,-99.69140625,99.69140625,9938.376480102539
2001-10-09 18:00:00,30544.0,30549.8046875,-5.8046875,5.8046875,33.69439697265625
2001-10-09 19:00:00,32153.0,31422.63671875,730.36328125,730.36328125,533430.5225982666
2001-10-09 20:00:00,31482.0,31371.8828125,110.1171875,110.1171875,12125.794982910156
2001-10-09 21:00:00,29869.0,29458.052734375,410.947265625,410.947265625,168877.6551246643
2001-10-09 22:00:00,27275.0,27418.40625,-143.40625,143.40625,20565.3525390625
2001-10-09 23:00:00,25090.0,24760.30078125,329.69921875,329.69921875,108701.57484436035
2001-10-10 00:00:00,23293.0,23061.41796875,231.58203125,231.58203125,53630.23719787598
2001-10-10 01:00:00,22531.0,22337.67578125,193.32421875,193.32421875,37374.25355529785
2001-10-10 02:00:00,22236.0,22006.1328125,229.8671875,229.8671875,52838.923889160156
2001-10-10 03:00:00,22191.0,22354.6171875,-163.6171875,163.6171875,26770.584045410156
2001-10-10 04:00:00,22714.0,22877.53125,-163.53125,163.53125,26742.4697265625
2001-10-10 05:00:00,24690.0,24849.947265625,-159.947265625,159.947265625,25583.127780914307
2001-10-10 06:00:00,28676.0,28673.97265625,2.02734375,2.02734375,4.1101226806640625
2001-10-10 07:00:00,30644.0,30540.455078125,103.544921875,103.544921875,10721.550846099854
2001-10-10 08:00:00,30660.0,30919.845703125,-259.845703125,259.845703125,67519.78943252563
2001-10-10 09:00:00,30511.0,30725.162109375,-214.162109375,214.162109375,45865.40909194946
2001-10-10 10:00:00,30618.0,30541.11328125,76.88671875,76.88671875,5911.567520141602
2001-10-10 11:00:00,30591.0,30436.330078125,154.669921875,154.669921875,23922.784732818604
2001-10-10 12:00:00,30350.0,30245.6875,104.3125,104.3125,10881.09765625
2001-10-10 13:00:00,30467.0,30140.572265625,326.427734375,326.427734375,106555.06576919556
2001-10-10 14:00:00,30304.0,30068.119140625,235.880859375,235.880859375,55639.779819488525
2001-10-10 15:00:00,30089.0,30031.447265625,57.552734375,57.552734375,3312.3172340393066
2001-10-10 16:00:00,30080.0,30087.107421875,-7.107421875,7.107421875,50.515445709228516
2001-10-10 17:00:00,29989.0,30208.564453125,-219.564453125,219.564453125,48208.54907608032
2001-10-10 18:00:00,30747.0,30611.904296875,135.095703125,135.095703125,18250.849002838135
2001-10-10 19:00:00,32189.0,31287.48046875,901.51953125,901.51953125,812737.4652252197
2001-10-10 20:00:00,31447.0,31162.701171875,284.298828125,284.298828125,80825.82367324829
2001-10-10 21:00:00,29680.0,29648.44140625,31.55859375,31.55859375,995.9448394775391
2001-10-10 22:00:00,26995.0,27261.857421875,-266.857421875,266.857421875,71212.88360977173
2001-10-10 23:00:00,24662.0,24618.181640625,43.818359375,43.818359375,1920.0486183166504
2001-10-11 00:00:00,22950.0,23040.01953125,-90.01953125,90.01953125,8103.516006469727
2001-10-11 01:00:00,21872.0,22063.404296875,-191.404296875,191.404296875,36635.604862213135
2001-10-11 02:00:00,21364.0,21660.28515625,-296.28515625,296.28515625,87784.89381408691
2001-10-11 03:00:00,21201.0,21332.671875,-131.671875,131.671875,17337.482666015625
2001-10-11 04:00:00,21712.0,21690.470703125,21.529296875,21.529296875,463.51062393188477
2001-10-11 05:00:00,23558.0,23263.107421875,294.892578125,294.892578125,86961.63263320923
2001-10-11 06:00:00,27389.0,27417.416015625,-28.416015625,28.416015625,807.4699440002441
2001-10-11 07:00:00,29604.0,29856.724609375,-252.724609375,252.724609375,63869.72818374634
2001-10-11 08:00:00,29915.0,30161.7421875,-246.7421875,246.7421875,60881.707092285156
2001-10-11 09:00:00,30311.0,30103.966796875,207.033203125,207.033203125,42862.74719619751
2001-10-11 10:00:00,30983.0,30610.37109375,372.62890625,372.62890625,138852.3017730713
2001-10-11 11:00:00,31208.0,31167.486328125,40.513671875,40.513671875,1641.357608795166
2001-10-11 12:00:00,31216.0,31197.783203125,18.216796875,18.216796875,331.85168838500977
2001-10-11 13:00:00,31437.0,31190.572265625,246.427734375,246.427734375,60726.62826919556
2001-10-11 14:00:00,31441.0,31403.748046875,37.251953125,37.251953125,1387.7080116271973
2001-10-11 15:00:00,31385.0,31442.505859375,-57.505859375,57.505859375,3306.9238624572754
2001-10-11 16:00:00,31134.0,31325.189453125,-191.189453125,191.189453125,36553.40698623657
2001-10-11 17:00:00,30898.0,31189.685546875,-291.685546875,291.685546875,85080.45825576782
2001-10-11 18:00:00,31272.0,31066.02734375,205.97265625,205.97265625,42424.735122680664
2001-10-11 19:00:00,32667.0,31658.365234375,1008.634765625,1008.634765625,1017344.0904273987
2001-10-11 20:00:00,31765.0,31962.287109375,-197.287109375,197.287109375,38922.20352554321
2001-10-11 21:00:00,30026.0,30431.271484375,-405.271484375,405.271484375,164244.97604751587
2001-10-11 22:00:00,27331.0,27570.62890625,-239.62890625,239.62890625,57422.01271057129
2001-10-11 23:00:00,24779.0,24772.388671875,6.611328125,6.611328125,43.709659576416016
2001-10-12 00:00:00,22828.0,22876.140625,-48.140625,48.140625,2317.519775390625
2001-10-12 01:00:00,21601.0,21802.31640625,-201.31640625,201.31640625,40528.29542541504
2001-10-12 02:00:00,21064.0,21201.904296875,-137.904296875,137.904296875,19017.595096588135
2001-10-12 03:00:00,20765.0,20829.828125,-64.828125,64.828125,4202.685791015625
2001-10-12 04:00:00,21118.0,21206.123046875,-88.123046875,88.123046875,7765.671390533447
2001-10-12 05:00:00,22991.0,22757.83984375,233.16015625,233.16015625,54363.658462524414
2001-10-12 06:00:00,26712.0,26576.357421875,135.642578125,135.642578125,18398.90900039673
2001-10-12 07:00:00,28839.0,29095.767578125,-256.767578125,256.767578125,65929.58917617798
2001-10-12 08:00:00,29426.0,29552.333984375,-126.333984375,126.333984375,15960.275608062744
2001-10-12 09:00:00,30127.0,29951.3984375,175.6015625,175.6015625,30835.908752441406
2001-10-12 10:00:00,30920.0,30554.630859375,365.369140625,365.369140625,133494.60892105103
2001-10-12 11:00:00,31247.0,31393.22265625,-146.22265625,146.22265625,21381.065200805664
2001-10-12 12:00:00,31617.0,31143.71875,473.28125,473.28125,223995.1416015625
2001-10-12 13:00:00,31740.0,31639.560546875,100.439453125,100.439453125,10088.083744049072
2001-10-12 14:00:00,31578.0,31820.333984375,-242.333984375,242.333984375,58725.759983062744
2001-10-12 15:00:00,31197.0,31401.486328125,-204.486328125,204.486328125,41814.658390045166
2001-10-12 16:00:00,30760.0,31091.265625,-331.265625,331.265625,109736.91430664062
2001-10-12 17:00:00,30185.0,30445.873046875,-260.873046875,260.873046875,68054.74658584595
2001-10-12 18:00:00,30726.0,30737.74609375,-11.74609375,11.74609375,137.97071838378906
2001-10-12 19:00:00,31232.0,31153.384765625,78.615234375,78.615234375,6180.355075836182
2001-10-12 20:00:00,30180.0,30794.66796875,-614.66796875,614.66796875,377816.711807251
2001-10-12 21:00:00,28735.0,28761.419921875,-26.419921875,26.419921875,698.0122718811035
2001-10-12 22:00:00,26578.0,26559.732421875,18.267578125,18.267578125,333.7044105529785
2001-10-12 23:00:00,24492.0,24270.58984375,221.41015625,221.41015625,49022.457290649414
2001-10-13 00:00:00,22403.0,22437.583984375,-34.583984375,34.583984375,1196.0519752502441
2001-10-13 01:00:00,21236.0,21388.6875,-152.6875,152.6875,23313.47265625
2001-10-13 02:00:00,20547.0,20504.31640625,42.68359375,42.68359375,1821.889175415039
2001-10-13 03:00:00,20038.0,20066.708984375,-28.708984375,28.708984375,824.2057838439941
2001-10-13 04:00:00,20036.0,20041.85546875,-5.85546875,5.85546875,34.28651428222656
2001-10-13 05:00:00,20508.0,20546.56640625,-38.56640625,38.56640625,1487.367691040039
2001-10-13 06:00:00,21665.0,21739.591796875,-74.591796875,74.591796875,5563.93616104126
2001-10-13 07:00:00,22829.0,23060.33203125,-231.33203125,231.33203125,53514.50868225098
2001-10-13 08:00:00,24714.0,24900.69140625,-186.69140625,186.69140625,34853.68116760254
2001-10-13 09:00:00,26359.0,26259.44140625,99.55859375,99.55859375,9911.913589477539
2001-10-13 10:00:00,27308.0,27050.474609375,257.525390625,257.525390625,66319.32681655884
2001-10-13 11:00:00,27670.0,27495.203125,174.796875,174.796875,30553.947509765625
2001-10-13 12:00:00,27718.0,27456.134765625,261.865234375,261.865234375,68573.40097427368
2001-10-13 13:00:00,27773.0,27428.521484375,344.478515625,344.478515625,118665.44772720337
2001-10-13 14:00:00,27514.0,27585.884765625,-71.884765625,71.884765625,5167.419528961182
2001-10-13 15:00:00,27337.0,27264.728515625,72.271484375,72.271484375,5223.167453765869
2001-10-13 16:00:00,27229.0,27355.123046875,-126.123046875,126.123046875,15907.022953033447
2001-10-13 17:00:00,27279.0,27533.271484375,-254.271484375,254.271484375,64653.98776626587
2001-10-13 18:00:00,28157.0,27985.111328125,171.888671875,171.888671875,29545.715518951416
2001-10-13 19:00:00,29175.0,29010.705078125,164.294921875,164.294921875,26992.821353912354
2001-10-13 20:00:00,28382.0,28764.67578125,-382.67578125,382.67578125,146440.75355529785
2001-10-13 21:00:00,27014.0,27298.74609375,-284.74609375,284.74609375,81080.33790588379
2001-10-13 22:00:00,25282.0,25059.62890625,222.37109375,222.37109375,49448.90333557129
2001-10-13 23:00:00,23545.0,23357.109375,187.890625,187.890625,35302.886962890625
2001-10-14 00:00:00,21796.0,21761.34765625,34.65234375,34.65234375,1200.784927368164
2001-10-14 01:00:00,20556.0,20683.25,-127.25,127.25,16192.5625
2001-10-14 02:00:00,19859.0,19966.318359375,-107.318359375,107.318359375,11517.23025894165
2001-10-14 03:00:00,19382.0,19529.857421875,-147.857421875,147.857421875,21861.81720352173
2001-10-14 04:00:00,19227.0,19315.970703125,-88.970703125,88.970703125,7915.786014556885
2001-10-14 05:00:00,19610.0,19389.548828125,220.451171875,220.451171875,48598.71918106079
2001-10-14 06:00:00,20256.0,20172.080078125,83.919921875,83.919921875,7042.5532875061035
2001-10-14 07:00:00,21131.0,21118.474609375,12.525390625,12.525390625,156.8854103088379
2001-10-14 08:00:00,22559.0,22637.689453125,-78.689453125,78.689453125,6192.030033111572
2001-10-14 09:00:00,24200.0,24149.78515625,50.21484375,50.21484375,2521.530532836914
2001-10-14 10:00:00,25132.0,25228.396484375,-96.396484375,96.396484375,9292.28219985962
2001-10-14 11:00:00,25590.0,25714.5859375,-124.5859375,124.5859375,15521.655822753906
2001-10-14 12:00:00,25871.0,25797.982421875,73.017578125,73.017578125,5331.5667152404785
2001-10-14 13:00:00,25881.0,26041.90234375,-160.90234375,160.90234375,25889.564224243164
2001-10-14 14:00:00,25688.0,25808.69140625,-120.69140625,120.69140625,14566.415542602539
2001-10-14 15:00:00,25729.0,25512.306640625,216.693359375,216.693359375,46956.0119972229
2001-10-14 16:00:00,26123.0,26213.54296875,-90.54296875,90.54296875,8198.029190063477
2001-10-14 17:00:00,26800.0,26757.576171875,42.423828125,42.423828125,1799.781192779541
2001-10-14 18:00:00,28474.0,27568.662109375,905.337890625,905.337890625,819636.6962013245
2001-10-14 19:00:00,29442.0,29401.140625,40.859375,40.859375,1669.488525390625
2001-10-14 20:00:00,28755.0,28998.759765625,-243.759765625,243.759765625,59418.82333755493
2001-10-14 21:00:00,27397.0,27655.89453125,-258.89453125,258.89453125,67026.37831115723
2001-10-14 22:00:00,25467.0,25507.22265625,-40.22265625,40.22265625,1617.862075805664
2001-10-14 23:00:00,23303.0,23577.630859375,-274.630859375,274.630859375,75422.10892105103
2001-10-15 00:00:00,21834.0,21702.494140625,131.505859375,131.505859375,17293.791049957275
2001-10-15 01:00:00,20747.0,20951.380859375,-204.380859375,204.380859375,41771.535678863525
2001-10-15 02:00:00,20256.0,20349.5,-93.5,93.5,8742.25
2001-10-15 03:00:00,20106.0,20253.3359375,-147.3359375,147.3359375,21707.878479003906
2001-10-15 04:00:00,20455.0,20529.26953125,-74.26953125,74.26953125,5515.963272094727
2001-10-15 05:00:00,22409.0,22238.57421875,170.42578125,170.42578125,29044.94691467285
2001-10-15 06:00:00,26346.0,26107.150390625,238.849609375,238.849609375,57049.13589859009
2001-10-15 07:00:00,28682.0,29211.13671875,-529.13671875,529.13671875,279985.6671295166
2001-10-15 08:00:00,29388.0,29773.234375,-385.234375,385.234375,148405.52368164062
2001-10-15 09:00:00,30197.0,30108.341796875,88.658203125,88.658203125,7860.27698135376
2001-10-15 10:00:00,30724.0,31004.046875,-280.046875,280.046875,78426.25219726562
2001-10-15 11:00:00,30907.0,31135.802734375,-228.802734375,228.802734375,52350.69125747681
2001-10-15 12:00:00,30993.0,30801.931640625,191.068359375,191.068359375,36507.11795425415
2001-10-15 13:00:00,30901.0,31063.748046875,-162.748046875,162.748046875,26486.926761627197
2001-10-15 14:00:00,30849.0,30904.873046875,-55.873046875,55.873046875,3121.7973670959473
2001-10-15 15:00:00,30644.0,30718.23046875,-74.23046875,74.23046875,5510.162490844727
2001-10-15 16:00:00,30527.0,30941.736328125,-414.736328125,414.736328125,172006.22186660767
2001-10-15 17:00:00,30390.0,31019.1015625,-629.1015625,629.1015625,395768.7759399414
2001-10-15 18:00:00,31081.0,30777.83984375,303.16015625,303.16015625,91906.08033752441
2001-10-15 19:00:00,32262.0,31629.36328125,632.63671875,632.63671875,400229.2179107666
2001-10-15 20:00:00,31225.0,31790.470703125,-565.470703125,565.470703125,319757.1160926819
2001-10-15 21:00:00,29394.0,29610.912109375,-216.912109375,216.912109375,47050.86319351196
2001-10-15 22:00:00,26555.0,26681.666015625,-126.666015625,126.666015625,16044.279514312744
2001-10-15 23:00:00,24272.0,24038.296875,233.703125,233.703125,54617.150634765625
2001-10-16 00:00:00,22522.0,22269.283203125,252.716796875,252.716796875,63865.77942276001
2001-10-16 01:00:00,21464.0,21547.8671875,-83.8671875,83.8671875,7033.705139160156
2001-10-16 02:00:00,21049.0,21040.072265625,8.927734375,8.927734375,79.70444107055664
2001-10-16 03:00:00,20901.0,20840.75,60.25,60.25,3630.0625
2001-10-16 04:00:00,21421.0,21266.142578125,154.857421875,154.857421875,23980.82110977173
2001-10-16 05:00:00,23422.0,23499.447265625,-77.447265625,77.447265625,5998.078952789307
2001-10-16 06:00:00,27601.0,27145.44921875,455.55078125,455.55078125,207526.51429748535
2001-10-16 07:00:00,29751.0,29903.8984375,-152.8984375,152.8984375,23377.932189941406
2001-10-16 08:00:00,30035.0,30319.64453125,-284.64453125,284.64453125,81022.50917053223
2001-10-16 09:00:00,30165.0,30208.22265625,-43.22265625,43.22265625,1868.198013305664
2001-10-16 10:00:00,30737.0,30466.390625,270.609375,270.609375,73229.43383789062
2001-10-16 11:00:00,30900.0,30977.787109375,-77.787109375,77.787109375,6050.834384918213
2001-10-16 12:00:00,30725.0,30666.3515625,58.6484375,58.6484375,3439.6392211914062
2001-10-16 13:00:00,30717.0,30779.103515625,-62.103515625,62.103515625,3856.846652984619
2001-10-16 14:00:00,30613.0,30507.99609375,105.00390625,105.00390625,11025.820327758789
2001-10-16 15:00:00,30565.0,30385.08984375,179.91015625,179.91015625,32367.664321899414
2001-10-16 16:00:00,30342.0,30519.265625,-177.265625,177.265625,31423.101806640625
2001-10-16 17:00:00,30729.0,30399.810546875,329.189453125,329.189453125,108365.69604873657
2001-10-16 18:00:00,31848.0,31498.412109375,349.587890625,349.587890625,122211.69327163696
2001-10-16 19:00:00,32357.0,32425.880859375,-68.880859375,68.880859375,4744.572788238525
2001-10-16 20:00:00,31319.0,31640.974609375,-321.974609375,321.974609375,103667.64908218384
2001-10-16 21:00:00,29453.0,29615.603515625,-162.603515625,162.603515625,26439.90329360962
2001-10-16 22:00:00,26729.0,26797.94140625,-68.94140625,68.94140625,4752.917495727539
2001-10-16 23:00:00,24265.0,24397.0,-132.0,132.0,17424.0
2001-10-17 00:00:00,22658.0,22450.470703125,207.529296875,207.529296875,43068.409061431885
2001-10-17 01:00:00,21618.0,21720.1640625,-102.1640625,102.1640625,10437.495666503906
2001-10-17 02:00:00,21228.0,21118.2890625,109.7109375,109.7109375,12036.489807128906
2001-10-17 03:00:00,21146.0,21085.875,60.125,60.125,3615.015625
2001-10-17 04:00:00,21764.0,21497.478515625,266.521484375,266.521484375,71033.70163345337
2001-10-17 05:00:00,23626.0,23961.15625,-335.15625,335.15625,112329.7119140625
2001-10-17 06:00:00,27746.0,27665.4765625,80.5234375,80.5234375,6484.023986816406
2001-10-17 07:00:00,30189.0,30111.423828125,77.576171875,77.576171875,6018.062442779541
2001-10-17 08:00:00,30350.0,30621.298828125,-271.298828125,271.298828125,73603.05414199829
2001-10-17 09:00:00,30452.0,30647.84375,-195.84375,195.84375,38354.7744140625
2001-10-17 10:00:00,30691.0,30556.318359375,134.681640625,134.681640625,18139.14432144165
2001-10-17 11:00:00,30505.0,30634.76171875,-129.76171875,129.76171875,16838.1036529541
2001-10-17 12:00:00,30335.0,30242.865234375,92.134765625,92.134765625,8488.815036773682
2001-10-17 13:00:00,30114.0,30269.11328125,-155.11328125,155.11328125,24060.1300201416
2001-10-17 14:00:00,29854.0,29959.734375,-105.734375,105.734375,11179.758056640625
2001-10-17 15:00:00,29914.0,29435.44921875,478.55078125,478.55078125,229010.85023498535
2001-10-17 16:00:00,29835.0,30153.10546875,-318.10546875,318.10546875,101191.08924865723
2001-10-17 17:00:00,30102.0,30212.04296875,-110.04296875,110.04296875,12109.454971313477
2001-10-17 18:00:00,31408.0,31425.228515625,-17.228515625,17.228515625,296.82175064086914
2001-10-17 19:00:00,32405.0,32063.685546875,341.314453125,341.314453125,116495.55591201782
2001-10-17 20:00:00,31584.0,31625.1328125,-41.1328125,41.1328125,1691.9082641601562
2001-10-17 21:00:00,29962.0,29951.9140625,10.0859375,10.0859375,101.72613525390625
2001-10-17 22:00:00,27801.0,27419.92578125,381.07421875,381.07421875,145217.56019592285
2001-10-17 23:00:00,25351.0,25194.9140625,156.0859375,156.0859375,24362.819885253906
2001-10-18 00:00:00,23558.0,23678.9375,-120.9375,120.9375,14625.87890625
2001-10-18 01:00:00,22697.0,22437.36328125,259.63671875,259.63671875,67411.2257232666
2001-10-18 02:00:00,22403.0,22130.31640625,272.68359375,272.68359375,74356.34230041504
2001-10-18 03:00:00,22353.0,22260.435546875,92.564453125,92.564453125,8568.177982330322
2001-10-18 04:00:00,22947.0,22983.521484375,-36.521484375,36.521484375,1333.8188209533691
2001-10-18 05:00:00,24943.0,24889.556640625,53.443359375,53.443359375,2856.1926612854004
2001-10-18 06:00:00,29323.0,28869.283203125,453.716796875,453.716796875,205858.93176651
2001-10-18 07:00:00,31170.0,31024.05859375,145.94140625,145.94140625,21298.89405822754
2001-10-18 08:00:00,31356.0,31217.224609375,138.775390625,138.775390625,19258.609043121338
2001-10-18 09:00:00,31237.0,31543.900390625,-306.900390625,306.900390625,94187.84976577759
2001-10-18 10:00:00,30908.0,31231.92578125,-323.92578125,323.92578125,104927.91175842285
2001-10-18 11:00:00,30672.0,30560.54296875,111.45703125,111.45703125,12422.669815063477
2001-10-18 12:00:00,30511.0,30395.978515625,115.021484375,115.021484375,13229.94186782837
2001-10-18 13:00:00,30302.0,30246.833984375,55.166015625,55.166015625,3043.289279937744
2001-10-18 14:00:00,29952.0,30040.982421875,-88.982421875,88.982421875,7917.8714027404785
2001-10-18 15:00:00,29434.0,29646.1171875,-212.1171875,212.1171875,44993.701232910156
2001-10-18 16:00:00,29506.0,29361.921875,144.078125,144.078125,20758.506103515625
2001-10-18 17:00:00,29722.0,30095.291015625,-373.291015625,373.291015625,139346.182346344
2001-10-18 18:00:00,31075.0,31151.94140625,-76.94140625,76.94140625,5919.979995727539
2001-10-18 19:00:00,32384.0,31461.91796875,922.08203125,922.08203125,850235.272354126
2001-10-18 20:00:00,31660.0,31620.833984375,39.166015625,39.166015625,1533.9767799377441
2001-10-18 21:00:00,30284.0,29888.05859375,395.94140625,395.94140625,156769.59718322754
2001-10-18 22:00:00,27823.0,27580.58203125,242.41796875,242.41796875,58766.47157287598
2001-10-18 23:00:00,25551.0,25400.5390625,150.4609375,150.4609375,22638.493713378906
2001-10-19 00:00:00,23911.0,23853.646484375,57.353515625,57.353515625,3289.425754547119
2001-10-19 01:00:00,22889.0,22878.556640625,10.443359375,10.443359375,109.06375503540039
2001-10-19 02:00:00,22603.0,22503.11328125,99.88671875,99.88671875,9977.356582641602
2001-10-19 03:00:00,22647.0,22666.662109375,-19.662109375,19.662109375,386.5985450744629
2001-10-19 04:00:00,23198.0,23294.599609375,-96.599609375,96.599609375,9331.484531402588
2001-10-19 05:00:00,25107.0,25278.306640625,-171.306640625,171.306640625,29345.9651222229
2001-10-19 06:00:00,29065.0,28746.98046875,318.01953125,318.01953125,101136.42225646973
2001-10-19 07:00:00,31338.0,30829.74609375,508.25390625,508.25390625,258322.0332183838
2001-10-19 08:00:00,31420.0,31547.470703125,-127.470703125,127.470703125,16248.780155181885
2001-10-19 09:00:00,31212.0,31292.087890625,-80.087890625,80.087890625,6414.070224761963
2001-10-19 10:00:00,31200.0,31122.5625,77.4375,77.4375,5996.56640625
2001-10-19 11:00:00,30895.0,30902.646484375,-7.646484375,7.646484375,58.46872329711914
2001-10-19 12:00:00,30356.0,30595.029296875,-239.029296875,239.029296875,57135.004764556885
2001-10-19 13:00:00,29979.0,30020.44140625,-41.44140625,41.44140625,1717.390151977539
2001-10-19 14:00:00,29614.0,29660.4765625,-46.4765625,46.4765625,2160.0708618164062
2001-10-19 15:00:00,29137.0,29151.650390625,-14.650390625,14.650390625,214.6339454650879
2001-10-19 16:00:00,28835.0,28939.90234375,-104.90234375,104.90234375,11004.501724243164
2001-10-19 17:00:00,28651.0,28952.66015625,-301.66015625,301.66015625,90998.84986877441
2001-10-19 18:00:00,29988.0,29631.30078125,356.69921875,356.69921875,127234.33265686035
2001-10-19 19:00:00,30514.0,30976.541015625,-462.541015625,462.541015625,213944.1911354065
2001-10-19 20:00:00,29645.0,29947.908203125,-302.908203125,302.908203125,91753.37952041626
2001-10-19 21:00:00,28371.0,28332.091796875,38.908203125,38.908203125,1513.8482704162598
2001-10-19 22:00:00,26469.0,26624.52734375,-155.52734375,155.52734375,24188.754653930664
2001-10-19 23:00:00,24327.0,24245.189453125,81.810546875,81.810546875,6692.965579986572
2001-10-20 00:00:00,22385.0,22547.185546875,-162.185546875,162.185546875,26304.151615142822
2001-10-20 01:00:00,21388.0,21421.1875,-33.1875,33.1875,1101.41015625
2001-10-20 02:00:00,20872.0,20737.6484375,134.3515625,134.3515625,18050.342346191406
2001-10-20 03:00:00,20652.0,20596.123046875,55.876953125,55.876953125,3122.2338905334473
2001-10-20 04:00:00,20747.0,20720.439453125,26.560546875,26.560546875,705.4626502990723
2001-10-20 05:00:00,21293.0,21457.708984375,-164.708984375,164.708984375,27129.049533843994
2001-10-20 06:00:00,22627.0,22397.283203125,229.716796875,229.716796875,52769.80676651001
2001-10-20 07:00:00,23931.0,23709.076171875,221.923828125,221.923828125,49250.18548965454
2001-10-20 08:00:00,25577.0,25718.921875,-141.921875,141.921875,20141.818603515625
2001-10-20 09:00:00,26605.0,26737.73046875,-132.73046875,132.73046875,17617.377334594727
2001-10-20 10:00:00,26887.0,26967.068359375,-80.068359375,80.068359375,6410.94217300415
2001-10-20 11:00:00,26729.0,26802.0078125,-73.0078125,73.0078125,5330.140686035156
2001-10-20 12:00:00,26392.0,26300.25,91.75,91.75,8418.0625
2001-10-20 13:00:00,25830.0,26049.724609375,-219.724609375,219.724609375,48278.90396499634
2001-10-20 14:00:00,25287.0,25170.06640625,116.93359375,116.93359375,13673.465347290039
2001-10-20 15:00:00,24984.0,24892.052734375,91.947265625,91.947265625,8454.299655914307
2001-10-20 16:00:00,24937.0,24987.21484375,-50.21484375,50.21484375,2521.530532836914
2001-10-20 17:00:00,25161.0,25459.69921875,-298.69921875,298.69921875,89221.22328186035
2001-10-20 18:00:00,26603.0,26108.134765625,494.865234375,494.865234375,244891.60019302368
2001-10-20 19:00:00,27604.0,27758.33203125,-154.33203125,154.33203125,23818.375869750977
2001-10-20 20:00:00,26823.0,27065.576171875,-242.576171875,242.576171875,58843.19916152954
2001-10-20 21:00:00,25707.0,25756.0859375,-49.0859375,49.0859375,2409.4292602539062
2001-10-20 22:00:00,24247.0,24205.837890625,41.162109375,41.162109375,1694.319248199463
2001-10-20 23:00:00,22632.0,22610.123046875,21.876953125,21.876953125,478.60107803344727
2001-10-21 00:00:00,21137.0,21081.091796875,55.908203125,55.908203125,3125.7271766662598
2001-10-21 01:00:00,20035.0,20193.830078125,-158.830078125,158.830078125,25226.993717193604
2001-10-21 02:00:00,19423.0,19590.060546875,-167.060546875,167.060546875,27909.226322174072
2001-10-21 03:00:00,19274.0,19083.537109375,190.462890625,190.462890625,36276.11270523071
2001-10-21 04:00:00,19121.0,19228.830078125,-107.830078125,107.830078125,11627.325748443604
2001-10-21 05:00:00,19618.0,19390.361328125,227.638671875,227.638671875,51819.364933013916
2001-10-21 06:00:00,20573.0,20225.994140625,347.005859375,347.005859375,120413.06644058228
2001-10-21 07:00:00,21453.0,21453.169921875,-0.169921875,0.169921875,0.028873443603515625
2001-10-21 08:00:00,22957.0,22951.451171875,5.548828125,5.548828125,30.789493560791016
2001-10-21 09:00:00,24008.0,24256.984375,-248.984375,248.984375,61993.218994140625
2001-10-21 10:00:00,24348.0,24709.478515625,-361.478515625,361.478515625,130666.71725845337
2001-10-21 11:00:00,24622.0,24645.087890625,-23.087890625,23.087890625,533.0506935119629
2001-10-21 12:00:00,24750.0,24555.9921875,194.0078125,194.0078125,37639.031311035156
2001-10-21 13:00:00,24631.0,24521.50390625,109.49609375,109.49609375,11989.394546508789
2001-10-21 14:00:00,24449.0,24498.005859375,-49.005859375,49.005859375,2401.5742530822754
2001-10-21 15:00:00,24439.0,24461.599609375,-22.599609375,22.599609375,510.7423439025879
2001-10-21 16:00:00,24909.0,24970.337890625,-61.337890625,61.337890625,3762.336826324463
2001-10-21 17:00:00,25757.0,25888.876953125,-131.876953125,131.876953125,17391.530765533447
2001-10-21 18:00:00,27549.0,26969.568359375,579.431640625,579.431640625,335741.02615737915
2001-10-21 19:00:00,28977.0,28084.986328125,892.013671875,892.013671875,795688.3908119202
2001-10-21 20:00:00,28293.0,28354.453125,-61.453125,61.453125,3776.486572265625
2001-10-21 21:00:00,26884.0,27013.384765625,-129.384765625,129.384765625,16740.41757583618
2001-10-21 22:00:00,24967.0,25119.544921875,-152.544921875,152.544921875,23269.953189849854
2001-10-21 23:00:00,22883.0,22983.677734375,-100.677734375,100.677734375,10136.006198883057
2001-10-22 00:00:00,21427.0,21470.77734375,-43.77734375,43.77734375,1916.455825805664
2001-10-22 01:00:00,20502.0,20539.265625,-37.265625,37.265625,1388.726806640625
2001-10-22 02:00:00,20116.0,20180.265625,-64.265625,64.265625,4130.070556640625
2001-10-22 03:00:00,19974.0,20172.390625,-198.390625,198.390625,39358.840087890625
2001-10-22 04:00:00,20632.0,20669.0234375,-37.0234375,37.0234375,1370.7349243164062
2001-10-22 05:00:00,22472.0,22623.419921875,-151.419921875,151.419921875,22927.992740631104
2001-10-22 06:00:00,26347.0,26250.548828125,96.451171875,96.451171875,9302.828556060791
2001-10-22 07:00:00,29009.0,29089.15234375,-80.15234375,80.15234375,6424.398208618164
2001-10-22 08:00:00,29660.0,29655.908203125,4.091796875,4.091796875,16.742801666259766
2001-10-22 09:00:00,30252.0,30090.07421875,161.92578125,161.92578125,26219.95863342285
2001-10-22 10:00:00,31169.0,30449.625,719.375,719.375,517500.390625
2001-10-22 11:00:00,31534.0,31262.990234375,271.009765625,271.009765625,73446.29306411743
2001-10-22 12:00:00,31734.0,31299.2578125,434.7421875,434.7421875,189000.76959228516
2001-10-22 13:00:00,32060.0,31521.115234375,538.884765625,538.884765625,290396.7906227112
2001-10-22 14:00:00,32007.0,31705.162109375,301.837890625,301.837890625,91106.11221694946
2001-10-22 15:00:00,31883.0,31777.119140625,105.880859375,105.880859375,11210.756381988525
2001-10-22 16:00:00,31811.0,31916.69921875,-105.69921875,105.69921875,11172.324844360352
2001-10-22 17:00:00,31857.0,31790.65234375,66.34765625,66.34765625,4402.011489868164
2001-10-22 18:00:00,32891.0,32021.876953125,869.123046875,869.123046875,755374.8706092834
2001-10-22 19:00:00,33334.0,33388.8046875,-54.8046875,54.8046875,3003.5537719726562
2001-10-22 20:00:00,32141.0,32520.83203125,-379.83203125,379.83203125,144272.37196350098
2001-10-22 21:00:00,30410.0,30230.09375,179.90625,179.90625,32366.2587890625
2001-10-22 22:00:00,27341.0,27557.986328125,-216.986328125,216.986328125,47083.066593170166
2001-10-22 23:00:00,24708.0,24869.802734375,-161.802734375,161.802734375,26180.124851226807
2001-10-23 00:00:00,22820.0,22808.357421875,11.642578125,11.642578125,135.54962539672852
2001-10-23 01:00:00,21756.0,21858.525390625,-102.525390625,102.525390625,10511.455722808838
2001-10-23 02:00:00,21208.0,21347.697265625,-139.697265625,139.697265625,19515.326023101807
2001-10-23 03:00:00,20987.0,21055.974609375,-68.974609375,68.974609375,4757.496738433838
2001-10-23 04:00:00,21394.0,21374.94140625,19.05859375,19.05859375,363.22999572753906
2001-10-23 05:00:00,23232.0,23285.5390625,-53.5390625,53.5390625,2866.4312133789062
2001-10-23 06:00:00,27107.0,27062.63671875,44.36328125,44.36328125,1968.1007232666016
2001-10-23 07:00:00,29650.0,29929.021484375,-279.021484375,279.021484375,77852.98874282837
2001-10-23 08:00:00,30107.0,30212.845703125,-105.845703125,105.845703125,11203.312870025635
2001-10-23 09:00:00,30643.0,30697.830078125,-54.830078125,54.830078125,3006.3374671936035
2001-10-23 10:00:00,31191.0,31234.201171875,-43.201171875,43.201171875,1866.341251373291
2001-10-23 11:00:00,31435.0,31499.923828125,-64.923828125,64.923828125,4215.103458404541
2001-10-23 12:00:00,31564.0,31497.849609375,66.150390625,66.150390625,4375.874179840088
2001-10-23 13:00:00,31682.0,32040.55859375,-358.55859375,358.55859375,128564.26515197754
2001-10-23 14:00:00,31572.0,31823.060546875,-251.060546875,251.060546875,63031.39819717407
2001-10-23 15:00:00,31740.0,31470.3359375,269.6640625,269.6640625,72718.7066040039
2001-10-23 16:00:00,31623.0,31805.03515625,-182.03515625,182.03515625,33136.798110961914
2001-10-23 17:00:00,31556.0,31797.6484375,-241.6484375,241.6484375,58393.967346191406
2001-10-23 18:00:00,32973.0,31710.04296875,1262.95703125,1262.95703125,1595060.4627838135
2001-10-23 19:00:00,33387.0,33384.38671875,2.61328125,2.61328125,6.8292388916015625
2001-10-23 20:00:00,32444.0,32847.953125,-403.953125,403.953125,163178.12719726562
2001-10-23 21:00:00,30558.0,30991.32421875,-433.32421875,433.32421875,187769.87855529785
2001-10-23 22:00:00,27604.0,27883.43359375,-279.43359375,279.43359375,78083.13331604004
2001-10-23 23:00:00,25145.0,25177.953125,-32.953125,32.953125,1085.908447265625
2001-10-24 00:00:00,23459.0,23137.853515625,321.146484375,321.146484375,103135.06442642212
2001-10-24 01:00:00,22258.0,22420.732421875,-162.732421875,162.732421875,26481.84112930298
2001-10-24 02:00:00,21762.0,21814.896484375,-52.896484375,52.896484375,2798.038059234619
2001-10-24 03:00:00,21522.0,21446.826171875,75.173828125,75.173828125,5651.104434967041
2001-10-24 04:00:00,21851.0,21752.58984375,98.41015625,98.41015625,9684.558853149414
2001-10-24 05:00:00,23831.0,23907.041015625,-76.041015625,76.041015625,5782.236057281494
2001-10-24 06:00:00,27686.0,27627.60546875,58.39453125,58.39453125,3409.9212799072266
2001-10-24 07:00:00,30267.0,30166.609375,100.390625,100.390625,10078.277587890625
2001-10-24 08:00:00,30738.0,30700.375,37.625,37.625,1415.640625
2001-10-24 09:00:00,31432.0,31151.05859375,280.94140625,280.94140625,78928.07374572754
2001-10-24 10:00:00,32379.0,31874.33203125,504.66796875,504.66796875,254689.75868225098
2001-10-24 11:00:00,32851.0,32858.28125,-7.28125,7.28125,53.0166015625
2001-10-24 12:00:00,33179.0,32909.7890625,269.2109375,269.2109375,72474.5288696289
2001-10-24 13:00:00,33667.0,33316.28125,350.71875,350.71875,123003.6416015625
2001-10-24 14:00:00,33943.0,33878.6015625,64.3984375,64.3984375,4147.158752441406
2001-10-24 15:00:00,33888.0,33849.81640625,38.18359375,38.18359375,1457.986831665039
2001-10-24 16:00:00,33805.0,33598.05078125,206.94921875,206.94921875,42827.97914123535
2001-10-24 17:00:00,33351.0,33848.81640625,-497.81640625,497.81640625,247821.17433166504
2001-10-24 18:00:00,34403.0,33204.71484375,1198.28515625,1198.28515625,1435887.315689087
2001-10-24 19:00:00,34789.0,34116.46484375,672.53515625,672.53515625,452303.5363922119
2001-10-24 20:00:00,33626.0,34040.84375,-414.84375,414.84375,172095.3369140625
2001-10-24 21:00:00,31734.0,32025.400390625,-291.400390625,291.400390625,84914.18765640259
2001-10-24 22:00:00,28837.0,28790.5859375,46.4140625,46.4140625,2154.2651977539062
2001-10-24 23:00:00,25994.0,26401.736328125,-407.736328125,407.736328125,166248.91327285767
2001-10-25 00:00:00,24002.0,24050.029296875,-48.029296875,48.029296875,2306.8133583068848
2001-10-25 01:00:00,22907.0,22930.482421875,-23.482421875,23.482421875,551.4241371154785
2001-10-25 02:00:00,22211.0,22261.375,-50.375,50.375,2537.640625
2001-10-25 03:00:00,21915.0,22183.39453125,-268.39453125,268.39453125,72035.62440490723
2001-10-25 04:00:00,22360.0,22236.77734375,123.22265625,123.22265625,15183.823013305664
2001-10-25 05:00:00,24291.0,23959.16796875,331.83203125,331.83203125,110112.49696350098
2001-10-25 06:00:00,28380.0,27816.056640625,563.943359375,563.943359375,318032.1125831604
2001-10-25 07:00:00,30806.0,30563.25390625,242.74609375,242.74609375,58925.66603088379
2001-10-25 08:00:00,31372.0,31889.798828125,-517.798828125,517.798828125,268115.6264076233
2001-10-25 09:00:00,32198.0,32166.23828125,31.76171875,31.76171875,1008.8067779541016
2001-10-25 10:00:00,33025.0,32674.08203125,350.91796875,350.91796875,123143.42079162598
2001-10-25 11:00:00,32992.0,33421.796875,-429.796875,429.796875,184725.35375976562
2001-10-25 12:00:00,32370.0,32928.4765625,-558.4765625,558.4765625,311896.0708618164
2001-10-25 13:00:00,32286.0,32503.880859375,-217.880859375,217.880859375,47472.068881988525
2001-10-25 14:00:00,31800.0,32055.8515625,-255.8515625,255.8515625,65460.022033691406
2001-10-25 15:00:00,31396.0,31524.009765625,-128.009765625,128.009765625,16386.50009536743
2001-10-25 16:00:00,31053.0,31286.517578125,-233.517578125,233.517578125,54530.45929336548
2001-10-25 17:00:00,30720.0,31060.921875,-340.921875,340.921875,116227.72485351562
2001-10-25 18:00:00,31731.0,30687.90625,1043.09375,1043.09375,1088044.5712890625
2001-10-25 19:00:00,32365.0,32634.7578125,-269.7578125,269.7578125,72769.27740478516
2001-10-25 20:00:00,31138.0,32146.318359375,-1008.318359375,1008.318359375,1016705.9138526917
2001-10-25 21:00:00,29491.0,29521.50390625,-30.50390625,30.50390625,930.4882965087891
2001-10-25 22:00:00,26839.0,27108.962890625,-269.962890625,269.962890625,72879.96231460571
2001-10-25 23:00:00,24379.0,24408.634765625,-29.634765625,29.634765625,878.2193336486816
2001-10-26 00:00:00,22512.0,22461.943359375,50.056640625,50.056640625,2505.6672706604004
2001-10-26 01:00:00,21506.0,21391.34765625,114.65234375,114.65234375,13145.159927368164
2001-10-26 02:00:00,20923.0,21036.259765625,-113.259765625,113.259765625,12827.774509429932
2001-10-26 03:00:00,20868.0,20782.037109375,85.962890625,85.962890625,7389.618564605713
2001-10-26 04:00:00,21348.0,21343.287109375,4.712890625,4.712890625,22.21133804321289
2001-10-26 05:00:00,23000.0,23286.9296875,-286.9296875,286.9296875,82328.64556884766
2001-10-26 06:00:00,26845.0,26759.578125,85.421875,85.421875,7296.896728515625
2001-10-26 07:00:00,29597.0,29071.6328125,525.3671875,525.3671875,276010.68170166016
2001-10-26 08:00:00,30123.0,30317.3203125,-194.3203125,194.3203125,37760.383850097656
2001-10-26 09:00:00,30356.0,30596.04296875,-240.04296875,240.04296875,57620.62684631348
2001-10-26 10:00:00,30670.0,30677.376953125,-7.376953125,7.376953125,54.419437408447266
2001-10-26 11:00:00,30286.0,30792.03515625,-506.03515625,506.03515625,256071.5793609619
2001-10-26 12:00:00,29882.0,29987.15625,-105.15625,105.15625,11057.8369140625
2001-10-26 13:00:00,29708.0,29839.6953125,-131.6953125,131.6953125,17343.655334472656
2001-10-26 14:00:00,29469.0,29533.990234375,-64.990234375,64.990234375,4223.730564117432
2001-10-26 15:00:00,29037.0,29269.65234375,-232.65234375,232.65234375,54127.113052368164
2001-10-26 16:00:00,28859.0,28929.875,-70.875,70.875,5023.265625
2001-10-26 17:00:00,29337.0,28852.595703125,484.404296875,484.404296875,234647.52283096313
2001-10-26 18:00:00,30858.0,30569.796875,288.203125,288.203125,83061.04125976562
2001-10-26 19:00:00,31204.0,31419.98828125,-215.98828125,215.98828125,46650.9376373291
2001-10-26 20:00:00,30324.0,30482.291015625,-158.291015625,158.291015625,25056.045627593994
2001-10-26 21:00:00,29235.0,29285.822265625,-50.822265625,50.822265625,2582.9026832580566
2001-10-26 22:00:00,27402.0,26941.515625,460.484375,460.484375,212045.85961914062
2001-10-26 23:00:00,25469.0,25068.333984375,400.666015625,400.666015625,160533.25607681274
2001-10-27 00:00:00,23470.0,23435.28125,34.71875,34.71875,1205.3916015625
2001-10-27 01:00:00,22519.0,22382.3671875,136.6328125,136.6328125,18668.525451660156
2001-10-27 02:00:00,21854.0,21757.267578125,96.732421875,96.732421875,9357.161441802979
2001-10-27 03:00:00,21670.0,21584.42578125,85.57421875,85.57421875,7322.946914672852
2001-10-27 04:00:00,21638.0,21436.353515625,201.646484375,201.646484375,40661.30466079712
2001-10-27 05:00:00,22243.0,22231.23828125,11.76171875,11.76171875,138.33802795410156
2001-10-27 06:00:00,23558.0,23659.90234375,-101.90234375,101.90234375,10384.087661743164
2001-10-27 07:00:00,24919.0,24780.865234375,138.134765625,138.134765625,19081.21347427368
2001-10-27 08:00:00,26468.0,26723.0,-255.0,255.0,65025.0
2001-10-27 09:00:00,27531.0,27863.94921875,-332.94921875,332.94921875,110855.18226623535
2001-10-27 10:00:00,27910.0,27653.787109375,256.212890625,256.212890625,65645.04532241821
2001-10-27 11:00:00,27625.0,27886.501953125,-261.501953125,261.501953125,68383.2714881897
2001-10-27 12:00:00,26992.0,27307.345703125,-315.345703125,315.345703125,99442.91247940063
2001-10-27 13:00:00,26589.0,26493.986328125,95.013671875,95.013671875,9027.597843170166
2001-10-27 14:00:00,26154.0,26133.9921875,20.0078125,20.0078125,400.31256103515625
2001-10-27 15:00:00,26158.0,25822.609375,335.390625,335.390625,112486.87133789062
2001-10-27 16:00:00,26475.0,26073.103515625,401.896484375,401.896484375,161520.78415298462
2001-10-27 17:00:00,27260.0,26739.048828125,520.951171875,520.951171875,271390.1234779358
2001-10-27 18:00:00,28837.0,28130.5859375,706.4140625,706.4140625,499020.8276977539
2001-10-27 19:00:00,29082.0,29314.658203125,-232.658203125,232.658203125,54129.83948135376
2001-10-27 20:00:00,28336.0,28512.654296875,-176.654296875,176.654296875,31206.740604400635
2001-10-27 21:00:00,27445.0,27418.189453125,26.810546875,26.810546875,718.8054237365723
2001-10-27 22:00:00,26214.0,25714.0546875,499.9453125,499.9453125,249945.31549072266
2001-10-27 23:00:00,24708.0,24247.923828125,460.076171875,460.076171875,211670.08392715454
2001-10-28 00:00:00,23017.0,23154.306640625,-137.306640625,137.306640625,18853.1135597229
2001-10-28 01:00:00,22176.5,21791.759765625,384.740234375,384.740234375,148025.04794692993
2001-10-28 02:00:00,21336.0,21619.697265625,-283.697265625,283.697265625,80484.1385231018
2001-10-28 03:00:00,21265.0,20937.794921875,327.205078125,327.205078125,107063.16315078735
2001-10-28 04:00:00,21519.0,21142.244140625,376.755859375,376.755859375,141944.97757339478
2001-10-28 05:00:00,22169.0,21812.3515625,356.6484375,356.6484375,127198.1079711914
2001-10-28 06:00:00,23124.0,23175.130859375,-51.130859375,51.130859375,2614.3647804260254
2001-10-28 07:00:00,24510.0,24115.712890625,394.287109375,394.287109375,155462.3246192932
2001-10-28 08:00:00,25849.0,25779.421875,69.578125,69.578125,4841.115478515625
2001-10-28 09:00:00,26447.0,27053.48046875,-606.48046875,606.48046875,367818.5589752197
2001-10-28 10:00:00,26446.0,26777.986328125,-331.986328125,331.986328125,110214.92206192017
2001-10-28 11:00:00,26084.0,26172.1484375,-88.1484375,88.1484375,7770.147033691406
2001-10-28 12:00:00,25652.0,25689.263671875,-37.263671875,37.263671875,1388.581241607666
2001-10-28 13:00:00,25211.0,25377.98828125,-166.98828125,166.98828125,27885.0860748291
2001-10-28 14:00:00,24883.0,25043.447265625,-160.447265625,160.447265625,25743.325046539307
2001-10-28 15:00:00,24912.0,24929.677734375,-17.677734375,17.677734375,312.50229263305664
2001-10-28 16:00:00,25864.0,25204.9453125,659.0546875,659.0546875,434353.08111572266
2001-10-28 17:00:00,28754.0,27261.7265625,1492.2734375,1492.2734375,2226880.0122680664
2001-10-28 18:00:00,30121.0,29216.453125,904.546875,904.546875,818205.0490722656
2001-10-28 19:00:00,29601.0,30545.9609375,-944.9609375,944.9609375,892951.1734008789
2001-10-28 20:00:00,29127.0,28718.310546875,408.689453125,408.689453125,167027.06909561157
2001-10-28 21:00:00,27800.0,28067.615234375,-267.615234375,267.615234375,71617.91366958618
2001-10-28 22:00:00,26017.0,25934.41796875,82.58203125,82.58203125,6819.791885375977
2001-10-28 23:00:00,24427.0,24185.716796875,241.283203125,241.283203125,58217.58411026001
2001-10-29 00:00:00,23503.0,22786.193359375,716.806640625,716.806640625,513811.7600440979
2001-10-29 01:00:00,23024.0,22408.099609375,615.900390625,615.900390625,379333.2911720276
2001-10-29 02:00:00,22998.0,22826.8046875,171.1953125,171.1953125,29307.835021972656
2001-10-29 03:00:00,23275.0,23366.169921875,-91.169921875,91.169921875,8311.954654693604
2001-10-29 04:00:00,24193.0,24074.796875,118.203125,118.203125,13971.978759765625
2001-10-29 05:00:00,26443.0,26331.986328125,111.013671875,111.013671875,12324.035343170166
2001-10-29 06:00:00,30517.0,29890.77734375,626.22265625,626.22265625,392154.81520080566
2001-10-29 07:00:00,32120.0,32836.890625,-716.890625,716.890625,513932.1682128906
2001-10-29 08:00:00,32079.0,32411.44921875,-332.44921875,332.44921875,110522.48304748535
2001-10-29 09:00:00,31784.0,32022.21875,-238.21875,238.21875,56748.1728515625
2001-10-29 10:00:00,31511.0,31428.1328125,82.8671875,82.8671875,6866.970764160156
2001-10-29 11:00:00,31124.0,30819.505859375,304.494140625,304.494140625,92716.68167495728
2001-10-29 12:00:00,30619.0,30802.552734375,-183.552734375,183.552734375,33691.60629653931
2001-10-29 13:00:00,30411.0,30384.189453125,26.810546875,26.810546875,718.8054237365723
2001-10-29 14:00:00,30094.0,30155.701171875,-61.701171875,61.701171875,3807.034610748291
2001-10-29 15:00:00,29783.0,30114.60546875,-331.60546875,331.60546875,109962.18690490723
2001-10-29 16:00:00,30324.0,30383.025390625,-59.025390625,59.025390625,3483.996738433838
2001-10-29 17:00:00,32912.0,31721.3828125,1190.6171875,1190.6171875,1417569.2871704102
2001-10-29 18:00:00,33678.0,33998.92578125,-320.92578125,320.92578125,102993.35707092285
2001-10-29 19:00:00,32902.0,33480.07421875,-578.07421875,578.07421875,334169.80238342285
2001-10-29 20:00:00,31774.0,31635.419921875,138.580078125,138.580078125,19204.438053131104
2001-10-29 21:00:00,29948.0,29433.44921875,514.55078125,514.55078125,264762.50648498535
2001-10-29 22:00:00,27264.0,27426.02734375,-162.02734375,162.02734375,26252.860122680664
2001-10-29 23:00:00,24921.0,25580.287109375,-659.287109375,659.287109375,434659.4925880432
2001-10-30 00:00:00,23229.0,23488.015625,-259.015625,259.015625,67089.09399414062
2001-10-30 01:00:00,22494.0,22475.216796875,18.783203125,18.783203125,352.80871963500977
2001-10-30 02:00:00,22290.0,22255.40625,34.59375,34.59375,1196.7275390625
2001-10-30 03:00:00,22214.0,22403.517578125,-189.517578125,189.517578125,35916.91241836548
2001-10-30 04:00:00,22868.0,23026.998046875,-158.998046875,158.998046875,25280.378910064697
2001-10-30 05:00:00,24977.0,25153.69140625,-176.69140625,176.69140625,31219.85304260254
2001-10-30 06:00:00,28675.0,29025.8515625,-350.8515625,350.8515625,123096.8189086914
2001-10-30 07:00:00,30656.0,30801.44921875,-145.44921875,145.44921875,21155.47523498535
2001-10-30 08:00:00,30619.0,31019.775390625,-400.775390625,400.775390625,160620.91373062134
2001-10-30 09:00:00,30608.0,30689.08203125,-81.08203125,81.08203125,6574.295791625977
2001-10-30 10:00:00,30666.0,30640.5,25.5,25.5,650.25
2001-10-30 11:00:00,30728.0,30515.87890625,212.12109375,212.12109375,44995.35841369629
2001-10-30 12:00:00,30258.0,30505.017578125,-247.017578125,247.017578125,61017.68390274048
2001-10-30 13:00:00,30145.0,30153.857421875,-8.857421875,8.857421875,78.45392227172852
2001-10-30 14:00:00,29864.0,29874.115234375,-10.115234375,10.115234375,102.31796646118164
2001-10-30 15:00:00,29590.0,29677.6640625,-87.6640625,87.6640625,7684.987854003906
2001-10-30 16:00:00,30010.0,29849.71875,160.28125,160.28125,25690.0791015625
2001-10-30 17:00:00,32565.0,31380.861328125,1184.138671875,1184.138671875,1402184.394229889
2001-10-30 18:00:00,33175.0,33136.4296875,38.5703125,38.5703125,1487.6690063476562
2001-10-30 19:00:00,32435.0,32732.529296875,-297.529296875,297.529296875,88523.68249893188
2001-10-30 20:00:00,31523.0,31580.748046875,-57.748046875,57.748046875,3334.8369178771973
2001-10-30 21:00:00,29764.0,29808.2890625,-44.2890625,44.2890625,1961.5210571289062
2001-10-30 22:00:00,27259.0,27325.62109375,-66.62109375,66.62109375,4438.370132446289
2001-10-30 23:00:00,25035.0,24790.40234375,244.59765625,244.59765625,59828.013442993164
2001-10-31 00:00:00,23350.0,23350.71484375,-0.71484375,0.71484375,0.5110015869140625
2001-10-31 01:00:00,22610.0,22440.236328125,169.763671875,169.763671875,28819.704288482666
2001-10-31 02:00:00,22345.0,22269.322265625,75.677734375,75.677734375,5727.119480133057
2001-10-31 03:00:00,22379.0,22488.599609375,-109.599609375,109.599609375,12012.074375152588
2001-10-31 04:00:00,23050.0,23130.119140625,-80.119140625,80.119140625,6419.076694488525
2001-10-31 05:00:00,25278.0,25291.05859375,-13.05859375,13.05859375,170.52687072753906
2001-10-31 06:00:00,29107.0,28966.908203125,140.091796875,140.091796875,19625.71155166626
2001-10-31 07:00:00,31171.0,30681.658203125,489.341796875,489.341796875,239455.39416885376
2001-10-31 08:00:00,31338.0,31284.56640625,53.43359375,53.43359375,2855.148941040039
2001-10-31 09:00:00,31242.0,31545.369140625,-303.369140625,303.369140625,92032.83548355103
2001-10-31 10:00:00,31453.0,31210.33984375,242.66015625,242.66015625,58883.951431274414
2001-10-31 11:00:00,31205.0,31209.041015625,-4.041015625,4.041015625,16.32980728149414
2001-10-31 12:00:00,30928.0,31035.615234375,-107.615234375,107.615234375,11581.038669586182
2001-10-31 13:00:00,30614.0,30719.728515625,-105.728515625,105.728515625,11178.51901626587
2001-10-31 14:00:00,29906.0,30281.21875,-375.21875,375.21875,140789.1103515625
2001-10-31 15:00:00,29813.0,29652.21875,160.78125,160.78125,25850.6103515625
2001-10-31 16:00:00,30320.0,30220.52734375,99.47265625,99.47265625,9894.809341430664
2001-10-31 17:00:00,32387.0,31609.994140625,777.005859375,777.005859375,603738.1055030823
2001-10-31 18:00:00,32095.0,32879.9765625,-784.9765625,784.9765625,616188.2036743164
2001-10-31 19:00:00,31083.0,31838.109375,-755.109375,755.109375,570190.1682128906
2001-10-31 20:00:00,30575.0,30008.490234375,566.509765625,566.509765625,320933.31454849243
2001-10-31 21:00:00,29333.0,29274.013671875,58.986328125,58.986328125,3479.386905670166
2001-10-31 22:00:00,26808.0,27059.685546875,-251.685546875,251.685546875,63345.61450576782
2001-10-31 23:00:00,24262.0,24288.083984375,-26.083984375,26.083984375,680.3742408752441
2001-11-01 00:00:00,22595.0,22666.5625,-71.5625,71.5625,5121.19140625
2001-11-01 01:00:00,21778.0,21940.697265625,-162.697265625,162.697265625,26470.400241851807
2001-11-01 02:00:00,21498.0,21379.388671875,118.611328125,118.611328125,14068.647159576416
2001-11-01 03:00:00,21547.0,21351.087890625,195.912109375,195.912109375,38381.55459976196
2001-11-01 04:00:00,22187.0,21990.49609375,196.50390625,196.50390625,38613.78517150879
2001-11-01 05:00:00,24296.0,24370.26171875,-74.26171875,74.26171875,5514.802871704102
2001-11-01 06:00:00,27937.0,28063.87109375,-126.87109375,126.87109375,16096.274429321289
2001-11-01 07:00:00,29680.0,29860.26171875,-180.26171875,180.26171875,32494.2872467041
2001-11-01 08:00:00,30091.0,30174.3828125,-83.3828125,83.3828125,6952.693420410156
2001-11-01 09:00:00,30233.0,30407.064453125,-174.064453125,174.064453125,30298.433841705322
2001-11-01 10:00:00,30505.0,30551.568359375,-46.568359375,46.568359375,2168.6120948791504
2001-11-01 11:00:00,30507.0,30410.951171875,96.048828125,96.048828125,9225.377384185791
2001-11-01 12:00:00,30479.0,30181.56640625,297.43359375,297.43359375,88466.74269104004
2001-11-01 13:00:00,30548.0,30284.54296875,263.45703125,263.45703125,69409.60731506348
2001-11-01 14:00:00,30242.0,30305.17578125,-63.17578125,63.17578125,3991.1793365478516
2001-11-01 15:00:00,29924.0,29978.189453125,-54.189453125,54.189453125,2936.4968299865723
2001-11-01 16:00:00,30439.0,30751.908203125,-312.908203125,312.908203125,97911.54358291626
2001-11-01 17:00:00,32783.0,32089.966796875,693.033203125,693.033203125,480295.0206336975
2001-11-01 18:00:00,33080.0,32872.81640625,207.18359375,207.18359375,42925.04151916504
2001-11-01 19:00:00,32485.0,32495.904296875,-10.904296875,10.904296875,118.90369033813477
2001-11-01 20:00:00,31420.0,31712.236328125,-292.236328125,292.236328125,85402.07147598267
2001-11-01 21:00:00,29491.0,29846.33203125,-355.33203125,355.33203125,126260.85243225098
2001-11-01 22:00:00,26810.0,27219.822265625,-409.822265625,409.822265625,167954.28940200806
2001-11-01 23:00:00,24560.0,24468.50390625,91.49609375,91.49609375,8371.535171508789
2001-11-02 00:00:00,22628.0,22735.71875,-107.71875,107.71875,11603.3291015625
2001-11-02 01:00:00,21610.0,21816.4609375,-206.4609375,206.4609375,42626.118713378906
2001-11-02 02:00:00,21184.0,21212.640625,-28.640625,28.640625,820.285400390625
2001-11-02 03:00:00,21099.0,21141.1953125,-42.1953125,42.1953125,1780.4443969726562
2001-11-02 04:00:00,21613.0,21659.822265625,-46.822265625,46.822265625,2192.3245582580566
2001-11-02 05:00:00,23525.0,23584.7265625,-59.7265625,59.7265625,3567.2622680664062
2001-11-02 06:00:00,27190.0,27315.373046875,-125.373046875,125.373046875,15718.400882720947
2001-11-02 07:00:00,29179.0,29597.369140625,-418.369140625,418.369140625,175032.73782730103
2001-11-02 08:00:00,30111.0,29672.025390625,438.974609375,438.974609375,192698.70767593384
2001-11-02 09:00:00,30505.0,30392.150390625,112.849609375,112.849609375,12735.034336090088
2001-11-02 10:00:00,30991.0,30635.224609375,355.775390625,355.775390625,126576.12857437134
2001-11-02 11:00:00,31400.0,30880.4453125,519.5546875,519.5546875,269937.07330322266
2001-11-02 12:00:00,31171.0,31430.7734375,-259.7734375,259.7734375,67482.2388305664
2001-11-02 13:00:00,31033.0,31333.3203125,-300.3203125,300.3203125,90192.29010009766
2001-11-02 14:00:00,30966.0,30759.48046875,206.51953125,206.51953125,42650.31678771973
2001-11-02 15:00:00,30503.0,30841.37890625,-338.37890625,338.37890625,114500.28419494629
2001-11-02 16:00:00,30604.0,31205.9765625,-601.9765625,601.9765625,362375.7817993164
2001-11-02 17:00:00,32521.0,31823.03125,697.96875,697.96875,487160.3759765625
2001-11-02 18:00:00,32385.0,32828.10546875,-443.10546875,443.10546875,196342.45643615723
2001-11-02 19:00:00,31103.0,31830.07421875,-727.07421875,727.07421875,528636.9195709229
2001-11-02 20:00:00,29704.0,30183.947265625,-479.947265625,479.947265625,230349.3777809143
2001-11-02 21:00:00,27949.0,28532.359375,-583.359375,583.359375,340308.1604003906
2001-11-02 22:00:00,25987.0,25916.357421875,70.642578125,70.642578125,4990.3738441467285
2001-11-02 23:00:00,23983.0,23924.00390625,58.99609375,58.99609375,3480.539077758789
2001-11-03 00:00:00,22243.0,22251.81640625,-8.81640625,8.81640625,77.72901916503906
2001-11-03 01:00:00,21250.0,21166.87109375,83.12890625,83.12890625,6910.415054321289
2001-11-03 02:00:00,20584.0,20657.65234375,-73.65234375,73.65234375,5424.667739868164
2001-11-03 03:00:00,20133.0,20362.275390625,-229.275390625,229.275390625,52567.20474624634
2001-11-03 04:00:00,20066.0,20109.181640625,-43.181640625,43.181640625,1864.6540870666504
2001-11-03 05:00:00,20809.0,20860.748046875,-51.748046875,51.748046875,2677.8603553771973
2001-11-03 06:00:00,21883.0,22292.455078125,-409.455078125,409.455078125,167653.46100234985
2001-11-03 07:00:00,23177.0,23114.208984375,62.791015625,62.791015625,3942.711643218994
2001-11-03 08:00:00,25404.0,24979.609375,424.390625,424.390625,180107.40258789062
2001-11-03 09:00:00,26893.0,26634.080078125,258.919921875,258.919921875,67039.5259437561
2001-11-03 10:00:00,27377.0,27356.490234375,20.509765625,20.509765625,420.65048599243164
2001-11-03 11:00:00,27355.0,27397.767578125,-42.767578125,42.767578125,1829.0657386779785
2001-11-03 12:00:00,26887.0,27182.595703125,-295.595703125,295.595703125,87376.81970596313
2001-11-03 13:00:00,26140.0,26384.568359375,-244.568359375,244.568359375,59813.68240737915
2001-11-03 14:00:00,25587.0,25735.728515625,-148.728515625,148.728515625,22120.17136001587
2001-11-03 15:00:00,25295.0,25322.419921875,-27.419921875,27.419921875,751.8521156311035
2001-11-03 16:00:00,25642.0,26282.865234375,-640.865234375,640.865234375,410708.2486305237
2001-11-03 17:00:00,28077.0,27619.513671875,457.486328125,457.486328125,209293.74042129517
2001-11-03 18:00:00,28503.0,28675.453125,-172.453125,172.453125,29740.080322265625
2001-11-03 19:00:00,27694.0,27928.6875,-234.6875,234.6875,55078.22265625
2001-11-03 20:00:00,26823.0,27136.740234375,-313.740234375,313.740234375,98432.93466567993
2001-11-03 21:00:00,25745.0,25954.765625,-209.765625,209.765625,44001.617431640625
2001-11-03 22:00:00,24276.0,24309.73046875,-33.73046875,33.73046875,1137.7445220947266
2001-11-03 23:00:00,22344.0,22551.84765625,-207.84765625,207.84765625,43200.648208618164
2001-11-04 00:00:00,20901.0,20977.33203125,-76.33203125,76.33203125,5826.578994750977
2001-11-04 01:00:00,19895.0,19981.283203125,-86.283203125,86.283203125,7444.79114151001
2001-11-04 02:00:00,19543.0,19387.1875,155.8125,155.8125,24277.53515625
2001-11-04 03:00:00,19204.0,19273.30078125,-69.30078125,69.30078125,4802.598281860352
2001-11-04 04:00:00,19544.0,19380.2578125,163.7421875,163.7421875,26811.503967285156
2001-11-04 05:00:00,19922.0,19824.603515625,97.396484375,97.396484375,9486.07516860962
2001-11-04 06:00:00,20600.0,20649.482421875,-49.482421875,49.482421875,2448.5100746154785
2001-11-04 07:00:00,21780.0,21582.830078125,197.169921875,197.169921875,38875.9780921936
2001-11-04 08:00:00,23312.0,23353.39453125,-41.39453125,41.39453125,1713.5072174072266
2001-11-04 09:00:00,24319.0,24404.77734375,-85.77734375,85.77734375,7357.752700805664
2001-11-04 10:00:00,24622.0,25153.5703125,-531.5703125,531.5703125,282566.99713134766
2001-11-04 11:00:00,24734.0,24862.87890625,-128.87890625,128.87890625,16609.77247619629
2001-11-04 12:00:00,24722.0,24662.158203125,59.841796875,59.841796875,3581.0406532287598
2001-11-04 13:00:00,24427.0,24538.8515625,-111.8515625,111.8515625,12510.772033691406
2001-11-04 14:00:00,24207.0,24123.58984375,83.41015625,83.41015625,6957.254165649414
2001-11-04 15:00:00,24197.0,24181.666015625,15.333984375,15.333984375,235.13107681274414
2001-11-04 16:00:00,25158.0,25193.7421875,-35.7421875,35.7421875,1277.5039672851562
2001-11-04 17:00:00,28225.0,27632.125,592.875,592.875,351500.765625
2001-11-04 18:00:00,28886.0,28552.04296875,333.95703125,333.95703125,111527.29872131348
2001-11-04 19:00:00,28312.0,28557.498046875,-245.498046875,245.498046875,60269.2910194397
2001-11-04 20:00:00,27516.0,27553.830078125,-37.830078125,37.830078125,1431.1148109436035
2001-11-04 21:00:00,26247.0,26370.94921875,-123.94921875,123.94921875,15363.408828735352
2001-11-04 22:00:00,24392.0,24387.744140625,4.255859375,4.255859375,18.11233901977539
2001-11-04 23:00:00,22716.0,22570.412109375,145.587890625,145.587890625,21195.833896636963
2001-11-05 00:00:00,21426.0,21506.138671875,-80.138671875,80.138671875,6422.206729888916
2001-11-05 01:00:00,20367.0,20654.2421875,-287.2421875,287.2421875,82508.07427978516
2001-11-05 02:00:00,20412.0,20143.91796875,268.08203125,268.08203125,71867.97547912598
2001-11-05 03:00:00,20384.0,20571.197265625,-187.197265625,187.197265625,35042.81625747681
2001-11-05 04:00:00,21213.0,21371.044921875,-158.044921875,158.044921875,24978.197330474854
2001-11-05 05:00:00,23463.0,23437.021484375,25.978515625,25.978515625,674.8832740783691
2001-11-05 06:00:00,27234.0,27117.568359375,116.431640625,116.431640625,13556.32693862915
2001-11-05 07:00:00,29381.0,29200.359375,180.640625,180.640625,32631.035400390625
2001-11-05 08:00:00,30099.0,29782.056640625,316.943359375,316.943359375,100453.0930519104
2001-11-05 09:00:00,30501.0,30329.306640625,171.693359375,171.693359375,29478.6096534729
2001-11-05 10:00:00,30874.0,30503.609375,370.390625,370.390625,137189.21508789062
2001-11-05 11:00:00,30789.0,30764.0625,24.9375,24.9375,621.87890625
2001-11-05 12:00:00,30536.0,30517.037109375,18.962890625,18.962890625,359.5912208557129
2001-11-05 13:00:00,30456.0,30433.400390625,22.599609375,22.599609375,510.7423439025879
2001-11-05 14:00:00,30121.0,30129.63671875,-8.63671875,8.63671875,74.59291076660156
2001-11-05 15:00:00,30049.0,30134.955078125,-85.955078125,85.955078125,7388.2754554748535
2001-11-05 16:00:00,30981.0,30937.634765625,43.365234375,43.365234375,1880.5435523986816
2001-11-05 17:00:00,33590.0,32946.1484375,643.8515625,643.8515625,414544.8345336914
2001-11-05 18:00:00,34003.0,33414.26171875,588.73828125,588.73828125,346612.7638092041
2001-11-05 19:00:00,33139.0,33220.9453125,-81.9453125,81.9453125,6715.034240722656
2001-11-05 20:00:00,32097.0,31749.19140625,347.80859375,347.80859375,120970.81788635254
2001-11-05 21:00:00,30317.0,30218.390625,98.609375,98.609375,9723.808837890625
2001-11-05 22:00:00,27679.0,27725.50390625,-46.50390625,46.50390625,2162.613296508789
2001-11-05 23:00:00,25216.0,25249.974609375,-33.974609375,33.974609375,1154.274082183838
2001-11-06 00:00:00,23570.0,23613.92578125,-43.92578125,43.92578125,1929.4742584228516
2001-11-06 01:00:00,22845.0,22603.548828125,241.451171875,241.451171875,58298.66839981079
2001-11-06 02:00:00,22409.0,22470.005859375,-61.005859375,61.005859375,3721.7148780822754
2001-11-06 03:00:00,22402.0,22418.08203125,-16.08203125,16.08203125,258.63172912597656
2001-11-06 04:00:00,23101.0,23068.390625,32.609375,32.609375,1063.371337890625
2001-11-06 05:00:00,25247.0,25201.673828125,45.326171875,45.326171875,2054.461856842041
2001-11-06 06:00:00,29037.0,29032.349609375,4.650390625,4.650390625,21.62613296508789
2001-11-06 07:00:00,30658.0,31271.091796875,-613.091796875,613.091796875,375881.55139541626
2001-11-06 08:00:00,30784.0,31049.626953125,-265.626953125,265.626953125,70557.67822647095
2001-11-06 09:00:00,30722.0,31036.55078125,-314.55078125,314.55078125,98942.19398498535
2001-11-06 10:00:00,30633.0,30756.94921875,-123.94921875,123.94921875,15363.408828735352
2001-11-06 11:00:00,30301.0,30395.052734375,-94.052734375,94.052734375,8845.916843414307
2001-11-06 12:00:00,29904.0,30134.228515625,-230.228515625,230.228515625,53005.16940689087
2001-11-06 13:00:00,29798.0,29816.587890625,-18.587890625,18.587890625,345.5096778869629
2001-11-06 14:00:00,29438.0,29580.98046875,-142.98046875,142.98046875,20443.414443969727
2001-11-06 15:00:00,29227.0,29519.72265625,-292.72265625,292.72265625,85686.55348205566
2001-11-06 16:00:00,29927.0,29825.98046875,101.01953125,101.01953125,10204.945693969727
2001-11-06 17:00:00,32887.0,32414.787109375,472.212890625,472.212890625,222985.0140724182
2001-11-06 18:00:00,33269.0,33271.6484375,-2.6484375,2.6484375,7.01422119140625
2001-11-06 19:00:00,32625.0,32510.0,115.0,115.0,13225.0
2001-11-06 20:00:00,31798.0,31869.943359375,-71.943359375,71.943359375,5175.8469581604
2001-11-06 21:00:00,30357.0,29709.720703125,647.279296875,647.279296875,418970.4881629944
2001-11-06 22:00:00,27341.0,27893.291015625,-552.291015625,552.291015625,305025.365940094
2001-11-06 23:00:00,25096.0,25008.3046875,87.6953125,87.6953125,7690.467834472656
2001-11-07 00:00:00,23316.0,23335.46484375,-19.46484375,19.46484375,378.88014221191406
2001-11-07 01:00:00,22373.0,22470.947265625,-97.947265625,97.947265625,9593.666843414307
2001-11-07 02:00:00,22009.0,22098.880859375,-89.880859375,89.880859375,8078.568881988525
2001-11-07 03:00:00,21953.0,22019.6796875,-66.6796875,66.6796875,4446.180725097656
2001-11-07 04:00:00,22693.0,22639.35546875,53.64453125,53.64453125,2877.7357330322266
2001-11-07 05:00:00,24619.0,24801.404296875,-182.404296875,182.404296875,33271.327518463135
2001-11-07 06:00:00,28253.0,28596.435546875,-343.435546875,343.435546875,117947.97485733032
2001-11-07 07:00:00,29856.0,30293.302734375,-437.302734375,437.302734375,191233.6814918518
2001-11-07 08:00:00,30062.0,30280.802734375,-218.802734375,218.802734375,47874.63656997681
2001-11-07 09:00:00,30133.0,30251.462890625,-118.462890625,118.462890625,14033.456455230713
2001-11-07 10:00:00,30104.0,30243.947265625,-139.947265625,139.947265625,19585.237155914307
2001-11-07 11:00:00,30071.0,29928.052734375,142.947265625,142.947265625,20433.920749664307
2001-11-07 12:00:00,29721.0,29743.67578125,-22.67578125,22.67578125,514.1910552978516
2001-11-07 13:00:00,29653.0,29558.44921875,94.55078125,94.55078125,8939.850234985352
2001-11-07 14:00:00,29444.0,29384.8671875,59.1328125,59.1328125,3496.6895141601562
2001-11-07 15:00:00,29248.0,29274.8828125,-26.8828125,26.8828125,722.6856079101562
2001-11-07 16:00:00,29692.0,29927.298828125,-235.298828125,235.298828125,55365.53851699829
2001-11-07 17:00:00,32360.0,31884.85546875,475.14453125,475.14453125,225762.32557678223
2001-11-07 18:00:00,32444.0,32483.890625,-39.890625,39.890625,1591.261962890625
2001-11-07 19:00:00,31501.0,31604.783203125,-103.783203125,103.783203125,10770.95325088501
2001-11-07 20:00:00,30560.0,30684.841796875,-124.841796875,124.841796875,15585.47424697876
2001-11-07 21:00:00,28887.0,29168.587890625,-281.587890625,281.587890625,79291.74014663696
2001-11-07 22:00:00,26197.0,26733.994140625,-536.994140625,536.994140625,288362.7070655823
2001-11-07 23:00:00,23759.0,23799.421875,-40.421875,40.421875,1633.927978515625
2001-11-08 00:00:00,22478.0,22027.103515625,450.896484375,450.896484375,203307.63962173462
2001-11-08 01:00:00,21558.0,21585.87109375,-27.87109375,27.87109375,776.7978668212891
2001-11-08 02:00:00,21251.0,21231.43359375,19.56640625,19.56640625,382.84425354003906
2001-11-08 03:00:00,21187.0,21424.73046875,-237.73046875,237.73046875,56515.77577209473
2001-11-08 04:00:00,21500.0,21732.552734375,-232.552734375,232.552734375,54080.77426528931
2001-11-08 05:00:00,24184.0,23333.337890625,850.662109375,850.662109375,723626.0243263245
2001-11-08 06:00:00,27953.0,27619.302734375,333.697265625,333.697265625,111353.8650856018
2001-11-08 07:00:00,29668.0,29899.765625,-231.765625,231.765625,53715.304931640625
2001-11-08 08:00:00,29958.0,30042.279296875,-84.279296875,84.279296875,7102.999881744385
2001-11-08 09:00:00,30035.0,30040.41015625,-5.41015625,5.41015625,29.269790649414062
2001-11-08 10:00:00,30101.0,30038.798828125,62.201171875,62.201171875,3868.985782623291
2001-11-08 11:00:00,29935.0,30003.234375,-68.234375,68.234375,4655.929931640625
2001-11-08 12:00:00,29670.0,29525.8125,144.1875,144.1875,20790.03515625
2001-11-08 13:00:00,29627.0,29620.654296875,6.345703125,6.345703125,40.267948150634766
2001-11-08 14:00:00,29294.0,29412.240234375,-118.240234375,118.240234375,13980.753025054932
2001-11-08 15:00:00,29023.0,29114.87109375,-91.87109375,91.87109375,8440.297866821289
2001-11-08 16:00:00,29615.0,29767.60546875,-152.60546875,152.60546875,23288.429092407227
2001-11-08 17:00:00,32205.0,31904.4140625,300.5859375,300.5859375,90351.9058227539
2001-11-08 18:00:00,32397.0,32274.537109375,122.462890625,122.462890625,14997.159580230713
2001-11-08 19:00:00,31582.0,31904.919921875,-322.919921875,322.919921875,104277.2759437561
2001-11-08 20:00:00,30452.0,30809.767578125,-357.767578125,357.767578125,127997.63995742798
2001-11-08 21:00:00,28715.0,28828.6015625,-113.6015625,113.6015625,12905.315002441406
2001-11-08 22:00:00,26304.0,26298.51171875,5.48828125,5.48828125,30.121231079101562
2001-11-08 23:00:00,23894.0,23968.673828125,-74.673828125,74.673828125,5576.180606842041
2001-11-09 00:00:00,21987.0,22194.453125,-207.453125,207.453125,43036.799072265625
2001-11-09 01:00:00,21235.0,21187.642578125,47.357421875,47.357421875,2242.7254066467285
2001-11-09 02:00:00,20792.0,20944.576171875,-152.576171875,152.576171875,23279.48822402954
2001-11-09 03:00:00,20705.0,20921.806640625,-216.806640625,216.806640625,47005.1194190979
2001-11-09 04:00:00,21400.0,21251.361328125,148.638671875,148.638671875,22093.454776763916
2001-11-09 05:00:00,23297.0,23547.75390625,-250.75390625,250.75390625,62877.52149963379
2001-11-09 06:00:00,26928.0,27039.9609375,-111.9609375,111.9609375,12535.251525878906
2001-11-09 07:00:00,28807.0,29163.19921875,-356.19921875,356.19921875,126877.88343811035
2001-11-09 08:00:00,29560.0,29227.373046875,332.626953125,332.626953125,110640.68994522095
2001-11-09 09:00:00,29891.0,29914.91796875,-23.91796875,23.91796875,572.0692291259766
2001-11-09 10:00:00,30041.0,29937.484375,103.515625,103.515625,10715.484619140625
2001-11-09 11:00:00,29898.0,29746.318359375,151.681640625,151.681640625,23007.32010269165
2001-11-09 12:00:00,29387.0,29502.837890625,-115.837890625,115.837890625,13418.416904449463
2001-11-09 13:00:00,29404.0,29283.287109375,120.712890625,120.712890625,14571.601963043213
2001-11-09 14:00:00,28761.0,29142.650390625,-381.650390625,381.650390625,145657.0206642151
2001-11-09 15:00:00,28611.0,28421.208984375,189.791015625,189.791015625,36020.629611968994
2001-11-09 16:00:00,29608.0,29391.5625,216.4375,216.4375,46845.19140625
2001-11-09 17:00:00,32244.0,32474.0390625,-230.0390625,230.0390625,52917.970275878906
2001-11-09 18:00:00,32200.0,32202.2109375,-2.2109375,2.2109375,4.88824462890625
2001-11-09 19:00:00,31419.0,31166.94921875,252.05078125,252.05078125,63529.59632873535
2001-11-09 20:00:00,30539.0,30465.5,73.5,73.5,5402.25
2001-11-09 21:00:00,29288.0,29200.640625,87.359375,87.359375,7631.660400390625
2001-11-09 22:00:00,27430.0,27107.423828125,322.576171875,322.576171875,104055.38666152954
2001-11-09 23:00:00,25424.0,24925.751953125,498.248046875,498.248046875,248251.1162147522
2001-11-10 00:00:00,23871.0,23623.623046875,247.376953125,247.376953125,61195.35693740845
2001-11-10 01:00:00,23010.0,22804.328125,205.671875,205.671875,42300.920166015625
2001-11-10 02:00:00,22571.0,22515.306640625,55.693359375,55.693359375,3101.7502784729004
2001-11-10 03:00:00,22457.0,22162.490234375,294.509765625,294.509765625,86736.00204849243
2001-11-10 04:00:00,22569.0,22590.529296875,-21.529296875,21.529296875,463.51062393188477
2001-11-10 05:00:00,23569.0,22989.888671875,579.111328125,579.111328125,335369.9303627014
2001-11-10 06:00:00,24713.0,25210.462890625,-497.462890625,497.462890625,247469.3275489807
2001-11-10 07:00:00,25891.0,25855.416015625,35.583984375,35.583984375,1266.2199440002441
2001-11-10 08:00:00,27488.0,27052.494140625,435.505859375,435.505859375,189665.35354995728
2001-11-10 09:00:00,27960.0,28263.3359375,-303.3359375,303.3359375,92012.6909790039
2001-11-10 10:00:00,27644.0,27914.126953125,-270.126953125,270.126953125,72968.57080459595
2001-11-10 11:00:00,27161.0,27297.1640625,-136.1640625,136.1640625,18540.651916503906
2001-11-10 12:00:00,26424.0,26782.939453125,-358.939453125,358.939453125,128837.53100967407
2001-11-10 13:00:00,25721.0,25923.279296875,-202.279296875,202.279296875,40916.913944244385
2001-11-10 14:00:00,25114.0,25192.841796875,-78.841796875,78.841796875,6216.02893447876
2001-11-10 15:00:00,24926.0,24715.240234375,210.759765625,210.759765625,44419.67880630493
2001-11-10 16:00:00,25814.0,25938.685546875,-124.685546875,124.685546875,15546.485599517822
2001-11-10 17:00:00,28560.0,28075.904296875,484.095703125,484.095703125,234348.64978408813
2001-11-10 18:00:00,28718.0,29430.23828125,-712.23828125,712.23828125,507283.3692779541
2001-11-10 19:00:00,28051.0,28067.33203125,-16.33203125,16.33203125,266.73524475097656
2001-11-10 20:00:00,27102.0,27328.09375,-226.09375,226.09375,51118.3837890625
2001-11-10 21:00:00,25965.0,26210.2109375,-245.2109375,245.2109375,60128.403869628906
2001-11-10 22:00:00,24574.0,24951.583984375,-377.583984375,377.583984375,142569.66525650024
2001-11-10 23:00:00,22862.0,23371.765625,-509.765625,509.765625,259860.99243164062
2001-11-11 00:00:00,21431.0,21525.111328125,-94.111328125,94.111328125,8856.942081451416
2001-11-11 01:00:00,20493.0,20417.341796875,75.658203125,75.658203125,5724.16370010376
2001-11-11 02:00:00,19896.0,20114.025390625,-218.025390625,218.025390625,47535.07095718384
2001-11-11 03:00:00,19674.0,19747.8984375,-73.8984375,73.8984375,5460.979064941406
2001-11-11 04:00:00,19675.0,19933.130859375,-258.130859375,258.130859375,66631.54056167603
2001-11-11 05:00:00,20280.0,20294.130859375,-14.130859375,14.130859375,199.6811866760254
2001-11-11 06:00:00,21111.0,21177.771484375,-66.771484375,66.771484375,4458.431125640869
2001-11-11 07:00:00,21889.0,22135.44921875,-246.44921875,246.44921875,60737.21742248535
2001-11-11 08:00:00,23341.0,23629.728515625,-288.728515625,288.728515625,83364.15573501587
2001-11-11 09:00:00,24614.0,24595.44921875,18.55078125,18.55078125,344.13148498535156
2001-11-11 10:00:00,24900.0,25002.685546875,-102.685546875,102.685546875,10544.321537017822
2001-11-11 11:00:00,24954.0,24835.423828125,118.576171875,118.576171875,14060.308536529541
2001-11-11 12:00:00,24786.0,24592.521484375,193.478515625,193.478515625,37433.93600845337
2001-11-11 13:00:00,24574.0,24186.248046875,387.751953125,387.751953125,150351.5771522522
2001-11-11 14:00:00,24578.0,23847.16796875,730.83203125,730.83203125,534115.457901001
2001-11-11 15:00:00,24433.0,24249.783203125,183.216796875,183.216796875,33568.39465713501
2001-11-11 16:00:00,25483.0,25124.185546875,358.814453125,358.814453125,128747.81177139282
2001-11-11 17:00:00,28620.0,27932.927734375,687.072265625,687.072265625,472068.29819107056
2001-11-11 18:00:00,29376.0,28763.73828125,612.26171875,612.26171875,374864.4122467041
2001-11-11 19:00:00,28993.0,29069.20703125,-76.20703125,76.20703125,5807.511611938477
2001-11-11 20:00:00,28643.0,28465.853515625,177.146484375,177.146484375,31380.87692642212
2001-11-11 21:00:00,27662.0,27421.873046875,240.126953125,240.126953125,57660.95361709595
2001-11-11 22:00:00,25918.0,25993.98828125,-75.98828125,75.98828125,5774.218887329102
2001-11-11 23:00:00,24339.0,24194.208984375,144.791015625,144.791015625,20964.438205718994
2001-11-12 00:00:00,23093.0,22466.45703125,626.54296875,626.54296875,392556.0916900635
2001-11-12 01:00:00,22707.0,21859.48046875,847.51953125,847.51953125,718289.3558502197
2001-11-12 02:00:00,22656.0,22120.7265625,535.2734375,535.2734375,286517.6528930664
2001-11-12 03:00:00,22574.0,22655.015625,-81.015625,81.015625,6563.531494140625
2001-11-12 04:00:00,23418.0,23044.21484375,373.78515625,373.78515625,139715.3430328369
2001-11-12 05:00:00,25559.0,24619.490234375,939.509765625,939.509765625,882678.5997047424
2001-11-12 06:00:00,29311.0,28295.60546875,1015.39453125,1015.39453125,1031026.0540924072
2001-11-12 07:00:00,31110.0,31019.765625,90.234375,90.234375,8142.242431640625
2001-11-12 08:00:00,31696.0,31247.6015625,448.3984375,448.3984375,201061.1587524414
2001-11-12 09:00:00,31395.0,31605.783203125,-210.783203125,210.783203125,44429.55871963501
2001-11-12 10:00:00,31142.0,30772.7265625,369.2734375,369.2734375,136362.8716430664
2001-11-12 11:00:00,30790.0,30646.142578125,143.857421875,143.857421875,20694.95782852173
2001-11-12 12:00:00,30392.0,30338.35546875,53.64453125,53.64453125,2877.7357330322266
2001-11-12 13:00:00,30023.0,30225.150390625,-202.150390625,202.150390625,40864.78042984009
2001-11-12 14:00:00,29665.0,29759.4609375,-94.4609375,94.4609375,8922.868713378906
2001-11-12 15:00:00,29537.0,29299.33203125,237.66796875,237.66796875,56486.06336975098
2001-11-12 16:00:00,30377.0,30211.083984375,165.916015625,165.916015625,27528.124240875244
2001-11-12 17:00:00,33815.0,32942.45703125,872.54296875,872.54296875,761331.2323150635
2001-11-12 18:00:00,34011.0,34062.52734375,-51.52734375,51.52734375,2655.067153930664
2001-11-12 19:00:00,33355.0,33275.52734375,79.47265625,79.47265625,6315.903091430664
2001-11-12 20:00:00,32553.0,32594.58203125,-41.58203125,41.58203125,1729.0653228759766
2001-11-12 21:00:00,30931.0,30720.765625,210.234375,210.234375,44198.492431640625
2001-11-12 22:00:00,28635.0,28445.50390625,189.49609375,189.49609375,35908.76954650879
2001-11-12 23:00:00,26258.0,26583.763671875,-325.763671875,325.763671875,106121.96991348267
2001-11-13 00:00:00,24704.0,24592.515625,111.484375,111.484375,12428.765869140625
2001-11-13 01:00:00,24106.0,24286.107421875,-180.107421875,180.107421875,32438.68341445923
2001-11-13 02:00:00,23877.0,23707.94140625,169.05859375,169.05859375,28580.80812072754
2001-11-13 03:00:00,23995.0,24042.20703125,-47.20703125,47.20703125,2228.5037994384766
2001-11-13 04:00:00,24784.0,24843.822265625,-59.822265625,59.822265625,3578.7034645080566
2001-11-13 05:00:00,27665.0,26725.396484375,939.603515625,939.603515625,882854.7665748596
2001-11-13 06:00:00,31716.0,30996.3359375,719.6640625,719.6640625,517916.3628540039
2001-11-13 07:00:00,33260.0,33166.5078125,93.4921875,93.4921875,8740.789123535156
2001-11-13 08:00:00,32966.0,32803.96875,162.03125,162.03125,26254.1259765625
2001-11-13 09:00:00,32037.0,32751.060546875,-714.060546875,714.060546875,509882.4646034241
2001-11-13 10:00:00,31321.0,31717.763671875,-396.763671875,396.763671875,157421.41131973267
2001-11-13 11:00:00,30661.0,30794.248046875,-133.248046875,133.248046875,17755.041996002197
2001-11-13 12:00:00,30227.0,30205.298828125,21.701171875,21.701171875,470.940860748291
2001-11-13 13:00:00,29939.0,30044.48828125,-105.48828125,105.48828125,11127.777481079102
2001-11-13 14:00:00,29425.0,29573.8359375,-148.8359375,148.8359375,22152.136291503906
2001-11-13 15:00:00,29353.0,29465.40625,-112.40625,112.40625,12635.1650390625
2001-11-13 16:00:00,30346.0,30055.107421875,290.892578125,290.892578125,84618.49200820923
2001-11-13 17:00:00,33416.0,33555.765625,-139.765625,139.765625,19534.429931640625
2001-11-13 18:00:00,33689.0,34195.14453125,-506.14453125,506.14453125,256182.28651428223
2001-11-13 19:00:00,33135.0,33102.82421875,32.17578125,32.17578125,1035.2808990478516
2001-11-13 20:00:00,32337.0,32095.0390625,241.9609375,241.9609375,58545.095275878906
2001-11-13 21:00:00,30571.0,30911.99609375,-340.99609375,340.99609375,116278.33595275879
2001-11-13 22:00:00,28115.0,28067.947265625,47.052734375,47.052734375,2213.9598121643066
2001-11-13 23:00:00,25858.0,25758.65234375,99.34765625,99.34765625,9869.956802368164
2001-11-14 00:00:00,24200.0,24270.810546875,-70.810546875,70.810546875,5014.133548736572
2001-11-14 01:00:00,23484.0,23400.28515625,83.71484375,83.71484375,7008.175064086914
2001-11-14 02:00:00,23217.0,23091.193359375,125.806640625,125.806640625,15827.3108253479
2001-11-14 03:00:00,23317.0,23290.046875,26.953125,26.953125,726.470947265625
2001-11-14 04:00:00,24073.0,23867.697265625,205.302734375,205.302734375,42149.21274185181
2001-11-14 05:00:00,26672.0,26458.921875,213.078125,213.078125,45402.287353515625
2001-11-14 06:00:00,30653.0,30311.5703125,341.4296875,341.4296875,116574.23150634766
2001-11-14 07:00:00,32457.0,32200.13671875,256.86328125,256.86328125,65978.7452545166
2001-11-14 08:00:00,32266.0,32037.271484375,228.728515625,228.728515625,52316.73386001587
2001-11-14 09:00:00,31713.0,31987.62109375,-274.62109375,274.62109375,75416.74513244629
2001-11-14 10:00:00,31412.0,31269.015625,142.984375,142.984375,20444.531494140625
2001-11-14 11:00:00,30910.0,31065.013671875,-155.013671875,155.013671875,24029.238468170166
2001-11-14 12:00:00,30293.0,30508.587890625,-215.587890625,215.587890625,46478.13858413696
2001-11-14 13:00:00,30005.0,29999.080078125,5.919921875,5.919921875,35.045475006103516
2001-11-14 14:00:00,29552.0,29625.1484375,-73.1484375,73.1484375,5350.693908691406
2001-11-14 15:00:00,29662.0,29350.53515625,311.46484375,311.46484375,97010.34889221191
2001-11-14 16:00:00,30591.0,30909.005859375,-318.005859375,318.005859375,101127.72659683228
2001-11-14 17:00:00,33359.0,33346.38671875,12.61328125,12.61328125,159.09486389160156
2001-11-14 18:00:00,33452.0,33784.21875,-332.21875,332.21875,110369.2978515625
2001-11-14 19:00:00,32632.0,32535.5234375,96.4765625,96.4765625,9307.727111816406
2001-11-14 20:00:00,31968.0,31859.27734375,108.72265625,108.72265625,11820.615982055664
2001-11-14 21:00:00,30382.0,30532.095703125,-150.095703125,150.095703125,22528.720096588135
2001-11-14 22:00:00,27927.0,27879.74609375,47.25390625,47.25390625,2232.931655883789
2001-11-14 23:00:00,25466.0,25509.830078125,-43.830078125,43.830078125,1921.0757484436035
2001-11-15 00:00:00,23828.0,24037.439453125,-209.439453125,209.439453125,43864.88452529907
2001-11-15 01:00:00,23068.0,23048.30859375,19.69140625,19.69140625,387.75148010253906
2001-11-15 02:00:00,22697.0,22838.6796875,-141.6796875,141.6796875,20073.133850097656
2001-11-15 03:00:00,22617.0,22706.099609375,-89.099609375,89.099609375,7938.740390777588
2001-11-15 04:00:00,23230.0,23378.9609375,-148.9609375,148.9609375,22189.360900878906
2001-11-15 05:00:00,25209.0,25466.794921875,-257.794921875,257.794921875,66458.22174453735
2001-11-15 06:00:00,29218.0,29209.34375,8.65625,8.65625,74.9306640625
2001-11-15 07:00:00,31094.0,31320.658203125,-226.658203125,226.658203125,51373.94104385376
2001-11-15 08:00:00,31252.0,31379.15234375,-127.15234375,127.15234375,16167.718521118164
2001-11-15 09:00:00,30925.0,31371.08984375,-446.08984375,446.08984375,198996.1486968994
2001-11-15 10:00:00,30790.0,30800.505859375,-10.505859375,10.505859375,110.37308120727539
2001-11-15 11:00:00,30819.0,30475.31640625,343.68359375,343.68359375,118118.41261291504
2001-11-15 12:00:00,30562.0,30404.9375,157.0625,157.0625,24668.62890625
2001-11-15 13:00:00,30539.0,30284.9765625,254.0234375,254.0234375,64527.906799316406
2001-11-15 14:00:00,30187.0,30207.3359375,-20.3359375,20.3359375,413.55035400390625
2001-11-15 15:00:00,29966.0,30033.20703125,-67.20703125,67.20703125,4516.785049438477
2001-11-15 16:00:00,30747.0,30760.9375,-13.9375,13.9375,194.25390625
2001-11-15 17:00:00,33382.0,32864.421875,517.578125,517.578125,267887.1154785156
2001-11-15 18:00:00,33198.0,33497.8046875,-299.8046875,299.8046875,89882.85064697266
2001-11-15 19:00:00,32394.0,32454.162109375,-60.162109375,60.162109375,3619.479404449463
2001-11-15 20:00:00,31446.0,31649.83203125,-203.83203125,203.83203125,41547.49696350098
2001-11-15 21:00:00,29697.0,29931.984375,-234.984375,234.984375,55217.656494140625
2001-11-15 22:00:00,27145.0,27379.646484375,-234.646484375,234.646484375,55058.97262954712
2001-11-15 23:00:00,24905.0,24959.345703125,-54.345703125,54.345703125,2953.4554481506348
2001-11-16 00:00:00,23128.0,23036.822265625,91.177734375,91.177734375,8313.379245758057
2001-11-16 01:00:00,22164.0,22207.4140625,-43.4140625,43.4140625,1884.7808227539062
2001-11-16 02:00:00,21830.0,21920.697265625,-90.697265625,90.697265625,8225.993991851807
2001-11-16 03:00:00,21724.0,21750.431640625,-26.431640625,26.431640625,698.6316261291504
2001-11-16 04:00:00,22205.0,21976.228515625,228.771484375,228.771484375,52336.39206314087
2001-11-16 05:00:00,24147.0,24281.51953125,-134.51953125,134.51953125,18095.504287719727
2001-11-16 06:00:00,27994.0,27731.017578125,262.982421875,262.982421875,69159.75421524048
2001-11-16 07:00:00,29556.0,30185.712890625,-629.712890625,629.712890625,396538.3246192932
2001-11-16 08:00:00,29731.0,29872.435546875,-141.435546875,141.435546875,20004.013919830322
2001-11-16 09:00:00,29809.0,29850.470703125,-41.470703125,41.470703125,1719.8192176818848
2001-11-16 10:00:00,29849.0,29786.861328125,62.138671875,62.138671875,3861.214542388916
2001-11-16 11:00:00,29912.0,29539.205078125,372.794921875,372.794921875,138976.05377578735
2001-11-16 12:00:00,29723.0,29561.99609375,161.00390625,161.00390625,25922.25782775879
2001-11-16 13:00:00,29656.0,29507.001953125,148.998046875,148.998046875,22200.417972564697
2001-11-16 14:00:00,29337.0,29284.4609375,52.5390625,52.5390625,2760.3530883789062
2001-11-16 15:00:00,28876.0,29063.771484375,-187.771484375,187.771484375,35258.13034439087
2001-11-16 16:00:00,29350.0,29511.65234375,-161.65234375,161.65234375,26131.480239868164
2001-11-16 17:00:00,31655.0,31255.59765625,399.40234375,399.40234375,159522.23219299316
2001-11-16 18:00:00,31658.0,32153.576171875,-495.576171875,495.576171875,245595.74213027954
2001-11-16 19:00:00,30709.0,30812.640625,-103.640625,103.640625,10741.379150390625
2001-11-16 20:00:00,29608.0,29604.896484375,3.103515625,3.103515625,9.63180923461914
2001-11-16 21:00:00,28283.0,28198.587890625,84.412109375,84.412109375,7125.404209136963
2001-11-16 22:00:00,26165.0,26116.859375,48.140625,48.140625,2317.519775390625
2001-11-16 23:00:00,24139.0,24031.490234375,107.509765625,107.509765625,11558.349704742432
2001-11-17 00:00:00,22423.0,22433.3828125,-10.3828125,10.3828125,107.80279541015625
2001-11-17 01:00:00,21105.0,21396.6015625,-291.6015625,291.6015625,85031.4712524414
2001-11-17 02:00:00,20583.0,20564.873046875,18.126953125,18.126953125,328.58642959594727
2001-11-17 03:00:00,20412.0,20486.322265625,-74.322265625,74.322265625,5523.799167633057
2001-11-17 04:00:00,20598.0,20598.919921875,-0.919921875,0.919921875,0.8462562561035156
2001-11-17 05:00:00,21500.0,21404.6171875,95.3828125,95.3828125,9097.880920410156
2001-11-17 06:00:00,22830.0,22839.96875,-9.96875,9.96875,99.3759765625
2001-11-17 07:00:00,24228.0,24060.0234375,167.9765625,167.9765625,28216.125549316406
2001-11-17 08:00:00,26084.0,25705.474609375,378.525390625,378.525390625,143281.47134780884
2001-11-17 09:00:00,26814.0,26982.548828125,-168.548828125,168.548828125,28408.70746231079
2001-11-17 10:00:00,27117.0,27025.43359375,91.56640625,91.56640625,8384.406753540039
2001-11-17 11:00:00,26510.0,26857.619140625,-347.619140625,347.619140625,120839.06692886353
2001-11-17 12:00:00,25805.0,25870.13671875,-65.13671875,65.13671875,4242.792129516602
2001-11-17 13:00:00,25213.0,25158.294921875,54.705078125,54.705078125,2992.6455726623535
2001-11-17 14:00:00,24627.0,24732.615234375,-105.615234375,105.615234375,11154.577732086182
2001-11-17 15:00:00,24481.0,24289.005859375,191.994140625,191.994140625,36861.750034332275
2001-11-17 16:00:00,25787.0,25870.427734375,-83.427734375,83.427734375,6960.186862945557
2001-11-17 17:00:00,28993.0,28897.89453125,95.10546875,95.10546875,9045.050186157227
2001-11-17 18:00:00,29293.0,28938.46484375,354.53515625,354.53515625,125695.17701721191
2001-11-17 19:00:00,28783.0,28706.23046875,76.76953125,76.76953125,5893.560928344727
2001-11-17 20:00:00,28221.0,27948.421875,272.578125,272.578125,74298.83422851562
2001-11-17 21:00:00,27216.0,27320.0234375,-104.0234375,104.0234375,10820.875549316406
2001-11-17 22:00:00,25969.0,25377.705078125,591.294921875,591.294921875,349629.68463516235
2001-11-17 23:00:00,24274.0,24182.71875,91.28125,91.28125,8332.2666015625
2001-11-18 00:00:00,22853.0,22499.19140625,353.80859375,353.80859375,125180.52101135254
2001-11-18 01:00:00,22130.0,21546.65625,583.34375,583.34375,340289.9306640625
2001-11-18 02:00:00,21762.0,21533.0234375,228.9765625,228.9765625,52430.266174316406
2001-11-18 03:00:00,21679.0,21288.09765625,390.90234375,390.90234375,152804.64234924316
2001-11-18 04:00:00,21889.0,21426.708984375,462.291015625,462.291015625,213712.983127594
2001-11-18 05:00:00,22484.0,22055.9296875,428.0703125,428.0703125,183244.19244384766
2001-11-18 06:00:00,23286.0,22952.71484375,333.28515625,333.28515625,111078.99537658691
2001-11-18 07:00:00,23988.0,23908.423828125,79.576171875,79.576171875,6332.367130279541
2001-11-18 08:00:00,25363.0,24878.033203125,484.966796875,484.966796875,235192.7940711975
2001-11-18 09:00:00,26092.0,26206.908203125,-114.908203125,114.908203125,13203.89514541626
2001-11-18 10:00:00,26028.0,26263.587890625,-235.587890625,235.587890625,55501.65420913696
2001-11-18 11:00:00,25787.0,25883.48828125,-96.48828125,96.48828125,9309.988418579102
2001-11-18 12:00:00,25565.0,25529.181640625,35.818359375,35.818359375,1282.9548683166504
2001-11-18 13:00:00,25159.0,25357.23046875,-198.23046875,198.23046875,39295.31874084473
2001-11-18 14:00:00,24756.0,24873.9296875,-117.9296875,117.9296875,13907.411193847656
2001-11-18 15:00:00,24774.0,24817.275390625,-43.275390625,43.275390625,1872.759433746338
2001-11-18 16:00:00,26181.0,25781.494140625,399.505859375,399.505859375,159604.93167495728
2001-11-18 17:00:00,29386.0,28728.66015625,657.33984375,657.33984375,432095.6701812744
2001-11-18 18:00:00,29859.0,29296.943359375,562.056640625,562.056640625,315907.6672706604
2001-11-18 19:00:00,29511.0,29855.24609375,-344.24609375,344.24609375,118505.37306213379
2001-11-18 20:00:00,28974.0,28542.759765625,431.240234375,431.240234375,185968.13974380493
2001-11-18 21:00:00,27829.0,28030.87890625,-201.87890625,201.87890625,40755.09278869629
2001-11-18 22:00:00,26014.0,25874.046875,139.953125,139.953125,19586.877197265625
2001-11-18 23:00:00,24084.0,24255.5078125,-171.5078125,171.5078125,29414.929748535156
2001-11-19 00:00:00,22808.0,22871.916015625,-63.916015625,63.916015625,4085.257053375244
2001-11-19 01:00:00,22228.0,22114.884765625,113.115234375,113.115234375,12795.056247711182
2001-11-19 02:00:00,22096.0,22173.921875,-77.921875,77.921875,6071.818603515625
2001-11-19 03:00:00,22211.0,22252.412109375,-41.412109375,41.412109375,1714.962802886963
2001-11-19 04:00:00,23069.0,23047.23828125,21.76171875,21.76171875,473.57240295410156
2001-11-19 05:00:00,25005.0,25306.68359375,-301.68359375,301.68359375,91012.99073791504
2001-11-19 06:00:00,28866.0,28787.18359375,78.81640625,78.81640625,6212.025894165039
2001-11-19 07:00:00,31001.0,31129.669921875,-128.669921875,128.669921875,16555.948795318604
2001-11-19 08:00:00,31386.0,31376.095703125,9.904296875,9.904296875,98.09509658813477
2001-11-19 09:00:00,31156.0,31731.974609375,-575.974609375,575.974609375,331746.75064468384
2001-11-19 10:00:00,31053.0,31228.109375,-175.109375,175.109375,30663.293212890625
2001-11-19 11:00:00,30716.0,30541.71484375,174.28515625,174.28515625,30375.315689086914
2001-11-19 12:00:00,30125.0,30181.171875,-56.171875,56.171875,3155.279541015625
2001-11-19 13:00:00,29973.0,30004.078125,-31.078125,31.078125,965.849853515625
2001-11-19 14:00:00,29770.0,29635.810546875,134.189453125,134.189453125,18006.809329986572
2001-11-19 15:00:00,29500.0,29676.408203125,-176.408203125,176.408203125,31119.85412979126
2001-11-19 16:00:00,30036.0,30487.19140625,-451.19140625,451.19140625,203573.68507385254
2001-11-19 17:00:00,32499.0,32175.2265625,323.7734375,323.7734375,104829.2388305664
2001-11-19 18:00:00,32738.0,32802.55859375,-64.55859375,64.55859375,4167.812026977539
2001-11-19 19:00:00,32615.0,32427.703125,187.296875,187.296875,35080.119384765625
2001-11-19 20:00:00,31824.0,32083.158203125,-259.158203125,259.158203125,67162.97424697876
2001-11-19 21:00:00,30098.0,29887.486328125,210.513671875,210.513671875,44316.006046295166
2001-11-19 22:00:00,27463.0,27564.126953125,-101.126953125,101.126953125,10226.660648345947
2001-11-19 23:00:00,24830.0,24945.052734375,-115.052734375,115.052734375,13237.131687164307
2001-11-20 00:00:00,22953.0,23295.33984375,-342.33984375,342.33984375,117196.56861877441
2001-11-20 01:00:00,21969.0,22168.576171875,-199.576171875,199.576171875,39830.64838027954
2001-11-20 02:00:00,21563.0,21715.919921875,-152.919921875,152.919921875,23384.502506256104
2001-11-20 03:00:00,21471.0,21704.611328125,-233.611328125,233.611328125,54574.252628326416
2001-11-20 04:00:00,22182.0,22014.537109375,167.462890625,167.462890625,28043.819736480713
2001-11-20 05:00:00,24225.0,24422.5546875,-197.5546875,197.5546875,39027.854553222656
2001-11-20 06:00:00,28108.0,28235.689453125,-127.689453125,127.689453125,16304.596439361572
2001-11-20 07:00:00,30431.0,30274.734375,156.265625,156.265625,24418.945556640625
2001-11-20 08:00:00,30967.0,30942.291015625,24.708984375,24.708984375,610.5339088439941
2001-11-20 09:00:00,31255.0,31167.455078125,87.544921875,87.544921875,7664.1133460998535
2001-11-20 10:00:00,31331.0,31423.375,-92.375,92.375,8533.140625
2001-11-20 11:00:00,31202.0,31143.40625,58.59375,58.59375,3433.2275390625
2001-11-20 12:00:00,30895.0,30816.2421875,78.7578125,78.7578125,6202.793029785156
2001-11-20 13:00:00,30761.0,30821.443359375,-60.443359375,60.443359375,3653.3996925354004
2001-11-20 14:00:00,30480.0,30537.3359375,-57.3359375,57.3359375,3287.4097290039062
2001-11-20 15:00:00,30609.0,30239.775390625,369.224609375,369.224609375,136326.81216812134
2001-11-20 16:00:00,31743.0,31444.921875,298.078125,298.078125,88850.56860351562
2001-11-20 17:00:00,34840.0,34141.8046875,698.1953125,698.1953125,487476.69439697266
2001-11-20 18:00:00,34848.0,34461.109375,386.890625,386.890625,149684.35571289062
2001-11-20 19:00:00,34191.0,34033.31640625,157.68359375,157.68359375,24864.11573791504
2001-11-20 20:00:00,33615.0,33172.65234375,442.34765625,442.34765625,195671.44898986816
2001-11-20 21:00:00,32435.0,32215.16015625,219.83984375,219.83984375,48329.556900024414
2001-11-20 22:00:00,29753.0,29613.060546875,139.939453125,139.939453125,19583.050540924072
2001-11-20 23:00:00,27372.0,27100.375,271.625,271.625,73780.140625
2001-11-21 00:00:00,25606.0,25254.654296875,351.345703125,351.345703125,123443.80310440063
2001-11-21 01:00:00,24807.0,24626.453125,180.546875,180.546875,32597.174072265625
2001-11-21 02:00:00,24495.0,24248.4296875,246.5703125,246.5703125,60796.919006347656
2001-11-21 03:00:00,24633.0,24585.845703125,47.154296875,47.154296875,2223.5277137756348
2001-11-21 04:00:00,25375.0,25563.26171875,-188.26171875,188.26171875,35442.4747467041
2001-11-21 05:00:00,27400.0,27669.01171875,-269.01171875,269.01171875,72367.3048248291
2001-11-21 06:00:00,31198.0,30970.578125,227.421875,227.421875,51720.709228515625
2001-11-21 07:00:00,33049.0,32549.298828125,499.701171875,499.701171875,249701.2611732483
2001-11-21 08:00:00,33309.0,32809.25,499.75,499.75,249750.0625
2001-11-21 09:00:00,32861.0,32976.1796875,-115.1796875,115.1796875,13266.360412597656
2001-11-21 10:00:00,32480.0,32582.873046875,-102.873046875,102.873046875,10582.863773345947
2001-11-21 11:00:00,32070.0,32029.15625,40.84375,40.84375,1668.2119140625
2001-11-21 12:00:00,31116.0,31646.501953125,-530.501953125,530.501953125,281432.3222694397
2001-11-21 13:00:00,30722.0,30952.708984375,-230.708984375,230.708984375,53226.635471343994
2001-11-21 14:00:00,30205.0,30469.24609375,-264.24609375,264.24609375,69825.99806213379
2001-11-21 15:00:00,29940.0,30114.34765625,-174.34765625,174.34765625,30397.105239868164
2001-11-21 16:00:00,30880.0,31089.349609375,-209.349609375,209.349609375,43827.25894546509
2001-11-21 17:00:00,33760.0,33828.9609375,-68.9609375,68.9609375,4755.610900878906
2001-11-21 18:00:00,33939.0,34463.06640625,-524.06640625,524.06640625,274645.59815979004
2001-11-21 19:00:00,33213.0,33498.09765625,-285.09765625,285.09765625,81280.67359924316
2001-11-21 20:00:00,32521.0,32283.751953125,237.248046875,237.248046875,56286.6357460022
2001-11-21 21:00:00,31178.0,31223.78125,-45.78125,45.78125,2095.9228515625
2001-11-21 22:00:00,29036.0,29128.95703125,-92.95703125,92.95703125,8641.009658813477
2001-11-21 23:00:00,26709.0,26632.18359375,76.81640625,76.81640625,5900.760269165039
2001-11-22 00:00:00,24858.0,24800.36328125,57.63671875,57.63671875,3321.9913482666016
2001-11-22 01:00:00,23781.0,23681.306640625,99.693359375,99.693359375,9938.7659034729
2001-11-22 02:00:00,23260.0,23225.2578125,34.7421875,34.7421875,1207.0195922851562
2001-11-22 03:00:00,23138.0,22952.71875,185.28125,185.28125,34329.1416015625
2001-11-22 04:00:00,23346.0,23375.828125,-29.828125,29.828125,889.717041015625
2001-11-22 05:00:00,24009.0,24289.421875,-280.421875,280.421875,78636.42797851562
2001-11-22 06:00:00,25067.0,25502.6953125,-435.6953125,435.6953125,189830.40533447266
2001-11-22 07:00:00,25857.0,26445.69921875,-588.69921875,588.69921875,346566.77015686035
2001-11-22 08:00:00,27008.0,27237.28515625,-229.28515625,229.28515625,52571.682876586914
2001-11-22 09:00:00,27703.0,28441.736328125,-738.736328125,738.736328125,545731.3624916077
2001-11-22 10:00:00,27867.0,28234.43359375,-367.43359375,367.43359375,135007.44581604004
2001-11-22 11:00:00,27427.0,27713.3046875,-286.3046875,286.3046875,81970.37408447266
2001-11-22 12:00:00,26487.0,26800.208984375,-313.208984375,313.208984375,98099.867893219
2001-11-22 13:00:00,25284.0,25700.244140625,-416.244140625,416.244140625,173259.18460464478
2001-11-22 14:00:00,24235.0,24619.494140625,-384.494140625,384.494140625,147835.74417495728
2001-11-22 15:00:00,23487.0,23950.27734375,-463.27734375,463.27734375,214625.89723205566
2001-11-22 16:00:00,23734.0,23724.482421875,9.517578125,9.517578125,90.58429336547852
2001-11-22 17:00:00,25518.0,25235.76171875,282.23828125,282.23828125,79658.4474029541
2001-11-22 18:00:00,25724.0,26169.541015625,-445.541015625,445.541015625,198506.7966041565
2001-11-22 19:00:00,25817.0,26769.4296875,-952.4296875,952.4296875,907122.3096313477
2001-11-22 20:00:00,25885.0,26816.896484375,-931.896484375,931.896484375,868431.0575904846
2001-11-22 21:00:00,25599.0,25261.404296875,337.595703125,337.595703125,113970.85876846313
2001-11-22 22:00:00,24654.0,24844.560546875,-190.560546875,190.560546875,36313.32202529907
2001-11-22 23:00:00,23294.0,23309.693359375,-15.693359375,15.693359375,246.2815284729004
2001-11-23 00:00:00,22051.0,21763.158203125,287.841796875,287.841796875,82852.90002822876
2001-11-23 01:00:00,21382.0,20965.0546875,416.9453125,416.9453125,173843.39361572266
2001-11-23 02:00:00,21285.0,20929.474609375,355.525390625,355.525390625,126398.30337905884
2001-11-23 03:00:00,21373.0,21152.40625,220.59375,220.59375,48661.6025390625
2001-11-23 04:00:00,21936.0,21852.271484375,83.728515625,83.728515625,7010.464328765869
2001-11-23 05:00:00,23208.0,23352.626953125,-144.626953125,144.626953125,20916.955570220947
2001-11-23 06:00:00,25138.0,25701.228515625,-563.228515625,563.228515625,317226.36081314087
2001-11-23 07:00:00,26208.0,26880.697265625,-672.697265625,672.697265625,452521.6111793518
2001-11-23 08:00:00,27303.0,26979.46484375,323.53515625,323.53515625,104674.99732971191
2001-11-23 09:00:00,27590.0,28037.607421875,-447.607421875,447.607421875,200352.40411758423
2001-11-23 10:00:00,27383.0,27561.423828125,-178.423828125,178.423828125,31835.06244277954
2001-11-23 11:00:00,27071.0,26982.962890625,88.037109375,88.037109375,7750.532627105713
2001-11-23 12:00:00,26506.0,26088.9609375,417.0390625,417.0390625,173921.5796508789
2001-11-23 13:00:00,26065.0,25792.275390625,272.724609375,272.724609375,74378.71255874634
2001-11-23 14:00:00,25535.0,25728.69140625,-193.69140625,193.69140625,37516.36085510254
2001-11-23 15:00:00,25411.0,25245.03125,165.96875,165.96875,27545.6259765625
2001-11-23 16:00:00,26577.0,26094.908203125,482.091796875,482.091796875,232412.50061416626
2001-11-23 17:00:00,29655.0,28074.86328125,1580.13671875,1580.13671875,2496832.0499420166
2001-11-23 18:00:00,29591.0,29512.185546875,78.814453125,78.814453125,6211.718021392822
2001-11-23 19:00:00,28912.0,28221.720703125,690.279296875,690.279296875,476485.5076942444
2001-11-23 20:00:00,28260.0,27823.056640625,436.943359375,436.943359375,190919.4993019104
2001-11-23 21:00:00,27101.0,27007.923828125,93.076171875,93.076171875,8663.173770904541
2001-11-23 22:00:00,25568.0,25380.3046875,187.6953125,187.6953125,35229.530334472656
2001-11-23 23:00:00,23630.0,23966.001953125,-336.001953125,336.001953125,112897.3125038147
2001-11-24 00:00:00,22012.0,21925.640625,86.359375,86.359375,7457.941650390625
2001-11-24 01:00:00,21066.0,20913.71875,152.28125,152.28125,23189.5791015625
2001-11-24 02:00:00,20506.0,20557.54296875,-51.54296875,51.54296875,2656.6776275634766
2001-11-24 03:00:00,20251.0,20292.458984375,-41.458984375,41.458984375,1718.8473854064941
2001-11-24 04:00:00,20261.0,20412.859375,-151.859375,151.859375,23061.269775390625
2001-11-24 05:00:00,20822.0,20956.0859375,-134.0859375,134.0859375,17979.038635253906
2001-11-24 06:00:00,21841.0,21795.939453125,45.060546875,45.060546875,2030.4528846740723
2001-11-24 07:00:00,22978.0,22912.232421875,65.767578125,65.767578125,4325.3743324279785
2001-11-24 08:00:00,24906.0,24455.419921875,450.580078125,450.580078125,203022.4068031311
2001-11-24 09:00:00,26440.0,25748.873046875,691.126953125,691.126953125,477656.46533584595
2001-11-24 10:00:00,27000.0,26410.52734375,589.47265625,589.47265625,347478.01246643066
2001-11-24 11:00:00,26950.0,26449.267578125,500.732421875,500.732421875,250732.95831680298
2001-11-24 12:00:00,26495.0,25715.763671875,779.236328125,779.236328125,607209.2550697327
2001-11-24 13:00:00,25933.0,25559.74609375,373.25390625,373.25390625,139318.4785308838
2001-11-24 14:00:00,25409.0,25511.625,-102.625,102.625,10531.890625
2001-11-24 15:00:00,25440.0,25122.240234375,317.759765625,317.759765625,100971.26865005493
2001-11-24 16:00:00,26784.0,26811.52734375,-27.52734375,27.52734375,757.7546539306641
2001-11-24 17:00:00,28971.0,28783.0078125,187.9921875,187.9921875,35341.062561035156
2001-11-24 18:00:00,28737.0,29026.986328125,-289.986328125,289.986328125,84092.07049942017
2001-11-24 19:00:00,28267.0,27940.732421875,326.267578125,326.267578125,106450.53253555298
2001-11-24 20:00:00,27502.0,27861.3515625,-359.3515625,359.3515625,129133.5454711914
2001-11-24 21:00:00,26412.0,26741.041015625,-329.041015625,329.041015625,108267.9899635315
2001-11-24 22:00:00,24868.0,24775.328125,92.671875,92.671875,8588.076416015625
2001-11-24 23:00:00,23055.0,23066.232421875,-11.232421875,11.232421875,126.16730117797852
2001-11-25 00:00:00,21211.0,21318.83203125,-107.83203125,107.83203125,11627.746963500977
2001-11-25 01:00:00,20033.0,20263.287109375,-230.287109375,230.287109375,53032.15274429321
2001-11-25 02:00:00,19423.0,19584.896484375,-161.896484375,161.896484375,26210.47165298462
2001-11-25 03:00:00,19084.0,19112.71484375,-28.71484375,28.71484375,824.5422515869141
2001-11-25 04:00:00,19031.0,18987.69921875,43.30078125,43.30078125,1874.9576568603516
2001-11-25 05:00:00,19336.0,19275.46484375,60.53515625,60.53515625,3664.505142211914
2001-11-25 06:00:00,20051.0,19963.255859375,87.744140625,87.744140625,7699.034214019775
2001-11-25 07:00:00,20775.0,20906.490234375,-131.490234375,131.490234375,17289.68173599243
2001-11-25 08:00:00,22546.0,22474.169921875,71.830078125,71.830078125,5159.5601234436035
2001-11-25 09:00:00,23979.0,23778.6953125,200.3046875,200.3046875,40121.967834472656
2001-11-25 10:00:00,24796.0,24606.404296875,189.595703125,189.595703125,35946.530643463135
2001-11-25 11:00:00,25177.0,24840.3203125,336.6796875,336.6796875,113353.21197509766
2001-11-25 12:00:00,25533.0,24960.908203125,572.091796875,572.091796875,327289.02405166626
2001-11-25 13:00:00,25458.0,25380.056640625,77.943359375,77.943359375,6075.1672706604
2001-11-25 14:00:00,25318.0,25339.626953125,-21.626953125,21.626953125,467.72510147094727
2001-11-25 15:00:00,25653.0,25294.373046875,358.626953125,358.626953125,128613.29150772095
2001-11-25 16:00:00,27417.0,26847.46484375,569.53515625,569.53515625,324370.2942047119
2001-11-25 17:00:00,29368.0,29321.685546875,46.314453125,46.314453125,2145.0285682678223
2001-11-25 18:00:00,29373.0,29633.845703125,-260.845703125,260.845703125,68040.48083877563
2001-11-25 19:00:00,28740.0,29340.849609375,-600.849609375,600.849609375,361020.2530860901
2001-11-25 20:00:00,27864.0,28356.798828125,-492.798828125,492.798828125,242850.6850013733
2001-11-25 21:00:00,26493.0,26724.4296875,-231.4296875,231.4296875,53559.700256347656
2001-11-25 22:00:00,24571.0,24715.6640625,-144.6640625,144.6640625,20927.690979003906
2001-11-25 23:00:00,22333.0,22781.23046875,-448.23046875,448.23046875,200910.55311584473
2001-11-26 00:00:00,20844.0,20910.80078125,-66.80078125,66.80078125,4462.344375610352
2001-11-26 01:00:00,20019.0,20194.2265625,-175.2265625,175.2265625,30704.348205566406
2001-11-26 02:00:00,19738.0,19737.001953125,0.998046875,0.998046875,0.9960975646972656
2001-11-26 03:00:00,19730.0,19630.943359375,99.056640625,99.056640625,9812.2180519104
2001-11-26 04:00:00,20423.0,20541.744140625,-118.744140625,118.744140625,14100.170932769775
2001-11-26 05:00:00,22336.0,22483.69140625,-147.69140625,147.69140625,21812.75148010254
2001-11-26 06:00:00,25816.0,25912.89453125,-96.89453125,96.89453125,9388.550186157227
2001-11-26 07:00:00,27836.0,28373.326171875,-537.326171875,537.326171875,288719.41498184204
2001-11-26 08:00:00,28753.0,29008.1171875,-255.1171875,255.1171875,65084.779357910156
2001-11-26 09:00:00,29265.0,29629.279296875,-364.279296875,364.279296875,132699.40613174438
2001-11-26 10:00:00,29507.0,29886.857421875,-379.857421875,379.857421875,144291.66095352173
2001-11-26 11:00:00,29574.0,29421.435546875,152.564453125,152.564453125,23275.912357330322
2001-11-26 12:00:00,29378.0,29264.08984375,113.91015625,113.91015625,12975.523696899414
2001-11-26 13:00:00,29207.0,29440.341796875,-233.341796875,233.341796875,54448.39416885376
2001-11-26 14:00:00,28905.0,29086.953125,-181.953125,181.953125,33106.939697265625
2001-11-26 15:00:00,28791.0,29039.5859375,-248.5859375,248.5859375,61794.968322753906
2001-11-26 16:00:00,30017.0,29786.720703125,230.279296875,230.279296875,53028.554569244385
2001-11-26 17:00:00,33001.0,32544.662109375,456.337890625,456.337890625,208244.27042007446
2001-11-26 18:00:00,33040.0,33321.5859375,-281.5859375,281.5859375,79290.6401977539
2001-11-26 19:00:00,32338.0,32387.787109375,-49.787109375,49.787109375,2478.756259918213
2001-11-26 20:00:00,31344.0,31375.623046875,-31.623046875,31.623046875,1000.0170936584473
2001-11-26 21:00:00,29719.0,29440.6328125,278.3671875,278.3671875,77488.29107666016
2001-11-26 22:00:00,27020.0,27145.94921875,-125.94921875,125.94921875,15863.205703735352
2001-11-26 23:00:00,24587.0,24428.740234375,158.259765625,158.259765625,25046.15341567993
2001-11-27 00:00:00,22874.0,22986.396484375,-112.396484375,112.396484375,12632.96969985962
2001-11-27 01:00:00,22015.0,21941.123046875,73.876953125,73.876953125,5457.804203033447
2001-11-27 02:00:00,21739.0,21618.359375,120.640625,120.640625,14554.160400390625
2001-11-27 03:00:00,21837.0,21580.765625,256.234375,256.234375,65656.05493164062
2001-11-27 04:00:00,22492.0,22264.783203125,227.216796875,227.216796875,51627.47278213501
2001-11-27 05:00:00,24644.0,24276.302734375,367.697265625,367.697265625,135201.2791481018
2001-11-27 06:00:00,28576.0,28376.98046875,199.01953125,199.01953125,39608.77381896973
2001-11-27 07:00:00,30472.0,30611.05078125,-139.05078125,139.05078125,19335.11976623535
2001-11-27 08:00:00,31091.0,30863.443359375,227.556640625,227.556640625,51782.0246925354
2001-11-27 09:00:00,31114.0,30983.994140625,130.005859375,130.005859375,16901.523471832275
2001-11-27 10:00:00,31075.0,31267.2890625,-192.2890625,192.2890625,36975.083557128906
2001-11-27 11:00:00,30932.0,30778.08203125,153.91796875,153.91796875,23690.741104125977
2001-11-27 12:00:00,30850.0,30699.794921875,150.205078125,150.205078125,22561.565494537354
2001-11-27 13:00:00,30544.0,30612.8515625,-68.8515625,68.8515625,4740.537658691406
2001-11-27 14:00:00,30217.0,30261.451171875,-44.451171875,44.451171875,1975.906681060791
2001-11-27 15:00:00,30285.0,30047.236328125,237.763671875,237.763671875,56531.563663482666
2001-11-27 16:00:00,31808.0,31135.140625,672.859375,672.859375,452739.7385253906
2001-11-27 17:00:00,34450.0,34136.4609375,313.5390625,313.5390625,98306.7437133789
2001-11-27 18:00:00,34314.0,34188.90625,125.09375,125.09375,15648.4462890625
2001-11-27 19:00:00,33468.0,33441.5078125,26.4921875,26.4921875,701.8359985351562
2001-11-27 20:00:00,32324.0,32548.693359375,-224.693359375,224.693359375,50487.1057472229
2001-11-27 21:00:00,30452.0,30517.0625,-65.0625,65.0625,4233.12890625
2001-11-27 22:00:00,27507.0,27765.28125,-258.28125,258.28125,66709.2041015625
2001-11-27 23:00:00,24880.0,25106.130859375,-226.130859375,226.130859375,51135.165561676025
2001-11-28 00:00:00,23073.0,23106.265625,-33.265625,33.265625,1106.601806640625
2001-11-28 01:00:00,21945.0,22078.421875,-133.421875,133.421875,17801.396728515625
2001-11-28 02:00:00,21568.0,21616.447265625,-48.447265625,48.447265625,2347.1375465393066
2001-11-28 03:00:00,21492.0,21397.767578125,94.232421875,94.232421875,8879.749332427979
2001-11-28 04:00:00,21957.0,22003.994140625,-46.994140625,46.994140625,2208.4492530822754
2001-11-28 05:00:00,23960.0,23988.169921875,-28.169921875,28.169921875,793.5444984436035
2001-11-28 06:00:00,27870.0,27865.255859375,4.744140625,4.744140625,22.50687026977539
2001-11-28 07:00:00,30090.0,30385.2734375,-295.2734375,295.2734375,87186.4028930664
2001-11-28 08:00:00,30525.0,30692.02734375,-167.02734375,167.02734375,27898.133560180664
2001-11-28 09:00:00,30620.0,30817.654296875,-197.654296875,197.654296875,39067.221073150635
2001-11-28 10:00:00,30725.0,30673.4296875,51.5703125,51.5703125,2659.4971313476562
2001-11-28 11:00:00,30647.0,30657.140625,-10.140625,10.140625,102.832275390625
2001-11-28 12:00:00,30386.0,30388.685546875,-2.685546875,2.685546875,7.212162017822266
2001-11-28 13:00:00,30276.0,30232.01171875,43.98828125,43.98828125,1934.9688873291016
2001-11-28 14:00:00,30112.0,29968.021484375,143.978515625,143.978515625,20729.81296157837
2001-11-28 15:00:00,30091.0,30071.642578125,19.357421875,19.357421875,374.7097816467285
2001-11-28 16:00:00,31566.0,31124.87890625,441.12109375,441.12109375,194587.8193511963
2001-11-28 17:00:00,34000.0,33820.7734375,179.2265625,179.2265625,32122.160705566406
2001-11-28 18:00:00,33746.0,33920.53515625,-174.53515625,174.53515625,30462.520767211914
2001-11-28 19:00:00,32933.0,33290.40625,-357.40625,357.40625,127739.2275390625
2001-11-28 20:00:00,32168.0,32257.423828125,-89.423828125,89.423828125,7996.621036529541
2001-11-28 21:00:00,30338.0,30510.23046875,-172.23046875,172.23046875,29663.334365844727
2001-11-28 22:00:00,27541.0,27796.169921875,-255.169921875,255.169921875,65111.6890296936
2001-11-28 23:00:00,24731.0,25150.6796875,-419.6796875,419.6796875,176131.04010009766
2001-11-29 00:00:00,22778.0,22878.697265625,-100.697265625,100.697265625,10139.939304351807
2001-11-29 01:00:00,21825.0,21781.2734375,43.7265625,43.7265625,1912.0122680664062
2001-11-29 02:00:00,21352.0,21351.560546875,0.439453125,0.439453125,0.19311904907226562
2001-11-29 03:00:00,21237.0,21236.39453125,0.60546875,0.60546875,0.3665924072265625
2001-11-29 04:00:00,21711.0,21633.15625,77.84375,77.84375,6059.6494140625
2001-11-29 05:00:00,23793.0,23518.458984375,274.541015625,274.541015625,75372.7692604065
2001-11-29 06:00:00,27664.0,27587.091796875,76.908203125,76.908203125,5914.87170791626
2001-11-29 07:00:00,30271.0,30074.498046875,196.501953125,196.501953125,38613.0175819397
2001-11-29 08:00:00,30937.0,30580.740234375,356.259765625,356.259765625,126921.02060317993
2001-11-29 09:00:00,31367.0,31217.802734375,149.197265625,149.197265625,22259.824069976807
2001-11-29 10:00:00,31680.0,31453.61328125,226.38671875,226.38671875,51250.9464263916
2001-11-29 11:00:00,31639.0,31487.099609375,151.900390625,151.900390625,23073.728672027588
2001-11-29 12:00:00,31385.0,31352.9609375,32.0390625,32.0390625,1026.5015258789062
2001-11-29 13:00:00,31332.0,31401.970703125,-69.970703125,69.970703125,4895.899295806885
2001-11-29 14:00:00,31176.0,31271.12109375,-95.12109375,95.12109375,9048.022476196289
2001-11-29 15:00:00,31267.0,30968.701171875,298.298828125,298.298828125,88982.19086074829
2001-11-29 16:00:00,32586.0,32096.310546875,489.689453125,489.689453125,239795.76050186157
2001-11-29 17:00:00,34576.0,34713.08203125,-137.08203125,137.08203125,18791.483291625977
2001-11-29 18:00:00,34233.0,34449.5546875,-216.5546875,216.5546875,46895.932678222656
2001-11-29 19:00:00,33427.0,33769.3046875,-342.3046875,342.3046875,117172.49908447266
2001-11-29 20:00:00,32482.0,32747.294921875,-265.294921875,265.294921875,70381.39557266235
2001-11-29 21:00:00,30554.0,30850.52734375,-296.52734375,296.52734375,87928.46559143066
2001-11-29 22:00:00,27965.0,28055.265625,-90.265625,90.265625,8147.883056640625
2001-11-29 23:00:00,25193.0,25518.177734375,-325.177734375,325.177734375,105740.55893325806
2001-11-30 00:00:00,23077.0,23287.73828125,-210.73828125,210.73828125,44410.6231842041
2001-11-30 01:00:00,22027.0,22089.794921875,-62.794921875,62.794921875,3943.2022132873535
2001-11-30 02:00:00,21551.0,21404.689453125,146.310546875,146.310546875,21406.776126861572
2001-11-30 03:00:00,21374.0,21273.337890625,100.662109375,100.662109375,10132.860263824463
2001-11-30 04:00:00,21851.0,21774.275390625,76.724609375,76.724609375,5886.665683746338
2001-11-30 05:00:00,23717.0,23840.0390625,-123.0390625,123.0390625,15138.610900878906
2001-11-30 06:00:00,27610.0,27370.033203125,239.966796875,239.966796875,57584.06360244751
2001-11-30 07:00:00,30087.0,29856.626953125,230.373046875,230.373046875,53071.74072647095
2001-11-30 08:00:00,30730.0,30947.2421875,-217.2421875,217.2421875,47194.168029785156
2001-11-30 09:00:00,31232.0,30994.359375,237.640625,237.640625,56473.066650390625
2001-11-30 10:00:00,31541.0,31417.30859375,123.69140625,123.69140625,15299.563980102539
2001-11-30 11:00:00,31622.0,31418.78125,203.21875,203.21875,41297.8603515625
2001-11-30 12:00:00,31304.0,31570.46484375,-266.46484375,266.46484375,71003.51295471191
2001-11-30 13:00:00,31275.0,31121.765625,153.234375,153.234375,23480.773681640625
2001-11-30 14:00:00,30960.0,30921.890625,38.109375,38.109375,1452.324462890625
2001-11-30 15:00:00,30831.0,30893.498046875,-62.498046875,62.498046875,3906.0058631896973
2001-11-30 16:00:00,31970.0,31726.220703125,243.779296875,243.779296875,59428.345584869385
2001-11-30 17:00:00,33686.0,33779.640625,-93.640625,93.640625,8768.566650390625
2001-11-30 18:00:00,33104.0,33653.79296875,-549.79296875,549.79296875,302272.3084869385
2001-11-30 19:00:00,31855.0,32460.8203125,-605.8203125,605.8203125,367018.25103759766
2001-11-30 20:00:00,30863.0,31037.462890625,-174.462890625,174.462890625,30437.300205230713
2001-11-30 21:00:00,29514.0,29436.65625,77.34375,77.34375,5982.0556640625
2001-11-30 22:00:00,27361.0,27408.595703125,-47.595703125,47.595703125,2265.3509559631348
2001-11-30 23:00:00,24885.0,25077.69140625,-192.69140625,192.69140625,37129.97804260254
2001-12-01 00:00:00,22665.0,22580.21875,84.78125,84.78125,7187.8603515625
2001-12-01 01:00:00,21430.0,21500.662109375,-70.662109375,70.662109375,4993.133701324463
2001-12-01 02:00:00,20730.0,20715.361328125,14.638671875,14.638671875,214.29071426391602
2001-12-01 03:00:00,20415.0,20419.302734375,-4.302734375,4.302734375,18.51352310180664
2001-12-01 04:00:00,20428.0,20546.818359375,-118.818359375,118.818359375,14117.80252456665
2001-12-01 05:00:00,21110.0,21226.076171875,-116.076171875,116.076171875,13473.677677154541
2001-12-01 06:00:00,22292.0,22243.296875,48.703125,48.703125,2371.994384765625
2001-12-01 07:00:00,23394.0,23647.306640625,-253.306640625,253.306640625,64164.2541847229
2001-12-01 08:00:00,25233.0,25250.587890625,-17.587890625,17.587890625,309.3338966369629
2001-12-01 09:00:00,26558.0,27015.353515625,-457.353515625,457.353515625,209172.23825454712
2001-12-01 10:00:00,27125.0,26908.162109375,216.837890625,216.837890625,47018.67081069946
2001-12-01 11:00:00,26867.0,27106.216796875,-239.216796875,239.216796875,57224.67590713501
2001-12-01 12:00:00,26825.0,26418.431640625,406.568359375,406.568359375,165297.83084487915
2001-12-01 13:00:00,26285.0,26232.796875,52.203125,52.203125,2725.166259765625
2001-12-01 14:00:00,25740.0,25825.5390625,-85.5390625,85.5390625,7316.931213378906
2001-12-01 15:00:00,25522.0,25658.826171875,-136.826171875,136.826171875,18721.40130996704
2001-12-01 16:00:00,26652.0,26782.943359375,-130.943359375,130.943359375,17146.1633644104
2001-12-01 17:00:00,29715.0,29326.169921875,388.830078125,388.830078125,151188.8296546936
2001-12-01 18:00:00,29612.0,30127.162109375,-515.162109375,515.162109375,265391.99893569946
2001-12-01 19:00:00,28828.0,29068.033203125,-240.033203125,240.033203125,57615.93860244751
2001-12-01 20:00:00,28247.0,28147.13671875,99.86328125,99.86328125,9972.674942016602
2001-12-01 21:00:00,27260.0,27554.357421875,-294.357421875,294.357421875,86646.29181289673
2001-12-01 22:00:00,25727.0,25640.01953125,86.98046875,86.98046875,7565.601943969727
2001-12-01 23:00:00,23751.0,23867.015625,-116.015625,116.015625,13459.625244140625
2001-12-02 00:00:00,21977.0,21636.431640625,340.568359375,340.568359375,115986.80740737915
2001-12-02 01:00:00,20853.0,20906.55078125,-53.55078125,53.55078125,2867.6861724853516
2001-12-02 02:00:00,20230.0,20280.1328125,-50.1328125,50.1328125,2513.2988891601562
2001-12-02 03:00:00,19985.0,19979.900390625,5.099609375,5.099609375,26.00601577758789
2001-12-02 04:00:00,20067.0,19974.38671875,92.61328125,92.61328125,8577.219863891602
2001-12-02 05:00:00,20559.0,20424.060546875,134.939453125,134.939453125,18208.656009674072
2001-12-02 06:00:00,21509.0,21391.5234375,117.4765625,117.4765625,13800.742736816406
2001-12-02 07:00:00,22480.0,22426.408203125,53.591796875,53.591796875,2872.0806922912598
2001-12-02 08:00:00,24307.0,23895.626953125,411.373046875,411.373046875,169227.78369522095
2001-12-02 09:00:00,25558.0,25203.83203125,354.16796875,354.16796875,125434.95008850098
2001-12-02 10:00:00,26046.0,26020.63671875,25.36328125,25.36328125,643.2960357666016
2001-12-02 11:00:00,26177.0,26062.92578125,114.07421875,114.07421875,13012.927383422852
2001-12-02 12:00:00,26175.0,25915.435546875,259.564453125,259.564453125,67373.70532608032
2001-12-02 13:00:00,26019.0,25867.54296875,151.45703125,151.45703125,22939.232315063477
2001-12-02 14:00:00,25855.0,25916.552734375,-61.552734375,61.552734375,3788.7391090393066
2001-12-02 15:00:00,25981.0,25825.958984375,155.041015625,155.041015625,24037.716526031494
2001-12-02 16:00:00,27375.0,27805.8359375,-430.8359375,430.8359375,185619.6050415039
2001-12-02 17:00:00,30864.0,29712.0234375,1151.9765625,1151.9765625,1327050.0005493164
2001-12-02 18:00:00,31344.0,31230.0234375,113.9765625,113.9765625,12990.656799316406
2001-12-02 19:00:00,30959.0,30973.0625,-14.0625,14.0625,197.75390625
2001-12-02 20:00:00,30701.0,30462.640625,238.359375,238.359375,56815.191650390625
2001-12-02 21:00:00,29644.0,29674.05859375,-30.05859375,30.05859375,903.5190582275391
2001-12-02 22:00:00,27587.0,27488.14453125,98.85546875,98.85546875,9772.403701782227
2001-12-02 23:00:00,25441.0,25217.76953125,223.23046875,223.23046875,49831.84217834473
2001-12-03 00:00:00,23762.0,23332.015625,429.984375,429.984375,184886.56274414062
2001-12-03 01:00:00,23100.0,22617.009765625,482.990234375,482.990234375,233279.56650161743
2001-12-03 02:00:00,22950.0,22390.984375,559.015625,559.015625,312498.4689941406
2001-12-03 03:00:00,23180.0,23085.201171875,94.798828125,94.798828125,8986.817813873291
2001-12-03 04:00:00,23923.0,24090.75390625,-167.75390625,167.75390625,28141.37306213379
2001-12-03 05:00:00,26258.0,26243.716796875,14.283203125,14.283203125,204.00989151000977
2001-12-03 06:00:00,30492.0,29943.59375,548.40625,548.40625,300749.4150390625
2001-12-03 07:00:00,32640.0,33031.74609375,-391.74609375,391.74609375,153465.0019683838
2001-12-03 08:00:00,32770.0,33026.796875,-256.796875,256.796875,65944.63500976562
2001-12-03 09:00:00,32226.0,32328.888671875,-102.888671875,102.888671875,10586.078800201416
2001-12-03 10:00:00,31725.0,31482.71484375,242.28515625,242.28515625,58702.096939086914
2001-12-03 11:00:00,31177.0,31030.220703125,146.779296875,146.779296875,21544.161991119385
2001-12-03 12:00:00,30638.0,30809.53125,-171.53125,171.53125,29422.9697265625
2001-12-03 13:00:00,30397.0,30446.904296875,-49.904296875,49.904296875,2490.4388465881348
2001-12-03 14:00:00,30033.0,30098.48046875,-65.48046875,65.48046875,4287.691787719727
2001-12-03 15:00:00,29828.0,29947.046875,-119.046875,119.046875,14172.158447265625
2001-12-03 16:00:00,31102.0,31020.732421875,81.267578125,81.267578125,6604.4192543029785
2001-12-03 17:00:00,34677.0,33516.5078125,1160.4921875,1160.4921875,1346742.1172485352
2001-12-03 18:00:00,35047.0,34986.61328125,60.38671875,60.38671875,3646.5558013916016
2001-12-03 19:00:00,34570.0,34610.96484375,-40.96484375,40.96484375,1678.118423461914
2001-12-03 20:00:00,33770.0,33768.35546875,1.64453125,1.64453125,2.7044830322265625
2001-12-03 21:00:00,32021.0,32372.1875,-351.1875,351.1875,123332.66015625
2001-12-03 22:00:00,29218.0,29714.7734375,-496.7734375,496.7734375,246783.8482055664
2001-12-03 23:00:00,26286.0,26425.0703125,-139.0703125,139.0703125,19340.551818847656
2001-12-04 00:00:00,24441.0,24311.5859375,129.4140625,129.4140625,16747.999572753906
2001-12-04 01:00:00,23638.0,23591.490234375,46.509765625,46.509765625,2163.1582984924316
2001-12-04 02:00:00,23263.0,23387.97265625,-124.97265625,124.97265625,15618.164810180664
2001-12-04 03:00:00,23269.0,23152.98046875,116.01953125,116.01953125,13460.531631469727
2001-12-04 04:00:00,23885.0,23708.953125,176.046875,176.046875,30992.502197265625
2001-12-04 05:00:00,26230.0,26018.615234375,211.384765625,211.384765625,44683.51913833618
2001-12-04 06:00:00,30225.0,30358.44140625,-133.44140625,133.44140625,17806.60890197754
2001-12-04 07:00:00,32159.0,32695.28125,-536.28125,536.28125,287597.5791015625
2001-12-04 08:00:00,32304.0,32509.12109375,-205.12109375,205.12109375,42074.66310119629
2001-12-04 09:00:00,31625.0,32226.990234375,-601.990234375,601.990234375,362392.24228286743
2001-12-04 10:00:00,31284.0,31300.263671875,-16.263671875,16.263671875,264.507022857666
2001-12-04 11:00:00,30920.0,30896.69921875,23.30078125,23.30078125,542.9264068603516
2001-12-04 12:00:00,30490.0,30605.46875,-115.46875,115.46875,13333.0322265625
2001-12-04 13:00:00,30454.0,30246.353515625,207.646484375,207.646484375,43117.06247329712
2001-12-04 14:00:00,30165.0,30070.15625,94.84375,94.84375,8995.3369140625
2001-12-04 15:00:00,30025.0,30289.546875,-264.546875,264.546875,69985.04907226562
2001-12-04 16:00:00,30978.0,31225.52734375,-247.52734375,247.52734375,61269.785903930664
2001-12-04 17:00:00,34191.0,33383.5234375,807.4765625,807.4765625,652018.3989868164
2001-12-04 18:00:00,34594.0,34229.04296875,364.95703125,364.95703125,133193.63465881348
2001-12-04 19:00:00,33702.0,33914.703125,-212.703125,212.703125,45242.619384765625
2001-12-04 20:00:00,33007.0,33236.3359375,-229.3359375,229.3359375,52594.972229003906
2001-12-04 21:00:00,31276.0,31464.240234375,-188.240234375,188.240234375,35434.38583755493
2001-12-04 22:00:00,28259.0,28724.505859375,-465.505859375,465.505859375,216695.70511245728
2001-12-04 23:00:00,25251.0,25718.572265625,-467.572265625,467.572265625,218623.82358169556
2001-12-05 00:00:00,23148.0,23463.22265625,-315.22265625,315.22265625,99365.32301330566
2001-12-05 01:00:00,22322.0,22450.6875,-128.6875,128.6875,16560.47265625
2001-12-05 02:00:00,21789.0,22030.474609375,-241.474609375,241.474609375,58309.98697280884
2001-12-05 03:00:00,21641.0,21711.85546875,-70.85546875,70.85546875,5020.497451782227
2001-12-05 04:00:00,22291.0,21822.3046875,468.6953125,468.6953125,219675.29595947266
2001-12-05 05:00:00,24367.0,24669.548828125,-302.548828125,302.548828125,91535.79339981079
2001-12-05 06:00:00,28235.0,28382.541015625,-147.541015625,147.541015625,21768.351291656494
2001-12-05 07:00:00,30676.0,30582.220703125,93.779296875,93.779296875,8794.556522369385
2001-12-05 08:00:00,30862.0,31325.939453125,-463.939453125,463.939453125,215239.81616592407
2001-12-05 09:00:00,30917.0,30985.060546875,-68.060546875,68.060546875,4632.238040924072
2001-12-05 10:00:00,30906.0,30940.708984375,-34.708984375,34.708984375,1204.7135963439941
2001-12-05 11:00:00,30780.0,30634.060546875,145.939453125,145.939453125,21298.323978424072
2001-12-05 12:00:00,30612.0,30503.220703125,108.779296875,108.779296875,11832.935428619385
2001-12-05 13:00:00,30511.0,30450.583984375,60.416015625,60.416015625,3650.094944000244
2001-12-05 14:00:00,30343.0,30198.67578125,144.32421875,144.32421875,20829.48011779785
2001-12-05 15:00:00,30274.0,30227.068359375,46.931640625,46.931640625,2202.5788917541504
2001-12-05 16:00:00,31204.0,31263.8359375,-59.8359375,59.8359375,3580.3394165039062
2001-12-05 17:00:00,34173.0,33625.50390625,547.49609375,547.49609375,299751.9726715088
2001-12-05 18:00:00,34190.0,33989.62109375,200.37890625,200.37890625,40151.70606994629
2001-12-05 19:00:00,33479.0,33488.1171875,-9.1171875,9.1171875,83.12310791015625
2001-12-05 20:00:00,32747.0,32555.8515625,191.1484375,191.1484375,36537.725158691406
2001-12-05 21:00:00,30905.0,31183.91015625,-278.91015625,278.91015625,77790.87525939941
2001-12-05 22:00:00,27284.0,28180.041015625,-896.041015625,896.041015625,802889.5016822815
2001-12-05 23:00:00,25071.0,24788.69921875,282.30078125,282.30078125,79693.73109436035
2001-12-06 00:00:00,22888.0,22982.888671875,-94.888671875,94.888671875,9003.860050201416
2001-12-06 01:00:00,21862.0,22005.615234375,-143.615234375,143.615234375,20625.33554458618
2001-12-06 02:00:00,21359.0,21667.3515625,-308.3515625,308.3515625,95080.6860961914
2001-12-06 03:00:00,21310.0,21306.029296875,3.970703125,3.970703125,15.766483306884766
2001-12-06 04:00:00,21770.0,21759.193359375,10.806640625,10.806640625,116.78348159790039
2001-12-06 05:00:00,23665.0,23523.4453125,141.5546875,141.5546875,20037.729553222656
2001-12-06 06:00:00,27424.0,27579.533203125,-155.533203125,155.533203125,24190.57727432251
2001-12-06 07:00:00,30145.0,29878.603515625,266.396484375,266.396484375,70967.08688735962
2001-12-06 08:00:00,30357.0,30625.427734375,-268.427734375,268.427734375,72053.44858169556
2001-12-06 09:00:00,30569.0,30568.1015625,0.8984375,0.8984375,0.80718994140625
2001-12-06 10:00:00,30736.0,30602.208984375,133.791015625,133.791015625,17900.035861968994
2001-12-06 11:00:00,30819.0,30679.294921875,139.705078125,139.705078125,19517.508853912354
2001-12-06 12:00:00,30716.0,30542.33984375,173.66015625,173.66015625,30157.849868774414
2001-12-06 13:00:00,30707.0,30631.3671875,75.6328125,75.6328125,5720.322326660156
2001-12-06 14:00:00,30412.0,30506.814453125,-94.814453125,94.814453125,8989.780521392822
2001-12-06 15:00:00,30489.0,30307.66796875,181.33203125,181.33203125,32881.30555725098
2001-12-06 16:00:00,31872.0,31572.248046875,299.751953125,299.751953125,89851.2334022522
2001-12-06 17:00:00,34451.0,34193.47265625,257.52734375,257.52734375,66320.33277893066
2001-12-06 18:00:00,34328.0,34263.53125,64.46875,64.46875,4156.2197265625
2001-12-06 19:00:00,33535.0,34074.34765625,-539.34765625,539.34765625,290895.89430236816
2001-12-06 20:00:00,32654.0,32605.587890625,48.412109375,48.412109375,2343.732334136963
2001-12-06 21:00:00,30915.0,31244.08203125,-329.08203125,329.08203125,108294.98329162598
2001-12-06 22:00:00,28094.0,28333.759765625,-239.759765625,239.759765625,57484.74521255493
2001-12-06 23:00:00,25019.0,25578.009765625,-559.009765625,559.009765625,312491.91806411743
2001-12-07 00:00:00,22884.0,23085.455078125,-201.455078125,201.455078125,40584.14850234985
2001-12-07 01:00:00,21895.0,22033.314453125,-138.314453125,138.314453125,19130.887943267822
2001-12-07 02:00:00,21408.0,21420.90234375,-12.90234375,12.90234375,166.47047424316406
2001-12-07 03:00:00,21204.0,21212.021484375,-8.021484375,8.021484375,64.34421157836914
2001-12-07 04:00:00,21616.0,21613.72265625,2.27734375,2.27734375,5.1862945556640625
2001-12-07 05:00:00,23415.0,23280.646484375,134.353515625,134.353515625,18050.86716079712
2001-12-07 06:00:00,27423.0,27247.720703125,175.279296875,175.279296875,30722.831912994385
2001-12-07 07:00:00,29996.0,29693.275390625,302.724609375,302.724609375,91642.18912124634
2001-12-07 08:00:00,30452.0,30691.837890625,-239.837890625,239.837890625,57522.21377944946
2001-12-07 09:00:00,30631.0,30574.017578125,56.982421875,56.982421875,3246.9964027404785
2001-12-07 10:00:00,30717.0,30682.66796875,34.33203125,34.33203125,1178.6883697509766
2001-12-07 11:00:00,30457.0,30468.1484375,-11.1484375,11.1484375,124.28765869140625
2001-12-07 12:00:00,30079.0,30060.830078125,18.169921875,18.169921875,330.1460609436035
2001-12-07 13:00:00,29977.0,29929.216796875,47.783203125,47.783203125,2283.2345008850098
2001-12-07 14:00:00,29779.0,29596.96875,182.03125,182.03125,33135.3759765625
2001-12-07 15:00:00,29842.0,29555.70703125,286.29296875,286.29296875,81963.66395568848
2001-12-07 16:00:00,31159.0,31071.859375,87.140625,87.140625,7593.488525390625
2001-12-07 17:00:00,33941.0,33789.3671875,151.6328125,151.6328125,22992.509826660156
2001-12-07 18:00:00,33509.0,33996.41796875,-487.41796875,487.41796875,237576.27626037598
2001-12-07 19:00:00,32543.0,32923.10546875,-380.10546875,380.10546875,144480.16737365723
2001-12-07 20:00:00,31748.0,31686.220703125,61.779296875,61.779296875,3816.6815223693848
2001-12-07 21:00:00,30277.0,30185.6328125,91.3671875,91.3671875,8347.962951660156
2001-12-07 22:00:00,28213.0,27689.74609375,523.25390625,523.25390625,273794.6504058838
2001-12-07 23:00:00,25441.0,25788.7578125,-347.7578125,347.7578125,120935.49615478516
2001-12-08 00:00:00,23587.0,23349.896484375,237.103515625,237.103515625,56218.07712173462
2001-12-08 01:00:00,22444.0,22360.5546875,83.4453125,83.4453125,6963.120178222656
2001-12-08 02:00:00,21922.0,21700.435546875,221.564453125,221.564453125,49090.80688858032
2001-12-08 03:00:00,21713.0,21486.7109375,226.2890625,226.2890625,51206.739807128906
2001-12-08 04:00:00,21920.0,21419.009765625,500.990234375,500.990234375,250991.21493911743
2001-12-08 05:00:00,22672.0,22747.923828125,-75.923828125,75.923828125,5764.427677154541
2001-12-08 06:00:00,24090.0,23946.125,143.875,143.875,20700.015625
2001-12-08 07:00:00,25552.0,25789.986328125,-237.986328125,237.986328125,56637.492374420166
2001-12-08 08:00:00,27413.0,27338.51953125,74.48046875,74.48046875,5547.340225219727
2001-12-08 09:00:00,28866.0,28154.48828125,711.51171875,711.51171875,506248.9259185791
2001-12-08 10:00:00,29425.0,29128.7734375,296.2265625,296.2265625,87750.1763305664
2001-12-08 11:00:00,29421.0,29258.85546875,162.14453125,162.14453125,26290.849014282227
2001-12-08 12:00:00,29251.0,29036.994140625,214.005859375,214.005859375,45798.507846832275
2001-12-08 13:00:00,29051.0,28876.654296875,174.345703125,174.345703125,30396.424198150635
2001-12-08 14:00:00,29022.0,28706.216796875,315.783203125,315.783203125,99719.03137588501
2001-12-08 15:00:00,29481.0,28820.896484375,660.103515625,660.103515625,435736.6513404846
2001-12-08 16:00:00,31417.0,30619.30859375,797.69140625,797.69140625,636311.5796051025
2001-12-08 17:00:00,33035.0,33352.578125,-317.578125,317.578125,100855.86547851562
2001-12-08 18:00:00,32641.0,32791.9375,-150.9375,150.9375,22782.12890625
2001-12-08 19:00:00,31842.0,31873.712890625,-31.712890625,31.712890625,1005.7074317932129
2001-12-08 20:00:00,31121.0,31219.4140625,-98.4140625,98.4140625,9685.327697753906
2001-12-08 21:00:00,29834.0,30097.8828125,-263.8828125,263.8828125,69634.13873291016
2001-12-08 22:00:00,28337.0,27868.20703125,468.79296875,468.79296875,219766.84754943848
2001-12-08 23:00:00,26106.0,25973.064453125,132.935546875,132.935546875,17671.859622955322
2001-12-09 00:00:00,23965.0,23778.783203125,186.216796875,186.216796875,34676.69543838501
2001-12-09 01:00:00,22766.0,22526.509765625,239.490234375,239.490234375,57355.57236099243
2001-12-09 02:00:00,22109.0,21953.64453125,155.35546875,155.35546875,24135.321670532227
2001-12-09 03:00:00,21739.0,21738.748046875,0.251953125,0.251953125,0.06348037719726562
2001-12-09 04:00:00,21808.0,21596.228515625,211.771484375,211.771484375,44847.16159439087
2001-12-09 05:00:00,22241.0,22014.568359375,226.431640625,226.431640625,51271.28787612915
2001-12-09 06:00:00,23152.0,23214.064453125,-62.064453125,62.064453125,3851.9963417053223
2001-12-09 07:00:00,24207.0,24262.380859375,-55.380859375,55.380859375,3067.0395851135254
2001-12-09 08:00:00,25935.0,25309.158203125,625.841796875,625.841796875,391677.95471572876
2001-12-09 09:00:00,27058.0,27469.923828125,-411.923828125,411.923828125,169681.24017715454
2001-12-09 10:00:00,27377.0,27795.330078125,-418.330078125,418.330078125,175000.0542640686
2001-12-09 11:00:00,27274.0,27520.880859375,-246.880859375,246.880859375,60950.158725738525
2001-12-09 12:00:00,27146.0,27160.380859375,-14.380859375,14.380859375,206.8091163635254
2001-12-09 13:00:00,26763.0,27195.685546875,-432.685546875,432.685546875,187216.78247451782
2001-12-09 14:00:00,26495.0,26783.890625,-288.890625,288.890625,83457.79321289062
2001-12-09 15:00:00,26683.0,26602.611328125,80.388671875,80.388671875,6462.338565826416
2001-12-09 16:00:00,28396.0,28589.705078125,-193.705078125,193.705078125,37521.65729141235
2001-12-09 17:00:00,32214.0,31212.087890625,1001.912109375,1001.912109375,1003827.874912262
2001-12-09 18:00:00,32854.0,32760.0,94.0,94.0,8836.0
2001-12-09 19:00:00,32719.0,32584.537109375,134.462890625,134.462890625,18080.268955230713
2001-12-09 20:00:00,32443.0,32210.361328125,232.638671875,232.638671875,54120.751651763916
2001-12-09 21:00:00,31358.0,31562.958984375,-204.958984375,204.958984375,42008.185276031494
2001-12-09 22:00:00,29145.0,29428.658203125,-283.658203125,283.658203125,80461.97620010376
2001-12-09 23:00:00,26848.0,26552.390625,295.609375,295.609375,87384.90258789062
2001-12-10 00:00:00,24874.0,25000.8359375,-126.8359375,126.8359375,16087.355041503906
2001-12-10 01:00:00,24422.0,23541.361328125,880.638671875,880.638671875,775524.4704017639
2001-12-10 02:00:00,24304.0,23745.984375,558.015625,558.015625,311381.4377441406
2001-12-10 03:00:00,24461.0,24356.318359375,104.681640625,104.681640625,10958.24588394165
2001-12-10 04:00:00,25247.0,25289.203125,-42.203125,42.203125,1781.103759765625
2001-12-10 05:00:00,27710.0,27893.38671875,-183.38671875,183.38671875,33630.6886138916
2001-12-10 06:00:00,32094.0,31521.1171875,572.8828125,572.8828125,328194.71685791016
2001-12-10 07:00:00,34400.0,34252.078125,147.921875,147.921875,21880.881103515625
2001-12-10 08:00:00,34487.0,34684.61328125,-197.61328125,197.61328125,39051.0089263916
2001-12-10 09:00:00,34179.0,34433.83984375,-254.83984375,254.83984375,64943.345962524414
2001-12-10 10:00:00,33707.0,33871.29296875,-164.29296875,164.29296875,26992.179580688477
2001-12-10 11:00:00,33043.0,33004.84375,38.15625,38.15625,1455.8994140625
2001-12-10 12:00:00,32540.0,32291.8984375,248.1015625,248.1015625,61554.385314941406
2001-12-10 13:00:00,32272.0,31763.46484375,508.53515625,508.53515625,258608.0051422119
2001-12-10 14:00:00,32008.0,31835.6484375,172.3515625,172.3515625,29705.061096191406
2001-12-10 15:00:00,32208.0,32079.3046875,128.6953125,128.6953125,16562.483459472656
2001-12-10 16:00:00,34250.0,33872.5546875,377.4453125,377.4453125,142464.96392822266
2001-12-10 17:00:00,37194.0,37391.9921875,-197.9921875,197.9921875,39200.906311035156
2001-12-10 18:00:00,37177.0,37257.0234375,-80.0234375,80.0234375,6403.750549316406
2001-12-10 19:00:00,36479.0,36607.37890625,-128.37890625,128.37890625,16481.14356994629
2001-12-10 20:00:00,35698.0,35482.90234375,215.09765625,215.09765625,46267.001724243164
2001-12-10 21:00:00,33925.0,34086.76953125,-161.76953125,161.76953125,26169.381240844727
2001-12-10 22:00:00,30810.0,31383.98046875,-573.98046875,573.98046875,329453.5785064697
2001-12-10 23:00:00,27424.0,28012.060546875,-588.060546875,588.060546875,345815.2067909241
2001-12-11 00:00:00,25372.0,25239.486328125,132.513671875,132.513671875,17559.873233795166
2001-12-11 01:00:00,24266.0,24550.6015625,-284.6015625,284.6015625,80998.0493774414
2001-12-11 02:00:00,23745.0,23846.232421875,-101.232421875,101.232421875,10248.003238677979
2001-12-11 03:00:00,23566.0,23570.62109375,-4.62109375,4.62109375,21.354507446289062
2001-12-11 04:00:00,24144.0,24004.130859375,139.869140625,139.869140625,19563.376499176025
2001-12-11 05:00:00,26336.0,25795.60546875,540.39453125,540.39453125,292026.2494049072
2001-12-11 06:00:00,30334.0,30353.201171875,-19.201171875,19.201171875,368.685001373291
2001-12-11 07:00:00,32740.0,33139.9296875,-399.9296875,399.9296875,159943.75494384766
2001-12-11 08:00:00,32850.0,32836.71875,13.28125,13.28125,176.3916015625
2001-12-11 09:00:00,32707.0,33062.078125,-355.078125,355.078125,126080.47485351562
2001-12-11 10:00:00,32325.0,32729.830078125,-404.830078125,404.830078125,163887.3921546936
2001-12-11 11:00:00,32142.0,32034.48046875,107.51953125,107.51953125,11560.449600219727
2001-12-11 12:00:00,31558.0,31628.943359375,-70.943359375,70.943359375,5032.9602394104
2001-12-11 13:00:00,31301.0,31302.8984375,-1.8984375,1.8984375,3.60406494140625
2001-12-11 14:00:00,30738.0,30981.7265625,-243.7265625,243.7265625,59402.637268066406
2001-12-11 15:00:00,30621.0,30860.939453125,-239.939453125,239.939453125,57570.94116592407
2001-12-11 16:00:00,32108.0,32100.048828125,7.951171875,7.951171875,63.221134185791016
2001-12-11 17:00:00,35849.0,35402.3984375,446.6015625,446.6015625,199452.9556274414
2001-12-11 18:00:00,36121.0,36001.01953125,119.98046875,119.98046875,14395.312881469727
2001-12-11 19:00:00,35553.0,35346.57421875,206.42578125,206.42578125,42611.60316467285
2001-12-11 20:00:00,34881.0,35076.25,-195.25,195.25,38122.5625
2001-12-11 21:00:00,33449.0,33511.03125,-62.03125,62.03125,3847.8759765625
2001-12-11 22:00:00,30409.0,31334.26171875,-925.26171875,925.26171875,856109.2481842041
2001-12-11 23:00:00,27436.0,27551.455078125,-115.455078125,115.455078125,13329.875064849854
2001-12-12 00:00:00,25343.0,25138.689453125,204.310546875,204.310546875,41742.79956436157
2001-12-12 01:00:00,24519.0,24414.142578125,104.857421875,104.857421875,10995.078922271729
2001-12-12 02:00:00,24154.0,24096.5546875,57.4453125,57.4453125,3299.9639282226562
2001-12-12 03:00:00,24178.0,24032.0703125,145.9296875,145.9296875,21295.473693847656
2001-12-12 04:00:00,24927.0,24765.90234375,161.09765625,161.09765625,25952.454849243164
2001-12-12 05:00:00,27184.0,27436.619140625,-252.619140625,252.619140625,63816.430210113525
2001-12-12 06:00:00,31329.0,30931.765625,397.234375,397.234375,157795.14868164062
2001-12-12 07:00:00,33955.0,33518.5390625,436.4609375,436.4609375,190498.1499633789
2001-12-12 08:00:00,33736.0,34027.7265625,-291.7265625,291.7265625,85104.3872680664
2001-12-12 09:00:00,33331.0,33624.3359375,-293.3359375,293.3359375,86045.9722290039
2001-12-12 10:00:00,33178.0,33194.625,-16.625,16.625,276.390625
2001-12-12 11:00:00,32794.0,32867.7109375,-73.7109375,73.7109375,5433.302307128906
2001-12-12 12:00:00,32267.0,32228.28125,38.71875,38.71875,1499.1416015625
2001-12-12 13:00:00,32307.0,31863.482421875,443.517578125,443.517578125,196707.84210586548
2001-12-12 14:00:00,32319.0,31973.455078125,345.544921875,345.544921875,119401.29303359985
2001-12-12 15:00:00,32122.0,32412.685546875,-290.685546875,290.685546875,84498.08716201782
2001-12-12 16:00:00,34102.0,33557.52734375,544.47265625,544.47265625,296450.47340393066
2001-12-12 17:00:00,36776.0,36668.16796875,107.83203125,107.83203125,11627.746963500977
2001-12-12 18:00:00,36585.0,36616.078125,-31.078125,31.078125,965.849853515625
2001-12-12 19:00:00,35744.0,36034.5390625,-290.5390625,290.5390625,84412.9468383789
2001-12-12 20:00:00,34931.0,35167.890625,-236.890625,236.890625,56117.168212890625
2001-12-12 21:00:00,33216.0,33489.87109375,-273.87109375,273.87109375,75005.37599182129
2001-12-12 22:00:00,30237.0,30654.240234375,-417.240234375,417.240234375,174089.41318130493
2001-12-12 23:00:00,27073.0,27374.228515625,-301.228515625,301.228515625,90738.61862564087
2001-12-13 00:00:00,24984.0,24883.302734375,100.697265625,100.697265625,10139.939304351807
2001-12-13 01:00:00,23869.0,24111.943359375,-242.943359375,242.943359375,59021.4758644104
2001-12-13 02:00:00,23376.0,23520.3125,-144.3125,144.3125,20826.09765625
2001-12-13 03:00:00,23457.0,23370.857421875,86.142578125,86.142578125,7420.5437660217285
2001-12-13 04:00:00,23987.0,23869.697265625,117.302734375,117.302734375,13759.931491851807
2001-12-13 05:00:00,25895.0,26216.412109375,-321.412109375,321.412109375,103305.74405288696
2001-12-13 06:00:00,29569.0,29550.001953125,18.998046875,18.998046875,360.92578506469727
2001-12-13 07:00:00,32243.0,32132.828125,110.171875,110.171875,12137.842041015625
2001-12-13 08:00:00,32393.0,32498.98046875,-105.98046875,105.98046875,11231.859756469727
2001-12-13 09:00:00,32432.0,32537.48046875,-105.48046875,105.48046875,11126.129287719727
2001-12-13 10:00:00,32691.0,32373.47265625,317.52734375,317.52734375,100823.61402893066
2001-12-13 11:00:00,32488.0,32595.947265625,-107.947265625,107.947265625,11652.612155914307
2001-12-13 12:00:00,32260.0,32104.673828125,155.326171875,155.326171875,24126.21966934204
2001-12-13 13:00:00,32163.0,31856.021484375,306.978515625,306.978515625,94235.80905532837
2001-12-13 14:00:00,31714.0,31904.37890625,-190.37890625,190.37890625,36244.12794494629
2001-12-13 15:00:00,31718.0,32024.96484375,-306.96484375,306.96484375,94227.41529846191
2001-12-13 16:00:00,33289.0,33342.86328125,-53.86328125,53.86328125,2901.2530670166016
2001-12-13 17:00:00,35951.0,35903.66015625,47.33984375,47.33984375,2241.060806274414
2001-12-13 18:00:00,35789.0,36060.3359375,-271.3359375,271.3359375,73623.1909790039
2001-12-13 19:00:00,34983.0,35343.25390625,-360.25390625,360.25390625,129782.87696838379
2001-12-13 20:00:00,34129.0,34859.74609375,-730.74609375,730.74609375,533989.8535308838
2001-12-13 21:00:00,32486.0,32547.443359375,-61.443359375,61.443359375,3775.2864112854004
2001-12-13 22:00:00,29481.0,30120.0078125,-639.0078125,639.0078125,408330.98443603516
2001-12-13 23:00:00,26518.0,27100.5703125,-582.5703125,582.5703125,339388.16900634766
2001-12-14 00:00:00,24121.0,24630.408203125,-509.408203125,509.408203125,259496.71741104126
2001-12-14 01:00:00,22936.0,22987.28125,-51.28125,51.28125,2629.7666015625
2001-12-14 02:00:00,22305.0,22647.55859375,-342.55859375,342.55859375,117346.39015197754
2001-12-14 03:00:00,22116.0,22020.8515625,95.1484375,95.1484375,9053.225158691406
2001-12-14 04:00:00,22578.0,22322.228515625,255.771484375,255.771484375,65419.05221939087
2001-12-14 05:00:00,24552.0,24465.359375,86.640625,86.640625,7506.597900390625
2001-12-14 06:00:00,28587.0,28351.109375,235.890625,235.890625,55644.386962890625
2001-12-14 07:00:00,31280.0,30816.30859375,463.69140625,463.69140625,215009.72023010254
2001-12-14 08:00:00,31750.0,32580.802734375,-830.802734375,830.802734375,690233.1834449768
2001-12-14 09:00:00,32086.0,32241.015625,-155.015625,155.015625,24029.843994140625
2001-12-14 10:00:00,32189.0,32158.958984375,30.041015625,30.041015625,902.4626197814941
2001-12-14 11:00:00,31979.0,31954.53125,24.46875,24.46875,598.7197265625
2001-12-14 12:00:00,31775.0,31451.009765625,323.990234375,323.990234375,104969.67197036743
2001-12-14 13:00:00,31646.0,31577.849609375,68.150390625,68.150390625,4644.475742340088
2001-12-14 14:00:00,31517.0,31353.849609375,163.150390625,163.150390625,26618.049961090088
2001-12-14 15:00:00,31750.0,31374.41796875,375.58203125,375.58203125,141061.86219787598
2001-12-14 16:00:00,32833.0,33086.93359375,-253.93359375,253.93359375,64482.27003479004
2001-12-14 17:00:00,34810.0,34567.98828125,242.01171875,242.01171875,58569.6720123291
2001-12-14 18:00:00,34376.0,34432.24609375,-56.24609375,56.24609375,3163.623062133789
2001-12-14 19:00:00,33303.0,33894.171875,-591.171875,591.171875,349484.1857910156
2001-12-14 20:00:00,32329.0,32654.123046875,-325.123046875,325.123046875,105704.99560928345
2001-12-14 21:00:00,30996.0,30958.60546875,37.39453125,37.39453125,1398.3509674072266
2001-12-14 22:00:00,28721.0,28766.1796875,-45.1796875,45.1796875,2041.2041625976562
2001-12-14 23:00:00,25905.0,26239.607421875,-334.607421875,334.607421875,111962.12677383423
2001-12-15 00:00:00,23705.0,23721.75,-16.75,16.75,280.5625
2001-12-15 01:00:00,22285.0,22789.025390625,-504.025390625,504.025390625,254041.59439468384
2001-12-15 02:00:00,21649.0,21645.140625,3.859375,3.859375,14.894775390625
2001-12-15 03:00:00,21392.0,21299.341796875,92.658203125,92.658203125,8585.54260635376
2001-12-15 04:00:00,21583.0,21276.580078125,306.419921875,306.419921875,93893.1685218811
2001-12-15 05:00:00,22487.0,22137.58984375,349.41015625,349.41015625,122087.45729064941
2001-12-15 06:00:00,23977.0,23683.54296875,293.45703125,293.45703125,86117.02919006348
2001-12-15 07:00:00,25644.0,25839.787109375,-195.787109375,195.787109375,38332.59219741821
2001-12-15 08:00:00,27564.0,27623.8984375,-59.8984375,59.8984375,3587.8228149414062
2001-12-15 09:00:00,28869.0,28721.623046875,147.376953125,147.376953125,21719.966312408447
2001-12-15 10:00:00,29075.0,29182.095703125,-107.095703125,107.095703125,11469.489627838135
2001-12-15 11:00:00,28879.0,28865.345703125,13.654296875,13.654296875,186.43982315063477
2001-12-15 12:00:00,28226.0,28367.595703125,-141.595703125,141.595703125,20049.343143463135
2001-12-15 13:00:00,27599.0,27819.62109375,-220.62109375,220.62109375,48673.66700744629
2001-12-15 14:00:00,26979.0,27228.3828125,-249.3828125,249.3828125,62191.787170410156
2001-12-15 15:00:00,26903.0,26779.8046875,123.1953125,123.1953125,15177.085021972656
2001-12-15 16:00:00,28664.0,28444.01171875,219.98828125,219.98828125,48394.8438873291
2001-12-15 17:00:00,32400.0,31349.416015625,1050.583984375,1050.583984375,1103726.7082252502
2001-12-15 18:00:00,32679.0,32525.951171875,153.048828125,153.048828125,23423.94379043579
2001-12-15 19:00:00,32252.0,31921.78515625,330.21484375,330.21484375,109041.84303283691
2001-12-15 20:00:00,31831.0,31481.251953125,349.748046875,349.748046875,122323.6962928772
2001-12-15 21:00:00,31099.0,30727.939453125,371.060546875,371.060546875,137685.92944717407
2001-12-15 22:00:00,29733.0,29398.9140625,334.0859375,334.0859375,111613.4136352539
2001-12-15 23:00:00,27599.0,27514.18359375,84.81640625,84.81640625,7193.822769165039
2001-12-16 00:00:00,25695.0,25618.95703125,76.04296875,76.04296875,5782.533096313477
2001-12-16 01:00:00,24480.0,24158.767578125,321.232421875,321.232421875,103190.26886367798
2001-12-16 02:00:00,23931.0,23604.076171875,326.923828125,326.923828125,106879.18939590454
2001-12-16 03:00:00,23661.0,23625.818359375,35.181640625,35.181640625,1237.7478370666504
2001-12-16 04:00:00,23993.0,23885.259765625,107.740234375,107.740234375,11607.958103179932
2001-12-16 05:00:00,24574.0,24334.509765625,239.490234375,239.490234375,57355.57236099243
2001-12-16 06:00:00,25734.0,25599.91796875,134.08203125,134.08203125,17977.991104125977
2001-12-16 07:00:00,26695.0,27140.611328125,-445.611328125,445.611328125,198569.45575332642
2001-12-16 08:00:00,28236.0,28296.48828125,-60.48828125,60.48828125,3658.8321685791016
2001-12-16 09:00:00,28956.0,28841.7421875,114.2578125,114.2578125,13054.847717285156
2001-12-16 10:00:00,28770.0,29316.90234375,-546.90234375,546.90234375,299102.17359924316
2001-12-16 11:00:00,28456.0,28265.70703125,190.29296875,190.29296875,36211.41395568848
2001-12-16 12:00:00,28251.0,27840.068359375,410.931640625,410.931640625,168864.81326675415
2001-12-16 13:00:00,27813.0,27606.548828125,206.451171875,206.451171875,42622.08636856079
2001-12-16 14:00:00,27392.0,27033.595703125,358.404296875,358.404296875,128453.64001846313
2001-12-16 15:00:00,27495.0,27531.650390625,-36.650390625,36.650390625,1343.251132965088
2001-12-16 16:00:00,29867.0,29644.189453125,222.810546875,222.810546875,49644.53979873657
2001-12-16 17:00:00,33228.0,33071.3359375,156.6640625,156.6640625,24543.628479003906
2001-12-16 18:00:00,33663.0,33687.79296875,-24.79296875,24.79296875,614.6912994384766
2001-12-16 19:00:00,33466.0,33211.75390625,254.24609375,254.24609375,64641.07618713379
2001-12-16 20:00:00,32989.0,32953.2265625,35.7734375,35.7734375,1279.7388305664062
2001-12-16 21:00:00,31788.0,32239.48828125,-451.48828125,451.48828125,203841.6681060791
2001-12-16 22:00:00,29502.0,30007.201171875,-505.201171875,505.201171875,255228.2240638733
2001-12-16 23:00:00,26755.0,27541.4453125,-786.4453125,786.4453125,618496.2295532227
2001-12-17 00:00:00,24642.0,25053.875,-411.875,411.875,169641.015625
2001-12-17 01:00:00,23656.0,24040.62109375,-384.62109375,384.62109375,147933.3857574463
2001-12-17 02:00:00,23246.0,23485.974609375,-239.974609375,239.974609375,57587.81314468384
2001-12-17 03:00:00,23356.0,23168.376953125,187.623046875,187.623046875,35202.40771865845
2001-12-17 04:00:00,23940.0,23809.787109375,130.212890625,130.212890625,16955.396884918213
2001-12-17 05:00:00,26036.0,25780.734375,255.265625,255.265625,65160.539306640625
2001-12-17 06:00:00,30196.0,29190.21484375,1005.78515625,1005.78515625,1011603.7805328369
2001-12-17 07:00:00,33075.0,33144.1875,-69.1875,69.1875,4786.91015625
2001-12-17 08:00:00,33431.0,33527.6875,-96.6875,96.6875,9348.47265625
2001-12-17 09:00:00,33511.0,33877.5546875,-366.5546875,366.5546875,134362.33892822266
2001-12-17 10:00:00,33958.0,33531.125,426.875,426.875,182222.265625
2001-12-17 11:00:00,33386.0,33885.41015625,-499.41015625,499.41015625,249410.5041656494
2001-12-17 12:00:00,32971.0,32993.5078125,-22.5078125,22.5078125,506.60162353515625
2001-12-17 13:00:00,32754.0,32642.466796875,111.533203125,111.533203125,12439.65539932251
2001-12-17 14:00:00,32339.0,32674.646484375,-335.646484375,335.646484375,112658.56247329712
2001-12-17 15:00:00,32432.0,32566.70703125,-134.70703125,134.70703125,18145.984268188477
2001-12-17 16:00:00,34375.0,33649.421875,725.578125,725.578125,526463.6154785156
2001-12-17 17:00:00,36963.0,36952.26953125,10.73046875,10.73046875,115.14295959472656
2001-12-17 18:00:00,36856.0,37116.0390625,-260.0390625,260.0390625,67620.3140258789
2001-12-17 19:00:00,36071.0,36178.40234375,-107.40234375,107.40234375,11535.263442993164
2001-12-17 20:00:00,35179.0,35587.75,-408.75,408.75,167076.5625
2001-12-17 21:00:00,33429.0,33597.1953125,-168.1953125,168.1953125,28289.663146972656
2001-12-17 22:00:00,30419.0,30861.462890625,-442.462890625,442.462890625,195773.4095802307
2001-12-17 23:00:00,27345.0,27505.490234375,-160.490234375,160.490234375,25757.11532974243
2001-12-18 00:00:00,24640.0,25108.525390625,-468.525390625,468.525390625,219516.04166030884
2001-12-18 01:00:00,23345.0,23679.353515625,-334.353515625,334.353515625,111792.27341079712
2001-12-18 02:00:00,22698.0,23026.349609375,-328.349609375,328.349609375,107813.46597671509
2001-12-18 03:00:00,22465.0,22473.197265625,-8.197265625,8.197265625,67.19516372680664
2001-12-18 04:00:00,22850.0,22816.875,33.125,33.125,1097.265625
2001-12-18 05:00:00,24964.0,24801.3125,162.6875,162.6875,26467.22265625
2001-12-18 06:00:00,29021.0,28800.375,220.625,220.625,48675.390625
2001-12-18 07:00:00,31911.0,31519.642578125,391.357421875,391.357421875,153160.63165664673
2001-12-18 08:00:00,32301.0,32580.548828125,-279.548828125,279.548828125,78147.54730606079
2001-12-18 09:00:00,32495.0,33036.3203125,-541.3203125,541.3203125,293027.68072509766
2001-12-18 10:00:00,32460.0,32765.259765625,-305.259765625,305.259765625,93183.52450942993
2001-12-18 11:00:00,32256.0,32333.625,-77.625,77.625,6025.640625
2001-12-18 12:00:00,31903.0,31873.654296875,29.345703125,29.345703125,861.1702919006348
2001-12-18 13:00:00,31754.0,31642.89453125,111.10546875,111.10546875,12344.425186157227
2001-12-18 14:00:00,31514.0,31494.2421875,19.7578125,19.7578125,390.37115478515625
2001-12-18 15:00:00,31704.0,31635.41015625,68.58984375,68.58984375,4704.566665649414
2001-12-18 16:00:00,33457.0,33461.17578125,-4.17578125,4.17578125,17.437149047851562
2001-12-18 17:00:00,36983.0,35872.85546875,1110.14453125,1110.14453125,1232420.8802642822
2001-12-18 18:00:00,36938.0,37105.34375,-167.34375,167.34375,28003.9306640625
2001-12-18 19:00:00,36389.0,36433.11328125,-44.11328125,44.11328125,1945.9815826416016
2001-12-18 20:00:00,35761.0,35707.6875,53.3125,53.3125,2842.22265625
2001-12-18 21:00:00,34090.0,34417.77734375,-327.77734375,327.77734375,107437.98707580566
2001-12-18 22:00:00,31457.0,31692.318359375,-235.318359375,235.318359375,55374.73025894165
2001-12-18 23:00:00,28315.0,28921.75,-606.75,606.75,368145.5625
2001-12-19 00:00:00,25649.0,26341.970703125,-692.970703125,692.970703125,480208.3953895569
2001-12-19 01:00:00,24596.0,24451.41015625,144.58984375,144.58984375,20906.222915649414
2001-12-19 02:00:00,24212.0,23961.662109375,250.337890625,250.337890625,62669.05948257446
2001-12-19 03:00:00,24118.0,23977.576171875,140.423828125,140.423828125,19718.85150527954
2001-12-19 04:00:00,24683.0,24695.2734375,-12.2734375,12.2734375,150.63726806640625
2001-12-19 05:00:00,27104.0,26732.927734375,371.072265625,371.072265625,137694.62631607056
2001-12-19 06:00:00,31230.0,30786.25390625,443.74609375,443.74609375,196910.5957183838
2001-12-19 07:00:00,33565.0,33860.5703125,-295.5703125,295.5703125,87361.80963134766
2001-12-19 08:00:00,33417.0,34004.203125,-587.203125,587.203125,344807.5100097656
2001-12-19 09:00:00,32982.0,32973.5234375,8.4765625,8.4765625,71.85211181640625
2001-12-19 10:00:00,32658.0,32705.90625,-47.90625,47.90625,2295.0087890625
2001-12-19 11:00:00,31947.0,32245.4140625,-298.4140625,298.4140625,89050.9526977539
2001-12-19 12:00:00,31266.0,31363.423828125,-97.423828125,97.423828125,9491.402286529541
2001-12-19 13:00:00,30930.0,30866.0234375,63.9765625,63.9765625,4093.0005493164062
2001-12-19 14:00:00,30477.0,30610.943359375,-133.943359375,133.943359375,17940.8235206604
2001-12-19 15:00:00,30533.0,30699.994140625,-166.994140625,166.994140625,27887.043003082275
2001-12-19 16:00:00,32027.0,31985.4453125,41.5546875,41.5546875,1726.7920532226562
2001-12-19 17:00:00,36033.0,35462.23828125,570.76171875,570.76171875,325768.9395904541
2001-12-19 18:00:00,36376.0,35945.5703125,430.4296875,430.4296875,185269.71588134766
2001-12-19 19:00:00,35703.0,35571.77734375,131.22265625,131.22265625,17219.385513305664
2001-12-19 20:00:00,35197.0,35136.1953125,60.8046875,60.8046875,3697.2100219726562
2001-12-19 21:00:00,33794.0,33738.625,55.375,55.375,3066.390625
2001-12-19 22:00:00,31137.0,31331.525390625,-194.525390625,194.525390625,37840.12759780884
2001-12-19 23:00:00,28020.0,28538.712890625,-518.712890625,518.712890625,269063.0629005432
2001-12-20 00:00:00,25552.0,25725.658203125,-173.658203125,173.658203125,30157.17151260376
2001-12-20 01:00:00,24529.0,24579.3125,-50.3125,50.3125,2531.34765625
2001-12-20 02:00:00,24018.0,24092.857421875,-74.857421875,74.857421875,5603.6336097717285
2001-12-20 03:00:00,23909.0,23848.080078125,60.919921875,60.919921875,3711.2368812561035
2001-12-20 04:00:00,24498.0,24435.78515625,62.21484375,62.21484375,3870.686782836914
2001-12-20 05:00:00,26709.0,26762.306640625,-53.306640625,53.306640625,2841.5979347229004
2001-12-20 06:00:00,30923.0,30398.63671875,524.36328125,524.36328125,274956.8507232666
2001-12-20 07:00:00,33384.0,33458.55859375,-74.55859375,74.55859375,5558.983901977539
2001-12-20 08:00:00,33701.0,33298.19921875,402.80078125,402.80078125,162248.46937561035
2001-12-20 09:00:00,33513.0,33551.5625,-38.5625,38.5625,1487.06640625
2001-12-20 10:00:00,33375.0,33294.98828125,80.01171875,80.01171875,6401.875137329102
2001-12-20 11:00:00,33123.0,33009.82421875,113.17578125,113.17578125,12808.757461547852
2001-12-20 12:00:00,32589.0,32763.279296875,-174.279296875,174.279296875,30373.273319244385
2001-12-20 13:00:00,32504.0,32422.109375,81.890625,81.890625,6706.074462890625
2001-12-20 14:00:00,32165.0,32235.556640625,-70.556640625,70.556640625,4978.2395362854
2001-12-20 15:00:00,32423.0,32147.814453125,275.185546875,275.185546875,75727.08520889282
2001-12-20 16:00:00,34020.0,34018.875,1.125,1.125,1.265625
2001-12-20 17:00:00,37717.0,36399.15234375,1317.84765625,1317.84765625,1736722.4450836182
2001-12-20 18:00:00,37982.0,37353.265625,628.734375,628.734375,395306.9143066406
2001-12-20 19:00:00,37508.0,37570.83203125,-62.83203125,62.83203125,3947.8641510009766
2001-12-20 20:00:00,36894.0,37056.0703125,-162.0703125,162.0703125,26266.786193847656
2001-12-20 21:00:00,35561.0,36115.3046875,-554.3046875,554.3046875,307253.68658447266
2001-12-20 22:00:00,33116.0,32859.66015625,256.33984375,256.33984375,65710.11549377441
2001-12-20 23:00:00,29793.0,30486.845703125,-693.845703125,693.845703125,481421.85974502563
2001-12-21 00:00:00,27364.0,27313.73046875,50.26953125,50.26953125,2527.0257720947266
2001-12-21 01:00:00,26104.0,26285.744140625,-181.744140625,181.744140625,33030.932651519775
2001-12-21 02:00:00,25547.0,25636.916015625,-89.916015625,89.916015625,8084.889865875244
2001-12-21 03:00:00,25359.0,25496.021484375,-137.021484375,137.021484375,18774.88718032837
2001-12-21 04:00:00,25897.0,25934.90234375,-37.90234375,37.90234375,1436.587661743164
2001-12-21 05:00:00,27998.0,27672.00390625,325.99609375,325.99609375,106273.45314025879
2001-12-21 06:00:00,31932.0,31634.982421875,297.017578125,297.017578125,88219.44171524048
2001-12-21 07:00:00,34194.0,34154.3828125,39.6171875,39.6171875,1569.5215454101562
2001-12-21 08:00:00,34249.0,34611.51953125,-362.51953125,362.51953125,131420.41053771973
2001-12-21 09:00:00,33912.0,33854.41015625,57.58984375,57.58984375,3316.590103149414
2001-12-21 10:00:00,33700.0,33673.4453125,26.5546875,26.5546875,705.1514282226562
2001-12-21 11:00:00,33093.0,33325.7265625,-232.7265625,232.7265625,54161.652893066406
2001-12-21 12:00:00,32330.0,32469.4140625,-139.4140625,139.4140625,19436.280822753906
2001-12-21 13:00:00,31854.0,31806.921875,47.078125,47.078125,2216.349853515625
2001-12-21 14:00:00,31378.0,31354.71875,23.28125,23.28125,542.0166015625
2001-12-21 15:00:00,31274.0,31201.62890625,72.37109375,72.37109375,5237.575210571289
2001-12-21 16:00:00,32858.0,32599.9375,258.0625,258.0625,66596.25390625
2001-12-21 17:00:00,36734.0,35873.43359375,860.56640625,860.56640625,740574.53956604
2001-12-21 18:00:00,36873.0,37125.1328125,-252.1328125,252.1328125,63570.955139160156
2001-12-21 19:00:00,36206.0,36338.4296875,-132.4296875,132.4296875,17537.622131347656
2001-12-21 20:00:00,35461.0,35636.1875,-175.1875,175.1875,30690.66015625
2001-12-21 21:00:00,34178.0,34532.1015625,-354.1015625,354.1015625,125387.9165649414
2001-12-21 22:00:00,32248.0,32074.025390625,173.974609375,173.974609375,30267.164707183838
2001-12-21 23:00:00,29651.0,29860.72265625,-209.72265625,209.72265625,43983.592544555664
2001-12-22 00:00:00,27377.0,27388.583984375,-11.583984375,11.583984375,134.18869400024414
2001-12-22 01:00:00,26051.0,26235.41796875,-184.41796875,184.41796875,34009.98719787598
2001-12-22 02:00:00,25852.0,25357.822265625,494.177734375,494.177734375,244211.63315200806
2001-12-22 03:00:00,25807.0,25610.443359375,196.556640625,196.556640625,38634.5129737854
2001-12-22 04:00:00,25841.0,26400.634765625,-559.634765625,559.634765625,313191.0708961487
2001-12-22 05:00:00,26616.0,26567.484375,48.515625,48.515625,2353.765869140625
2001-12-22 06:00:00,27990.0,28289.58203125,-299.58203125,299.58203125,89749.39344787598
2001-12-22 07:00:00,29253.0,29745.533203125,-492.533203125,492.533203125,242588.9561805725
2001-12-22 08:00:00,30638.0,30221.322265625,416.677734375,416.677734375,173620.33432388306
2001-12-22 09:00:00,31223.0,31608.74609375,-385.74609375,385.74609375,148800.0488433838
2001-12-22 10:00:00,30984.0,31410.638671875,-426.638671875,426.638671875,182020.55633926392
2001-12-22 11:00:00,30174.0,30545.541015625,-371.541015625,371.541015625,138042.7262916565
2001-12-22 12:00:00,29249.0,29243.998046875,5.001953125,5.001953125,25.019535064697266
2001-12-22 13:00:00,28384.0,28346.029296875,37.970703125,37.970703125,1441.7742958068848
2001-12-22 14:00:00,27817.0,27607.060546875,209.939453125,209.939453125,44074.57397842407
2001-12-22 15:00:00,27686.0,27652.92578125,33.07421875,33.07421875,1093.9039459228516
2001-12-22 16:00:00,29525.0,29248.458984375,276.541015625,276.541015625,76474.9333229065
2001-12-22 17:00:00,33430.0,32808.98828125,621.01171875,621.01171875,385655.5548248291
2001-12-22 18:00:00,33821.0,33657.6875,163.3125,163.3125,26670.97265625
2001-12-22 19:00:00,33564.0,33070.53125,493.46875,493.46875,243511.4072265625
2001-12-22 20:00:00,33192.0,32849.6953125,342.3046875,342.3046875,117172.49908447266
2001-12-22 21:00:00,32340.0,32200.869140625,139.130859375,139.130859375,19357.396030426025
2001-12-22 22:00:00,31189.0,30999.3515625,189.6484375,189.6484375,35966.529846191406
2001-12-22 23:00:00,29426.0,29462.296875,-36.296875,36.296875,1317.463134765625
2001-12-23 00:00:00,27141.0,27660.8671875,-519.8671875,519.8671875,270261.89263916016
2001-12-23 01:00:00,25425.0,26056.369140625,-631.369140625,631.369140625,398626.991733551
2001-12-23 02:00:00,24901.0,24719.58984375,181.41015625,181.41015625,32909.644790649414
2001-12-23 03:00:00,24633.0,24529.275390625,103.724609375,103.724609375,10758.794589996338
2001-12-23 04:00:00,24684.0,24628.478515625,55.521484375,55.521484375,3082.635227203369
2001-12-23 05:00:00,25327.0,25178.94921875,148.05078125,148.05078125,21919.03382873535
2001-12-23 06:00:00,26357.0,26556.005859375,-199.005859375,199.005859375,39603.332065582275
2001-12-23 07:00:00,27471.0,27627.41796875,-156.41796875,156.41796875,24466.580947875977
2001-12-23 08:00:00,28661.0,29190.181640625,-529.181640625,529.181640625,280033.20877456665
2001-12-23 09:00:00,28931.0,29787.943359375,-856.943359375,856.943359375,734351.9211769104
2001-12-23 10:00:00,28564.0,29042.041015625,-478.041015625,478.041015625,228523.2126197815
2001-12-23 11:00:00,27879.0,28322.44140625,-443.44140625,443.44140625,196640.28077697754
2001-12-23 12:00:00,27441.0,27660.9453125,-219.9453125,219.9453125,48375.940490722656
2001-12-23 13:00:00,26971.0,26868.748046875,102.251953125,102.251953125,10455.461917877197
2001-12-23 14:00:00,26666.0,26386.884765625,279.115234375,279.115234375,77905.31406021118
2001-12-23 15:00:00,26989.0,26897.484375,91.515625,91.515625,8375.109619140625
2001-12-23 16:00:00,29163.0,28933.41015625,229.58984375,229.58984375,52711.496353149414
2001-12-23 17:00:00,32119.0,32081.015625,37.984375,37.984375,1442.812744140625
2001-12-23 18:00:00,32279.0,32385.65234375,-106.65234375,106.65234375,11374.722427368164
2001-12-23 19:00:00,31896.0,31944.705078125,-48.705078125,48.705078125,2372.1846351623535
2001-12-23 20:00:00,31354.0,31548.591796875,-194.591796875,194.591796875,37865.96741104126
2001-12-23 21:00:00,30407.0,30588.193359375,-181.193359375,181.193359375,32831.0334815979
2001-12-23 22:00:00,28523.0,28594.419921875,-71.419921875,71.419921875,5100.8052406311035
2001-12-23 23:00:00,26125.0,26314.8359375,-189.8359375,189.8359375,36037.683166503906
2001-12-24 00:00:00,23811.0,24588.064453125,-777.064453125,777.064453125,603829.1643104553
2001-12-24 01:00:00,22421.0,23030.388671875,-609.388671875,609.388671875,371354.5534095764
2001-12-24 02:00:00,21629.0,22373.814453125,-744.814453125,744.814453125,554748.5695838928
2001-12-24 03:00:00,21678.0,21713.216796875,-35.216796875,35.216796875,1240.2227821350098
2001-12-24 04:00:00,21634.0,21991.662109375,-357.662109375,357.662109375,127922.18448257446
2001-12-24 05:00:00,22770.0,23090.15625,-320.15625,320.15625,102500.0244140625
2001-12-24 06:00:00,24686.0,26184.8203125,-1498.8203125,1498.8203125,2246462.3291625977
2001-12-24 07:00:00,26463.0,28253.974609375,-1790.974609375,1790.974609375,3207590.051425934
2001-12-24 08:00:00,27988.0,29464.12890625,-1476.12890625,1476.12890625,2178956.5478668213
2001-12-24 09:00:00,29121.0,29171.498046875,-50.498046875,50.498046875,2550.0527381896973
2001-12-24 10:00:00,29263.0,29791.72265625,-528.72265625,528.72265625,279547.64723205566
2001-12-24 11:00:00,28937.0,29044.541015625,-107.541015625,107.541015625,11565.070041656494
2001-12-24 12:00:00,28370.0,28563.732421875,-193.732421875,193.732421875,37532.25128555298
2001-12-24 13:00:00,27817.0,28497.28125,-680.28125,680.28125,462782.5791015625
2001-12-24 14:00:00,27612.0,27921.970703125,-309.970703125,309.970703125,96081.83679580688
2001-12-24 15:00:00,27584.0,28133.072265625,-549.072265625,549.072265625,301480.35287857056
2001-12-24 16:00:00,29106.0,28776.1171875,329.8828125,329.8828125,108822.66998291016
2001-12-24 17:00:00,32592.0,31496.669921875,1095.330078125,1095.330078125,1199747.9800453186
2001-12-24 18:00:00,32211.0,32824.90234375,-613.90234375,613.90234375,376876.08766174316
2001-12-24 19:00:00,31251.0,32097.91015625,-846.91015625,846.91015625,717256.8127593994
2001-12-24 20:00:00,30846.0,31010.78515625,-164.78515625,164.78515625,27154.147720336914
2001-12-24 21:00:00,30568.0,30044.771484375,523.228515625,523.228515625,273768.07956314087
2001-12-24 22:00:00,29717.0,28547.623046875,1169.376953125,1169.376953125,1367442.4584999084
2001-12-24 23:00:00,28106.0,26936.541015625,1169.458984375,1169.458984375,1367634.3161354065
2001-12-25 00:00:00,26466.0,25888.05078125,577.94921875,577.94921875,334025.29945373535
2001-12-25 01:00:00,25154.0,25183.943359375,-29.943359375,29.943359375,896.6047706604004
2001-12-25 02:00:00,24415.0,24157.818359375,257.181640625,257.181640625,66142.39627456665
2001-12-25 03:00:00,24156.0,24010.57421875,145.42578125,145.42578125,21148.65785217285
2001-12-25 04:00:00,24300.0,24342.68359375,-42.68359375,42.68359375,1821.889175415039
2001-12-25 05:00:00,24975.0,25364.955078125,-389.955078125,389.955078125,152064.96295547485
2001-12-25 06:00:00,26130.0,26976.306640625,-846.306640625,846.306640625,716234.9299659729
2001-12-25 07:00:00,27211.0,27556.73046875,-345.73046875,345.73046875,119529.55702209473
2001-12-25 08:00:00,28191.0,29172.91015625,-981.91015625,981.91015625,964147.5549468994
2001-12-25 09:00:00,28909.0,28541.365234375,367.634765625,367.634765625,135155.32089614868
2001-12-25 10:00:00,28811.0,29148.158203125,-337.158203125,337.158203125,113675.65393447876
2001-12-25 11:00:00,28259.0,28533.060546875,-274.060546875,274.060546875,75109.18335342407
2001-12-25 12:00:00,27366.0,27632.537109375,-266.537109375,266.537109375,71042.03067398071
2001-12-25 13:00:00,26864.0,26678.8359375,185.1640625,185.1640625,34285.730041503906
2001-12-25 14:00:00,25667.0,26140.30078125,-473.30078125,473.30078125,224013.62953186035
2001-12-25 15:00:00,25709.0,25339.169921875,369.830078125,369.830078125,136774.2866859436
2001-12-25 16:00:00,27226.0,27134.259765625,91.740234375,91.740234375,8416.270603179932
2001-12-25 17:00:00,29990.0,29354.392578125,635.607421875,635.607421875,403996.7947425842
2001-12-25 18:00:00,30362.0,30411.318359375,-49.318359375,49.318359375,2432.3005714416504
2001-12-25 19:00:00,30510.0,30226.11328125,283.88671875,283.88671875,80591.6690826416
2001-12-25 20:00:00,30692.0,30190.748046875,501.251953125,501.251953125,251253.5205116272
2001-12-25 21:00:00,30230.0,30053.396484375,176.603515625,176.603515625,31188.80173110962
2001-12-25 22:00:00,28868.0,28846.513671875,21.486328125,21.486328125,461.662296295166
2001-12-25 23:00:00,26833.0,27107.265625,-274.265625,274.265625,75221.63305664062
2001-12-26 00:00:00,25144.0,24824.13671875,319.86328125,319.86328125,102312.5186920166
2001-12-26 01:00:00,24246.0,23987.294921875,258.705078125,258.705078125,66928.31744766235
2001-12-26 02:00:00,23839.0,23917.41796875,-78.41796875,78.41796875,6149.377822875977
2001-12-26 03:00:00,23820.0,23706.861328125,113.138671875,113.138671875,12800.359073638916
2001-12-26 04:00:00,24564.0,24289.90234375,274.09765625,274.09765625,75129.52516174316
2001-12-26 05:00:00,26255.0,26145.466796875,109.533203125,109.533203125,11997.52258682251
2001-12-26 06:00:00,28981.0,29570.763671875,-589.763671875,589.763671875,347821.18866348267
2001-12-26 07:00:00,31268.0,30841.083984375,426.916015625,426.916015625,182257.28439712524
2001-12-26 08:00:00,32455.0,31798.96875,656.03125,656.03125,430377.0009765625
2001-12-26 09:00:00,33188.0,32141.65234375,1046.34765625,1046.34765625,1094843.4177398682
2001-12-26 10:00:00,33274.0,32916.77734375,357.22265625,357.22265625,127608.02613830566
2001-12-26 11:00:00,33192.0,32522.4453125,669.5546875,669.5546875,448303.47955322266
2001-12-26 12:00:00,32620.0,32740.0390625,-120.0390625,120.0390625,14409.376525878906
2001-12-26 13:00:00,32088.0,32111.56640625,-23.56640625,23.56640625,555.3755035400391
2001-12-26 14:00:00,31577.0,31847.33984375,-270.33984375,270.33984375,73083.63111877441
2001-12-26 15:00:00,31453.0,31279.685546875,173.314453125,173.314453125,30037.899662017822
2001-12-26 16:00:00,33083.0,32423.3203125,659.6796875,659.6796875,435177.29010009766
2001-12-26 17:00:00,37104.0,35078.21484375,2025.78515625,2025.78515625,4103805.499282837
2001-12-26 18:00:00,37531.0,37036.61328125,494.38671875,494.38671875,244418.2276763916
2001-12-26 19:00:00,37000.0,36803.765625,196.234375,196.234375,38507.929931640625
2001-12-26 20:00:00,36376.0,36630.40625,-254.40625,254.40625,64722.5400390625
2001-12-26 21:00:00,35099.0,34940.18359375,158.81640625,158.81640625,25222.65089416504
2001-12-26 22:00:00,32732.0,32595.431640625,136.568359375,136.568359375,18650.91678237915
2001-12-26 23:00:00,30328.0,30114.65625,213.34375,213.34375,45515.5556640625
2001-12-27 00:00:00,28332.0,28078.52734375,253.47265625,253.47265625,64248.387466430664
2001-12-27 01:00:00,27329.0,27377.60546875,-48.60546875,48.60546875,2362.4915924072266
2001-12-27 02:00:00,26986.0,26829.142578125,156.857421875,156.857421875,24604.25079727173
2001-12-27 03:00:00,27009.0,26804.076171875,204.923828125,204.923828125,41993.77533340454
2001-12-27 04:00:00,27555.0,27304.36328125,250.63671875,250.63671875,62818.7647857666
2001-12-27 05:00:00,29332.0,29212.060546875,119.939453125,119.939453125,14385.472415924072
2001-12-27 06:00:00,32132.0,32372.025390625,-240.025390625,240.025390625,57612.18814468384
2001-12-27 07:00:00,33888.0,34816.2265625,-928.2265625,928.2265625,861604.5513305664
2001-12-27 08:00:00,34827.0,34703.1328125,123.8671875,123.8671875,15343.080139160156
2001-12-27 09:00:00,34997.0,34624.015625,372.984375,372.984375,139117.34399414062
2001-12-27 10:00:00,35021.0,34924.70703125,96.29296875,96.29296875,9272.335830688477
2001-12-27 11:00:00,34786.0,34533.15625,252.84375,252.84375,63929.9619140625
2001-12-27 12:00:00,34341.0,34106.64453125,234.35546875,234.35546875,54922.48573303223
2001-12-27 13:00:00,34121.0,33825.37109375,295.62890625,295.62890625,87396.45021057129
2001-12-27 14:00:00,33726.0,33722.734375,3.265625,3.265625,10.664306640625
2001-12-27 15:00:00,33546.0,33792.9296875,-246.9296875,246.9296875,60974.270568847656
2001-12-27 16:00:00,34757.0,34627.85546875,129.14453125,129.14453125,16678.309951782227
2001-12-27 17:00:00,38391.0,36747.43359375,1643.56640625,1643.56640625,2701310.53175354
2001-12-27 18:00:00,38743.0,38522.86328125,220.13671875,220.13671875,48460.1749420166
2001-12-27 19:00:00,37919.0,37902.0859375,16.9140625,16.9140625,286.08551025390625
2001-12-27 20:00:00,37161.0,37428.7734375,-267.7734375,267.7734375,71702.6138305664
2001-12-27 21:00:00,35743.0,36101.7265625,-358.7265625,358.7265625,128684.7466430664
2001-12-27 22:00:00,33252.0,33542.53125,-290.53125,290.53125,84408.4072265625
2001-12-27 23:00:00,30659.0,30617.138671875,41.861328125,41.861328125,1752.370792388916
2001-12-28 00:00:00,28511.0,28434.361328125,76.638671875,76.638671875,5873.486026763916
2001-12-28 01:00:00,27574.0,27264.033203125,309.966796875,309.966796875,96079.41516494751
2001-12-28 02:00:00,27139.0,26721.763671875,417.236328125,417.236328125,174086.15350723267
2001-12-28 03:00:00,27198.0,27213.044921875,-15.044921875,15.044921875,226.34967422485352
2001-12-28 04:00:00,27772.0,27890.548828125,-118.548828125,118.548828125,14053.824649810791
2001-12-28 05:00:00,29414.0,29591.404296875,-177.404296875,177.404296875,31472.284549713135
2001-12-28 06:00:00,32066.0,32076.96875,-10.96875,10.96875,120.3134765625
2001-12-28 07:00:00,33942.0,34686.2421875,-744.2421875,744.2421875,553896.4336547852
2001-12-28 08:00:00,34705.0,34784.58984375,-79.58984375,79.58984375,6334.543228149414
2001-12-28 09:00:00,35134.0,34515.7421875,618.2578125,618.2578125,382242.72271728516
2001-12-28 10:00:00,35049.0,34779.796875,269.203125,269.203125,72470.32250976562
2001-12-28 11:00:00,34415.0,34668.76953125,-253.76953125,253.76953125,64398.97499084473
2001-12-28 12:00:00,33481.0,33869.984375,-388.984375,388.984375,151308.84399414062
2001-12-28 13:00:00,32985.0,33085.71875,-100.71875,100.71875,10144.2666015625
2001-12-28 14:00:00,32639.0,32508.84765625,130.15234375,130.15234375,16939.632583618164
2001-12-28 15:00:00,32490.0,32348.10546875,141.89453125,141.89453125,20134.057998657227
2001-12-28 16:00:00,33859.0,33558.8671875,300.1328125,300.1328125,90079.70513916016
2001-12-28 17:00:00,36840.0,36484.82421875,355.17578125,355.17578125,126149.83558654785
2001-12-28 18:00:00,36773.0,37057.828125,-284.828125,284.828125,81127.06079101562
2001-12-28 19:00:00,35941.0,36106.73828125,-165.73828125,165.73828125,27469.1778717041
2001-12-28 20:00:00,35138.0,35204.734375,-66.734375,66.734375,4453.476806640625
2001-12-28 21:00:00,33979.0,34126.13671875,-147.13671875,147.13671875,21649.2140045166
2001-12-28 22:00:00,32054.0,32066.15234375,-12.15234375,12.15234375,147.67945861816406
2001-12-28 23:00:00,29997.0,29886.591796875,110.408203125,110.408203125,12189.97131729126
2001-12-29 00:00:00,27925.0,28017.583984375,-92.583984375,92.583984375,8571.794162750244
2001-12-29 01:00:00,26721.0,26631.412109375,89.587890625,89.587890625,8025.990146636963
2001-12-29 02:00:00,26111.0,26064.578125,46.421875,46.421875,2154.990478515625
2001-12-29 03:00:00,25832.0,26064.0859375,-232.0859375,232.0859375,53863.882385253906
2001-12-29 04:00:00,25867.0,25648.142578125,218.857421875,218.857421875,47898.57110977173
2001-12-29 05:00:00,26404.0,26518.923828125,-114.923828125,114.923828125,13207.486270904541
2001-12-29 06:00:00,27381.0,27646.84765625,-265.84765625,265.84765625,70674.97633361816
2001-12-29 07:00:00,28609.0,28615.55078125,-6.55078125,6.55078125,42.91273498535156
2001-12-29 08:00:00,30073.0,30411.7109375,-338.7109375,338.7109375,114725.0991821289
2001-12-29 09:00:00,31518.0,31516.45703125,1.54296875,1.54296875,2.3807525634765625
2001-12-29 10:00:00,31890.0,32357.171875,-467.171875,467.171875,218249.56079101562
2001-12-29 11:00:00,31296.0,31591.693359375,-295.693359375,295.693359375,87434.5627784729
2001-12-29 12:00:00,30422.0,30263.41015625,158.58984375,158.58984375,25150.738540649414
2001-12-29 13:00:00,29566.0,29570.888671875,-4.888671875,4.888671875,23.899112701416016
2001-12-29 14:00:00,29046.0,28837.912109375,208.087890625,208.087890625,43300.57022476196
2001-12-29 15:00:00,29101.0,28912.021484375,188.978515625,188.978515625,35712.87936782837
2001-12-29 16:00:00,30710.0,30426.78515625,283.21484375,283.21484375,80210.64772033691
2001-12-29 17:00:00,34092.0,33079.45703125,1012.54296875,1012.54296875,1025243.2635650635
2001-12-29 18:00:00,34788.0,34475.0859375,312.9140625,312.9140625,97915.2105102539
2001-12-29 19:00:00,34604.0,34151.8359375,452.1640625,452.1640625,204452.3394165039
2001-12-29 20:00:00,34216.0,34086.0390625,129.9609375,129.9609375,16889.845275878906
2001-12-29 21:00:00,33411.0,33485.22265625,-74.22265625,74.22265625,5509.002700805664
2001-12-29 22:00:00,32058.0,32126.857421875,-68.857421875,68.857421875,4741.3445472717285
2001-12-29 23:00:00,30080.0,29917.109375,162.890625,162.890625,26533.355712890625
2001-12-30 00:00:00,28326.0,28169.474609375,156.525390625,156.525390625,24500.197910308838
2001-12-30 01:00:00,27362.0,27001.173828125,360.826171875,360.826171875,130195.52630996704
2001-12-30 02:00:00,27108.0,26672.783203125,435.216796875,435.216796875,189413.660282135
2001-12-30 03:00:00,26865.0,27087.98046875,-222.98046875,222.98046875,49720.28944396973
2001-12-30 04:00:00,26808.0,26817.978515625,-9.978515625,9.978515625,99.57077407836914
2001-12-30 05:00:00,27352.0,27122.765625,229.234375,229.234375,52548.398681640625
2001-12-30 06:00:00,28403.0,28452.298828125,-49.298828125,49.298828125,2430.374454498291
2001-12-30 07:00:00,29305.0,29539.1796875,-234.1796875,234.1796875,54840.126037597656
2001-12-30 08:00:00,30329.0,30229.1875,99.8125,99.8125,9962.53515625
2001-12-30 09:00:00,31206.0,30918.13671875,287.86328125,287.86328125,82865.2686920166
2001-12-30 10:00:00,31460.0,31398.0078125,61.9921875,61.9921875,3843.0313110351562
2001-12-30 11:00:00,31384.0,31166.216796875,217.783203125,217.783203125,47429.52356338501
2001-12-30 12:00:00,31058.0,31132.65234375,-74.65234375,74.65234375,5572.972427368164
2001-12-30 13:00:00,30583.0,30735.35546875,-152.35546875,152.35546875,23212.188858032227
2001-12-30 14:00:00,30150.0,30252.318359375,-102.318359375,102.318359375,10469.04666519165
2001-12-30 15:00:00,30235.0,30018.37109375,216.62890625,216.62890625,46928.08302307129
2001-12-30 16:00:00,31981.0,31751.45703125,229.54296875,229.54296875,52689.97450256348
2001-12-30 17:00:00,35848.0,34594.0390625,1253.9609375,1253.9609375,1572418.032775879
2001-12-30 18:00:00,36532.0,36209.65234375,322.34765625,322.34765625,103908.01148986816
2001-12-30 19:00:00,36353.0,36245.56640625,107.43359375,107.43359375,11541.977066040039
2001-12-30 20:00:00,35974.0,35786.68359375,187.31640625,187.31640625,35087.43605041504
2001-12-30 21:00:00,34979.0,34823.9921875,155.0078125,155.0078125,24027.421936035156
2001-12-30 22:00:00,33331.0,33217.94921875,113.05078125,113.05078125,12780.479141235352
2001-12-30 23:00:00,31014.0,31590.18359375,-576.18359375,576.18359375,331987.53370666504
2001-12-31 00:00:00,29001.0,29237.978515625,-236.978515625,236.978515625,56158.81686782837
2001-12-31 01:00:00,28138.0,28231.166015625,-93.166015625,93.166015625,8679.906467437744
2001-12-31 02:00:00,27830.0,27676.810546875,153.189453125,153.189453125,23467.008548736572
2001-12-31 03:00:00,27874.0,27757.78125,116.21875,116.21875,13506.7978515625
2001-12-31 04:00:00,28427.0,28538.099609375,-111.099609375,111.099609375,12343.123203277588
2001-12-31 05:00:00,29688.0,30260.09765625,-572.09765625,572.09765625,327295.72828674316
2001-12-31 06:00:00,31942.0,32558.41015625,-616.41015625,616.41015625,379961.4807281494
2001-12-31 07:00:00,33380.0,34916.71875,-1536.71875,1536.71875,2361504.5166015625
2001-12-31 08:00:00,34339.0,34660.0,-321.0,321.0,103041.0
2001-12-31 09:00:00,34757.0,34797.36328125,-40.36328125,40.36328125,1629.1944732666016
2001-12-31 10:00:00,34970.0,34458.01953125,511.98046875,511.98046875,262124.00038146973
2001-12-31 11:00:00,34428.0,34383.9765625,44.0234375,44.0234375,1938.0630493164062
2001-12-31 12:00:00,33642.0,33748.84375,-106.84375,106.84375,11415.5869140625
2001-12-31 13:00:00,32719.0,33140.96484375,-421.96484375,421.96484375,178054.3293609619
2001-12-31 14:00:00,31941.0,32584.958984375,-643.958984375,643.958984375,414683.1735572815
2001-12-31 15:00:00,31759.0,31961.0703125,-202.0703125,202.0703125,40832.411193847656
2001-12-31 16:00:00,33587.0,32877.76171875,709.23828125,709.23828125,503018.9395904541
2001-12-31 17:00:00,37568.0,36083.4296875,1484.5703125,1484.5703125,2203949.0127563477
2001-12-31 18:00:00,37570.0,37983.984375,-413.984375,413.984375,171383.06274414062
2001-12-31 19:00:00,36392.0,36912.02734375,-520.02734375,520.02734375,270428.43824768066
2001-12-31 20:00:00,35082.0,35609.0234375,-527.0234375,527.0234375,277753.7036743164
2001-12-31 21:00:00,33890.0,34203.75,-313.75,313.75,98439.0625
2001-12-31 22:00:00,32590.0,31521.1796875,1068.8203125,1068.8203125,1142376.8604125977
2001-12-31 23:00:00,31569.0,30190.7734375,1378.2265625,1378.2265625,1899508.4575805664
